geo,predictor,processing,max_abs_ccf,lag_at_max_abs,ccf_at_lag0
MX,dengue,processed,0.8257488469015077,0,0.8257488469015077
MX,dengue,raw,0.8596439166720062,0,0.8596439166720062
MX,mosquito,processed,0.2711396291926233,11,-0.03477245254518361
MX,mosquito,raw,0.6249239538625065,2,0.5935116808051185
MX,sintomas_de_dengue,processed,0.24896000576471167,3,0.17541042300526008
MX,sintomas_de_dengue,raw,0.6648520093544126,0,0.6648520093544126
