date,iso3,mean_precipitation_mm
1990-01-01,MEX,0.6555283773741645
1990-01-02,MEX,0.2603509737055391
1990-01-03,MEX,0.18264625453100605
1990-01-04,MEX,0.03752022244214926
1990-01-05,MEX,0.22864466869446712
1990-01-06,MEX,0.7925842136552447
1990-01-07,MEX,0.2554829803371914
1990-01-08,MEX,0.33299370463232236
1990-01-09,MEX,0.0705742913406526
1990-01-10,MEX,0.2080411978613838
1990-01-11,MEX,0.22930109328107315
1990-01-12,MEX,0.4487812567825205
1990-01-13,MEX,0.7989584041783436
1990-01-14,MEX,0.22850029649073014
1990-01-15,MEX,0.19214877666104158
1990-01-16,MEX,0.15154418263168043
1990-01-17,MEX,0.23685580807291917
1990-01-18,MEX,0.30526128020588644
1990-01-19,MEX,0.12374987102853065
1990-01-20,MEX,0.046958948423306494
1990-01-21,MEX,0.18343925672157893
1990-01-22,MEX,0.3762315316923286
1990-01-23,MEX,0.23264586478931965
1990-01-24,MEX,0.0514123582971137
1990-01-25,MEX,0.28167672421823303
1990-01-26,MEX,0.5313270793025826
1990-01-27,MEX,0.10198725868911876
1990-01-28,MEX,0.07621269425454913
1990-01-29,MEX,0.18711904212037472
1990-01-30,MEX,0.09609255287060098
1990-01-31,MEX,0.21715896239957735
1990-02-01,MEX,0.5757427215935637
1990-02-02,MEX,0.12505867394498021
1990-02-03,MEX,0.057427188451066785
1990-02-04,MEX,0.5113099045573636
1990-02-05,MEX,0.5652600217963258
1990-02-06,MEX,0.41882106587579476
1990-02-07,MEX,0.2835930123497648
1990-02-08,MEX,0.27808979960217
1990-02-09,MEX,0.10076462799852197
1990-02-10,MEX,0.041148583759415505
1990-02-11,MEX,0.22050222431030325
1990-02-12,MEX,0.21411459444519
1990-02-13,MEX,0.08876865862703508
1990-02-14,MEX,0.7797538649322405
1990-02-15,MEX,0.650623148195107
1990-02-16,MEX,0.16186582353981308
1990-02-17,MEX,0.7295322081467341
1990-02-18,MEX,0.7034701193238868
1990-02-19,MEX,0.23299195206498854
1990-02-20,MEX,0.9065256844151558
1990-02-21,MEX,0.5773202237148045
1990-02-22,MEX,0.10778295416668567
1990-02-23,MEX,0.7486188832592914
1990-02-24,MEX,0.07903170268722741
1990-02-25,MEX,0.037908294595276525
1990-02-26,MEX,0.11622393911955602
1990-02-27,MEX,0.262035968664251
1990-02-28,MEX,0.3249648793196092
1990-03-01,MEX,0.9108154793783566
1990-03-02,MEX,0.3227717475527053
1990-03-03,MEX,0.43375105969663197
1990-03-04,MEX,0.20108277167108474
1990-03-05,MEX,0.0609829689998277
1990-03-06,MEX,0.036451453067836176
1990-03-07,MEX,0.04837656736941078
1990-03-08,MEX,0.15150311758070303
1990-03-09,MEX,0.21190415508571037
1990-03-10,MEX,0.523200542307812
1990-03-11,MEX,0.382256077861449
1990-03-12,MEX,0.06185590748476105
1990-03-13,MEX,0.05286586222932001
1990-03-14,MEX,0.021741666744196284
1990-03-15,MEX,0.062280945694993664
1990-03-16,MEX,0.03910763333325333
1990-03-17,MEX,0.8336884670303343
1990-03-18,MEX,0.09599666721307966
1990-03-19,MEX,0.1725396621746488
1990-03-20,MEX,0.7537439297264519
1990-03-21,MEX,0.08557167104523036
1990-03-22,MEX,0.02613352411622883
1990-03-23,MEX,0.07429133272987062
1990-03-24,MEX,0.26662485208675357
1990-03-25,MEX,0.5207656288420462
1990-03-26,MEX,0.6489047193965328
1990-03-27,MEX,0.6118155125042245
1990-03-28,MEX,0.22311264334551875
1990-03-29,MEX,0.1971260668955127
1990-03-30,MEX,0.08806913169599771
1990-03-31,MEX,0.19905139591623514
1990-04-01,MEX,0.15483163684657375
1990-04-02,MEX,0.4814104508116277
1990-04-03,MEX,0.7291313788149323
1990-04-04,MEX,0.579051736053279
1990-04-05,MEX,0.16799745617699283
1990-04-06,MEX,0.2498323556614123
1990-04-07,MEX,0.5923778580291874
1990-04-08,MEX,0.2086824256189932
1990-04-09,MEX,0.14531808093850185
1990-04-10,MEX,0.1786458271172418
1990-04-11,MEX,0.8026101055385779
1990-04-12,MEX,0.8049805613616287
1990-04-13,MEX,0.38870524075841234
1990-04-14,MEX,0.28553284284128555
1990-04-15,MEX,0.24857051675747627
1990-04-16,MEX,0.26550333128430026
1990-04-17,MEX,0.17621128866817645
1990-04-18,MEX,0.48836562756029384
1990-04-19,MEX,0.3088329957727911
1990-04-20,MEX,0.13701252404151884
1990-04-21,MEX,0.24991036876151107
1990-04-22,MEX,0.28220627072456556
1990-04-23,MEX,0.39825958578641013
1990-04-24,MEX,0.5484428300253831
1990-04-25,MEX,0.6101043376902016
1990-04-26,MEX,0.6301717190804319
1990-04-27,MEX,0.2555109823922409
1990-04-28,MEX,0.16192692650039608
1990-04-29,MEX,0.06661749838024429
1990-04-30,MEX,0.07305333106736121
1990-05-01,MEX,0.13898247548066858
1990-05-02,MEX,0.2758729824150357
1990-05-03,MEX,0.2403110825360121
1990-05-04,MEX,0.6615974639502261
1990-05-05,MEX,0.9234105611155364
1990-05-06,MEX,1.7808387282011244
1990-05-07,MEX,2.023673504175321
1990-05-08,MEX,0.8006089359744423
1990-05-09,MEX,0.14324012964824917
1990-05-10,MEX,0.2942896500923756
1990-05-11,MEX,0.3804076959577294
1990-05-12,MEX,0.35498016607671257
1990-05-13,MEX,0.7918738491014498
1990-05-14,MEX,0.6843065720235708
1990-05-15,MEX,0.3674268014025881
1990-05-16,MEX,0.32983705228396226
1990-05-17,MEX,0.4555170377176386
1990-05-18,MEX,0.47573211321102216
1990-05-19,MEX,0.4973544805973815
1990-05-20,MEX,0.6367761823410388
1990-05-21,MEX,0.9743745269859423
1990-05-22,MEX,1.3462351723758497
1990-05-23,MEX,1.330133941395954
1990-05-24,MEX,0.5241370019996894
1990-05-25,MEX,0.33611581673215296
1990-05-26,MEX,0.28408804795513987
1990-05-27,MEX,0.19347886811833095
1990-05-28,MEX,0.18919548880645362
1990-05-29,MEX,0.18023855863437457
1990-05-30,MEX,0.16135972664377643
1990-05-31,MEX,0.3994945707479717
1990-06-01,MEX,0.7485024678264669
1990-06-02,MEX,0.6193900128637607
1990-06-03,MEX,0.6187878053129761
1990-06-04,MEX,0.8025627520650891
1990-06-05,MEX,0.7347847048941317
1990-06-06,MEX,0.6205865487454307
1990-06-07,MEX,0.9657377166648504
1990-06-08,MEX,1.1207158144954155
1990-06-09,MEX,1.2565388882465847
1990-06-10,MEX,1.251930363656783
1990-06-11,MEX,1.2840196325948456
1990-06-12,MEX,1.1559739654138497
1990-06-13,MEX,1.234106067491604
1990-06-14,MEX,1.6654143586218983
1990-06-15,MEX,1.965363802657441
1990-06-16,MEX,1.1727968777567885
1990-06-17,MEX,0.6347805081230335
1990-06-18,MEX,0.7367275199195363
1990-06-19,MEX,0.8945888538588607
1990-06-20,MEX,0.7769642891989522
1990-06-21,MEX,1.2486623287775735
1990-06-22,MEX,1.2212227847272825
1990-06-23,MEX,1.0181089601720559
1990-06-24,MEX,1.4120718870623998
1990-06-25,MEX,1.4474988394762442
1990-06-26,MEX,1.1371679276463305
1990-06-27,MEX,1.008135916472678
1990-06-28,MEX,1.267888090284832
1990-06-29,MEX,1.429857998784136
1990-06-30,MEX,1.718966382412153
1990-07-01,MEX,2.8446485192031004
1990-07-02,MEX,3.0304920225928402
1990-07-03,MEX,2.056538575122617
1990-07-04,MEX,2.768063113871246
1990-07-05,MEX,2.911578081363429
1990-07-06,MEX,2.1336014636120084
1990-07-07,MEX,2.100815475139645
1990-07-08,MEX,2.432312187132804
1990-07-09,MEX,2.4121569600706882
1990-07-10,MEX,1.8731758736753157
1990-07-11,MEX,1.3775176273366143
1990-07-12,MEX,1.5208243113850237
1990-07-13,MEX,1.8019420595265783
1990-07-14,MEX,1.7778090690378578
1990-07-15,MEX,1.9632390177920138
1990-07-16,MEX,2.373547671723009
1990-07-17,MEX,2.391952843782737
1990-07-18,MEX,2.144180044099146
1990-07-19,MEX,1.84258385461468
1990-07-20,MEX,1.7842751119155928
1990-07-21,MEX,1.7950607237467953
1990-07-22,MEX,1.7992083770534786
1990-07-23,MEX,1.9232181491492546
1990-07-24,MEX,1.9434077840903474
1990-07-25,MEX,1.1853598282782076
1990-07-26,MEX,1.300017857640313
1990-07-27,MEX,1.1640434822193253
1990-07-28,MEX,1.2240952747899276
1990-07-29,MEX,1.5996493738561477
1990-07-30,MEX,2.0937760726495385
1990-07-31,MEX,2.5817497899646176
1990-08-01,MEX,2.0710659749812677
1990-08-02,MEX,1.6167944936357503
1990-08-03,MEX,1.6608538109377373
1990-08-04,MEX,1.417266577681123
1990-08-05,MEX,1.7594816580181631
1990-08-06,MEX,2.219655711463022
1990-08-07,MEX,2.429494243006916
1990-08-08,MEX,3.6219819908078255
1990-08-09,MEX,1.471446999089856
1990-08-10,MEX,1.4958596489602576
1990-08-11,MEX,1.9630098735775834
1990-08-12,MEX,2.183176358089762
1990-08-13,MEX,2.956524885638031
1990-08-14,MEX,2.0909567178320767
1990-08-15,MEX,1.774265239342404
1990-08-16,MEX,1.7690824364615887
1990-08-17,MEX,1.340421928961665
1990-08-18,MEX,1.0000304942546019
1990-08-19,MEX,1.2824485168185855
1990-08-20,MEX,0.7313872736226025
1990-08-21,MEX,0.565922816498253
1990-08-22,MEX,0.7098689344939222
1990-08-23,MEX,1.1512697428030512
1990-08-24,MEX,1.5123709435691637
1990-08-25,MEX,1.2512056327862047
1990-08-26,MEX,0.8067728926418661
1990-08-27,MEX,0.9876197669711432
1990-08-28,MEX,0.9756704596313073
1990-08-29,MEX,1.1084372626649122
1990-08-30,MEX,1.4760738655491188
1990-08-31,MEX,1.8175950038028794
1990-09-01,MEX,1.4782456605095666
1990-09-02,MEX,1.7777897297214291
1990-09-03,MEX,2.3444227046673243
1990-09-04,MEX,2.6522277192086654
1990-09-05,MEX,2.099721209033153
1990-09-06,MEX,1.3914508528031797
1990-09-07,MEX,1.436571976910434
1990-09-08,MEX,1.4906767489473098
1990-09-09,MEX,1.9347975825741317
1990-09-10,MEX,1.9124263571248745
1990-09-11,MEX,2.0677060647016536
1990-09-12,MEX,1.944849236668979
1990-09-13,MEX,2.2058271405780454
1990-09-14,MEX,2.1051989146429637
1990-09-15,MEX,2.135015012695207
1990-09-16,MEX,1.7486064033931716
1990-09-17,MEX,1.5694465341695578
1990-09-18,MEX,1.828558898605147
1990-09-19,MEX,2.0748738205174826
1990-09-20,MEX,1.892586382338428
1990-09-21,MEX,1.4650416385014173
1990-09-22,MEX,1.65210552468512
1990-09-23,MEX,2.4981181772537897
1990-09-24,MEX,1.562690780945824
1990-09-25,MEX,1.0160681603825565
1990-09-26,MEX,1.1008475925694023
1990-09-27,MEX,0.8360419146511278
1990-09-28,MEX,0.6681781489401872
1990-09-29,MEX,0.8407093111705871
1990-09-30,MEX,1.3764460713555164
1990-10-01,MEX,1.3829186477979634
1990-10-02,MEX,2.3078347722147696
1990-10-03,MEX,0.9768855956467262
1990-10-04,MEX,1.372052168300322
1990-10-05,MEX,1.4489808797152828
1990-10-06,MEX,0.9283069509764165
1990-10-07,MEX,0.7715000899575198
1990-10-08,MEX,0.5095199888327493
1990-10-09,MEX,1.0644195096516138
1990-10-10,MEX,1.0394736102669022
1990-10-11,MEX,0.6294870280254196
1990-10-12,MEX,0.42340239671057917
1990-10-13,MEX,0.7090728387778069
1990-10-14,MEX,0.3802692815008077
1990-10-15,MEX,0.3933800172669065
1990-10-16,MEX,0.6241723291831716
1990-10-17,MEX,0.5562160096507032
1990-10-18,MEX,1.2252659588585004
1990-10-19,MEX,0.9895817608470922
1990-10-20,MEX,0.6309125231703464
1990-10-21,MEX,0.8398358044996976
1990-10-22,MEX,1.4510474922009888
1990-10-23,MEX,1.0264049947820728
1990-10-24,MEX,0.6779442145608889
1990-10-25,MEX,1.2014021820071075
1990-10-26,MEX,0.4427290486969842
1990-10-27,MEX,0.45032001359738977
1990-10-28,MEX,0.4449986673373827
1990-10-29,MEX,0.3391387970122839
1990-10-30,MEX,0.18690978780268588
1990-10-31,MEX,0.1956187175370293
1990-11-01,MEX,0.34020106114235665
1990-11-02,MEX,0.9561401027387245
1990-11-03,MEX,0.37075221087409704
1990-11-04,MEX,0.1410538201523156
1990-11-05,MEX,0.4013706308356799
1990-11-06,MEX,0.2552729748792742
1990-11-07,MEX,0.5515145827617038
1990-11-08,MEX,0.5991035976090436
1990-11-09,MEX,0.4609497947522005
1990-11-10,MEX,0.6171209161372785
1990-11-11,MEX,0.1126330795928986
1990-11-12,MEX,0.1180174452544786
1990-11-13,MEX,0.2604982356647008
1990-11-14,MEX,0.46454530352968587
1990-11-15,MEX,0.7160979636727711
1990-11-16,MEX,0.7514832774475717
1990-11-17,MEX,0.7294293901002203
1990-11-18,MEX,0.15446793024730487
1990-11-19,MEX,0.04057808869147642
1990-11-20,MEX,0.3179279681739679
1990-11-21,MEX,0.13209082039916045
1990-11-22,MEX,0.1826033109731468
1990-11-23,MEX,0.33872380190591767
1990-11-24,MEX,0.16345849675613125
1990-11-25,MEX,0.4236957265435591
1990-11-26,MEX,1.196546162731655
1990-11-27,MEX,0.13036491478988366
1990-11-28,MEX,0.11524384938815485
1990-11-29,MEX,0.8069630196565873
1990-11-30,MEX,0.8625924305341445
1990-12-01,MEX,0.7398281782016823
1990-12-02,MEX,0.40619365979723315
1990-12-03,MEX,0.3331264236797121
1990-12-04,MEX,1.1853631266002875
1990-12-05,MEX,0.5989737445228986
1990-12-06,MEX,0.07504835334522557
1990-12-07,MEX,0.19984975016471315
1990-12-08,MEX,0.2730886427666934
1990-12-09,MEX,0.0730822894881835
1990-12-10,MEX,0.06009372091920977
1990-12-11,MEX,0.021811186472806637
1990-12-12,MEX,0.01996005189635058
1990-12-13,MEX,0.08226384146438061
1990-12-14,MEX,0.07980767032303301
1990-12-15,MEX,0.5200511523951861
1990-12-16,MEX,1.6756341332395015
1990-12-17,MEX,0.42941758455576245
1990-12-18,MEX,0.014913167829657594
1990-12-19,MEX,0.026745269729566746
1990-12-20,MEX,0.08643338687162218
1990-12-21,MEX,0.18213950130396805
1990-12-22,MEX,0.13895008448055624
1990-12-23,MEX,0.07632578347173598
1990-12-24,MEX,0.4390083284705037
1990-12-25,MEX,0.18328760915641526
1990-12-26,MEX,0.14599680145271232
1990-12-27,MEX,0.45126533762622084
1990-12-28,MEX,1.8586348839687263
1990-12-29,MEX,1.2614153472651937
1990-12-30,MEX,0.28978226890848807
1990-12-31,MEX,0.398911679529057
1991-01-01,MEX,0.3685250166066146
1991-01-02,MEX,0.30110686315753965
1991-01-03,MEX,0.32598982199596005
1991-01-04,MEX,0.38725289664202606
1991-01-05,MEX,1.1052543135100603
1991-01-06,MEX,0.27040334094228374
1991-01-07,MEX,0.36648149106998545
1991-01-08,MEX,0.3441334825956285
1991-01-09,MEX,0.22643636322228586
1991-01-10,MEX,0.0905177800728815
1991-01-11,MEX,0.08289918844504618
1991-01-12,MEX,0.4365058173587846
1991-01-13,MEX,0.2491713173253859
1991-01-14,MEX,0.028695100685992597
1991-01-15,MEX,0.008847363999264841
1991-01-16,MEX,0.06111073321637667
1991-01-17,MEX,0.544256168409745
1991-01-18,MEX,0.17730343290870926
1991-01-19,MEX,0.042912570255956226
1991-01-20,MEX,0.10363890826362411
1991-01-21,MEX,0.5786682454648121
1991-01-22,MEX,0.26034390348082725
1991-01-23,MEX,0.43574991679499264
1991-01-24,MEX,0.09207648276299765
1991-01-25,MEX,0.211817500949957
1991-01-26,MEX,0.15017438857491594
1991-01-27,MEX,0.06647922271666383
1991-01-28,MEX,0.0393840406949444
1991-01-29,MEX,0.09989366213233299
1991-01-30,MEX,0.06574277164677146
1991-01-31,MEX,0.5502708889481431
1991-02-01,MEX,0.5343259303552322
1991-02-02,MEX,0.27546952663827695
1991-02-03,MEX,0.45769582026500244
1991-02-04,MEX,0.5766464880174633
1991-02-05,MEX,0.29570906486352055
1991-02-06,MEX,0.25938302017853887
1991-02-07,MEX,0.4730587750586786
1991-02-08,MEX,0.5376787636486139
1991-02-09,MEX,0.050749620136138554
1991-02-10,MEX,0.30825586525667864
1991-02-11,MEX,1.2829852382234233
1991-02-12,MEX,0.5516757778410202
1991-02-13,MEX,0.01125051813550378
1991-02-14,MEX,0.022038107594081445
1991-02-15,MEX,0.13244133365196115
1991-02-16,MEX,0.20835168878353366
1991-02-17,MEX,0.10845701389577425
1991-02-18,MEX,0.2075094107723306
1991-02-19,MEX,0.10578539912217853
1991-02-20,MEX,0.38811821846183625
1991-02-21,MEX,0.25851427095466734
1991-02-22,MEX,0.18067521798764924
1991-02-23,MEX,0.31243476839212286
1991-02-24,MEX,0.06724051534288067
1991-02-25,MEX,0.05179679086759027
1991-02-26,MEX,0.3961963690685545
1991-02-27,MEX,0.30908915853434926
1991-02-28,MEX,1.6770460888417222
1991-03-01,MEX,0.7935524546469686
1991-03-02,MEX,0.30271949733498643
1991-03-03,MEX,0.025545418260871273
1991-03-04,MEX,0.018898577278219395
1991-03-05,MEX,0.0037257763577519774
1991-03-06,MEX,0.002318987947439325
1991-03-07,MEX,9.981388695189824e-4
1991-03-08,MEX,0.012296698313788653
1991-03-09,MEX,0.11924292021572488
1991-03-10,MEX,0.3394450314272693
1991-03-11,MEX,0.025540722185597733
1991-03-12,MEX,0.013549607518988796
1991-03-13,MEX,0.017211596948452028
1991-03-14,MEX,0.05929190574566369
1991-03-15,MEX,0.1340727229549905
1991-03-16,MEX,0.26539017584736524
1991-03-17,MEX,0.028652222421720473
1991-03-18,MEX,0.08863080780698046
1991-03-19,MEX,0.25284565435923845
1991-03-20,MEX,0.1798916870766588
1991-03-21,MEX,0.32762778106995294
1991-03-22,MEX,0.04953116092773976
1991-03-23,MEX,0.037144182524780876
1991-03-24,MEX,0.08168448227943674
1991-03-25,MEX,0.058532339124590674
1991-03-26,MEX,0.3275117322467392
1991-03-27,MEX,0.21566162075716844
1991-03-28,MEX,0.07132019731909224
1991-03-29,MEX,0.01728298804189822
1991-03-30,MEX,0.05534977778511168
1991-03-31,MEX,0.48339680688978
1991-04-01,MEX,0.4466119052947171
1991-04-02,MEX,0.03550008300465988
1991-04-03,MEX,0.03470418841253686
1991-04-04,MEX,0.2236025099455695
1991-04-05,MEX,1.0332462821830801
1991-04-06,MEX,0.9285468748920709
1991-04-07,MEX,0.24419407388616415
1991-04-08,MEX,0.05780268789064452
1991-04-09,MEX,0.15187421974001183
1991-04-10,MEX,0.21872506883962242
1991-04-11,MEX,0.09220293761774961
1991-04-12,MEX,0.027463634356541942
1991-04-13,MEX,0.0758180090333026
1991-04-14,MEX,0.06498148807726374
1991-04-15,MEX,0.33470891837573846
1991-04-16,MEX,0.16163929612061376
1991-04-17,MEX,0.0868576114238425
1991-04-18,MEX,0.061903658757975176
1991-04-19,MEX,0.042642288233478154
1991-04-20,MEX,0.3904517470668578
1991-04-21,MEX,0.1857670590826522
1991-04-22,MEX,0.048751269107179994
1991-04-23,MEX,0.10474495911516861
1991-04-24,MEX,0.16797243735292372
1991-04-25,MEX,0.16408933919074756
1991-04-26,MEX,0.08000253612779389
1991-04-27,MEX,0.04398203124501548
1991-04-28,MEX,0.008667767839802585
1991-04-29,MEX,0.055498419058846914
1991-04-30,MEX,0.18073593032958957
1991-05-01,MEX,0.20205821831311846
1991-05-02,MEX,0.24538209619168
1991-05-03,MEX,0.057150621274437145
1991-05-04,MEX,0.07635654548742282
1991-05-05,MEX,0.25065919665771175
1991-05-06,MEX,1.1308564120620377
1991-05-07,MEX,0.5608406138391739
1991-05-08,MEX,0.2611825775145771
1991-05-09,MEX,0.3621518247905398
1991-05-10,MEX,0.5336708701497925
1991-05-11,MEX,0.44400601511059
1991-05-12,MEX,0.4848099397597856
1991-05-13,MEX,0.5007476458104086
1991-05-14,MEX,0.6064844795799464
1991-05-15,MEX,0.31424753354533475
1991-05-16,MEX,0.38004949898742146
1991-05-17,MEX,0.5711874424041882
1991-05-18,MEX,0.8163039683451432
1991-05-19,MEX,0.5221856406642392
1991-05-20,MEX,0.307295077967871
1991-05-21,MEX,0.31906775264318554
1991-05-22,MEX,0.5082070467224771
1991-05-23,MEX,0.4950602015297087
1991-05-24,MEX,0.6524486818185696
1991-05-25,MEX,0.6048178753412641
1991-05-26,MEX,0.6156714245981054
1991-05-27,MEX,0.7295517160203042
1991-05-28,MEX,0.6423272448542132
1991-05-29,MEX,0.49911228988958867
1991-05-30,MEX,0.47964863807573266
1991-05-31,MEX,0.3008249727980324
1991-06-01,MEX,0.19343993203823284
1991-06-02,MEX,0.25617249427941413
1991-06-03,MEX,0.3218064139843459
1991-06-04,MEX,0.26646263500163536
1991-06-05,MEX,0.2594485978284008
1991-06-06,MEX,0.3541009275286351
1991-06-07,MEX,0.5632539199368166
1991-06-08,MEX,0.845318059321877
1991-06-09,MEX,1.3397350825378487
1991-06-10,MEX,1.8196904486670313
1991-06-11,MEX,1.6706265436552017
1991-06-12,MEX,1.1133677706959415
1991-06-13,MEX,0.9319226694057867
1991-06-14,MEX,1.006697892848712
1991-06-15,MEX,1.1490891921092536
1991-06-16,MEX,1.2047478899598743
1991-06-17,MEX,1.212293754399057
1991-06-18,MEX,0.9498191455187476
1991-06-19,MEX,0.8739314995779303
1991-06-20,MEX,0.8882354742781039
1991-06-21,MEX,0.7390849675975594
1991-06-22,MEX,0.9694160809761414
1991-06-23,MEX,1.3895269090004883
1991-06-24,MEX,1.9325304916192227
1991-06-25,MEX,1.8699531418188697
1991-06-26,MEX,2.2479843259459846
1991-06-27,MEX,2.1084723492920103
1991-06-28,MEX,1.6845653725226395
1991-06-29,MEX,2.499342772545418
1991-06-30,MEX,3.276951804549747
1991-07-01,MEX,4.311216687026403
1991-07-02,MEX,4.092036729332005
1991-07-03,MEX,3.7868917976607195
1991-07-04,MEX,3.509548980997129
1991-07-05,MEX,2.6511647837183108
1991-07-06,MEX,2.3541866222893915
1991-07-07,MEX,2.396654775231933
1991-07-08,MEX,2.729440318782391
1991-07-09,MEX,2.2217449927457946
1991-07-10,MEX,1.6694863627968992
1991-07-11,MEX,2.0357287250578455
1991-07-12,MEX,1.6592637917601067
1991-07-13,MEX,2.008608884229745
1991-07-14,MEX,2.113358882858174
1991-07-15,MEX,1.9858365428066038
1991-07-16,MEX,1.6536478836001582
1991-07-17,MEX,1.2185091594623603
1991-07-18,MEX,0.8898145751398957
1991-07-19,MEX,0.977479874661009
1991-07-20,MEX,1.2944530683253446
1991-07-21,MEX,2.143971393586643
1991-07-22,MEX,2.0752536180775563
1991-07-23,MEX,1.5789610984391695
1991-07-24,MEX,1.8103461566874361
1991-07-25,MEX,1.340209538206908
1991-07-26,MEX,1.7157801071220768
1991-07-27,MEX,1.5141859097814412
1991-07-28,MEX,1.5407358964280757
1991-07-29,MEX,1.8263010135900253
1991-07-30,MEX,1.0623682720067658
1991-07-31,MEX,0.6079076369473778
1991-08-01,MEX,0.8591495170783454
1991-08-02,MEX,1.1876631967183922
1991-08-03,MEX,1.3232897307039684
1991-08-04,MEX,1.5066322143569444
1991-08-05,MEX,1.6159980000537193
1991-08-06,MEX,2.0355166395036406
1991-08-07,MEX,2.1319922482188223
1991-08-08,MEX,1.682408140243147
1991-08-09,MEX,1.6415049777240183
1991-08-10,MEX,1.6478884645480696
1991-08-11,MEX,1.2403805817101683
1991-08-12,MEX,0.6633476134791926
1991-08-13,MEX,0.4061445498766116
1991-08-14,MEX,0.5795096808392755
1991-08-15,MEX,1.1469141837965275
1991-08-16,MEX,1.2221881341414085
1991-08-17,MEX,1.6133284241573418
1991-08-18,MEX,1.4217126602997308
1991-08-19,MEX,1.7031933407594027
1991-08-20,MEX,1.4203126147342713
1991-08-21,MEX,1.6662782363813924
1991-08-22,MEX,1.0191251583912815
1991-08-23,MEX,1.0443810964972995
1991-08-24,MEX,1.518436680812943
1991-08-25,MEX,2.020225225650659
1991-08-26,MEX,2.0375120481820423
1991-08-27,MEX,2.0634047824313586
1991-08-28,MEX,1.4798917043337014
1991-08-29,MEX,1.0680471115740766
1991-08-30,MEX,1.0108279425253992
1991-08-31,MEX,1.4080820673583372
1991-09-01,MEX,2.0601349027172264
1991-09-02,MEX,1.9415891546454394
1991-09-03,MEX,1.6786009110968585
1991-09-04,MEX,2.5061694118728624
1991-09-05,MEX,2.7740237467206543
1991-09-06,MEX,2.547534432800815
1991-09-07,MEX,2.346851340434506
1991-09-08,MEX,1.631275174283165
1991-09-09,MEX,1.2767237418261863
1991-09-10,MEX,0.9045731410928252
1991-09-11,MEX,1.1412760827598036
1991-09-12,MEX,1.3955060625110431
1991-09-13,MEX,2.6538973186403916
1991-09-14,MEX,2.1063614901889203
1991-09-15,MEX,2.0490057942938678
1991-09-16,MEX,2.748498639941071
1991-09-17,MEX,3.099012754494564
1991-09-18,MEX,1.9630910527527519
1991-09-19,MEX,2.388550974787336
1991-09-20,MEX,2.8476461713525425
1991-09-21,MEX,1.9717853023060399
1991-09-22,MEX,1.377520893026966
1991-09-23,MEX,1.742899727695072
1991-09-24,MEX,1.0590299203952809
1991-09-25,MEX,1.2635997105685959
1991-09-26,MEX,1.1156156098092862
1991-09-27,MEX,1.279197255518328
1991-09-28,MEX,0.9008020287022674
1991-09-29,MEX,1.2824880600684716
1991-09-30,MEX,1.0600197006399632
1991-10-01,MEX,1.2227190170702709
1991-10-02,MEX,1.2046878796807268
1991-10-03,MEX,1.2825536185330173
1991-10-04,MEX,1.1450889658760128
1991-10-05,MEX,1.5975040600988653
1991-10-06,MEX,3.0323165572805157
1991-10-07,MEX,2.786141664966625
1991-10-08,MEX,2.4494883466846953
1991-10-09,MEX,1.7116041441807286
1991-10-10,MEX,1.4950481474639208
1991-10-11,MEX,1.33138463273931
1991-10-12,MEX,0.6490464658937678
1991-10-13,MEX,0.2559871253079963
1991-10-14,MEX,0.1714438699619841
1991-10-15,MEX,0.2435036982883066
1991-10-16,MEX,0.16641218164911123
1991-10-17,MEX,0.1062098785278958
1991-10-18,MEX,0.1110883368699199
1991-10-19,MEX,0.34378167213993055
1991-10-20,MEX,0.5655267862648842
1991-10-21,MEX,0.6875657421296113
1991-10-22,MEX,0.6293088137044315
1991-10-23,MEX,0.5132032060355388
1991-10-24,MEX,0.49780224961564684
1991-10-25,MEX,0.3372900181657657
1991-10-26,MEX,0.17981711582802082
1991-10-27,MEX,0.40312780416289434
1991-10-28,MEX,0.1414433580851399
1991-10-29,MEX,0.13071958882595922
1991-10-30,MEX,0.42606472890436803
1991-10-31,MEX,0.33108209182103987
1991-11-01,MEX,0.7064428570306279
1991-11-02,MEX,0.47954946882058513
1991-11-03,MEX,0.5599043791984502
1991-11-04,MEX,0.7824988124696
1991-11-05,MEX,0.41254980186833784
1991-11-06,MEX,0.33928359384030343
1991-11-07,MEX,0.46915554320048003
1991-11-08,MEX,0.8957136038556828
1991-11-09,MEX,0.45768141225028397
1991-11-10,MEX,0.18911701034414924
1991-11-11,MEX,1.0915442844661876
1991-11-12,MEX,1.9335934281083085
1991-11-13,MEX,2.6343028235429684
1991-11-14,MEX,1.0907926194414483
1991-11-15,MEX,0.41491988752441006
1991-11-16,MEX,0.20975557163741884
1991-11-17,MEX,0.13298323413646992
1991-11-18,MEX,0.1298976010755962
1991-11-19,MEX,0.05368436928565671
1991-11-20,MEX,0.3027298093335968
1991-11-21,MEX,0.4939747570728853
1991-11-22,MEX,0.09503371785638885
1991-11-23,MEX,0.14081625095432995
1991-11-24,MEX,0.9233354444609415
1991-11-25,MEX,0.40143130727406684
1991-11-26,MEX,0.23834132595070684
1991-11-27,MEX,0.18592506813486032
1991-11-28,MEX,0.15709554937045195
1991-11-29,MEX,0.07511494396061186
1991-11-30,MEX,0.2334469657955469
1991-12-01,MEX,0.28690825796503494
1991-12-02,MEX,0.18420438126119001
1991-12-03,MEX,0.45354618352130416
1991-12-04,MEX,1.5949140836370894
1991-12-05,MEX,0.3844135429496276
1991-12-06,MEX,0.2078665906552013
1991-12-07,MEX,0.23886592129519763
1991-12-08,MEX,0.6309120821729255
1991-12-09,MEX,0.49978754869786113
1991-12-10,MEX,0.9231142647720633
1991-12-11,MEX,2.8165976250221876
1991-12-12,MEX,0.3676996854831525
1991-12-13,MEX,0.36675573547577434
1991-12-14,MEX,0.794289466825527
1991-12-15,MEX,1.275098866393936
1991-12-16,MEX,0.9784083374685564
1991-12-17,MEX,0.43983389894758906
1991-12-18,MEX,1.1684134323801505
1991-12-19,MEX,1.4586154888140288
1991-12-20,MEX,1.7511742229815308
1991-12-21,MEX,1.1717411425553979
1991-12-22,MEX,0.20143981003053257
1991-12-23,MEX,0.09717710171592885
1991-12-24,MEX,0.66454061765053
1991-12-25,MEX,0.5703603169942669
1991-12-26,MEX,0.24697305129782648
1991-12-27,MEX,0.45536319404016634
1991-12-28,MEX,0.5599394446524175
1991-12-29,MEX,0.1718942136001987
1991-12-30,MEX,0.15490866028887806
1991-12-31,MEX,0.18506420858596592
1992-01-01,MEX,0.26479298574389865
1992-01-02,MEX,0.3093172700531204
1992-01-03,MEX,0.9779603288559588
1992-01-04,MEX,1.6917812999420052
1992-01-05,MEX,0.47452646157404027
1992-01-06,MEX,0.8903375273094535
1992-01-07,MEX,0.10135199320293578
1992-01-08,MEX,0.465517246828065
1992-01-09,MEX,1.7652258286106493
1992-01-10,MEX,3.8711130633616957
1992-01-11,MEX,2.381029743280456
1992-01-12,MEX,0.41464226346186506
1992-01-13,MEX,0.058587469431618286
1992-01-14,MEX,0.24541581209071112
1992-01-15,MEX,0.17708292414140547
1992-01-16,MEX,3.181369363304844
1992-01-17,MEX,2.8917816585369827
1992-01-18,MEX,1.5521625255936826
1992-01-19,MEX,0.524344690692965
1992-01-20,MEX,0.5965865809581237
1992-01-21,MEX,0.22041308618547648
1992-01-22,MEX,0.016849920971993917
1992-01-23,MEX,0.15219429473470134
1992-01-24,MEX,1.5442306549356373
1992-01-25,MEX,2.8236699898504356
1992-01-26,MEX,2.69229286983744
1992-01-27,MEX,0.5142920049176006
1992-01-28,MEX,0.8040340147901723
1992-01-29,MEX,1.1910672820745403
1992-01-30,MEX,0.47957623550302586
1992-01-31,MEX,1.1752768750023859
1992-02-01,MEX,2.2305637290038587
1992-02-02,MEX,1.1268744683419045
1992-02-03,MEX,2.0058552235195224
1992-02-04,MEX,0.6648405768146346
1992-02-05,MEX,0.22594635051015344
1992-02-06,MEX,0.18687114744543024
1992-02-07,MEX,0.7264693329056611
1992-02-08,MEX,0.5726593710110198
1992-02-09,MEX,0.24332112240880996
1992-02-10,MEX,0.2016956817325483
1992-02-11,MEX,0.09536165634023046
1992-02-12,MEX,0.05132487890600248
1992-02-13,MEX,0.8501146054355297
1992-02-14,MEX,0.2766254973274988
1992-02-15,MEX,0.12146667203954763
1992-02-16,MEX,0.12644835658251316
1992-02-17,MEX,0.024325869526474628
1992-02-18,MEX,0.14044215259616114
1992-02-19,MEX,0.34745399185025144
1992-02-20,MEX,0.2804192709822879
1992-02-21,MEX,0.2406495766123719
1992-02-22,MEX,0.1926290078918848
1992-02-23,MEX,0.4015229163446563
1992-02-24,MEX,0.39577086078449564
1992-02-25,MEX,0.08890375353383946
1992-02-26,MEX,0.39157723695071006
1992-02-27,MEX,0.18957464304056593
1992-02-28,MEX,0.08458447178377156
1992-02-29,MEX,0.07297766672449457
1992-03-01,MEX,0.07286063178574048
1992-03-02,MEX,1.2149399615458503
1992-03-03,MEX,1.1712215210273862
1992-03-04,MEX,0.09589950561100222
1992-03-05,MEX,0.024827926307770136
1992-03-06,MEX,0.01716270249524765
1992-03-07,MEX,0.13423096355707004
1992-03-08,MEX,0.2008210424107686
1992-03-09,MEX,0.12476659347205835
1992-03-10,MEX,0.14284082782584517
1992-03-11,MEX,0.23124956089612855
1992-03-12,MEX,0.07989102885925863
1992-03-13,MEX,0.8539647271619086
1992-03-14,MEX,0.4787343111359052
1992-03-15,MEX,0.03671268117165647
1992-03-16,MEX,0.027622960538076093
1992-03-17,MEX,0.4623913006884151
1992-03-18,MEX,0.08914933647155233
1992-03-19,MEX,0.037779954837190016
1992-03-20,MEX,0.13057744009141292
1992-03-21,MEX,0.24165727136089277
1992-03-22,MEX,0.1055639048888528
1992-03-23,MEX,0.33207817930596567
1992-03-24,MEX,0.3854154416097059
1992-03-25,MEX,0.37063907727139284
1992-03-26,MEX,0.9648148494369811
1992-03-27,MEX,1.9010065396951505
1992-03-28,MEX,0.7528945925950817
1992-03-29,MEX,0.10769036421678137
1992-03-30,MEX,0.48196861023793863
1992-03-31,MEX,0.47102009776145
1992-04-01,MEX,0.7157095129781206
1992-04-02,MEX,1.292533809677146
1992-04-03,MEX,1.1549263438691881
1992-04-04,MEX,0.7808630121293831
1992-04-05,MEX,0.6154701056495414
1992-04-06,MEX,0.11419807624615945
1992-04-07,MEX,0.1815296437710369
1992-04-08,MEX,0.15671644754384695
1992-04-09,MEX,0.20721785069169357
1992-04-10,MEX,0.23135310392994488
1992-04-11,MEX,0.22693322827620624
1992-04-12,MEX,0.584981667185578
1992-04-13,MEX,0.6505949590948793
1992-04-14,MEX,0.7503227715561557
1992-04-15,MEX,0.5042144821316649
1992-04-16,MEX,0.37161012117981335
1992-04-17,MEX,0.7795861763777893
1992-04-18,MEX,0.14116910484413833
1992-04-19,MEX,0.05687987621382867
1992-04-20,MEX,0.0783791807115097
1992-04-21,MEX,0.3880650265132962
1992-04-22,MEX,0.1866927034432194
1992-04-23,MEX,0.21309082982674785
1992-04-24,MEX,0.42407532372655876
1992-04-25,MEX,1.1398713366815576
1992-04-26,MEX,1.3652874305778546
1992-04-27,MEX,0.5440683703673761
1992-04-28,MEX,0.2883534939922652
1992-04-29,MEX,0.2010897175330867
1992-04-30,MEX,0.14186197949648133
1992-05-01,MEX,0.224673775735821
1992-05-02,MEX,0.2947788436606141
1992-05-03,MEX,0.710275755730722
1992-05-04,MEX,0.9690232621412309
1992-05-05,MEX,0.7498243349838211
1992-05-06,MEX,0.8679653116738117
1992-05-07,MEX,0.8958670275435725
1992-05-08,MEX,0.6072905454862274
1992-05-09,MEX,0.3906207384363279
1992-05-10,MEX,0.3730674648326889
1992-05-11,MEX,0.18527668940501563
1992-05-12,MEX,0.15101633956860025
1992-05-13,MEX,0.4823677408071139
1992-05-14,MEX,1.5537791379102959
1992-05-15,MEX,1.0321024093847075
1992-05-16,MEX,0.9382382257495913
1992-05-17,MEX,0.792698491061058
1992-05-18,MEX,1.1956831611542635
1992-05-19,MEX,1.036752248409226
1992-05-20,MEX,1.0028285300440671
1992-05-21,MEX,0.7665233197589945
1992-05-22,MEX,0.3722793413268051
1992-05-23,MEX,0.5164709313336183
1992-05-24,MEX,0.3968153785529334
1992-05-25,MEX,0.4561639170964919
1992-05-26,MEX,0.8225301977372917
1992-05-27,MEX,0.6717472247145644
1992-05-28,MEX,0.5284319392716726
1992-05-29,MEX,1.3700034406947994
1992-05-30,MEX,1.7974573922108987
1992-05-31,MEX,1.233317423543189
1992-06-01,MEX,1.3746972247019569
1992-06-02,MEX,1.168539221316835
1992-06-03,MEX,1.221077894505506
1992-06-04,MEX,0.9623269827323429
1992-06-05,MEX,0.9257161610291966
1992-06-06,MEX,0.9659344584570952
1992-06-07,MEX,1.3319626630416528
1992-06-08,MEX,1.2055558256055119
1992-06-09,MEX,0.860558858835991
1992-06-10,MEX,1.0627735714202475
1992-06-11,MEX,0.7592479599506752
1992-06-12,MEX,0.5084464832002742
1992-06-13,MEX,0.33143224658286036
1992-06-14,MEX,0.6523287504419425
1992-06-15,MEX,0.6273339256615992
1992-06-16,MEX,0.780369488272755
1992-06-17,MEX,1.1060097229303194
1992-06-18,MEX,1.062905890042096
1992-06-19,MEX,0.8067061200005922
1992-06-20,MEX,0.395155316431841
1992-06-21,MEX,0.30033817816782765
1992-06-22,MEX,0.70162514035877
1992-06-23,MEX,1.1822371221268517
1992-06-24,MEX,0.6259643219724558
1992-06-25,MEX,0.5377287690366943
1992-06-26,MEX,0.53857343246953715
1992-06-27,MEX,0.6414651192601747
1992-06-28,MEX,0.9340137136307576
1992-06-29,MEX,0.6409951463490431
1992-06-30,MEX,0.6974484641856186
1992-07-01,MEX,0.8546572697640245
1992-07-02,MEX,1.0216106061575216
1992-07-03,MEX,1.5384287369870149
1992-07-04,MEX,2.0350382719554765
1992-07-05,MEX,0.9553328583514723
1992-07-06,MEX,0.6274305153112661
1992-07-07,MEX,0.41297493600643725
1992-07-08,MEX,1.159626363160202
1992-07-09,MEX,1.1495613355424545
1992-07-10,MEX,0.9922479093868344
1992-07-11,MEX,1.2325505635179266
1992-07-12,MEX,1.4422031618890532
1992-07-13,MEX,1.4762692348071198
1992-07-14,MEX,1.5720748572240453
1992-07-15,MEX,1.7421552118670747
1992-07-16,MEX,1.305038554483512
1992-07-17,MEX,0.9519640138166825
1992-07-18,MEX,1.34042383423341
1992-07-19,MEX,1.5605444187120512
1992-07-20,MEX,1.994242438121235
1992-07-21,MEX,1.6371825296388696
1992-07-22,MEX,1.6450391163183087
1992-07-23,MEX,1.575656061964469
1992-07-24,MEX,1.9243410525343887
1992-07-25,MEX,1.6154167871233538
1992-07-26,MEX,1.3953540410915208
1992-07-27,MEX,1.5423821390138763
1992-07-28,MEX,1.5286924676420952
1992-07-29,MEX,1.5360292426836597
1992-07-30,MEX,2.0754505373679164
1992-07-31,MEX,1.8289136021962904
1992-08-01,MEX,1.4252854014507395
1992-08-02,MEX,1.507991477104007
1992-08-03,MEX,1.5389977500047525
1992-08-04,MEX,1.319557093286178
1992-08-05,MEX,1.0686364161940909
1992-08-06,MEX,1.2746562180660554
1992-08-07,MEX,1.0854921558964858
1992-08-08,MEX,1.455480174291874
1992-08-09,MEX,1.4978122106210343
1992-08-10,MEX,1.6843888946736503
1992-08-11,MEX,1.5722346366261686
1992-08-12,MEX,1.5614166167883872
1992-08-13,MEX,2.7676929174238247
1992-08-14,MEX,2.678439137878804
1992-08-15,MEX,2.012781543696747
1992-08-16,MEX,2.2243177082739196
1992-08-17,MEX,1.9182724184738884
1992-08-18,MEX,1.4954418579901632
1992-08-19,MEX,1.2484980870877407
1992-08-20,MEX,1.3651567024804814
1992-08-21,MEX,1.6564305216944564
1992-08-22,MEX,1.178552637441802
1992-08-23,MEX,2.4577523835665303
1992-08-24,MEX,1.8417462292819595
1992-08-25,MEX,1.3694874382091478
1992-08-26,MEX,1.3006996102925716
1992-08-27,MEX,1.0354233648051185
1992-08-28,MEX,1.152359388510795
1992-08-29,MEX,1.3913227417089158
1992-08-30,MEX,0.6413189619236719
1992-08-31,MEX,0.8584271775182686
1992-09-01,MEX,0.7318637877999294
1992-09-02,MEX,0.6422874400697992
1992-09-03,MEX,0.5322341131423493
1992-09-04,MEX,0.537577609170306
1992-09-05,MEX,0.696090839782713
1992-09-06,MEX,0.8729369595770342
1992-09-07,MEX,1.1161055171500796
1992-09-08,MEX,0.8198847379864957
1992-09-09,MEX,1.153293068149392
1992-09-10,MEX,1.2615407847806763
1992-09-11,MEX,1.863071443551033
1992-09-12,MEX,1.937503766030552
1992-09-13,MEX,2.0631721404010035
1992-09-14,MEX,1.8690121395719232
1992-09-15,MEX,2.1177582157755537
1992-09-16,MEX,1.4944634733666198
1992-09-17,MEX,1.402981369464708
1992-09-18,MEX,1.179275973420424
1992-09-19,MEX,0.7594257532249619
1992-09-20,MEX,0.6557612993200516
1992-09-21,MEX,0.7206118978517912
1992-09-22,MEX,1.2704234311976652
1992-09-23,MEX,2.54227892781649
1992-09-24,MEX,1.91783190826247
1992-09-25,MEX,1.64274736495534
1992-09-26,MEX,1.2995853631147989
1992-09-27,MEX,1.8363710454908093
1992-09-28,MEX,1.6420497050253848
1992-09-29,MEX,1.840787190219176
1992-09-30,MEX,1.6232301119492443
1992-10-01,MEX,1.20851807427349
1992-10-02,MEX,1.0614263918900146
1992-10-03,MEX,0.8407807287163126
1992-10-04,MEX,0.6995873519239971
1992-10-05,MEX,0.8518122914950239
1992-10-06,MEX,1.3387744647823852
1992-10-07,MEX,0.9202930629479876
1992-10-08,MEX,1.341056906475541
1992-10-09,MEX,2.444239624922373
1992-10-10,MEX,0.7345883300049895
1992-10-11,MEX,0.8243109276056833
1992-10-12,MEX,1.044342647567778
1992-10-13,MEX,0.7247883134635448
1992-10-14,MEX,0.5062310677712034
1992-10-15,MEX,0.3861597151220622
1992-10-16,MEX,0.38758774176144817
1992-10-17,MEX,0.7122401634881221
1992-10-18,MEX,0.8793307913321595
1992-10-19,MEX,1.1420695191676062
1992-10-20,MEX,0.9576434950983601
1992-10-21,MEX,0.8014461162136745
1992-10-22,MEX,0.9515543019674753
1992-10-23,MEX,1.801180863892316
1992-10-24,MEX,1.4193985730196639
1992-10-25,MEX,0.455028134666564
1992-10-26,MEX,0.12711922908103795
1992-10-27,MEX,0.14670605737413053
1992-10-28,MEX,0.4812201496351394
1992-10-29,MEX,0.5628240040705883
1992-10-30,MEX,0.2600056551561628
1992-10-31,MEX,0.31076467017038395
1992-11-01,MEX,0.1653080414276357
1992-11-02,MEX,0.733695766897321
1992-11-03,MEX,0.5905556349247016
1992-11-04,MEX,0.3058922794322634
1992-11-05,MEX,1.1638961231845384
1992-11-06,MEX,0.7040228238193219
1992-11-07,MEX,0.863511251596427
1992-11-08,MEX,0.6349035011879122
1992-11-09,MEX,0.3461167054715106
1992-11-10,MEX,0.29146706824288376
1992-11-11,MEX,0.3019984106312494
1992-11-12,MEX,0.39837757863442647
1992-11-13,MEX,1.1651518206373483
1992-11-14,MEX,1.0431716420807886
1992-11-15,MEX,0.9100123865368531
1992-11-16,MEX,0.6203704584907829
1992-11-17,MEX,0.25150515998743517
1992-11-18,MEX,0.7896939450265089
1992-11-19,MEX,0.49160823171290186
1992-11-20,MEX,0.20310219304972277
1992-11-21,MEX,0.12559856047489745
1992-11-22,MEX,0.04437876191437054
1992-11-23,MEX,0.19226953999290863
1992-11-24,MEX,0.1379787740928001
1992-11-25,MEX,0.06343848734694232
1992-11-26,MEX,0.3151484899582547
1992-11-27,MEX,1.1936168557219848
1992-11-28,MEX,0.3415088164509846
1992-11-29,MEX,0.031671865867852825
1992-11-30,MEX,0.08294219482889809
1992-12-01,MEX,0.04459821725215094
1992-12-02,MEX,0.050113673495079294
1992-12-03,MEX,0.364332985883977
1992-12-04,MEX,1.339770568369171
1992-12-05,MEX,1.4060831808337864
1992-12-06,MEX,0.1591139579214644
1992-12-07,MEX,0.15599661558794076
1992-12-08,MEX,0.8804222429427867
1992-12-09,MEX,0.05811508808548557
1992-12-10,MEX,0.17502766079686785
1992-12-11,MEX,0.17403608585713615
1992-12-12,MEX,0.27608824897951656
1992-12-13,MEX,0.7726004355227859
1992-12-14,MEX,1.1379382073725064
1992-12-15,MEX,1.0785450998798842
1992-12-16,MEX,0.22088164405630978
1992-12-17,MEX,0.09421240423583019
1992-12-18,MEX,0.23459580891958204
1992-12-19,MEX,0.17393568825895075
1992-12-20,MEX,0.22013052776775852
1992-12-21,MEX,0.3435160499474971
1992-12-22,MEX,0.10983373543321139
1992-12-23,MEX,0.07458848914076142
1992-12-24,MEX,0.40053370772835484
1992-12-25,MEX,0.16968166735105855
1992-12-26,MEX,0.20916192718549886
1992-12-27,MEX,0.21095476370540378
1992-12-28,MEX,1.240801079201746
1992-12-29,MEX,0.26327213781644876
1992-12-30,MEX,0.26674437211334734
1992-12-31,MEX,0.1547012872074573
1993-01-01,MEX,0.4989286923537066
1993-01-02,MEX,0.2667979657819507
1993-01-03,MEX,0.10010628268967448
1993-01-04,MEX,0.06670457717195528
1993-01-05,MEX,0.2561428166569887
1993-01-06,MEX,1.8168898808621539
1993-01-07,MEX,0.8023262036094442
1993-01-08,MEX,0.872515650306848
1993-01-09,MEX,0.2508860924349221
1993-01-10,MEX,0.6440040140142838
1993-01-11,MEX,0.5188784169801277
1993-01-12,MEX,0.15530977166808715
1993-01-13,MEX,0.5219161361773428
1993-01-14,MEX,0.3529598513356875
1993-01-15,MEX,0.058248918893544825
1993-01-16,MEX,0.3156905186646573
1993-01-17,MEX,0.34839166941420613
1993-01-18,MEX,1.296802014844245
1993-01-19,MEX,0.5675810292947175
1993-01-20,MEX,0.06852301663882844
1993-01-21,MEX,0.15628416782223653
1993-01-22,MEX,0.2790088920554331
1993-01-23,MEX,0.2632490234151482
1993-01-24,MEX,0.6098843350096904
1993-01-25,MEX,0.5415797962161695
1993-01-26,MEX,0.2722645976874596
1993-01-27,MEX,0.4784896610849742
1993-01-28,MEX,1.489549356228942
1993-01-29,MEX,0.7159116927411118
1993-01-30,MEX,0.25762237968343765
1993-01-31,MEX,0.22258046198128484
1993-02-01,MEX,0.13190810583564155
1993-02-02,MEX,0.13460846120558925
1993-02-03,MEX,0.20992572362798073
1993-02-04,MEX,0.23192450852238258
1993-02-05,MEX,0.297382802623568
1993-02-06,MEX,0.39481803641183594
1993-02-07,MEX,0.45764249079549046
1993-02-08,MEX,0.637081517747366
1993-02-09,MEX,0.7082257187343916
1993-02-10,MEX,0.14551767368318147
1993-02-11,MEX,0.009281608555944638
1993-02-12,MEX,0.060438248464264474
1993-02-13,MEX,0.03740733893122695
1993-02-14,MEX,0.5469571855959671
1993-02-15,MEX,0.5991631688991268
1993-02-16,MEX,0.007455095903556263
1993-02-17,MEX,0.08051400330652571
1993-02-18,MEX,0.374772017614133
1993-02-19,MEX,0.6338234356451301
1993-02-20,MEX,0.5300642197536121
1993-02-21,MEX,0.02120548160283115
1993-02-22,MEX,0.00259430598130832
1993-02-23,MEX,0.05620787568657036
1993-02-24,MEX,0.32360187993459405
1993-02-25,MEX,0.1527577029848433
1993-02-26,MEX,0.05477894008981969
1993-02-27,MEX,0.2746022261240925
1993-02-28,MEX,1.2696399239613667
1993-03-01,MEX,0.165161500323516
1993-03-02,MEX,0.2281550411902393
1993-03-03,MEX,0.3788318069064345
1993-03-04,MEX,0.04573098412719835
1993-03-05,MEX,0.28375934099266975
1993-03-06,MEX,0.39169481609860507
1993-03-07,MEX,0.346431789346615
1993-03-08,MEX,0.6921981466301188
1993-03-09,MEX,0.3960210322216258
1993-03-10,MEX,0.1273824495182842
1993-03-11,MEX,0.0901000352338875
1993-03-12,MEX,0.2497107919178331
1993-03-13,MEX,0.5158915316910317
1993-03-14,MEX,0.06090849097278342
1993-03-15,MEX,0.09258220839755642
1993-03-16,MEX,0.021783250252596285
1993-03-17,MEX,0.05547902297005599
1993-03-18,MEX,0.042708503022574264
1993-03-19,MEX,0.01557267204905786
1993-03-20,MEX,0.11548126898888761
1993-03-21,MEX,0.15308433703593802
1993-03-22,MEX,0.11327936522812129
1993-03-23,MEX,0.2701210261608562
1993-03-24,MEX,0.21669348365143826
1993-03-25,MEX,0.10138806564860206
1993-03-26,MEX,0.4294134195844443
1993-03-27,MEX,0.24121470217811256
1993-03-28,MEX,0.08418442264036625
1993-03-29,MEX,0.09073911071932568
1993-03-30,MEX,0.02638716937833334
1993-03-31,MEX,0.07101162103937461
1993-04-01,MEX,0.12067528607623308
1993-04-02,MEX,0.2152311715358587
1993-04-03,MEX,0.15180513359162778
1993-04-04,MEX,0.04982411191451814
1993-04-05,MEX,0.24082032966372957
1993-04-06,MEX,0.08030569436419133
1993-04-07,MEX,0.04770368757209723
1993-04-08,MEX,0.1660985235097283
1993-04-09,MEX,0.2080448875708852
1993-04-10,MEX,0.008926407463526274
1993-04-11,MEX,0.01996323442496439
1993-04-12,MEX,0.029482892102263892
1993-04-13,MEX,0.22115381005058596
1993-04-14,MEX,0.32475976486593594
1993-04-15,MEX,0.21913174118714937
1993-04-16,MEX,0.1349969747867486
1993-04-17,MEX,0.017998102298621876
1993-04-18,MEX,0.08252132505056152
1993-04-19,MEX,0.07470646479072436
1993-04-20,MEX,0.15375232955447726
1993-04-21,MEX,1.1745341751138967
1993-04-22,MEX,1.204597080991368
1993-04-23,MEX,0.14553691626043785
1993-04-24,MEX,0.012859342544886864
1993-04-25,MEX,0.023306315840087858
1993-04-26,MEX,0.25802875009291604
1993-04-27,MEX,0.5190562082141663
1993-04-28,MEX,0.28521442780814155
1993-04-29,MEX,0.37450147106592996
1993-04-30,MEX,0.7767893584203157
1993-05-01,MEX,0.2337714865187367
1993-05-02,MEX,0.14583781133082768
1993-05-03,MEX,0.3552787069544164
1993-05-04,MEX,0.24691192992228914
1993-05-05,MEX,0.17227460806917255
1993-05-06,MEX,0.27638416190343973
1993-05-07,MEX,0.35149083229534733
1993-05-08,MEX,0.2707149026940247
1993-05-09,MEX,0.2247930600728047
1993-05-10,MEX,1.1517930901088342
1993-05-11,MEX,0.7297526888206846
1993-05-12,MEX,0.7256601702655681
1993-05-13,MEX,0.8560107951429893
1993-05-14,MEX,0.5101022911462693
1993-05-15,MEX,0.27698916539473767
1993-05-16,MEX,0.15653845187789028
1993-05-17,MEX,0.10079677591374758
1993-05-18,MEX,0.16325456873437783
1993-05-19,MEX,0.5481139985785394
1993-05-20,MEX,0.5084117641398272
1993-05-21,MEX,0.4385164842893955
1993-05-22,MEX,0.5892643110040328
1993-05-23,MEX,0.2888630229368045
1993-05-24,MEX,0.42963985129138227
1993-05-25,MEX,1.1130196450076446
1993-05-26,MEX,1.1001991920261234
1993-05-27,MEX,0.9549368047638972
1993-05-28,MEX,0.5223914128631041
1993-05-29,MEX,0.5018544973771579
1993-05-30,MEX,0.36403152779770853
1993-05-31,MEX,0.15661777839140556
1993-06-01,MEX,0.14124626034047827
1993-06-02,MEX,0.07465262527755535
1993-06-03,MEX,0.0611696501301496
1993-06-04,MEX,0.06510842184588718
1993-06-05,MEX,0.13262117483211336
1993-06-06,MEX,0.21885171293021313
1993-06-07,MEX,0.19129957820976634
1993-06-08,MEX,0.3608428498136528
1993-06-09,MEX,0.66785631660924
1993-06-10,MEX,0.9668421219375695
1993-06-11,MEX,1.232111012868944
1993-06-12,MEX,1.382704454284713
1993-06-13,MEX,1.5536926528010078
1993-06-14,MEX,2.298246696217286
1993-06-15,MEX,2.9634887818573445
1993-06-16,MEX,2.5241456951214265
1993-06-17,MEX,2.63268945647629
1993-06-18,MEX,1.9471349075732
1993-06-19,MEX,1.8586292601545849
1993-06-20,MEX,2.163260695688958
1993-06-21,MEX,2.761850513978247
1993-06-22,MEX,3.0767469429128034
1993-06-23,MEX,2.6104076168907673
1993-06-24,MEX,2.5095564444663707
1993-06-25,MEX,2.8639925557333337
1993-06-26,MEX,3.0982832090988794
1993-06-27,MEX,3.003341761714037
1993-06-28,MEX,3.1371548436649084
1993-06-29,MEX,3.2755027557756664
1993-06-30,MEX,3.2748681487119295
1993-07-01,MEX,2.978528808682116
1993-07-02,MEX,2.3624590320868415
1993-07-03,MEX,1.85573683741985
1993-07-04,MEX,1.3050481556221523
1993-07-05,MEX,1.4897271223846311
1993-07-06,MEX,2.1177052665563108
1993-07-07,MEX,2.8695945983033218
1993-07-08,MEX,2.447893976258805
1993-07-09,MEX,1.6991216201006
1993-07-10,MEX,1.9913437839221824
1993-07-11,MEX,1.638710760829212
1993-07-12,MEX,1.0030900436417332
1993-07-13,MEX,0.9981443567825536
1993-07-14,MEX,1.2617333742351975
1993-07-15,MEX,1.4198769240506686
1993-07-16,MEX,1.3140628468053692
1993-07-17,MEX,1.0561214881470204
1993-07-18,MEX,1.231880364322306
1993-07-19,MEX,1.4885208408632962
1993-07-20,MEX,1.1751887127643756
1993-07-21,MEX,0.9810932661236769
1993-07-22,MEX,1.0123091472209003
1993-07-23,MEX,0.72023129768795
1993-07-24,MEX,0.47643857801444833
1993-07-25,MEX,0.47740933019861537
1993-07-26,MEX,0.9070704829075588
1993-07-27,MEX,0.9511874760811768
1993-07-28,MEX,1.3257094142624877
1993-07-29,MEX,1.2817986338688423
1993-07-30,MEX,0.8966774897248386
1993-07-31,MEX,0.42869749546408575
1993-08-01,MEX,0.6866563474471611
1993-08-02,MEX,0.6355682283037408
1993-08-03,MEX,0.871455413319369
1993-08-04,MEX,1.0533408836966391
1993-08-05,MEX,0.7533525348520886
1993-08-06,MEX,0.7227456427176902
1993-08-07,MEX,0.9042300793587372
1993-08-08,MEX,0.8629467543652797
1993-08-09,MEX,0.7847985681887452
1993-08-10,MEX,0.7536307581383096
1993-08-11,MEX,0.6757477321279654
1993-08-12,MEX,0.8964523361723972
1993-08-13,MEX,1.506991458264147
1993-08-14,MEX,2.247825761901891
1993-08-15,MEX,2.015514721383561
1993-08-16,MEX,1.7118014729375588
1993-08-17,MEX,1.861127511433884
1993-08-18,MEX,1.5834597509850388
1993-08-19,MEX,1.7286936687429049
1993-08-20,MEX,1.5219052570387392
1993-08-21,MEX,1.4116568482178913
1993-08-22,MEX,1.6511161157786955
1993-08-23,MEX,1.8265320400540932
1993-08-24,MEX,1.71025019236316
1993-08-25,MEX,2.327386475308435
1993-08-26,MEX,2.1835018491765674
1993-08-27,MEX,1.9981556991534324
1993-08-28,MEX,1.6101427098204724
1993-08-29,MEX,1.3730750808334695
1993-08-30,MEX,1.3797003685400515
1993-08-31,MEX,1.8063486579243226
1993-09-01,MEX,2.340085621866637
1993-09-02,MEX,1.629438529037197
1993-09-03,MEX,2.141106386863802
1993-09-04,MEX,2.083793356826731
1993-09-05,MEX,1.979853135196522
1993-09-06,MEX,1.6539244425295982
1993-09-07,MEX,1.7047289887002817
1993-09-08,MEX,1.3217767273077077
1993-09-09,MEX,1.5417654296990762
1993-09-10,MEX,1.9655977870659305
1993-09-11,MEX,1.8160568323706925
1993-09-12,MEX,1.8940791631537353
1993-09-13,MEX,2.951372884480211
1993-09-14,MEX,0.6030140373885047
1993-09-15,MEX,1.141145895393027
1993-09-16,MEX,0.8224899650321003
1993-09-17,MEX,1.2058257870129347
1993-09-18,MEX,1.9375600190361613
1993-09-19,MEX,1.4131922269250563
1993-09-20,MEX,2.758058496039502
1993-09-21,MEX,4.430714139228723
1993-09-22,MEX,2.5619347802613475
1993-09-23,MEX,2.77016598774697
1993-09-24,MEX,1.9982792231933322
1993-09-25,MEX,1.0685722856538968
1993-09-26,MEX,1.2712690985709612
1993-09-27,MEX,2.589292359809363
1993-09-28,MEX,1.3756213974769165
1993-09-29,MEX,1.1393982417775979
1993-09-30,MEX,1.0707249182458902
1993-10-01,MEX,0.9204696862742381
1993-10-02,MEX,0.9094035935477701
1993-10-03,MEX,1.1765635056492494
1993-10-04,MEX,0.8561052434863226
1993-10-05,MEX,0.6310169005629479
1993-10-06,MEX,1.0048097263957767
1993-10-07,MEX,0.7083779437701965
1993-10-08,MEX,0.24753836032190865
1993-10-09,MEX,0.2472942584740254
1993-10-10,MEX,0.5882740314657101
1993-10-11,MEX,0.3528264504393113
1993-10-12,MEX,0.33117333854918823
1993-10-13,MEX,0.33477115630604254
1993-10-14,MEX,0.6635548537494872
1993-10-15,MEX,0.5210534867761295
1993-10-16,MEX,0.1956518302471197
1993-10-17,MEX,0.13281927448859768
1993-10-18,MEX,0.14840811339332735
1993-10-19,MEX,0.22874224668459137
1993-10-20,MEX,0.41274235344681764
1993-10-21,MEX,1.4986683293804997
1993-10-22,MEX,0.6837466141589573
1993-10-23,MEX,0.44754136481486295
1993-10-24,MEX,0.4102417482348296
1993-10-25,MEX,0.3209837561043439
1993-10-26,MEX,0.3181839864630614
1993-10-27,MEX,0.8152979974076099
1993-10-28,MEX,1.0368169119845274
1993-10-29,MEX,2.072479255186256
1993-10-30,MEX,0.9476392278478353
1993-10-31,MEX,1.044398995186844
1993-11-01,MEX,0.2735489332715487
1993-11-02,MEX,0.8771655795078007
1993-11-03,MEX,1.664602369058319
1993-11-04,MEX,0.9749426047808901
1993-11-05,MEX,0.7598263892118955
1993-11-06,MEX,0.43958987884043854
1993-11-07,MEX,0.48099332716306265
1993-11-08,MEX,0.6182848251350604
1993-11-09,MEX,0.20008999221948115
1993-11-10,MEX,0.5734061734896149
1993-11-11,MEX,0.31773352571981517
1993-11-12,MEX,0.1350794445299138
1993-11-13,MEX,0.5110610964739901
1993-11-14,MEX,0.1556935043274386
1993-11-15,MEX,0.593376958668723
1993-11-16,MEX,0.195366743987235
1993-11-17,MEX,0.4704491918029967
1993-11-18,MEX,0.2506291706207856
1993-11-19,MEX,0.04046922184537076
1993-11-20,MEX,0.14699798094448516
1993-11-21,MEX,0.13355036733335568
1993-11-22,MEX,0.16271754452626247
1993-11-23,MEX,0.14943319178177383
1993-11-24,MEX,0.04047247072439107
1993-11-25,MEX,0.15929898517742444
1993-11-26,MEX,0.24337024761335882
1993-11-27,MEX,0.19207634827226078
1993-11-28,MEX,0.21799656956576421
1993-11-29,MEX,0.13698283427925254
1993-11-30,MEX,0.0688216509766149
1993-12-01,MEX,0.10512146437935209
1993-12-02,MEX,0.07342773218818482
1993-12-03,MEX,0.05261299642025563
1993-12-04,MEX,0.05939818961156752
1993-12-05,MEX,0.16394310301918397
1993-12-06,MEX,0.15696481666075662
1993-12-07,MEX,0.19836360213373835
1993-12-08,MEX,0.06989240152422478
1993-12-09,MEX,0.11364809316150033
1993-12-10,MEX,0.004971304952501127
1993-12-11,MEX,0.13107461297433576
1993-12-12,MEX,0.21676349157327476
1993-12-13,MEX,0.008320125004857869
1993-12-14,MEX,0.08686137040916943
1993-12-15,MEX,0.05028956556194362
1993-12-16,MEX,0.016326572711353345
1993-12-17,MEX,0.05127806521600706
1993-12-18,MEX,0.2069655263435447
1993-12-19,MEX,0.06666853906529345
1993-12-20,MEX,0.28160996580528525
1993-12-21,MEX,1.1630062478722087
1993-12-22,MEX,0.5766223585028056
1993-12-23,MEX,0.16523173757550913
1993-12-24,MEX,0.17361273747215952
1993-12-25,MEX,0.5071000388315098
1993-12-26,MEX,0.1396169122817021
1993-12-27,MEX,0.04850117397314382
1993-12-28,MEX,0.08441553382300764
1993-12-29,MEX,0.21168144617345064
1993-12-30,MEX,0.7381674157200668
1993-12-31,MEX,0.6286180501850411
1994-01-01,MEX,0.0812331244463849
1994-01-02,MEX,0.06679877717266518
1994-01-03,MEX,0.10000677569420233
1994-01-04,MEX,0.037259914844905394
1994-01-05,MEX,0.020536873527802594
1994-01-06,MEX,7.824361916089665e-4
1994-01-07,MEX,0.023270035512768558
1994-01-08,MEX,0.42548889337305584
1994-01-09,MEX,0.13222618278591022
1994-01-10,MEX,0.06736468808504346
1994-01-11,MEX,0.06437071428519077
1994-01-12,MEX,0.09682891366896837
1994-01-13,MEX,0.1463837742102963
1994-01-14,MEX,0.35342951100254305
1994-01-15,MEX,0.015038740898479902
1994-01-16,MEX,0.028785470706943945
1994-01-17,MEX,0.18011308737308732
1994-01-18,MEX,1.1858448591077428
1994-01-19,MEX,0.8819997730475169
1994-01-20,MEX,0.2449755880086945
1994-01-21,MEX,1.6652289022665143
1994-01-22,MEX,1.3926228040980335
1994-01-23,MEX,0.6096856608033389
1994-01-24,MEX,0.1876899329111675
1994-01-25,MEX,0.15199940294257766
1994-01-26,MEX,0.042673519935040254
1994-01-27,MEX,0.03667474498358678
1994-01-28,MEX,0.2106908680834585
1994-01-29,MEX,0.137304849551324
1994-01-30,MEX,0.2445067289836526
1994-01-31,MEX,0.2849634167857268
1994-02-01,MEX,0.43698466364064514
1994-02-02,MEX,0.3692205545416063
1994-02-03,MEX,0.1327127907264624
1994-02-04,MEX,0.1446523986756586
1994-02-05,MEX,0.015551181944043115
1994-02-06,MEX,0.03524705090740019
1994-02-07,MEX,0.19115514389008734
1994-02-08,MEX,0.6050689292295222
1994-02-09,MEX,0.3301237303850699
1994-02-10,MEX,0.2809550028569508
1994-02-11,MEX,0.23175179527748926
1994-02-12,MEX,0.03243150073620679
1994-02-13,MEX,0.2326202916062809
1994-02-14,MEX,0.4591673264794523
1994-02-15,MEX,0.13763841979607086
1994-02-16,MEX,0.272314886149514
1994-02-17,MEX,0.4814010609334973
1994-02-18,MEX,0.11689376811852875
1994-02-19,MEX,0.09985039785687749
1994-02-20,MEX,0.05470068036422652
1994-02-21,MEX,0.06603011870002597
1994-02-22,MEX,0.03463594250594852
1994-02-23,MEX,0.052597336798026695
1994-02-24,MEX,0.4262456566211264
1994-02-25,MEX,0.1904364033403632
1994-02-26,MEX,0.31114651223831125
1994-02-27,MEX,0.3509751075381257
1994-02-28,MEX,0.07785329741858033
1994-03-01,MEX,0.028786118158501576
1994-03-02,MEX,0.17985988305856604
1994-03-03,MEX,0.08489487392373139
1994-03-04,MEX,0.06880957822488745
1994-03-05,MEX,0.16686588969396327
1994-03-06,MEX,0.1167694708813207
1994-03-07,MEX,0.14408586219107195
1994-03-08,MEX,0.1213858677910332
1994-03-09,MEX,0.15802142029711821
1994-03-10,MEX,0.576467914402388
1994-03-11,MEX,0.10993118933121404
1994-03-12,MEX,0.05065465223528097
1994-03-13,MEX,0.38723358044124145
1994-03-14,MEX,0.8552787600229408
1994-03-15,MEX,1.3686040701682496
1994-03-16,MEX,0.46114809400258683
1994-03-17,MEX,0.2291579677457621
1994-03-18,MEX,0.041292131193999285
1994-03-19,MEX,0.052099130274740633
1994-03-20,MEX,0.15159872847115624
1994-03-21,MEX,0.10802505459030261
1994-03-22,MEX,0.07721976060914183
1994-03-23,MEX,0.021099942739122874
1994-03-24,MEX,0.03726162604234666
1994-03-25,MEX,0.15669039388229794
1994-03-26,MEX,0.11874485042263182
1994-03-27,MEX,0.04175183433564496
1994-03-28,MEX,0.155055360723771
1994-03-29,MEX,0.4725488441023518
1994-03-30,MEX,0.14946250263419666
1994-03-31,MEX,0.3445914607799217
1994-04-01,MEX,0.17947316819206519
1994-04-02,MEX,0.10167401173549881
1994-04-03,MEX,0.05258886141026374
1994-04-04,MEX,0.0646715416853365
1994-04-05,MEX,0.021991523457195305
1994-04-06,MEX,0.2329797123219317
1994-04-07,MEX,0.283596529065713
1994-04-08,MEX,0.1368512906800516
1994-04-09,MEX,0.08079160557452326
1994-04-10,MEX,0.06911767493751975
1994-04-11,MEX,0.04569370165923167
1994-04-12,MEX,0.13973442564300254
1994-04-13,MEX,0.11033355714754807
1994-04-14,MEX,0.06500760185484647
1994-04-15,MEX,0.05636807323663487
1994-04-16,MEX,1.0997183209444874
1994-04-17,MEX,0.8899094424752663
1994-04-18,MEX,0.5200795958736806
1994-04-19,MEX,0.32637025095139055
1994-04-20,MEX,0.45939851060489256
1994-04-21,MEX,0.8811444754783814
1994-04-22,MEX,0.8367860676356041
1994-04-23,MEX,0.43535049861581776
1994-04-24,MEX,0.2635328250802967
1994-04-25,MEX,0.03707910955017889
1994-04-26,MEX,0.07189170410508415
1994-04-27,MEX,0.07114097334027433
1994-04-28,MEX,0.05902788682932931
1994-04-29,MEX,0.20601279481885099
1994-04-30,MEX,0.22154666454678826
1994-05-01,MEX,0.3886214640048846
1994-05-02,MEX,0.08328228564702556
1994-05-03,MEX,0.0689797083898282
1994-05-04,MEX,0.1580463279435491
1994-05-05,MEX,0.4810863213783864
1994-05-06,MEX,0.22129652427023944
1994-05-07,MEX,0.06040703776629092
1994-05-08,MEX,0.27423536732519954
1994-05-09,MEX,0.30528794237633067
1994-05-10,MEX,0.20304695519626934
1994-05-11,MEX,0.41242628153820116
1994-05-12,MEX,0.6413013296445885
1994-05-13,MEX,0.3108038078723446
1994-05-14,MEX,0.31911603231513047
1994-05-15,MEX,0.6929359417804701
1994-05-16,MEX,0.6275625761454546
1994-05-17,MEX,0.283993494117208
1994-05-18,MEX,0.5246047400638075
1994-05-19,MEX,0.6716442915484234
1994-05-20,MEX,0.5522189899726756
1994-05-21,MEX,0.4788229236337431
1994-05-22,MEX,0.3926473319934687
1994-05-23,MEX,0.4646333400284274
1994-05-24,MEX,0.25674606446389553
1994-05-25,MEX,0.24855670024087947
1994-05-26,MEX,0.1486101034115316
1994-05-27,MEX,0.46602738989508197
1994-05-28,MEX,0.5127426375970993
1994-05-29,MEX,0.36092421383323814
1994-05-30,MEX,0.23368548645063458
1994-05-31,MEX,0.33380109029031735
1994-06-01,MEX,0.6564177148032208
1994-06-02,MEX,0.9487249071377235
1994-06-03,MEX,0.9369096713291232
1994-06-04,MEX,1.1499589722594619
1994-06-05,MEX,1.1182998822922174
1994-06-06,MEX,0.8504374967816501
1994-06-07,MEX,0.8036179016415792
1994-06-08,MEX,0.6682745362871043
1994-06-09,MEX,0.7893854061494738
1994-06-10,MEX,1.3222542432317994
1994-06-11,MEX,1.9115813363123315
1994-06-12,MEX,1.8015877734517263
1994-06-13,MEX,1.665311379475744
1994-06-14,MEX,1.4911812186376212
1994-06-15,MEX,1.0247114072787447
1994-06-16,MEX,1.0618260776102209
1994-06-17,MEX,1.0359937562595551
1994-06-18,MEX,1.5325808485577928
1994-06-19,MEX,1.73067006274355
1994-06-20,MEX,1.7426245312869488
1994-06-21,MEX,1.2194208697013715
1994-06-22,MEX,1.0911120039948132
1994-06-23,MEX,1.4956412533101413
1994-06-24,MEX,1.4309395351289882
1994-06-25,MEX,0.914329108368109
1994-06-26,MEX,0.7496089880421245
1994-06-27,MEX,0.5515410456063239
1994-06-28,MEX,0.602587636064865
1994-06-29,MEX,0.6185827171632118
1994-06-30,MEX,0.629050986287638
1994-07-01,MEX,0.48826887806149266
1994-07-02,MEX,0.8926027421847702
1994-07-03,MEX,0.7909559745506455
1994-07-04,MEX,0.7889419042088561
1994-07-05,MEX,0.9210491634093606
1994-07-06,MEX,0.9478856913797304
1994-07-07,MEX,0.6497812266122625
1994-07-08,MEX,0.9404949432349868
1994-07-09,MEX,0.9371733428423229
1994-07-10,MEX,0.9419761775599726
1994-07-11,MEX,0.7733681724860011
1994-07-12,MEX,0.762567286433883
1994-07-13,MEX,0.9305771437717626
1994-07-14,MEX,1.2766785473265525
1994-07-15,MEX,1.5131646393296543
1994-07-16,MEX,1.4277045037254479
1994-07-17,MEX,1.4365062483452724
1994-07-18,MEX,0.6233437591502446
1994-07-19,MEX,0.6222868089290347
1994-07-20,MEX,0.8146866865158192
1994-07-21,MEX,1.2634864041818448
1994-07-22,MEX,1.0958255129861707
1994-07-23,MEX,1.0812973829091477
1994-07-24,MEX,0.7266877973219831
1994-07-25,MEX,0.5842977423352825
1994-07-26,MEX,0.48261719767383526
1994-07-27,MEX,0.5769459306152531
1994-07-28,MEX,1.0671176704743357
1994-07-29,MEX,1.404526721566494
1994-07-30,MEX,1.4970703950731852
1994-07-31,MEX,1.076333441522028
1994-08-01,MEX,1.409042030922855
1994-08-02,MEX,2.1079584062729175
1994-08-03,MEX,1.7757781788153635
1994-08-04,MEX,1.5939626813554966
1994-08-05,MEX,1.2725991873071119
1994-08-06,MEX,1.6339738689026029
1994-08-07,MEX,1.207904639160022
1994-08-08,MEX,1.7264521265571073
1994-08-09,MEX,1.5322704708989254
1994-08-10,MEX,1.6446532214612872
1994-08-11,MEX,1.3769582755954608
1994-08-12,MEX,1.4196170005017168
1994-08-13,MEX,1.9252078161924011
1994-08-14,MEX,1.865479449739513
1994-08-15,MEX,1.7962520983360386
1994-08-16,MEX,1.2283803932138582
1994-08-17,MEX,1.3115912757819428
1994-08-18,MEX,1.188966221355699
1994-08-19,MEX,1.0872514325946052
1994-08-20,MEX,0.8697323961505959
1994-08-21,MEX,0.9773136480098292
1994-08-22,MEX,1.2795794267379548
1994-08-23,MEX,1.7488529817654677
1994-08-24,MEX,1.6673288623317162
1994-08-25,MEX,1.3449258223460632
1994-08-26,MEX,1.2774404700857278
1994-08-27,MEX,1.194793032070419
1994-08-28,MEX,1.8205279673077628
1994-08-29,MEX,1.1607427416504754
1994-08-30,MEX,1.6507501957367217
1994-08-31,MEX,2.246855556744951
1994-09-01,MEX,2.5014566820169413
1994-09-02,MEX,2.8920349030921297
1994-09-03,MEX,2.111501933310969
1994-09-04,MEX,0.9333780279870761
1994-09-05,MEX,0.8041409700609845
1994-09-06,MEX,0.9990416981729033
1994-09-07,MEX,0.8548520841916691
1994-09-08,MEX,0.8135994655753115
1994-09-09,MEX,0.8654858990211423
1994-09-10,MEX,1.1612112069085747
1994-09-11,MEX,0.9983023895343173
1994-09-12,MEX,1.1567629375442394
1994-09-13,MEX,0.9467761065788239
1994-09-14,MEX,0.982548533292905
1994-09-15,MEX,1.4428633359140344
1994-09-16,MEX,2.1940693825379096
1994-09-17,MEX,2.1383774389765073
1994-09-18,MEX,1.8221134179679188
1994-09-19,MEX,1.074509470839723
1994-09-20,MEX,1.094527757462929
1994-09-21,MEX,1.0306153288139959
1994-09-22,MEX,0.3602482151268394
1994-09-23,MEX,0.688193931618619
1994-09-24,MEX,0.8739083596566972
1994-09-25,MEX,1.1604995464751087
1994-09-26,MEX,1.1286153717725849
1994-09-27,MEX,1.0862521599710095
1994-09-28,MEX,0.8989117479804348
1994-09-29,MEX,0.84582803696889
1994-09-30,MEX,0.7378103529165199
1994-10-01,MEX,0.584099022639178
1994-10-02,MEX,0.41758868151564765
1994-10-03,MEX,0.4137932881314877
1994-10-04,MEX,0.8716150255359355
1994-10-05,MEX,1.4748545739067755
1994-10-06,MEX,0.9680564522971399
1994-10-07,MEX,1.029077676475679
1994-10-08,MEX,1.736343988336617
1994-10-09,MEX,1.755230328692864
1994-10-10,MEX,1.2103839971006256
1994-10-11,MEX,1.1262767530234665
1994-10-12,MEX,0.9959263292022317
1994-10-13,MEX,1.0592045401694676
1994-10-14,MEX,2.993010477116404
1994-10-15,MEX,0.6562756688991351
1994-10-16,MEX,0.34473344299828806
1994-10-17,MEX,0.455076819148177
1994-10-18,MEX,0.37210145212828954
1994-10-19,MEX,0.43725775282423557
1994-10-20,MEX,0.23084389425699264
1994-10-21,MEX,0.1399717693938981
1994-10-22,MEX,0.09052797553972815
1994-10-23,MEX,0.23071051526331374
1994-10-24,MEX,0.16526826091367808
1994-10-25,MEX,0.23699808626772356
1994-10-26,MEX,0.7307132735369123
1994-10-27,MEX,0.48105677516503464
1994-10-28,MEX,0.21089787737994523
1994-10-29,MEX,0.3050887653919745
1994-10-30,MEX,0.21523313422854032
1994-10-31,MEX,0.19432969504327022
1994-11-01,MEX,0.5806904154913792
1994-11-02,MEX,0.38122759113623156
1994-11-03,MEX,0.4402364430623773
1994-11-04,MEX,0.4423520280634755
1994-11-05,MEX,0.12351850688628577
1994-11-06,MEX,0.3063788546314388
1994-11-07,MEX,0.32230701349575985
1994-11-08,MEX,0.32812309652511396
1994-11-09,MEX,0.10145197574559357
1994-11-10,MEX,0.32161202456720245
1994-11-11,MEX,0.987792663862661
1994-11-12,MEX,2.4994192255067733
1994-11-13,MEX,1.1190453948825434
1994-11-14,MEX,0.1413139915970855
1994-11-15,MEX,0.41015097922603416
1994-11-16,MEX,0.33314684908150544
1994-11-17,MEX,0.1764899471874328
1994-11-18,MEX,0.08254792770754447
1994-11-19,MEX,0.15446767333124684
1994-11-20,MEX,0.024352112511126865
1994-11-21,MEX,0.01988293833819998
1994-11-22,MEX,0.08433123672955524
1994-11-23,MEX,0.5529131937303973
1994-11-24,MEX,0.32874350266484076
1994-11-25,MEX,0.1259245769429306
1994-11-26,MEX,0.03587930269925542
1994-11-27,MEX,0.01358051746815477
1994-11-28,MEX,0.025003943251976496
1994-11-29,MEX,0.17216204890475584
1994-11-30,MEX,0.7840044314448434
1994-12-01,MEX,0.6157621265303083
1994-12-02,MEX,0.5213631509822813
1994-12-03,MEX,0.2618309236642828
1994-12-04,MEX,0.08814968765254255
1994-12-05,MEX,2.313819869817118
1994-12-06,MEX,1.7729055658689907
1994-12-07,MEX,0.15459452247671027
1994-12-08,MEX,0.1306638111699649
1994-12-09,MEX,0.11009130833951405
1994-12-10,MEX,0.15061737497086844
1994-12-11,MEX,0.48417665664429793
1994-12-12,MEX,0.32635669315024946
1994-12-13,MEX,0.2654058911167762
1994-12-14,MEX,0.10996981992626377
1994-12-15,MEX,0.08132794814932222
1994-12-16,MEX,0.08904256000726754
1994-12-17,MEX,0.35555118651404416
1994-12-18,MEX,0.576646307131519
1994-12-19,MEX,0.1435294450052033
1994-12-20,MEX,0.04961661088708133
1994-12-21,MEX,0.15610773216497517
1994-12-22,MEX,0.9088236736009615
1994-12-23,MEX,2.525444393533119
1994-12-24,MEX,1.0444672202254421
1994-12-25,MEX,0.44832591503047664
1994-12-26,MEX,0.9296729342696949
1994-12-27,MEX,0.8455696752897112
1994-12-28,MEX,0.30354514265411275
1994-12-29,MEX,0.19807599456282915
1994-12-30,MEX,0.15238086764829947
1994-12-31,MEX,0.041300184655617675
1995-01-01,MEX,0.13477884282204267
1995-01-02,MEX,0.5602650551053677
1995-01-03,MEX,0.2048029404173107
1995-01-04,MEX,0.38611820900014326
1995-01-05,MEX,0.8490055834804656
1995-01-06,MEX,0.09262670132752082
1995-01-07,MEX,0.026557522909926957
1995-01-08,MEX,0.14860551166717004
1995-01-09,MEX,0.0698163517721411
1995-01-10,MEX,0.03733240026636835
1995-01-11,MEX,0.07392774324126826
1995-01-12,MEX,0.05492529844118897
1995-01-13,MEX,0.06606705034582327
1995-01-14,MEX,0.31208390746031756
1995-01-15,MEX,0.021861785780907427
1995-01-16,MEX,0.2088752893736526
1995-01-17,MEX,0.08914234228399294
1995-01-18,MEX,0.054953101822192284
1995-01-19,MEX,0.17017615402815178
1995-01-20,MEX,0.23031477913229503
1995-01-21,MEX,0.06857769723030058
1995-01-22,MEX,0.04127406462532639
1995-01-23,MEX,0.16969143645113022
1995-01-24,MEX,0.5347390281760315
1995-01-25,MEX,1.0651542766219713
1995-01-26,MEX,0.5935702022406912
1995-01-27,MEX,0.021708761110783865
1995-01-28,MEX,0.02553022397664395
1995-01-29,MEX,0.18861379418897997
1995-01-30,MEX,0.5931338835621408
1995-01-31,MEX,0.5796258755901792
1995-02-01,MEX,0.07968473831385532
1995-02-02,MEX,0.09510833568014362
1995-02-03,MEX,0.08903172200143451
1995-02-04,MEX,0.5124052074516002
1995-02-05,MEX,0.09640215434164094
1995-02-06,MEX,0.04051579464739902
1995-02-07,MEX,0.016201844571255213
1995-02-08,MEX,0.2847084810512127
1995-02-09,MEX,0.13143508790698874
1995-02-10,MEX,0.29495323227615644
1995-02-11,MEX,0.2557301350354078
1995-02-12,MEX,0.2484343856428736
1995-02-13,MEX,0.3524987818622346
1995-02-14,MEX,0.4532847063137516
1995-02-15,MEX,1.9283456083196502
1995-02-16,MEX,0.5392330582813126
1995-02-17,MEX,0.5201658656014145
1995-02-18,MEX,0.19998383594784125
1995-02-19,MEX,0.15989986939765868
1995-02-20,MEX,0.43554285781096636
1995-02-21,MEX,0.3399683846573444
1995-02-22,MEX,0.15688601697343676
1995-02-23,MEX,0.08303514129846822
1995-02-24,MEX,0.1507112334574497
1995-02-25,MEX,0.3727256182715992
1995-02-26,MEX,0.07109249416237765
1995-02-27,MEX,0.25914025334799723
1995-02-28,MEX,0.1478539392667977
1995-03-01,MEX,0.469275266499043
1995-03-02,MEX,0.42166699716629136
1995-03-03,MEX,0.21416535040586102
1995-03-04,MEX,0.09235290067100749
1995-03-05,MEX,0.13732136908590126
1995-03-06,MEX,0.3576754197683066
1995-03-07,MEX,0.23803976186944767
1995-03-08,MEX,0.6113158509366432
1995-03-09,MEX,0.17095008207559384
1995-03-10,MEX,0.047197080586577386
1995-03-11,MEX,0.2739086833558637
1995-03-12,MEX,0.28186536046584004
1995-03-13,MEX,0.22462859873223417
1995-03-14,MEX,0.22452471605950988
1995-03-15,MEX,0.15934055013370427
1995-03-16,MEX,0.5465981429833505
1995-03-17,MEX,0.1989044136043005
1995-03-18,MEX,0.04455901712735605
1995-03-19,MEX,0.01269873586475606
1995-03-20,MEX,0.015373592377805086
1995-03-21,MEX,0.019444443233800932
1995-03-22,MEX,0.015102561657484916
1995-03-23,MEX,0.04352274430630766
1995-03-24,MEX,0.0709142965386323
1995-03-25,MEX,0.026344515657476607
1995-03-26,MEX,0.036505695061453736
1995-03-27,MEX,0.19733365547605364
1995-03-28,MEX,0.22275743287898186
1995-03-29,MEX,0.14231533159862653
1995-03-30,MEX,0.16508399754300096
1995-03-31,MEX,0.3553741763452323
1995-04-01,MEX,0.5775489143176246
1995-04-02,MEX,0.5670608831951683
1995-04-03,MEX,0.2556876651769822
1995-04-04,MEX,0.5599014541642768
1995-04-05,MEX,0.20758385430826384
1995-04-06,MEX,0.4455075842413004
1995-04-07,MEX,0.09769117331629333
1995-04-08,MEX,0.12349584180371072
1995-04-09,MEX,0.10313345782505078
1995-04-10,MEX,0.0396183259080561
1995-04-11,MEX,0.10774592842125505
1995-04-12,MEX,0.2848733513388576
1995-04-13,MEX,0.202909805445733
1995-04-14,MEX,0.15940208921644602
1995-04-15,MEX,0.15549276559265932
1995-04-16,MEX,0.1842980425347818
1995-04-17,MEX,0.1931941143487404
1995-04-18,MEX,0.2742657683729036
1995-04-19,MEX,0.25408141960647534
1995-04-20,MEX,0.0306364344403662
1995-04-21,MEX,0.08103317465761714
1995-04-22,MEX,0.06779697851664124
1995-04-23,MEX,0.15636103549234337
1995-04-24,MEX,0.4961981770208848
1995-04-25,MEX,0.4081211997291151
1995-04-26,MEX,0.46507497941050757
1995-04-27,MEX,0.7031904944908132
1995-04-28,MEX,0.553190261087015
1995-04-29,MEX,0.15359600043758936
1995-04-30,MEX,0.1274155159627713
1995-05-01,MEX,0.05530922883136625
1995-05-02,MEX,0.15707610038914424
1995-05-03,MEX,0.10266608872554793
1995-05-04,MEX,0.1652155048514049
1995-05-05,MEX,0.33510817428180056
1995-05-06,MEX,0.2121599405357393
1995-05-07,MEX,0.15325577903545962
1995-05-08,MEX,0.05653272292864356
1995-05-09,MEX,0.05282726954386513
1995-05-10,MEX,0.07931511345474336
1995-05-11,MEX,0.24528864470164793
1995-05-12,MEX,0.17831457324583808
1995-05-13,MEX,0.08656308740538456
1995-05-14,MEX,0.08817270896641219
1995-05-15,MEX,0.1691895478458621
1995-05-16,MEX,0.2610547524385955
1995-05-17,MEX,0.08847559873729247
1995-05-18,MEX,0.04957490894751014
1995-05-19,MEX,0.25218110242462116
1995-05-20,MEX,0.3997386187154276
1995-05-21,MEX,0.5244618356196299
1995-05-22,MEX,0.611288664869555
1995-05-23,MEX,0.6912291191607656
1995-05-24,MEX,0.8773397720485475
1995-05-25,MEX,1.3969765245509171
1995-05-26,MEX,1.3530732039252718
1995-05-27,MEX,0.8958202393894252
1995-05-28,MEX,0.617286526963361
1995-05-29,MEX,1.4439903606405027
1995-05-30,MEX,0.9807037685697984
1995-05-31,MEX,0.7471574618049767
1995-06-01,MEX,0.2781949140847289
1995-06-02,MEX,0.29880386033302164
1995-06-03,MEX,0.26344011718901034
1995-06-04,MEX,0.279580509188121
1995-06-05,MEX,0.3832872646092256
1995-06-06,MEX,0.2692409809791045
1995-06-07,MEX,0.19650819137300352
1995-06-08,MEX,0.1764203112128043
1995-06-09,MEX,0.3663639377388369
1995-06-10,MEX,0.5637238516276882
1995-06-11,MEX,0.8491178990390746
1995-06-12,MEX,1.3634502317827233
1995-06-13,MEX,1.3338134399718984
1995-06-14,MEX,1.27384959264212
1995-06-15,MEX,1.3819903609120883
1995-06-16,MEX,1.5717051594738363
1995-06-17,MEX,1.824781406341942
1995-06-18,MEX,2.451994159749897
1995-06-19,MEX,2.6165609210197602
1995-06-20,MEX,2.3183259865419674
1995-06-21,MEX,1.504191869489728
1995-06-22,MEX,1.2961666569971892
1995-06-23,MEX,1.7132788298539412
1995-06-24,MEX,1.3362093858713162
1995-06-25,MEX,1.055415927868906
1995-06-26,MEX,1.0629831140993138
1995-06-27,MEX,1.2348514681282279
1995-06-28,MEX,1.2973745300195332
1995-06-29,MEX,1.0872470785591986
1995-06-30,MEX,1.37725490251735
1995-07-01,MEX,1.3844656235194246
1995-07-02,MEX,1.056945946742507
1995-07-03,MEX,0.818493675644206
1995-07-04,MEX,0.8780603963548996
1995-07-05,MEX,0.9691653083356783
1995-07-06,MEX,1.5329019614818418
1995-07-07,MEX,1.4486640262928974
1995-07-08,MEX,1.3197454537337001
1995-07-09,MEX,1.6332961082723216
1995-07-10,MEX,1.4866994900689163
1995-07-11,MEX,1.5716093035184227
1995-07-12,MEX,1.8077679191074407
1995-07-13,MEX,1.9498327792609222
1995-07-14,MEX,1.7364935500693721
1995-07-15,MEX,1.0804904779360684
1995-07-16,MEX,1.5139922148030276
1995-07-17,MEX,2.070342255114128
1995-07-18,MEX,1.815167744252783
1995-07-19,MEX,1.9227190580334703
1995-07-20,MEX,1.3425212151138983
1995-07-21,MEX,1.0827715444449966
1995-07-22,MEX,0.7355542552633152
1995-07-23,MEX,0.9732876502432188
1995-07-24,MEX,1.122915683536524
1995-07-25,MEX,1.7360013436145463
1995-07-26,MEX,1.2935451754339176
1995-07-27,MEX,1.0317751490634877
1995-07-28,MEX,1.2486364146499427
1995-07-29,MEX,0.6647511178352499
1995-07-30,MEX,0.6364141962141984
1995-07-31,MEX,0.7152027381533278
1995-08-01,MEX,1.3333642043115985
1995-08-02,MEX,1.3658472332240288
1995-08-03,MEX,1.531701565051936
1995-08-04,MEX,1.8735719565811573
1995-08-05,MEX,1.8016901936235246
1995-08-06,MEX,2.0973286456085365
1995-08-07,MEX,2.8679545246133684
1995-08-08,MEX,2.48968266354732
1995-08-09,MEX,2.238356067341901
1995-08-10,MEX,1.5598530411876361
1995-08-11,MEX,1.876697922427396
1995-08-12,MEX,3.005899308367339
1995-08-13,MEX,3.071927088776581
1995-08-14,MEX,2.637983304382659
1995-08-15,MEX,1.8387182588198727
1995-08-16,MEX,2.433353073631166
1995-08-17,MEX,2.474875235550327
1995-08-18,MEX,2.820061860235622
1995-08-19,MEX,2.3621356995739036
1995-08-20,MEX,2.1474107125475173
1995-08-21,MEX,1.1228629567636599
1995-08-22,MEX,0.9390507928979076
1995-08-23,MEX,1.3244891618006098
1995-08-24,MEX,1.9853000863449886
1995-08-25,MEX,1.7479978137950825
1995-08-26,MEX,1.419614069420012
1995-08-27,MEX,1.6115300873281884
1995-08-28,MEX,1.6064785766030627
1995-08-29,MEX,1.5585576804496952
1995-08-30,MEX,1.784790338222289
1995-08-31,MEX,1.378291050965859
1995-09-01,MEX,2.0030474760775667
1995-09-02,MEX,2.4016208651429105
1995-09-03,MEX,1.9085340625210476
1995-09-04,MEX,1.8037047930417691
1995-09-05,MEX,1.4916250719092765
1995-09-06,MEX,1.2500509633454153
1995-09-07,MEX,1.1616324429038596
1995-09-08,MEX,0.942947046576077
1995-09-09,MEX,0.7213584076713755
1995-09-10,MEX,1.2514460562722318
1995-09-11,MEX,1.8107243987725945
1995-09-12,MEX,1.211432497439276
1995-09-13,MEX,2.3726567852692155
1995-09-14,MEX,3.0130275758837324
1995-09-15,MEX,3.1506117819186015
1995-09-16,MEX,1.398283954729754
1995-09-17,MEX,1.625772397308433
1995-09-18,MEX,1.0191266310103526
1995-09-19,MEX,1.1358385956904693
1995-09-20,MEX,1.6726239273112866
1995-09-21,MEX,1.877557368897452
1995-09-22,MEX,2.1399295107477325
1995-09-23,MEX,1.9917322015759047
1995-09-24,MEX,1.2758925266032284
1995-09-25,MEX,0.8604530250962952
1995-09-26,MEX,1.173766144517195
1995-09-27,MEX,1.6181070751163307
1995-09-28,MEX,1.6366758221328386
1995-09-29,MEX,0.9931918497663753
1995-09-30,MEX,0.6652091604785522
1995-10-01,MEX,1.08014528498194
1995-10-02,MEX,0.7486634312361721
1995-10-03,MEX,0.8764306835671736
1995-10-04,MEX,1.5980641082212446
1995-10-05,MEX,0.45220997280338865
1995-10-06,MEX,0.9826961216603597
1995-10-07,MEX,0.5719196963941338
1995-10-08,MEX,0.23736137623563713
1995-10-09,MEX,0.23876518336224067
1995-10-10,MEX,0.7721906693738274
1995-10-11,MEX,2.029502271899131
1995-10-12,MEX,1.972324521665327
1995-10-13,MEX,0.916796220946181
1995-10-14,MEX,0.9140416115963972
1995-10-15,MEX,0.7139918494516048
1995-10-16,MEX,0.300333037497254
1995-10-17,MEX,0.1532162323759466
1995-10-18,MEX,0.20407346754867234
1995-10-19,MEX,0.33748685221531705
1995-10-20,MEX,1.0483947466676597
1995-10-21,MEX,1.5632588546436281
1995-10-22,MEX,0.3877561742655177
1995-10-23,MEX,0.201213771813549
1995-10-24,MEX,0.7895615471078564
1995-10-25,MEX,0.6820704982886344
1995-10-26,MEX,0.3454733301975617
1995-10-27,MEX,0.19468076237982235
1995-10-28,MEX,0.8141407760483196
1995-10-29,MEX,1.786147402852069
1995-10-30,MEX,0.6634143387146239
1995-10-31,MEX,0.6779493900859351
1995-11-01,MEX,0.3221473113314001
1995-11-02,MEX,0.14179297061455987
1995-11-03,MEX,0.5261542483650047
1995-11-04,MEX,0.5654640848204245
1995-11-05,MEX,1.3662070824644574
1995-11-06,MEX,1.5081842144070303
1995-11-07,MEX,0.08189731643488408
1995-11-08,MEX,0.5061677822707787
1995-11-09,MEX,0.5100684065653621
1995-11-10,MEX,0.2238394078410323
1995-11-11,MEX,0.20734530590789063
1995-11-12,MEX,0.38312010507126987
1995-11-13,MEX,0.09148200983725216
1995-11-14,MEX,0.1356773831776081
1995-11-15,MEX,0.33717491829795626
1995-11-16,MEX,0.8436526147944545
1995-11-17,MEX,0.663104536678795
1995-11-18,MEX,0.6387910538153957
1995-11-19,MEX,0.45221166672914204
1995-11-20,MEX,0.4078775972531397
1995-11-21,MEX,0.7963446432750025
1995-11-22,MEX,0.30120980512303125
1995-11-23,MEX,0.04582675874256154
1995-11-24,MEX,0.21270109329569614
1995-11-25,MEX,0.19243936755171295
1995-11-26,MEX,0.03867779067418583
1995-11-27,MEX,0.004479141278159705
1995-11-28,MEX,0.020724206514890667
1995-11-29,MEX,0.1776560136156286
1995-11-30,MEX,0.20591883472268438
1995-12-01,MEX,0.12416895748125584
1995-12-02,MEX,0.07604500118164283
1995-12-03,MEX,0.022292134113030042
1995-12-04,MEX,0.058163357235779534
1995-12-05,MEX,0.013788601159523484
1995-12-06,MEX,0.010493383855169116
1995-12-07,MEX,0.049170045841824335
1995-12-08,MEX,0.05256175654418812
1995-12-09,MEX,0.20864341708481735
1995-12-10,MEX,0.9177651918554183
1995-12-11,MEX,0.4563851801581637
1995-12-12,MEX,0.10618738744851147
1995-12-13,MEX,0.05045247334596587
1995-12-14,MEX,0.09957261460764279
1995-12-15,MEX,0.06036162817463466
1995-12-16,MEX,0.11322433697610038
1995-12-17,MEX,0.2897201163312009
1995-12-18,MEX,0.14164498999415376
1995-12-19,MEX,0.36055536178906467
1995-12-20,MEX,0.16083882584523568
1995-12-21,MEX,0.48909759120069213
1995-12-22,MEX,0.21060206175119245
1995-12-23,MEX,0.36994854722932835
1995-12-24,MEX,0.1772969405462578
1995-12-25,MEX,0.4966575980409902
1995-12-26,MEX,1.171822469478117
1995-12-27,MEX,1.0144105485848771
1995-12-28,MEX,0.8453074867333165
1995-12-29,MEX,0.2385972949233758
1995-12-30,MEX,0.5845135368170415
1995-12-31,MEX,0.7390651089500375
1996-01-01,MEX,0.30101480697756644
1996-01-02,MEX,0.3718107632234379
1996-01-03,MEX,0.3170795873142324
1996-01-04,MEX,0.05673980906460674
1996-01-05,MEX,0.01837238570565114
1996-01-06,MEX,0.060330753375760195
1996-01-07,MEX,0.6298872962668421
1996-01-08,MEX,0.2371743490995891
1996-01-09,MEX,0.020639486406326596
1996-01-10,MEX,0.003366871187222446
1996-01-11,MEX,0.0018355740222708087
1996-01-12,MEX,0.1184487235179975
1996-01-13,MEX,0.042127393273548114
1996-01-14,MEX,0.002323456490247778
1996-01-15,MEX,0.00189635880523958
1996-01-16,MEX,0.024848322776484334
1996-01-17,MEX,0.03655051338963837
1996-01-18,MEX,0.009006836898415381
1996-01-19,MEX,0.2237200847820489
1996-01-20,MEX,0.009486822514640973
1996-01-21,MEX,0.06295291541230398
1996-01-22,MEX,0.14903407864297605
1996-01-23,MEX,0.02237680987571777
1996-01-24,MEX,0.03658093765812129
1996-01-25,MEX,0.10322250061312194
1996-01-26,MEX,0.010023284066197761
1996-01-27,MEX,0.1183139524103348
1996-01-28,MEX,0.2502983774021437
1996-01-29,MEX,0.013637508803804248
1996-01-30,MEX,0.012676130939427283
1996-01-31,MEX,0.06846720553144468
1996-02-01,MEX,0.5003632924092419
1996-02-02,MEX,0.20512773205245305
1996-02-03,MEX,0.24409550240119327
1996-02-04,MEX,0.41563546471949436
1996-02-05,MEX,0.18435073836930074
1996-02-06,MEX,0.029858782027257804
1996-02-07,MEX,0.021380490215355225
1996-02-08,MEX,0.020106834761258276
1996-02-09,MEX,0.06745921398974275
1996-02-10,MEX,0.033626806294013725
1996-02-11,MEX,0.16350039500528069
1996-02-12,MEX,1.028658273252604
1996-02-13,MEX,0.5469381000523779
1996-02-14,MEX,0.03321767750616493
1996-02-15,MEX,0.0076038567978746596
1996-02-16,MEX,0.20296647040433471
1996-02-17,MEX,0.1634727097208175
1996-02-18,MEX,0.02564062985708098
1996-02-19,MEX,0.003208027690025418
1996-02-20,MEX,0.00105106671381062
1996-02-21,MEX,0.0038408068802698115
1996-02-22,MEX,0.009953878991117698
1996-02-23,MEX,6.084340248878428e-4
1996-02-24,MEX,0.009687447998287316
1996-02-25,MEX,0.14240266968297266
1996-02-26,MEX,0.2138237101853417
1996-02-27,MEX,0.012824711671651227
1996-02-28,MEX,0.24509492436466523
1996-02-29,MEX,0.20821933094706674
1996-03-01,MEX,0.09785306178428232
1996-03-02,MEX,0.2044260043772014
1996-03-03,MEX,0.09091891860272663
1996-03-04,MEX,0.10032716834160775
1996-03-05,MEX,0.04148337852462965
1996-03-06,MEX,0.012808168342261377
1996-03-07,MEX,0.17898946975985464
1996-03-08,MEX,0.7435641943434025
1996-03-09,MEX,0.2476591507918792
1996-03-10,MEX,0.16790234357081757
1996-03-11,MEX,0.07812654571949051
1996-03-12,MEX,0.022345141950793044
1996-03-13,MEX,0.1617132831176747
1996-03-14,MEX,0.10780515679337446
1996-03-15,MEX,0.013495522032846357
1996-03-16,MEX,0.026127791203788303
1996-03-17,MEX,0.062381454614031995
1996-03-18,MEX,0.019578784257317895
1996-03-19,MEX,0.1302037321450684
1996-03-20,MEX,0.06859158084925769
1996-03-21,MEX,0.05236526240401239
1996-03-22,MEX,0.10476115056229189
1996-03-23,MEX,0.08177713134694989
1996-03-24,MEX,0.03439816822207696
1996-03-25,MEX,0.08033965769174899
1996-03-26,MEX,0.3979043194705622
1996-03-27,MEX,0.3052301092110355
1996-03-28,MEX,0.09681277526472039
1996-03-29,MEX,0.04973543617408793
1996-03-30,MEX,0.008058356910934221
1996-03-31,MEX,0.06779445702005099
1996-04-01,MEX,0.6019796857045373
1996-04-02,MEX,0.1922219557470721
1996-04-03,MEX,0.060146884230373385
1996-04-04,MEX,0.11452301174138822
1996-04-05,MEX,0.7861491174022657
1996-04-06,MEX,0.5553269846956134
1996-04-07,MEX,0.3376033674749625
1996-04-08,MEX,0.16335106127029575
1996-04-09,MEX,0.4448323945031627
1996-04-10,MEX,0.05988280394091961
1996-04-11,MEX,0.028745939105888667
1996-04-12,MEX,0.01947213683705389
1996-04-13,MEX,0.036035308739816314
1996-04-14,MEX,0.04402749238442035
1996-04-15,MEX,0.40661801205392484
1996-04-16,MEX,0.8378902038780757
1996-04-17,MEX,0.20868994729998727
1996-04-18,MEX,0.07091042270404066
1996-04-19,MEX,0.037136116138666415
1996-04-20,MEX,0.0289839495187988
1996-04-21,MEX,0.09339496860152922
1996-04-22,MEX,0.09878758838354974
1996-04-23,MEX,0.7696292072795293
1996-04-24,MEX,0.9497758689272763
1996-04-25,MEX,0.2937698456507485
1996-04-26,MEX,0.079054750658396
1996-04-27,MEX,0.1753764725965704
1996-04-28,MEX,0.16835950426726626
1996-04-29,MEX,0.5041191425027314
1996-04-30,MEX,0.8435385338388215
1996-05-01,MEX,0.2513221133999417
1996-05-02,MEX,0.11538073778420099
1996-05-03,MEX,0.1444530442834909
1996-05-04,MEX,0.09616419779817924
1996-05-05,MEX,0.150055882591697
1996-05-06,MEX,0.33200676430128045
1996-05-07,MEX,0.44563367316426733
1996-05-08,MEX,0.4247325555494211
1996-05-09,MEX,0.24278462368202097
1996-05-10,MEX,0.29153070038765366
1996-05-11,MEX,0.4391476789702749
1996-05-12,MEX,0.4468686539855605
1996-05-13,MEX,0.39632490947319104
1996-05-14,MEX,0.2613608689828268
1996-05-15,MEX,0.2873361709266157
1996-05-16,MEX,0.4703152881677072
1996-05-17,MEX,0.6584982292062219
1996-05-18,MEX,0.6003676029504417
1996-05-19,MEX,0.5304551241413507
1996-05-20,MEX,0.40119671463005807
1996-05-21,MEX,0.2048093726786793
1996-05-22,MEX,0.24468491309994744
1996-05-23,MEX,0.26392921936003577
1996-05-24,MEX,0.3995878464431676
1996-05-25,MEX,0.2884367690242289
1996-05-26,MEX,0.18185080111208704
1996-05-27,MEX,0.19398390106813476
1996-05-28,MEX,0.2266552021757233
1996-05-29,MEX,0.4200480089127413
1996-05-30,MEX,0.6521020748384063
1996-05-31,MEX,0.879940084658531
1996-06-01,MEX,1.15026806832332
1996-06-02,MEX,0.8586283233494888
1996-06-03,MEX,0.9024863926117312
1996-06-04,MEX,0.8096140608404486
1996-06-05,MEX,0.7867853953409871
1996-06-06,MEX,0.5872400463083197
1996-06-07,MEX,0.6482259127563149
1996-06-08,MEX,1.1869308007386088
1996-06-09,MEX,1.039066221424452
1996-06-10,MEX,0.9971011656101317
1996-06-11,MEX,0.7631030127097543
1996-06-12,MEX,1.2321747476270486
1996-06-13,MEX,1.4738330230695578
1996-06-14,MEX,1.4033597690316462
1996-06-15,MEX,1.9028878419754314
1996-06-16,MEX,1.751177852086581
1996-06-17,MEX,1.5709192422196983
1996-06-18,MEX,1.2442502036681304
1996-06-19,MEX,1.2064520945160098
1996-06-20,MEX,0.8276480515175926
1996-06-21,MEX,0.8257479611878972
1996-06-22,MEX,0.9168970946245716
1996-06-23,MEX,1.339428328734977
1996-06-24,MEX,1.2122077490120005
1996-06-25,MEX,1.4570653089844656
1996-06-26,MEX,2.234046155519077
1996-06-27,MEX,2.0166675969509362
1996-06-28,MEX,2.033429887212406
1996-06-29,MEX,3.602245062787151
1996-06-30,MEX,2.943784328600447
1996-07-01,MEX,1.2653213447672464
1996-07-02,MEX,1.1084200428228257
1996-07-03,MEX,1.9183294561461177
1996-07-04,MEX,1.8787438494837845
1996-07-05,MEX,2.082076423585888
1996-07-06,MEX,2.0361827962817536
1996-07-07,MEX,2.129317292119399
1996-07-08,MEX,1.60350602417181
1996-07-09,MEX,1.4107685395890734
1996-07-10,MEX,1.2850878140065838
1996-07-11,MEX,1.6234374799232425
1996-07-12,MEX,2.278699714631714
1996-07-13,MEX,1.5990957527020593
1996-07-14,MEX,1.2071953645339513
1996-07-15,MEX,1.5645994402665693
1996-07-16,MEX,1.5517537232363303
1996-07-17,MEX,1.1931925247531232
1996-07-18,MEX,1.2919119345498356
1996-07-19,MEX,1.6705935971228851
1996-07-20,MEX,0.941262597734141
1996-07-21,MEX,0.7625774367446531
1996-07-22,MEX,0.9552323669022442
1996-07-23,MEX,0.6708434993013298
1996-07-24,MEX,0.979191358797131
1996-07-25,MEX,1.5943929689804155
1996-07-26,MEX,1.2641174895460927
1996-07-27,MEX,0.7992215387408885
1996-07-28,MEX,0.6127172795665418
1996-07-29,MEX,0.8981795677565225
1996-07-30,MEX,1.3459732369340847
1996-07-31,MEX,0.9210747713931677
1996-08-01,MEX,1.1905061131232253
1996-08-02,MEX,1.390602268124549
1996-08-03,MEX,1.3189423842484032
1996-08-04,MEX,1.126467810951918
1996-08-05,MEX,0.9624818758403274
1996-08-06,MEX,1.240991659508404
1996-08-07,MEX,1.4639623767041805
1996-08-08,MEX,1.9491563426014695
1996-08-09,MEX,2.4192041431644844
1996-08-10,MEX,2.2959618687342362
1996-08-11,MEX,1.793451225141574
1996-08-12,MEX,1.587935903313307
1996-08-13,MEX,2.103422610476479
1996-08-14,MEX,1.6350374521320348
1996-08-15,MEX,1.6674178399307609
1996-08-16,MEX,1.3202506400655614
1996-08-17,MEX,1.3254190632396972
1996-08-18,MEX,1.1799859464535503
1996-08-19,MEX,1.3018147735960284
1996-08-20,MEX,1.3720019733118525
1996-08-21,MEX,2.6069995782607283
1996-08-22,MEX,2.3720058025862554
1996-08-23,MEX,4.965229004654165
1996-08-24,MEX,5.289156319048015
1996-08-25,MEX,3.907917714233637
1996-08-26,MEX,3.158432510131956
1996-08-27,MEX,2.7163227880291005
1996-08-28,MEX,2.596034502384561
1996-08-29,MEX,2.172986685107438
1996-08-30,MEX,2.0436004798248746
1996-08-31,MEX,1.860907874341829
1996-09-01,MEX,1.8242386543624076
1996-09-02,MEX,1.7736067693145
1996-09-03,MEX,1.8358247831676215
1996-09-04,MEX,2.0627159018787338
1996-09-05,MEX,2.1058637411082364
1996-09-06,MEX,1.7779455002646205
1996-09-07,MEX,1.7219762172247617
1996-09-08,MEX,1.542152861022212
1996-09-09,MEX,1.505073602597599
1996-09-10,MEX,1.3146713827151593
1996-09-11,MEX,1.3799386900399846
1996-09-12,MEX,1.3475565494956812
1996-09-13,MEX,1.7719289869904034
1996-09-14,MEX,2.9490952893776705
1996-09-15,MEX,0.703857378175124
1996-09-16,MEX,0.35374576466364455
1996-09-17,MEX,0.6871479911550946
1996-09-18,MEX,0.8090740376466373
1996-09-19,MEX,0.7931631110679053
1996-09-20,MEX,0.8333156720762332
1996-09-21,MEX,0.7566998679636915
1996-09-22,MEX,0.9944445737420116
1996-09-23,MEX,0.9794966533957715
1996-09-24,MEX,1.0946623899190204
1996-09-25,MEX,0.9395138524519371
1996-09-26,MEX,0.704465482722377
1996-09-27,MEX,0.6134042507011818
1996-09-28,MEX,1.690784959775756
1996-09-29,MEX,1.3329209639848152
1996-09-30,MEX,1.8517206288955819
1996-10-01,MEX,1.905154064868947
1996-10-02,MEX,2.2022252636560538
1996-10-03,MEX,4.127128545625695
1996-10-04,MEX,4.683105940102098
1996-10-05,MEX,2.5720370110219797
1996-10-06,MEX,1.7691406522394217
1996-10-07,MEX,1.4698654790643957
1996-10-08,MEX,1.0282798187008166
1996-10-09,MEX,0.8736383322517149
1996-10-10,MEX,0.3305976991389671
1996-10-11,MEX,0.4202294775846709
1996-10-12,MEX,0.4379787232943858
1996-10-13,MEX,0.3938389929802697
1996-10-14,MEX,0.34652241028622205
1996-10-15,MEX,0.2626243359745593
1996-10-16,MEX,0.2083604142492131
1996-10-17,MEX,0.1116131304005203
1996-10-18,MEX,0.22730218744172043
1996-10-19,MEX,0.4891050081030808
1996-10-20,MEX,0.17531073547378462
1996-10-21,MEX,0.08905537012304102
1996-10-22,MEX,0.31240233849312
1996-10-23,MEX,0.4503872744085649
1996-10-24,MEX,0.6279946189750651
1996-10-25,MEX,0.19779703199479076
1996-10-26,MEX,0.31371353903348986
1996-10-27,MEX,0.5780218212006913
1996-10-28,MEX,0.627198382173672
1996-10-29,MEX,0.08205579097124703
1996-10-30,MEX,0.0776099620851505
1996-10-31,MEX,0.14325553279762143
1996-11-01,MEX,0.09528950941870912
1996-11-02,MEX,0.7356692499242803
1996-11-03,MEX,0.8409191860449128
1996-11-04,MEX,0.4006834787909658
1996-11-05,MEX,0.26434012043329824
1996-11-06,MEX,0.1457262795609378
1996-11-07,MEX,0.043380463432479796
1996-11-08,MEX,0.5249352929698705
1996-11-09,MEX,0.41948845727495643
1996-11-10,MEX,0.05709417417447747
1996-11-11,MEX,0.07196068383982238
1996-11-12,MEX,0.12282632889011551
1996-11-13,MEX,0.4882911817497284
1996-11-14,MEX,0.3033366867508533
1996-11-15,MEX,0.14162947731570832
1996-11-16,MEX,0.10689974020733813
1996-11-17,MEX,0.15130018529672984
1996-11-18,MEX,0.35793287162452303
1996-11-19,MEX,0.17760457046769526
1996-11-20,MEX,0.019550174590070763
1996-11-21,MEX,0.03278920575936247
1996-11-22,MEX,0.13679539305851593
1996-11-23,MEX,0.1601729124675923
1996-11-24,MEX,0.15983474211228696
1996-11-25,MEX,0.4613200604089616
1996-11-26,MEX,0.3784033634461667
1996-11-27,MEX,0.47604084380823114
1996-11-28,MEX,2.4040273563376005
1996-11-29,MEX,0.6399635774684145
1996-11-30,MEX,0.1517556023220316
1996-12-01,MEX,0.2313292693860053
1996-12-02,MEX,0.3590845000068045
1996-12-03,MEX,0.19004888943965428
1996-12-04,MEX,0.47123595225051257
1996-12-05,MEX,0.07097775921057226
1996-12-06,MEX,0.029185852558410753
1996-12-07,MEX,0.017264956390776007
1996-12-08,MEX,0.19258707777515185
1996-12-09,MEX,0.1965856683916815
1996-12-10,MEX,0.08494903231021964
1996-12-11,MEX,0.00913017252345766
1996-12-12,MEX,0.02102381784089669
1996-12-13,MEX,0.08805697279778829
1996-12-14,MEX,0.10559334635160146
1996-12-15,MEX,0.190330033113889
1996-12-16,MEX,0.18035275625629535
1996-12-17,MEX,0.04887811714396338
1996-12-18,MEX,0.18512168319797942
1996-12-19,MEX,0.8206549821828437
1996-12-20,MEX,0.3454713012572757
1996-12-21,MEX,0.13512301953131375
1996-12-22,MEX,0.06524550191753407
1996-12-23,MEX,0.0718042212819387
1996-12-24,MEX,0.1613577223326751
1996-12-25,MEX,0.5079332693715548
1996-12-26,MEX,0.08145392531530007
1996-12-27,MEX,0.05750913737102268
1996-12-28,MEX,0.05771522227436159
1996-12-29,MEX,0.13354609619003743
1996-12-30,MEX,0.16306679167843027
1996-12-31,MEX,0.07028261632215402
1997-01-01,MEX,0.18270596297548136
1997-01-02,MEX,0.14410372833644472
1997-01-03,MEX,0.05663007367596846
1997-01-04,MEX,0.019141682118339106
1997-01-05,MEX,0.019657991615251717
1997-01-06,MEX,0.2674781985966164
1997-01-07,MEX,0.479665794657515
1997-01-08,MEX,0.39438152341414284
1997-01-09,MEX,0.25638690592984414
1997-01-10,MEX,0.31988711067613634
1997-01-11,MEX,0.05368076806104103
1997-01-12,MEX,0.13654496518666237
1997-01-13,MEX,0.7911862791737915
1997-01-14,MEX,0.2658456291296593
1997-01-15,MEX,0.021961662996862377
1997-01-16,MEX,0.08081186509332879
1997-01-17,MEX,0.3320068452307657
1997-01-18,MEX,1.3389840125797567
1997-01-19,MEX,1.425251276975305
1997-01-20,MEX,0.39679188650280356
1997-01-21,MEX,0.031124108657916923
1997-01-22,MEX,0.03039938102626356
1997-01-23,MEX,0.05713965330084873
1997-01-24,MEX,0.036979116570230855
1997-01-25,MEX,0.078406016606851
1997-01-26,MEX,0.17500623944518404
1997-01-27,MEX,0.02380162844602918
1997-01-28,MEX,0.31701629483894533
1997-01-29,MEX,0.6846829694689575
1997-01-30,MEX,0.2509357502527045
1997-01-31,MEX,0.19799625859635586
1997-02-01,MEX,1.1721195382632725
1997-02-02,MEX,0.46904172680676576
1997-02-03,MEX,0.04273905728725137
1997-02-04,MEX,0.061757382160963395
1997-02-05,MEX,0.318859700046707
1997-02-06,MEX,0.2810769595071532
1997-02-07,MEX,0.044469760389901275
1997-02-08,MEX,0.32392912335856794
1997-02-09,MEX,0.20621452111605884
1997-02-10,MEX,0.11884342965590337
1997-02-11,MEX,0.3423067539152846
1997-02-12,MEX,0.1349460885085191
1997-02-13,MEX,0.07017479647977123
1997-02-14,MEX,0.19416107436654098
1997-02-15,MEX,0.7451278924936734
1997-02-16,MEX,0.44598696945607935
1997-02-17,MEX,0.4911600155233358
1997-02-18,MEX,0.227365379002617
1997-02-19,MEX,0.16964025119514048
1997-02-20,MEX,0.5092987929832342
1997-02-21,MEX,0.008631913211509086
1997-02-22,MEX,0.22291819000994043
1997-02-23,MEX,0.17133706303422405
1997-02-24,MEX,0.14656444124826354
1997-02-25,MEX,0.16827512135308023
1997-02-26,MEX,0.05315963598702274
1997-02-27,MEX,0.08719253338770384
1997-02-28,MEX,0.4833087258594115
1997-03-01,MEX,0.5146375957670416
1997-03-02,MEX,0.02703730174207494
1997-03-03,MEX,0.10029414368824259
1997-03-04,MEX,0.04102793251886891
1997-03-05,MEX,0.02923604697818174
1997-03-06,MEX,0.48161475824034794
1997-03-07,MEX,0.31135079583348324
1997-03-08,MEX,0.17561829365336687
1997-03-09,MEX,0.1324425972222666
1997-03-10,MEX,0.8065196210597102
1997-03-11,MEX,1.6015786431192696
1997-03-12,MEX,0.5443588560396861
1997-03-13,MEX,0.0922432113693735
1997-03-14,MEX,0.09313218351503785
1997-03-15,MEX,0.28854658099506925
1997-03-16,MEX,0.3052202380249307
1997-03-17,MEX,0.12213319410562642
1997-03-18,MEX,0.25113544005822547
1997-03-19,MEX,1.6209377746784481
1997-03-20,MEX,0.9656530300731507
1997-03-21,MEX,0.4697155687406114
1997-03-22,MEX,0.4288316662549261
1997-03-23,MEX,0.3627940289173436
1997-03-24,MEX,0.21479187811905068
1997-03-25,MEX,0.055203914021361225
1997-03-26,MEX,0.30660447958783704
1997-03-27,MEX,0.25884170267818396
1997-03-28,MEX,0.10868624170992743
1997-03-29,MEX,0.06440858753179705
1997-03-30,MEX,0.5256132174773757
1997-03-31,MEX,1.3069252214304172
1997-04-01,MEX,0.4101990176755561
1997-04-02,MEX,0.34922670304802533
1997-04-03,MEX,1.4516914630026618
1997-04-04,MEX,1.416208256636849
1997-04-05,MEX,0.20120236621325058
1997-04-06,MEX,0.3198939090416669
1997-04-07,MEX,0.6654360210020686
1997-04-08,MEX,0.9391655775719688
1997-04-09,MEX,1.2398831230198428
1997-04-10,MEX,0.8900441287688331
1997-04-11,MEX,0.15181942101510273
1997-04-12,MEX,0.24873733568387718
1997-04-13,MEX,1.2270811869894669
1997-04-14,MEX,0.7860314084561622
1997-04-15,MEX,0.9853747047549248
1997-04-16,MEX,0.604050935422524
1997-04-17,MEX,1.1803780061365172
1997-04-18,MEX,0.9754331428248927
1997-04-19,MEX,0.3269512445826101
1997-04-20,MEX,0.5465837024756823
1997-04-21,MEX,0.46695238352376406
1997-04-22,MEX,0.17890184272844184
1997-04-23,MEX,0.03777127637085942
1997-04-24,MEX,0.06695978018436984
1997-04-25,MEX,0.5799707997163347
1997-04-26,MEX,0.6607157930210239
1997-04-27,MEX,0.6130783096857936
1997-04-28,MEX,0.17655001010863788
1997-04-29,MEX,0.01431759627111772
1997-04-30,MEX,0.01578639348914461
1997-05-01,MEX,0.034095165401049225
1997-05-02,MEX,0.07594843418528187
1997-05-03,MEX,0.3401400832048157
1997-05-04,MEX,0.7525372610553299
1997-05-05,MEX,0.3669036229577321
1997-05-06,MEX,0.1337694244650798
1997-05-07,MEX,0.23708350683885246
1997-05-08,MEX,0.44057446929067123
1997-05-09,MEX,1.1177776222106917
1997-05-10,MEX,1.6702699118115907
1997-05-11,MEX,0.8276453778117564
1997-05-12,MEX,0.5480257484454738
1997-05-13,MEX,0.6303928060998252
1997-05-14,MEX,0.4543934251643395
1997-05-15,MEX,0.5820400664181202
1997-05-16,MEX,0.9489292121608689
1997-05-17,MEX,0.9361281249600408
1997-05-18,MEX,0.6157760349136485
1997-05-19,MEX,0.32952294762655215
1997-05-20,MEX,0.8202392101063919
1997-05-21,MEX,0.7850197077007501
1997-05-22,MEX,1.133829963771286
1997-05-23,MEX,0.9968222738207683
1997-05-24,MEX,0.30582997523673594
1997-05-25,MEX,0.18771827501001564
1997-05-26,MEX,0.20181364986550687
1997-05-27,MEX,0.37382050925799376
1997-05-28,MEX,0.9248969472700564
1997-05-29,MEX,1.0108421975523894
1997-05-30,MEX,0.7724962709656052
1997-05-31,MEX,0.8395899142269291
1997-06-01,MEX,1.0593408884435873
1997-06-02,MEX,0.6600968540865042
1997-06-03,MEX,0.4630241074335571
1997-06-04,MEX,0.547578619224177
1997-06-05,MEX,0.47488326595920033
1997-06-06,MEX,0.9513990632483974
1997-06-07,MEX,0.8326123049837308
1997-06-08,MEX,0.760432438921619
1997-06-09,MEX,0.8890261131221804
1997-06-10,MEX,1.2157822842572432
1997-06-11,MEX,1.14377518440611
1997-06-12,MEX,0.867103259722248
1997-06-13,MEX,0.7965876154071808
1997-06-14,MEX,1.4280392439671157
1997-06-15,MEX,1.276060345385512
1997-06-16,MEX,0.6770577978102456
1997-06-17,MEX,0.5156738446958212
1997-06-18,MEX,1.187695980020211
1997-06-19,MEX,0.9495054539072026
1997-06-20,MEX,0.8827314559329984
1997-06-21,MEX,1.1852736849953718
1997-06-22,MEX,1.2197768669897133
1997-06-23,MEX,1.9181399203712288
1997-06-24,MEX,2.1775371874279963
1997-06-25,MEX,1.448100556516683
1997-06-26,MEX,1.6051182807672744
1997-06-27,MEX,1.7876894925437186
1997-06-28,MEX,1.730143738495735
1997-06-29,MEX,1.7644878820020407
1997-06-30,MEX,1.670491317750737
1997-07-01,MEX,1.5864742680936261
1997-07-02,MEX,1.5596092200143976
1997-07-03,MEX,1.9286307007735566
1997-07-04,MEX,1.4864132219828163
1997-07-05,MEX,1.4686943932427905
1997-07-06,MEX,0.9319429467670137
1997-07-07,MEX,0.5993754174382614
1997-07-08,MEX,0.8141592131063273
1997-07-09,MEX,0.9226293060094412
1997-07-10,MEX,0.923747167856998
1997-07-11,MEX,0.5892675487002385
1997-07-12,MEX,0.7172045528351632
1997-07-13,MEX,0.9891052300019455
1997-07-14,MEX,1.093948878384691
1997-07-15,MEX,1.1284921015920772
1997-07-16,MEX,0.755264460638474
1997-07-17,MEX,0.9222057352447274
1997-07-18,MEX,1.0517636844426186
1997-07-19,MEX,1.4661570245717312
1997-07-20,MEX,1.640466327017068
1997-07-21,MEX,1.6141251087355462
1997-07-22,MEX,0.7729439626761677
1997-07-23,MEX,0.6389198688918725
1997-07-24,MEX,0.9132924273690158
1997-07-25,MEX,1.0307967988774778
1997-07-26,MEX,0.9714968935871854
1997-07-27,MEX,1.206125200232793
1997-07-28,MEX,1.4158032988020721
1997-07-29,MEX,1.9103653182419398
1997-07-30,MEX,1.5191739218210114
1997-07-31,MEX,1.2171622694261024
1997-08-01,MEX,1.1080700339254348
1997-08-02,MEX,1.394417683343113
1997-08-03,MEX,1.4408130900734675
1997-08-04,MEX,1.0871991595466628
1997-08-05,MEX,1.204548532594952
1997-08-06,MEX,0.9219428592983947
1997-08-07,MEX,1.03857888396285
1997-08-08,MEX,0.9944001986463863
1997-08-09,MEX,0.9864026288087355
1997-08-10,MEX,0.5665730562969372
1997-08-11,MEX,0.7322525770170628
1997-08-12,MEX,0.7647617153948516
1997-08-13,MEX,0.9427251110603398
1997-08-14,MEX,1.318298726320285
1997-08-15,MEX,0.9806155613208123
1997-08-16,MEX,0.9496182025300154
1997-08-17,MEX,1.069154269547837
1997-08-18,MEX,0.982485081820552
1997-08-19,MEX,0.8869031026774332
1997-08-20,MEX,0.6159909035917108
1997-08-21,MEX,0.47039363871005613
1997-08-22,MEX,0.2886845864696809
1997-08-23,MEX,0.4118857450499796
1997-08-24,MEX,1.1160598018596724
1997-08-25,MEX,1.288963262504197
1997-08-26,MEX,1.0308209916496067
1997-08-27,MEX,1.0112891972146338
1997-08-28,MEX,1.1757862503451577
1997-08-29,MEX,2.1298250744263725
1997-08-30,MEX,1.5412067709347648
1997-08-31,MEX,1.3675566476851089
1997-09-01,MEX,1.2694230516956155
1997-09-02,MEX,1.3494143350894328
1997-09-03,MEX,1.041150662214336
1997-09-04,MEX,1.3470498872642245
1997-09-05,MEX,1.6719009270673133
1997-09-06,MEX,1.5136382163631767
1997-09-07,MEX,1.5731588137441546
1997-09-08,MEX,2.0285493389539693
1997-09-09,MEX,1.7573668676654943
1997-09-10,MEX,1.0323972551332357
1997-09-11,MEX,1.0847179329489598
1997-09-12,MEX,1.2739488403293324
1997-09-13,MEX,1.617150412906607
1997-09-14,MEX,1.3269066249292492
1997-09-15,MEX,1.0010515470526635
1997-09-16,MEX,0.8120077663467827
1997-09-17,MEX,1.0230006980228439
1997-09-18,MEX,0.9573438579675078
1997-09-19,MEX,1.184688626506996
1997-09-20,MEX,0.945147876150032
1997-09-21,MEX,2.014402896568598
1997-09-22,MEX,2.0800824497043773
1997-09-23,MEX,2.2373666681943534
1997-09-24,MEX,3.0262530904650746
1997-09-25,MEX,2.9910269467368256
1997-09-26,MEX,0.8617176434464793
1997-09-27,MEX,0.6542967099494901
1997-09-28,MEX,1.1200779273505734
1997-09-29,MEX,1.7566875333195608
1997-09-30,MEX,1.5755548246135096
1997-10-01,MEX,1.8270192433670502
1997-10-02,MEX,1.6769716881502252
1997-10-03,MEX,1.2913125628520028
1997-10-04,MEX,0.9018396621935969
1997-10-05,MEX,1.34320487813951
1997-10-06,MEX,1.6586482970670366
1997-10-07,MEX,1.750040488188151
1997-10-08,MEX,1.418891843032074
1997-10-09,MEX,3.6670899936933887
1997-10-10,MEX,2.945537886140629
1997-10-11,MEX,2.7112558862660134
1997-10-12,MEX,2.1181719392509097
1997-10-13,MEX,2.926427080040962
1997-10-14,MEX,1.9727881075923261
1997-10-15,MEX,0.6109002976119814
1997-10-16,MEX,0.9802629961324972
1997-10-17,MEX,1.206997531092547
1997-10-18,MEX,0.34581110963901285
1997-10-19,MEX,0.048351203641380826
1997-10-20,MEX,0.04907874374907426
1997-10-21,MEX,0.07492826389685078
1997-10-22,MEX,0.1708648356220657
1997-10-23,MEX,0.09388782007547954
1997-10-24,MEX,0.011365546664631672
1997-10-25,MEX,0.044036874592830615
1997-10-26,MEX,0.06181349571907763
1997-10-27,MEX,0.5273041338418945
1997-10-28,MEX,0.5963530194660979
1997-10-29,MEX,0.2608671390600535
1997-10-30,MEX,0.12195451319233896
1997-10-31,MEX,0.08163269251660316
1997-11-01,MEX,0.03668315251222458
1997-11-02,MEX,0.3779874300870264
1997-11-03,MEX,0.646087277220404
1997-11-04,MEX,0.2597978035225373
1997-11-05,MEX,0.04628167528022545
1997-11-06,MEX,0.21133198617586416
1997-11-07,MEX,0.49947685809610287
1997-11-08,MEX,0.48940266234302515
1997-11-09,MEX,1.0365359733220252
1997-11-10,MEX,1.6322688852254614
1997-11-11,MEX,2.5276222667666204
1997-11-12,MEX,2.4418123351944807
1997-11-13,MEX,0.9433003187950636
1997-11-14,MEX,0.23752101244388316
1997-11-15,MEX,0.5943717139276095
1997-11-16,MEX,1.1556508335695854
1997-11-17,MEX,0.4901732455189703
1997-11-18,MEX,0.3112480203231897
1997-11-19,MEX,0.37050148474696776
1997-11-20,MEX,0.2027242231640128
1997-11-21,MEX,0.14955812404162172
1997-11-22,MEX,0.3769160960626616
1997-11-23,MEX,0.8615602113983822
1997-11-24,MEX,0.574990812903341
1997-11-25,MEX,0.7290509886756859
1997-11-26,MEX,0.5360728017656966
1997-11-27,MEX,0.3979031959860886
1997-11-28,MEX,0.08985714142251114
1997-11-29,MEX,0.044062280915000016
1997-11-30,MEX,0.338409108468867
1997-12-01,MEX,0.5580462321604936
1997-12-02,MEX,0.4897761405984926
1997-12-03,MEX,0.18215154723610727
1997-12-04,MEX,0.36425581639381516
1997-12-05,MEX,0.42308373972058716
1997-12-06,MEX,0.65078771950152
1997-12-07,MEX,1.1379302510542775
1997-12-08,MEX,0.10302204471823642
1997-12-09,MEX,0.06417713772928775
1997-12-10,MEX,0.030692817912300222
1997-12-11,MEX,0.23938911884193642
1997-12-12,MEX,0.6582405699981093
1997-12-13,MEX,0.5355636157281807
1997-12-14,MEX,0.18020727329824854
1997-12-15,MEX,0.006311136180060217
1997-12-16,MEX,0.002622529342731383
1997-12-17,MEX,0.03154387940000665
1997-12-18,MEX,0.6902019311832466
1997-12-19,MEX,0.3749056789627959
1997-12-20,MEX,1.2749887395580908
1997-12-21,MEX,0.11401732741747314
1997-12-22,MEX,1.5654829852359686
1997-12-23,MEX,0.8567729108244901
1997-12-24,MEX,0.05279813524223733
1997-12-25,MEX,0.2822926975559843
1997-12-26,MEX,0.3175223020953089
1997-12-27,MEX,0.4376852914632308
1997-12-28,MEX,0.14290046023591993
1997-12-29,MEX,0.25645700517307074
1997-12-30,MEX,0.018455477748864507
1997-12-31,MEX,0.017511958187975584
1998-01-01,MEX,0.13461301508027113
1998-01-02,MEX,0.101967809255864
1998-01-03,MEX,0.1867384190283624
1998-01-04,MEX,0.13165969638550618
1998-01-05,MEX,0.07440432468243004
1998-01-06,MEX,0.20732887456657953
1998-01-07,MEX,0.13521475121667073
1998-01-08,MEX,0.20230062270862958
1998-01-09,MEX,0.159155539057345
1998-01-10,MEX,0.10853407147822133
1998-01-11,MEX,0.06699034677256009
1998-01-12,MEX,0.02608401149429867
1998-01-13,MEX,0.06561735959734663
1998-01-14,MEX,0.1445914916873047
1998-01-15,MEX,0.36997418598238774
1998-01-16,MEX,0.21249882637206505
1998-01-17,MEX,0.008255497406890756
1998-01-18,MEX,0.15837544006958398
1998-01-19,MEX,0.42257576579648237
1998-01-20,MEX,0.27400192753023456
1998-01-21,MEX,0.020441950092242523
1998-01-22,MEX,0.0733487541658628
1998-01-23,MEX,0.23519024192282528
1998-01-24,MEX,0.3032115689273643
1998-01-25,MEX,0.1401753460497833
1998-01-26,MEX,0.14298539276359315
1998-01-27,MEX,0.27514592739218846
1998-01-28,MEX,0.012776462264166816
1998-01-29,MEX,0.027788369962905967
1998-01-30,MEX,0.034196505601746495
1998-01-31,MEX,0.11565271217110193
1998-02-01,MEX,0.2266817231370048
1998-02-02,MEX,0.501621726764661
1998-02-03,MEX,0.4996533397004204
1998-02-04,MEX,1.1309823209043233
1998-02-05,MEX,0.04433762222325979
1998-02-06,MEX,0.2250777681172068
1998-02-07,MEX,0.07708027851895836
1998-02-08,MEX,0.1669191042146284
1998-02-09,MEX,0.19382039736774637
1998-02-10,MEX,0.0700455698050064
1998-02-11,MEX,0.03231936523721844
1998-02-12,MEX,0.030674088287097837
1998-02-13,MEX,0.06342375192486664
1998-02-14,MEX,1.0331606678561998
1998-02-15,MEX,1.0038880218735435
1998-02-16,MEX,0.32156723769788165
1998-02-17,MEX,0.2950952592437528
1998-02-18,MEX,0.29615732965541447
1998-02-19,MEX,0.0397874697293015
1998-02-20,MEX,0.32424443331903496
1998-02-21,MEX,0.2236482061628692
1998-02-22,MEX,0.026383833146861962
1998-02-23,MEX,0.00760286921162861
1998-02-24,MEX,0.2093454937548075
1998-02-25,MEX,0.13622286581811652
1998-02-26,MEX,0.03694313582946855
1998-02-27,MEX,0.008152379492843358
1998-02-28,MEX,0.0318209536884218
1998-03-01,MEX,0.3480786854818724
1998-03-02,MEX,0.25898752169724615
1998-03-03,MEX,0.32264604854995155
1998-03-04,MEX,0.1825256932569819
1998-03-05,MEX,0.017845557814836276
1998-03-06,MEX,0.24221693490081714
1998-03-07,MEX,0.12718069854318428
1998-03-08,MEX,0.02490512201367041
1998-03-09,MEX,0.06002170833891787
1998-03-10,MEX,0.1577748450675012
1998-03-11,MEX,0.20577689221979809
1998-03-12,MEX,0.5301182008524026
1998-03-13,MEX,0.31411596771127936
1998-03-14,MEX,0.17992671836203122
1998-03-15,MEX,0.45230394656037887
1998-03-16,MEX,0.2994688761697002
1998-03-17,MEX,0.06414777108525331
1998-03-18,MEX,0.023619836817787194
1998-03-19,MEX,0.020366378729242626
1998-03-20,MEX,0.23568955646884684
1998-03-21,MEX,0.14602228408122678
1998-03-22,MEX,0.3467855902457854
1998-03-23,MEX,0.03778028671599454
1998-03-24,MEX,0.0017725397078726028
1998-03-25,MEX,0.027156990766698606
1998-03-26,MEX,0.4767302212934985
1998-03-27,MEX,0.03764289268108845
1998-03-28,MEX,0.10326785099290421
1998-03-29,MEX,0.1962159666800179
1998-03-30,MEX,0.24514771107536695
1998-03-31,MEX,0.00703902196900084
1998-04-01,MEX,0.0993578299446733
1998-04-02,MEX,0.019747274919762168
1998-04-03,MEX,0.010096921582283617
1998-04-04,MEX,0.045211517782613356
1998-04-05,MEX,0.03006507585807297
1998-04-06,MEX,0.049584831737427046
1998-04-07,MEX,0.03207008288522673
1998-04-08,MEX,0.006692584998810509
1998-04-09,MEX,0.06818699799964442
1998-04-10,MEX,0.14887176878840258
1998-04-11,MEX,0.16345403954814866
1998-04-12,MEX,0.042544810791554935
1998-04-13,MEX,0.0029963756894669058
1998-04-14,MEX,0.008980512583162138
1998-04-15,MEX,0.026095881482375752
1998-04-16,MEX,0.0044110325126560795
1998-04-17,MEX,0.011688850254989223
1998-04-18,MEX,0.14400000554720624
1998-04-19,MEX,0.26492950611285
1998-04-20,MEX,0.18067807611032025
1998-04-21,MEX,0.4906507701973002
1998-04-22,MEX,0.529739960696406
1998-04-23,MEX,0.19070218205409933
1998-04-24,MEX,0.03837788900220482
1998-04-25,MEX,0.008943292672560815
1998-04-26,MEX,0.01307145768314703
1998-04-27,MEX,0.04896598948201257
1998-04-28,MEX,0.29400518295247974
1998-04-29,MEX,0.38592040147363227
1998-04-30,MEX,0.3579727676299846
1998-05-01,MEX,0.16350275434978273
1998-05-02,MEX,0.06979875584516751
1998-05-03,MEX,0.04767751054803886
1998-05-04,MEX,0.007464613989726054
1998-05-05,MEX,0.009008682413969512
1998-05-06,MEX,0.004617842818045861
1998-05-07,MEX,0.0019705575512887485
1998-05-08,MEX,0.006846884059471791
1998-05-09,MEX,0.0023968759725135572
1998-05-10,MEX,0.004830344044653726
1998-05-11,MEX,0.01187955304402513
1998-05-12,MEX,0.021978036656385414
1998-05-13,MEX,0.07564477671446193
1998-05-14,MEX,0.05667100267450167
1998-05-15,MEX,0.06149309017740159
1998-05-16,MEX,0.047047214259412315
1998-05-17,MEX,0.0780350909095037
1998-05-18,MEX,0.06752608850366806
1998-05-19,MEX,0.04797967545829259
1998-05-20,MEX,0.028992657740269368
1998-05-21,MEX,0.014885166498492768
1998-05-22,MEX,0.01509831959842997
1998-05-23,MEX,0.026084659861049058
1998-05-24,MEX,0.0930224358587638
1998-05-25,MEX,0.1304689250320598
1998-05-26,MEX,0.4537322751475282
1998-05-27,MEX,0.5307207550453659
1998-05-28,MEX,0.4753995364636749
1998-05-29,MEX,0.46577377501391243
1998-05-30,MEX,0.5041697923067266
1998-05-31,MEX,0.4598685988180884
1998-06-01,MEX,0.26959293786491784
1998-06-02,MEX,0.21712528331974854
1998-06-03,MEX,0.18566077231739364
1998-06-04,MEX,0.19039869926527006
1998-06-05,MEX,0.22307152935634147
1998-06-06,MEX,0.6779404582655753
1998-06-07,MEX,0.7821576846684984
1998-06-08,MEX,0.538787616300855
1998-06-09,MEX,0.7121166654365559
1998-06-10,MEX,2.2992405486508996
1998-06-11,MEX,1.0407020505349682
1998-06-12,MEX,0.6518858060521431
1998-06-13,MEX,0.40939378634182266
1998-06-14,MEX,0.15690461635626018
1998-06-15,MEX,0.19933842142993063
1998-06-16,MEX,0.37643848069360175
1998-06-17,MEX,0.4376239531182269
1998-06-18,MEX,0.6484919457063701
1998-06-19,MEX,0.9937531300431511
1998-06-20,MEX,0.5241832674840117
1998-06-21,MEX,0.5270150819262825
1998-06-22,MEX,1.0111841098502705
1998-06-23,MEX,1.0208237718644881
1998-06-24,MEX,1.1739603479161296
1998-06-25,MEX,1.4355227946199833
1998-06-26,MEX,1.267913164562588
1998-06-27,MEX,1.4120853347289781
1998-06-28,MEX,0.8924375300025005
1998-06-29,MEX,1.077605729613971
1998-06-30,MEX,1.7711057754934043
1998-07-01,MEX,2.727400987004917
1998-07-02,MEX,2.779799734126878
1998-07-03,MEX,1.905166716864185
1998-07-04,MEX,1.138562900226071
1998-07-05,MEX,1.606236839916795
1998-07-06,MEX,1.3617984056781793
1998-07-07,MEX,1.1488677228799327
1998-07-08,MEX,1.2118278298896572
1998-07-09,MEX,1.9555462647054112
1998-07-10,MEX,2.2982276105981496
1998-07-11,MEX,1.0410442786429688
1998-07-12,MEX,0.7896835469810883
1998-07-13,MEX,0.5619819446614381
1998-07-14,MEX,0.8131422373136263
1998-07-15,MEX,1.5533087165469872
1998-07-16,MEX,1.67191407451388
1998-07-17,MEX,1.2430269844446848
1998-07-18,MEX,1.4797677755243166
1998-07-19,MEX,1.1204023484771553
1998-07-20,MEX,1.2831996842048683
1998-07-21,MEX,1.3465817141991117
1998-07-22,MEX,1.108062473828671
1998-07-23,MEX,1.353332418907745
1998-07-24,MEX,1.0982448876028454
1998-07-25,MEX,1.1390614094701383
1998-07-26,MEX,1.5366911203782354
1998-07-27,MEX,1.4869217360263847
1998-07-28,MEX,1.4797599000351305
1998-07-29,MEX,1.0971030473051202
1998-07-30,MEX,1.0566411433420972
1998-07-31,MEX,1.2048430412252198
1998-08-01,MEX,1.2548050036587057
1998-08-02,MEX,1.0763390428683866
1998-08-03,MEX,0.9185988894043955
1998-08-04,MEX,1.413779875021375
1998-08-05,MEX,1.5691505771055285
1998-08-06,MEX,2.0984295895809812
1998-08-07,MEX,2.1744304584365826
1998-08-08,MEX,1.7475832966354274
1998-08-09,MEX,1.553916718683057
1998-08-10,MEX,1.1375422347751454
1998-08-11,MEX,0.8611125490363187
1998-08-12,MEX,0.8561155848252296
1998-08-13,MEX,1.0746887364068225
1998-08-14,MEX,1.6085974034032986
1998-08-15,MEX,1.7926323847621586
1998-08-16,MEX,1.7037261489283053
1998-08-17,MEX,2.0616146231539316
1998-08-18,MEX,1.6251073405368865
1998-08-19,MEX,1.3499128628521069
1998-08-20,MEX,1.5463777178154805
1998-08-21,MEX,1.5710731633162522
1998-08-22,MEX,1.7264072150757768
1998-08-23,MEX,1.8687454137214545
1998-08-24,MEX,1.4865730265011299
1998-08-25,MEX,1.4652548950699047
1998-08-26,MEX,1.805795656484645
1998-08-27,MEX,1.7505124031270838
1998-08-28,MEX,1.5202320671005431
1998-08-29,MEX,1.6036730483631556
1998-08-30,MEX,2.180043277850588
1998-08-31,MEX,1.9325649706728139
1998-09-01,MEX,1.8906715391547757
1998-09-02,MEX,3.11760917106161
1998-09-03,MEX,3.0792122854291866
1998-09-04,MEX,1.819389094716463
1998-09-05,MEX,2.4685072703973225
1998-09-06,MEX,3.0604175768429545
1998-09-07,MEX,3.275646315676095
1998-09-08,MEX,3.1870696926426136
1998-09-09,MEX,2.6905793824736803
1998-09-10,MEX,2.0111031822833842
1998-09-11,MEX,2.057531271526934
1998-09-12,MEX,1.521544287063093
1998-09-13,MEX,1.321214428411131
1998-09-14,MEX,1.0230914826249145
1998-09-15,MEX,1.4834702271065596
1998-09-16,MEX,2.244221792758688
1998-09-17,MEX,3.623145899994374
1998-09-18,MEX,2.3258759594565217
1998-09-19,MEX,1.8306504884085213
1998-09-20,MEX,1.2347440262420848
1998-09-21,MEX,0.5575375964631545
1998-09-22,MEX,0.9624940425999574
1998-09-23,MEX,1.5335879495105191
1998-09-24,MEX,2.092345362751914
1998-09-25,MEX,2.1121635529245624
1998-09-26,MEX,1.4277926276523614
1998-09-27,MEX,1.5864613477145084
1998-09-28,MEX,1.3163373530656262
1998-09-29,MEX,1.4523305878733106
1998-09-30,MEX,1.5400453706446127
1998-10-01,MEX,1.5413086708864523
1998-10-02,MEX,1.1221142931508712
1998-10-03,MEX,0.9637147929377033
1998-10-04,MEX,0.7614501093017525
1998-10-05,MEX,0.5692418526863654
1998-10-06,MEX,1.086375462745745
1998-10-07,MEX,1.877078205331301
1998-10-08,MEX,1.31305816445058
1998-10-09,MEX,1.1183199630909262
1998-10-10,MEX,0.9721274739228938
1998-10-11,MEX,1.2298663461614214
1998-10-12,MEX,1.8690510707040817
1998-10-13,MEX,1.4671996855737268
1998-10-14,MEX,1.2285513580478515
1998-10-15,MEX,1.1001434164049275
1998-10-16,MEX,1.1463804274123255
1998-10-17,MEX,1.0765245704491087
1998-10-18,MEX,1.9587514457026014
1998-10-19,MEX,1.9373852829439924
1998-10-20,MEX,1.848212953877505
1998-10-21,MEX,1.740452810412878
1998-10-22,MEX,1.224299058492941
1998-10-23,MEX,1.353605015437276
1998-10-24,MEX,1.3118197810299148
1998-10-25,MEX,1.0782177625994582
1998-10-26,MEX,0.9202469708509848
1998-10-27,MEX,1.4508613290202852
1998-10-28,MEX,0.8394378841416719
1998-10-29,MEX,0.4195013596417927
1998-10-30,MEX,0.385594411126764
1998-10-31,MEX,0.5185673487101023
1998-11-01,MEX,0.9457748987002986
1998-11-02,MEX,1.9872139600845893
1998-11-03,MEX,1.8041150868161482
1998-11-04,MEX,1.5944087914338554
1998-11-05,MEX,1.408401328027699
1998-11-06,MEX,0.4114401588798924
1998-11-07,MEX,0.11387099742966865
1998-11-08,MEX,0.0848478280041276
1998-11-09,MEX,0.2142565094816018
1998-11-10,MEX,0.11200728442332826
1998-11-11,MEX,0.5371606393408341
1998-11-12,MEX,0.6506302378967592
1998-11-13,MEX,0.9569701530101997
1998-11-14,MEX,0.49781634226217225
1998-11-15,MEX,0.2621879352307281
1998-11-16,MEX,0.2546637669529651
1998-11-17,MEX,0.13129680616215866
1998-11-18,MEX,0.3273555227913229
1998-11-19,MEX,0.2758871025892188
1998-11-20,MEX,0.3359665025931897
1998-11-21,MEX,0.8625977394426135
1998-11-22,MEX,0.9062334957041792
1998-11-23,MEX,0.46458359664919646
1998-11-24,MEX,0.5625597240222917
1998-11-25,MEX,0.21285633735304577
1998-11-26,MEX,0.32311741078702716
1998-11-27,MEX,0.1833280405689195
1998-11-28,MEX,0.2909528427697584
1998-11-29,MEX,0.5312901138065328
1998-11-30,MEX,0.03182980356556256
1998-12-01,MEX,0.13727109829613104
1998-12-02,MEX,0.16764988716545165
1998-12-03,MEX,0.03918143838291804
1998-12-04,MEX,0.01760165090788524
1998-12-05,MEX,0.07169276187434884
1998-12-06,MEX,0.07050773726597422
1998-12-07,MEX,0.043510387415463
1998-12-08,MEX,0.20887440936477256
1998-12-09,MEX,0.28645911634361404
1998-12-10,MEX,0.2653647165163424
1998-12-11,MEX,0.47595216992999834
1998-12-12,MEX,0.30765290022813985
1998-12-13,MEX,0.5449581711566648
1998-12-14,MEX,0.2929199156556175
1998-12-15,MEX,0.1033897100240504
1998-12-16,MEX,0.08015018755044616
1998-12-17,MEX,0.09356606317337858
1998-12-18,MEX,0.12839864659206168
1998-12-19,MEX,0.002858288560020799
1998-12-20,MEX,0.05924804184322602
1998-12-21,MEX,0.045396839402643656
1998-12-22,MEX,0.21504012517951288
1998-12-23,MEX,0.2628608249390154
1998-12-24,MEX,0.23521500821647323
1998-12-25,MEX,0.2806327087110959
1998-12-26,MEX,0.11927025243396087
1998-12-27,MEX,0.03893112927346052
1998-12-28,MEX,0.029648745872410932
1998-12-29,MEX,0.028623408872153006
1998-12-30,MEX,0.09981523372487862
1998-12-31,MEX,0.03681569022913406
1999-01-01,MEX,0.031167202494609
1999-01-02,MEX,0.021702827852779393
1999-01-03,MEX,0.17479509734170182
1999-01-04,MEX,0.23723620346141022
1999-01-05,MEX,0.23020239993441236
1999-01-06,MEX,0.05716776072129515
1999-01-07,MEX,0.017400868856917454
1999-01-08,MEX,0.025466913165397793
1999-01-09,MEX,0.07221498976169899
1999-01-10,MEX,0.45336562115200796
1999-01-11,MEX,0.0786678400186777
1999-01-12,MEX,0.005619188195048047
1999-01-13,MEX,0.002511360448511715
1999-01-14,MEX,0.03290578879454443
1999-01-15,MEX,0.17096929034530073
1999-01-16,MEX,0.03944453112440983
1999-01-17,MEX,0.03717660782775798
1999-01-18,MEX,0.022931939391933817
1999-01-19,MEX,0.0529032850517022
1999-01-20,MEX,0.04126917536136055
1999-01-21,MEX,0.01906690169729141
1999-01-22,MEX,0.003808098775034043
1999-01-23,MEX,0.2188608852513934
1999-01-24,MEX,0.031853180294825596
1999-01-25,MEX,0.09900797698096989
1999-01-26,MEX,0.0649401173169985
1999-01-27,MEX,0.12188753067067641
1999-01-28,MEX,0.1236502455741791
1999-01-29,MEX,0.07065483939402865
1999-01-30,MEX,0.037049623190581485
1999-01-31,MEX,0.19832949993737112
1999-02-01,MEX,0.14399221744144827
1999-02-02,MEX,0.03326085727275351
1999-02-03,MEX,0.059539102296139484
1999-02-04,MEX,0.19334939327495396
1999-02-05,MEX,0.17839422826658657
1999-02-06,MEX,0.05153342165185141
1999-02-07,MEX,0.015599808864558768
1999-02-08,MEX,0.017555470214936184
1999-02-09,MEX,0.03287633536047397
1999-02-10,MEX,0.037106715238245776
1999-02-11,MEX,0.03228673073768408
1999-02-12,MEX,0.5834752017746115
1999-02-13,MEX,0.5646611134318714
1999-02-14,MEX,0.2413234846096814
1999-02-15,MEX,0.013363252360279219
1999-02-16,MEX,0.010307273010201162
1999-02-17,MEX,0.04168820394891681
1999-02-18,MEX,0.018301688885928338
1999-02-19,MEX,0.06618592236020715
1999-02-20,MEX,0.021680847844821417
1999-02-21,MEX,0.33056344887810274
1999-02-22,MEX,0.20410019819368116
1999-02-23,MEX,0.01601093850854731
1999-02-24,MEX,0.11184300793026024
1999-02-25,MEX,0.0886714880704265
1999-02-26,MEX,0.08900499701519282
1999-02-27,MEX,0.0284827558695421
1999-02-28,MEX,0.09021643709649059
1999-03-01,MEX,0.08980277518673406
1999-03-02,MEX,0.05127465929468944
1999-03-03,MEX,0.12150738004286228
1999-03-04,MEX,0.07697653832104337
1999-03-05,MEX,0.010725211857028375
1999-03-06,MEX,0.008872293297995878
1999-03-07,MEX,0.14881906218940005
1999-03-08,MEX,0.024371037404203735
1999-03-09,MEX,0.011508838380263123
1999-03-10,MEX,0.015775561950261696
1999-03-11,MEX,0.03219588429856397
1999-03-12,MEX,0.0381893251239456
1999-03-13,MEX,0.042848195926545096
1999-03-14,MEX,0.17349194840844215
1999-03-15,MEX,0.03426590073700426
1999-03-16,MEX,0.07007147063414605
1999-03-17,MEX,0.190484013665509
1999-03-18,MEX,0.10285084331350021
1999-03-19,MEX,0.2419537429672286
1999-03-20,MEX,0.2137092804282371
1999-03-21,MEX,0.24677373342695516
1999-03-22,MEX,0.14002681575631823
1999-03-23,MEX,0.07481878427149626
1999-03-24,MEX,0.08028421262104231
1999-03-25,MEX,0.248259545095264
1999-03-26,MEX,0.5559808364082552
1999-03-27,MEX,1.0550639282005125
1999-03-28,MEX,0.34917168846139146
1999-03-29,MEX,0.18764443937040481
1999-03-30,MEX,0.37857205930945764
1999-03-31,MEX,0.14342562349678448
1999-04-01,MEX,0.08258414864302495
1999-04-02,MEX,0.28616534069777233
1999-04-03,MEX,0.03917225980689786
1999-04-04,MEX,0.1356771941845335
1999-04-05,MEX,0.007614233722383482
1999-04-06,MEX,0.01921626112721507
1999-04-07,MEX,0.0656336461604324
1999-04-08,MEX,0.014279894121424167
1999-04-09,MEX,0.011214129320168985
1999-04-10,MEX,0.0048323140785221895
1999-04-11,MEX,0.060571863492639516
1999-04-12,MEX,0.12707987594759365
1999-04-13,MEX,0.09565294749800557
1999-04-14,MEX,0.03120582432733073
1999-04-15,MEX,0.1177452597159156
1999-04-16,MEX,0.450793629749966
1999-04-17,MEX,1.0570385916804879
1999-04-18,MEX,0.6203999226232254
1999-04-19,MEX,0.28312542435832966
1999-04-20,MEX,0.07172710186889424
1999-04-21,MEX,0.020295487893394235
1999-04-22,MEX,0.021575588531531513
1999-04-23,MEX,0.019045788081777357
1999-04-24,MEX,0.3517505521673376
1999-04-25,MEX,0.18321462623018148
1999-04-26,MEX,0.1169544168681731
1999-04-27,MEX,0.08125698250043525
1999-04-28,MEX,0.13676013804831297
1999-04-29,MEX,0.15307428844275073
1999-04-30,MEX,0.4287653740878522
1999-05-01,MEX,0.8088782069336377
1999-05-02,MEX,0.3215445345565646
1999-05-03,MEX,0.13354940961572004
1999-05-04,MEX,0.01897660595630744
1999-05-05,MEX,0.03606336606082282
1999-05-06,MEX,0.17682163324826897
1999-05-07,MEX,0.42971280287256175
1999-05-08,MEX,0.2984900704098835
1999-05-09,MEX,0.3178686682554372
1999-05-10,MEX,0.17478139414819333
1999-05-11,MEX,0.19458600699255169
1999-05-12,MEX,0.42669859794243026
1999-05-13,MEX,0.27221999438763744
1999-05-14,MEX,0.181612895680009
1999-05-15,MEX,0.1492048280334378
1999-05-16,MEX,0.11228742247056836
1999-05-17,MEX,0.16406336067661123
1999-05-18,MEX,0.5500097241367193
1999-05-19,MEX,0.51702356649097
1999-05-20,MEX,0.3048376203276271
1999-05-21,MEX,0.24006714866433562
1999-05-22,MEX,0.19410566103959662
1999-05-23,MEX,0.18921607979217944
1999-05-24,MEX,0.20476602326942298
1999-05-25,MEX,0.23354873135766682
1999-05-26,MEX,0.28218963306635725
1999-05-27,MEX,0.6031697556705106
1999-05-28,MEX,0.7614054666485348
1999-05-29,MEX,0.44099026797896684
1999-05-30,MEX,0.1801072734059049
1999-05-31,MEX,0.15176849560412006
1999-06-01,MEX,0.26404447448914764
1999-06-02,MEX,0.3521379734325923
1999-06-03,MEX,0.33304222426512325
1999-06-04,MEX,0.2973316615837446
1999-06-05,MEX,0.4287501211239226
1999-06-06,MEX,0.6267439046494204
1999-06-07,MEX,0.7041136941939694
1999-06-08,MEX,0.5565183226196829
1999-06-09,MEX,0.8960243485595979
1999-06-10,MEX,0.8827688786577336
1999-06-11,MEX,0.8430633480317311
1999-06-12,MEX,0.7850093143724153
1999-06-13,MEX,1.0990195565210235
1999-06-14,MEX,2.3428976383587443
1999-06-15,MEX,2.4313311382645226
1999-06-16,MEX,1.5373810279179638
1999-06-17,MEX,1.5895340146818224
1999-06-18,MEX,2.165100685231972
1999-06-19,MEX,1.8723846245110223
1999-06-20,MEX,2.2178603063606896
1999-06-21,MEX,2.2021702065948565
1999-06-22,MEX,2.5419990611455425
1999-06-23,MEX,2.543034322999026
1999-06-24,MEX,2.2823196938765586
1999-06-25,MEX,2.2457591703599684
1999-06-26,MEX,2.2802490481780104
1999-06-27,MEX,1.6567507060840196
1999-06-28,MEX,0.92544935932850525
1999-06-29,MEX,0.9269224558838574
1999-06-30,MEX,1.0214191233585976
1999-07-01,MEX,1.774660074376923
1999-07-02,MEX,2.909291038993539
1999-07-03,MEX,3.15957265821838
1999-07-04,MEX,3.501288404677549
1999-07-05,MEX,3.637885137734654
1999-07-06,MEX,2.6163856560884873
1999-07-07,MEX,1.8477520076822571
1999-07-08,MEX,1.5726374746358285
1999-07-09,MEX,1.0814917758879663
1999-07-10,MEX,1.5045680477655166
1999-07-11,MEX,2.6638892910449017
1999-07-12,MEX,2.4757492158019874
1999-07-13,MEX,1.2489071260019804
1999-07-14,MEX,1.3726117652455332
1999-07-15,MEX,1.0608783032021323
1999-07-16,MEX,1.2226675134227571
1999-07-17,MEX,1.434801116028073
1999-07-18,MEX,1.8931127322935957
1999-07-19,MEX,1.939857816141555
1999-07-20,MEX,1.8789927605677417
1999-07-21,MEX,2.255451507120357
1999-07-22,MEX,1.5471785731678993
1999-07-23,MEX,0.9985633475251947
1999-07-24,MEX,0.5738243189337939
1999-07-25,MEX,0.6004201169407493
1999-07-26,MEX,1.0019743196493576
1999-07-27,MEX,1.3969908800924289
1999-07-28,MEX,0.8544631259493837
1999-07-29,MEX,0.4072732119494812
1999-07-30,MEX,0.7335656619190227
1999-07-31,MEX,1.1014131175403528
1999-08-01,MEX,1.2818873790210747
1999-08-02,MEX,1.1606069951968598
1999-08-03,MEX,0.8443052278830321
1999-08-04,MEX,0.9535677434856895
1999-08-05,MEX,1.1427189859184192
1999-08-06,MEX,0.7933367563803012
1999-08-07,MEX,0.97927964204141
1999-08-08,MEX,1.271799823579069
1999-08-09,MEX,1.4911921545120574
1999-08-10,MEX,1.4861680789348637
1999-08-11,MEX,1.039929179103718
1999-08-12,MEX,1.1082914471707013
1999-08-13,MEX,0.8492765366541236
1999-08-14,MEX,0.6599376805533098
1999-08-15,MEX,0.6079652270026825
1999-08-16,MEX,0.8391073773821288
1999-08-17,MEX,1.7566139404853034
1999-08-18,MEX,2.471051370294923
1999-08-19,MEX,1.8207260462181547
1999-08-20,MEX,0.987973172958016
1999-08-21,MEX,1.0929226419372466
1999-08-22,MEX,1.344588634964594
1999-08-23,MEX,1.5581851157697364
1999-08-24,MEX,2.7854130316510837
1999-08-25,MEX,3.376623586450462
1999-08-26,MEX,2.7747568529498228
1999-08-27,MEX,2.06298715500695
1999-08-28,MEX,1.6146086826720751
1999-08-29,MEX,1.819708796912047
1999-08-30,MEX,1.6272442184691283
1999-08-31,MEX,1.4980108109118317
1999-09-01,MEX,1.324015412727575
1999-09-02,MEX,1.5216644209384367
1999-09-03,MEX,1.8757592821348015
1999-09-04,MEX,1.9023483546405993
1999-09-05,MEX,2.4279999552018388
1999-09-06,MEX,3.0360149085734074
1999-09-07,MEX,2.6094017347550666
1999-09-08,MEX,2.1537120669308427
1999-09-09,MEX,2.4557306814957385
1999-09-10,MEX,2.081489403317441
1999-09-11,MEX,1.2591473061805323
1999-09-12,MEX,1.495873661746821
1999-09-13,MEX,2.0977472858288184
1999-09-14,MEX,1.6979783674843352
1999-09-15,MEX,1.0629529651039638
1999-09-16,MEX,1.475673708174097
1999-09-17,MEX,1.4178772436540898
1999-09-18,MEX,1.3875769097439354
1999-09-19,MEX,1.5741945826718446
1999-09-20,MEX,0.6101494663088082
1999-09-21,MEX,0.4562226382403263
1999-09-22,MEX,0.7410798236474615
1999-09-23,MEX,0.7463704716112121
1999-09-24,MEX,0.5470428937235257
1999-09-25,MEX,0.3478344696835759
1999-09-26,MEX,0.6748757863189485
1999-09-27,MEX,0.7347845152955932
1999-09-28,MEX,1.2090226412412144
1999-09-29,MEX,3.2195779982738904
1999-09-30,MEX,3.0153002254640597
1999-10-01,MEX,2.2057100986351
1999-10-02,MEX,1.586346766047798
1999-10-03,MEX,1.0903824270296476
1999-10-04,MEX,1.82840224730682
1999-10-05,MEX,2.440775729751814
1999-10-06,MEX,2.4066928331527477
1999-10-07,MEX,1.53816563487821
1999-10-08,MEX,0.7526074420317215
1999-10-09,MEX,1.161992179390514
1999-10-10,MEX,1.527129573044155
1999-10-11,MEX,0.9811921736586388
1999-10-12,MEX,0.8823610312643277
1999-10-13,MEX,0.865392440477007
1999-10-14,MEX,0.8252422900726437
1999-10-15,MEX,0.63904327211592
1999-10-16,MEX,0.5293814612493122
1999-10-17,MEX,1.244068332908119
1999-10-18,MEX,1.241739200250698
1999-10-19,MEX,1.0249579059840004
1999-10-20,MEX,1.1608336069337475
1999-10-21,MEX,0.994280673248094
1999-10-22,MEX,0.7463501223467192
1999-10-23,MEX,0.07791372912788568
1999-10-24,MEX,0.07205925613225621
1999-10-25,MEX,0.0762873553676881
1999-10-26,MEX,0.08545741428046959
1999-10-27,MEX,0.06283278049079241
1999-10-28,MEX,0.08809057747104834
1999-10-29,MEX,0.08676328409910992
1999-10-30,MEX,0.18126499036732152
1999-10-31,MEX,0.6890947112410002
1999-11-01,MEX,0.4022647877641343
1999-11-02,MEX,0.09138257949452563
1999-11-03,MEX,0.169391762189681
1999-11-04,MEX,0.09055229159085675
1999-11-05,MEX,0.15705536201981718
1999-11-06,MEX,0.6198672325554179
1999-11-07,MEX,1.016895894933033
1999-11-08,MEX,0.45510469025937844
1999-11-09,MEX,0.2524772132169665
1999-11-10,MEX,0.5406297687509807
1999-11-11,MEX,0.5875405093289138
1999-11-12,MEX,0.4125376336612838
1999-11-13,MEX,0.24515177645028333
1999-11-14,MEX,0.1320049465009596
1999-11-15,MEX,0.10234988219107105
1999-11-16,MEX,0.1257344775963102
1999-11-17,MEX,0.07564830849924332
1999-11-18,MEX,0.03898358763464888
1999-11-19,MEX,0.04164653712259813
1999-11-20,MEX,0.08994589600345504
1999-11-21,MEX,0.17385592495116367
1999-11-22,MEX,0.038655619682181286
1999-11-23,MEX,0.06531103974321219
1999-11-24,MEX,0.2017209643382703
1999-11-25,MEX,0.24068853824440142
1999-11-26,MEX,0.1963230398492359
1999-11-27,MEX,0.09776334682159031
1999-11-28,MEX,0.05713500267770178
1999-11-29,MEX,0.07126228500075692
1999-11-30,MEX,0.23663008734330065
1999-12-01,MEX,0.12801543957240782
1999-12-02,MEX,0.01937393822760985
1999-12-03,MEX,0.0035389028170626064
1999-12-04,MEX,0.019248277880425876
1999-12-05,MEX,0.06528306741669074
1999-12-06,MEX,0.22242742583211275
1999-12-07,MEX,0.10683675899131836
1999-12-08,MEX,0.0249890840702297
1999-12-09,MEX,0.03211216040705198
1999-12-10,MEX,0.31043047648274785
1999-12-11,MEX,0.22847784386802253
1999-12-12,MEX,0.017583796245665653
1999-12-13,MEX,0.29577554706422565
1999-12-14,MEX,0.052729847833564
1999-12-15,MEX,0.23599649543462298
1999-12-16,MEX,0.5214875326796614
1999-12-17,MEX,0.14709501751866993
1999-12-18,MEX,0.039452665095001574
1999-12-19,MEX,0.06252252036756607
1999-12-20,MEX,0.0965364589094337
1999-12-21,MEX,0.1557685841986202
1999-12-22,MEX,0.7558972284459384
1999-12-23,MEX,0.8013763606977644
1999-12-24,MEX,0.9991074363870242
1999-12-25,MEX,0.5476067730084316
1999-12-26,MEX,0.4394309477334251
1999-12-27,MEX,0.05522217849395089
1999-12-28,MEX,0.03842388160914583
1999-12-29,MEX,0.08580029343848325
1999-12-30,MEX,0.03451067377366188
1999-12-31,MEX,0.01265903077453004
2000-01-01,MEX,0.11418710028894037
2000-01-02,MEX,0.05366435716531021
2000-01-03,MEX,0.008686680221499137
2000-01-04,MEX,0.15484935166441707
2000-01-05,MEX,0.514567701380862
2000-01-06,MEX,0.045081489543971454
2000-01-07,MEX,0.21298646942260335
2000-01-08,MEX,0.07812091023967338
2000-01-09,MEX,0.024507865749832297
2000-01-10,MEX,0.01662292675804088
2000-01-11,MEX,0.04043434852109046
2000-01-12,MEX,0.02795894235170431
2000-01-13,MEX,0.03550328479750511
2000-01-14,MEX,0.46076634351225115
2000-01-15,MEX,0.3723017954221077
2000-01-16,MEX,0.2044376300227702
2000-01-17,MEX,0.08633394723083014
2000-01-18,MEX,0.04113764667230805
2000-01-19,MEX,0.015332229810056152
2000-01-20,MEX,0.0013292598283592089
2000-01-21,MEX,0.040684871053174844
2000-01-22,MEX,0.009407073686426544
2000-01-23,MEX,0.003065930394327827
2000-01-24,MEX,0.0460487144773994
2000-01-25,MEX,0.04374672864315421
2000-01-26,MEX,0.10482894091675092
2000-01-27,MEX,0.04271552357320003
2000-01-28,MEX,0.057501778947002376
2000-01-29,MEX,0.13708255940131833
2000-01-30,MEX,0.1370145922420564
2000-01-31,MEX,0.10051360661931955
2000-02-01,MEX,0.07870938704482057
2000-02-02,MEX,0.7571898234537121
2000-02-03,MEX,0.40086120992164587
2000-02-04,MEX,0.23454283950629043
2000-02-05,MEX,0.23567778037196072
2000-02-06,MEX,0.051029667878494694
2000-02-07,MEX,0.04381919062663696
2000-02-08,MEX,0.19350169257747576
2000-02-09,MEX,0.03545050108651176
2000-02-10,MEX,0.0013028551903822856
2000-02-11,MEX,0.011835055695115063
2000-02-12,MEX,0.02452633748794542
2000-02-13,MEX,0.008153960327664791
2000-02-14,MEX,0.008195267297947865
2000-02-15,MEX,0.012624366783955255
2000-02-16,MEX,0.021938084487731414
2000-02-17,MEX,0.048375984931136665
2000-02-18,MEX,0.015334287022288125
2000-02-19,MEX,0.1602883722729835
2000-02-20,MEX,0.2745983420010646
2000-02-21,MEX,0.29502864599781653
2000-02-22,MEX,0.18383323989890338
2000-02-23,MEX,0.03551860084395454
2000-02-24,MEX,0.07967120899307159
2000-02-25,MEX,0.028320520479108897
2000-02-26,MEX,0.018727929933598918
2000-02-27,MEX,0.17236961469250575
2000-02-28,MEX,0.13677424863199394
2000-02-29,MEX,0.025361214775906814
2000-03-01,MEX,0.03256165190688748
2000-03-02,MEX,0.027126404273045166
2000-03-03,MEX,0.021486622208434544
2000-03-04,MEX,0.19817680417458777
2000-03-05,MEX,0.3939842223340954
2000-03-06,MEX,0.5599086343088162
2000-03-07,MEX,0.6448465138425591
2000-03-08,MEX,0.03177289354337633
2000-03-09,MEX,0.042348523993538924
2000-03-10,MEX,0.0617179485120451
2000-03-11,MEX,0.22028476522791163
2000-03-12,MEX,0.40525777927640066
2000-03-13,MEX,0.20121344550544265
2000-03-14,MEX,0.4436462630539141
2000-03-15,MEX,0.27989286602974595
2000-03-16,MEX,0.04734451656542553
2000-03-17,MEX,0.06547607305019508
2000-03-18,MEX,0.08057019380847212
2000-03-19,MEX,0.11078326757476212
2000-03-20,MEX,0.15548181018448243
2000-03-21,MEX,0.16010711448122583
2000-03-22,MEX,0.18122824090741116
2000-03-23,MEX,0.1521082232442185
2000-03-24,MEX,0.04313330610030924
2000-03-25,MEX,0.053156936911171244
2000-03-26,MEX,0.02027675908123561
2000-03-27,MEX,0.037253253946169095
2000-03-28,MEX,0.04168830446099693
2000-03-29,MEX,0.004462343180915457
2000-03-30,MEX,0.01147250284249174
2000-03-31,MEX,0.039616068444133984
2000-04-01,MEX,0.13492816257482337
2000-04-02,MEX,0.19079737237035038
2000-04-03,MEX,0.13225843055415695
2000-04-04,MEX,0.42173827163692157
2000-04-05,MEX,0.06464512672781936
2000-04-06,MEX,0.010319152729598782
2000-04-07,MEX,0.014067493886402044
2000-04-08,MEX,0.13421000179707443
2000-04-09,MEX,0.27263256301606625
2000-04-10,MEX,0.08691017319645866
2000-04-11,MEX,0.11978440064618376
2000-04-12,MEX,0.4362342608391658
2000-04-13,MEX,0.8429809537454344
2000-04-14,MEX,0.4368400418823347
2000-04-15,MEX,0.06632746495956351
2000-04-16,MEX,0.04187738314379841
2000-04-17,MEX,0.06039417454489756
2000-04-18,MEX,0.07237249646484625
2000-04-19,MEX,0.035359872211693184
2000-04-20,MEX,0.026896184553426725
2000-04-21,MEX,0.096594277852216
2000-04-22,MEX,0.08230853877959446
2000-04-23,MEX,0.0074896402236012
2000-04-24,MEX,0.022637099992445234
2000-04-25,MEX,0.029106641255504648
2000-04-26,MEX,0.16182829464714743
2000-04-27,MEX,0.2175061820534506
2000-04-28,MEX,0.4089574657230871
2000-04-29,MEX,0.3178015834366131
2000-04-30,MEX,0.1802308309466516
2000-05-01,MEX,0.2853927538318562
2000-05-02,MEX,0.3815856205124172
2000-05-03,MEX,0.482125006442507
2000-05-04,MEX,0.24049048491332345
2000-05-05,MEX,0.29449127290963484
2000-05-06,MEX,0.37544992330074944
2000-05-07,MEX,0.29232721214319635
2000-05-08,MEX,0.30900729420732176
2000-05-09,MEX,0.22526965626203552
2000-05-10,MEX,0.26145925587304636
2000-05-11,MEX,0.3126492709233239
2000-05-12,MEX,0.27059806203411124
2000-05-13,MEX,0.8989371798602072
2000-05-14,MEX,1.2132973562834937
2000-05-15,MEX,0.7709926145591208
2000-05-16,MEX,0.2788391595750636
2000-05-17,MEX,0.10724994923075659
2000-05-18,MEX,0.2546755069750387
2000-05-19,MEX,0.6614439757698767
2000-05-20,MEX,0.8176777224024327
2000-05-21,MEX,1.4915305226430724
2000-05-22,MEX,1.4571822455530763
2000-05-23,MEX,0.9889138595901314
2000-05-24,MEX,0.5137176329901965
2000-05-25,MEX,0.4649678657509677
2000-05-26,MEX,0.7722348466707138
2000-05-27,MEX,1.1183211515078526
2000-05-28,MEX,1.743476670022099
2000-05-29,MEX,1.404038809584706
2000-05-30,MEX,1.4274563835998786
2000-05-31,MEX,1.6932300504153714
2000-06-01,MEX,1.8119088889769075
2000-06-02,MEX,1.224269330518099
2000-06-03,MEX,1.1037886490267728
2000-06-04,MEX,0.8200384431906925
2000-06-05,MEX,1.5946033933401216
2000-06-06,MEX,2.1964426999894604
2000-06-07,MEX,2.17369712097942
2000-06-08,MEX,1.9135422198127827
2000-06-09,MEX,1.9153940627792316
2000-06-10,MEX,1.5448725146717965
2000-06-11,MEX,2.121600315480644
2000-06-12,MEX,2.205935687181007
2000-06-13,MEX,1.912409472676026
2000-06-14,MEX,1.9184362553990553
2000-06-15,MEX,1.529314071461712
2000-06-16,MEX,1.0829029738307958
2000-06-17,MEX,1.3341855922730008
2000-06-18,MEX,2.380089532692634
2000-06-19,MEX,2.0559546859765363
2000-06-20,MEX,1.7762320052451397
2000-06-21,MEX,1.6449592458445212
2000-06-22,MEX,1.5721137633236255
2000-06-23,MEX,1.5281720702183803
2000-06-24,MEX,0.9770338120877078
2000-06-25,MEX,1.0445304383899654
2000-06-26,MEX,0.7936138109425708
2000-06-27,MEX,1.1207621737046543
2000-06-28,MEX,1.2845666848052961
2000-06-29,MEX,1.1952683331375558
2000-06-30,MEX,0.8704563287164796
2000-07-01,MEX,0.9639557027426571
2000-07-02,MEX,0.6170212419428637
2000-07-03,MEX,1.0102977204202104
2000-07-04,MEX,1.5620611265983642
2000-07-05,MEX,1.0985505282891959
2000-07-06,MEX,1.0409680376996802
2000-07-07,MEX,0.9115340762546479
2000-07-08,MEX,0.9648271111630384
2000-07-09,MEX,0.9874710626998551
2000-07-10,MEX,1.5072330111356143
2000-07-11,MEX,1.0693037097749278
2000-07-12,MEX,0.6128494544142757
2000-07-13,MEX,0.6079329068311357
2000-07-14,MEX,0.24841752773914538
2000-07-15,MEX,0.25891704704029617
2000-07-16,MEX,0.2973793480808983
2000-07-17,MEX,0.677106805211318
2000-07-18,MEX,0.9831924052542457
2000-07-19,MEX,1.2938421848661792
2000-07-20,MEX,0.7318626691121085
2000-07-21,MEX,0.6331645977399617
2000-07-22,MEX,0.5279960396643631
2000-07-23,MEX,0.31169133110025865
2000-07-24,MEX,0.4403291267112966
2000-07-25,MEX,0.7106092402693963
2000-07-26,MEX,0.8473144644160051
2000-07-27,MEX,0.8765227876307791
2000-07-28,MEX,1.136930332283556
2000-07-29,MEX,1.1010826225917356
2000-07-30,MEX,1.2134132657042127
2000-07-31,MEX,1.4407573611809525
2000-08-01,MEX,1.4708369473474354
2000-08-02,MEX,1.4360761596925833
2000-08-03,MEX,1.4094680948075526
2000-08-04,MEX,1.6605659862635431
2000-08-05,MEX,1.4840212620338342
2000-08-06,MEX,1.1501414242519092
2000-08-07,MEX,1.3948975723986217
2000-08-08,MEX,1.7211075042311665
2000-08-09,MEX,3.191504655178268
2000-08-10,MEX,1.9512735050528744
2000-08-11,MEX,1.349304488632725
2000-08-12,MEX,1.237183234891874
2000-08-13,MEX,1.2491072848674878
2000-08-14,MEX,1.4856699616857936
2000-08-15,MEX,1.8829957609154475
2000-08-16,MEX,1.7152288615852833
2000-08-17,MEX,1.244333150853235
2000-08-18,MEX,0.4392912882575514
2000-08-19,MEX,0.5932499142540771
2000-08-20,MEX,0.6229729982176733
2000-08-21,MEX,0.9724816566302142
2000-08-22,MEX,1.5042672544381304
2000-08-23,MEX,0.9713553768572333
2000-08-24,MEX,0.7298601117472315
2000-08-25,MEX,0.572430016229892
2000-08-26,MEX,0.7649071945697025
2000-08-27,MEX,1.3471435725658258
2000-08-28,MEX,1.2481512124905745
2000-08-29,MEX,1.3527194634771404
2000-08-30,MEX,1.4244846840079923
2000-08-31,MEX,1.1587564924508382
2000-09-01,MEX,0.8687514105690262
2000-09-02,MEX,0.9291997531771495
2000-09-03,MEX,0.850921280081386
2000-09-04,MEX,0.9003482515131025
2000-09-05,MEX,0.8023386831231243
2000-09-06,MEX,0.6152389589009227
2000-09-07,MEX,0.8260880767085684
2000-09-08,MEX,0.7687078039754722
2000-09-09,MEX,0.4775080040186904
2000-09-10,MEX,0.5083913334293401
2000-09-11,MEX,1.045656623016764
2000-09-12,MEX,1.1872536201723873
2000-09-13,MEX,1.7365025211015959
2000-09-14,MEX,1.8383384806609822
2000-09-15,MEX,3.2584898121186585
2000-09-16,MEX,2.890774134662282
2000-09-17,MEX,2.107593796661599
2000-09-18,MEX,1.8648962468199655
2000-09-19,MEX,1.6351628038573809
2000-09-20,MEX,1.6838771305701088
2000-09-21,MEX,2.399684165738337
2000-09-22,MEX,2.7210584817735137
2000-09-23,MEX,1.0855908317920087
2000-09-24,MEX,0.5903139696371807
2000-09-25,MEX,1.6807740750077875
2000-09-26,MEX,1.1991241013396312
2000-09-27,MEX,1.094331391742274
2000-09-28,MEX,1.2507933473332655
2000-09-29,MEX,1.0500803857702312
2000-09-30,MEX,0.7610499835073488
2000-10-01,MEX,0.9324174417105054
2000-10-02,MEX,0.8880974263649667
2000-10-03,MEX,1.251355868437637
2000-10-04,MEX,0.851310746699022
2000-10-05,MEX,1.0360375733503262
2000-10-06,MEX,1.956704023259224
2000-10-07,MEX,2.9649745670808825
2000-10-08,MEX,2.516107465983178
2000-10-09,MEX,2.6934258396509008
2000-10-10,MEX,1.539754788412866
2000-10-11,MEX,1.6537764961267754
2000-10-12,MEX,1.1080008182936865
2000-10-13,MEX,0.7539974789198011
2000-10-14,MEX,0.8786834776704843
2000-10-15,MEX,0.8527337635595245
2000-10-16,MEX,0.524993663607208
2000-10-17,MEX,0.4647932658567862
2000-10-18,MEX,0.5436047852911738
2000-10-19,MEX,0.45826635123128745
2000-10-20,MEX,0.832682335530688
2000-10-21,MEX,1.114132636884626
2000-10-22,MEX,1.148103734654341
2000-10-23,MEX,1.981265318552067
2000-10-24,MEX,0.4023327136721826
2000-10-25,MEX,0.2739470915131454
2000-10-26,MEX,0.14556114557142544
2000-10-27,MEX,0.2732004992253362
2000-10-28,MEX,0.4012501075225486
2000-10-29,MEX,0.05122946438775756
2000-10-30,MEX,0.12473556894521844
2000-10-31,MEX,0.1458521891751532
2000-11-01,MEX,0.16011682319752674
2000-11-02,MEX,0.3493523034508075
2000-11-03,MEX,1.149221790025293
2000-11-04,MEX,0.9954931896819944
2000-11-05,MEX,0.7992744364828197
2000-11-06,MEX,0.15818224113182758
2000-11-07,MEX,0.6909267706073394
2000-11-08,MEX,0.6187749797636735
2000-11-09,MEX,0.3185257281602272
2000-11-10,MEX,0.22039489387229355
2000-11-11,MEX,0.1874745946005502
2000-11-12,MEX,0.06645654580290954
2000-11-13,MEX,0.11706280637299392
2000-11-14,MEX,0.3672739765468219
2000-11-15,MEX,0.26860497477235723
2000-11-16,MEX,0.21180896800599933
2000-11-17,MEX,0.24950376011656153
2000-11-18,MEX,0.4794073460871839
2000-11-19,MEX,0.2894912188828128
2000-11-20,MEX,0.8867216533573471
2000-11-21,MEX,0.8643492189370642
2000-11-22,MEX,0.40943466317960114
2000-11-23,MEX,0.12850889619658123
2000-11-24,MEX,0.12228423507773306
2000-11-25,MEX,0.15508182171850698
2000-11-26,MEX,0.3144361738763661
2000-11-27,MEX,0.6005688781276451
2000-11-28,MEX,0.4110226591500277
2000-11-29,MEX,0.2694525857400266
2000-11-30,MEX,0.48801077693706574
2000-12-01,MEX,0.12682162015746293
2000-12-02,MEX,0.35857538271060235
2000-12-03,MEX,0.5129785661559648
2000-12-04,MEX,0.28697577021704257
2000-12-05,MEX,0.37166365508066074
2000-12-06,MEX,0.07691632957544703
2000-12-07,MEX,0.09334028434693792
2000-12-08,MEX,0.021336373905278934
2000-12-09,MEX,0.02378219441132441
2000-12-10,MEX,0.010330659798381188
2000-12-11,MEX,0.017134855482824878
2000-12-12,MEX,0.2849239924258682
2000-12-13,MEX,0.1576315025950882
2000-12-14,MEX,0.08175143542269335
2000-12-15,MEX,0.10584291717532483
2000-12-16,MEX,0.01926682728557204
2000-12-17,MEX,0.553529572854012
2000-12-18,MEX,0.15811429936771584
2000-12-19,MEX,0.6328780342305306
2000-12-20,MEX,0.1481594892921312
2000-12-21,MEX,0.016318855776132683
2000-12-22,MEX,0.24663201592607495
2000-12-23,MEX,0.07146294762682734
2000-12-24,MEX,0.1201951406624972
2000-12-25,MEX,0.15010178389307358
2000-12-26,MEX,0.09464190598939444
2000-12-27,MEX,0.29603162838173097
2000-12-28,MEX,0.9287508395339532
2000-12-29,MEX,0.33897191228394496
2000-12-30,MEX,0.3393632628326304
2000-12-31,MEX,0.1916366215428355
2001-01-01,MEX,0.09852805473590412
2001-01-02,MEX,0.29983956916265625
2001-01-03,MEX,0.42345790960372875
2001-01-04,MEX,0.2598681728846462
2001-01-05,MEX,0.049826935665775327
2001-01-06,MEX,0.20233214131465332
2001-01-07,MEX,0.06337276851442054
2001-01-08,MEX,0.18946019564226765
2001-01-09,MEX,0.6615091872095483
2001-01-10,MEX,0.7205710739694579
2001-01-11,MEX,0.11426576836991371
2001-01-12,MEX,0.39887624323013915
2001-01-13,MEX,0.16937193882398882
2001-01-14,MEX,0.031440025753979535
2001-01-15,MEX,0.060585440286080525
2001-01-16,MEX,0.0790902118031864
2001-01-17,MEX,0.07913786417002193
2001-01-18,MEX,0.3244976519064181
2001-01-19,MEX,0.34922500906056453
2001-01-20,MEX,0.2620649557030809
2001-01-21,MEX,0.024155215850007163
2001-01-22,MEX,0.10207910619254713
2001-01-23,MEX,0.03639557650810575
2001-01-24,MEX,0.021070891711361815
2001-01-25,MEX,0.16388672370925322
2001-01-26,MEX,0.03207883005832106
2001-01-27,MEX,0.39218178341361865
2001-01-28,MEX,0.496210643921978
2001-01-29,MEX,0.07896776168312958
2001-01-30,MEX,0.03994585123516028
2001-01-31,MEX,0.04339398431702535
2001-02-01,MEX,0.3511741577243349
2001-02-02,MEX,0.8394545860316149
2001-02-03,MEX,0.38749432238791964
2001-02-04,MEX,0.2634095930630893
2001-02-05,MEX,0.7558714799351411
2001-02-06,MEX,0.16316623476521314
2001-02-07,MEX,0.11722268782578996
2001-02-08,MEX,0.6533851822057365
2001-02-09,MEX,0.033633745171383594
2001-02-10,MEX,0.2946623893257928
2001-02-11,MEX,0.2000623529649903
2001-02-12,MEX,0.17587265632747337
2001-02-13,MEX,0.7377260204296527
2001-02-14,MEX,0.24542868818969796
2001-02-15,MEX,0.05410297740918776
2001-02-16,MEX,0.13220220190836873
2001-02-17,MEX,0.3660708354767721
2001-02-18,MEX,0.5633659410839735
2001-02-19,MEX,0.20735262959830794
2001-02-20,MEX,0.0411142715395545
2001-02-21,MEX,0.06660407760282576
2001-02-22,MEX,0.17034147301134558
2001-02-23,MEX,0.2376643597066467
2001-02-24,MEX,0.09462522128918258
2001-02-25,MEX,0.09651075637621852
2001-02-26,MEX,0.2785491512080247
2001-02-27,MEX,0.30297306461238716
2001-02-28,MEX,0.3037021363936101
2001-03-01,MEX,0.4051484877170465
2001-03-02,MEX,2.523599200262405
2001-03-03,MEX,0.9605934973074013
2001-03-04,MEX,0.1534256940055379
2001-03-05,MEX,0.15384962575940858
2001-03-06,MEX,0.2559978109702949
2001-03-07,MEX,0.3734529082532577
2001-03-08,MEX,0.06730685923832692
2001-03-09,MEX,0.049208262970495326
2001-03-10,MEX,0.10282397638820907
2001-03-11,MEX,0.0832553006830173
2001-03-12,MEX,0.030664278223513256
2001-03-13,MEX,0.07231373721956283
2001-03-14,MEX,0.17011506377128222
2001-03-15,MEX,0.02425821369059397
2001-03-16,MEX,0.20141715542581407
2001-03-17,MEX,0.14702190728131914
2001-03-18,MEX,0.3765099121485353
2001-03-19,MEX,0.806538377410055
2001-03-20,MEX,0.3386124611710333
2001-03-21,MEX,0.03277911497690253
2001-03-22,MEX,0.009781862026798907
2001-03-23,MEX,0.024135116548871318
2001-03-24,MEX,0.07549382953686413
2001-03-25,MEX,0.22719984811011087
2001-03-26,MEX,0.25407665281747543
2001-03-27,MEX,0.16983093042454542
2001-03-28,MEX,0.06333877425987669
2001-03-29,MEX,0.028792186624301552
2001-03-30,MEX,0.02718259038547258
2001-03-31,MEX,0.04445357520539761
2001-04-01,MEX,0.08705854013241132
2001-04-02,MEX,0.029301201496660642
2001-04-03,MEX,0.01105800519921073
2001-04-04,MEX,0.013851964114631852
2001-04-05,MEX,0.040922711858987035
2001-04-06,MEX,0.43165948579200986
2001-04-07,MEX,0.01744346379958191
2001-04-08,MEX,0.03474692605662474
2001-04-09,MEX,0.030505842351846855
2001-04-10,MEX,0.06950445079884172
2001-04-11,MEX,0.013511962119815504
2001-04-12,MEX,0.023208363170791422
2001-04-13,MEX,0.0636446552141249
2001-04-14,MEX,0.08772032616432732
2001-04-15,MEX,0.10025247240519883
2001-04-16,MEX,0.12279351642443859
2001-04-17,MEX,0.2036793909934169
2001-04-18,MEX,0.6282324314532639
2001-04-19,MEX,0.2445801722106522
2001-04-20,MEX,0.1097816437244303
2001-04-21,MEX,0.14582531265150575
2001-04-22,MEX,0.11889723875529234
2001-04-23,MEX,0.20358350577752585
2001-04-24,MEX,0.7416223091166548
2001-04-25,MEX,0.9865519225645558
2001-04-26,MEX,1.6253268976208815
2001-04-27,MEX,1.2750404277249017
2001-04-28,MEX,0.9812594375249212
2001-04-29,MEX,0.5165806236010334
2001-04-30,MEX,0.333016060666449
2001-05-01,MEX,0.3347739934857592
2001-05-02,MEX,0.2615518660568689
2001-05-03,MEX,0.2900418004190445
2001-05-04,MEX,0.5634815609732889
2001-05-05,MEX,0.12346877133634172
2001-05-06,MEX,0.3193410046915952
2001-05-07,MEX,0.8590594096926896
2001-05-08,MEX,0.8729071221262111
2001-05-09,MEX,0.6578273165434138
2001-05-10,MEX,0.5264948060533934
2001-05-11,MEX,0.5099979295830978
2001-05-12,MEX,0.8450922654975616
2001-05-13,MEX,1.1800706525379883
2001-05-14,MEX,0.8138240367413357
2001-05-15,MEX,0.26347512903388753
2001-05-16,MEX,0.11384988173771049
2001-05-17,MEX,0.13702633660843008
2001-05-18,MEX,0.19858503823513043
2001-05-19,MEX,0.25731318282852117
2001-05-20,MEX,0.1271685799690198
2001-05-21,MEX,0.09782028052768738
2001-05-22,MEX,1.2795700039558016
2001-05-23,MEX,0.8170996376439446
2001-05-24,MEX,0.759730548668857
2001-05-25,MEX,0.7577660513225815
2001-05-26,MEX,0.9630751532708982
2001-05-27,MEX,0.9375514000608914
2001-05-28,MEX,0.8214428346110464
2001-05-29,MEX,0.760453752761018
2001-05-30,MEX,0.7269520241316483
2001-05-31,MEX,0.92495653397036115
2001-06-01,MEX,1.1605124263260296
2001-06-02,MEX,1.0860618141511744
2001-06-03,MEX,1.4123321359513523
2001-06-04,MEX,1.5084764357943896
2001-06-05,MEX,0.9483822692492725
2001-06-06,MEX,0.8358968541707357
2001-06-07,MEX,0.752209581609669
2001-06-08,MEX,0.7828503196884735
2001-06-09,MEX,0.8630733738915367
2001-06-10,MEX,0.8706342751581299
2001-06-11,MEX,0.7639127515918018
2001-06-12,MEX,0.8118996759363861
2001-06-13,MEX,0.5150466326974303
2001-06-14,MEX,0.6212576480943558
2001-06-15,MEX,1.2521752530976666
2001-06-16,MEX,1.1675425894615665
2001-06-17,MEX,1.093471718535161
2001-06-18,MEX,0.7966302391597588
2001-06-19,MEX,0.7938738066656978
2001-06-20,MEX,0.741399523855387
2001-06-21,MEX,0.8336389064857124
2001-06-22,MEX,0.6135750755077825
2001-06-23,MEX,0.5979521174338621
2001-06-24,MEX,0.6192689422960183
2001-06-25,MEX,0.8573061168805728
2001-06-26,MEX,1.272774246180428
2001-06-27,MEX,1.2299555620550344
2001-06-28,MEX,0.8564300731230011
2001-06-29,MEX,0.5315562375372931
2001-06-30,MEX,0.6498916884547952
2001-07-01,MEX,1.0883237269646788
2001-07-02,MEX,1.7976133180441178
2001-07-03,MEX,2.3118054783868023
2001-07-04,MEX,2.0163232529165436
2001-07-05,MEX,1.6956722738636143
2001-07-06,MEX,1.2932982085685476
2001-07-07,MEX,0.9175333878807309
2001-07-08,MEX,0.9680242509897267
2001-07-09,MEX,1.261829403548204
2001-07-10,MEX,1.0528767104138643
2001-07-11,MEX,1.083142671173048
2001-07-12,MEX,0.91136524922936
2001-07-13,MEX,1.0126935417492173
2001-07-14,MEX,0.9773236718743625
2001-07-15,MEX,0.9025015053498052
2001-07-16,MEX,1.1062368230435955
2001-07-17,MEX,1.3798770026863836
2001-07-18,MEX,0.9593767605465462
2001-07-19,MEX,1.1604762564346296
2001-07-20,MEX,1.3040195438169717
2001-07-21,MEX,0.9529377961427545
2001-07-22,MEX,0.5868542579237922
2001-07-23,MEX,0.866182917681157
2001-07-24,MEX,1.3168100586704239
2001-07-25,MEX,1.8566292666935664
2001-07-26,MEX,1.96716663729341
2001-07-27,MEX,2.0774685500168917
2001-07-28,MEX,1.9562281249925106
2001-07-29,MEX,1.3706732777937425
2001-07-30,MEX,1.0865888984070504
2001-07-31,MEX,1.204944892674072
2001-08-01,MEX,0.9190401996553116
2001-08-02,MEX,1.0333327320629693
2001-08-03,MEX,1.3423445118722153
2001-08-04,MEX,0.8020559850787123
2001-08-05,MEX,0.8388870884852873
2001-08-06,MEX,1.1563849888537663
2001-08-07,MEX,1.181721101047742
2001-08-08,MEX,0.8710126151316819
2001-08-09,MEX,1.2205616557144507
2001-08-10,MEX,0.9908565225654178
2001-08-11,MEX,1.1772949321452013
2001-08-12,MEX,1.4735749993696248
2001-08-13,MEX,1.1914684622653384
2001-08-14,MEX,0.9062830314876218
2001-08-15,MEX,0.8149708243628236
2001-08-16,MEX,0.7695836720114078
2001-08-17,MEX,0.8720469403101514
2001-08-18,MEX,0.6258476320923769
2001-08-19,MEX,0.5691901519613204
2001-08-20,MEX,0.8750681601433221
2001-08-21,MEX,1.6628184518903468
2001-08-22,MEX,2.0937806225372126
2001-08-23,MEX,1.578790294827191
2001-08-24,MEX,2.190788848957819
2001-08-25,MEX,2.0092812511531384
2001-08-26,MEX,2.1439214336150663
2001-08-27,MEX,2.1293584257787455
2001-08-28,MEX,2.6928321244190965
2001-08-29,MEX,2.407976677766339
2001-08-30,MEX,1.8550885787248157
2001-08-31,MEX,1.5074758461204738
2001-09-01,MEX,1.2414959486719312
2001-09-02,MEX,0.7814737728982556
2001-09-03,MEX,0.7969017780280891
2001-09-04,MEX,0.8293187532145528
2001-09-05,MEX,1.4314834125581088
2001-09-06,MEX,1.0545105947403306
2001-09-07,MEX,1.104748341257201
2001-09-08,MEX,0.8876244434578601
2001-09-09,MEX,1.742518950359639
2001-09-10,MEX,3.6409449994339456
2001-09-11,MEX,2.4894438481669
2001-09-12,MEX,1.4395826980135937
2001-09-13,MEX,1.5368317787145347
2001-09-14,MEX,1.2381524225166787
2001-09-15,MEX,1.2178114734742829
2001-09-16,MEX,0.8990775163584752
2001-09-17,MEX,0.967561342187975
2001-09-18,MEX,0.9506763930635147
2001-09-19,MEX,0.6234963351460817
2001-09-20,MEX,0.9482591688566646
2001-09-21,MEX,0.9944114143861735
2001-09-22,MEX,1.4368994431309228
2001-09-23,MEX,1.717395034523939
2001-09-24,MEX,2.1863185828117424
2001-09-25,MEX,2.0006953299042745
2001-09-26,MEX,2.0576824535429425
2001-09-27,MEX,2.2051542631357455
2001-09-28,MEX,2.1963762909707185
2001-09-29,MEX,2.125375041769111
2001-09-30,MEX,2.2472809881955502
2001-10-01,MEX,1.211986422522461
2001-10-02,MEX,0.8667916532995622
2001-10-03,MEX,0.9703510819977919
2001-10-04,MEX,1.2466218672288887
2001-10-05,MEX,0.6526817510035893
2001-10-06,MEX,0.5334551746634221
2001-10-07,MEX,0.7072543879393852
2001-10-08,MEX,0.4695825284141291
2001-10-09,MEX,1.0321152008652166
2001-10-10,MEX,0.8180037262088261
2001-10-11,MEX,0.49854492097974523
2001-10-12,MEX,0.5541390080125559
2001-10-13,MEX,0.35058052267507966
2001-10-14,MEX,0.9633934238965267
2001-10-15,MEX,0.7129233439217839
2001-10-16,MEX,1.1927822773772512
2001-10-17,MEX,1.161618188106396
2001-10-18,MEX,0.673546495043185
2001-10-19,MEX,0.3064998459006829
2001-10-20,MEX,0.2967147134248009
2001-10-21,MEX,0.22986192788820323
2001-10-22,MEX,0.23118179563230673
2001-10-23,MEX,0.17243060731018156
2001-10-24,MEX,0.10543819883943721
2001-10-25,MEX,0.35052828407352993
2001-10-26,MEX,1.1728012835670785
2001-10-27,MEX,1.6417734771742465
2001-10-28,MEX,0.7894105593656491
2001-10-29,MEX,0.20151958341986256
2001-10-30,MEX,0.26572173847471964
2001-10-31,MEX,0.17878940167981633
2001-11-01,MEX,0.11789285815562711
2001-11-02,MEX,0.2772096462714727
2001-11-03,MEX,0.5922528950808321
2001-11-04,MEX,0.7407085122659156
2001-11-05,MEX,0.4093598847880175
2001-11-06,MEX,0.16352286353268794
2001-11-07,MEX,0.07767486548052174
2001-11-08,MEX,0.07351295167997537
2001-11-09,MEX,0.20038337557856467
2001-11-10,MEX,0.1750308922885887
2001-11-11,MEX,0.08392620112990289
2001-11-12,MEX,0.13868426904513656
2001-11-13,MEX,0.1528675401301215
2001-11-14,MEX,0.15056551486404676
2001-11-15,MEX,0.3640105289571145
2001-11-16,MEX,0.5919112257634088
2001-11-17,MEX,0.34053787509612815
2001-11-18,MEX,0.15078319633200418
2001-11-19,MEX,0.25669134554991285
2001-11-20,MEX,0.8218538921692353
2001-11-21,MEX,0.2857938554078554
2001-11-22,MEX,0.1211450601592645
2001-11-23,MEX,0.011698780317202867
2001-11-24,MEX,0.010981453536846248
2001-11-25,MEX,0.12284500622544318
2001-11-26,MEX,0.06696210060284526
2001-11-27,MEX,0.08026474299652664
2001-11-28,MEX,0.6561031322526271
2001-11-29,MEX,0.28246402745925103
2001-11-30,MEX,0.11433446166590273
2001-12-01,MEX,0.18584593584118417
2001-12-02,MEX,0.21981255246563688
2001-12-03,MEX,0.09435430829685677
2001-12-04,MEX,0.15453954850049695
2001-12-05,MEX,0.06359376300245285
2001-12-06,MEX,0.1425781109655562
2001-12-07,MEX,0.08250696281986557
2001-12-08,MEX,0.536199001278053
2001-12-09,MEX,0.49777035118499613
2001-12-10,MEX,0.13302764019214325
2001-12-11,MEX,0.595067454433566
2001-12-12,MEX,0.21661681611073644
2001-12-13,MEX,0.13484155396355965
2001-12-14,MEX,0.12437039840083056
2001-12-15,MEX,0.278358724927234
2001-12-16,MEX,0.2772317037735523
2001-12-17,MEX,0.15219568737420308
2001-12-18,MEX,0.416105361581104
2001-12-19,MEX,0.603624954199741
2001-12-20,MEX,1.1504518063465345
2001-12-21,MEX,0.4261278193391448
2001-12-22,MEX,0.07994127326801796
2001-12-23,MEX,0.10526598929271216
2001-12-24,MEX,0.38250724993926605
2001-12-25,MEX,0.2409734042905018
2001-12-26,MEX,0.568638209967301
2001-12-27,MEX,0.1931443820293716
2001-12-28,MEX,0.006311380266876653
2001-12-29,MEX,0.04983692567957328
2001-12-30,MEX,0.37841170260992263
2001-12-31,MEX,0.25116556714509014
2002-01-01,MEX,0.12209607367505196
2002-01-02,MEX,0.32631045527702973
2002-01-03,MEX,0.29189214850664674
2002-01-04,MEX,0.10279932931475985
2002-01-05,MEX,0.01605400070161266
2002-01-06,MEX,0.12157954575342172
2002-01-07,MEX,0.04215183355967579
2002-01-08,MEX,0.019298528142531305
2002-01-09,MEX,7.078964726066404e-4
2002-01-10,MEX,0.007800513710254184
2002-01-11,MEX,0.0745743101273094
2002-01-12,MEX,0.40970269216147215
2002-01-13,MEX,1.4159585642560553
2002-01-14,MEX,0.3107572378304523
2002-01-15,MEX,0.13043747689809745
2002-01-16,MEX,0.03676763836237276
2002-01-17,MEX,0.04195211306005047
2002-01-18,MEX,0.038550655585347086
2002-01-19,MEX,0.023060754725177594
2002-01-20,MEX,0.05930054040628535
2002-01-21,MEX,0.036424724120517386
2002-01-22,MEX,0.06520509347487118
2002-01-23,MEX,0.02540003396640019
2002-01-24,MEX,0.06158455288846396
2002-01-25,MEX,0.23538426028038625
2002-01-26,MEX,0.43176387099294544
2002-01-27,MEX,0.10094289553097488
2002-01-28,MEX,0.060679332655090304
2002-01-29,MEX,0.313667544170015
2002-01-30,MEX,0.5068896822201607
2002-01-31,MEX,0.04059299071365101
2002-02-01,MEX,0.22046982685712763
2002-02-02,MEX,0.5496328044182446
2002-02-03,MEX,0.41717571797903824
2002-02-04,MEX,1.0343530445724682
2002-02-05,MEX,1.1489258976013148
2002-02-06,MEX,0.28652187606168583
2002-02-07,MEX,0.4111860315818651
2002-02-08,MEX,0.5331232888958045
2002-02-09,MEX,0.14137303418549652
2002-02-10,MEX,0.4335855000760797
2002-02-11,MEX,1.3769135035762108
2002-02-12,MEX,1.8239598744434593
2002-02-13,MEX,1.0898013894614476
2002-02-14,MEX,0.3191803125778334
2002-02-15,MEX,0.08263460476277897
2002-02-16,MEX,0.2346264882941252
2002-02-17,MEX,0.20772234220283192
2002-02-18,MEX,0.061848774092076134
2002-02-19,MEX,0.01811660591712827
2002-02-20,MEX,0.06740740996041998
2002-02-21,MEX,0.11738331605763937
2002-02-22,MEX,0.9096340488068997
2002-02-23,MEX,0.09889851942706787
2002-02-24,MEX,0.0017851332986320151
2002-02-25,MEX,0.0053486113202955805
2002-02-26,MEX,0.0984243672021664
2002-02-27,MEX,0.42010652165994816
2002-02-28,MEX,0.08856993137546174
2002-03-01,MEX,0.03135165381927144
2002-03-02,MEX,0.005960916599843367
2002-03-03,MEX,0.17372352157019916
2002-03-04,MEX,0.5514166022043803
2002-03-05,MEX,0.14560602187432103
2002-03-06,MEX,0.08330320284201059
2002-03-07,MEX,0.0720506717289467
2002-03-08,MEX,0.045889217791578625
2002-03-09,MEX,0.0742648946775043
2002-03-10,MEX,0.37338763532265024
2002-03-11,MEX,0.0688915749321209
2002-03-12,MEX,0.03836833667324797
2002-03-13,MEX,0.0396413016357238
2002-03-14,MEX,0.009101260786672685
2002-03-15,MEX,0.005375489119094723
2002-03-16,MEX,0.02313438609635115
2002-03-17,MEX,0.032213755330804214
2002-03-18,MEX,0.15578695349857768
2002-03-19,MEX,0.11378665212399698
2002-03-20,MEX,0.13141012234673108
2002-03-21,MEX,0.24890348616802058
2002-03-22,MEX,0.3693859296874007
2002-03-23,MEX,0.1286242817803226
2002-03-24,MEX,0.025050902187806777
2002-03-25,MEX,0.0214722918444831
2002-03-26,MEX,0.10371620205977326
2002-03-27,MEX,0.18553112832234256
2002-03-28,MEX,0.05738085485511594
2002-03-29,MEX,0.06928649415454599
2002-03-30,MEX,0.039029008867501484
2002-03-31,MEX,0.060422606723677406
2002-04-01,MEX,0.08192040532331231
2002-04-02,MEX,0.028608718158342348
2002-04-03,MEX,0.10831056952347042
2002-04-04,MEX,0.2782483720873563
2002-04-05,MEX,0.3075361416316513
2002-04-06,MEX,0.3980251929440896
2002-04-07,MEX,0.22528167967453555
2002-04-08,MEX,0.04297882096584011
2002-04-09,MEX,0.19167611720078168
2002-04-10,MEX,0.6773197924548275
2002-04-11,MEX,0.2736601088085745
2002-04-12,MEX,0.19410059563281273
2002-04-13,MEX,0.1857486018828231
2002-04-14,MEX,0.2789494088128332
2002-04-15,MEX,0.24837563916185876
2002-04-16,MEX,0.2513619004853616
2002-04-17,MEX,0.058143298415758556
2002-04-18,MEX,0.06127594118114386
2002-04-19,MEX,0.056133658893977346
2002-04-20,MEX,0.030208830557883336
2002-04-21,MEX,0.046150448909346255
2002-04-22,MEX,0.11001374921271902
2002-04-23,MEX,0.06550311030168195
2002-04-24,MEX,0.04521574045137806
2002-04-25,MEX,0.060095698196217885
2002-04-26,MEX,0.062056987415838386
2002-04-27,MEX,0.027745224018225247
2002-04-28,MEX,0.023790387525248213
2002-04-29,MEX,0.02237074813150696
2002-04-30,MEX,0.0382769880651834
2002-05-01,MEX,0.007414358870647025
2002-05-02,MEX,0.010474335945738577
2002-05-03,MEX,0.018417264900284554
2002-05-04,MEX,0.08285286794495415
2002-05-05,MEX,0.09371058223467879
2002-05-06,MEX,0.09925914216746914
2002-05-07,MEX,0.09938802308626049
2002-05-08,MEX,0.08138274462763802
2002-05-09,MEX,0.20299526712852425
2002-05-10,MEX,0.15174818399492046
2002-05-11,MEX,0.08620239856166423
2002-05-12,MEX,0.08641065052140039
2002-05-13,MEX,0.5945294784345138
2002-05-14,MEX,1.0438792708183857
2002-05-15,MEX,0.7330827745869325
2002-05-16,MEX,0.392063356202764
2002-05-17,MEX,0.33699260980837836
2002-05-18,MEX,1.3501247023137763
2002-05-19,MEX,1.2153484535522439
2002-05-20,MEX,0.8760118932809874
2002-05-21,MEX,0.40196105641590185
2002-05-22,MEX,0.23251633502464045
2002-05-23,MEX,0.21657121850329467
2002-05-24,MEX,0.32324368319052804
2002-05-25,MEX,0.3540516954573738
2002-05-26,MEX,0.3670902880464031
2002-05-27,MEX,0.3332127306557271
2002-05-28,MEX,0.28143940289359387
2002-05-29,MEX,0.3196282288624178
2002-05-30,MEX,0.2308438982739907
2002-05-31,MEX,0.411761880575573
2002-06-01,MEX,0.8671003066883198
2002-06-02,MEX,1.07465306106456
2002-06-03,MEX,0.9768398229766994
2002-06-04,MEX,0.8179580547065268
2002-06-05,MEX,1.3081530590213029
2002-06-06,MEX,2.652043992094427
2002-06-07,MEX,2.0097274922637633
2002-06-08,MEX,1.6953741382199674
2002-06-09,MEX,1.6028911280337645
2002-06-10,MEX,1.312690973903403
2002-06-11,MEX,1.1572392326842684
2002-06-12,MEX,1.7659163384629564
2002-06-13,MEX,1.4182926786431107
2002-06-14,MEX,1.161181685466657
2002-06-15,MEX,1.461842098099257
2002-06-16,MEX,0.5392372180782905
2002-06-17,MEX,0.3635620373575972
2002-06-18,MEX,0.6520147112952325
2002-06-19,MEX,0.6589906859125955
2002-06-20,MEX,1.2677370802279124
2002-06-21,MEX,1.576472495438196
2002-06-22,MEX,1.7648806721021029
2002-06-23,MEX,0.8325694388154955
2002-06-24,MEX,0.5092959299108873
2002-06-25,MEX,0.49449807060637924
2002-06-26,MEX,0.7801494489263548
2002-06-27,MEX,0.9316938789701421
2002-06-28,MEX,0.8540662057573891
2002-06-29,MEX,1.1314817619623165
2002-06-30,MEX,0.9351094864346008
2002-07-01,MEX,0.7797060196949483
2002-07-02,MEX,0.49413334941366144
2002-07-03,MEX,0.6165997704060167
2002-07-04,MEX,1.2105650098780312
2002-07-05,MEX,1.3221614360598135
2002-07-06,MEX,1.2074239022523894
2002-07-07,MEX,1.2384667120437796
2002-07-08,MEX,1.234787503780577
2002-07-09,MEX,1.4108145377426093
2002-07-10,MEX,1.7119820140248845
2002-07-11,MEX,1.8158433398367904
2002-07-12,MEX,1.9405323665571916
2002-07-13,MEX,1.6695171593196225
2002-07-14,MEX,2.3001930858075896
2002-07-15,MEX,2.1579355099829214
2002-07-16,MEX,1.7732025143706684
2002-07-17,MEX,1.7240791635362087
2002-07-18,MEX,1.7185150912585194
2002-07-19,MEX,1.643929834059822
2002-07-20,MEX,1.6807196267134041
2002-07-21,MEX,2.1555121891614677
2002-07-22,MEX,2.320600677966628
2002-07-23,MEX,1.5204444107571748
2002-07-24,MEX,1.0158918939252295
2002-07-25,MEX,0.7004113224300252
2002-07-26,MEX,0.4694970364394895
2002-07-27,MEX,0.5881630416481551
2002-07-28,MEX,0.6229730513357596
2002-07-29,MEX,0.8780171347076835
2002-07-30,MEX,1.4215179807714113
2002-07-31,MEX,1.4685281064051767
2002-08-01,MEX,1.2226411289105148
2002-08-02,MEX,1.3340549320491442
2002-08-03,MEX,1.2523394571331707
2002-08-04,MEX,1.2664065216615321
2002-08-05,MEX,1.250943748165131
2002-08-06,MEX,0.9720839159787754
2002-08-07,MEX,0.6101722414834042
2002-08-08,MEX,0.6241229561830565
2002-08-09,MEX,0.8318695062090912
2002-08-10,MEX,1.4946672379604788
2002-08-11,MEX,1.3329850807189703
2002-08-12,MEX,1.1271478513360522
2002-08-13,MEX,1.354416124000455
2002-08-14,MEX,1.0607397738703805
2002-08-15,MEX,1.1099575621617164
2002-08-16,MEX,1.0867240119497088
2002-08-17,MEX,0.8642937194822564
2002-08-18,MEX,1.3281530099592538
2002-08-19,MEX,1.0104915369470298
2002-08-20,MEX,0.985923011501665
2002-08-21,MEX,0.8929574240035185
2002-08-22,MEX,0.9028134370616147
2002-08-23,MEX,1.0685850880966612
2002-08-24,MEX,0.8240583974222848
2002-08-25,MEX,0.6431895424965446
2002-08-26,MEX,0.3179324023851096
2002-08-27,MEX,0.42616833559967643
2002-08-28,MEX,0.7050710756379257
2002-08-29,MEX,1.2293757644687051
2002-08-30,MEX,1.1306672968299838
2002-08-31,MEX,0.9034914904272212
2002-09-01,MEX,1.531882584418958
2002-09-02,MEX,1.2522948986938065
2002-09-03,MEX,1.1088125770404924
2002-09-04,MEX,1.0890603808370507
2002-09-05,MEX,1.4704257479097473
2002-09-06,MEX,1.5132292186274539
2002-09-07,MEX,1.2687251470757281
2002-09-08,MEX,1.3127025888500423
2002-09-09,MEX,1.6941666185614848
2002-09-10,MEX,2.302867367515015
2002-09-11,MEX,2.948880892023071
2002-09-12,MEX,2.6862852002798667
2002-09-13,MEX,1.8919319616009593
2002-09-14,MEX,1.2928000202325496
2002-09-15,MEX,2.1206810729842576
2002-09-16,MEX,2.3925034203606366
2002-09-17,MEX,1.4796807566349166
2002-09-18,MEX,1.217837940487347
2002-09-19,MEX,1.2571506867197175
2002-09-20,MEX,1.7371442847853376
2002-09-21,MEX,1.9412516099127475
2002-09-22,MEX,2.2218537620525494
2002-09-23,MEX,3.6457629993069713
2002-09-24,MEX,2.7230646905293794
2002-09-25,MEX,2.403183744269986
2002-09-26,MEX,1.6457111557688182
2002-09-27,MEX,1.4010209474118285
2002-09-28,MEX,1.6384614640158148
2002-09-29,MEX,1.4949487697820458
2002-09-30,MEX,0.7716552962212762
2002-10-01,MEX,0.6512798172610266
2002-10-02,MEX,0.4093115102726191
2002-10-03,MEX,0.5831954139961839
2002-10-04,MEX,0.463677351871052
2002-10-05,MEX,0.9443941455189107
2002-10-06,MEX,1.1612255551558308
2002-10-07,MEX,1.4958265191993023
2002-10-08,MEX,1.2540302409245658
2002-10-09,MEX,0.6308446679778288
2002-10-10,MEX,0.6972460025219394
2002-10-11,MEX,0.4553693799280822
2002-10-12,MEX,0.36641623094798675
2002-10-13,MEX,0.8747235849820127
2002-10-14,MEX,0.6430976953145924
2002-10-15,MEX,0.1888473247174161
2002-10-16,MEX,0.3209059833479253
2002-10-17,MEX,0.193285338907723
2002-10-18,MEX,0.5470800102742596
2002-10-19,MEX,0.22071192134171716
2002-10-20,MEX,0.4525500668895068
2002-10-21,MEX,0.4162829252719996
2002-10-22,MEX,0.5446691264474011
2002-10-23,MEX,0.8099998983974313
2002-10-24,MEX,1.3593574402502362
2002-10-25,MEX,2.2492116953702648
2002-10-26,MEX,1.489395077350759
2002-10-27,MEX,0.637928304814956
2002-10-28,MEX,0.7570854962710032
2002-10-29,MEX,0.2908776977372837
2002-10-30,MEX,0.5521887833771233
2002-10-31,MEX,1.4372503722757684
2002-11-01,MEX,1.6363959424373287
2002-11-02,MEX,2.0282332280241433
2002-11-03,MEX,1.4584682997511647
2002-11-04,MEX,2.9454520543939777
2002-11-05,MEX,0.8106534286556466
2002-11-06,MEX,1.7711016924017486
2002-11-07,MEX,0.8564562249267192
2002-11-08,MEX,0.3256698653586574
2002-11-09,MEX,0.1275890234057012
2002-11-10,MEX,0.0658267049699096
2002-11-11,MEX,0.12466559745877791
2002-11-12,MEX,0.41022656781150174
2002-11-13,MEX,0.9167788710048087
2002-11-14,MEX,0.1697338540707135
2002-11-15,MEX,0.15615623926594363
2002-11-16,MEX,0.5931975072632952
2002-11-17,MEX,0.2598648803422823
2002-11-18,MEX,0.0027377336666871877
2002-11-19,MEX,0.016918938011798557
2002-11-20,MEX,0.07565818380862437
2002-11-21,MEX,0.19433396851287468
2002-11-22,MEX,0.022978474471019448
2002-11-23,MEX,0.004287860666510098
2002-11-24,MEX,0.0037620948022218546
2002-11-25,MEX,0.008533936609391467
2002-11-26,MEX,0.15942746786058415
2002-11-27,MEX,0.5622132846836644
2002-11-28,MEX,1.2360109751366524
2002-11-29,MEX,1.0049114509503443
2002-11-30,MEX,0.45010634662285476
2002-12-01,MEX,0.16700024780524306
2002-12-02,MEX,0.198445468536443
2002-12-03,MEX,0.9072909618079695
2002-12-04,MEX,0.16255033942478353
2002-12-05,MEX,0.23804602744866804
2002-12-06,MEX,0.7299471585082008
2002-12-07,MEX,0.24473633132885836
2002-12-08,MEX,0.16720403621062235
2002-12-09,MEX,0.30919265610129215
2002-12-10,MEX,0.22898839758052433
2002-12-11,MEX,0.11306802353140333
2002-12-12,MEX,0.05631416240129065
2002-12-13,MEX,0.17158356365221156
2002-12-14,MEX,0.019818543434344988
2002-12-15,MEX,0.021690643392449582
2002-12-16,MEX,0.02129551814219969
2002-12-17,MEX,0.1232183150535239
2002-12-18,MEX,0.27272922332413485
2002-12-19,MEX,0.012040977836147668
2002-12-20,MEX,0.27859511288264227
2002-12-21,MEX,0.02004233645944495
2002-12-22,MEX,0.34317618735992017
2002-12-23,MEX,1.0687243487682356
2002-12-24,MEX,0.10543141879578437
2002-12-25,MEX,0.3253757500874762
2002-12-26,MEX,0.0957037342092829
2002-12-27,MEX,0.2261225818049139
2002-12-28,MEX,0.3984212138361182
2002-12-29,MEX,0.11150906362823848
2002-12-30,MEX,0.04897416017766547
2002-12-31,MEX,0.09449993956542661
2003-01-01,MEX,0.07597990514516871
2003-01-02,MEX,0.24557104023360815
2003-01-03,MEX,0.5197933077542481
2003-01-04,MEX,0.02838247872031112
2003-01-05,MEX,0.014395583180925901
2003-01-06,MEX,0.1013313922170613
2003-01-07,MEX,1.094342711270633
2003-01-08,MEX,0.32961626873036476
2003-01-09,MEX,0.23167025931218957
2003-01-10,MEX,0.20413621506031374
2003-01-11,MEX,0.3174563354795287
2003-01-12,MEX,0.39553988973436555
2003-01-13,MEX,0.2367146063886001
2003-01-14,MEX,0.25981691026811177
2003-01-15,MEX,0.1299273562096126
2003-01-16,MEX,0.06168080611772989
2003-01-17,MEX,0.4164929215250655
2003-01-18,MEX,0.13660863651685254
2003-01-19,MEX,0.04120427016952502
2003-01-20,MEX,0.02695590274683103
2003-01-21,MEX,0.004175847074612556
2003-01-22,MEX,0.01150010935881017
2003-01-23,MEX,0.29581896333575713
2003-01-24,MEX,0.2213033364078552
2003-01-25,MEX,0.07088157359790456
2003-01-26,MEX,0.10449488364285663
2003-01-27,MEX,0.3296664461905404
2003-01-28,MEX,0.2623215595403262
2003-01-29,MEX,0.008844887453824437
2003-01-30,MEX,0.060802908114788556
2003-01-31,MEX,0.19729538546151673
2003-02-01,MEX,0.22150102960087928
2003-02-02,MEX,0.29353145523997165
2003-02-03,MEX,0.11689547955396257
2003-02-04,MEX,0.0419834608288328
2003-02-05,MEX,0.19100072430389853
2003-02-06,MEX,0.21399882229935063
2003-02-07,MEX,0.9524639384972419
2003-02-08,MEX,0.6569447659148836
2003-02-09,MEX,0.047668099397066496
2003-02-10,MEX,0.07794658214272569
2003-02-11,MEX,0.28396514171014575
2003-02-12,MEX,0.2934876031328939
2003-02-13,MEX,1.0144098065745168
2003-02-14,MEX,1.141703835079579
2003-02-15,MEX,0.17958032646455394
2003-02-16,MEX,0.3477442146595097
2003-02-17,MEX,0.2413462870607487
2003-02-18,MEX,0.023672763385050023
2003-02-19,MEX,0.0737334251828487
2003-02-20,MEX,0.635318821899328
2003-02-21,MEX,0.628008389931965
2003-02-22,MEX,0.07556342559875376
2003-02-23,MEX,0.016260396774902243
2003-02-24,MEX,0.09669469279462062
2003-02-25,MEX,0.36341365735788367
2003-02-26,MEX,0.3539543725451935
2003-02-27,MEX,0.04237232445392168
2003-02-28,MEX,0.054340100574248575
2003-03-01,MEX,0.03786843151570399
2003-03-02,MEX,0.08071517018853532
2003-03-03,MEX,0.22016717770088132
2003-03-04,MEX,0.05995476778153675
2003-03-05,MEX,0.1370299148011321
2003-03-06,MEX,0.056270063846130175
2003-03-07,MEX,0.06381184655231835
2003-03-08,MEX,0.04078188795663549
2003-03-09,MEX,0.03518933249209575
2003-03-10,MEX,0.11177424536381289
2003-03-11,MEX,0.12054558159019947
2003-03-12,MEX,0.07277371677525551
2003-03-13,MEX,0.051553552532092574
2003-03-14,MEX,0.27335718230145517
2003-03-15,MEX,0.5542782285698142
2003-03-16,MEX,0.2285870605209098
2003-03-17,MEX,0.1793574654520783
2003-03-18,MEX,0.2799210456282382
2003-03-19,MEX,0.04162666555962199
2003-03-20,MEX,0.006124100396834394
2003-03-21,MEX,0.11856001980063989
2003-03-22,MEX,0.07928501760897341
2003-03-23,MEX,0.5114361869278802
2003-03-24,MEX,0.08129618420578624
2003-03-25,MEX,0.044911871577426106
2003-03-26,MEX,0.18618846704700745
2003-03-27,MEX,0.14333865457112546
2003-03-28,MEX,0.0053733640759279135
2003-03-29,MEX,0.1963262561775209
2003-03-30,MEX,0.7886472514395424
2003-03-31,MEX,0.0842382405118363
2003-04-01,MEX,0.01423460832630461
2003-04-02,MEX,0.2728829521474282
2003-04-03,MEX,0.10770164250399625
2003-04-04,MEX,0.0238807692458811
2003-04-05,MEX,0.031041213484252685
2003-04-06,MEX,0.022470511979243477
2003-04-07,MEX,0.07601386306210307
2003-04-08,MEX,0.8697889359924114
2003-04-09,MEX,0.9427943970838136
2003-04-10,MEX,0.23126584132552744
2003-04-11,MEX,0.17102519547041062
2003-04-12,MEX,0.11258002031046205
2003-04-13,MEX,0.12817544651390747
2003-04-14,MEX,0.17007995015144123
2003-04-15,MEX,0.35110792008393216
2003-04-16,MEX,0.03940468635158651
2003-04-17,MEX,0.07248066315998385
2003-04-18,MEX,0.05738773551647947
2003-04-19,MEX,0.09870499543457119
2003-04-20,MEX,0.2022221235175463
2003-04-21,MEX,0.35419165291120697
2003-04-22,MEX,0.21883796212044102
2003-04-23,MEX,0.06791281881939203
2003-04-24,MEX,0.045952906182143066
2003-04-25,MEX,0.0263199159664439
2003-04-26,MEX,0.07761450389552324
2003-04-27,MEX,0.12124965162791926
2003-04-28,MEX,0.1067859129972793
2003-04-29,MEX,0.24306567792809655
2003-04-30,MEX,0.18541974676745943
2003-05-01,MEX,0.04778926745406245
2003-05-02,MEX,0.056606786587481334
2003-05-03,MEX,0.07984203677110688
2003-05-04,MEX,0.030860636196350964
2003-05-05,MEX,0.032085583846788966
2003-05-06,MEX,0.0271408598314713
2003-05-07,MEX,0.03187498096004131
2003-05-08,MEX,0.03753094057236307
2003-05-09,MEX,0.04680741631059655
2003-05-10,MEX,0.044391165595050505
2003-05-11,MEX,0.16613378178756966
2003-05-12,MEX,0.2273075265831689
2003-05-13,MEX,0.19518094480316353
2003-05-14,MEX,0.1698943410005146
2003-05-15,MEX,0.15169976307033148
2003-05-16,MEX,0.07992702472293389
2003-05-17,MEX,0.11806317477679183
2003-05-18,MEX,0.17774914212962006
2003-05-19,MEX,0.11052103473549013
2003-05-20,MEX,0.19453559424394515
2003-05-21,MEX,0.30203092472454446
2003-05-22,MEX,0.49536421269069514
2003-05-23,MEX,0.47674165781320343
2003-05-24,MEX,0.37834176622184335
2003-05-25,MEX,0.33908444000531274
2003-05-26,MEX,0.9283280599158817
2003-05-27,MEX,1.6417485358174155
2003-05-28,MEX,1.5721276540237998
2003-05-29,MEX,1.2023067501575841
2003-05-30,MEX,0.5117411598046141
2003-05-31,MEX,0.4402751977115477
2003-06-01,MEX,0.5964274627635096
2003-06-02,MEX,0.9162848867741561
2003-06-03,MEX,1.1601360697732648
2003-06-04,MEX,1.0777790719159446
2003-06-05,MEX,1.2788799048674135
2003-06-06,MEX,0.6633079625410745
2003-06-07,MEX,1.0447405920644215
2003-06-08,MEX,1.1776332954986843
2003-06-09,MEX,1.390123708500779
2003-06-10,MEX,1.9734371610185701
2003-06-11,MEX,0.9751925595693239
2003-06-12,MEX,0.4298709085802738
2003-06-13,MEX,0.5362464830693567
2003-06-14,MEX,0.6924153020521281
2003-06-15,MEX,1.0759986425496983
2003-06-16,MEX,1.6154579775416644
2003-06-17,MEX,1.383462623639893
2003-06-18,MEX,1.1176689849625898
2003-06-19,MEX,1.2006455620775371
2003-06-20,MEX,1.3330542592001127
2003-06-21,MEX,1.4583509286089336
2003-06-22,MEX,1.2373196465118894
2003-06-23,MEX,0.831315713887723
2003-06-24,MEX,1.1583371577482953
2003-06-25,MEX,1.7849463989374825
2003-06-26,MEX,1.789509451768174
2003-06-27,MEX,2.0350151235473515
2003-06-28,MEX,1.7653288702851864
2003-06-29,MEX,2.4151182883946922
2003-06-30,MEX,2.018752526217048
2003-07-01,MEX,1.9554927687732937
2003-07-02,MEX,1.380319755974964
2003-07-03,MEX,1.4288406502347744
2003-07-04,MEX,1.480626077309289
2003-07-05,MEX,1.6729580756029607
2003-07-06,MEX,1.8966269212100948
2003-07-07,MEX,1.6081072095899411
2003-07-08,MEX,1.9658177544442332
2003-07-09,MEX,1.8683592166693546
2003-07-10,MEX,1.2206217464549438
2003-07-11,MEX,0.5619010768997593
2003-07-12,MEX,0.4421173968079921
2003-07-13,MEX,0.4143348091136302
2003-07-14,MEX,0.42434619897086495
2003-07-15,MEX,0.8556559839854676
2003-07-16,MEX,1.5907077049812997
2003-07-17,MEX,2.1392015064029635
2003-07-18,MEX,1.6759362070920059
2003-07-19,MEX,0.9885970163868922
2003-07-20,MEX,0.6047267315167459
2003-07-21,MEX,0.47231671623086174
2003-07-22,MEX,0.373759866577224
2003-07-23,MEX,0.6480686594177142
2003-07-24,MEX,0.6807888535985911
2003-07-25,MEX,1.0381243655039811
2003-07-26,MEX,1.2409930834494167
2003-07-27,MEX,1.3168492361460995
2003-07-28,MEX,1.793739085066995
2003-07-29,MEX,1.3149814300808806
2003-07-30,MEX,1.425188601100303
2003-07-31,MEX,1.8162855853471283
2003-08-01,MEX,1.665770354485654
2003-08-02,MEX,1.1128099107140974
2003-08-03,MEX,0.6493861311474726
2003-08-04,MEX,0.6165842961105918
2003-08-05,MEX,0.6994220051341051
2003-08-06,MEX,0.7296516876512545
2003-08-07,MEX,0.7451139977554716
2003-08-08,MEX,0.4389069870365867
2003-08-09,MEX,0.4632163359727168
2003-08-10,MEX,0.3654931565190646
2003-08-11,MEX,0.6008769970819892
2003-08-12,MEX,0.8110968539042105
2003-08-13,MEX,1.5864070353057245
2003-08-14,MEX,1.5673775617227053
2003-08-15,MEX,1.5616722688006133
2003-08-16,MEX,1.8913384164838694
2003-08-17,MEX,1.7860033206158117
2003-08-18,MEX,1.7839729260173336
2003-08-19,MEX,1.1347469571445454
2003-08-20,MEX,1.759066141389966
2003-08-21,MEX,1.9045501077697655
2003-08-22,MEX,1.7121551176750065
2003-08-23,MEX,1.8014751166988514
2003-08-24,MEX,1.9820195015706619
2003-08-25,MEX,1.4125510901203924
2003-08-26,MEX,1.5004210473221995
2003-08-27,MEX,1.3848517552475281
2003-08-28,MEX,0.9619828847810739
2003-08-29,MEX,1.3316888884922224
2003-08-30,MEX,1.5217060119022294
2003-08-31,MEX,1.944056175790972
2003-09-01,MEX,2.23484594476995
2003-09-02,MEX,2.104641176685645
2003-09-03,MEX,2.07234704438276
2003-09-04,MEX,2.2719927761585184
2003-09-05,MEX,2.346564432071699
2003-09-06,MEX,2.0964875902571793
2003-09-07,MEX,1.3648023249117158
2003-09-08,MEX,1.354802127631457
2003-09-09,MEX,1.3220015961511586
2003-09-10,MEX,1.1244996299956034
2003-09-11,MEX,0.9660795335132633
2003-09-12,MEX,1.2311829726143853
2003-09-13,MEX,1.0512893381634898
2003-09-14,MEX,1.6109472174169142
2003-09-15,MEX,2.6764878586941365
2003-09-16,MEX,1.710043362953518
2003-09-17,MEX,1.9052697293412382
2003-09-18,MEX,1.568348079325378
2003-09-19,MEX,2.17430929284218
2003-09-20,MEX,2.8872775527764514
2003-09-21,MEX,3.25061822289181
2003-09-22,MEX,2.6896923751383364
2003-09-23,MEX,2.832093936275533
2003-09-24,MEX,1.3854624095438413
2003-09-25,MEX,1.1731127210070358
2003-09-26,MEX,1.78761715802293
2003-09-27,MEX,1.835458213946242
2003-09-28,MEX,2.72054014194846
2003-09-29,MEX,2.3024119544370216
2003-09-30,MEX,1.0589311761802687
2003-10-01,MEX,0.6052151017628828
2003-10-02,MEX,0.6386214638596325
2003-10-03,MEX,1.005730858591544
2003-10-04,MEX,1.15259681725164
2003-10-05,MEX,1.767052160504518
2003-10-06,MEX,1.8398915934146414
2003-10-07,MEX,3.0123576873786146
2003-10-08,MEX,2.963870588193134
2003-10-09,MEX,2.2501531922597504
2003-10-10,MEX,1.3444052303864402
2003-10-11,MEX,1.8128505752619295
2003-10-12,MEX,3.4622692196662537
2003-10-13,MEX,1.18078088593718
2003-10-14,MEX,0.8174312574655823
2003-10-15,MEX,1.1428264097937046
2003-10-16,MEX,0.7563774617296172
2003-10-17,MEX,0.8379812347406684
2003-10-18,MEX,0.9469525578741186
2003-10-19,MEX,0.38420452190496746
2003-10-20,MEX,0.24711829731081333
2003-10-21,MEX,0.21394461228179226
2003-10-22,MEX,0.1878071188569948
2003-10-23,MEX,0.13856345823479424
2003-10-24,MEX,0.16147970538866674
2003-10-25,MEX,0.14586750190795209
2003-10-26,MEX,0.8484159463680077
2003-10-27,MEX,1.3565027274060206
2003-10-28,MEX,0.42873988123766804
2003-10-29,MEX,0.14308953744517403
2003-10-30,MEX,0.15670199133354623
2003-10-31,MEX,0.3554389298411492
2003-11-01,MEX,0.9229988737085343
2003-11-02,MEX,0.3253263487056431
2003-11-03,MEX,0.13659211670988702
2003-11-04,MEX,0.11913567242403474
2003-11-05,MEX,0.08599651518181367
2003-11-06,MEX,0.1881811683866104
2003-11-07,MEX,0.7720639899790301
2003-11-08,MEX,0.634121973766958
2003-11-09,MEX,0.5913415690065802
2003-11-10,MEX,0.5571562256945959
2003-11-11,MEX,0.48269385508000173
2003-11-12,MEX,0.5304332703971345
2003-11-13,MEX,0.6497795569974397
2003-11-14,MEX,0.7357033705197631
2003-11-15,MEX,0.16729321858714347
2003-11-16,MEX,0.10327535354861579
2003-11-17,MEX,0.43271061622302953
2003-11-18,MEX,0.09659221378430674
2003-11-19,MEX,1.0862301317282679
2003-11-20,MEX,0.09616799756826476
2003-11-21,MEX,0.01975059415469043
2003-11-22,MEX,0.03472516164488427
2003-11-23,MEX,0.02943125060513976
2003-11-24,MEX,0.256350936357855
2003-11-25,MEX,0.22700625307189828
2003-11-26,MEX,0.024013512526336305
2003-11-27,MEX,0.020341100051719237
2003-11-28,MEX,0.7182981883198912
2003-11-29,MEX,0.5674930229348187
2003-11-30,MEX,0.06030751568069164
2003-12-01,MEX,0.08226270893175114
2003-12-02,MEX,0.32838795404661913
2003-12-03,MEX,0.09371254371037693
2003-12-04,MEX,0.054681922863328354
2003-12-05,MEX,0.24104655487706061
2003-12-06,MEX,0.38108321879815493
2003-12-07,MEX,0.09267981836692163
2003-12-08,MEX,0.010049381040439205
2003-12-09,MEX,0.0091835219573933
2003-12-10,MEX,0.10487979717217398
2003-12-11,MEX,0.10486550917925619
2003-12-12,MEX,0.028435655759125687
2003-12-13,MEX,0.039037184745489915
2003-12-14,MEX,0.3007942442628886
2003-12-15,MEX,0.0069818223568670216
2003-12-16,MEX,0.03918461792944645
2003-12-17,MEX,0.6786792833584646
2003-12-18,MEX,0.05283281286571129
2003-12-19,MEX,0.04788896937691105
2003-12-20,MEX,0.04622444922368884
2003-12-21,MEX,0.012278141133742504
2003-12-22,MEX,0.010752173972836928
2003-12-23,MEX,0.014020289096147064
2003-12-24,MEX,0.10017765352817573
2003-12-25,MEX,0.03167254710940909
2003-12-26,MEX,0.07399609436468997
2003-12-27,MEX,0.02153142361546963
2003-12-28,MEX,0.03583132800899609
2003-12-29,MEX,0.24582449406458048
2003-12-30,MEX,0.4525936420238035
2003-12-31,MEX,0.21197836376699025
2004-01-01,MEX,0.21384725201888283
2004-01-02,MEX,0.08830605248515225
2004-01-03,MEX,0.04772762067235866
2004-01-04,MEX,0.018666843804631822
2004-01-05,MEX,0.055679205440783044
2004-01-06,MEX,0.4657692491484234
2004-01-07,MEX,0.6439824268549441
2004-01-08,MEX,0.18335397552193639
2004-01-09,MEX,0.2409791362836947
2004-01-10,MEX,0.580402316467697
2004-01-11,MEX,0.8630030588833586
2004-01-12,MEX,0.29845858390624236
2004-01-13,MEX,0.5716294401826004
2004-01-14,MEX,2.5255289336714712
2004-01-15,MEX,1.6105300056555556
2004-01-16,MEX,2.1530870693084014
2004-01-17,MEX,0.7147444292568524
2004-01-18,MEX,0.12689619546443823
2004-01-19,MEX,0.3462502803275094
2004-01-20,MEX,0.03883073082855328
2004-01-21,MEX,0.0579338747690946
2004-01-22,MEX,0.28591340452851766
2004-01-23,MEX,0.4005033014263786
2004-01-24,MEX,1.4421820040470268
2004-01-25,MEX,0.06867570512243021
2004-01-26,MEX,0.025828834394551404
2004-01-27,MEX,0.25120043576757894
2004-01-28,MEX,0.15964472401302154
2004-01-29,MEX,0.08727498621701565
2004-01-30,MEX,0.3821988397540595
2004-01-31,MEX,0.3441300903147226
2004-02-01,MEX,0.02307069773227597
2004-02-02,MEX,0.03164206418768772
2004-02-03,MEX,0.2799304632936234
2004-02-04,MEX,0.2731335854149342
2004-02-05,MEX,0.10199408912999057
2004-02-06,MEX,0.06043262714036596
2004-02-07,MEX,0.6189723893086914
2004-02-08,MEX,0.19963493932912355
2004-02-09,MEX,0.04780432472642169
2004-02-10,MEX,0.08315446761090374
2004-02-11,MEX,0.11831622252846727
2004-02-12,MEX,0.12236202227746125
2004-02-13,MEX,0.5075304999123588
2004-02-14,MEX,0.14152242240541513
2004-02-15,MEX,0.26512439756630746
2004-02-16,MEX,0.17162449288066886
2004-02-17,MEX,0.29811039242522774
2004-02-18,MEX,0.10597481958080805
2004-02-19,MEX,0.011735774308369569
2004-02-20,MEX,0.0033081661957339004
2004-02-21,MEX,0.03856897032758288
2004-02-22,MEX,0.34472721165883596
2004-02-23,MEX,1.4195875843292456
2004-02-24,MEX,0.5741121414567869
2004-02-25,MEX,0.10753605350627285
2004-02-26,MEX,0.13185883184776107
2004-02-27,MEX,0.04908109043392099
2004-02-28,MEX,0.16523734220844905
2004-02-29,MEX,0.11679078998278308
2004-03-01,MEX,0.008685664719920659
2004-03-02,MEX,0.17764717744654798
2004-03-03,MEX,0.5635521633009626
2004-03-04,MEX,0.7720670566928742
2004-03-05,MEX,0.02006943190363069
2004-03-06,MEX,0.043380145073387964
2004-03-07,MEX,0.11050723096125349
2004-03-08,MEX,0.2778243927541143
2004-03-09,MEX,0.19997362886894532
2004-03-10,MEX,0.2470354114717698
2004-03-11,MEX,0.4009024475828232
2004-03-12,MEX,1.225432353911581
2004-03-13,MEX,0.41888232669123776
2004-03-14,MEX,0.47026360633679876
2004-03-15,MEX,0.6592899732723533
2004-03-16,MEX,0.24071523655744237
2004-03-17,MEX,0.1605785437364524
2004-03-18,MEX,0.10530082715647424
2004-03-19,MEX,0.10664103956044631
2004-03-20,MEX,0.22105463078363957
2004-03-21,MEX,0.8749354199950293
2004-03-22,MEX,0.8634275829147553
2004-03-23,MEX,0.5054354404444062
2004-03-24,MEX,0.11731684975976485
2004-03-25,MEX,0.047160594070307656
2004-03-26,MEX,0.07224276268801595
2004-03-27,MEX,0.09882281768522669
2004-03-28,MEX,0.17143277714708588
2004-03-29,MEX,0.900156787317972
2004-03-30,MEX,1.77673967109906
2004-03-31,MEX,1.0936109308066508
2004-04-01,MEX,0.5361708883778421
2004-04-02,MEX,0.847706705994964
2004-04-03,MEX,0.4407566346350066
2004-04-04,MEX,0.6333998739752847
2004-04-05,MEX,0.5629276922899055
2004-04-06,MEX,0.19378272200851054
2004-04-07,MEX,0.11751347492199311
2004-04-08,MEX,0.31525610531674003
2004-04-09,MEX,0.35157268563148764
2004-04-10,MEX,0.21858424496475332
2004-04-11,MEX,0.5926400043104582
2004-04-12,MEX,0.44137714290863245
2004-04-13,MEX,0.7420755138231069
2004-04-14,MEX,0.03531433910604766
2004-04-15,MEX,0.029679636725292086
2004-04-16,MEX,0.02645445542270052
2004-04-17,MEX,0.11569623658679055
2004-04-18,MEX,0.07752314187793626
2004-04-19,MEX,0.08422246592309653
2004-04-20,MEX,0.02877712403277979
2004-04-21,MEX,0.04213856466100592
2004-04-22,MEX,0.07497564758464753
2004-04-23,MEX,0.12273107700009296
2004-04-24,MEX,0.3796191739176535
2004-04-25,MEX,0.33517319706141596
2004-04-26,MEX,1.111653555509852
2004-04-27,MEX,1.9765382550466313
2004-04-28,MEX,0.7935676555347213
2004-04-29,MEX,0.17857746865642637
2004-04-30,MEX,0.12697490450302357
2004-05-01,MEX,0.4466223635563207
2004-05-02,MEX,1.3440652617154751
2004-05-03,MEX,1.3066081637168439
2004-05-04,MEX,0.5285150791006753
2004-05-05,MEX,0.7043888837253005
2004-05-06,MEX,0.8654373807100179
2004-05-07,MEX,0.6738694881480635
2004-05-08,MEX,0.685601482305556
2004-05-09,MEX,0.4902206643806697
2004-05-10,MEX,0.4070181408479509
2004-05-11,MEX,0.21207486151976718
2004-05-12,MEX,0.13057189358584237
2004-05-13,MEX,0.20887185032097952
2004-05-14,MEX,1.4125515868442033
2004-05-15,MEX,1.3344712176107587
2004-05-16,MEX,0.805366590339069
2004-05-17,MEX,0.685378086391383
2004-05-18,MEX,0.6069932364531109
2004-05-19,MEX,0.5013225668199365
2004-05-20,MEX,0.5651844861333447
2004-05-21,MEX,0.369688251818467
2004-05-22,MEX,0.2569292142484787
2004-05-23,MEX,0.26484382913521515
2004-05-24,MEX,0.2297010308978172
2004-05-25,MEX,0.3161515113097671
2004-05-26,MEX,0.2968628866936949
2004-05-27,MEX,0.27600578332893977
2004-05-28,MEX,0.23136755826797137
2004-05-29,MEX,0.32111909593278454
2004-05-30,MEX,0.48656005612893566
2004-05-31,MEX,0.5767581900951713
2004-06-01,MEX,1.1209902852976776
2004-06-02,MEX,1.389487982398214
2004-06-03,MEX,1.6511026732790963
2004-06-04,MEX,2.112830503922059
2004-06-05,MEX,1.0762096119286644
2004-06-06,MEX,1.4027267962187644
2004-06-07,MEX,2.3109173585575453
2004-06-08,MEX,1.8179195459466275
2004-06-09,MEX,1.3885841115651134
2004-06-10,MEX,1.285712491317043
2004-06-11,MEX,1.1880408473405457
2004-06-12,MEX,1.0266851935583816
2004-06-13,MEX,0.7220206493286981
2004-06-14,MEX,0.5565757542648223
2004-06-15,MEX,0.48543535704795976
2004-06-16,MEX,0.6945832575168088
2004-06-17,MEX,0.8952864564141552
2004-06-18,MEX,0.7995911279888699
2004-06-19,MEX,0.4748241904762222
2004-06-20,MEX,0.5892511382325435
2004-06-21,MEX,0.77239283792081
2004-06-22,MEX,1.0503673862019698
2004-06-23,MEX,1.5452152589427255
2004-06-24,MEX,1.3002452383952925
2004-06-25,MEX,1.141807243234998
2004-06-26,MEX,1.132300184164075
2004-06-27,MEX,0.9221163676737515
2004-06-28,MEX,1.1341765244815016
2004-06-29,MEX,1.1899442402306215
2004-06-30,MEX,1.1976455089765399
2004-07-01,MEX,0.8413193079955045
2004-07-02,MEX,0.6094528776797806
2004-07-03,MEX,0.5610631231432376
2004-07-04,MEX,0.6338510553699853
2004-07-05,MEX,0.9421828274331174
2004-07-06,MEX,0.7058224116036955
2004-07-07,MEX,0.7913362495588309
2004-07-08,MEX,0.8105439761499802
2004-07-09,MEX,0.9318764239182347
2004-07-10,MEX,1.5170704161328887
2004-07-11,MEX,1.6511734133279719
2004-07-12,MEX,1.506787215489069
2004-07-13,MEX,0.9570168217715103
2004-07-14,MEX,1.0831617405054774
2004-07-15,MEX,0.7089485738006364
2004-07-16,MEX,0.8448687143568847
2004-07-17,MEX,1.0344023003442662
2004-07-18,MEX,0.6412449765806728
2004-07-19,MEX,0.7311239365155688
2004-07-20,MEX,0.9152715318503936
2004-07-21,MEX,0.7867551486260018
2004-07-22,MEX,2.0806492181668768
2004-07-23,MEX,1.8607489564926225
2004-07-24,MEX,1.5118824020234083
2004-07-25,MEX,1.6670725233421122
2004-07-26,MEX,1.673547332742445
2004-07-27,MEX,1.4754054570036934
2004-07-28,MEX,1.1331257504164804
2004-07-29,MEX,1.088042983857769
2004-07-30,MEX,1.4462613263409116
2004-07-31,MEX,1.658024568924268
2004-08-01,MEX,1.9911357454042402
2004-08-02,MEX,1.4316031421374986
2004-08-03,MEX,1.2981681982653297
2004-08-04,MEX,1.1549539477026132
2004-08-05,MEX,0.7144998630073469
2004-08-06,MEX,0.5986422419715527
2004-08-07,MEX,0.5319931055732086
2004-08-08,MEX,0.5392883711606813
2004-08-09,MEX,1.0695665507370544
2004-08-10,MEX,1.2009223516041596
2004-08-11,MEX,1.1692299399389157
2004-08-12,MEX,0.8473737908750848
2004-08-13,MEX,1.0289237203630883
2004-08-14,MEX,1.08456394414761
2004-08-15,MEX,1.2316358112996761
2004-08-16,MEX,1.2148686495932948
2004-08-17,MEX,1.1417821713243836
2004-08-18,MEX,0.9924894789859451
2004-08-19,MEX,0.7542725968707763
2004-08-20,MEX,1.1767927317746547
2004-08-21,MEX,1.4826350674551048
2004-08-22,MEX,1.6133038446069403
2004-08-23,MEX,0.7886169256451045
2004-08-24,MEX,0.7703252542095335
2004-08-25,MEX,0.9074730235692234
2004-08-26,MEX,0.7058913739951805
2004-08-27,MEX,0.9379618707811684
2004-08-28,MEX,1.2252039211476489
2004-08-29,MEX,1.689111621526029
2004-08-30,MEX,1.639493718177257
2004-08-31,MEX,1.7163797369474665
2004-09-01,MEX,1.9064667261064125
2004-09-02,MEX,2.168342684764338
2004-09-03,MEX,1.6572385814253117
2004-09-04,MEX,2.2217750404748
2004-09-05,MEX,2.146854894305966
2004-09-06,MEX,1.5371931540926147
2004-09-07,MEX,2.237709841425924
2004-09-08,MEX,1.4538554141862603
2004-09-09,MEX,1.339796677820102
2004-09-10,MEX,1.1859003640257895
2004-09-11,MEX,1.0984010325450129
2004-09-12,MEX,0.9319616284144059
2004-09-13,MEX,0.8082274126622976
2004-09-14,MEX,0.7549130693790966
2004-09-15,MEX,0.8601181654526039
2004-09-16,MEX,1.259111817637444
2004-09-17,MEX,1.4751248538014743
2004-09-18,MEX,1.5825529986004914
2004-09-19,MEX,2.056938812048066
2004-09-20,MEX,1.602584965020893
2004-09-21,MEX,1.897501379923607
2004-09-22,MEX,1.5986253166409692
2004-09-23,MEX,1.3514661889406452
2004-09-24,MEX,1.1507800184746517
2004-09-25,MEX,1.8783241645313022
2004-09-26,MEX,2.1468419124627562
2004-09-27,MEX,1.7934818304776017
2004-09-28,MEX,1.4122381968845381
2004-09-29,MEX,1.3032106106268824
2004-09-30,MEX,0.8409482935011013
2004-10-01,MEX,0.31678196297305183
2004-10-02,MEX,0.4548945238996331
2004-10-03,MEX,1.0503749888750615
2004-10-04,MEX,1.0696138568842317
2004-10-05,MEX,1.8479190001796466
2004-10-06,MEX,1.5427452520905744
2004-10-07,MEX,1.0390117901103995
2004-10-08,MEX,1.1585934805761804
2004-10-09,MEX,1.9607255210260808
2004-10-10,MEX,1.292641310791431
2004-10-11,MEX,0.9374830831620858
2004-10-12,MEX,0.914307955963382
2004-10-13,MEX,1.0398553032841342
2004-10-14,MEX,0.6894818671172445
2004-10-15,MEX,1.2567182216843364
2004-10-16,MEX,0.569294564906396
2004-10-17,MEX,0.28819693341673885
2004-10-18,MEX,0.15943781800834259
2004-10-19,MEX,0.14527543242351557
2004-10-20,MEX,0.15427903037711832
2004-10-21,MEX,0.5321494214696924
2004-10-22,MEX,0.46851111975692294
2004-10-23,MEX,0.4996251435474004
2004-10-24,MEX,0.8229167799044866
2004-10-25,MEX,1.5449849802523987
2004-10-26,MEX,1.3014001748113342
2004-10-27,MEX,0.7230305782843968
2004-10-28,MEX,0.4043283648440186
2004-10-29,MEX,0.17365031558990152
2004-10-30,MEX,0.25294011723249565
2004-10-31,MEX,0.8935379758232969
2004-11-01,MEX,0.2991189291767508
2004-11-02,MEX,0.20839447320461227
2004-11-03,MEX,0.5232230954265084
2004-11-04,MEX,0.7012611412120923
2004-11-05,MEX,1.0270837470787206
2004-11-06,MEX,0.3005523154052935
2004-11-07,MEX,0.08037524854902137
2004-11-08,MEX,0.045243765309773185
2004-11-09,MEX,0.020520274355507448
2004-11-10,MEX,0.016624703765337
2004-11-11,MEX,0.021970146496905766
2004-11-12,MEX,0.16792661838633677
2004-11-13,MEX,0.32106765466356707
2004-11-14,MEX,1.8046363039345195
2004-11-15,MEX,2.337317109377512
2004-11-16,MEX,1.7053146325644666
2004-11-17,MEX,0.17893872764856503
2004-11-18,MEX,0.045722858351257924
2004-11-19,MEX,0.037631315513727316
2004-11-20,MEX,0.023953373652232504
2004-11-21,MEX,0.10572565130290038
2004-11-22,MEX,0.4238376033616078
2004-11-23,MEX,0.2233682206356421
2004-11-24,MEX,0.053041557630474245
2004-11-25,MEX,0.4328415187943307
2004-11-26,MEX,0.060763205794340254
2004-11-27,MEX,0.007824866876158023
2004-11-28,MEX,0.2609687901557418
2004-11-29,MEX,0.08928290339864464
2004-11-30,MEX,0.07923463654680261
2004-12-01,MEX,0.23322868528254134
2004-12-02,MEX,0.08746182657267769
2004-12-03,MEX,0.1898357223642667
2004-12-04,MEX,0.6428119090291855
2004-12-05,MEX,0.8980846819233964
2004-12-06,MEX,1.1063850218040638
2004-12-07,MEX,0.016094451445619468
2004-12-08,MEX,0.05747467199822503
2004-12-09,MEX,0.02133629099233282
2004-12-10,MEX,0.13998765585128123
2004-12-11,MEX,0.5882481369062847
2004-12-12,MEX,0.0309892254046908
2004-12-13,MEX,0.01250308120088045
2004-12-14,MEX,0.3179119684581865
2004-12-15,MEX,0.34318701977917276
2004-12-16,MEX,0.15362643886345043
2004-12-17,MEX,0.3983521785745673
2004-12-18,MEX,0.1257899551742581
2004-12-19,MEX,0.238882075555716
2004-12-20,MEX,0.2987958634241881
2004-12-21,MEX,0.004935494637326071
2004-12-22,MEX,0.0075474396022350435
2004-12-23,MEX,0.13286922088525993
2004-12-24,MEX,0.4215086046947095
2004-12-25,MEX,0.2780670451926951
2004-12-26,MEX,0.14223350265416893
2004-12-27,MEX,0.06463569354005488
2004-12-28,MEX,0.17320844439275696
2004-12-29,MEX,0.42920338845698747
2004-12-30,MEX,0.17124884592338094
2004-12-31,MEX,0.04098097264883627
2005-01-01,MEX,0.04765231300011827
2005-01-02,MEX,0.47501329804266057
2005-01-03,MEX,0.7056441577800011
2005-01-04,MEX,1.5772857045329474
2005-01-05,MEX,0.09819574272511163
2005-01-06,MEX,0.05320674905956149
2005-01-07,MEX,0.04719600534432973
2005-01-08,MEX,0.13692535600747566
2005-01-09,MEX,0.1580422673252343
2005-01-10,MEX,0.07387102982647316
2005-01-11,MEX,0.06183290498181397
2005-01-12,MEX,0.06583833649795659
2005-01-13,MEX,0.02263795184348251
2005-01-14,MEX,0.1397334691684325
2005-01-15,MEX,0.03159890684551974
2005-01-16,MEX,0.13767963906320518
2005-01-17,MEX,0.22650220396936296
2005-01-18,MEX,0.16335176701167242
2005-01-19,MEX,0.11575509879845343
2005-01-20,MEX,0.09555363436468381
2005-01-21,MEX,0.5895858017656095
2005-01-22,MEX,0.1860896076818438
2005-01-23,MEX,0.900507377401483
2005-01-24,MEX,0.6138097178197518
2005-01-25,MEX,0.07772702496005167
2005-01-26,MEX,0.8071238817642342
2005-01-27,MEX,0.9074532617664298
2005-01-28,MEX,0.04835892746315183
2005-01-29,MEX,0.08113412602469569
2005-01-30,MEX,0.11385504526330238
2005-01-31,MEX,0.1565861875817203
2005-02-01,MEX,0.36956640409443337
2005-02-02,MEX,0.1729813415432275
2005-02-03,MEX,0.6221153641163988
2005-02-04,MEX,1.2840251633050555
2005-02-05,MEX,2.4101283819233634
2005-02-06,MEX,0.5354187349600994
2005-02-07,MEX,0.03744717180295608
2005-02-08,MEX,0.04356181610965197
2005-02-09,MEX,0.04115643724644205
2005-02-10,MEX,0.4230806967251221
2005-02-11,MEX,1.326497494877329
2005-02-12,MEX,1.6783858271053549
2005-02-13,MEX,0.09050154495808377
2005-02-14,MEX,0.0206649913091586
2005-02-15,MEX,0.016401227824203106
2005-02-16,MEX,0.017146686001768486
2005-02-17,MEX,0.1642575743980511
2005-02-18,MEX,0.4745119965419162
2005-02-19,MEX,0.49717089360684014
2005-02-20,MEX,0.12639827287113634
2005-02-21,MEX,0.15819152237653947
2005-02-22,MEX,0.2665247111061642
2005-02-23,MEX,0.3655277095634896
2005-02-24,MEX,0.40596057337717717
2005-02-25,MEX,0.6503002698208656
2005-02-26,MEX,2.135092183290806
2005-02-27,MEX,0.10909429920678357
2005-02-28,MEX,0.19341998901385546
2005-03-01,MEX,0.11961560993023274
2005-03-02,MEX,0.19210376725480718
2005-03-03,MEX,0.2315312570041281
2005-03-04,MEX,0.16779210349754173
2005-03-05,MEX,0.40915105477192226
2005-03-06,MEX,0.5351649377875529
2005-03-07,MEX,0.26222826268838173
2005-03-08,MEX,0.6788960407112786
2005-03-09,MEX,0.39556363986261944
2005-03-10,MEX,0.2988098599694135
2005-03-11,MEX,0.1026567785637989
2005-03-12,MEX,0.1316423857815934
2005-03-13,MEX,0.04018729983312197
2005-03-14,MEX,0.21363670314197516
2005-03-15,MEX,0.958351230217355
2005-03-16,MEX,1.0116454026410882
2005-03-17,MEX,0.5573753619258557
2005-03-18,MEX,0.04438578146686059
2005-03-19,MEX,0.10390474854635404
2005-03-20,MEX,0.06103360863716586
2005-03-21,MEX,0.023333686183552336
2005-03-22,MEX,0.019315244740150114
2005-03-23,MEX,0.13723851936811782
2005-03-24,MEX,0.0163204456706951
2005-03-25,MEX,0.038157345435836924
2005-03-26,MEX,0.03165761804185437
2005-03-27,MEX,0.17162416683087015
2005-03-28,MEX,0.16990919785546182
2005-03-29,MEX,0.040953145758960204
2005-03-30,MEX,0.035731160589850604
2005-03-31,MEX,0.022567834460744892
2005-04-01,MEX,0.2903786705481807
2005-04-02,MEX,0.773747393970117
2005-04-03,MEX,0.005829885260839546
2005-04-04,MEX,0.01510280242465658
2005-04-05,MEX,0.02194942645002429
2005-04-06,MEX,0.036514905250913506
2005-04-07,MEX,0.12930028757803283
2005-04-08,MEX,0.05503006905164059
2005-04-09,MEX,0.01945370154512011
2005-04-10,MEX,0.012148365539088976
2005-04-11,MEX,0.009592496935845829
2005-04-12,MEX,0.039257097833181674
2005-04-13,MEX,0.08535236623829447
2005-04-14,MEX,0.1811862198107101
2005-04-15,MEX,0.22171044638645074
2005-04-16,MEX,0.15209753621484998
2005-04-17,MEX,0.13595500631696147
2005-04-18,MEX,0.11528314509310907
2005-04-19,MEX,0.12238849123529381
2005-04-20,MEX,0.08037203088313172
2005-04-21,MEX,0.19524561677152227
2005-04-22,MEX,0.21176694984623962
2005-04-23,MEX,0.6446965021253565
2005-04-24,MEX,0.7115799059729211
2005-04-25,MEX,0.06331819189621327
2005-04-26,MEX,0.07808108880826119
2005-04-27,MEX,0.0992430393563766
2005-04-28,MEX,0.07766368257123935
2005-04-29,MEX,0.03926480089375451
2005-04-30,MEX,0.10997982791385313
2005-05-01,MEX,0.24744032607023525
2005-05-02,MEX,0.11626536223363407
2005-05-03,MEX,0.4726954370583955
2005-05-04,MEX,0.6528159008164249
2005-05-05,MEX,1.0663001810387096
2005-05-06,MEX,0.24437751781251466
2005-05-07,MEX,0.1479108779872896
2005-05-08,MEX,0.25116606929586416
2005-05-09,MEX,0.1021601225853473
2005-05-10,MEX,0.10594738149727234
2005-05-11,MEX,0.28529348307764224
2005-05-12,MEX,0.4603499715415649
2005-05-13,MEX,0.2962946934541239
2005-05-14,MEX,0.3714097769295328
2005-05-15,MEX,0.9611345024997415
2005-05-16,MEX,1.089241193944235
2005-05-17,MEX,0.3747692975935055
2005-05-18,MEX,0.37480108728193573
2005-05-19,MEX,0.22676276762997932
2005-05-20,MEX,0.21055714040918327
2005-05-21,MEX,0.24999540561675523
2005-05-22,MEX,0.2631735792500231
2005-05-23,MEX,0.2863066186627029
2005-05-24,MEX,0.2087396569157489
2005-05-25,MEX,0.17632630627503446
2005-05-26,MEX,0.46364713837763705
2005-05-27,MEX,1.4680138177656725
2005-05-28,MEX,1.4224743358249028
2005-05-29,MEX,0.6545453697044835
2005-05-30,MEX,0.324347364433194
2005-05-31,MEX,0.3363651553304845
2005-06-01,MEX,0.16172956496807234
2005-06-02,MEX,0.18413946986029042
2005-06-03,MEX,0.11655415704753463
2005-06-04,MEX,0.12242683111128816
2005-06-05,MEX,0.15551436177285552
2005-06-06,MEX,0.43337296928234204
2005-06-07,MEX,0.4087349221956293
2005-06-08,MEX,0.14719104365844143
2005-06-09,MEX,0.12962227236039853
2005-06-10,MEX,0.11502800581972761
2005-06-11,MEX,0.10294102354094588
2005-06-12,MEX,0.2694730917949104
2005-06-13,MEX,0.5710036267763855
2005-06-14,MEX,0.7387295121117782
2005-06-15,MEX,1.558424485031195
2005-06-16,MEX,1.7822944785151262
2005-06-17,MEX,0.9945213425845817
2005-06-18,MEX,0.882043071972876
2005-06-19,MEX,1.3372818170460752
2005-06-20,MEX,1.3400228485447852
2005-06-21,MEX,1.682241286980334
2005-06-22,MEX,2.1628109636254633
2005-06-23,MEX,1.674006778737868
2005-06-24,MEX,1.2641421325269004
2005-06-25,MEX,1.2676694778051667
2005-06-26,MEX,1.2539207270163137
2005-06-27,MEX,1.6076849327252547
2005-06-28,MEX,1.1275954482932968
2005-06-29,MEX,1.5298325192230688
2005-06-30,MEX,0.9225195366442771
2005-07-01,MEX,1.3624674399670944
2005-07-02,MEX,1.2924311599620835
2005-07-03,MEX,0.8958113766016781
2005-07-04,MEX,1.1663643510875759
2005-07-05,MEX,1.5564952389904534
2005-07-06,MEX,1.3748256888651424
2005-07-07,MEX,1.177927639592585
2005-07-08,MEX,0.5837532772569752
2005-07-09,MEX,0.459016869538013
2005-07-10,MEX,0.653388934433272
2005-07-11,MEX,0.873684133586369
2005-07-12,MEX,1.331348356078585
2005-07-13,MEX,1.4065539896247354
2005-07-14,MEX,1.6635681640259088
2005-07-15,MEX,1.1629802355311452
2005-07-16,MEX,1.8170751149024351
2005-07-17,MEX,1.9658695356818954
2005-07-18,MEX,2.0424178272290043
2005-07-19,MEX,1.4102943946365465
2005-07-20,MEX,3.026002886656485
2005-07-21,MEX,3.808755670575548
2005-07-22,MEX,3.130975138932958
2005-07-23,MEX,1.7874393325846807
2005-07-24,MEX,1.4801989335756653
2005-07-25,MEX,2.31471256517531
2005-07-26,MEX,2.1858537524314263
2005-07-27,MEX,2.030105029353364
2005-07-28,MEX,2.2023193080697636
2005-07-29,MEX,1.2830868403993207
2005-07-30,MEX,0.8779372924115224
2005-07-31,MEX,0.5993250573025644
2005-08-01,MEX,0.8187116616955307
2005-08-02,MEX,1.4094187615049412
2005-08-03,MEX,1.18237144482329
2005-08-04,MEX,1.0207792093370904
2005-08-05,MEX,1.6422546830186835
2005-08-06,MEX,1.8132907924731505
2005-08-07,MEX,2.1406533917836015
2005-08-08,MEX,1.818340939709141
2005-08-09,MEX,1.3609084230314166
2005-08-10,MEX,1.1758231117174829
2005-08-11,MEX,1.4043853929252463
2005-08-12,MEX,1.6534653279367482
2005-08-13,MEX,1.7217945310943665
2005-08-14,MEX,1.8977668328587636
2005-08-15,MEX,1.8493562031676751
2005-08-16,MEX,2.3065095169071883
2005-08-17,MEX,1.5407663206868114
2005-08-18,MEX,1.1956313770669371
2005-08-19,MEX,1.3821738733212154
2005-08-20,MEX,1.9268358049117427
2005-08-21,MEX,1.7342699205378684
2005-08-22,MEX,1.7988929986626998
2005-08-23,MEX,2.434955521389175
2005-08-24,MEX,1.9790406408892562
2005-08-25,MEX,1.1055313367176494
2005-08-26,MEX,1.4097348892492447
2005-08-27,MEX,0.9853629413433189
2005-08-28,MEX,0.6918671645079993
2005-08-29,MEX,1.5869073085681245
2005-08-30,MEX,1.6383782554484922
2005-08-31,MEX,1.5805380954661137
2005-09-01,MEX,1.5452137856886643
2005-09-02,MEX,2.0644724173981204
2005-09-03,MEX,2.0483586109902028
2005-09-04,MEX,1.874791108151554
2005-09-05,MEX,1.606227754152913
2005-09-06,MEX,1.4771028452489943
2005-09-07,MEX,1.0354477245072222
2005-09-08,MEX,0.9367601423183197
2005-09-09,MEX,1.2379050723760519
2005-09-10,MEX,0.9223858594462669
2005-09-11,MEX,0.8680484917289951
2005-09-12,MEX,1.1128404026734238
2005-09-13,MEX,0.8985358525053875
2005-09-14,MEX,0.5485408423646487
2005-09-15,MEX,0.5783284384058104
2005-09-16,MEX,0.6885550403999737
2005-09-17,MEX,0.6403590893872421
2005-09-18,MEX,0.7587935261542389
2005-09-19,MEX,0.7296192258227152
2005-09-20,MEX,0.7757163924221333
2005-09-21,MEX,0.648283800432773
2005-09-22,MEX,0.5406893938474833
2005-09-23,MEX,0.4569612636845733
2005-09-24,MEX,1.015260660384188
2005-09-25,MEX,1.7655176872576224
2005-09-26,MEX,0.9760767909982325
2005-09-27,MEX,0.8455037126282172
2005-09-28,MEX,0.7218645135947155
2005-09-29,MEX,0.9410222323392987
2005-09-30,MEX,0.9489262217838812
2005-10-01,MEX,0.47240845449268143
2005-10-02,MEX,0.9079268459529194
2005-10-03,MEX,1.514560766052325
2005-10-04,MEX,3.057316472948329
2005-10-05,MEX,4.284616143194725
2005-10-06,MEX,3.47727322999894
2005-10-07,MEX,2.1584073234495627
2005-10-08,MEX,1.4334847491976053
2005-10-09,MEX,1.131762515087379
2005-10-10,MEX,0.6892078362399888
2005-10-11,MEX,0.9424985386163827
2005-10-12,MEX,1.0642990648063224
2005-10-13,MEX,1.453294000586082
2005-10-14,MEX,2.0173649500796307
2005-10-15,MEX,1.3095393738203025
2005-10-16,MEX,0.5730120784522699
2005-10-17,MEX,0.4529965587971524
2005-10-18,MEX,0.2936444231478353
2005-10-19,MEX,0.150517554871809
2005-10-20,MEX,0.32460213482107353
2005-10-21,MEX,0.8245777814474881
2005-10-22,MEX,1.1789108213068233
2005-10-23,MEX,0.6473891367182424
2005-10-24,MEX,0.46751257160736054
2005-10-25,MEX,0.4919689751506519
2005-10-26,MEX,0.2998962658386668
2005-10-27,MEX,0.3688026653546509
2005-10-28,MEX,1.2761874173846535
2005-10-29,MEX,0.3795805911889609
2005-10-30,MEX,0.10517041660299752
2005-10-31,MEX,0.12667435166497099
2005-11-01,MEX,0.17790246413472952
2005-11-02,MEX,0.17733957654829988
2005-11-03,MEX,0.024118993485968965
2005-11-04,MEX,0.06465026458378532
2005-11-05,MEX,0.11233454007526703
2005-11-06,MEX,0.23657040829305995
2005-11-07,MEX,0.4781157800171625
2005-11-08,MEX,0.5706892371501219
2005-11-09,MEX,0.400364519136454
2005-11-10,MEX,0.28927804616543457
2005-11-11,MEX,0.25018737319831996
2005-11-12,MEX,0.07277255922948075
2005-11-13,MEX,0.1272681465063855
2005-11-14,MEX,0.1931124351060603
2005-11-15,MEX,0.0565872812910329
2005-11-16,MEX,0.5177319146100099
2005-11-17,MEX,0.47391674607190937
2005-11-18,MEX,0.5870582983467391
2005-11-19,MEX,0.2949434088805858
2005-11-20,MEX,0.315603123226499
2005-11-21,MEX,0.3545703635348328
2005-11-22,MEX,0.1123478640984725
2005-11-23,MEX,0.015867847687903797
2005-11-24,MEX,0.021406468747223538
2005-11-25,MEX,0.25830741181181205
2005-11-26,MEX,0.15497744193579827
2005-11-27,MEX,0.03389732735497749
2005-11-28,MEX,0.009710695657864653
2005-11-29,MEX,0.2582099477093541
2005-11-30,MEX,0.2779639193876722
2005-12-01,MEX,0.11944770930621178
2005-12-02,MEX,0.22170673476822503
2005-12-03,MEX,0.05309567632302383
2005-12-04,MEX,0.020628011011807355
2005-12-05,MEX,0.13521833114044293
2005-12-06,MEX,0.3022361839059028
2005-12-07,MEX,0.20612806166074513
2005-12-08,MEX,0.3706644425309738
2005-12-09,MEX,0.4725319502574915
2005-12-10,MEX,0.20032674244159343
2005-12-11,MEX,0.1265404614790015
2005-12-12,MEX,0.15319669797870716
2005-12-13,MEX,0.3526446693946069
2005-12-14,MEX,0.3654905017217179
2005-12-15,MEX,0.18770070100412384
2005-12-16,MEX,0.2245974469068092
2005-12-17,MEX,0.08075681942403667
2005-12-18,MEX,0.509445413845353
2005-12-19,MEX,0.5735477120253877
2005-12-20,MEX,0.47118486469622917
2005-12-21,MEX,0.35528893131730166
2005-12-22,MEX,0.18211413812655944
2005-12-23,MEX,0.04474012598735996
2005-12-24,MEX,0.004620888394247717
2005-12-25,MEX,0.060676620538361155
2005-12-26,MEX,0.014596974894702876
2005-12-27,MEX,7.107939513616581e-4
2005-12-28,MEX,8.342794463502382e-4
2005-12-29,MEX,0.001855436251386831
2005-12-30,MEX,0.008138724263902724
2005-12-31,MEX,0.020958584961121848
2006-01-01,MEX,0.018699637193585028
2006-01-02,MEX,0.016670784219744772
2006-01-03,MEX,0.05512978646638696
2006-01-04,MEX,0.04497861728141802
2006-01-05,MEX,0.18297291571085533
2006-01-06,MEX,0.40177968341543346
2006-01-07,MEX,0.04150060520528368
2006-01-08,MEX,0.005988214617006254
2006-01-09,MEX,0.022015182077556494
2006-01-10,MEX,0.13367729443454793
2006-01-11,MEX,0.23456403548366206
2006-01-12,MEX,0.03972289256777141
2006-01-13,MEX,0.032826440377242846
2006-01-14,MEX,0.4313763719753314
2006-01-15,MEX,0.038946434816621724
2006-01-16,MEX,0.07567238578020759
2006-01-17,MEX,0.13531868627812949
2006-01-18,MEX,0.08535391957590717
2006-01-19,MEX,0.01482420851129128
2006-01-20,MEX,0.021446244861692953
2006-01-21,MEX,0.05952275071500054
2006-01-22,MEX,0.1047072207340439
2006-01-23,MEX,0.40205317469853785
2006-01-24,MEX,0.8303482475310449
2006-01-25,MEX,1.6918494051375697
2006-01-26,MEX,0.5965548412907223
2006-01-27,MEX,0.31302354626909346
2006-01-28,MEX,0.2557059443781908
2006-01-29,MEX,0.03538798623715066
2006-01-30,MEX,0.015752964267380147
2006-01-31,MEX,0.1035097471690245
2006-02-01,MEX,0.02430568423033584
2006-02-02,MEX,0.010177716725907636
2006-02-03,MEX,0.014584941770952391
2006-02-04,MEX,0.15401835321757326
2006-02-05,MEX,0.015618711657461752
2006-02-06,MEX,0.0028826114406397584
2006-02-07,MEX,0.25236832672014187
2006-02-08,MEX,0.16189476511643844
2006-02-09,MEX,0.20451234563134446
2006-02-10,MEX,0.10379452471134842
2006-02-11,MEX,0.16968878360918738
2006-02-12,MEX,0.5178552472686602
2006-02-13,MEX,0.11609154259788719
2006-02-14,MEX,0.007222790645804749
2006-02-15,MEX,0.024885248864030603
2006-02-16,MEX,0.028022865296266505
2006-02-17,MEX,0.09354834958081042
2006-02-18,MEX,0.12154506699290832
2006-02-19,MEX,0.22500531805447802
2006-02-20,MEX,0.043954912893395134
2006-02-21,MEX,0.028040700495176585
2006-02-22,MEX,0.031175136768795363
2006-02-23,MEX,0.1279722123418927
2006-02-24,MEX,0.2264488123812256
2006-02-25,MEX,0.05386003775666959
2006-02-26,MEX,0.4005749968154862
2006-02-27,MEX,0.37408224051799915
2006-02-28,MEX,0.05979197708988042
2006-03-01,MEX,0.06842525438925288
2006-03-02,MEX,0.08744581183270213
2006-03-03,MEX,0.127786537765516
2006-03-04,MEX,0.11375205347338432
2006-03-05,MEX,0.06815403453341473
2006-03-06,MEX,0.039189837933881644
2006-03-07,MEX,0.015532671077038915
2006-03-08,MEX,0.024852219560234808
2006-03-09,MEX,0.0035257907971934462
2006-03-10,MEX,0.0465577389263843
2006-03-11,MEX,0.2906240524862802
2006-03-12,MEX,0.1637613529933695
2006-03-13,MEX,0.011104304592275672
2006-03-14,MEX,0.12503351719888514
2006-03-15,MEX,0.16009980653853753
2006-03-16,MEX,0.050619801923012034
2006-03-17,MEX,0.08538110597196018
2006-03-18,MEX,0.10727434109808043
2006-03-19,MEX,0.2557652705245849
2006-03-20,MEX,0.06920465304650968
2006-03-21,MEX,0.05257864585738654
2006-03-22,MEX,0.13622296212745688
2006-03-23,MEX,0.4401736788855321
2006-03-24,MEX,0.8371120310745437
2006-03-25,MEX,0.4160573579959833
2006-03-26,MEX,0.18433872549400698
2006-03-27,MEX,0.1309958809706556
2006-03-28,MEX,0.24877356274019113
2006-03-29,MEX,0.2839290953535813
2006-03-30,MEX,0.06882528081790076
2006-03-31,MEX,0.07855857555217052
2006-04-01,MEX,0.05629314620522025
2006-04-02,MEX,0.03484966833539268
2006-04-03,MEX,0.02846846606683644
2006-04-04,MEX,0.02718293207864604
2006-04-05,MEX,0.10691759110476468
2006-04-06,MEX,0.00779119472607624
2006-04-07,MEX,0.011648223979084523
2006-04-08,MEX,0.05119924140541303
2006-04-09,MEX,0.15589797442586614
2006-04-10,MEX,0.05103533658667518
2006-04-11,MEX,0.061094193511996395
2006-04-12,MEX,0.09980009176937989
2006-04-13,MEX,0.14401208573879082
2006-04-14,MEX,0.06053564416974879
2006-04-15,MEX,0.02582838716680314
2006-04-16,MEX,0.037264858483467535
2006-04-17,MEX,0.04409312425026902
2006-04-18,MEX,0.040171775060817615
2006-04-19,MEX,0.081064568447534
2006-04-20,MEX,0.11567809924025861
2006-04-21,MEX,0.22142298241220879
2006-04-22,MEX,0.3511822673695434
2006-04-23,MEX,0.30076323151016093
2006-04-24,MEX,0.14111155378902962
2006-04-25,MEX,0.13038832398854164
2006-04-26,MEX,0.27347633099639573
2006-04-27,MEX,0.21341317150705627
2006-04-28,MEX,0.11655625922725911
2006-04-29,MEX,0.16453942292321502
2006-04-30,MEX,0.5376289378967309
2006-05-01,MEX,0.5919149742090161
2006-05-02,MEX,0.6895975643589343
2006-05-03,MEX,0.3643123126462665
2006-05-04,MEX,0.30275507961454107
2006-05-05,MEX,0.16315670070860644
2006-05-06,MEX,0.08273437652935255
2006-05-07,MEX,0.14879021273793422
2006-05-08,MEX,0.1017962068630993
2006-05-09,MEX,0.07826688333682312
2006-05-10,MEX,0.0954665337876474
2006-05-11,MEX,0.6655676883839861
2006-05-12,MEX,0.8664265520263273
2006-05-13,MEX,0.35407125324332117
2006-05-14,MEX,0.4564932639509522
2006-05-15,MEX,1.21381349327055
2006-05-16,MEX,1.4883826966981726
2006-05-17,MEX,1.064126456422692
2006-05-18,MEX,0.6499478680330073
2006-05-19,MEX,0.4391486994357859
2006-05-20,MEX,0.42458210211575065
2006-05-21,MEX,0.4814569468608827
2006-05-22,MEX,0.6566994946080803
2006-05-23,MEX,0.4421365193821714
2006-05-24,MEX,0.4404258545816387
2006-05-25,MEX,0.7787195395211112
2006-05-26,MEX,0.6876809583441477
2006-05-27,MEX,0.651256985668028
2006-05-28,MEX,0.6749578697009376
2006-05-29,MEX,0.6686025260804617
2006-05-30,MEX,0.9970145063916279
2006-05-31,MEX,1.059526662061651
2006-06-01,MEX,1.6227301752283712
2006-06-02,MEX,1.7292106673900778
2006-06-03,MEX,1.803526280080428
2006-06-04,MEX,1.9091869403543593
2006-06-05,MEX,1.0826745793683539
2006-06-06,MEX,1.5583349883272648
2006-06-07,MEX,1.5927532506555018
2006-06-08,MEX,1.4535586964972926
2006-06-09,MEX,0.9604266561615667
2006-06-10,MEX,0.5870059364055558
2006-06-11,MEX,0.46394556975438545
2006-06-12,MEX,0.5577577748218344
2006-06-13,MEX,0.7044531761737585
2006-06-14,MEX,0.5469201100353417
2006-06-15,MEX,0.5267596237636142
2006-06-16,MEX,0.6166388848829925
2006-06-17,MEX,0.6115425156518054
2006-06-18,MEX,0.75748988447002
2006-06-19,MEX,0.5902089491881901
2006-06-20,MEX,0.5632608961646781
2006-06-21,MEX,0.8843452412782171
2006-06-22,MEX,0.8620912908903816
2006-06-23,MEX,0.8946888262844371
2006-06-24,MEX,1.2023060969048898
2006-06-25,MEX,1.261722364356304
2006-06-26,MEX,1.3683340210750676
2006-06-27,MEX,1.7197332330286987
2006-06-28,MEX,1.5057086821263113
2006-06-29,MEX,1.4433463428537567
2006-06-30,MEX,1.7891185755404702
2006-07-01,MEX,1.9367245731463723
2006-07-02,MEX,1.6550082181702483
2006-07-03,MEX,1.2099020780926806
2006-07-04,MEX,1.1009068376279048
2006-07-05,MEX,0.831922509308106
2006-07-06,MEX,1.3215102310327171
2006-07-07,MEX,1.9422637057905185
2006-07-08,MEX,1.9431561423444994
2006-07-09,MEX,2.1173846673729724
2006-07-10,MEX,1.9916367950038703
2006-07-11,MEX,1.295257235704951
2006-07-12,MEX,1.2724871021377888
2006-07-13,MEX,0.8924555434406448
2006-07-14,MEX,1.030570137767516
2006-07-15,MEX,1.211448270581174
2006-07-16,MEX,1.1733015524317778
2006-07-17,MEX,0.9652911210142184
2006-07-18,MEX,0.8717275935613567
2006-07-19,MEX,0.9851279458275796
2006-07-20,MEX,1.9165027182722973
2006-07-21,MEX,2.340779210973781
2006-07-22,MEX,2.150282578099675
2006-07-23,MEX,2.062139528967767
2006-07-24,MEX,2.2445341800428453
2006-07-25,MEX,1.6305751910598194
2006-07-26,MEX,1.7600540821079038
2006-07-27,MEX,1.9604827671077614
2006-07-28,MEX,1.7023489396765723
2006-07-29,MEX,2.017072013398104
2006-07-30,MEX,1.6777438659571156
2006-07-31,MEX,1.5148323755316615
2006-08-01,MEX,1.6120316775779135
2006-08-02,MEX,1.9241914999996763
2006-08-03,MEX,3.168288918688307
2006-08-04,MEX,3.2242460026226034
2006-08-05,MEX,2.5741992352183614
2006-08-06,MEX,2.126396084803936
2006-08-07,MEX,1.9213067901376846
2006-08-08,MEX,1.47921792520122
2006-08-09,MEX,1.3126104134701202
2006-08-10,MEX,1.1757874306492697
2006-08-11,MEX,1.1789302099361836
2006-08-12,MEX,0.846030014958503
2006-08-13,MEX,1.0983139378663358
2006-08-14,MEX,1.2412203975427112
2006-08-15,MEX,1.3319997872766667
2006-08-16,MEX,0.9281974254384456
2006-08-17,MEX,0.5956839121794448
2006-08-18,MEX,0.6157970551944926
2006-08-19,MEX,1.0335241933654913
2006-08-20,MEX,1.3189356319774876
2006-08-21,MEX,1.5146292781314472
2006-08-22,MEX,1.4197226479334226
2006-08-23,MEX,1.3436971210070674
2006-08-24,MEX,1.8672823121780764
2006-08-25,MEX,1.8274072963286634
2006-08-26,MEX,1.8682315316637341
2006-08-27,MEX,1.9093859393046457
2006-08-28,MEX,1.657687594836316
2006-08-29,MEX,1.4791879159700105
2006-08-30,MEX,1.4059371061766366
2006-08-31,MEX,1.6639902040227168
2006-09-01,MEX,2.1471517214765323
2006-09-02,MEX,2.361536099631215
2006-09-03,MEX,2.473035698854511
2006-09-04,MEX,2.073160327711542
2006-09-05,MEX,1.9541632200540033
2006-09-06,MEX,2.253183367154808
2006-09-07,MEX,2.3913407480378086
2006-09-08,MEX,1.9914947354383403
2006-09-09,MEX,1.4906704465747935
2006-09-10,MEX,1.7171130939275159
2006-09-11,MEX,1.9495168263667693
2006-09-12,MEX,2.0889689534593985
2006-09-13,MEX,1.7631711351191102
2006-09-14,MEX,1.1280624250310438
2006-09-15,MEX,1.3317374447052068
2006-09-16,MEX,2.1622758572252994
2006-09-17,MEX,1.535318834543088
2006-09-18,MEX,1.0573618756074519
2006-09-19,MEX,1.3504695590843072
2006-09-20,MEX,1.6075202330908291
2006-09-21,MEX,0.9062155857453202
2006-09-22,MEX,0.7198119094459566
2006-09-23,MEX,0.910700574687962
2006-09-24,MEX,1.401122084791409
2006-09-25,MEX,2.3290249823762434
2006-09-26,MEX,0.9683777172260973
2006-09-27,MEX,0.6929673447828214
2006-09-28,MEX,0.6817812459995934
2006-09-29,MEX,0.8131682376529495
2006-09-30,MEX,0.6862338797387945
2006-10-01,MEX,1.0961652151151924
2006-10-02,MEX,0.851372756096416
2006-10-03,MEX,0.8904938564895221
2006-10-04,MEX,0.7756465369745023
2006-10-05,MEX,1.2483106636345633
2006-10-06,MEX,1.7226918098404544
2006-10-07,MEX,1.2575879185984586
2006-10-08,MEX,1.0694626142679216
2006-10-09,MEX,0.986260910960349
2006-10-10,MEX,0.6727993155945382
2006-10-11,MEX,0.619700612777641
2006-10-12,MEX,0.7285704559409241
2006-10-13,MEX,1.5289556072771622
2006-10-14,MEX,2.83808334189798
2006-10-15,MEX,2.1303656955866304
2006-10-16,MEX,1.2595326596090166
2006-10-17,MEX,0.4477206935117137
2006-10-18,MEX,0.10500440171579413
2006-10-19,MEX,0.43252720714213577
2006-10-20,MEX,0.9895601463003935
2006-10-21,MEX,0.6171222996566994
2006-10-22,MEX,1.31377233576048
2006-10-23,MEX,1.9736196801892416
2006-10-24,MEX,2.7912730564420873
2006-10-25,MEX,1.6099897352348724
2006-10-26,MEX,0.7083952303074205
2006-10-27,MEX,0.40584459853728666
2006-10-28,MEX,1.3336640274364397
2006-10-29,MEX,0.08357208535124067
2006-10-30,MEX,0.06498539336689037
2006-10-31,MEX,0.06300424809059395
2006-11-01,MEX,0.14762446766102094
2006-11-02,MEX,0.7023285552155475
2006-11-03,MEX,1.1181167223450548
2006-11-04,MEX,0.866794138515752
2006-11-05,MEX,0.4214942356468035
2006-11-06,MEX,0.29315199375534484
2006-11-07,MEX,0.44531309834806354
2006-11-08,MEX,0.40952294255746513
2006-11-09,MEX,0.1309615018530668
2006-11-10,MEX,0.15509236523411724
2006-11-11,MEX,1.0843493324013125
2006-11-12,MEX,1.372017174675954
2006-11-13,MEX,0.47348749769895754
2006-11-14,MEX,0.5001817901006317
2006-11-15,MEX,0.21116977000495327
2006-11-16,MEX,1.5075468736936688
2006-11-17,MEX,0.1680226530333442
2006-11-18,MEX,0.08645433923631293
2006-11-19,MEX,0.49668298569444685
2006-11-20,MEX,0.4634940231929598
2006-11-21,MEX,0.22449334467430543
2006-11-22,MEX,0.023024956073014524
2006-11-23,MEX,0.00574068686509958
2006-11-24,MEX,0.009981340573456048
2006-11-25,MEX,0.020864679496694932
2006-11-26,MEX,0.03141016223911384
2006-11-27,MEX,0.046264256386850826
2006-11-28,MEX,0.019798842058040632
2006-11-29,MEX,0.020145526502420654
2006-11-30,MEX,0.02735515045051305
2006-12-01,MEX,0.6189852520268214
2006-12-02,MEX,0.694919262155801
2006-12-03,MEX,0.6825755557068518
2006-12-04,MEX,0.8534815574929974
2006-12-05,MEX,0.5801935868512512
2006-12-06,MEX,0.16593584133174308
2006-12-07,MEX,0.8850710384276096
2006-12-08,MEX,2.2933331869135984
2006-12-09,MEX,0.621491215164645
2006-12-10,MEX,0.2750287373685965
2006-12-11,MEX,0.4461635746441211
2006-12-12,MEX,0.23085952098947893
2006-12-13,MEX,0.35698284770718436
2006-12-14,MEX,0.30890345390783436
2006-12-15,MEX,0.45377426056464754
2006-12-16,MEX,0.09087512508929962
2006-12-17,MEX,0.06551402893443717
2006-12-18,MEX,0.1349208608077795
2006-12-19,MEX,0.4306710555239008
2006-12-20,MEX,0.16993904879686542
2006-12-21,MEX,0.05524496169981213
2006-12-22,MEX,0.2976978399012297
2006-12-23,MEX,0.6256258378241546
2006-12-24,MEX,0.5532896315270892
2006-12-25,MEX,0.3146745904692961
2006-12-26,MEX,0.17142324359546043
2006-12-27,MEX,0.01755125371475605
2006-12-28,MEX,0.49319600361733107
2006-12-29,MEX,0.9167010872136093
2006-12-30,MEX,0.15770540637566133
2006-12-31,MEX,0.1178119504637325
2007-01-01,MEX,0.5143609572017398
2007-01-02,MEX,0.5771002427720843
2007-01-03,MEX,1.3072710585157723
2007-01-04,MEX,0.2169241805195337
2007-01-05,MEX,0.023975757262749454
2007-01-06,MEX,0.05940724089616521
2007-01-07,MEX,0.10436644908214505
2007-01-08,MEX,0.49064561444836463
2007-01-09,MEX,0.8041376668723726
2007-01-10,MEX,0.5688762306115587
2007-01-11,MEX,0.20631262461445785
2007-01-12,MEX,0.3457169262961441
2007-01-13,MEX,0.11831088831343003
2007-01-14,MEX,0.17599917209533533
2007-01-15,MEX,0.1730233596758828
2007-01-16,MEX,0.6592481982782896
2007-01-17,MEX,0.6185551783123956
2007-01-18,MEX,0.44932257001044285
2007-01-19,MEX,1.456709395925279
2007-01-20,MEX,0.5572064945986156
2007-01-21,MEX,0.08646700497713837
2007-01-22,MEX,0.28900727043475477
2007-01-23,MEX,0.400533052254927
2007-01-24,MEX,1.2292387385528991
2007-01-25,MEX,0.7521112879494696
2007-01-26,MEX,0.29839574826962473
2007-01-27,MEX,0.2274167189832177
2007-01-28,MEX,0.2187120381378029
2007-01-29,MEX,0.18094000791842577
2007-01-30,MEX,0.30856523347508397
2007-01-31,MEX,0.3141317429267525
2007-02-01,MEX,0.35189473727618437
2007-02-02,MEX,0.046179546043134415
2007-02-03,MEX,0.5646614590156476
2007-02-04,MEX,1.2129077462330673
2007-02-05,MEX,1.3477996974566353
2007-02-06,MEX,0.4221939144044132
2007-02-07,MEX,0.17254931524257555
2007-02-08,MEX,0.05101962586909721
2007-02-09,MEX,0.1556279407995767
2007-02-10,MEX,0.8221781234970682
2007-02-11,MEX,0.6573286823377692
2007-02-12,MEX,0.13559920267876108
2007-02-13,MEX,0.04158264783596899
2007-02-14,MEX,0.1297548463513713
2007-02-15,MEX,0.18827631845779766
2007-02-16,MEX,0.3708925878411809
2007-02-17,MEX,0.07679199590600387
2007-02-18,MEX,0.1998800935839004
2007-02-19,MEX,0.12422603452000303
2007-02-20,MEX,0.06580050968526084
2007-02-21,MEX,0.04890244306735304
2007-02-22,MEX,0.08768944993366831
2007-02-23,MEX,0.07936530304283486
2007-02-24,MEX,0.004130914813138382
2007-02-25,MEX,0.017554030826172594
2007-02-26,MEX,0.02630062617061289
2007-02-27,MEX,0.007927971033831601
2007-02-28,MEX,0.024625586161664822
2007-03-01,MEX,0.003411206914494785
2007-03-02,MEX,0.012436859177402572
2007-03-03,MEX,0.024142785633735224
2007-03-04,MEX,0.5095626766694831
2007-03-05,MEX,0.4937360554547007
2007-03-06,MEX,0.07317102179631
2007-03-07,MEX,0.014593783108882943
2007-03-08,MEX,0.05966893129720632
2007-03-09,MEX,0.08573102141852404
2007-03-10,MEX,0.17792185598199717
2007-03-11,MEX,0.2500372421078627
2007-03-12,MEX,0.2718998185405006
2007-03-13,MEX,0.3271221011231285
2007-03-14,MEX,0.10371757956002149
2007-03-15,MEX,0.032473036180374
2007-03-16,MEX,0.11864104917167731
2007-03-17,MEX,0.19049619227376355
2007-03-18,MEX,0.033316768541701736
2007-03-19,MEX,0.025565875571477558
2007-03-20,MEX,0.06482284777158688
2007-03-21,MEX,0.0643849859919537
2007-03-22,MEX,0.2512118071128604
2007-03-23,MEX,0.45891392443775747
2007-03-24,MEX,0.13260250694948034
2007-03-25,MEX,0.4838301440061186
2007-03-26,MEX,0.46014401204375444
2007-03-27,MEX,0.0736904781029533
2007-03-28,MEX,0.05223401193057349
2007-03-29,MEX,0.06665236356236984
2007-03-30,MEX,0.16820818089722891
2007-03-31,MEX,0.22607758976350326
2007-04-01,MEX,0.4238430870723651
2007-04-02,MEX,0.8894074813419118
2007-04-03,MEX,0.3517653266262771
2007-04-04,MEX,0.9842281744499425
2007-04-05,MEX,0.6631168248086208
2007-04-06,MEX,0.184297971893876
2007-04-07,MEX,0.4708602908071812
2007-04-08,MEX,0.28091313881475427
2007-04-09,MEX,0.06472053306462706
2007-04-10,MEX,0.039934348416501245
2007-04-11,MEX,0.017523896425238224
2007-04-12,MEX,0.032817638339738414
2007-04-13,MEX,0.04506792594629569
2007-04-14,MEX,0.0265713358788115
2007-04-15,MEX,0.20087843096037453
2007-04-16,MEX,0.025556351232808333
2007-04-17,MEX,0.014210043477954647
2007-04-18,MEX,0.056271319984587446
2007-04-19,MEX,0.054212273128552806
2007-04-20,MEX,0.11866163892821208
2007-04-21,MEX,0.19598960010856717
2007-04-22,MEX,0.12984193701135985
2007-04-23,MEX,0.09903985885507123
2007-04-24,MEX,0.1488538546814361
2007-04-25,MEX,0.2618550185315203
2007-04-26,MEX,0.18457002352293825
2007-04-27,MEX,0.14503518617135025
2007-04-28,MEX,0.4405439581361526
2007-04-29,MEX,0.6607287591254271
2007-04-30,MEX,0.29085907757669593
2007-05-01,MEX,0.1954197205855402
2007-05-02,MEX,0.13817904536342326
2007-05-03,MEX,0.16344345477818276
2007-05-04,MEX,0.09246475913886928
2007-05-05,MEX,0.07253970286289534
2007-05-06,MEX,0.06786788699526952
2007-05-07,MEX,0.23760360070441713
2007-05-08,MEX,0.45108021248362884
2007-05-09,MEX,0.35423246500473543
2007-05-10,MEX,0.22758219598438395
2007-05-11,MEX,0.32331777074492374
2007-05-12,MEX,0.39141635662969027
2007-05-13,MEX,0.22477371394029189
2007-05-14,MEX,0.19949211210512544
2007-05-15,MEX,0.13744448217903
2007-05-16,MEX,0.22676070152659253
2007-05-17,MEX,0.2968244343806954
2007-05-18,MEX,0.3414441797223286
2007-05-19,MEX,0.3382074406041909
2007-05-20,MEX,0.4110598496843699
2007-05-21,MEX,0.3218781035791459
2007-05-22,MEX,0.17290020133724543
2007-05-23,MEX,0.2251653269083351
2007-05-24,MEX,0.5119858254330792
2007-05-25,MEX,1.1540178657266982
2007-05-26,MEX,1.405730466340183
2007-05-27,MEX,1.3390028795857178
2007-05-28,MEX,0.7439183732733462
2007-05-29,MEX,0.8119559657083956
2007-05-30,MEX,0.8227405081901527
2007-05-31,MEX,0.6196404125148957
2007-06-01,MEX,0.3570166493481988
2007-06-02,MEX,0.10904460820094743
2007-06-03,MEX,0.17538638281295363
2007-06-04,MEX,0.426807770212181
2007-06-05,MEX,0.5984168653806407
2007-06-06,MEX,0.6313414490079188
2007-06-07,MEX,0.3701621239903307
2007-06-08,MEX,0.49992241614579663
2007-06-09,MEX,1.703601522378891
2007-06-10,MEX,1.5740252422674887
2007-06-11,MEX,1.4183019542382094
2007-06-12,MEX,1.137086403747007
2007-06-13,MEX,0.8928303943717254
2007-06-14,MEX,0.7707984293600898
2007-06-15,MEX,0.9585658320023956
2007-06-16,MEX,1.0752816535754168
2007-06-17,MEX,1.3173887266270357
2007-06-18,MEX,1.2943463766798395
2007-06-19,MEX,1.0492182997945927
2007-06-20,MEX,1.9288871402359942
2007-06-21,MEX,1.625291001489461
2007-06-22,MEX,1.5252712208996362
2007-06-23,MEX,0.8928949490479378
2007-06-24,MEX,0.9448705103567605
2007-06-25,MEX,1.2642087156810657
2007-06-26,MEX,0.8956706958652441
2007-06-27,MEX,0.9904060077833315
2007-06-28,MEX,0.9379144801971152
2007-06-29,MEX,1.3897737808152382
2007-06-30,MEX,1.3981231544726138
2007-07-01,MEX,0.8811843860512321
2007-07-02,MEX,1.0295906582676968
2007-07-03,MEX,0.7699898165685267
2007-07-04,MEX,1.0597389189508912
2007-07-05,MEX,1.5601721299002727
2007-07-06,MEX,1.4416776156365165
2007-07-07,MEX,1.5283680849027428
2007-07-08,MEX,1.0191603393393942
2007-07-09,MEX,1.1271904150449528
2007-07-10,MEX,1.1370065449248756
2007-07-11,MEX,1.357825956518136
2007-07-12,MEX,1.215426960848616
2007-07-13,MEX,0.624519839797839
2007-07-14,MEX,0.5692294414094162
2007-07-15,MEX,0.9576780836333881
2007-07-16,MEX,1.9659308159373852
2007-07-17,MEX,3.251152329226751
2007-07-18,MEX,3.0375096758692615
2007-07-19,MEX,2.386948295039139
2007-07-20,MEX,2.0296203035482456
2007-07-21,MEX,1.8676788940485358
2007-07-22,MEX,2.6900494071897674
2007-07-23,MEX,2.58292287419333
2007-07-24,MEX,1.6135767116037618
2007-07-25,MEX,2.1315271573749244
2007-07-26,MEX,1.6514301743180537
2007-07-27,MEX,1.4248273216189629
2007-07-28,MEX,2.0185440689972953
2007-07-29,MEX,2.498547918552659
2007-07-30,MEX,2.785504748523775
2007-07-31,MEX,1.840284844830246
2007-08-01,MEX,1.0896360372268823
2007-08-02,MEX,0.9086895513123089
2007-08-03,MEX,1.8925686824641499
2007-08-04,MEX,2.186480529633265
2007-08-05,MEX,1.6081734361744837
2007-08-06,MEX,1.5494864061059737
2007-08-07,MEX,2.323921294489023
2007-08-08,MEX,1.4220531501653113
2007-08-09,MEX,1.1093186414436784
2007-08-10,MEX,0.8073860675675326
2007-08-11,MEX,0.6981499823932394
2007-08-12,MEX,1.1930280083883833
2007-08-13,MEX,1.3807797990232475
2007-08-14,MEX,1.668716400445838
2007-08-15,MEX,1.5070791195757396
2007-08-16,MEX,1.6399907000114562
2007-08-17,MEX,1.7933637049956146
2007-08-18,MEX,1.9929608023488876
2007-08-19,MEX,1.4362733016770248
2007-08-20,MEX,0.8623627592287452
2007-08-21,MEX,2.731177090171971
2007-08-22,MEX,3.3381778533576716
2007-08-23,MEX,3.6685330265533813
2007-08-24,MEX,2.4824670573726575
2007-08-25,MEX,1.5321953008698228
2007-08-26,MEX,1.7180305355456247
2007-08-27,MEX,2.58342566541153
2007-08-28,MEX,1.8966797539340596
2007-08-29,MEX,2.2026893818606514
2007-08-30,MEX,2.1858364343041585
2007-08-31,MEX,2.521515692171957
2007-09-01,MEX,2.5382362336252604
2007-09-02,MEX,3.027738874606096
2007-09-03,MEX,2.6484015803206424
2007-09-04,MEX,1.8766574030321772
2007-09-05,MEX,2.029109757027335
2007-09-06,MEX,2.644519824899825
2007-09-07,MEX,2.070005074832521
2007-09-08,MEX,1.5046608078971535
2007-09-09,MEX,1.8527308611386575
2007-09-10,MEX,1.9605840492513742
2007-09-11,MEX,1.7953821546096302
2007-09-12,MEX,1.7497236986172653
2007-09-13,MEX,1.3069097835166879
2007-09-14,MEX,1.217361666754965
2007-09-15,MEX,1.5386814137340346
2007-09-16,MEX,1.2542875479953908
2007-09-17,MEX,0.967791399056846
2007-09-18,MEX,0.8565307964916008
2007-09-19,MEX,1.0340561651368632
2007-09-20,MEX,1.0747250195194602
2007-09-21,MEX,0.7394551377771968
2007-09-22,MEX,0.6586391250002558
2007-09-23,MEX,0.8305748313421011
2007-09-24,MEX,0.5474002175362356
2007-09-25,MEX,0.5858321684842054
2007-09-26,MEX,0.8621154199912977
2007-09-27,MEX,1.0194655772359915
2007-09-28,MEX,1.7705630580125689
2007-09-29,MEX,1.6137496798162145
2007-09-30,MEX,1.0593519471239001
2007-10-01,MEX,1.0265801485510717
2007-10-02,MEX,0.4859252569604719
2007-10-03,MEX,0.609847029723439
2007-10-04,MEX,0.8278878037288515
2007-10-05,MEX,0.4229411347497434
2007-10-06,MEX,0.5517254057280182
2007-10-07,MEX,0.5009445913247
2007-10-08,MEX,0.7194913794830109
2007-10-09,MEX,1.2968628236092876
2007-10-10,MEX,2.0944649157893367
2007-10-11,MEX,1.7531083858892296
2007-10-12,MEX,0.9791902328196271
2007-10-13,MEX,0.4069354610908599
2007-10-14,MEX,0.2753314039210308
2007-10-15,MEX,0.4148368351488113
2007-10-16,MEX,0.5889230513406404
2007-10-17,MEX,0.9039555562231351
2007-10-18,MEX,0.5895663864309872
2007-10-19,MEX,1.3434556920417602
2007-10-20,MEX,1.9284056803862575
2007-10-21,MEX,0.9796265025114805
2007-10-22,MEX,1.1331077867924364
2007-10-23,MEX,2.0773494255960228
2007-10-24,MEX,1.012331989430438
2007-10-25,MEX,0.0845082012380972
2007-10-26,MEX,0.07476883084739425
2007-10-27,MEX,0.039770977020963036
2007-10-28,MEX,0.6252681220081681
2007-10-29,MEX,1.2489327614068122
2007-10-30,MEX,0.5156020945095109
2007-10-31,MEX,0.2932094285737746
2007-11-01,MEX,0.25547276798234575
2007-11-02,MEX,0.27941563177200496
2007-11-03,MEX,0.21234518259447985
2007-11-04,MEX,0.19763104514522178
2007-11-05,MEX,0.058202574208254594
2007-11-06,MEX,0.037693280983571456
2007-11-07,MEX,0.13596192192745638
2007-11-08,MEX,0.05533711506979399
2007-11-09,MEX,0.022498909019842906
2007-11-10,MEX,0.043535590933699846
2007-11-11,MEX,0.06302418522555998
2007-11-12,MEX,0.15355631835468903
2007-11-13,MEX,0.23164215030549518
2007-11-14,MEX,0.23763661982328202
2007-11-15,MEX,0.4312940686147916
2007-11-16,MEX,0.36949008701459946
2007-11-17,MEX,0.1488063402341845
2007-11-18,MEX,0.31490325430853033
2007-11-19,MEX,0.650509908439028
2007-11-20,MEX,0.2628913124810126
2007-11-21,MEX,0.09049998136565211
2007-11-22,MEX,0.22821969801127284
2007-11-23,MEX,0.5730206768016438
2007-11-24,MEX,1.1507972498016539
2007-11-25,MEX,0.667155922452698
2007-11-26,MEX,0.31222736661961564
2007-11-27,MEX,0.6539462823020653
2007-11-28,MEX,0.4019101129080385
2007-11-29,MEX,0.43229509739657945
2007-11-30,MEX,1.2348881967948135
2007-12-01,MEX,2.0687802278259384
2007-12-02,MEX,0.0500867866835781
2007-12-03,MEX,0.32732938357352603
2007-12-04,MEX,0.33016284389557826
2007-12-05,MEX,0.24016332345683863
2007-12-06,MEX,0.08275951655351128
2007-12-07,MEX,0.09914252749964421
2007-12-08,MEX,0.18062698458943244
2007-12-09,MEX,0.18647333865288707
2007-12-10,MEX,1.9030695830282724
2007-12-11,MEX,0.5342337384247805
2007-12-12,MEX,0.07694847790561381
2007-12-13,MEX,0.09535245884127712
2007-12-14,MEX,0.0828946786456714
2007-12-15,MEX,0.029127410035182846
2007-12-16,MEX,0.3705224996537791
2007-12-17,MEX,0.17308354334797613
2007-12-18,MEX,0.021357550358195844
2007-12-19,MEX,0.0170556924246064
2007-12-20,MEX,0.008370370611834137
2007-12-21,MEX,0.024453664725858536
2007-12-22,MEX,0.008025634637999149
2007-12-23,MEX,0.17044712942656798
2007-12-24,MEX,0.1294741428937734
2007-12-25,MEX,0.06839033062092559
2007-12-26,MEX,0.013156959198095864
2007-12-27,MEX,0.03845986686606716
2007-12-28,MEX,0.018633122738452784
2007-12-29,MEX,0.08191237492152983
2007-12-30,MEX,0.03215613767930798
2007-12-31,MEX,0.1378021238371941
2008-01-01,MEX,0.6444646090600404
2008-01-02,MEX,1.3212938000701506
2008-01-03,MEX,0.3037567469704121
2008-01-04,MEX,0.0795930098435888
2008-01-05,MEX,0.06981365717903598
2008-01-06,MEX,0.08837757789631791
2008-01-07,MEX,0.12182295696873957
2008-01-08,MEX,0.011532780944048715
2008-01-09,MEX,0.037865485208424095
2008-01-10,MEX,0.006301506664459839
2008-01-11,MEX,0.028177133758567573
2008-01-12,MEX,0.01816042206936579
2008-01-13,MEX,0.1392409656041791
2008-01-14,MEX,0.22498511012508862
2008-01-15,MEX,0.527861494538076
2008-01-16,MEX,0.15661994162425974
2008-01-17,MEX,0.16213177911829516
2008-01-18,MEX,0.17861539941487245
2008-01-19,MEX,0.34539242321854147
2008-01-20,MEX,0.540716062714834
2008-01-21,MEX,0.10075365658755674
2008-01-22,MEX,0.07404470716026083
2008-01-23,MEX,0.2161062672828671
2008-01-24,MEX,0.4772579407769403
2008-01-25,MEX,0.3231631830128256
2008-01-26,MEX,0.10628294789153346
2008-01-27,MEX,0.5745997975311571
2008-01-28,MEX,0.5507497608969875
2008-01-29,MEX,0.0231920539516374
2008-01-30,MEX,0.06762069102796048
2008-01-31,MEX,0.008476688609966311
2008-02-01,MEX,0.21879938386106818
2008-02-02,MEX,0.05413982269810539
2008-02-03,MEX,0.04104398053519172
2008-02-04,MEX,0.17162179986972406
2008-02-05,MEX,0.1313959012734268
2008-02-06,MEX,0.0579663489449577
2008-02-07,MEX,0.2905235208748758
2008-02-08,MEX,0.11847682553372112
2008-02-09,MEX,0.06869420192016337
2008-02-10,MEX,0.5069299438062846
2008-02-11,MEX,0.7527466145710939
2008-02-12,MEX,0.1053550347350385
2008-02-13,MEX,0.36512105545382945
2008-02-14,MEX,0.11961497553361077
2008-02-15,MEX,0.22767594080639875
2008-02-16,MEX,0.1227709806018455
2008-02-17,MEX,0.012968678100792268
2008-02-18,MEX,0.06470753111496463
2008-02-19,MEX,0.203864127524975
2008-02-20,MEX,0.07563161805652481
2008-02-21,MEX,0.015742906585822725
2008-02-22,MEX,0.0389946187355739
2008-02-23,MEX,0.04316503616576488
2008-02-24,MEX,0.011810411964122492
2008-02-25,MEX,0.02194378480034737
2008-02-26,MEX,0.013793436770160605
2008-02-27,MEX,0.5367853392178678
2008-02-28,MEX,0.030315069192353838
2008-02-29,MEX,0.02061482849511752
2008-03-01,MEX,0.22659012566070172
2008-03-02,MEX,0.15649714363291528
2008-03-03,MEX,0.028982256648568655
2008-03-04,MEX,0.20310829127602603
2008-03-05,MEX,0.04396943558895292
2008-03-06,MEX,0.025289923188870987
2008-03-07,MEX,0.2064333053865911
2008-03-08,MEX,0.1935916976148422
2008-03-09,MEX,0.012368812384598148
2008-03-10,MEX,0.15173388383933947
2008-03-11,MEX,0.18965655811799156
2008-03-12,MEX,0.22553744732457484
2008-03-13,MEX,0.05333413967208069
2008-03-14,MEX,0.012204547231882037
2008-03-15,MEX,0.008255289857789823
2008-03-16,MEX,0.11192568499478917
2008-03-17,MEX,0.08350364658308708
2008-03-18,MEX,0.2938907905222175
2008-03-19,MEX,0.15019380040377575
2008-03-20,MEX,0.3440591848649649
2008-03-21,MEX,0.03856433819814313
2008-03-22,MEX,0.034090245365905346
2008-03-23,MEX,0.1830179462096417
2008-03-24,MEX,0.6030379672305713
2008-03-25,MEX,0.17515184290526295
2008-03-26,MEX,0.02020623374396002
2008-03-27,MEX,0.028997112623824053
2008-03-28,MEX,0.06113863312250604
2008-03-29,MEX,0.1137348842875126
2008-03-30,MEX,0.06879911218701511
2008-03-31,MEX,0.03961231154574627
2008-04-01,MEX,0.035777508937654225
2008-04-02,MEX,0.06420474954594949
2008-04-03,MEX,0.025133125071341064
2008-04-04,MEX,0.0201584478126237
2008-04-05,MEX,0.11701739972529854
2008-04-06,MEX,0.12959315341019417
2008-04-07,MEX,0.1535201258492991
2008-04-08,MEX,0.17843564596366213
2008-04-09,MEX,0.06909514757467683
2008-04-10,MEX,0.023927126722791348
2008-04-11,MEX,0.025782222769472694
2008-04-12,MEX,0.3315757465814633
2008-04-13,MEX,1.1846544003076513
2008-04-14,MEX,0.7878028100118335
2008-04-15,MEX,0.2571660668468771
2008-04-16,MEX,0.03431724640202231
2008-04-17,MEX,0.0681068170015496
2008-04-18,MEX,0.13425715538842156
2008-04-19,MEX,0.15746616476294306
2008-04-20,MEX,0.05634005597868985
2008-04-21,MEX,0.03115366007384523
2008-04-22,MEX,0.06106239823099479
2008-04-23,MEX,0.11109777218771247
2008-04-24,MEX,0.0959194767894767
2008-04-25,MEX,0.10846479103184378
2008-04-26,MEX,0.40466541337223844
2008-04-27,MEX,0.7721851717373294
2008-04-28,MEX,1.186699752002443
2008-04-29,MEX,0.5028274148952986
2008-04-30,MEX,0.19634066325615218
2008-05-01,MEX,0.06157157313850338
2008-05-02,MEX,0.014306134245174946
2008-05-03,MEX,0.07661493320243284
2008-05-04,MEX,0.24716130687628807
2008-05-05,MEX,0.2572072335524215
2008-05-06,MEX,0.2931174446132062
2008-05-07,MEX,0.05900434681692061
2008-05-08,MEX,0.045661138579766856
2008-05-09,MEX,0.06740416203350373
2008-05-10,MEX,0.05376995191582168
2008-05-11,MEX,0.08890764529436268
2008-05-12,MEX,0.22420386396252695
2008-05-13,MEX,0.3012734777656503
2008-05-14,MEX,0.30421046349699343
2008-05-15,MEX,0.5777849494072892
2008-05-16,MEX,1.9913316091490105
2008-05-17,MEX,1.341327855232787
2008-05-18,MEX,0.8338034867369245
2008-05-19,MEX,1.0245153183331965
2008-05-20,MEX,0.5310270224901538
2008-05-21,MEX,0.3913102525919965
2008-05-22,MEX,0.09066857279741075
2008-05-23,MEX,0.19857433152007936
2008-05-24,MEX,0.13819250290886972
2008-05-25,MEX,0.40606820654205567
2008-05-26,MEX,0.5409401556762934
2008-05-27,MEX,0.334152411736323
2008-05-28,MEX,0.2847669445340321
2008-05-29,MEX,0.5812607781667051
2008-05-30,MEX,0.7921993534974766
2008-05-31,MEX,1.1295601434294502
2008-06-01,MEX,1.4859570275957168
2008-06-02,MEX,1.939079303418558
2008-06-03,MEX,1.6252334226243261
2008-06-04,MEX,1.235872154557502
2008-06-05,MEX,0.6497525918619225
2008-06-06,MEX,0.9023743178936853
2008-06-07,MEX,1.8175574227273363
2008-06-08,MEX,2.5303191306660215
2008-06-09,MEX,2.7815812578333516
2008-06-10,MEX,2.8727096886773644
2008-06-11,MEX,1.9189302377872848
2008-06-12,MEX,1.0960918162437399
2008-06-13,MEX,0.8044778048314326
2008-06-14,MEX,0.7583501206169814
2008-06-15,MEX,0.7266677739558829
2008-06-16,MEX,0.6915176105026518
2008-06-17,MEX,0.6178262509522722
2008-06-18,MEX,0.7091215871350016
2008-06-19,MEX,0.7278814746959291
2008-06-20,MEX,0.5636368319295393
2008-06-21,MEX,0.7955822511866856
2008-06-22,MEX,0.7031013747284867
2008-06-23,MEX,0.7827539875181851
2008-06-24,MEX,0.6548680999423931
2008-06-25,MEX,0.8817367764749653
2008-06-26,MEX,0.9987494975185077
2008-06-27,MEX,0.93993507804301335
2008-06-28,MEX,1.1036300041283436
2008-06-29,MEX,1.3115677111343502
2008-06-30,MEX,1.984173707315344
2008-07-01,MEX,2.440470675565888
2008-07-02,MEX,2.5555687700019005
2008-07-03,MEX,3.1881749367249275
2008-07-04,MEX,3.4517893641490383
2008-07-05,MEX,3.104684236577435
2008-07-06,MEX,3.5670449170626637
2008-07-07,MEX,4.18294937813644
2008-07-08,MEX,4.40818437987902
2008-07-09,MEX,4.42469748996393
2008-07-10,MEX,2.817009916801439
2008-07-11,MEX,1.53584305044624
2008-07-12,MEX,1.7020643287675556
2008-07-13,MEX,1.636277093016936
2008-07-14,MEX,1.1925711723260786
2008-07-15,MEX,1.0210675605336856
2008-07-16,MEX,0.8757667917664509
2008-07-17,MEX,0.8899395932342475
2008-07-18,MEX,1.7984780366757307
2008-07-19,MEX,2.0720181858803604
2008-07-20,MEX,1.7667427221286967
2008-07-21,MEX,1.122070860064257
2008-07-22,MEX,1.3224883338485864
2008-07-23,MEX,1.637550237046086
2008-07-24,MEX,2.0324638549334795
2008-07-25,MEX,2.6766889496876933
2008-07-26,MEX,2.1485275524756737
2008-07-27,MEX,0.8863371499075977
2008-07-28,MEX,0.5795731004155388
2008-07-29,MEX,0.7925886915167205
2008-07-30,MEX,1.3495630891338914
2008-07-31,MEX,1.376506391349379
2008-08-01,MEX,1.4347082187231746
2008-08-02,MEX,1.5868558291097674
2008-08-03,MEX,1.2434723979667999
2008-08-04,MEX,1.180241809628855
2008-08-05,MEX,0.9253631705532896
2008-08-06,MEX,0.9712193846827369
2008-08-07,MEX,1.603184255346945
2008-08-08,MEX,1.6165568982512366
2008-08-09,MEX,1.4461177000202354
2008-08-10,MEX,1.2599520796916988
2008-08-11,MEX,1.063509631211358
2008-08-12,MEX,1.2738244566312813
2008-08-13,MEX,1.4878709867980608
2008-08-14,MEX,2.2584282868820367
2008-08-15,MEX,1.7620944004278223
2008-08-16,MEX,1.793125131668906
2008-08-17,MEX,2.2680888239068486
2008-08-18,MEX,2.0417566120305635
2008-08-19,MEX,2.003524862143939
2008-08-20,MEX,1.7063137182265211
2008-08-21,MEX,2.076267649682444
2008-08-22,MEX,2.037130855714809
2008-08-23,MEX,2.317810349830518
2008-08-24,MEX,2.8200150632262
2008-08-25,MEX,3.152739375095117
2008-08-26,MEX,2.7635339113746733
2008-08-27,MEX,3.130794747755117
2008-08-28,MEX,3.3328046976373162
2008-08-29,MEX,3.2516719573265838
2008-08-30,MEX,3.2751509487403014
2008-08-31,MEX,2.2091969131495084
2008-09-01,MEX,1.327071216154435
2008-09-02,MEX,1.6812102568896587
2008-09-03,MEX,2.0626136471839795
2008-09-04,MEX,1.4976993978297368
2008-09-05,MEX,1.6995962577239427
2008-09-06,MEX,2.408053458803992
2008-09-07,MEX,3.212992320745833
2008-09-08,MEX,3.110787404731357
2008-09-09,MEX,2.7297320857841063
2008-09-10,MEX,2.816690072522075
2008-09-11,MEX,2.373890494089868
2008-09-12,MEX,1.3757722376157533
2008-09-13,MEX,1.020590620791133
2008-09-14,MEX,2.84943034001869
2008-09-15,MEX,4.078330652075504
2008-09-16,MEX,2.5576010024494615
2008-09-17,MEX,2.060194912725103
2008-09-18,MEX,1.506630772933843
2008-09-19,MEX,1.6000295795090673
2008-09-20,MEX,1.8332277666366201
2008-09-21,MEX,1.8574201625385065
2008-09-22,MEX,1.716720178077326
2008-09-23,MEX,2.29002180892865
2008-09-24,MEX,3.780852286107879
2008-09-25,MEX,3.262256372265614
2008-09-26,MEX,2.2373708153607104
2008-09-27,MEX,1.81022888115477
2008-09-28,MEX,1.1536264737066106
2008-09-29,MEX,0.9236646374059623
2008-09-30,MEX,1.0977382116519294
2008-10-01,MEX,0.4350344768885594
2008-10-02,MEX,0.4608268136543038
2008-10-03,MEX,0.2846192438775878
2008-10-04,MEX,0.3713438260446444
2008-10-05,MEX,0.8097276363660982
2008-10-06,MEX,0.44161654384318577
2008-10-07,MEX,0.9173865806333736
2008-10-08,MEX,1.4860548683231287
2008-10-09,MEX,1.1384279475237828
2008-10-10,MEX,1.0783286780729866
2008-10-11,MEX,2.020209969338717
2008-10-12,MEX,2.10395912208039
2008-10-13,MEX,1.1072281148130396
2008-10-14,MEX,1.5859389465739122
2008-10-15,MEX,1.087519751884301
2008-10-16,MEX,1.0255137794166047
2008-10-17,MEX,1.0479020627742797
2008-10-18,MEX,1.2362451896610283
2008-10-19,MEX,0.696027116503405
2008-10-20,MEX,0.3364556674036782
2008-10-21,MEX,0.5128578908220497
2008-10-22,MEX,0.589912332264738
2008-10-23,MEX,0.5681135404446892
2008-10-24,MEX,0.4624120434837495
2008-10-25,MEX,0.2710481466280548
2008-10-26,MEX,0.2580012772563063
2008-10-27,MEX,0.47980628573563006
2008-10-28,MEX,0.4332471523522467
2008-10-29,MEX,0.12506471601276362
2008-10-30,MEX,0.09668697893528354
2008-10-31,MEX,0.08568791946695296
2008-11-01,MEX,0.16875008035722028
2008-11-02,MEX,0.1793774418939476
2008-11-03,MEX,0.09252518530433147
2008-11-04,MEX,0.07564180377145986
2008-11-05,MEX,0.08287232872787943
2008-11-06,MEX,0.032664398986079965
2008-11-07,MEX,0.12726015990934952
2008-11-08,MEX,0.1269739745832285
2008-11-09,MEX,0.0940550893786983
2008-11-10,MEX,0.08596371371835426
2008-11-11,MEX,0.03417844933385158
2008-11-12,MEX,0.05925692368269049
2008-11-13,MEX,0.5369028074624715
2008-11-14,MEX,0.08300471939505055
2008-11-15,MEX,0.24870706755778899
2008-11-16,MEX,0.5605537609571062
2008-11-17,MEX,0.09865011888280674
2008-11-18,MEX,0.11641713770661724
2008-11-19,MEX,0.10687312147139195
2008-11-20,MEX,0.02789974678111657
2008-11-21,MEX,0.33843423519061466
2008-11-22,MEX,0.12883842282779595
2008-11-23,MEX,0.07035751326531597
2008-11-24,MEX,0.03867343367713688
2008-11-25,MEX,0.14842870188020282
2008-11-26,MEX,0.23020012493626085
2008-11-27,MEX,0.8405895888311663
2008-11-28,MEX,0.033654890987525776
2008-11-29,MEX,0.04304461846794305
2008-11-30,MEX,0.1384463586991645
2008-12-01,MEX,0.3747886879983064
2008-12-02,MEX,0.11298510915768756
2008-12-03,MEX,0.00319755782237645
2008-12-04,MEX,0.019874353762015597
2008-12-05,MEX,0.17463472476548877
2008-12-06,MEX,0.029869584717335796
2008-12-07,MEX,0.057876844491121134
2008-12-08,MEX,0.029370792978400027
2008-12-09,MEX,0.10125347432306862
2008-12-10,MEX,0.1957244066503103
2008-12-11,MEX,0.2946249969173043
2008-12-12,MEX,0.017728953854798394
2008-12-13,MEX,0.014635051235270152
2008-12-14,MEX,0.13621906524855243
2008-12-15,MEX,0.051839458989091015
2008-12-16,MEX,0.1730863935223453
2008-12-17,MEX,0.37955121578250234
2008-12-18,MEX,0.28172002242257266
2008-12-19,MEX,0.03444624662266605
2008-12-20,MEX,0.019607922549439778
2008-12-21,MEX,0.07816496502003144
2008-12-22,MEX,0.3661853779167861
2008-12-23,MEX,0.16622286336320793
2008-12-24,MEX,0.041940155617865967
2008-12-25,MEX,0.15752609750755628
2008-12-26,MEX,0.12543845387704672
2008-12-27,MEX,0.06550462401727837
2008-12-28,MEX,0.06281064087576854
2008-12-29,MEX,0.1757523880861589
2008-12-30,MEX,0.1829482557811948
2008-12-31,MEX,0.0869745080112599
2009-01-01,MEX,0.11350905600761736
2009-01-02,MEX,0.03237944247632282
2009-01-03,MEX,0.0267081899589657
2009-01-04,MEX,0.08271064280617349
2009-01-05,MEX,0.38186773573686456
2009-01-06,MEX,0.17489772817164081
2009-01-07,MEX,0.058410056777879235
2009-01-08,MEX,0.016170105135156834
2009-01-09,MEX,0.0249114525528168
2009-01-10,MEX,0.022188950432987554
2009-01-11,MEX,0.17885173819963116
2009-01-12,MEX,0.23551317280119563
2009-01-13,MEX,0.6181536650313064
2009-01-14,MEX,0.36283047346022346
2009-01-15,MEX,0.4346340991256723
2009-01-16,MEX,0.9991444656416665
2009-01-17,MEX,0.258102817857341
2009-01-18,MEX,0.030166320914887898
2009-01-19,MEX,0.048084549758667716
2009-01-20,MEX,0.09759367870813959
2009-01-21,MEX,0.13561460751918944
2009-01-22,MEX,0.18608641867611866
2009-01-23,MEX,0.2257784663527522
2009-01-24,MEX,0.030364305868054213
2009-01-25,MEX,0.0953497915015109
2009-01-26,MEX,0.03587898787431911
2009-01-27,MEX,0.03230302191410529
2009-01-28,MEX,0.032023738238611245
2009-01-29,MEX,0.06242466774441616
2009-01-30,MEX,0.39456818655771425
2009-01-31,MEX,0.4768330590846809
2009-02-01,MEX,0.026249190936739688
2009-02-02,MEX,0.14131285731814586
2009-02-03,MEX,0.4070807291048879
2009-02-04,MEX,0.13269707760342017
2009-02-05,MEX,0.11208377018417962
2009-02-06,MEX,0.04010404151028495
2009-02-07,MEX,0.14857219961714746
2009-02-08,MEX,0.3023885555908963
2009-02-09,MEX,0.06939026893792483
2009-02-10,MEX,0.18200169667213204
2009-02-11,MEX,0.029248307996132913
2009-02-12,MEX,0.10031299280270833
2009-02-13,MEX,0.026781497661495877
2009-02-14,MEX,0.02718658433201016
2009-02-15,MEX,0.06441772672212878
2009-02-16,MEX,0.34532403501997894
2009-02-17,MEX,0.11192062190842848
2009-02-18,MEX,0.0072246057452821765
2009-02-19,MEX,0.08786949689722014
2009-02-20,MEX,0.35876463295160416
2009-02-21,MEX,0.15177930735925546
2009-02-22,MEX,0.37632233404087523
2009-02-23,MEX,0.2072450291416094
2009-02-24,MEX,0.0947307673104483
2009-02-25,MEX,0.016193305826669335
2009-02-26,MEX,0.007245758965334988
2009-02-27,MEX,7.929556807002441e-4
2009-02-28,MEX,0.010598997566437488
2009-03-01,MEX,0.3832858796415316
2009-03-02,MEX,0.12365006539945486
2009-03-03,MEX,0.0028472502970697073
2009-03-04,MEX,0.0028372192830792677
2009-03-05,MEX,0.01141314749790165
2009-03-06,MEX,0.026351939163657266
2009-03-07,MEX,0.035106444573115604
2009-03-08,MEX,0.029586361277223222
2009-03-09,MEX,0.3141917004876851
2009-03-10,MEX,0.20780520111640804
2009-03-11,MEX,0.5453486041610254
2009-03-12,MEX,0.37815491102212817
2009-03-13,MEX,0.08738985780937127
2009-03-14,MEX,0.2627156194624558
2009-03-15,MEX,0.23795003116458635
2009-03-16,MEX,0.2048194925158182
2009-03-17,MEX,0.28620112942637393
2009-03-18,MEX,0.11997082926322225
2009-03-19,MEX,0.144794871696689
2009-03-20,MEX,0.21998473520626566
2009-03-21,MEX,0.11772640866676716
2009-03-22,MEX,0.08420621845825761
2009-03-23,MEX,0.03857491257636991
2009-03-24,MEX,0.02322113971653203
2009-03-25,MEX,0.046349341957611895
2009-03-26,MEX,0.05391306872426892
2009-03-27,MEX,0.00976461207363545
2009-03-28,MEX,0.0545676435433592
2009-03-29,MEX,0.13924272222510403
2009-03-30,MEX,0.01278221801641246
2009-03-31,MEX,0.005921674730874176
2009-04-01,MEX,0.018836415414298244
2009-04-02,MEX,0.004039144780951853
2009-04-03,MEX,0.006470459265189271
2009-04-04,MEX,0.0030981606878314736
2009-04-05,MEX,0.002335355369239924
2009-04-06,MEX,0.27620460269941804
2009-04-07,MEX,0.2866505342980459
2009-04-08,MEX,0.01966202528485878
2009-04-09,MEX,0.02573710536004637
2009-04-10,MEX,0.06412961414018203
2009-04-11,MEX,0.18802737731954483
2009-04-12,MEX,0.0813210303371144
2009-04-13,MEX,0.059434031426769084
2009-04-14,MEX,0.1598718919139495
2009-04-15,MEX,0.09778345730239386
2009-04-16,MEX,0.1073496250721773
2009-04-17,MEX,0.0889387528847463
2009-04-18,MEX,0.1816698201386103
2009-04-19,MEX,0.5177310265688588
2009-04-20,MEX,1.1622846747088846
2009-04-21,MEX,0.34775645858814
2009-04-22,MEX,0.09569765043028627
2009-04-23,MEX,0.10826172556242489
2009-04-24,MEX,0.11876054943578651
2009-04-25,MEX,0.13329090504494198
2009-04-26,MEX,0.1687639747904282
2009-04-27,MEX,0.1108355988565735
2009-04-28,MEX,0.13786570178096474
2009-04-29,MEX,0.1660449015603808
2009-04-30,MEX,0.0880237719710895
2009-05-01,MEX,0.1387165630512244
2009-05-02,MEX,0.06257033079870253
2009-05-03,MEX,0.06283256570790102
2009-05-04,MEX,0.10413100700035374
2009-05-05,MEX,0.1421766095013778
2009-05-06,MEX,0.05291403367708439
2009-05-07,MEX,0.080894450520715
2009-05-08,MEX,0.1549335251319859
2009-05-09,MEX,0.18010428925413305
2009-05-10,MEX,0.2759697849467043
2009-05-11,MEX,0.37286697210364356
2009-05-12,MEX,0.4970356232783411
2009-05-13,MEX,0.41760155482306405
2009-05-14,MEX,0.6374697673785469
2009-05-15,MEX,0.9454000496969577
2009-05-16,MEX,1.114128181369099
2009-05-17,MEX,1.5987808112990984
2009-05-18,MEX,1.0251693760581946
2009-05-19,MEX,0.7991152862844199
2009-05-20,MEX,1.2826526232017326
2009-05-21,MEX,1.4276468973590153
2009-05-22,MEX,0.8679961042770991
2009-05-23,MEX,0.6747165091323002
2009-05-24,MEX,0.38732186731909063
2009-05-25,MEX,0.27385769680177613
2009-05-26,MEX,0.14560144434460667
2009-05-27,MEX,0.26924854410183074
2009-05-28,MEX,0.7993082321335081
2009-05-29,MEX,0.6443318267998291
2009-05-30,MEX,0.89035438564998
2009-05-31,MEX,0.6686970025976909
2009-06-01,MEX,0.717270793988821
2009-06-02,MEX,0.7997571297603956
2009-06-03,MEX,0.6073793024119266
2009-06-04,MEX,0.4088119804183068
2009-06-05,MEX,0.3111199704567598
2009-06-06,MEX,0.30084790224576563
2009-06-07,MEX,0.23367218969958078
2009-06-08,MEX,0.2024246004009548
2009-06-09,MEX,0.3668015918851184
2009-06-10,MEX,0.27493654428154596
2009-06-11,MEX,0.22019570987517553
2009-06-12,MEX,0.30008465103015897
2009-06-13,MEX,0.33051245080753616
2009-06-14,MEX,0.5277888710199491
2009-06-15,MEX,0.7842767264185869
2009-06-16,MEX,0.8074750582696357
2009-06-17,MEX,1.2343414436184756
2009-06-18,MEX,2.0840426197347766
2009-06-19,MEX,3.1166072468638784
2009-06-20,MEX,2.1779007985279315
2009-06-21,MEX,2.1074572259069164
2009-06-22,MEX,2.1881819114565135
2009-06-23,MEX,1.6409014798164019
2009-06-24,MEX,1.5985124492793943
2009-06-25,MEX,1.7065808840014518
2009-06-26,MEX,1.7899356059558003
2009-06-27,MEX,1.4039545994662483
2009-06-28,MEX,1.5307606099265476
2009-06-29,MEX,1.9219813057803135
2009-06-30,MEX,1.5966092417859434
2009-07-01,MEX,2.113664885409053
2009-07-02,MEX,2.3236430396001118
2009-07-03,MEX,2.1108375990006882
2009-07-04,MEX,1.532115763017221
2009-07-05,MEX,1.0020995771976116
2009-07-06,MEX,0.8586777418903175
2009-07-07,MEX,0.6674408466987696
2009-07-08,MEX,0.8839140892469665
2009-07-09,MEX,1.0390964302864696
2009-07-10,MEX,1.5823675987246595
2009-07-11,MEX,1.593850999188641
2009-07-12,MEX,0.7815548342040533
2009-07-13,MEX,0.8049638416563039
2009-07-14,MEX,0.7067507706355344
2009-07-15,MEX,0.680479939541207
2009-07-16,MEX,0.33985905067876954
2009-07-17,MEX,0.3674144674592492
2009-07-18,MEX,0.3921407555224026
2009-07-19,MEX,0.40025248310389827
2009-07-20,MEX,0.34685669284973064
2009-07-21,MEX,0.5098442798814677
2009-07-22,MEX,0.7405359871758822
2009-07-23,MEX,0.8616990126667969
2009-07-24,MEX,1.023172260438137
2009-07-25,MEX,0.6813861238911525
2009-07-26,MEX,0.6977688081363304
2009-07-27,MEX,0.7927035625650113
2009-07-28,MEX,0.7353532980804072
2009-07-29,MEX,1.0335855112761954
2009-07-30,MEX,0.658368616768933
2009-07-31,MEX,1.0198076762451722
2009-08-01,MEX,1.1180023339935556
2009-08-02,MEX,0.8915733367989851
2009-08-03,MEX,1.0942936958997123
2009-08-04,MEX,0.528781014920842
2009-08-05,MEX,0.6694509988032673
2009-08-06,MEX,0.508960551755838
2009-08-07,MEX,1.1656577140772628
2009-08-08,MEX,0.9965729067562227
2009-08-09,MEX,1.0479574367397222
2009-08-10,MEX,1.0978083359736412
2009-08-11,MEX,0.8095423552167925
2009-08-12,MEX,0.6903874876792975
2009-08-13,MEX,0.8339479391708347
2009-08-14,MEX,0.5136938404064376
2009-08-15,MEX,0.5943794469039752
2009-08-16,MEX,0.7294825954771901
2009-08-17,MEX,1.0445098558827817
2009-08-18,MEX,1.8712985069918615
2009-08-19,MEX,1.6063960249567666
2009-08-20,MEX,1.582713264886697
2009-08-21,MEX,1.876382978637341
2009-08-22,MEX,1.6515249360717534
2009-08-23,MEX,1.1243944408132656
2009-08-24,MEX,0.9365096443895246
2009-08-25,MEX,0.8071832520869501
2009-08-26,MEX,0.6710016008185673
2009-08-27,MEX,1.175691680421085
2009-08-28,MEX,1.1949227616770532
2009-08-29,MEX,1.6256353365512128
2009-08-30,MEX,2.066619056842844
2009-08-31,MEX,2.2732566135427255
2009-09-01,MEX,2.0046635518586076
2009-09-02,MEX,2.347951477062413
2009-09-03,MEX,2.0835372783542914
2009-09-04,MEX,2.48590459758497
2009-09-05,MEX,1.9124219654626748
2009-09-06,MEX,1.957115399496028
2009-09-07,MEX,1.84704796105313
2009-09-08,MEX,1.7861583952049132
2009-09-09,MEX,1.4293232350274874
2009-09-10,MEX,2.366049102468532
2009-09-11,MEX,2.1065922880022567
2009-09-12,MEX,1.8014843194083683
2009-09-13,MEX,1.5307202217800449
2009-09-14,MEX,1.677224323569997
2009-09-15,MEX,1.2746045818755114
2009-09-16,MEX,0.9520416992908006
2009-09-17,MEX,0.8998337225981576
2009-09-18,MEX,1.6489123971068553
2009-09-19,MEX,1.781107675102288
2009-09-20,MEX,1.212764224541955
2009-09-21,MEX,1.157890217050712
2009-09-22,MEX,1.3204484529707141
2009-09-23,MEX,2.029228130617085
2009-09-24,MEX,1.56553400833371
2009-09-25,MEX,1.890764209955349
2009-09-26,MEX,2.437164917761283
2009-09-27,MEX,1.7510515256033474
2009-09-28,MEX,1.125598154443703
2009-09-29,MEX,0.8255769915680127
2009-09-30,MEX,0.7114469374772473
2009-10-01,MEX,0.7434998106149342
2009-10-02,MEX,0.4693785560765595
2009-10-03,MEX,2.212403774534679
2009-10-04,MEX,1.6613360318181947
2009-10-05,MEX,0.5787373491922119
2009-10-06,MEX,0.44964188368063074
2009-10-07,MEX,0.9473495202641385
2009-10-08,MEX,1.0413537425089174
2009-10-09,MEX,0.8637466411493966
2009-10-10,MEX,1.3402222245589603
2009-10-11,MEX,0.9334163440341722
2009-10-12,MEX,1.9505960321295184
2009-10-13,MEX,1.2161963925171586
2009-10-14,MEX,0.30181554619051937
2009-10-15,MEX,0.3294886870992045
2009-10-16,MEX,0.6214321100103476
2009-10-17,MEX,1.9005293285784588
2009-10-18,MEX,1.7210693114658107
2009-10-19,MEX,0.41112042278298006
2009-10-20,MEX,0.6177489889746911
2009-10-21,MEX,1.4070680063467007
2009-10-22,MEX,0.3713858785886111
2009-10-23,MEX,0.45714821428315794
2009-10-24,MEX,1.2824390723858272
2009-10-25,MEX,0.9061778629263318
2009-10-26,MEX,0.7637225516412653
2009-10-27,MEX,0.923672693341307
2009-10-28,MEX,0.49421453106487717
2009-10-29,MEX,0.5642153413160217
2009-10-30,MEX,0.4012795658532041
2009-10-31,MEX,1.387872315977264
2009-11-01,MEX,1.3602010110381468
2009-11-02,MEX,0.8237484325451827
2009-11-03,MEX,0.7260317378918083
2009-11-04,MEX,1.265468698404368
2009-11-05,MEX,1.1328550600119673
2009-11-06,MEX,0.7019164647336334
2009-11-07,MEX,0.634292498715266
2009-11-08,MEX,0.2848795609364807
2009-11-09,MEX,0.20933368440906286
2009-11-10,MEX,0.23708774872405436
2009-11-11,MEX,0.3177339951237313
2009-11-12,MEX,0.09473487494796984
2009-11-13,MEX,0.02757857815808121
2009-11-14,MEX,0.04455401542584314
2009-11-15,MEX,0.06013542399597186
2009-11-16,MEX,0.08527468823729605
2009-11-17,MEX,0.3189201055026281
2009-11-18,MEX,0.12697542675364654
2009-11-19,MEX,0.060948444555346995
2009-11-20,MEX,0.17286042818678307
2009-11-21,MEX,0.10547562056062787
2009-11-22,MEX,0.0815210239142896
2009-11-23,MEX,0.0845535694759395
2009-11-24,MEX,0.29476900012200596
2009-11-25,MEX,1.1213264906858196
2009-11-26,MEX,0.41674228299942645
2009-11-27,MEX,0.4928023027815294
2009-11-28,MEX,0.10986809615209185
2009-11-29,MEX,0.360823408610312
2009-11-30,MEX,1.1776961659708203
2009-12-01,MEX,1.8306928754326086
2009-12-02,MEX,0.06871719242704112
2009-12-03,MEX,0.37329705900067417
2009-12-04,MEX,0.35878526100134484
2009-12-05,MEX,0.4767314952785
2009-12-06,MEX,0.6507729883048771
2009-12-07,MEX,0.4744076225200213
2009-12-08,MEX,0.3074825237166986
2009-12-09,MEX,0.014157257972951863
2009-12-10,MEX,0.06205011368404429
2009-12-11,MEX,0.1724291413418312
2009-12-12,MEX,0.1406108061431466
2009-12-13,MEX,0.13708208394173255
2009-12-14,MEX,0.07990043103154183
2009-12-15,MEX,0.20711201902980295
2009-12-16,MEX,1.597881572967648
2009-12-17,MEX,0.8205390174219506
2009-12-18,MEX,0.19759279773009883
2009-12-19,MEX,0.15227452437267158
2009-12-20,MEX,0.7511276518738722
2009-12-21,MEX,0.5824815004361826
2009-12-22,MEX,0.10995682305233788
2009-12-23,MEX,0.3706322108368914
2009-12-24,MEX,0.09048943860699839
2009-12-25,MEX,0.17606344852590847
2009-12-26,MEX,0.022663007799723474
2009-12-27,MEX,0.05878640332372213
2009-12-28,MEX,0.36155785974943905
2009-12-29,MEX,1.63274585756904
2009-12-30,MEX,0.08817710539096543
2009-12-31,MEX,0.044431477455100454
2010-01-01,MEX,0.3144962365938913
2010-01-02,MEX,0.6972055465863043
2010-01-03,MEX,0.3300404941139265
2010-01-04,MEX,0.42852644577647214
2010-01-05,MEX,0.3449500060177159
2010-01-06,MEX,0.08448641470954041
2010-01-07,MEX,0.0483450663589215
2010-01-08,MEX,0.817259231081388
2010-01-09,MEX,0.7804568859825639
2010-01-10,MEX,0.2847984869048961
2010-01-11,MEX,0.099732148455899
2010-01-12,MEX,0.2779616927477717
2010-01-13,MEX,0.47595134278282997
2010-01-14,MEX,0.18075324462838957
2010-01-15,MEX,1.549922415891267
2010-01-16,MEX,0.8664787597210718
2010-01-17,MEX,0.07754123618992703
2010-01-18,MEX,0.05247001351487735
2010-01-19,MEX,0.2722635009159806
2010-01-20,MEX,0.2995566803321892
2010-01-21,MEX,1.0133751918577933
2010-01-22,MEX,1.8855740782732504
2010-01-23,MEX,1.0287099692268704
2010-01-24,MEX,0.020311075561676606
2010-01-25,MEX,0.13908826198963248
2010-01-26,MEX,0.039042530318859944
2010-01-27,MEX,0.28927210856154073
2010-01-28,MEX,1.019736508682894
2010-01-29,MEX,0.2066490060897157
2010-01-30,MEX,0.47562781156132006
2010-01-31,MEX,1.023442261375072
2010-02-01,MEX,0.6743884950965505
2010-02-02,MEX,1.2128241763983834
2010-02-03,MEX,6.985752458089044
2010-02-04,MEX,3.0324971662512863
2010-02-05,MEX,0.5587268941585644
2010-02-06,MEX,0.13823501407365088
2010-02-07,MEX,0.10785752176625504
2010-02-08,MEX,0.0660858770094689
2010-02-09,MEX,0.12720390445234356
2010-02-10,MEX,0.7669266848729414
2010-02-11,MEX,0.5727751343558922
2010-02-12,MEX,0.20085792953153903
2010-02-13,MEX,0.04681671503667178
2010-02-14,MEX,0.045293327549511896
2010-02-15,MEX,0.5412597530310028
2010-02-16,MEX,0.3185769379208504
2010-02-17,MEX,0.47305535352226236
2010-02-18,MEX,1.3550965468443226
2010-02-19,MEX,0.4685342423312094
2010-02-20,MEX,0.12520450743331443
2010-02-21,MEX,0.0487187050308667
2010-02-22,MEX,0.07431463314019174
2010-02-23,MEX,0.2709192616087593
2010-02-24,MEX,0.5038176328617574
2010-02-25,MEX,0.03702815272161301
2010-02-26,MEX,0.013913704602395393
2010-02-27,MEX,0.17074035935375909
2010-02-28,MEX,0.3560862835424888
2010-03-01,MEX,0.030694954170248444
2010-03-02,MEX,0.10155045626653904
2010-03-03,MEX,0.03793851124486584
2010-03-04,MEX,0.023532046800120228
2010-03-05,MEX,0.054635260878095906
2010-03-06,MEX,0.1906855363193138
2010-03-07,MEX,1.019389229578814
2010-03-08,MEX,0.25738383382744534
2010-03-09,MEX,0.033308166136108194
2010-03-10,MEX,0.023336251196166276
2010-03-11,MEX,0.011881306920779038
2010-03-12,MEX,0.09273438100159563
2010-03-13,MEX,0.011851406808857054
2010-03-14,MEX,0.001053741290849394
2010-03-15,MEX,0.029132387477939333
2010-03-16,MEX,0.3277467884816247
2010-03-17,MEX,0.526353867492466
2010-03-18,MEX,0.05716354446825575
2010-03-19,MEX,0.02537813938635839
2010-03-20,MEX,0.059775805930333846
2010-03-21,MEX,0.4211941326769459
2010-03-22,MEX,0.03587392461103273
2010-03-23,MEX,0.11471094968280224
2010-03-24,MEX,0.018575113827247965
2010-03-25,MEX,0.040573757113578225
2010-03-26,MEX,0.15161169045681608
2010-03-27,MEX,0.013566927680790791
2010-03-28,MEX,0.11334477083150626
2010-03-29,MEX,0.39473673464121
2010-03-30,MEX,0.025578235409327972
2010-03-31,MEX,0.024611123089799635
2010-04-01,MEX,0.08982502607410267
2010-04-02,MEX,0.01119765848324176
2010-04-03,MEX,0.03408358929450585
2010-04-04,MEX,0.04925655030842518
2010-04-05,MEX,0.11437694570896052
2010-04-06,MEX,0.06085158434422357
2010-04-07,MEX,0.04923765227505362
2010-04-08,MEX,0.5203929042566681
2010-04-09,MEX,0.6261210987735166
2010-04-10,MEX,0.404306813576984
2010-04-11,MEX,0.39759323593487433
2010-04-12,MEX,1.3479453894032796
2010-04-13,MEX,1.6920172046354987
2010-04-14,MEX,1.2438066852375647
2010-04-15,MEX,1.3987830807762673
2010-04-16,MEX,1.2444391647333426
2010-04-17,MEX,0.6445220098165767
2010-04-18,MEX,0.7457902293514398
2010-04-19,MEX,0.4454252285172396
2010-04-20,MEX,0.691111997717661
2010-04-21,MEX,0.22317965250886024
2010-04-22,MEX,0.321034961507453
2010-04-23,MEX,0.26006634394075306
2010-04-24,MEX,0.046684445404895386
2010-04-25,MEX,0.07715038241034197
2010-04-26,MEX,0.1469640539670319
2010-04-27,MEX,0.07596198088016172
2010-04-28,MEX,0.35018296981958613
2010-04-29,MEX,0.25391885434515427
2010-04-30,MEX,0.1523262549934771
2010-05-01,MEX,0.3118704163243325
2010-05-02,MEX,0.04118714191010473
2010-05-03,MEX,0.018789180134913985
2010-05-04,MEX,0.0772839126815025
2010-05-05,MEX,0.05898212328418265
2010-05-06,MEX,0.01513768651944147
2010-05-07,MEX,0.020718129475917946
2010-05-08,MEX,0.0863672484154555
2010-05-09,MEX,0.10493998084511091
2010-05-10,MEX,0.09005523202644339
2010-05-11,MEX,0.09160678136952906
2010-05-12,MEX,0.11167025368936745
2010-05-13,MEX,0.19388716055027752
2010-05-14,MEX,0.5142070737103664
2010-05-15,MEX,0.4678602740968415
2010-05-16,MEX,0.6800421369115065
2010-05-17,MEX,1.006511620218968
2010-05-18,MEX,0.9199336793908665
2010-05-19,MEX,0.353165908652086
2010-05-20,MEX,0.24890263511966867
2010-05-21,MEX,0.16013068139502984
2010-05-22,MEX,0.2863789035458814
2010-05-23,MEX,0.23919304648595208
2010-05-24,MEX,0.2805108038030193
2010-05-25,MEX,0.37623618001666964
2010-05-26,MEX,0.6057863188087813
2010-05-27,MEX,0.6508111151840497
2010-05-28,MEX,0.5271023682000187
2010-05-29,MEX,0.6466260063852427
2010-05-30,MEX,0.4471686696974309
2010-05-31,MEX,0.2585943875328619
2010-06-01,MEX,0.18633789593833308
2010-06-02,MEX,0.18248517331059277
2010-06-03,MEX,0.180312652859137
2010-06-04,MEX,0.1326022732665915
2010-06-05,MEX,0.3163969867162634
2010-06-06,MEX,0.144852975181584
2010-06-07,MEX,0.5908208956325428
2010-06-08,MEX,0.7094599025241216
2010-06-09,MEX,0.5188560138050607
2010-06-10,MEX,0.8494748880477743
2010-06-11,MEX,0.7562090449538048
2010-06-12,MEX,1.0391248121233034
2010-06-13,MEX,1.1329384480132714
2010-06-14,MEX,1.2651006546042758
2010-06-15,MEX,1.3855784497727521
2010-06-16,MEX,1.5098824319070487
2010-06-17,MEX,2.244065742235917
2010-06-18,MEX,1.6907400921970672
2010-06-19,MEX,1.0214344137014275
2010-06-20,MEX,0.7519482060779329
2010-06-21,MEX,0.8057711100050412
2010-06-22,MEX,0.6684641448136022
2010-06-23,MEX,0.6199702943638764
2010-06-24,MEX,1.0519132285358483
2010-06-25,MEX,1.0471915574740898
2010-06-26,MEX,1.4094356127104477
2010-06-27,MEX,2.2550124596510353
2010-06-28,MEX,2.8623573870344785
2010-06-29,MEX,2.892415859437687
2010-06-30,MEX,2.840664892658479
2010-07-01,MEX,7.047242007000917
2010-07-02,MEX,4.43133926315902
2010-07-03,MEX,3.351589038426243
2010-07-04,MEX,2.743659879761999
2010-07-05,MEX,2.3356189523698494
2010-07-06,MEX,2.6404572115956806
2010-07-07,MEX,2.913053329979395
2010-07-08,MEX,3.068887476684713
2010-07-09,MEX,3.8561892875484456
2010-07-10,MEX,2.3790622317590704
2010-07-11,MEX,2.192041994053554
2010-07-12,MEX,1.6170621725825003
2010-07-13,MEX,1.6866653443517514
2010-07-14,MEX,1.8509860700355452
2010-07-15,MEX,1.021769183695939
2010-07-16,MEX,1.1290382107243757
2010-07-17,MEX,1.1658251071344596
2010-07-18,MEX,1.4005186912987544
2010-07-19,MEX,2.0584607357756064
2010-07-20,MEX,2.4007019573902286
2010-07-21,MEX,2.910377782281302
2010-07-22,MEX,3.473611925896509
2010-07-23,MEX,3.6701585801609897
2010-07-24,MEX,3.748994486700401
2010-07-25,MEX,3.454750629003553
2010-07-26,MEX,3.469761275930652
2010-07-27,MEX,2.361560513636464
2010-07-28,MEX,2.943818487082862
2010-07-29,MEX,2.2296483241457405
2010-07-30,MEX,1.5985230582940482
2010-07-31,MEX,0.9381471870210617
2010-08-01,MEX,0.7410749676866172
2010-08-02,MEX,0.8735571035815299
2010-08-03,MEX,1.0438327987742702
2010-08-04,MEX,1.5645080945112437
2010-08-05,MEX,1.572449680697436
2010-08-06,MEX,0.9276625236093698
2010-08-07,MEX,1.3451153071898037
2010-08-08,MEX,1.3015030165877868
2010-08-09,MEX,1.2587024815018026
2010-08-10,MEX,1.7626276466253137
2010-08-11,MEX,1.797153082048404
2010-08-12,MEX,1.8203374953199392
2010-08-13,MEX,2.07801447025493
2010-08-14,MEX,2.6068520554128365
2010-08-15,MEX,2.2161376218095548
2010-08-16,MEX,1.82881389015247
2010-08-17,MEX,1.9973105614099471
2010-08-18,MEX,2.100449567806457
2010-08-19,MEX,1.9923030285901844
2010-08-20,MEX,2.051665784512365
2010-08-21,MEX,2.0441889997394056
2010-08-22,MEX,1.9569550586784192
2010-08-23,MEX,1.5521968469215541
2010-08-24,MEX,1.8152931694248793
2010-08-25,MEX,1.948684097012688
2010-08-26,MEX,1.7543290829477842
2010-08-27,MEX,1.7840115649576507
2010-08-28,MEX,1.5552709540809941
2010-08-29,MEX,1.6207883963154386
2010-08-30,MEX,1.725279282311898
2010-08-31,MEX,2.680009324847677
2010-09-01,MEX,2.07773391707426
2010-09-02,MEX,1.5466312643718436
2010-09-03,MEX,2.3183591297082615
2010-09-04,MEX,4.735967847355643
2010-09-05,MEX,3.59426242260122
2010-09-06,MEX,2.584489613172008
2010-09-07,MEX,1.527535548803093
2010-09-08,MEX,1.6614055631977511
2010-09-09,MEX,1.7025276496821706
2010-09-10,MEX,1.7579154655981226
2010-09-11,MEX,1.256807554548442
2010-09-12,MEX,1.1842490500664833
2010-09-13,MEX,1.2221569529973473
2010-09-14,MEX,0.9008196590123061
2010-09-15,MEX,1.5040960218292623
2010-09-16,MEX,1.2989606526248931
2010-09-17,MEX,2.2927847649071977
2010-09-18,MEX,3.3479753297621766
2010-09-19,MEX,2.790368594102571
2010-09-20,MEX,3.5115110142044714
2010-09-21,MEX,2.608386606325887
2010-09-22,MEX,2.449510897684951
2010-09-23,MEX,2.0897746066331697
2010-09-24,MEX,1.8783032344745019
2010-09-25,MEX,1.9148872362039773
2010-09-26,MEX,4.128102538400398
2010-09-27,MEX,4.809742388968777
2010-09-28,MEX,2.4981006850696166
2010-09-29,MEX,0.6199402739895737
2010-09-30,MEX,0.28778148364631206
2010-10-01,MEX,0.2504513457615824
2010-10-02,MEX,0.21068304371455732
2010-10-03,MEX,0.29832307853655
2010-10-04,MEX,0.28743254861415446
2010-10-05,MEX,0.42331027284059647
2010-10-06,MEX,0.3496410819181121
2010-10-07,MEX,0.18048552079716745
2010-10-08,MEX,0.10360305040919793
2010-10-09,MEX,0.06936044626303033
2010-10-10,MEX,0.09006160210030353
2010-10-11,MEX,0.07818922221404426
2010-10-12,MEX,0.09204984436706982
2010-10-13,MEX,0.3970705971320112
2010-10-14,MEX,0.2918251505753978
2010-10-15,MEX,0.2315657284415314
2010-10-16,MEX,0.12467830548704441
2010-10-17,MEX,0.08901877108299487
2010-10-18,MEX,0.11115834262985747
2010-10-19,MEX,0.18752856334831836
2010-10-20,MEX,0.15451881743488052
2010-10-21,MEX,0.07294964216477282
2010-10-22,MEX,0.045890243180704816
2010-10-23,MEX,0.09287795214322685
2010-10-24,MEX,0.09081643889181795
2010-10-25,MEX,0.2676859809284486
2010-10-26,MEX,0.17399325308984112
2010-10-27,MEX,0.07233497514588422
2010-10-28,MEX,0.42599619960915586
2010-10-29,MEX,1.1490556020786955
2010-10-30,MEX,0.28063735501811227
2010-10-31,MEX,0.09475518408384721
2010-11-01,MEX,0.09163782869600517
2010-11-02,MEX,0.09740878884223775
2010-11-03,MEX,0.7040962228360741
2010-11-04,MEX,0.19727670367343925
2010-11-05,MEX,0.20533639352401903
2010-11-06,MEX,0.08608578618459477
2010-11-07,MEX,0.06787325817713222
2010-11-08,MEX,0.05570357557162907
2010-11-09,MEX,0.010418792410397608
2010-11-10,MEX,0.014911822170975347
2010-11-11,MEX,0.030790713304866584
2010-11-12,MEX,0.05147952272178816
2010-11-13,MEX,0.059762241940047645
2010-11-14,MEX,0.028092769501436663
2010-11-15,MEX,0.00997401280205925
2010-11-16,MEX,0.026538493160737472
2010-11-17,MEX,0.08421448590196112
2010-11-18,MEX,0.347485365406494
2010-11-19,MEX,0.5434325167019324
2010-11-20,MEX,0.293618791598117
2010-11-21,MEX,0.1744452766174843
2010-11-22,MEX,0.0495940561187261
2010-11-23,MEX,0.045855308812996376
2010-11-24,MEX,0.04761695266271714
2010-11-25,MEX,0.01445139965183826
2010-11-26,MEX,0.09792551438017244
2010-11-27,MEX,0.31246779129111574
2010-11-28,MEX,0.11246545088724899
2010-11-29,MEX,0.013318088794485027
2010-11-30,MEX,0.06832361373276552
2010-12-01,MEX,0.8636195368341643
2010-12-02,MEX,0.161892652939191
2010-12-03,MEX,0.09062205475734253
2010-12-04,MEX,0.02240415284298182
2010-12-05,MEX,0.05105180751285287
2010-12-06,MEX,0.16383951416322537
2010-12-07,MEX,0.07953325514945085
2010-12-08,MEX,0.027719647680697634
2010-12-09,MEX,0.1440120606435926
2010-12-10,MEX,0.01564479821888028
2010-12-11,MEX,8.272293361313278e-4
2010-12-12,MEX,0.022586133245536467
2010-12-13,MEX,0.19508482074863087
2010-12-14,MEX,0.03215394324213487
2010-12-15,MEX,0.006605782590855565
2010-12-16,MEX,0.010465128089134645
2010-12-17,MEX,0.0143347006423618
2010-12-18,MEX,0.07026892516409458
2010-12-19,MEX,0.03190994033849335
2010-12-20,MEX,0.046399836641672756
2010-12-21,MEX,0.054200506199835866
2010-12-22,MEX,0.22042563055790004
2010-12-23,MEX,0.13139614817269507
2010-12-24,MEX,0.03196649249302193
2010-12-25,MEX,0.1088796672812603
2010-12-26,MEX,0.27559381959277646
2010-12-27,MEX,0.03162142720018618
2010-12-28,MEX,0.030612206771435863
2010-12-29,MEX,0.0947036361968795
2010-12-30,MEX,0.3476964903105746
2010-12-31,MEX,0.22996842358091368
2011-01-01,MEX,0.03603713985431236
2011-01-02,MEX,0.2970087528600832
2011-01-03,MEX,0.18297238717175632
2011-01-04,MEX,0.04210861925091004
2011-01-05,MEX,0.0066382661232176725
2011-01-06,MEX,0.02263729290386517
2011-01-07,MEX,0.02688764464477892
2011-01-08,MEX,0.06294952887767824
2011-01-09,MEX,0.26722442523762996
2011-01-10,MEX,0.012339184401378146
2011-01-11,MEX,0.49450378401921574
2011-01-12,MEX,1.3133874464068156
2011-01-13,MEX,0.7338241609043558
2011-01-14,MEX,0.1822230622879231
2011-01-15,MEX,0.14941167736784716
2011-01-16,MEX,0.36009325325299585
2011-01-17,MEX,0.02445785082925869
2011-01-18,MEX,0.003424995186079566
2011-01-19,MEX,0.018198082660165368
2011-01-20,MEX,0.016872366105939167
2011-01-21,MEX,0.12805476612613767
2011-01-22,MEX,0.1422598116531035
2011-01-23,MEX,0.03197006579342701
2011-01-24,MEX,0.04833040380056042
2011-01-25,MEX,0.0936336936245416
2011-01-26,MEX,0.3730444958419817
2011-01-27,MEX,0.17275479082968972
2011-01-28,MEX,0.20200552706427735
2011-01-29,MEX,0.18485093814188222
2011-01-30,MEX,0.01998395551042619
2011-01-31,MEX,0.03724201400053023
2011-02-01,MEX,0.00906927728030286
2011-02-02,MEX,0.19398257115496523
2011-02-03,MEX,0.3000734351872517
2011-02-04,MEX,0.13286921415788652
2011-02-05,MEX,0.12291355995575586
2011-02-06,MEX,0.02348242724651138
2011-02-07,MEX,0.1212755548206746
2011-02-08,MEX,0.2642526640404769
2011-02-09,MEX,0.015716138966033518
2011-02-10,MEX,0.30572663722631105
2011-02-11,MEX,0.44923828957643863
2011-02-12,MEX,0.43410264703643114
2011-02-13,MEX,0.1668945066088936
2011-02-14,MEX,0.037056146047970806
2011-02-15,MEX,0.02320227714588476
2011-02-16,MEX,0.019725204126924304
2011-02-17,MEX,0.016615278975965077
2011-02-18,MEX,0.028836891240094187
2011-02-19,MEX,0.35844090926632166
2011-02-20,MEX,0.06146002407794345
2011-02-21,MEX,0.007789599142999258
2011-02-22,MEX,0.021644302236335632
2011-02-23,MEX,0.04461516789934342
2011-02-24,MEX,0.011784356539502078
2011-02-25,MEX,0.05394756272240674
2011-02-26,MEX,0.13171008176972995
2011-02-27,MEX,0.21575956663054002
2011-02-28,MEX,0.015395870422671511
2011-03-01,MEX,0.14439589391683216
2011-03-02,MEX,0.12872636740946503
2011-03-03,MEX,0.04561538432634081
2011-03-04,MEX,0.018207306507358592
2011-03-05,MEX,0.13876632219259857
2011-03-06,MEX,0.5422637593033706
2011-03-07,MEX,0.11402067067854847
2011-03-08,MEX,0.02037036268040627
2011-03-09,MEX,0.04979391344889681
2011-03-10,MEX,0.574926739240838
2011-03-11,MEX,0.32730777406429473
2011-03-12,MEX,0.01723571467436726
2011-03-13,MEX,0.019699653294188452
2011-03-14,MEX,0.11480047948490185
2011-03-15,MEX,0.25178613363964514
2011-03-16,MEX,0.12185641964474478
2011-03-17,MEX,0.09974490584583628
2011-03-18,MEX,0.05910143834224726
2011-03-19,MEX,0.044842613750061135
2011-03-20,MEX,0.02628032729666628
2011-03-21,MEX,0.19548177976846834
2011-03-22,MEX,0.020804124062133864
2011-03-23,MEX,0.0123191899378041
2011-03-24,MEX,0.05154556557707693
2011-03-25,MEX,0.0298561437233295
2011-03-26,MEX,0.025671506358641814
2011-03-27,MEX,0.028005340378374786
2011-03-28,MEX,0.06575132730989766
2011-03-29,MEX,0.05982423981890521
2011-03-30,MEX,0.13798088133572886
2011-03-31,MEX,0.07156868220960794
2011-04-01,MEX,0.08976680947183287
2011-04-02,MEX,0.0734088613103622
2011-04-03,MEX,0.06652932937612191
2011-04-04,MEX,0.031596297788875564
2011-04-05,MEX,0.1787748804634513
2011-04-06,MEX,0.1298263166122373
2011-04-07,MEX,0.03496723013905878
2011-04-08,MEX,0.07246347513856934
2011-04-09,MEX,0.12432145567230711
2011-04-10,MEX,0.023676535956746892
2011-04-11,MEX,0.04498677115154154
2011-04-12,MEX,0.1425769701298946
2011-04-13,MEX,0.02079105591204686
2011-04-14,MEX,0.025003325945468426
2011-04-15,MEX,0.10868553435469595
2011-04-16,MEX,0.40789144421887186
2011-04-17,MEX,0.3489849352193043
2011-04-18,MEX,0.20639829600760018
2011-04-19,MEX,0.13902093898850018
2011-04-20,MEX,0.1313853292651815
2011-04-21,MEX,0.22742820078854997
2011-04-22,MEX,0.18250807695261315
2011-04-23,MEX,0.14689167956587804
2011-04-24,MEX,0.13288666187170678
2011-04-25,MEX,0.030426623867284494
2011-04-26,MEX,0.03184618435396511
2011-04-27,MEX,0.026080994861177823
2011-04-28,MEX,0.09284952922343381
2011-04-29,MEX,0.1623527390833216
2011-04-30,MEX,0.04996769617955575
2011-05-01,MEX,0.03705710574523297
2011-05-02,MEX,0.0739576203378873
2011-05-03,MEX,0.4683315774100624
2011-05-04,MEX,0.6875245553516334
2011-05-05,MEX,0.2721427034122177
2011-05-06,MEX,0.21597211374756073
2011-05-07,MEX,0.11263298167532532
2011-05-08,MEX,0.049971730591765844
2011-05-09,MEX,0.10909636712173926
2011-05-10,MEX,0.1519210027210312
2011-05-11,MEX,0.1390152165507187
2011-05-12,MEX,0.16161301857807564
2011-05-13,MEX,0.19395988642238637
2011-05-14,MEX,0.4085183993556503
2011-05-15,MEX,0.32739117538985385
2011-05-16,MEX,0.3500232241382351
2011-05-17,MEX,0.2996269313450295
2011-05-18,MEX,0.1334955090365772
2011-05-19,MEX,0.10092910068255584
2011-05-20,MEX,0.0841480247734277
2011-05-21,MEX,0.09142494414251123
2011-05-22,MEX,0.14749396847035773
2011-05-23,MEX,0.058349987873143855
2011-05-24,MEX,0.07489687588604572
2011-05-25,MEX,0.055125492301769725
2011-05-26,MEX,0.08257197727991562
2011-05-27,MEX,0.07635154325658004
2011-05-28,MEX,0.09706800171862756
2011-05-29,MEX,0.154715496792887
2011-05-30,MEX,0.21173461008279035
2011-05-31,MEX,0.23866129291403673
2011-06-01,MEX,0.4201914483167991
2011-06-02,MEX,0.22205279195241967
2011-06-03,MEX,0.21534327858776478
2011-06-04,MEX,0.29030231360022585
2011-06-05,MEX,0.6063227353197764
2011-06-06,MEX,0.5600593632768875
2011-06-07,MEX,0.2430458026076809
2011-06-08,MEX,0.21087083858497627
2011-06-09,MEX,0.26083970675803486
2011-06-10,MEX,0.34446511880027014
2011-06-11,MEX,0.37060893904375236
2011-06-12,MEX,0.5923517060724707
2011-06-13,MEX,0.5846272207750159
2011-06-14,MEX,0.3620481743695556
2011-06-15,MEX,0.5134733064684376
2011-06-16,MEX,0.6738058177794257
2011-06-17,MEX,0.6063490728252732
2011-06-18,MEX,0.7287544364364646
2011-06-19,MEX,1.3712619044090424
2011-06-20,MEX,1.6231596949059701
2011-06-21,MEX,1.436671536107344
2011-06-22,MEX,1.7109149814856204
2011-06-23,MEX,1.7135573803443072
2011-06-24,MEX,1.0782938853668282
2011-06-25,MEX,1.2533849336144527
2011-06-26,MEX,1.5208655609975594
2011-06-27,MEX,2.755933547166506
2011-06-28,MEX,2.889936694533186
2011-06-29,MEX,2.2306894561890576
2011-06-30,MEX,3.513465012293878
2011-07-01,MEX,4.900038900145706
2011-07-02,MEX,3.9366559606543112
2011-07-03,MEX,3.180916977684576
2011-07-04,MEX,2.3689508307127487
2011-07-05,MEX,1.3378750558987829
2011-07-06,MEX,1.25199580754672
2011-07-07,MEX,1.303409454544378
2011-07-08,MEX,1.4411802000953458
2011-07-09,MEX,1.514626957703974
2011-07-10,MEX,2.3569647378508174
2011-07-11,MEX,2.5423480091363935
2011-07-12,MEX,1.9991286077844392
2011-07-13,MEX,2.3845025803196918
2011-07-14,MEX,2.1789866140358667
2011-07-15,MEX,1.9755018720806743
2011-07-16,MEX,1.8888951896360515
2011-07-17,MEX,2.285079945949708
2011-07-18,MEX,1.4531494473090758
2011-07-19,MEX,1.374421817789327
2011-07-20,MEX,1.0454314147552008
2011-07-21,MEX,1.1183477587075408
2011-07-22,MEX,1.7616375091373353
2011-07-23,MEX,1.2711138467400207
2011-07-24,MEX,1.155626798488332
2011-07-25,MEX,0.8879251928982509
2011-07-26,MEX,1.088253612114905
2011-07-27,MEX,1.1521104647664246
2011-07-28,MEX,1.4127001336457525
2011-07-29,MEX,1.9054609163747502
2011-07-30,MEX,2.213259635509501
2011-07-31,MEX,1.597876251194774
2011-08-01,MEX,1.4508021516535872
2011-08-02,MEX,1.5589031768259387
2011-08-03,MEX,1.8826966018427018
2011-08-04,MEX,1.1859042159492448
2011-08-05,MEX,0.957470652499941
2011-08-06,MEX,0.9533682488622781
2011-08-07,MEX,1.3931963259109812
2011-08-08,MEX,1.3919805672339287
2011-08-09,MEX,1.3155830953221268
2011-08-10,MEX,1.1411115261386788
2011-08-11,MEX,0.7774142429389727
2011-08-12,MEX,0.7732772584073546
2011-08-13,MEX,1.4739035226770416
2011-08-14,MEX,1.7759994172134896
2011-08-15,MEX,1.628981303324515
2011-08-16,MEX,1.1066823814057052
2011-08-17,MEX,0.5640726201164726
2011-08-18,MEX,0.9699471025561027
2011-08-19,MEX,0.7701195535734164
2011-08-20,MEX,0.914765422283538
2011-08-21,MEX,1.4513651214614653
2011-08-22,MEX,2.114364986063303
2011-08-23,MEX,2.0884271847080202
2011-08-24,MEX,1.6064703926519461
2011-08-25,MEX,1.2711719445087817
2011-08-26,MEX,2.0585873225940037
2011-08-27,MEX,2.416750462175802
2011-08-28,MEX,1.996259590037006
2011-08-29,MEX,1.5262105600502622
2011-08-30,MEX,1.3521351491990847
2011-08-31,MEX,1.9951792527691043
2011-09-01,MEX,2.844721334358648
2011-09-02,MEX,2.0462496301510833
2011-09-03,MEX,2.8087458782565693
2011-09-04,MEX,1.923432339067272
2011-09-05,MEX,1.7799401044693028
2011-09-06,MEX,1.5392262306848055
2011-09-07,MEX,1.3174296200410363
2011-09-08,MEX,1.156615696652779
2011-09-09,MEX,0.5620310403686666
2011-09-10,MEX,0.5927711970493285
2011-09-11,MEX,1.2675270918904216
2011-09-12,MEX,1.127348401538801
2011-09-13,MEX,0.95191024495272
2011-09-14,MEX,0.7378961478684581
2011-09-15,MEX,1.344290481492506
2011-09-16,MEX,1.232431515248603
2011-09-17,MEX,0.9764828757309038
2011-09-18,MEX,1.0273828961316651
2011-09-19,MEX,0.9279832346396011
2011-09-20,MEX,1.0614421483837022
2011-09-21,MEX,0.9442233005751695
2011-09-22,MEX,0.7469261103103473
2011-09-23,MEX,1.080915296066624
2011-09-24,MEX,0.5573468757581761
2011-09-25,MEX,0.5611243706440827
2011-09-26,MEX,0.5047333295604228
2011-09-27,MEX,0.5478207303576276
2011-09-28,MEX,0.8254259868261883
2011-09-29,MEX,0.9948629120314059
2011-09-30,MEX,1.3661058397099515
2011-10-01,MEX,1.3761634055884233
2011-10-02,MEX,0.9355941894296749
2011-10-03,MEX,0.8156925142433962
2011-10-04,MEX,0.7901981701138573
2011-10-05,MEX,0.8513906356808096
2011-10-06,MEX,0.6050844480189903
2011-10-07,MEX,0.8581945347520266
2011-10-08,MEX,0.7678700406786713
2011-10-09,MEX,1.1049979757685977
2011-10-10,MEX,1.2441455947287738
2011-10-11,MEX,1.5710449570195144
2011-10-12,MEX,2.223434018599666
2011-10-13,MEX,2.4271477103367607
2011-10-14,MEX,1.2479368444968868
2011-10-15,MEX,1.227219833713789
2011-10-16,MEX,1.298689020062563
2011-10-17,MEX,0.8157961963694953
2011-10-18,MEX,0.3704073563670845
2011-10-19,MEX,0.7342001397497574
2011-10-20,MEX,0.16554450403847884
2011-10-21,MEX,0.04890094955581675
2011-10-22,MEX,0.09969338948597556
2011-10-23,MEX,0.09012151525039222
2011-10-24,MEX,0.08491407108539592
2011-10-25,MEX,0.08771754054372166
2011-10-26,MEX,0.116122104786411
2011-10-27,MEX,0.06881244347043106
2011-10-28,MEX,0.13309669301100893
2011-10-29,MEX,0.42197022257017747
2011-10-30,MEX,0.21406424878861469
2011-10-31,MEX,0.18359771758022958
2011-11-01,MEX,0.3532401674438677
2011-11-02,MEX,0.1943528597335238
2011-11-03,MEX,0.5739688345453886
2011-11-04,MEX,0.7049562694130229
2011-11-05,MEX,0.20044412651464869
2011-11-06,MEX,0.05763411419517013
2011-11-07,MEX,0.15772708110472936
2011-11-08,MEX,0.08600581667693971
2011-11-09,MEX,0.49036070152653416
2011-11-10,MEX,0.690537526371925
2011-11-11,MEX,0.5102833486543551
2011-11-12,MEX,0.11470926529640707
2011-11-13,MEX,0.7103666448400973
2011-11-14,MEX,1.7132768618514527
2011-11-15,MEX,0.26914030614871276
2011-11-16,MEX,0.020099619908165167
2011-11-17,MEX,0.4259305825909199
2011-11-18,MEX,0.44698233643669316
2011-11-19,MEX,0.1242030262866964
2011-11-20,MEX,0.1014048714583475
2011-11-21,MEX,0.16303300443174445
2011-11-22,MEX,0.03969751957796734
2011-11-23,MEX,0.20120458668698246
2011-11-24,MEX,0.2907113179157196
2011-11-25,MEX,1.0316797125214192
2011-11-26,MEX,0.2014433425703985
2011-11-27,MEX,0.7763026385000396
2011-11-28,MEX,0.3063911883871144
2011-11-29,MEX,0.004267424210760523
2011-11-30,MEX,0.00568220976556565
2011-12-01,MEX,0.04196314894719634
2011-12-02,MEX,0.20042345773147782
2011-12-03,MEX,0.4521199849016523
2011-12-04,MEX,0.0922432141349209
2011-12-05,MEX,0.06062861048670235
2011-12-06,MEX,0.1394698511836027
2011-12-07,MEX,0.3699985405035106
2011-12-08,MEX,0.33085585547940366
2011-12-09,MEX,0.04525242853329335
2011-12-10,MEX,0.6759576515280017
2011-12-11,MEX,0.3788097818310717
2011-12-12,MEX,0.275162172676067
2011-12-13,MEX,0.8079715692206806
2011-12-14,MEX,0.1374547242828975
2011-12-15,MEX,0.050241260344831326
2011-12-16,MEX,0.15256778338969765
2011-12-17,MEX,0.439584371010095
2011-12-18,MEX,0.2836788701236591
2011-12-19,MEX,0.18968337427687493
2011-12-20,MEX,0.040671878877519656
2011-12-21,MEX,0.1280524882468874
2011-12-22,MEX,0.0861662377894803
2011-12-23,MEX,0.24448238389825722
2011-12-24,MEX,0.3603513899725485
2011-12-25,MEX,0.25297086801852803
2011-12-26,MEX,0.19590123567561343
2011-12-27,MEX,0.12159781158076048
2011-12-28,MEX,0.15767836693015744
2011-12-29,MEX,0.07630605471424742
2011-12-30,MEX,0.05257727184975011
2011-12-31,MEX,0.10453625232300405
2012-01-01,MEX,0.24700914238725902
2012-01-02,MEX,0.9293186267415641
2012-01-03,MEX,0.42123817368387223
2012-01-04,MEX,0.03130195747351649
2012-01-05,MEX,0.14387932249929772
2012-01-06,MEX,0.10178975647209816
2012-01-07,MEX,0.005886645949703188
2012-01-08,MEX,0.03045478492623524
2012-01-09,MEX,0.15276903740265033
2012-01-10,MEX,0.09913966485359597
2012-01-11,MEX,0.11180008476688245
2012-01-12,MEX,0.05103280223534445
2012-01-13,MEX,0.4557123958579642
2012-01-14,MEX,0.34270383161427864
2012-01-15,MEX,0.5412571852496945
2012-01-16,MEX,0.17164782853487176
2012-01-17,MEX,0.027520765561020122
2012-01-18,MEX,0.07523481003134844
2012-01-19,MEX,0.06900200109586839
2012-01-20,MEX,0.01067776403041891
2012-01-21,MEX,0.014861817374398829
2012-01-22,MEX,0.020405605546495394
2012-01-23,MEX,0.03489512009306554
2012-01-24,MEX,0.0885254438867044
2012-01-25,MEX,0.16428809412942139
2012-01-26,MEX,0.26168033122250056
2012-01-27,MEX,0.4614498921193671
2012-01-28,MEX,0.08280812839986398
2012-01-29,MEX,0.640316370241539
2012-01-30,MEX,0.9765333159651638
2012-01-31,MEX,0.17137596135769761
2012-02-01,MEX,0.12787937968071134
2012-02-02,MEX,0.23491497003332323
2012-02-03,MEX,0.30604964299418386
2012-02-04,MEX,0.20522664535313911
2012-02-05,MEX,0.7391706044307215
2012-02-06,MEX,0.5213938345608056
2012-02-07,MEX,0.17796525803721433
2012-02-08,MEX,1.0206845067596846
2012-02-09,MEX,0.9440788238674032
2012-02-10,MEX,0.5507735531178329
2012-02-11,MEX,1.3285377332413224
2012-02-12,MEX,1.6002429327262526
2012-02-13,MEX,0.25449392064265675
2012-02-14,MEX,0.25701960827728204
2012-02-15,MEX,0.23363302080348602
2012-02-16,MEX,0.7288954444502258
2012-02-17,MEX,0.7811790764736326
2012-02-18,MEX,0.38022216464537917
2012-02-19,MEX,0.31388757793646493
2012-02-20,MEX,0.08354267225433795
2012-02-21,MEX,0.06485025309791441
2012-02-22,MEX,0.09892148833352327
2012-02-23,MEX,0.14243046929392747
2012-02-24,MEX,0.25055527828294316
2012-02-25,MEX,0.7298017629893889
2012-02-26,MEX,0.15821437956169548
2012-02-27,MEX,0.05275201768880998
2012-02-28,MEX,0.09814573238379444
2012-02-29,MEX,0.019908594079820933
2012-03-01,MEX,0.008332865762980214
2012-03-02,MEX,0.003685451841232624
2012-03-03,MEX,0.053203536727531114
2012-03-04,MEX,0.324818737160326
2012-03-05,MEX,0.05430959082067933
2012-03-06,MEX,0.07447045086179523
2012-03-07,MEX,0.07041240713511239
2012-03-08,MEX,0.038986598359240426
2012-03-09,MEX,0.23446584482480376
2012-03-10,MEX,0.35455116831054195
2012-03-11,MEX,0.20382367825752648
2012-03-12,MEX,0.09028684052120307
2012-03-13,MEX,0.07922342592548748
2012-03-14,MEX,0.0666979521078937
2012-03-15,MEX,0.0768139803370979
2012-03-16,MEX,0.08119433588737097
2012-03-17,MEX,0.1362788742491768
2012-03-18,MEX,0.4337297804337187
2012-03-19,MEX,0.23209381448192026
2012-03-20,MEX,0.10555167590295089
2012-03-21,MEX,0.06550637719264556
2012-03-22,MEX,0.1453854068758223
2012-03-23,MEX,0.08959724653906881
2012-03-24,MEX,0.1681947735065162
2012-03-25,MEX,0.1504655317857322
2012-03-26,MEX,0.1858367524037853
2012-03-27,MEX,0.2988760533179486
2012-03-28,MEX,0.400528940700819
2012-03-29,MEX,0.3373427520085037
2012-03-30,MEX,0.3091051840146668
2012-03-31,MEX,0.18738940328658715
2012-04-01,MEX,0.26577984461336607
2012-04-02,MEX,0.12360367575186057
2012-04-03,MEX,0.053281846356800555
2012-04-04,MEX,0.10147810536184633
2012-04-05,MEX,0.024533347727224694
2012-04-06,MEX,0.16209311321692763
2012-04-07,MEX,0.3371460382961874
2012-04-08,MEX,0.7952721225817869
2012-04-09,MEX,0.6139946426956795
2012-04-10,MEX,0.30672043061551096
2012-04-11,MEX,0.23206741130351868
2012-04-12,MEX,0.24745301773772846
2012-04-13,MEX,0.1902510079872909
2012-04-14,MEX,0.23950627042784103
2012-04-15,MEX,0.06965074705160411
2012-04-16,MEX,0.2658565658544544
2012-04-17,MEX,1.0420587299334634
2012-04-18,MEX,0.6912242635192338
2012-04-19,MEX,0.33374054296118194
2012-04-20,MEX,0.1876335286164125
2012-04-21,MEX,0.18924329637876616
2012-04-22,MEX,0.07627811911095068
2012-04-23,MEX,0.029319446288365098
2012-04-24,MEX,0.008092040926802638
2012-04-25,MEX,0.0059266351435020535
2012-04-26,MEX,0.05288070247409448
2012-04-27,MEX,0.004942854849152127
2012-04-28,MEX,0.03446328987307373
2012-04-29,MEX,0.05855939505865348
2012-04-30,MEX,0.1262012003844522
2012-05-01,MEX,0.13657951301330365
2012-05-02,MEX,0.10126663523419341
2012-05-03,MEX,0.16686678493259288
2012-05-04,MEX,0.2765525791329059
2012-05-05,MEX,0.31040481168765466
2012-05-06,MEX,0.16753661386486693
2012-05-07,MEX,0.2038378364535506
2012-05-08,MEX,0.629615442411484
2012-05-09,MEX,1.293579636258218
2012-05-10,MEX,0.9688553404241669
2012-05-11,MEX,0.2706137758659476
2012-05-12,MEX,0.6058916571768382
2012-05-13,MEX,1.05249110636517
2012-05-14,MEX,0.7027101144535886
2012-05-15,MEX,0.8916941627205913
2012-05-16,MEX,1.058340134310773
2012-05-17,MEX,0.7715503072042237
2012-05-18,MEX,0.40344226567367225
2012-05-19,MEX,0.41712926177845644
2012-05-20,MEX,0.3839649725934811
2012-05-21,MEX,0.6909301884590877
2012-05-22,MEX,0.42751281915678185
2012-05-23,MEX,0.200671221909978
2012-05-24,MEX,0.19763235783269412
2012-05-25,MEX,0.5725753993649424
2012-05-26,MEX,0.8699740014261209
2012-05-27,MEX,0.8733257606418745
2012-05-28,MEX,0.3951558266103798
2012-05-29,MEX,0.30157152530979253
2012-05-30,MEX,0.5257522680430747
2012-05-31,MEX,0.5474641589079482
2012-06-01,MEX,0.4602859598159671
2012-06-02,MEX,0.7257891123276707
2012-06-03,MEX,0.7277165725012461
2012-06-04,MEX,0.8138448549575765
2012-06-05,MEX,0.7320748563142069
2012-06-06,MEX,0.8346495874450174
2012-06-07,MEX,0.6349522163319248
2012-06-08,MEX,0.6914447784896948
2012-06-09,MEX,0.44816140776467434
2012-06-10,MEX,0.35977993706197475
2012-06-11,MEX,0.41623341688104804
2012-06-12,MEX,0.526279125212247
2012-06-13,MEX,0.5790967992220154
2012-06-14,MEX,0.5204080937838953
2012-06-15,MEX,1.1124831946551028
2012-06-16,MEX,2.787006338359523
2012-06-17,MEX,3.0637750941214685
2012-06-18,MEX,1.5975258907825114
2012-06-19,MEX,1.9107312917770418
2012-06-20,MEX,2.4289097859602817
2012-06-21,MEX,2.109112641671999
2012-06-22,MEX,2.4081317601562855
2012-06-23,MEX,2.00587294490289
2012-06-24,MEX,1.9482647351547002
2012-06-25,MEX,1.7734009599688887
2012-06-26,MEX,1.0136296607123196
2012-06-27,MEX,0.8829091186322415
2012-06-28,MEX,1.0333699226815865
2012-06-29,MEX,0.8545488780740869
2012-06-30,MEX,1.2957239204747386
2012-07-01,MEX,1.8569108605135858
2012-07-02,MEX,1.552836408521242
2012-07-03,MEX,1.32438453150402
2012-07-04,MEX,1.1454933067984803
2012-07-05,MEX,1.1192516955657246
2012-07-06,MEX,1.1846595727862101
2012-07-07,MEX,0.7302548333682239
2012-07-08,MEX,0.8316640483595608
2012-07-09,MEX,0.9828701981013043
2012-07-10,MEX,1.3236844636832874
2012-07-11,MEX,2.0290069290968864
2012-07-12,MEX,2.010093625510538
2012-07-13,MEX,2.2119073521282226
2012-07-14,MEX,2.003590031187316
2012-07-15,MEX,1.5160030520617827
2012-07-16,MEX,1.273019667782897
2012-07-17,MEX,1.314988584354927
2012-07-18,MEX,1.7702354358716248
2012-07-19,MEX,2.0378388015072693
2012-07-20,MEX,1.8410711467578473
2012-07-21,MEX,1.1235434815974965
2012-07-22,MEX,1.1044311979939978
2012-07-23,MEX,1.1503011262748661
2012-07-24,MEX,1.2828774422203224
2012-07-25,MEX,0.9939271578143661
2012-07-26,MEX,1.0118054204961968
2012-07-27,MEX,1.9767172749511337
2012-07-28,MEX,1.8549914060151904
2012-07-29,MEX,1.0109908355409696
2012-07-30,MEX,0.7162084283415258
2012-07-31,MEX,0.709174378853751
2012-08-01,MEX,0.5358482358083034
2012-08-02,MEX,0.6798348897950708
2012-08-03,MEX,0.9755798074275028
2012-08-04,MEX,0.9702326385810788
2012-08-05,MEX,1.246330184654587
2012-08-06,MEX,0.9787801889840648
2012-08-07,MEX,0.9130948376234835
2012-08-08,MEX,2.069817417561684
2012-08-09,MEX,2.7981704178180316
2012-08-10,MEX,3.8892047623858708
2012-08-11,MEX,1.5359614774756847
2012-08-12,MEX,1.5579391720967641
2012-08-13,MEX,1.7066018340125655
2012-08-14,MEX,1.730298939642144
2012-08-15,MEX,1.594095996731209
2012-08-16,MEX,1.6901690461412073
2012-08-17,MEX,2.3682267193564432
2012-08-18,MEX,1.967141167661606
2012-08-19,MEX,2.844155238518769
2012-08-20,MEX,2.6973042241231884
2012-08-21,MEX,1.8738674070965997
2012-08-22,MEX,1.5814595153653639
2012-08-23,MEX,1.7072398952713583
2012-08-24,MEX,1.567262935303761
2012-08-25,MEX,1.385771915032518
2012-08-26,MEX,1.1492750229999147
2012-08-27,MEX,1.3547614125579974
2012-08-28,MEX,0.8991135541775626
2012-08-29,MEX,1.284478981880669
2012-08-30,MEX,1.3699370091727112
2012-08-31,MEX,1.4113064953336456
2012-09-01,MEX,1.6008370691801963
2012-09-02,MEX,1.1349841669857303
2012-09-03,MEX,1.204864095697213
2012-09-04,MEX,1.1980515374558345
2012-09-05,MEX,1.2200539878883379
2012-09-06,MEX,1.1021494570679455
2012-09-07,MEX,0.9951972451058985
2012-09-08,MEX,1.146229084368857
2012-09-09,MEX,1.3555610230006117
2012-09-10,MEX,1.94591600438636
2012-09-11,MEX,1.7873755646421436
2012-09-12,MEX,1.0180596171842822
2012-09-13,MEX,1.4298439386932158
2012-09-14,MEX,1.9233463322901727
2012-09-15,MEX,1.8954295230308718
2012-09-16,MEX,1.2100941359671333
2012-09-17,MEX,0.664929300076021
2012-09-18,MEX,0.9038758774714498
2012-09-19,MEX,1.1922566651624964
2012-09-20,MEX,0.8543382435166411
2012-09-21,MEX,0.6007691535599639
2012-09-22,MEX,0.7631654042146473
2012-09-23,MEX,1.2225005961053539
2012-09-24,MEX,1.157359775326055
2012-09-25,MEX,1.1808869179658255
2012-09-26,MEX,1.0894089021510918
2012-09-27,MEX,1.2668229974605936
2012-09-28,MEX,2.6979530368625366
2012-09-29,MEX,1.15153463756218
2012-09-30,MEX,0.6968698607044398
2012-10-01,MEX,1.1396148008047604
2012-10-02,MEX,1.3020305389886224
2012-10-03,MEX,0.45481545085724
2012-10-04,MEX,0.4803877823274202
2012-10-05,MEX,0.410689688239342
2012-10-06,MEX,0.4624890138109239
2012-10-07,MEX,0.6960613887151428
2012-10-08,MEX,0.7192924351207524
2012-10-09,MEX,0.6657053849288658
2012-10-10,MEX,0.4485123292937036
2012-10-11,MEX,0.7206865150016677
2012-10-12,MEX,0.8595865690140028
2012-10-13,MEX,0.44374256530702666
2012-10-14,MEX,0.45250698306350706
2012-10-15,MEX,1.1328269720105733
2012-10-16,MEX,1.2048922048709096
2012-10-17,MEX,0.543759052674601
2012-10-18,MEX,0.08125368926116629
2012-10-19,MEX,0.3463826023977407
2012-10-20,MEX,0.28106759636535267
2012-10-21,MEX,0.32115626162748606
2012-10-22,MEX,0.23453435470675948
2012-10-23,MEX,0.18100989118133484
2012-10-24,MEX,0.15213493634618333
2012-10-25,MEX,0.07851138365271482
2012-10-26,MEX,0.1484890461738453
2012-10-27,MEX,0.46342748554154867
2012-10-28,MEX,0.4026287470523847
2012-10-29,MEX,0.5455611434302077
2012-10-30,MEX,0.4267757876629487
2012-10-31,MEX,0.24220734683789252
2012-11-01,MEX,0.1962245797275743
2012-11-02,MEX,0.15557807255318218
2012-11-03,MEX,0.21363477068629408
2012-11-04,MEX,0.6314859471162162
2012-11-05,MEX,0.47954231835165306
2012-11-06,MEX,0.09455067547866015
2012-11-07,MEX,0.0503796729143402
2012-11-08,MEX,0.05346963258068165
2012-11-09,MEX,0.05807613830345563
2012-11-10,MEX,0.06365890283817567
2012-11-11,MEX,0.014349358110480269
2012-11-12,MEX,0.15840689152364615
2012-11-13,MEX,0.4047922393563857
2012-11-14,MEX,0.19138554419397336
2012-11-15,MEX,0.1639987649976389
2012-11-16,MEX,0.2552117891939574
2012-11-17,MEX,0.3151927460854365
2012-11-18,MEX,0.2488003500569916
2012-11-19,MEX,0.07226443430767954
2012-11-20,MEX,0.12473346884199298
2012-11-21,MEX,0.34543630855732427
2012-11-22,MEX,0.22029773666818012
2012-11-23,MEX,0.3505312314571206
2012-11-24,MEX,0.676473224248106
2012-11-25,MEX,0.08320831097248683
2012-11-26,MEX,0.1656703853203638
2012-11-27,MEX,0.10605495740353557
2012-11-28,MEX,0.18114490616874585
2012-11-29,MEX,0.06411942434600083
2012-11-30,MEX,0.0547866197107017
2012-12-01,MEX,0.06298354130132144
2012-12-02,MEX,0.05694890304341737
2012-12-03,MEX,0.034292160254811
2012-12-04,MEX,0.02759843708795105
2012-12-05,MEX,0.0962239240501067
2012-12-06,MEX,0.029076185310107916
2012-12-07,MEX,0.00815986384457939
2012-12-08,MEX,0.007980482974508395
2012-12-09,MEX,0.019542454393467055
2012-12-10,MEX,0.02456377693657938
2012-12-11,MEX,0.14771477100324984
2012-12-12,MEX,0.21015520233417903
2012-12-13,MEX,0.3633494654941643
2012-12-14,MEX,1.5754620147619518
2012-12-15,MEX,0.09223495304608861
2012-12-16,MEX,0.04036239671349197
2012-12-17,MEX,0.03888905770260796
2012-12-18,MEX,0.19260851969279524
2012-12-19,MEX,0.06846356366857874
2012-12-20,MEX,0.04636205552756497
2012-12-21,MEX,0.7138339917723056
2012-12-22,MEX,0.20248731103346307
2012-12-23,MEX,0.008837663441553529
2012-12-24,MEX,0.009395704207662121
2012-12-25,MEX,0.01181539020066751
2012-12-26,MEX,0.12512756833010136
2012-12-27,MEX,0.09437555197434346
2012-12-28,MEX,0.007324917903092938
2012-12-29,MEX,0.17989056130183712
2012-12-30,MEX,0.7924939072323706
2012-12-31,MEX,0.9840155003432813
2013-01-01,MEX,0.6875223046541347
2013-01-02,MEX,1.9502521979527665
2013-01-03,MEX,0.7205680555590843
2013-01-04,MEX,0.48426279684162243
2013-01-05,MEX,0.23285161479122943
2013-01-06,MEX,0.34115383271185673
2013-01-07,MEX,0.3986182705174497
2013-01-08,MEX,0.9243087589921356
2013-01-09,MEX,1.0998838318087425
2013-01-10,MEX,0.11308581171210481
2013-01-11,MEX,0.09308043002911773
2013-01-12,MEX,0.022019436185488937
2013-01-13,MEX,0.022291614184232367
2013-01-14,MEX,0.060582612510771454
2013-01-15,MEX,0.07065864648168761
2013-01-16,MEX,0.3503429701255034
2013-01-17,MEX,0.8313551998806603
2013-01-18,MEX,0.1253850221644005
2013-01-19,MEX,0.05841010397709389
2013-01-20,MEX,0.04748795494777528
2013-01-21,MEX,0.1814155673721766
2013-01-22,MEX,0.3290139806087654
2013-01-23,MEX,0.4085271258595975
2013-01-24,MEX,0.3643136839728636
2013-01-25,MEX,0.30648697639452555
2013-01-26,MEX,0.718355138188555
2013-01-27,MEX,0.12418212071534546
2013-01-28,MEX,0.0776500970949112
2013-01-29,MEX,0.1380907297227133
2013-01-30,MEX,0.007381355773505146
2013-01-31,MEX,0.3844825656797488
2013-02-01,MEX,0.21099017279782334
2013-02-02,MEX,0.1263425083364418
2013-02-03,MEX,0.3235304821389431
2013-02-04,MEX,0.1022450160127542
2013-02-05,MEX,0.10063670951264429
2013-02-06,MEX,0.10672810822677543
2013-02-07,MEX,0.018052128415737608
2013-02-08,MEX,0.08499698003157795
2013-02-09,MEX,0.12654661953151916
2013-02-10,MEX,0.03629434691794489
2013-02-11,MEX,0.04257110349191419
2013-02-12,MEX,0.06024280609203588
2013-02-13,MEX,0.10379187761741052
2013-02-14,MEX,0.18411654823992177
2013-02-15,MEX,0.14175405691021137
2013-02-16,MEX,0.5933885819538482
2013-02-17,MEX,0.08289800705647375
2013-02-18,MEX,0.014156077637869344
2013-02-19,MEX,0.07154267504077919
2013-02-20,MEX,0.309138703576752
2013-02-21,MEX,0.07149251981161239
2013-02-22,MEX,0.0071073921647795925
2013-02-23,MEX,0.030900784708120035
2013-02-24,MEX,0.08119115689790085
2013-02-25,MEX,0.0031740491257512
2013-02-26,MEX,0.10049289163018876
2013-02-27,MEX,0.024736416956533565
2013-02-28,MEX,0.2777981688033783
2013-03-01,MEX,0.35626389842436085
2013-03-02,MEX,0.3092921897929288
2013-03-03,MEX,0.005206629816934229
2013-03-04,MEX,5.662121948525512e-4
2013-03-05,MEX,0.0010137075268009056
2013-03-06,MEX,0.05151443010155777
2013-03-07,MEX,0.03487001702518814
2013-03-08,MEX,0.34261232061943664
2013-03-09,MEX,0.10486154954018756
2013-03-10,MEX,0.01913442099425665
2013-03-11,MEX,0.16242882235556405
2013-03-12,MEX,0.21477604103172426
2013-03-13,MEX,0.14097090093748418
2013-03-14,MEX,0.19026866300093728
2013-03-15,MEX,0.3491745070090805
2013-03-16,MEX,0.2294769645408669
2013-03-17,MEX,0.029613761021445303
2013-03-18,MEX,0.02833807167746755
2013-03-19,MEX,0.013579689404195478
2013-03-20,MEX,0.17141224143655778
2013-03-21,MEX,0.14284805918005675
2013-03-22,MEX,0.01880726381721745
2013-03-23,MEX,0.001937267264066158
2013-03-24,MEX,0.018080647657501815
2013-03-25,MEX,0.27553138822174544
2013-03-26,MEX,0.46225139891162303
2013-03-27,MEX,0.20319488150768283
2013-03-28,MEX,0.072038697052658765
2013-03-29,MEX,0.0850053124269467
2013-03-30,MEX,0.04011897915885289
2013-03-31,MEX,0.029203387330249624
2013-04-01,MEX,0.12320842937890282
2013-04-02,MEX,0.13301865843227062
2013-04-03,MEX,0.12745363174391666
2013-04-04,MEX,0.3573612304833005
2013-04-05,MEX,0.32518130976066156
2013-04-06,MEX,0.05026363757979063
2013-04-07,MEX,0.046267210937348376
2013-04-08,MEX,0.06537040928851064
2013-04-09,MEX,0.09664419978110338
2013-04-10,MEX,0.025363642890254414
2013-04-11,MEX,0.06612479649029879
2013-04-12,MEX,0.07243568866313009
2013-04-13,MEX,0.08853967569002677
2013-04-14,MEX,0.03400061131897593
2013-04-15,MEX,0.008981561552963152
2013-04-16,MEX,0.03137563633798522
2013-04-17,MEX,0.01866343842383975
2013-04-18,MEX,0.012222901609666725
2013-04-19,MEX,0.17304386750809553
2013-04-20,MEX,0.37820531224961224
2013-04-21,MEX,0.05254193965420537
2013-04-22,MEX,0.0853495785772243
2013-04-23,MEX,0.14815903167548108
2013-04-24,MEX,0.4017018209386004
2013-04-25,MEX,0.3787403122765767
2013-04-26,MEX,0.2264580603354905
2013-04-27,MEX,0.18547912444222767
2013-04-28,MEX,0.5243542161089512
2013-04-29,MEX,0.4689744820691909
2013-04-30,MEX,0.15321372700375285
2013-05-01,MEX,0.12265347992580056
2013-05-02,MEX,0.46114079663723373
2013-05-03,MEX,0.5687640430038802
2013-05-04,MEX,0.1748377407155468
2013-05-05,MEX,0.04108247670443337
2013-05-06,MEX,0.15433843899985011
2013-05-07,MEX,0.17431271573989687
2013-05-08,MEX,0.09634816318849475
2013-05-09,MEX,0.07273553267086483
2013-05-10,MEX,0.07939849127161781
2013-05-11,MEX,0.6601838863395324
2013-05-12,MEX,1.474681665461526
2013-05-13,MEX,1.2970423930117267
2013-05-14,MEX,0.7963677032524535
2013-05-15,MEX,0.3632834673046221
2013-05-16,MEX,0.10743439764003752
2013-05-17,MEX,0.12750701259640004
2013-05-18,MEX,0.15790773960449758
2013-05-19,MEX,0.15351926511667421
2013-05-20,MEX,0.13243637141072714
2013-05-21,MEX,0.15524322495837928
2013-05-22,MEX,0.2248932913629644
2013-05-23,MEX,0.447210116411163
2013-05-24,MEX,1.0112049347204333
2013-05-25,MEX,0.9451887570914488
2013-05-26,MEX,1.1337350076222334
2013-05-27,MEX,1.322354581445504
2013-05-28,MEX,0.9920093832686018
2013-05-29,MEX,1.1675077843276012
2013-05-30,MEX,0.862622358019503
2013-05-31,MEX,0.9005673939004992
2013-06-01,MEX,1.1458518655205194
2013-06-02,MEX,1.4852879738958435
2013-06-03,MEX,1.562297313203559
2013-06-04,MEX,1.233686495748341
2013-06-05,MEX,0.8774215987616656
2013-06-06,MEX,0.5801483111384664
2013-06-07,MEX,0.7845035375218127
2013-06-08,MEX,0.9309539669338522
2013-06-09,MEX,0.8095494379838177
2013-06-10,MEX,1.1104402644878888
2013-06-11,MEX,1.4721254436275686
2013-06-12,MEX,0.9798330628073536
2013-06-13,MEX,1.1028809879213224
2013-06-14,MEX,1.3359714933555586
2013-06-15,MEX,0.8537842527339372
2013-06-16,MEX,0.8072806234830847
2013-06-17,MEX,0.7944111564463887
2013-06-18,MEX,0.7534432791460238
2013-06-19,MEX,0.9602104985124196
2013-06-20,MEX,2.0698624822866685
2013-06-21,MEX,2.513343968622207
2013-06-22,MEX,1.545892340218592
2013-06-23,MEX,1.2657231312626833
2013-06-24,MEX,0.9621949038596624
2013-06-25,MEX,1.2694925223612217
2013-06-26,MEX,1.0555154978199441
2013-06-27,MEX,0.8317785220177081
2013-06-28,MEX,0.7850309090094623
2013-06-29,MEX,0.8086378267169482
2013-06-30,MEX,0.9608037519153351
2013-07-01,MEX,1.1370249068566627
2013-07-02,MEX,1.757516525360758
2013-07-03,MEX,1.780067113785892
2013-07-04,MEX,1.9111955647640428
2013-07-05,MEX,1.7113078849099097
2013-07-06,MEX,2.0937405469118615
2013-07-07,MEX,2.282159765240235
2013-07-08,MEX,2.018585164110113
2013-07-09,MEX,1.5623410005389482
2013-07-10,MEX,2.177309767951765
2013-07-11,MEX,1.689017666612544
2013-07-12,MEX,1.6101962133820191
2013-07-13,MEX,1.509070912312467
2013-07-14,MEX,1.6726091524575226
2013-07-15,MEX,1.1786091029458492
2013-07-16,MEX,2.5291337810387633
2013-07-17,MEX,2.973111681598139
2013-07-18,MEX,3.4886987058191075
2013-07-19,MEX,2.6839852876005046
2013-07-20,MEX,2.537167976720694
2013-07-21,MEX,1.8584636915879664
2013-07-22,MEX,1.5003260548057649
2013-07-23,MEX,1.5977792072858883
2013-07-24,MEX,1.4149928422096054
2013-07-25,MEX,0.9322029159925495
2013-07-26,MEX,0.5193523121364908
2013-07-27,MEX,0.5755350748584716
2013-07-28,MEX,1.3355544006352302
2013-07-29,MEX,0.9050759753757157
2013-07-30,MEX,0.9230572691385798
2013-07-31,MEX,0.9118068076375322
2013-08-01,MEX,1.1250367549770408
2013-08-02,MEX,0.7497453612385389
2013-08-03,MEX,0.8870434038788315
2013-08-04,MEX,1.073977884992833
2013-08-05,MEX,0.9444068832207794
2013-08-06,MEX,0.7719380622388458
2013-08-07,MEX,0.45692365953275565
2013-08-08,MEX,0.7243994502351699
2013-08-09,MEX,1.175268324977146
2013-08-10,MEX,1.6912367587261834
2013-08-11,MEX,2.149245030820312
2013-08-12,MEX,1.8807339750199707
2013-08-13,MEX,1.3588451641405237
2013-08-14,MEX,0.6458350832158445
2013-08-15,MEX,1.2246165958321769
2013-08-16,MEX,1.0478975682690848
2013-08-17,MEX,0.6475074780894057
2013-08-18,MEX,1.1809309816368756
2013-08-19,MEX,1.003573455375864
2013-08-20,MEX,1.0300518291043872
2013-08-21,MEX,1.3369341272175124
2013-08-22,MEX,1.478638156029599
2013-08-23,MEX,1.8477354313043333
2013-08-24,MEX,2.14146827102921
2013-08-25,MEX,2.2093832533569433
2013-08-26,MEX,3.4864804772980214
2013-08-27,MEX,3.6454210946075865
2013-08-28,MEX,2.521483210072965
2013-08-29,MEX,1.9386589939740868
2013-08-30,MEX,1.1373989157748081
2013-08-31,MEX,1.672820623503555
2013-09-01,MEX,1.5570564639693882
2013-09-02,MEX,1.6843395801152308
2013-09-03,MEX,2.1993293546309505
2013-09-04,MEX,1.676577447101138
2013-09-05,MEX,1.746372091063511
2013-09-06,MEX,2.5945323596284737
2013-09-07,MEX,2.8491284631096163
2013-09-08,MEX,3.0166801922937894
2013-09-09,MEX,2.7337639658686976
2013-09-10,MEX,2.9292806772276463
2013-09-11,MEX,2.976053770759259
2013-09-12,MEX,2.8392107860365243
2013-09-13,MEX,2.5761187020979253
2013-09-14,MEX,3.0860886840786472
2013-09-15,MEX,4.172428448961958
2013-09-16,MEX,5.223508981361371
2013-09-17,MEX,5.133133205372331
2013-09-18,MEX,3.142232664475558
2013-09-19,MEX,2.941241261954287
2013-09-20,MEX,3.0452005792453387
2013-09-21,MEX,2.2299336959600824
2013-09-22,MEX,2.0493837340351044
2013-09-23,MEX,1.5200621333023052
2013-09-24,MEX,1.5538755852127517
2013-09-25,MEX,1.7034983066028577
2013-09-26,MEX,1.604205775829986
2013-09-27,MEX,0.9860376444833346
2013-09-28,MEX,1.2112862369541462
2013-09-29,MEX,1.2832242655931818
2013-09-30,MEX,0.6410733246089336
2013-10-01,MEX,0.47202765202070884
2013-10-02,MEX,0.40505814420431296
2013-10-03,MEX,0.45536625483506304
2013-10-04,MEX,0.39984125861405034
2013-10-05,MEX,0.28059428447107226
2013-10-06,MEX,0.9965318170880281
2013-10-07,MEX,2.0700413579648154
2013-10-08,MEX,1.4224749443560067
2013-10-09,MEX,0.8890140770907632
2013-10-10,MEX,0.5254385977289631
2013-10-11,MEX,0.6667125445759039
2013-10-12,MEX,0.5936983461232953
2013-10-13,MEX,1.0540326757667013
2013-10-14,MEX,1.3673847262308663
2013-10-15,MEX,1.3530017616559395
2013-10-16,MEX,0.292267665289632
2013-10-17,MEX,0.4351539329032267
2013-10-18,MEX,0.5282716290732261
2013-10-19,MEX,1.2482152375277384
2013-10-20,MEX,1.9190803746105172
2013-10-21,MEX,0.9014181593337642
2013-10-22,MEX,1.4696349306927339
2013-10-23,MEX,1.7998734811365376
2013-10-24,MEX,1.4524740575877144
2013-10-25,MEX,1.1562968728944008
2013-10-26,MEX,1.1993008787199333
2013-10-27,MEX,0.8215140588528874
2013-10-28,MEX,0.758871576407321
2013-10-29,MEX,0.5589840244798024
2013-10-30,MEX,1.0680263052673187
2013-10-31,MEX,0.5939549174849262
2013-11-01,MEX,0.43482848511420036
2013-11-02,MEX,1.6182886213893222
2013-11-03,MEX,1.8914091379747833
2013-11-04,MEX,1.9315113335570748
2013-11-05,MEX,0.4139345135382027
2013-11-06,MEX,0.5325556021430136
2013-11-07,MEX,1.3633800199163062
2013-11-08,MEX,1.6021155406092042
2013-11-09,MEX,0.5300488895637417
2013-11-10,MEX,0.6788367749031446
2013-11-11,MEX,1.2558458195383158
2013-11-12,MEX,1.8205974684118797
2013-11-13,MEX,1.7966629497973192
2013-11-14,MEX,0.8548717586612045
2013-11-15,MEX,0.5042633735069053
2013-11-16,MEX,1.1644989819953275
2013-11-17,MEX,0.1439248354912097
2013-11-18,MEX,0.21842082355723325
2013-11-19,MEX,0.5133943493290157
2013-11-20,MEX,0.38037155017972835
2013-11-21,MEX,0.21635625958595275
2013-11-22,MEX,0.87540011970478
2013-11-23,MEX,1.483246019538923
2013-11-24,MEX,1.0096685450701794
2013-11-25,MEX,0.5052819427718368
2013-11-26,MEX,0.43992285985327867
2013-11-27,MEX,0.5133007176389619
2013-11-28,MEX,0.1249911507785849
2013-11-29,MEX,0.12595250395690363
2013-11-30,MEX,0.13538085247735018
2013-12-01,MEX,0.059453470981567086
2013-12-02,MEX,0.02210552964443784
2013-12-03,MEX,0.02213597573584081
2013-12-04,MEX,0.07438569343534882
2013-12-05,MEX,0.6009539871000584
2013-12-06,MEX,0.17901341398795814
2013-12-07,MEX,0.29047738935195205
2013-12-08,MEX,0.142006608944348
2013-12-09,MEX,0.034719370904494375
2013-12-10,MEX,0.25111805642003027
2013-12-11,MEX,0.3011786190415383
2013-12-12,MEX,0.9272689254092906
2013-12-13,MEX,0.5240290351021759
2013-12-14,MEX,0.0469102267700382
2013-12-15,MEX,0.6543517870688519
2013-12-16,MEX,0.5062615788026746
2013-12-17,MEX,0.2311814766295228
2013-12-18,MEX,0.27613169730160114
2013-12-19,MEX,0.15560682393014974
2013-12-20,MEX,1.504196246405165
2013-12-21,MEX,0.6749751006856924
2013-12-22,MEX,0.027957656617971248
2013-12-23,MEX,0.41393529317782213
2013-12-24,MEX,1.0299227451298667
2013-12-25,MEX,0.6916635561217723
2013-12-26,MEX,1.3858389994000884
2013-12-27,MEX,1.2877610833269273
2013-12-28,MEX,0.8878968236389108
2013-12-29,MEX,0.30810010799932996
2013-12-30,MEX,1.053993982165832
2013-12-31,MEX,1.9326755792801242
2014-01-01,MEX,0.44920755901642384
2014-01-02,MEX,0.39653587009193625
2014-01-03,MEX,0.886450460517525
2014-01-04,MEX,0.22248057303841418
2014-01-05,MEX,0.013463622148687494
2014-01-06,MEX,0.47315910897900887
2014-01-07,MEX,0.6814348494116249
2014-01-08,MEX,0.08660685682396548
2014-01-09,MEX,0.22546779829950123
2014-01-10,MEX,0.110293914697539
2014-01-11,MEX,0.12043817649549435
2014-01-12,MEX,0.5865056355019199
2014-01-13,MEX,0.07047064023573
2014-01-14,MEX,0.23684483335367768
2014-01-15,MEX,0.32476074498975804
2014-01-16,MEX,0.03634165594027922
2014-01-17,MEX,0.03513434335224566
2014-01-18,MEX,0.04507534241112546
2014-01-19,MEX,0.017210275421848085
2014-01-20,MEX,0.050155461366901646
2014-01-21,MEX,0.036952970866511926
2014-01-22,MEX,0.11856299103373208
2014-01-23,MEX,0.033512711575708815
2014-01-24,MEX,0.346568293508088
2014-01-25,MEX,0.24817114261362475
2014-01-26,MEX,0.028106645236757963
2014-01-27,MEX,0.09021744014734816
2014-01-28,MEX,0.26783260358363753
2014-01-29,MEX,0.7147554191559646
2014-01-30,MEX,0.2809506824898308
2014-01-31,MEX,0.06891125463490354
2014-02-01,MEX,0.018067236177965747
2014-02-02,MEX,0.058506124811122835
2014-02-03,MEX,0.1388242211094593
2014-02-04,MEX,0.05220041197959355
2014-02-05,MEX,0.10095240424371003
2014-02-06,MEX,0.2614523110292451
2014-02-07,MEX,0.18637000550072114
2014-02-08,MEX,0.10759782149836869
2014-02-09,MEX,0.11248750412157273
2014-02-10,MEX,0.05076535403097128
2014-02-11,MEX,0.12825573167353108
2014-02-12,MEX,0.17490542429296135
2014-02-13,MEX,0.2061001064372126
2014-02-14,MEX,0.009548934781552838
2014-02-15,MEX,0.006816774456583916
2014-02-16,MEX,0.017818642344159
2014-02-17,MEX,0.008351339354994517
2014-02-18,MEX,0.024789873124199745
2014-02-19,MEX,0.017460394491218466
2014-02-20,MEX,0.015701320239942487
2014-02-21,MEX,0.0461215067374469
2014-02-22,MEX,0.06281465838248862
2014-02-23,MEX,0.017534926865746044
2014-02-24,MEX,0.11778196932673254
2014-02-25,MEX,0.05238334695530231
2014-02-26,MEX,0.3267012874722818
2014-02-27,MEX,0.43611158062730493
2014-02-28,MEX,0.207241286915462
2014-03-01,MEX,0.32813007890629453
2014-03-02,MEX,0.23798844142642744
2014-03-03,MEX,0.22875827882009553
2014-03-04,MEX,0.24060755293075506
2014-03-05,MEX,0.05667629768301902
2014-03-06,MEX,0.4660728762780231
2014-03-07,MEX,0.18004558661029127
2014-03-08,MEX,0.15022186955981207
2014-03-09,MEX,1.1359819532145399
2014-03-10,MEX,0.9994053532733506
2014-03-11,MEX,0.08289750753255659
2014-03-12,MEX,0.03525559340405738
2014-03-13,MEX,0.31297123564845886
2014-03-14,MEX,0.059292923637309765
2014-03-15,MEX,0.03461960551809302
2014-03-16,MEX,0.20267182214987975
2014-03-17,MEX,0.5472641576848092
2014-03-18,MEX,0.01126543842700585
2014-03-19,MEX,0.021845039933351063
2014-03-20,MEX,0.17990657083832476
2014-03-21,MEX,0.07838672195546313
2014-03-22,MEX,0.038996825567682185
2014-03-23,MEX,0.13192022137984333
2014-03-24,MEX,0.13614305623306597
2014-03-25,MEX,0.33781053371527203
2014-03-26,MEX,0.3659686656987239
2014-03-27,MEX,0.03324346929757653
2014-03-28,MEX,0.007852520205260076
2014-03-29,MEX,0.061540222797508586
2014-03-30,MEX,0.44245348659073613
2014-03-31,MEX,0.10737175026670218
2014-04-01,MEX,0.04637108997455058
2014-04-02,MEX,0.055588653234068884
2014-04-03,MEX,0.01892806340616172
2014-04-04,MEX,0.06108501948970244
2014-04-05,MEX,0.0767363912224885
2014-04-06,MEX,0.06430123892234185
2014-04-07,MEX,0.11925373056644384
2014-04-08,MEX,0.609169625947852
2014-04-09,MEX,0.007965712328642884
2014-04-10,MEX,0.009635983947681167
2014-04-11,MEX,0.00658908078477049
2014-04-12,MEX,0.016571018734535686
2014-04-13,MEX,0.0291701999953325
2014-04-14,MEX,0.030474632802936198
2014-04-15,MEX,0.5502542034718737
2014-04-16,MEX,0.35539674469288324
2014-04-17,MEX,0.08287685895290635
2014-04-18,MEX,0.40104239548779613
2014-04-19,MEX,0.4953260567088859
2014-04-20,MEX,0.3005304678352828
2014-04-21,MEX,0.24484287425683024
2014-04-22,MEX,0.2905363542271832
2014-04-23,MEX,0.2020178146065485
2014-04-24,MEX,0.11954486538152594
2014-04-25,MEX,0.26092692561121233
2014-04-26,MEX,0.20803900481229257
2014-04-27,MEX,0.0723261758319767
2014-04-28,MEX,0.05224811587105476
2014-04-29,MEX,0.0636500886856258
2014-04-30,MEX,0.6003122473369664
2014-05-01,MEX,0.6784441748990769
2014-05-02,MEX,0.8421140492376449
2014-05-03,MEX,1.2744748516827535
2014-05-04,MEX,0.18664239418054285
2014-05-05,MEX,0.09792631711534733
2014-05-06,MEX,0.18373856072014394
2014-05-07,MEX,0.6009052077281591
2014-05-08,MEX,0.8572460203997105
2014-05-09,MEX,0.38344993168311775
2014-05-10,MEX,0.5399825248679406
2014-05-11,MEX,0.43191392869701295
2014-05-12,MEX,0.5915974971786949
2014-05-13,MEX,1.5210279556008026
2014-05-14,MEX,1.9142605721375745
2014-05-15,MEX,1.0813064724265191
2014-05-16,MEX,0.3101027777312133
2014-05-17,MEX,0.11046337054823933
2014-05-18,MEX,0.231712763431385
2014-05-19,MEX,0.33862939967752637
2014-05-20,MEX,0.47503192079771434
2014-05-21,MEX,0.6345897305772124
2014-05-22,MEX,0.7869799417714969
2014-05-23,MEX,1.313503194198561
2014-05-24,MEX,0.8747443839881924
2014-05-25,MEX,0.9693461048628742
2014-05-26,MEX,1.012953578512226
2014-05-27,MEX,0.8431343180589737
2014-05-28,MEX,1.2389870522134838
2014-05-29,MEX,1.1094807167778402
2014-05-30,MEX,1.6377319352361703
2014-05-31,MEX,1.8555834616880593
2014-06-01,MEX,1.232265503892102
2014-06-02,MEX,1.1356494132544952
2014-06-03,MEX,1.397035878471979
2014-06-04,MEX,2.1378983483575427
2014-06-05,MEX,1.752276442620806
2014-06-06,MEX,1.8333928579535232
2014-06-07,MEX,1.5513979936207025
2014-06-08,MEX,1.579410218449194
2014-06-09,MEX,0.6827878902939136
2014-06-10,MEX,0.9909608371204242
2014-06-11,MEX,0.9025153412111073
2014-06-12,MEX,0.5386641919105111
2014-06-13,MEX,0.6767236672799368
2014-06-14,MEX,0.5448518173185372
2014-06-15,MEX,0.7027804139798461
2014-06-16,MEX,1.0926375355954774
2014-06-17,MEX,1.1713825306528591
2014-06-18,MEX,1.2920609738282314
2014-06-19,MEX,1.8401343815696778
2014-06-20,MEX,2.330603292805429
2014-06-21,MEX,1.5860959744213758
2014-06-22,MEX,1.4161180529501336
2014-06-23,MEX,1.796783834199525
2014-06-24,MEX,2.216430180093629
2014-06-25,MEX,2.2138319621855604
2014-06-26,MEX,2.4498400515292893
2014-06-27,MEX,1.0925849465574236
2014-06-28,MEX,0.8847802541358254
2014-06-29,MEX,0.9007306456570671
2014-06-30,MEX,1.5604184749271568
2014-07-01,MEX,1.1931477493893705
2014-07-02,MEX,1.7106826028504314
2014-07-03,MEX,2.587022104716283
2014-07-04,MEX,2.0077214397080483
2014-07-05,MEX,1.708110314544748
2014-07-06,MEX,1.5522177202608116
2014-07-07,MEX,1.528830626673523
2014-07-08,MEX,1.6805781575000096
2014-07-09,MEX,1.6761642669641565
2014-07-10,MEX,1.6574683810001933
2014-07-11,MEX,1.4512994288709309
2014-07-12,MEX,1.7233317185107961
2014-07-13,MEX,1.2715475557961262
2014-07-14,MEX,0.9742559333092692
2014-07-15,MEX,0.8324982023981171
2014-07-16,MEX,1.2713208867144872
2014-07-17,MEX,0.7504893377897486
2014-07-18,MEX,0.9119209473798242
2014-07-19,MEX,1.2383459686345484
2014-07-20,MEX,1.0015164398732588
2014-07-21,MEX,0.5752533544290355
2014-07-22,MEX,0.4007951373418588
2014-07-23,MEX,0.6947685601384131
2014-07-24,MEX,0.8497861000130472
2014-07-25,MEX,0.7674190016838264
2014-07-26,MEX,0.7020438960397011
2014-07-27,MEX,0.7386749690183436
2014-07-28,MEX,0.7700597160723701
2014-07-29,MEX,0.7000985323610546
2014-07-30,MEX,0.6957808383349293
2014-07-31,MEX,0.6756202366091577
2014-08-01,MEX,0.8456572719121864
2014-08-02,MEX,1.1650478234288482
2014-08-03,MEX,1.5577868871772245
2014-08-04,MEX,1.5149034617794037
2014-08-05,MEX,1.3626326054022457
2014-08-06,MEX,1.6510475924765766
2014-08-07,MEX,1.171318028691031
2014-08-08,MEX,1.4032830334955169
2014-08-09,MEX,1.5425731314607034
2014-08-10,MEX,1.6612040799083656
2014-08-11,MEX,1.7005688708328193
2014-08-12,MEX,1.6817391490638416
2014-08-13,MEX,1.8865506718122487
2014-08-14,MEX,1.5226355435246586
2014-08-15,MEX,1.201207734005208
2014-08-16,MEX,1.0425705171534094
2014-08-17,MEX,1.155818632020746
2014-08-18,MEX,1.3111127180324107
2014-08-19,MEX,1.374359818367221
2014-08-20,MEX,1.5535022993720091
2014-08-21,MEX,1.572979820403493
2014-08-22,MEX,1.7568714565471828
2014-08-23,MEX,1.1147161835362713
2014-08-24,MEX,1.2333722392203326
2014-08-25,MEX,1.0086064126040248
2014-08-26,MEX,0.6944395470936987
2014-08-27,MEX,0.46684864906889467
2014-08-28,MEX,0.743859069629429
2014-08-29,MEX,1.0110869710369443
2014-08-30,MEX,1.3711811509677931
2014-08-31,MEX,2.0458013898027616
2014-09-01,MEX,2.3384501787322214
2014-09-02,MEX,1.2858244128961374
2014-09-03,MEX,2.577573199217554
2014-09-04,MEX,3.296653173800251
2014-09-05,MEX,2.365123124931079
2014-09-06,MEX,2.8009557765949356
2014-09-07,MEX,2.89546578281027
2014-09-08,MEX,1.8091503207342272
2014-09-09,MEX,1.05983304676881
2014-09-10,MEX,1.5588318966960382
2014-09-11,MEX,1.9115076807916276
2014-09-12,MEX,1.9250431709028863
2014-09-13,MEX,2.9353713667508448
2014-09-14,MEX,2.565684712048808
2014-09-15,MEX,2.545295799828041
2014-09-16,MEX,3.2867412952663093
2014-09-17,MEX,2.4032620065372736
2014-09-18,MEX,1.4162986447705055
2014-09-19,MEX,1.2080576245737704
2014-09-20,MEX,1.5490125036402742
2014-09-21,MEX,2.594971455244735
2014-09-22,MEX,2.8048287430916043
2014-09-23,MEX,2.0193049680376096
2014-09-24,MEX,1.833892981452387
2014-09-25,MEX,1.838333047842188
2014-09-26,MEX,2.2441075587419475
2014-09-27,MEX,1.840278027392763
2014-09-28,MEX,1.5151423002599491
2014-09-29,MEX,1.4424356747656601
2014-09-30,MEX,1.2004113657592927
2014-10-01,MEX,1.208029995420086
2014-10-02,MEX,1.1640952486883474
2014-10-03,MEX,1.141977290253614
2014-10-04,MEX,1.6547948847941
2014-10-05,MEX,1.0572279678855063
2014-10-06,MEX,0.7912759023241478
2014-10-07,MEX,0.9119541223717679
2014-10-08,MEX,1.2922131512158799
2014-10-09,MEX,0.3893107081966254
2014-10-10,MEX,0.5142982292250324
2014-10-11,MEX,0.5268980906498577
2014-10-12,MEX,0.6667458486689446
2014-10-13,MEX,0.20452936901906316
2014-10-14,MEX,1.1582794812587849
2014-10-15,MEX,1.0315371135756009
2014-10-16,MEX,1.31567937950989
2014-10-17,MEX,0.8601694071494194
2014-10-18,MEX,1.5514273218748282
2014-10-19,MEX,2.366898688651794
2014-10-20,MEX,2.319192980625714
2014-10-21,MEX,2.2789217992885304
2014-10-22,MEX,2.0217572422721273
2014-10-23,MEX,1.4921220930279055
2014-10-24,MEX,0.9473168349921568
2014-10-25,MEX,0.26861768536270925
2014-10-26,MEX,0.1007420764877449
2014-10-27,MEX,0.08686229213879147
2014-10-28,MEX,0.09034904760630537
2014-10-29,MEX,0.35692139408792
2014-10-30,MEX,0.52213615871253
2014-10-31,MEX,0.6457966201064984
2014-11-01,MEX,0.44059322410873153
2014-11-02,MEX,0.3589781362240239
2014-11-03,MEX,0.8432284715827824
2014-11-04,MEX,0.9592266570871578
2014-11-05,MEX,3.0572072546915634
2014-11-06,MEX,1.4642811434163492
2014-11-07,MEX,1.3266019334353283
2014-11-08,MEX,0.310793996266095
2014-11-09,MEX,0.6079807538689197
2014-11-10,MEX,0.5461538706233839
2014-11-11,MEX,1.056575320055816
2014-11-12,MEX,1.1228937629218663
2014-11-13,MEX,0.728732023126779
2014-11-14,MEX,0.44685142510206466
2014-11-15,MEX,0.10692892648474674
2014-11-16,MEX,0.029752507570577177
2014-11-17,MEX,0.22269991230062577
2014-11-18,MEX,0.7922072125498416
2014-11-19,MEX,0.6236178658274228
2014-11-20,MEX,0.19045508425400737
2014-11-21,MEX,0.2641242916645562
2014-11-22,MEX,0.3108510419615003
2014-11-23,MEX,0.10268126659680053
2014-11-24,MEX,0.027292557587563833
2014-11-25,MEX,0.41341523315023204
2014-11-26,MEX,0.6622594004942942
2014-11-27,MEX,0.03694476910369896
2014-11-28,MEX,0.05366080179155948
2014-11-29,MEX,0.028662214235391767
2014-11-30,MEX,0.017776743235375734
2014-12-01,MEX,0.13215757259474872
2014-12-02,MEX,0.389249340627345
2014-12-03,MEX,0.11906578986755717
2014-12-04,MEX,0.2710123059435357
2014-12-05,MEX,0.06496903168862159
2014-12-06,MEX,0.1704820377075368
2014-12-07,MEX,0.25434735995870505
2014-12-08,MEX,0.20127421161173853
2014-12-09,MEX,0.3020117919832756
2014-12-10,MEX,0.2673654103511578
2014-12-11,MEX,0.17135244258149265
2014-12-12,MEX,0.14832928586278524
2014-12-13,MEX,0.22283204979840274
2014-12-14,MEX,0.16929482184839278
2014-12-15,MEX,0.01706797403481546
2014-12-16,MEX,0.1576808032968329
2014-12-17,MEX,0.20165554728168325
2014-12-18,MEX,0.07745872192554437
2014-12-19,MEX,0.08321233286817685
2014-12-20,MEX,0.21414662260189885
2014-12-21,MEX,0.1184741945908903
2014-12-22,MEX,0.035659251046126876
2014-12-23,MEX,0.04451086386472974
2014-12-24,MEX,0.5311681171118807
2014-12-25,MEX,0.42867813737289145
2014-12-26,MEX,0.22811691951448293
2014-12-27,MEX,0.3248079400840833
2014-12-28,MEX,0.5805747523341326
2014-12-29,MEX,0.10264966301343272
2014-12-30,MEX,0.12103124584171154
2014-12-31,MEX,0.4545524345279904
2015-01-01,MEX,0.3682414312719384
2015-01-02,MEX,0.5090566802213209
2015-01-03,MEX,0.13770844947395203
2015-01-04,MEX,0.24466271205232853
2015-01-05,MEX,0.7074958916724128
2015-01-06,MEX,0.4626769001517721
2015-01-07,MEX,0.3631125310999598
2015-01-08,MEX,1.2110156479058911
2015-01-09,MEX,0.6862170870671366
2015-01-10,MEX,0.7476034828700259
2015-01-11,MEX,0.2028839605671941
2015-01-12,MEX,0.1351056175121306
2015-01-13,MEX,0.2479232246262933
2015-01-14,MEX,0.2155252376386188
2015-01-15,MEX,0.18300425735359163
2015-01-16,MEX,0.49794427663377994
2015-01-17,MEX,0.15770560699780606
2015-01-18,MEX,0.2553572771640798
2015-01-19,MEX,0.1796571529147943
2015-01-20,MEX,0.023528155010399582
2015-01-21,MEX,0.08132517034022893
2015-01-22,MEX,0.1847762233621437
2015-01-23,MEX,0.24409297582067888
2015-01-24,MEX,0.5396050100446246
2015-01-25,MEX,0.12689773775898106
2015-01-26,MEX,0.49074819921667173
2015-01-27,MEX,0.09871627366117712
2015-01-28,MEX,0.008634002848766047
2015-01-29,MEX,0.06382802488611769
2015-01-30,MEX,1.3648351723771739
2015-01-31,MEX,2.338009547256963
2015-02-01,MEX,0.8840356011940838
2015-02-02,MEX,1.6025477516949846
2015-02-03,MEX,1.7103119397508355
2015-02-04,MEX,0.16519150289278703
2015-02-05,MEX,0.3319381932190889
2015-02-06,MEX,0.24605540736210224
2015-02-07,MEX,0.061408111203796516
2015-02-08,MEX,0.010710086770958471
2015-02-09,MEX,0.02219458405444347
2015-02-10,MEX,0.05809001496862529
2015-02-11,MEX,0.08935537388604389
2015-02-12,MEX,0.7741481706976375
2015-02-13,MEX,0.7952966620933819
2015-02-14,MEX,0.5643323148741666
2015-02-15,MEX,0.8532165834626473
2015-02-16,MEX,0.6067039946284244
2015-02-17,MEX,0.12208879790001549
2015-02-18,MEX,0.35205374992599653
2015-02-19,MEX,0.16982070529415988
2015-02-20,MEX,0.06287775145354764
2015-02-21,MEX,0.029114518987616772
2015-02-22,MEX,0.07000363092593376
2015-02-23,MEX,0.18428205891091978
2015-02-24,MEX,0.21075043412620964
2015-02-25,MEX,0.03033432165517275
2015-02-26,MEX,0.08851896490733471
2015-02-27,MEX,0.450795000751623
2015-02-28,MEX,0.1746334168550352
2015-03-01,MEX,0.166083649382394
2015-03-02,MEX,0.5143476913016457
2015-03-03,MEX,0.9466279849787175
2015-03-04,MEX,0.7018719101254517
2015-03-05,MEX,0.23799193656220616
2015-03-06,MEX,0.5698840796405555
2015-03-07,MEX,0.43841362978636983
2015-03-08,MEX,0.6723517924318007
2015-03-09,MEX,0.9110109086006863
2015-03-10,MEX,0.888319244163756
2015-03-11,MEX,1.340176611658447
2015-03-12,MEX,0.802127561669333
2015-03-13,MEX,0.7602341253835938
2015-03-14,MEX,1.8532301002220224
2015-03-15,MEX,2.85702260109766
2015-03-16,MEX,2.3083708047373723
2015-03-17,MEX,1.5104257394332348
2015-03-18,MEX,0.32667166774157047
2015-03-19,MEX,0.40749754470836486
2015-03-20,MEX,0.74755614857959
2015-03-21,MEX,1.8116831044350001
2015-03-22,MEX,0.33127727959888964
2015-03-23,MEX,0.8340771111160837
2015-03-24,MEX,0.3490275417765931
2015-03-25,MEX,0.25771786286182635
2015-03-26,MEX,0.2739718826948427
2015-03-27,MEX,1.180011613730126
2015-03-28,MEX,0.4859016406832443
2015-03-29,MEX,0.277112906345744
2015-03-30,MEX,0.15263914837376008
2015-03-31,MEX,0.17417731492748906
2015-04-01,MEX,0.10210022549260572
2015-04-02,MEX,0.08725254537387889
2015-04-03,MEX,0.058300187247358304
2015-04-04,MEX,0.3790354928199779
2015-04-05,MEX,0.26666158302604814
2015-04-06,MEX,0.11678792461073399
2015-04-07,MEX,0.082150358498332507
2015-04-08,MEX,0.1372846150472623
2015-04-09,MEX,0.16201953666759597
2015-04-10,MEX,0.44678655931657635
2015-04-11,MEX,0.8967984806937338
2015-04-12,MEX,1.8675307904717728
2015-04-13,MEX,0.6410676268261458
2015-04-14,MEX,0.677651230167757
2015-04-15,MEX,0.5800675070895405
2015-04-16,MEX,0.30294606990716105
2015-04-17,MEX,0.2789536098306064
2015-04-18,MEX,0.4306847335045513
2015-04-19,MEX,0.16614120320743223
2015-04-20,MEX,0.2978704625318909
2015-04-21,MEX,0.37004743159125436
2015-04-22,MEX,0.24169859463690246
2015-04-23,MEX,0.5366620090165931
2015-04-24,MEX,0.5826894063140159
2015-04-25,MEX,0.15765241094448834
2015-04-26,MEX,0.06171653473050658
2015-04-27,MEX,0.07509400742401375
2015-04-28,MEX,0.20346379776733423
2015-04-29,MEX,1.0688089545113466
2015-04-30,MEX,0.8310694378273055
2015-05-01,MEX,0.28673913956001834
2015-05-02,MEX,0.3497389632227151
2015-05-03,MEX,0.24989035436738435
2015-05-04,MEX,0.34360106547777586
2015-05-05,MEX,0.23022573161264487
2015-05-06,MEX,0.2517108120721321
2015-05-07,MEX,0.25902695762353056
2015-05-08,MEX,0.28610061822865007
2015-05-09,MEX,0.1415632151441445
2015-05-10,MEX,0.13565404562013153
2015-05-11,MEX,0.45297553193927304
2015-05-12,MEX,1.5222139301687507
2015-05-13,MEX,1.1178337991562266
2015-05-14,MEX,0.766037927981526
2015-05-15,MEX,0.8546006382227646
2015-05-16,MEX,0.5278665394092951
2015-05-17,MEX,0.35207293209987023
2015-05-18,MEX,0.3476872762413987
2015-05-19,MEX,0.5065639894384333
2015-05-20,MEX,0.46884968825317996
2015-05-21,MEX,0.7925219533217833
2015-05-22,MEX,1.0783060900573695
2015-05-23,MEX,0.916063883119568
2015-05-24,MEX,1.352941114560779
2015-05-25,MEX,0.6107887066446694
2015-05-26,MEX,0.47123197733455136
2015-05-27,MEX,0.7238333649407798
2015-05-28,MEX,0.6534505876136308
2015-05-29,MEX,0.8299559605184528
2015-05-30,MEX,1.0069309692171828
2015-05-31,MEX,1.163180096275758
2015-06-01,MEX,0.9416132049785102
2015-06-02,MEX,0.7641902419111064
2015-06-03,MEX,0.5763331144548512
2015-06-04,MEX,0.540651645645996
2015-06-05,MEX,0.7970209790308215
2015-06-06,MEX,1.0776682209831554
2015-06-07,MEX,1.099048441023828
2015-06-08,MEX,1.5625769489266277
2015-06-09,MEX,1.0954766396885642
2015-06-10,MEX,0.7111131197348379
2015-06-11,MEX,1.0516315130548135
2015-06-12,MEX,1.1766518483739332
2015-06-13,MEX,1.509205950634888
2015-06-14,MEX,1.5524152450839672
2015-06-15,MEX,1.5482041336709695
2015-06-16,MEX,1.5022179553107535
2015-06-17,MEX,1.6349584745003563
2015-06-18,MEX,1.8144067778528645
2015-06-19,MEX,1.888462145727195
2015-06-20,MEX,1.8590857943074528
2015-06-21,MEX,1.2316448479901816
2015-06-22,MEX,1.185364146221923
2015-06-23,MEX,1.4391461974719217
2015-06-24,MEX,1.3645237884940546
2015-06-25,MEX,1.2344991387196687
2015-06-26,MEX,0.9668147320559601
2015-06-27,MEX,1.1984489898719182
2015-06-28,MEX,1.554040307714037
2015-06-29,MEX,1.6746756950637913
2015-06-30,MEX,1.953158655509747
2015-07-01,MEX,1.8808334559455089
2015-07-02,MEX,1.3792571560565114
2015-07-03,MEX,1.3311870569292363
2015-07-04,MEX,1.596735564641906
2015-07-05,MEX,1.1820838897196095
2015-07-06,MEX,0.9858674274284558
2015-07-07,MEX,1.3253845764304508
2015-07-08,MEX,1.5844953115152478
2015-07-09,MEX,1.1588006673646083
2015-07-10,MEX,1.0428285412053513
2015-07-11,MEX,0.901087286995167
2015-07-12,MEX,0.6669232814973944
2015-07-13,MEX,0.5699128666432642
2015-07-14,MEX,0.5590222069767957
2015-07-15,MEX,0.542449519639465
2015-07-16,MEX,0.9769177090071467
2015-07-17,MEX,1.324749982873291
2015-07-18,MEX,1.699152797900266
2015-07-19,MEX,1.5607556936862692
2015-07-20,MEX,1.6925636031800717
2015-07-21,MEX,1.5923519557141148
2015-07-22,MEX,1.4662413153803566
2015-07-23,MEX,1.4530436794016273
2015-07-24,MEX,0.9642334480553859
2015-07-25,MEX,0.7716667728292229
2015-07-26,MEX,0.7169712312246821
2015-07-27,MEX,0.4634040369328044
2015-07-28,MEX,0.6393877991063622
2015-07-29,MEX,0.5793180766744411
2015-07-30,MEX,0.7281137611217458
2015-07-31,MEX,0.8577845007773262
2015-08-01,MEX,0.8579067291723902
2015-08-02,MEX,0.819331344899116
2015-08-03,MEX,0.976629361053932
2015-08-04,MEX,0.7342548757908168
2015-08-05,MEX,0.613884750461735
2015-08-06,MEX,0.7240201641168437
2015-08-07,MEX,0.6741390452722088
2015-08-08,MEX,0.6011135531465066
2015-08-09,MEX,0.7829142091930892
2015-08-10,MEX,0.896505006403799
2015-08-11,MEX,1.1925189195317485
2015-08-12,MEX,1.0696435131964286
2015-08-13,MEX,1.1607852589122283
2015-08-14,MEX,0.6074549358729074
2015-08-15,MEX,0.8211265175956783
2015-08-16,MEX,1.2309834350301134
2015-08-17,MEX,1.706554457917996
2015-08-18,MEX,1.0928289029306393
2015-08-19,MEX,0.8105583162774627
2015-08-20,MEX,1.0763191151278833
2015-08-21,MEX,1.3649141433001537
2015-08-22,MEX,1.2114218532148844
2015-08-23,MEX,1.0958651100115793
2015-08-24,MEX,0.9248359071977145
2015-08-25,MEX,1.4137387468572793
2015-08-26,MEX,1.1544344541623381
2015-08-27,MEX,1.0677017021519084
2015-08-28,MEX,1.155459524327314
2015-08-29,MEX,0.6906990078046534
2015-08-30,MEX,1.0087684532834642
2015-08-31,MEX,1.2947508003223005
2015-09-01,MEX,1.2107465905450379
2015-09-02,MEX,1.4385326891394843
2015-09-03,MEX,1.4187701153481327
2015-09-04,MEX,1.4587779196466555
2015-09-05,MEX,1.3142162585742345
2015-09-06,MEX,1.3256961729710626
2015-09-07,MEX,1.3242389030193285
2015-09-08,MEX,1.1856878351522526
2015-09-09,MEX,1.1664867631766516
2015-09-10,MEX,1.5285143989570007
2015-09-11,MEX,2.0112458336882972
2015-09-12,MEX,2.811321638001697
2015-09-13,MEX,2.333007457755137
2015-09-14,MEX,1.8115954555667555
2015-09-15,MEX,1.4560316539076947
2015-09-16,MEX,1.7231557185757447
2015-09-17,MEX,1.4753192970778548
2015-09-18,MEX,1.1962499250651653
2015-09-19,MEX,1.1543492630275245
2015-09-20,MEX,2.0020879737477997
2015-09-21,MEX,2.648653316019498
2015-09-22,MEX,1.0801176712275269
2015-09-23,MEX,0.9522160911898075
2015-09-24,MEX,0.9326105650251741
2015-09-25,MEX,1.44929171505812
2015-09-26,MEX,1.310391900627909
2015-09-27,MEX,0.8259539797827632
2015-09-28,MEX,0.8410302782873805
2015-09-29,MEX,0.8735684227415443
2015-09-30,MEX,0.9919501606556289
2015-10-01,MEX,0.33116602593588856
2015-10-02,MEX,0.3203198222168672
2015-10-03,MEX,0.49209556661817633
2015-10-04,MEX,1.3837332063336205
2015-10-05,MEX,0.5468690356137148
2015-10-06,MEX,0.5602617829499394
2015-10-07,MEX,0.47613910454541
2015-10-08,MEX,0.9392213594986736
2015-10-09,MEX,1.6067630461320215
2015-10-10,MEX,1.0630034708189224
2015-10-11,MEX,0.5356622697262794
2015-10-12,MEX,0.2771237958525325
2015-10-13,MEX,0.20870413468034743
2015-10-14,MEX,0.6589167735717752
2015-10-15,MEX,1.0799960682267633
2015-10-16,MEX,0.8525932727267851
2015-10-17,MEX,1.7670233412810883
2015-10-18,MEX,2.611740224590452
2015-10-19,MEX,2.1964183544152807
2015-10-20,MEX,1.3387862289922718
2015-10-21,MEX,0.954599466192851
2015-10-22,MEX,1.3927560331272164
2015-10-23,MEX,2.303173357750925
2015-10-24,MEX,3.799070854155334
2015-10-25,MEX,0.6936669789027455
2015-10-26,MEX,0.6896158611444796
2015-10-27,MEX,0.4287282211616284
2015-10-28,MEX,0.7120980892339842
2015-10-29,MEX,1.0983672214025932
2015-10-30,MEX,2.58600960800079
2015-10-31,MEX,1.1720123506049782
2015-11-01,MEX,0.5665593391195681
2015-11-02,MEX,0.70427802000032
2015-11-03,MEX,0.360412597805635
2015-11-04,MEX,0.5230547421267935
2015-11-05,MEX,0.5382539482966842
2015-11-06,MEX,0.5089027007527068
2015-11-07,MEX,0.6621368820229936
2015-11-08,MEX,1.033616647507914
2015-11-09,MEX,0.39309438621153714
2015-11-10,MEX,0.22135467908882658
2015-11-11,MEX,0.11882004421832465
2015-11-12,MEX,0.4629957035814467
2015-11-13,MEX,1.3766279157562384
2015-11-14,MEX,1.3774747078968623
2015-11-15,MEX,1.0359293812561847
2015-11-16,MEX,0.39693232881823143
2015-11-17,MEX,0.113781878267022
2015-11-18,MEX,0.20875339830292688
2015-11-19,MEX,0.5803528669356677
2015-11-20,MEX,0.8257650486287031
2015-11-21,MEX,0.41177948852862956
2015-11-22,MEX,1.044489564672814
2015-11-23,MEX,0.6884270867052374
2015-11-24,MEX,0.4295307331337905
2015-11-25,MEX,0.3095393146271807
2015-11-26,MEX,0.6294489571894477
2015-11-27,MEX,1.6461293026849109
2015-11-28,MEX,1.2430287947532668
2015-11-29,MEX,0.4689147336905896
2015-11-30,MEX,0.05411747626414692
2015-12-01,MEX,0.04905377177907623
2015-12-02,MEX,0.15819053925730542
2015-12-03,MEX,0.7326662643122203
2015-12-04,MEX,0.5709013522877682
2015-12-05,MEX,0.3211192632084564
2015-12-06,MEX,0.4480284393871772
2015-12-07,MEX,0.7278616499151837
2015-12-08,MEX,0.22050009901215134
2015-12-09,MEX,0.06286019538075653
2015-12-10,MEX,0.05257206147430293
2015-12-11,MEX,0.06347486180181465
2015-12-12,MEX,1.3477147030646395
2015-12-13,MEX,0.9820175389898813
2015-12-14,MEX,0.08478490038931501
2015-12-15,MEX,0.08345095338322968
2015-12-16,MEX,0.013795799332502438
2015-12-17,MEX,0.1233968561433193
2015-12-18,MEX,0.5980837029593833
2015-12-19,MEX,0.6045804546395638
2015-12-20,MEX,0.3387869794868096
2015-12-21,MEX,0.07983259349574659
2015-12-22,MEX,0.10711784712051975
2015-12-23,MEX,0.066939376864964
2015-12-24,MEX,0.028976801245913692
2015-12-25,MEX,0.021737125779152752
2015-12-26,MEX,0.22341453311068724
2015-12-27,MEX,0.2870283890854178
2015-12-28,MEX,0.07303168909425929
2015-12-29,MEX,0.15446832181172188
2015-12-30,MEX,0.07333545758762204
2015-12-31,MEX,0.20485497398910932
2016-01-01,MEX,0.44057740173869847
2016-01-02,MEX,1.330160685556229
2016-01-03,MEX,0.33227938621339115
2016-01-04,MEX,0.7915945435613982
2016-01-05,MEX,0.6818931739826127
2016-01-06,MEX,0.2589633366718493
2016-01-07,MEX,0.30315247602158163
2016-01-08,MEX,0.42301386722267637
2016-01-09,MEX,0.015902856617346355
2016-01-10,MEX,0.4049618915420333
2016-01-11,MEX,0.14779319342951805
2016-01-12,MEX,0.13661883540569875
2016-01-13,MEX,0.7453016335382254
2016-01-14,MEX,0.4457822420258739
2016-01-15,MEX,0.03898384818110373
2016-01-16,MEX,0.017995250402063213
2016-01-17,MEX,0.0838422716692718
2016-01-18,MEX,0.06391212005288462
2016-01-19,MEX,0.07229532009318183
2016-01-20,MEX,0.02426386949567026
2016-01-21,MEX,0.05378616157034781
2016-01-22,MEX,0.17819801077665834
2016-01-23,MEX,0.02314516450804993
2016-01-24,MEX,0.005617640116550222
2016-01-25,MEX,0.0018009229870787414
2016-01-26,MEX,0.06292044172356195
2016-01-27,MEX,0.5999481377952804
2016-01-28,MEX,0.2735862768187312
2016-01-29,MEX,0.03643356842843638
2016-01-30,MEX,0.0025544138974541142
2016-01-31,MEX,0.02838649944626214
2016-02-01,MEX,0.301657525747692
2016-02-02,MEX,0.006337774234188526
2016-02-03,MEX,0.05118018002923832
2016-02-04,MEX,0.47216854309439954
2016-02-05,MEX,0.421241616524542
2016-02-06,MEX,0.29882504028164525
2016-02-07,MEX,0.2261168630131788
2016-02-08,MEX,0.008907245604637666
2016-02-09,MEX,0.13450670084051358
2016-02-10,MEX,0.16254758125289523
2016-02-11,MEX,0.0197558725375117
2016-02-12,MEX,0.01709502764219527
2016-02-13,MEX,0.11968329572065452
2016-02-14,MEX,0.024901813645965058
2016-02-15,MEX,0.019433446555855938
2016-02-16,MEX,0.07297942333703912
2016-02-17,MEX,0.13337547487291612
2016-02-18,MEX,0.236034745545458
2016-02-19,MEX,0.12544098410772878
2016-02-20,MEX,0.10247473093682545
2016-02-21,MEX,0.048052007410431
2016-02-22,MEX,0.11941359242499505
2016-02-23,MEX,0.031141592790913747
2016-02-24,MEX,0.2765669983022864
2016-02-25,MEX,0.11921666654740877
2016-02-26,MEX,0.09709480356758889
2016-02-27,MEX,0.2786681234783144
2016-02-28,MEX,0.19274414336934192
2016-02-29,MEX,0.06624412882973921
2016-03-01,MEX,0.11762508838530403
2016-03-02,MEX,0.26443949025966657
2016-03-03,MEX,0.2613003042191252
2016-03-04,MEX,0.7044248666363584
2016-03-05,MEX,0.4897757906001556
2016-03-06,MEX,0.1515725036212081
2016-03-07,MEX,0.15477661742346951
2016-03-08,MEX,1.1070277742940309
2016-03-09,MEX,2.7477117308135863
2016-03-10,MEX,1.9355369361996284
2016-03-11,MEX,0.9090292016011697
2016-03-12,MEX,0.2067826709720502
2016-03-13,MEX,0.026354223337763716
2016-03-14,MEX,0.010773948178484516
2016-03-15,MEX,0.010069567906373828
2016-03-16,MEX,0.040673068335961265
2016-03-17,MEX,0.15090577905897073
2016-03-18,MEX,0.1788603678756264
2016-03-19,MEX,0.6506628643441414
2016-03-20,MEX,0.7677383086938779
2016-03-21,MEX,0.44990329422769365
2016-03-22,MEX,0.0630766869828016
2016-03-23,MEX,0.09987339147398823
2016-03-24,MEX,0.08733317240849585
2016-03-25,MEX,0.0775165843771245
2016-03-26,MEX,0.02443780431990188
2016-03-27,MEX,0.03854022362644078
2016-03-28,MEX,0.2131400405979738
2016-03-29,MEX,0.11147382185128335
2016-03-30,MEX,0.04485602936021632
2016-03-31,MEX,0.03313637174761803
2016-04-01,MEX,0.07034647589234293
2016-04-02,MEX,0.2775651876994409
2016-04-03,MEX,0.4831346000577563
2016-04-04,MEX,0.16468920172808094
2016-04-05,MEX,0.12959410119655518
2016-04-06,MEX,0.06773820964851048
2016-04-07,MEX,0.13963222275141077
2016-04-08,MEX,0.29316986962847236
2016-04-09,MEX,0.2230590295396009
2016-04-10,MEX,0.30416652441260483
2016-04-11,MEX,0.06641775616673519
2016-04-12,MEX,0.09321204868701365
2016-04-13,MEX,0.3001959207600756
2016-04-14,MEX,0.23340348987494647
2016-04-15,MEX,0.12010309831355406
2016-04-16,MEX,0.06444405959244792
2016-04-17,MEX,0.14784969043216373
2016-04-18,MEX,0.7187743305928431
2016-04-19,MEX,1.152750317165007
2016-04-20,MEX,0.6798006066425556
2016-04-21,MEX,0.5469613792460167
2016-04-22,MEX,0.7110674912362817
2016-04-23,MEX,1.0364772061355623
2016-04-24,MEX,0.45167746370593936
2016-04-25,MEX,0.04245412289764231
2016-04-26,MEX,0.036775870999584154
2016-04-27,MEX,0.02374687509421573
2016-04-28,MEX,0.03383976824117429
2016-04-29,MEX,0.028679876417016886
2016-04-30,MEX,0.020491223891318133
2016-05-01,MEX,0.06768779347950948
2016-05-02,MEX,0.2871006435597421
2016-05-03,MEX,0.24237971665304484
2016-05-04,MEX,0.41457649025344545
2016-05-05,MEX,0.700739427523779
2016-05-06,MEX,0.2006874716473081
2016-05-07,MEX,0.16846851482493935
2016-05-08,MEX,0.2662528466015277
2016-05-09,MEX,0.38968599883440364
2016-05-10,MEX,0.2580704322041502
2016-05-11,MEX,0.5290578636479814
2016-05-12,MEX,0.6135966946105532
2016-05-13,MEX,0.6112532356496791
2016-05-14,MEX,0.9962020195659615
2016-05-15,MEX,1.158947945481047
2016-05-16,MEX,0.8024877055055871
2016-05-17,MEX,0.25707499756157604
2016-05-18,MEX,0.9245394117964948
2016-05-19,MEX,0.7598859564741551
2016-05-20,MEX,0.3832407626473073
2016-05-21,MEX,0.3038614906836759
2016-05-22,MEX,0.1425877582157933
2016-05-23,MEX,0.22961701132887052
2016-05-24,MEX,0.20017199936400362
2016-05-25,MEX,0.2814886625088036
2016-05-26,MEX,0.6491961088825172
2016-05-27,MEX,0.3428663340666464
2016-05-28,MEX,0.47678639586035393
2016-05-29,MEX,0.565082970840166
2016-05-30,MEX,0.5204312597381937
2016-05-31,MEX,0.9131585643001376
2016-06-01,MEX,1.147066087853502
2016-06-02,MEX,1.4268353403776388
2016-06-03,MEX,0.9662086166204531
2016-06-04,MEX,0.9644297291840598
2016-06-05,MEX,1.2110298925323695
2016-06-06,MEX,1.3608204492872542
2016-06-07,MEX,0.9184240439666622
2016-06-08,MEX,0.8540328001180565
2016-06-09,MEX,0.992118570345568
2016-06-10,MEX,1.1160356961069815
2016-06-11,MEX,1.431454985660898
2016-06-12,MEX,1.0038028219113735
2016-06-13,MEX,1.2997922567235827
2016-06-14,MEX,0.7583343209896416
2016-06-15,MEX,0.9901286002987012
2016-06-16,MEX,0.997023410854487
2016-06-17,MEX,1.0886982462318189
2016-06-18,MEX,1.3437892128481843
2016-06-19,MEX,1.2258210375339116
2016-06-20,MEX,2.209128957490744
2016-06-21,MEX,1.9970858711227577
2016-06-22,MEX,1.1136449719800252
2016-06-23,MEX,0.888874839418784
2016-06-24,MEX,0.833164119538577
2016-06-25,MEX,1.1205971367890566
2016-06-26,MEX,1.2320290030006547
2016-06-27,MEX,1.8757285485491877
2016-06-28,MEX,1.8601293207330416
2016-06-29,MEX,1.5175629657591478
2016-06-30,MEX,1.1808353231827955
2016-07-01,MEX,1.3698672836402508
2016-07-02,MEX,1.2106180723248297
2016-07-03,MEX,0.9952158826130317
2016-07-04,MEX,1.534524425069365
2016-07-05,MEX,1.2027411644540877
2016-07-06,MEX,0.5698468420798951
2016-07-07,MEX,0.6093156808912324
2016-07-08,MEX,0.7210743171978498
2016-07-09,MEX,0.7613343067123736
2016-07-10,MEX,1.0442695098489054
2016-07-11,MEX,1.2918054419315266
2016-07-12,MEX,1.399740546161432
2016-07-13,MEX,1.0398208715882842
2016-07-14,MEX,1.1004412893483728
2016-07-15,MEX,0.9310256338564885
2016-07-16,MEX,0.8813006867024724
2016-07-17,MEX,0.9643464436464069
2016-07-18,MEX,0.8632733512085591
2016-07-19,MEX,0.9269825887130937
2016-07-20,MEX,1.448835174059142
2016-07-21,MEX,1.7017433622196456
2016-07-22,MEX,1.8359306342537232
2016-07-23,MEX,1.5618412986725256
2016-07-24,MEX,1.1011198635165522
2016-07-25,MEX,0.9458981766326017
2016-07-26,MEX,0.9841599612018564
2016-07-27,MEX,1.4814932488566297
2016-07-28,MEX,2.4404693539540285
2016-07-29,MEX,1.8533688515880717
2016-07-30,MEX,1.9758905246900065
2016-07-31,MEX,1.486662540042826
2016-08-01,MEX,1.196175976997063
2016-08-02,MEX,1.074764033073246
2016-08-03,MEX,1.0118221223779544
2016-08-04,MEX,1.7226597530076528
2016-08-05,MEX,2.555754498812266
2016-08-06,MEX,4.055482949815932
2016-08-07,MEX,2.310994769378778
2016-08-08,MEX,2.4727777495326597
2016-08-09,MEX,1.8751390318043353
2016-08-10,MEX,1.6757468850590507
2016-08-11,MEX,1.278598551285244
2016-08-12,MEX,1.1431350388499344
2016-08-13,MEX,2.1811518855101504
2016-08-14,MEX,2.4840178999159117
2016-08-15,MEX,2.0190073107483704
2016-08-16,MEX,2.496085786627082
2016-08-17,MEX,3.308357738427134
2016-08-18,MEX,2.9242188417448567
2016-08-19,MEX,2.247251585388691
2016-08-20,MEX,2.031507531404229
2016-08-21,MEX,2.3689231089465306
2016-08-22,MEX,2.268198224447055
2016-08-23,MEX,1.3623052971970444
2016-08-24,MEX,1.4084489215440792
2016-08-25,MEX,1.372748855875139
2016-08-26,MEX,1.1162438831333812
2016-08-27,MEX,1.0420416066935791
2016-08-28,MEX,1.4271628307905564
2016-08-29,MEX,1.8567574118887769
2016-08-30,MEX,1.8273000388469525
2016-08-31,MEX,1.7970736560302285
2016-09-01,MEX,1.757712203093467
2016-09-02,MEX,2.334036873327745
2016-09-03,MEX,2.3155927712241637
2016-09-04,MEX,2.5773399032911244
2016-09-05,MEX,1.8597433274639932
2016-09-06,MEX,1.9118979933571372
2016-09-07,MEX,2.162067347839146
2016-09-08,MEX,0.40236270500123655
2016-09-09,MEX,0.524384491398839
2016-09-10,MEX,0.8525058294351608
2016-09-11,MEX,1.5050212729529642
2016-09-12,MEX,1.433565222804207
2016-09-13,MEX,0.9589336830177944
2016-09-14,MEX,1.2365484606009032
2016-09-15,MEX,1.4805460580288672
2016-09-16,MEX,1.075357765454771
2016-09-17,MEX,1.117465004039791
2016-09-18,MEX,1.4063645408139138
2016-09-19,MEX,0.9266534680701816
2016-09-20,MEX,1.1832303268272484
2016-09-21,MEX,1.243186642504899
2016-09-22,MEX,0.9673102603771403
2016-09-23,MEX,1.1739450763943067
2016-09-24,MEX,1.2897583842851292
2016-09-25,MEX,2.0492162252564237
2016-09-26,MEX,2.8201988849152766
2016-09-27,MEX,2.5363777176419315
2016-09-28,MEX,1.7291112283835597
2016-09-29,MEX,1.754664493663553
2016-09-30,MEX,2.1403327132766155
2016-10-01,MEX,1.290858902409369
2016-10-02,MEX,0.8415997785315793
2016-10-03,MEX,0.6776712227123965
2016-10-04,MEX,0.45135841766823503
2016-10-05,MEX,0.4485824111832347
2016-10-06,MEX,0.5045460099554874
2016-10-07,MEX,0.4689316428867706
2016-10-08,MEX,1.2658434030082155
2016-10-09,MEX,1.483632821111359
2016-10-10,MEX,0.5949583681567081
2016-10-11,MEX,0.4750827976261605
2016-10-12,MEX,0.36508541102696435
2016-10-13,MEX,0.36402501400440895
2016-10-14,MEX,0.3325336316879524
2016-10-15,MEX,0.3897152860119279
2016-10-16,MEX,0.260525912248758
2016-10-17,MEX,0.28540829017129044
2016-10-18,MEX,0.25495596115051145
2016-10-19,MEX,0.31913972730943824
2016-10-20,MEX,0.5262705461512376
2016-10-21,MEX,0.9088714218278493
2016-10-22,MEX,0.6033931809770968
2016-10-23,MEX,0.5423877479790047
2016-10-24,MEX,0.33168500444432375
2016-10-25,MEX,0.3783922137288751
2016-10-26,MEX,0.3414741692803029
2016-10-27,MEX,0.40860360031426257
2016-10-28,MEX,0.406449758665622
2016-10-29,MEX,0.2232343068652727
2016-10-30,MEX,0.15623931507691535
2016-10-31,MEX,0.19153331849082997
2016-11-01,MEX,0.23054999362933423
2016-11-02,MEX,0.39974634163444356
2016-11-03,MEX,0.852387497695679
2016-11-04,MEX,0.9591949766676967
2016-11-05,MEX,0.4980039849376913
2016-11-06,MEX,0.37519247721684945
2016-11-07,MEX,0.24807406357743902
2016-11-08,MEX,1.0240930649217992
2016-11-09,MEX,1.0965103804952936
2016-11-10,MEX,1.0448167756907358
2016-11-11,MEX,0.7965166493219821
2016-11-12,MEX,1.0435299603190165
2016-11-13,MEX,1.0416947399083143
2016-11-14,MEX,0.2899620910205635
2016-11-15,MEX,0.5696245092833802
2016-11-16,MEX,0.43969883285690387
2016-11-17,MEX,0.10194051270525535
2016-11-18,MEX,0.04959929423758976
2016-11-19,MEX,0.5822824134846709
2016-11-20,MEX,0.26347661918922166
2016-11-21,MEX,0.12491548052937028
2016-11-22,MEX,0.035711945289843464
2016-11-23,MEX,0.04644983710809166
2016-11-24,MEX,0.13944212599930741
2016-11-25,MEX,0.1729040900314111
2016-11-26,MEX,0.2617666873102221
2016-11-27,MEX,0.11621634024340963
2016-11-28,MEX,0.012722931453480071
2016-11-29,MEX,0.01994419473125708
2016-11-30,MEX,0.033457484109122644
2016-12-01,MEX,0.12345255588962689
2016-12-02,MEX,0.2782762957624571
2016-12-03,MEX,1.8030526754111462
2016-12-04,MEX,1.7192665338854007
2016-12-05,MEX,0.552492434464794
2016-12-06,MEX,0.08489467343748269
2016-12-07,MEX,0.10728254885277431
2016-12-08,MEX,0.28439334094334834
2016-12-09,MEX,0.7096828437411964
2016-12-10,MEX,0.3908843592704883
2016-12-11,MEX,0.15593380987184707
2016-12-12,MEX,0.04584720152076197
2016-12-13,MEX,0.1013747444631511
2016-12-14,MEX,0.14090431819450175
2016-12-15,MEX,0.4455656035245378
2016-12-16,MEX,0.21191922923898185
2016-12-17,MEX,0.11723851547448814
2016-12-18,MEX,0.13696782534593452
2016-12-19,MEX,0.4379627405142404
2016-12-20,MEX,0.5414937521658956
2016-12-21,MEX,0.3564652830126906
2016-12-22,MEX,1.1317419586424147
2016-12-23,MEX,0.22143769643997388
2016-12-24,MEX,0.2370060297132856
2016-12-25,MEX,0.17001795307990314
2016-12-26,MEX,0.05731764084163294
2016-12-27,MEX,0.21125000046450151
2016-12-28,MEX,0.1724386545426474
2016-12-29,MEX,0.27203973629646966
2016-12-30,MEX,0.4688661480883305
2016-12-31,MEX,0.42239928390625525
2017-01-01,MEX,0.6386865076889805
2017-01-02,MEX,0.026905558894327712
2017-01-03,MEX,0.013150633633355167
2017-01-04,MEX,0.04504261043656843
2017-01-05,MEX,0.021063085329129833
2017-01-06,MEX,0.06626359728381473
2017-01-07,MEX,0.6451574720974114
2017-01-08,MEX,0.6292823341203168
2017-01-09,MEX,0.07133893967266164
2017-01-10,MEX,0.01289106995720787
2017-01-11,MEX,0.022719017442422457
2017-01-12,MEX,0.021029903418499758
2017-01-13,MEX,0.12848560517747915
2017-01-14,MEX,0.47921385961831536
2017-01-15,MEX,0.8311231733173396
2017-01-16,MEX,0.030055399050910547
2017-01-17,MEX,0.17991722104007318
2017-01-18,MEX,0.11178446609381196
2017-01-19,MEX,0.17861089645282405
2017-01-20,MEX,0.1933369104081841
2017-01-21,MEX,1.1025118918097772
2017-01-22,MEX,0.028592060366768503
2017-01-23,MEX,0.1178771730495238
2017-01-24,MEX,0.06735819970591395
2017-01-25,MEX,0.07220920670049695
2017-01-26,MEX,0.027114606785367246
2017-01-27,MEX,0.09757458354942693
2017-01-28,MEX,0.347670035028934
2017-01-29,MEX,0.414931358284755
2017-01-30,MEX,0.1918314940252765
2017-01-31,MEX,0.06062708904265015
2017-02-01,MEX,0.057645153629085434
2017-02-02,MEX,0.06664082189862636
2017-02-03,MEX,0.18947261508283297
2017-02-04,MEX,0.2702875222801188
2017-02-05,MEX,0.07164547774935222
2017-02-06,MEX,0.04584449191020847
2017-02-07,MEX,0.009442767470498777
2017-02-08,MEX,0.0050253355078945
2017-02-09,MEX,0.024655981234043483
2017-02-10,MEX,0.10414348116563091
2017-02-11,MEX,0.042543025601566926
2017-02-12,MEX,0.08313462476050494
2017-02-13,MEX,0.46293561032445724
2017-02-14,MEX,0.1609998154343371
2017-02-15,MEX,0.2959625472468962
2017-02-16,MEX,0.46840696962575196
2017-02-17,MEX,0.07691235936307282
2017-02-18,MEX,1.1019978972617284
2017-02-19,MEX,1.299258170312634
2017-02-20,MEX,0.12804719379572682
2017-02-21,MEX,0.22130814307900834
2017-02-22,MEX,0.040187815886918166
2017-02-23,MEX,0.00940825018311943
2017-02-24,MEX,9.344316023968586e-4
2017-02-25,MEX,0.016641456552690365
2017-02-26,MEX,0.03296665495462854
2017-02-27,MEX,0.081647861264242
2017-02-28,MEX,0.09060536375017635
2017-03-01,MEX,0.0068434106793561445
2017-03-02,MEX,0.22768424226188322
2017-03-03,MEX,0.46999230038000966
2017-03-04,MEX,1.258831611224233
2017-03-05,MEX,0.2080850346315901
2017-03-06,MEX,0.055631690282705905
2017-03-07,MEX,0.07782223368007493
2017-03-08,MEX,0.552837864719625
2017-03-09,MEX,0.8078842526854069
2017-03-10,MEX,0.5060203501494159
2017-03-11,MEX,0.324416092496494
2017-03-12,MEX,0.88382582501834706
2017-03-13,MEX,0.5102807404230996
2017-03-14,MEX,0.5889781403088751
2017-03-15,MEX,0.2151062964777821
2017-03-16,MEX,0.15113988296763245
2017-03-17,MEX,0.06762456503479446
2017-03-18,MEX,0.07571627774249899
2017-03-19,MEX,0.06263475457021743
2017-03-20,MEX,0.018794617579469413
2017-03-21,MEX,0.016016422918093222
2017-03-22,MEX,0.03570739808422968
2017-03-23,MEX,0.04371152195538118
2017-03-24,MEX,0.016416211864244256
2017-03-25,MEX,0.0716832859112912
2017-03-26,MEX,0.1526318697908912
2017-03-27,MEX,0.07107859907198927
2017-03-28,MEX,0.08133336581976862
2017-03-29,MEX,0.0708390502617719
2017-03-30,MEX,0.07541948024880869
2017-03-31,MEX,0.12071117236967357
2017-04-01,MEX,0.028782570148007783
2017-04-02,MEX,0.3814613287903735
2017-04-03,MEX,0.01678720209494718
2017-04-04,MEX,0.009144072842172354
2017-04-05,MEX,0.02796163665272808
2017-04-06,MEX,0.32858229222910024
2017-04-07,MEX,0.31579871296978906
2017-04-08,MEX,0.17139052506174818
2017-04-09,MEX,0.11583539110643101
2017-04-10,MEX,0.11149282359752911
2017-04-11,MEX,0.3239230927208457
2017-04-12,MEX,0.48717744083977704
2017-04-13,MEX,0.23547821392837284
2017-04-14,MEX,0.09438661643630938
2017-04-15,MEX,0.11500285236914848
2017-04-16,MEX,0.21341414156960783
2017-04-17,MEX,0.4028301435688672
2017-04-18,MEX,0.6747010591079645
2017-04-19,MEX,0.44403690679544827
2017-04-20,MEX,0.4432950856897476
2017-04-21,MEX,0.13656265045478458
2017-04-22,MEX,0.09363407763399684
2017-04-23,MEX,0.34707152757250476
2017-04-24,MEX,0.15778324803394433
2017-04-25,MEX,0.024718831603526642
2017-04-26,MEX,0.002591319270413821
2017-04-27,MEX,0.030753245313844654
2017-04-28,MEX,0.04224617107836637
2017-04-29,MEX,0.13393787660038384
2017-04-30,MEX,0.035199435266336364
2017-05-01,MEX,0.12426809631998029
2017-05-02,MEX,0.08693752367553328
2017-05-03,MEX,0.09959051062651832
2017-05-04,MEX,0.641726659924006
2017-05-05,MEX,0.6421456434899414
2017-05-06,MEX,0.11923557675751932
2017-05-07,MEX,0.07615009100214093
2017-05-08,MEX,0.21883562424213393
2017-05-09,MEX,0.2845537216496002
2017-05-10,MEX,0.1481987765296603
2017-05-11,MEX,0.23042767675259987
2017-05-12,MEX,0.5577287974790125
2017-05-13,MEX,0.8635187392281953
2017-05-14,MEX,0.9105982722826682
2017-05-15,MEX,0.21268511825530836
2017-05-16,MEX,0.14649194732747586
2017-05-17,MEX,0.08180933319926614
2017-05-18,MEX,0.072121065088741
2017-05-19,MEX,0.11117107999712232
2017-05-20,MEX,0.2925852085778723
2017-05-21,MEX,0.861729499953743
2017-05-22,MEX,0.37645720013966233
2017-05-23,MEX,0.3601671186281719
2017-05-24,MEX,0.7910303496504941
2017-05-25,MEX,0.5277975101408372
2017-05-26,MEX,0.19550129210720185
2017-05-27,MEX,0.4037110603586498
2017-05-28,MEX,0.6405403813789783
2017-05-29,MEX,1.5722738963403193
2017-05-30,MEX,1.664731773405571
2017-05-31,MEX,1.5391596484123986
2017-06-01,MEX,1.6686841182880447
2017-06-02,MEX,1.5378180710200304
2017-06-03,MEX,0.8717269477264229
2017-06-04,MEX,0.6721900321717323
2017-06-05,MEX,0.5201985276980812
2017-06-06,MEX,0.5213495369038583
2017-06-07,MEX,0.854647999548698
2017-06-08,MEX,1.1285856298757089
2017-06-09,MEX,0.6989947405192334
2017-06-10,MEX,1.3121364149692623
2017-06-11,MEX,1.2534829633138886
2017-06-12,MEX,1.2616096860446584
2017-06-13,MEX,1.595911074286622
2017-06-14,MEX,1.328001615768386
2017-06-15,MEX,1.5377823284779175
2017-06-16,MEX,0.7414871907845151
2017-06-17,MEX,0.6483892887754878
2017-06-18,MEX,0.8483271377356754
2017-06-19,MEX,0.9462568762256014
2017-06-20,MEX,0.7746945944276482
2017-06-21,MEX,0.5424300787867976
2017-06-22,MEX,0.6127979783364812
2017-06-23,MEX,0.5574672952499137
2017-06-24,MEX,1.4897643302636836
2017-06-25,MEX,1.7218842402212482
2017-06-26,MEX,1.5478154051465676
2017-06-27,MEX,1.7821007531179898
2017-06-28,MEX,1.4845379446171605
2017-06-29,MEX,1.295633475589163
2017-06-30,MEX,1.3159115407482336
2017-07-01,MEX,1.5100850246053474
2017-07-02,MEX,1.1940882056966915
2017-07-03,MEX,1.4742316790635255
2017-07-04,MEX,1.1302028689726187
2017-07-05,MEX,0.9949484895906376
2017-07-06,MEX,1.274385182759601
2017-07-07,MEX,1.5064077964862252
2017-07-08,MEX,2.2147593119373603
2017-07-09,MEX,2.1208723888317214
2017-07-10,MEX,1.6706949768060926
2017-07-11,MEX,1.9493737802307727
2017-07-12,MEX,1.913311657164583
2017-07-13,MEX,1.8168083073634629
2017-07-14,MEX,1.7137938286432384
2017-07-15,MEX,1.7742061019102386
2017-07-16,MEX,1.28133772937802
2017-07-17,MEX,1.7657803195894908
2017-07-18,MEX,2.0397920553896545
2017-07-19,MEX,1.9932069782813486
2017-07-20,MEX,1.7484497087466049
2017-07-21,MEX,1.2796158222345007
2017-07-22,MEX,1.173599287056629
2017-07-23,MEX,1.4733609278755107
2017-07-24,MEX,1.2624400646113572
2017-07-25,MEX,1.4268105756419085
2017-07-26,MEX,1.3334261842633237
2017-07-27,MEX,1.3894147734981932
2017-07-28,MEX,1.4720932059822402
2017-07-29,MEX,1.2209991240290108
2017-07-30,MEX,1.0025378184761646
2017-07-31,MEX,1.0281610157196324
2017-08-01,MEX,1.4551197154320723
2017-08-02,MEX,1.5553656135153406
2017-08-03,MEX,1.7181271025750047
2017-08-04,MEX,1.6854235426399728
2017-08-05,MEX,1.5098700086454726
2017-08-06,MEX,0.8568657633266836
2017-08-07,MEX,1.0383103264907714
2017-08-08,MEX,2.1151883547187142
2017-08-09,MEX,2.234139766690278
2017-08-10,MEX,3.034491681916981
2017-08-11,MEX,1.8339800410041975
2017-08-12,MEX,1.4852746573594267
2017-08-13,MEX,0.8813317762237124
2017-08-14,MEX,1.0170179741171215
2017-08-15,MEX,1.1563926011609793
2017-08-16,MEX,1.1280272819517678
2017-08-17,MEX,1.6095022870964808
2017-08-18,MEX,1.3288157749366916
2017-08-19,MEX,1.3216061032671598
2017-08-20,MEX,0.8387791430093117
2017-08-21,MEX,0.7795243102352934
2017-08-22,MEX,1.6835255777538427
2017-08-23,MEX,1.6030737742934154
2017-08-24,MEX,1.3076153009424225
2017-08-25,MEX,1.2800151669724489
2017-08-26,MEX,1.594071672532574
2017-08-27,MEX,1.6306983757090643
2017-08-28,MEX,1.6789578542326695
2017-08-29,MEX,1.9025693621745274
2017-08-30,MEX,2.2596425313497503
2017-08-31,MEX,2.3628130421982267
2017-09-01,MEX,2.68888450344799
2017-09-02,MEX,3.0669530180141615
2017-09-03,MEX,2.1526703823452698
2017-09-04,MEX,2.061076313414291
2017-09-05,MEX,2.6864432719097247
2017-09-06,MEX,2.309193816593248
2017-09-07,MEX,2.07996715684463
2017-09-08,MEX,2.0843448188993925
2017-09-09,MEX,2.440849845564496
2017-09-10,MEX,1.4387787173734519
2017-09-11,MEX,1.1738895444553274
2017-09-12,MEX,0.4277693069538303
2017-09-13,MEX,0.7674350316087288
2017-09-14,MEX,1.5260839407960805
2017-09-15,MEX,0.9707389042123405
2017-09-16,MEX,0.8221927851495933
2017-09-17,MEX,0.8466831596055105
2017-09-18,MEX,1.1374171249148963
2017-09-19,MEX,1.38795533988879
2017-09-20,MEX,1.5099743400813166
2017-09-21,MEX,1.8451085162163183
2017-09-22,MEX,1.4175216712744947
2017-09-23,MEX,2.010581963103998
2017-09-24,MEX,1.7873108359939671
2017-09-25,MEX,2.4948790117724906
2017-09-26,MEX,2.489875525853088
2017-09-27,MEX,3.103636463189179
2017-09-28,MEX,3.2309927479006983
2017-09-29,MEX,3.020322533692277
2017-09-30,MEX,3.028193334471185
2017-10-01,MEX,2.450892370560796
2017-10-02,MEX,2.106762524100979
2017-10-03,MEX,1.867285282919538
2017-10-04,MEX,2.7566967231351756
2017-10-05,MEX,1.2669214290015207
2017-10-06,MEX,0.9126120888348895
2017-10-07,MEX,0.8817484411894495
2017-10-08,MEX,0.6989855697004868
2017-10-09,MEX,0.4240455205692801
2017-10-10,MEX,1.6507562198324621
2017-10-11,MEX,1.815083020826551
2017-10-12,MEX,1.402894292132276
2017-10-13,MEX,0.8378374545852401
2017-10-14,MEX,0.5855101146830393
2017-10-15,MEX,0.34030921165798533
2017-10-16,MEX,0.8511759954700758
2017-10-17,MEX,0.5923952228714565
2017-10-18,MEX,0.6250862170627707
2017-10-19,MEX,0.49410520228787036
2017-10-20,MEX,0.40786384543631177
2017-10-21,MEX,0.20722248082773387
2017-10-22,MEX,0.4916489763751545
2017-10-23,MEX,1.1437074650103918
2017-10-24,MEX,1.1805857089094876
2017-10-25,MEX,0.6490644934432543
2017-10-26,MEX,0.041932986683535796
2017-10-27,MEX,0.018156821896756145
2017-10-28,MEX,0.20893012269251118
2017-10-29,MEX,0.2881250426057558
2017-10-30,MEX,0.180837738782414
2017-10-31,MEX,0.21437410044097333
2017-11-01,MEX,0.11995371831077958
2017-11-02,MEX,0.03616787820481615
2017-11-03,MEX,0.11372198003185853
2017-11-04,MEX,0.19326687225427186
2017-11-05,MEX,0.075646471360474
2017-11-06,MEX,0.035653442905129465
2017-11-07,MEX,0.06680631889137342
2017-11-08,MEX,0.16901692869447266
2017-11-09,MEX,0.15221222124473602
2017-11-10,MEX,0.19854330940503304
2017-11-11,MEX,0.2168842585621108
2017-11-12,MEX,0.41190738979582153
2017-11-13,MEX,0.46535970826669454
2017-11-14,MEX,0.20746344821742124
2017-11-15,MEX,0.06593555497569155
2017-11-16,MEX,0.08231499201576468
2017-11-17,MEX,0.0662248306141506
2017-11-18,MEX,0.023477934719382733
2017-11-19,MEX,0.1774972775792846
2017-11-20,MEX,0.08957749372943444
2017-11-21,MEX,0.01944615376204351
2017-11-22,MEX,0.17041259083204519
2017-11-23,MEX,0.293941498601542
2017-11-24,MEX,0.049141743155059515
2017-11-25,MEX,0.003004101566827816
2017-11-26,MEX,0.052317594464529486
2017-11-27,MEX,0.0850821444908222
2017-11-28,MEX,0.01336865676742324
2017-11-29,MEX,0.04249530637116254
2017-11-30,MEX,0.0866910607266559
2017-12-01,MEX,0.05682393740157812
2017-12-02,MEX,0.048635812887718614
2017-12-03,MEX,0.07897225266191261
2017-12-04,MEX,0.02120539865701327
2017-12-05,MEX,0.03517146600232603
2017-12-06,MEX,0.6085410475490871
2017-12-07,MEX,1.6219245873436858
2017-12-08,MEX,0.8828951515312392
2017-12-09,MEX,0.349854981237337
2017-12-10,MEX,0.05124800723158939
2017-12-11,MEX,0.12002506632943749
2017-12-12,MEX,0.04084870223244606
2017-12-13,MEX,0.05915601997669722
2017-12-14,MEX,0.19092801336857584
2017-12-15,MEX,1.6401758591884594
2017-12-16,MEX,1.0158108998368542
2017-12-17,MEX,0.7174573549945579
2017-12-18,MEX,0.6529906034842671
2017-12-19,MEX,0.163406635026411
2017-12-20,MEX,0.0250441866047469
2017-12-21,MEX,0.0831247523603803
2017-12-22,MEX,0.05417012824695032
2017-12-23,MEX,0.0696680221028622
2017-12-24,MEX,0.12126739477881399
2017-12-25,MEX,0.15034064695959484
2017-12-26,MEX,0.030937348508914216
2017-12-27,MEX,0.10769021118939513
2017-12-28,MEX,0.2197413765074731
2017-12-29,MEX,0.11874394756980777
2017-12-30,MEX,0.04605736004998535
2017-12-31,MEX,0.0817398404293395
2018-01-01,MEX,0.5931467807122031
2018-01-02,MEX,0.45244787703134254
2018-01-03,MEX,0.21049893107186238
2018-01-04,MEX,0.36430407474663645
2018-01-05,MEX,0.0694783558153589
2018-01-06,MEX,0.0547081016027863
2018-01-07,MEX,0.028267366133295377
2018-01-08,MEX,0.02496829485802477
2018-01-09,MEX,0.1533816893502743
2018-01-10,MEX,0.11442238243158612
2018-01-11,MEX,0.007784652485319677
2018-01-12,MEX,0.161432069456139
2018-01-13,MEX,0.057964176239310924
2018-01-14,MEX,0.09108748493709101
2018-01-15,MEX,0.04251536143057255
2018-01-16,MEX,0.09372625801406802
2018-01-17,MEX,0.23629263393178992
2018-01-18,MEX,0.20382356167778334
2018-01-19,MEX,0.10684778092471775
2018-01-20,MEX,0.03565946527406872
2018-01-21,MEX,0.06630622464403087
2018-01-22,MEX,0.03413406380733338
2018-01-23,MEX,0.28867918695905576
2018-01-24,MEX,0.6672553868589194
2018-01-25,MEX,1.0740681734257962
2018-01-26,MEX,0.4681437938584013
2018-01-27,MEX,0.40645966230077785
2018-01-28,MEX,0.9160922907477134
2018-01-29,MEX,1.5903046583168987
2018-01-30,MEX,0.6476606540823128
2018-01-31,MEX,0.14467742651644605
2018-02-01,MEX,0.21665807677234852
2018-02-02,MEX,0.373329950356613
2018-02-03,MEX,0.30874120945417705
2018-02-04,MEX,0.02447749546067521
2018-02-05,MEX,0.062192895556320564
2018-02-06,MEX,0.1071155197247032
2018-02-07,MEX,0.17016595562291353
2018-02-08,MEX,0.9908013092812631
2018-02-09,MEX,1.0488858730917512
2018-02-10,MEX,0.19952268030454873
2018-02-11,MEX,0.08677459301643071
2018-02-12,MEX,0.25192762537711944
2018-02-13,MEX,0.2685388858630961
2018-02-14,MEX,0.28358608256086065
2018-02-15,MEX,0.3778115962224716
2018-02-16,MEX,0.43173627202453807
2018-02-17,MEX,0.11689845414437612
2018-02-18,MEX,0.1882416686155724
2018-02-19,MEX,0.7360610357259721
2018-02-20,MEX,0.2754195325165217
2018-02-21,MEX,0.15897345347891687
2018-02-22,MEX,0.1527431927162672
2018-02-23,MEX,0.17074213160188226
2018-02-24,MEX,0.09079475972342473
2018-02-25,MEX,0.06673834919218029
2018-02-26,MEX,0.15850098208264884
2018-02-27,MEX,0.27015522881448945
2018-02-28,MEX,0.4764331742508973
2018-03-01,MEX,0.018183360821094098
2018-03-02,MEX,0.09976850537370524
2018-03-03,MEX,0.09401817927809175
2018-03-04,MEX,0.03635013584557621
2018-03-05,MEX,0.023369751219533687
2018-03-06,MEX,0.12149114485630945
2018-03-07,MEX,0.5386970153475108
2018-03-08,MEX,0.1349112829657259
2018-03-09,MEX,0.0822092124007633
2018-03-10,MEX,0.02661060190049833
2018-03-11,MEX,0.054970333174139206
2018-03-12,MEX,0.3698000724845278
2018-03-13,MEX,0.21677496465677035
2018-03-14,MEX,0.3398497242907354
2018-03-15,MEX,0.19773464732617357
2018-03-16,MEX,0.02076416545257171
2018-03-17,MEX,0.04484938414087825
2018-03-18,MEX,0.06341429576389317
2018-03-19,MEX,0.008038723388166117
2018-03-20,MEX,0.0845895239787785
2018-03-21,MEX,0.19767132032324944
2018-03-22,MEX,0.19223167802902752
2018-03-23,MEX,0.11544338948374842
2018-03-24,MEX,0.02984346257045186
2018-03-25,MEX,0.02130670515664398
2018-03-26,MEX,0.03964397614098697
2018-03-27,MEX,0.09515039572597968
2018-03-28,MEX,0.1445849721546768
2018-03-29,MEX,0.2911976303745213
2018-03-30,MEX,0.5297913918875617
2018-03-31,MEX,0.42235341712539337
2018-04-01,MEX,0.06552935601231753
2018-04-02,MEX,0.03467174539497136
2018-04-03,MEX,0.05219701216802324
2018-04-04,MEX,0.4769605177190584
2018-04-05,MEX,0.3221053162477193
2018-04-06,MEX,0.13746154493806398
2018-04-07,MEX,0.08930136274876725
2018-04-08,MEX,0.08749103457039796
2018-04-09,MEX,0.08336727713072609
2018-04-10,MEX,1.1955220942617137
2018-04-11,MEX,0.9581342581924303
2018-04-12,MEX,0.3485155812278526
2018-04-13,MEX,0.0621996478848061
2018-04-14,MEX,0.07714132035895957
2018-04-15,MEX,1.0138967597276183
2018-04-16,MEX,0.017153612311513102
2018-04-17,MEX,0.009135656020856591
2018-04-18,MEX,0.029729827668897674
2018-04-19,MEX,0.2661792877398214
2018-04-20,MEX,0.2774706409468093
2018-04-21,MEX,0.06116564407197555
2018-04-22,MEX,0.21580945073033744
2018-04-23,MEX,0.37408940776522315
2018-04-24,MEX,0.38941352519549405
2018-04-25,MEX,0.6002194725586435
2018-04-26,MEX,1.0912558094322173
2018-04-27,MEX,0.6521943528361638
2018-04-28,MEX,0.728332697928771
2018-04-29,MEX,0.4466833746502808
2018-04-30,MEX,0.34687710778783504
2018-05-01,MEX,0.22662568630487506
2018-05-02,MEX,0.292285470563334
2018-05-03,MEX,0.40495790064937487
2018-05-04,MEX,0.6227969838295111
2018-05-05,MEX,1.0909533160941316
2018-05-06,MEX,1.1181715655460223
2018-05-07,MEX,0.6470231353797303
2018-05-08,MEX,0.8531407133127409
2018-05-09,MEX,0.6115245720999631
2018-05-10,MEX,0.5770801871597994
2018-05-11,MEX,0.3477655483729018
2018-05-12,MEX,0.43301191124794786
2018-05-13,MEX,0.36357125163480264
2018-05-14,MEX,0.8347538285721829
2018-05-15,MEX,0.4721053074103298
2018-05-16,MEX,0.5019880706736514
2018-05-17,MEX,0.38727497790324067
2018-05-18,MEX,0.2395426662387425
2018-05-19,MEX,0.182549813618228
2018-05-20,MEX,0.2229135126213537
2018-05-21,MEX,0.7300711969797232
2018-05-22,MEX,0.5533841757277377
2018-05-23,MEX,0.4033702838837126
2018-05-24,MEX,0.3343681516550448
2018-05-25,MEX,0.2243256982677869
2018-05-26,MEX,0.12022214593059004
2018-05-27,MEX,0.08090340599946919
2018-05-28,MEX,0.07543831210859928
2018-05-29,MEX,0.06479248234827582
2018-05-30,MEX,0.10072739456219668
2018-05-31,MEX,0.3516429543766142
2018-06-01,MEX,0.4327514971981781
2018-06-02,MEX,0.46923830432073516
2018-06-03,MEX,0.3992876207887804
2018-06-04,MEX,0.38811045744618516
2018-06-05,MEX,0.5337693588658241
2018-06-06,MEX,0.6307932384830242
2018-06-07,MEX,0.9569133324365611
2018-06-08,MEX,1.0075513701333214
2018-06-09,MEX,1.4089517726282235
2018-06-10,MEX,1.0273459354796088
2018-06-11,MEX,1.138279317692858
2018-06-12,MEX,2.2347919593765715
2018-06-13,MEX,2.685449018019755
2018-06-14,MEX,2.4855622798077532
2018-06-15,MEX,2.8010792935877453
2018-06-16,MEX,2.6344577512432594
2018-06-17,MEX,2.6821592087660275
2018-06-18,MEX,2.4626355483315523
2018-06-19,MEX,1.5803270901670536
2018-06-20,MEX,1.0339050743169935
2018-06-21,MEX,1.3637744086110228
2018-06-22,MEX,1.341684844201191
2018-06-23,MEX,1.184838411736097
2018-06-24,MEX,0.8924313698580152
2018-06-25,MEX,1.1745348340624575
2018-06-26,MEX,1.5619818127163876
2018-06-27,MEX,1.2909887341861603
2018-06-28,MEX,1.6414104654362238
2018-06-29,MEX,1.310384154272671
2018-06-30,MEX,0.9239424950692684
2018-07-01,MEX,0.9139060327077672
2018-07-02,MEX,0.9313092978787896
2018-07-03,MEX,0.88988062098672
2018-07-04,MEX,0.5823816916226771
2018-07-05,MEX,0.9369613719126721
2018-07-06,MEX,1.4452094757091196
2018-07-07,MEX,1.3526627328649774
2018-07-08,MEX,1.553146532530455
2018-07-09,MEX,2.1335408081449474
2018-07-10,MEX,1.4332547074822055
2018-07-11,MEX,1.0639300466357062
2018-07-12,MEX,0.7019669657960156
2018-07-13,MEX,0.643555629226601
2018-07-14,MEX,0.7130361405472622
2018-07-15,MEX,0.8258543536046997
2018-07-16,MEX,1.2901752172037009
2018-07-17,MEX,1.2725226952159239
2018-07-18,MEX,0.6218778334155048
2018-07-19,MEX,0.456392966807727
2018-07-20,MEX,0.4735413502689745
2018-07-21,MEX,0.5556359827878908
2018-07-22,MEX,0.33503833916411657
2018-07-23,MEX,0.2213938896874839
2018-07-24,MEX,0.36846629295561323
2018-07-25,MEX,0.5041182965027201
2018-07-26,MEX,0.667975256965701
2018-07-27,MEX,1.196427508163041
2018-07-28,MEX,0.9663106930281002
2018-07-29,MEX,0.9132305311396256
2018-07-30,MEX,1.128317655079001
2018-07-31,MEX,1.4799985425417772
2018-08-01,MEX,1.2662247832463975
2018-08-02,MEX,1.0861764915122682
2018-08-03,MEX,1.7331227024104356
2018-08-04,MEX,1.2554298440768747
2018-08-05,MEX,1.4417030519672294
2018-08-06,MEX,1.7034422811459298
2018-08-07,MEX,1.6111957768597445
2018-08-08,MEX,1.5242583326927552
2018-08-09,MEX,1.512206152041329
2018-08-10,MEX,1.1334237296792005
2018-08-11,MEX,1.6629465127437568
2018-08-12,MEX,2.0936430994967687
2018-08-13,MEX,2.022863175414261
2018-08-14,MEX,1.4260041732723798
2018-08-15,MEX,1.3376007831569172
2018-08-16,MEX,0.9471252041923649
2018-08-17,MEX,1.2348537011648277
2018-08-18,MEX,1.0058004234941331
2018-08-19,MEX,1.2868862367447191
2018-08-20,MEX,1.122344388805286
2018-08-21,MEX,1.3370938110163297
2018-08-22,MEX,1.358744529313227
2018-08-23,MEX,1.0936061372606896
2018-08-24,MEX,1.1304305225617641
2018-08-25,MEX,0.6255728764190285
2018-08-26,MEX,0.9766645131587014
2018-08-27,MEX,1.1705737976558612
2018-08-28,MEX,1.4479194720193078
2018-08-29,MEX,1.4358217413033385
2018-08-30,MEX,1.434573376790573
2018-08-31,MEX,1.485892950803857
2018-09-01,MEX,1.2657389397290952
2018-09-02,MEX,1.2807331959467447
2018-09-03,MEX,1.771646498648787
2018-09-04,MEX,1.7317340083639763
2018-09-05,MEX,1.6978774033979949
2018-09-06,MEX,2.2411688554293883
2018-09-07,MEX,2.0825110765367745
2018-09-08,MEX,2.390058272323304
2018-09-09,MEX,1.9974500862729399
2018-09-10,MEX,2.4043079555373614
2018-09-11,MEX,1.9813900723977926
2018-09-12,MEX,2.2218023842255175
2018-09-13,MEX,1.9658039703357835
2018-09-14,MEX,1.6774485381026583
2018-09-15,MEX,1.7241283720817684
2018-09-16,MEX,1.7265906950440024
2018-09-17,MEX,1.6919391936777226
2018-09-18,MEX,1.3339889939676493
2018-09-19,MEX,2.470026072785896
2018-09-20,MEX,2.3891955592376712
2018-09-21,MEX,0.9782248826197392
2018-09-22,MEX,1.4031760762863803
2018-09-23,MEX,1.587409269913321
2018-09-24,MEX,1.2509850531823645
2018-09-25,MEX,0.9826634515980301
2018-09-26,MEX,1.1535167325373255
2018-09-27,MEX,1.822290565657859
2018-09-28,MEX,1.408592444972634
2018-09-29,MEX,1.4879206618449206
2018-09-30,MEX,1.5559526475183243
2018-10-01,MEX,1.97251118269851
2018-10-02,MEX,1.3846542414409126
2018-10-03,MEX,0.8569419130248344
2018-10-04,MEX,0.6337789205690136
2018-10-05,MEX,0.7989409781466857
2018-10-06,MEX,0.8743785703425001
2018-10-07,MEX,1.3056240997573958
2018-10-08,MEX,1.2072706457477684
2018-10-09,MEX,0.5500536761869719
2018-10-10,MEX,0.9290700463104896
2018-10-11,MEX,1.6227383440580108
2018-10-12,MEX,2.9500173743123983
2018-10-13,MEX,1.1764305382391704
2018-10-14,MEX,0.8123625552300878
2018-10-15,MEX,1.5911381799806377
2018-10-16,MEX,2.260529375602345
2018-10-17,MEX,2.6652440865551386
2018-10-18,MEX,2.578861850916881
2018-10-19,MEX,1.869133716194857
2018-10-20,MEX,2.882858343343018
2018-10-21,MEX,2.4190013911526638
2018-10-22,MEX,1.9982463639924155
2018-10-23,MEX,2.0737351979035745
2018-10-24,MEX,2.268183060165274
2018-10-25,MEX,0.1449591220866099
2018-10-26,MEX,0.4486177000596289
2018-10-27,MEX,0.9337090485142575
2018-10-28,MEX,0.7216581210137073
2018-10-29,MEX,0.416887139507216
2018-10-30,MEX,0.25002064367492516
2018-10-31,MEX,0.3461819014609747
2018-11-01,MEX,0.399874822014849
2018-11-02,MEX,0.9360307991853711
2018-11-03,MEX,0.9495595923619482
2018-11-04,MEX,0.8595475287159763
2018-11-05,MEX,0.27355095189043976
2018-11-06,MEX,0.03974625558022162
2018-11-07,MEX,0.0590060882708003
2018-11-08,MEX,0.07940078298770464
2018-11-09,MEX,0.288039126264237
2018-11-10,MEX,0.47774913886863324
2018-11-11,MEX,0.17827615635842714
2018-11-12,MEX,0.1442195947751229
2018-11-13,MEX,1.0510209602359344
2018-11-14,MEX,1.2960307029595763
2018-11-15,MEX,0.2716219335810794
2018-11-16,MEX,0.07853867180335831
2018-11-17,MEX,0.020259521614560475
2018-11-18,MEX,0.03348713249247967
2018-11-19,MEX,0.09212786010030398
2018-11-20,MEX,0.23926456396948914
2018-11-21,MEX,0.3148408155729191
2018-11-22,MEX,0.15140547237226573
2018-11-23,MEX,0.06096523721797402
2018-11-24,MEX,0.029502401722849063
2018-11-25,MEX,0.15791276332797166
2018-11-26,MEX,0.3339598231095234
2018-11-27,MEX,0.49846753362372065
2018-11-28,MEX,1.338747066127744
2018-11-29,MEX,1.796813022552025
2018-11-30,MEX,0.5575152387022819
2018-12-01,MEX,0.08013468491349376
2018-12-02,MEX,0.025453659339885863
2018-12-03,MEX,0.05134730690880412
2018-12-04,MEX,0.41751705788795535
2018-12-05,MEX,0.4915841092158999
2018-12-06,MEX,0.7261656144740666
2018-12-07,MEX,2.693003953500223
2018-12-08,MEX,0.5807833187526609
2018-12-09,MEX,0.39368854423663524
2018-12-10,MEX,0.6362674837286575
2018-12-11,MEX,0.22176121435745744
2018-12-12,MEX,0.25976331260458213
2018-12-13,MEX,0.18451238315592308
2018-12-14,MEX,0.2438779622288157
2018-12-15,MEX,0.10646199169469797
2018-12-16,MEX,0.06487552504273289
2018-12-17,MEX,0.09241197413659046
2018-12-18,MEX,0.05308518063726123
2018-12-19,MEX,0.05117562969035494
2018-12-20,MEX,0.07824022577474178
2018-12-21,MEX,0.037739513110720345
2018-12-22,MEX,0.0011315376650762414
2018-12-23,MEX,0.002865635583277882
2018-12-24,MEX,0.12689855166070352
2018-12-25,MEX,0.10939115386267421
2018-12-26,MEX,0.34842460939928316
2018-12-27,MEX,0.029389312241939185
2018-12-28,MEX,0.08650853663473279
2018-12-29,MEX,0.19467258110720503
2018-12-30,MEX,0.3285897611633118
2018-12-31,MEX,0.06586826509943604
2019-01-01,MEX,0.09942019679899153
2019-01-02,MEX,0.21676048309551837
2019-01-03,MEX,0.05116643192929851
2019-01-04,MEX,0.10679432139440144
2019-01-05,MEX,0.17105621364030263
2019-01-06,MEX,0.7922647193845105
2019-01-07,MEX,0.1314372532497501
2019-01-08,MEX,0.08700488904233919
2019-01-09,MEX,0.4162577682305928
2019-01-10,MEX,0.5360466878499929
2019-01-11,MEX,0.5049612071283236
2019-01-12,MEX,0.1772921242727009
2019-01-13,MEX,0.31469886721098234
2019-01-14,MEX,0.3106124693625968
2019-01-15,MEX,0.9247055497324095
2019-01-16,MEX,0.19976065800213774
2019-01-17,MEX,0.22747687725993865
2019-01-18,MEX,0.203388146895025
2019-01-19,MEX,0.02734865696576021
2019-01-20,MEX,0.23428436227568494
2019-01-21,MEX,0.015265473670492356
2019-01-22,MEX,0.01555197173797813
2019-01-23,MEX,0.08914560635151994
2019-01-24,MEX,0.2288990097704275
2019-01-25,MEX,0.1787947231685606
2019-01-26,MEX,0.3663884736272362
2019-01-27,MEX,0.587303038705054
2019-01-28,MEX,0.03923822362712546
2019-01-29,MEX,0.04899182212472772
2019-01-30,MEX,0.07988462779247625
2019-01-31,MEX,0.05925839625739042
2019-02-01,MEX,0.05573398229399224
2019-02-02,MEX,0.0709549744241838
2019-02-03,MEX,0.21132665075709256
2019-02-04,MEX,0.08277835656547373
2019-02-05,MEX,0.34174523271468477
2019-02-06,MEX,0.40053791632829855
2019-02-07,MEX,0.02066030838409204
2019-02-08,MEX,0.2691649101883832
2019-02-09,MEX,0.23952966066331158
2019-02-10,MEX,0.2205413130771456
2019-02-11,MEX,0.15212616672994156
2019-02-12,MEX,0.281870397253202
2019-02-13,MEX,0.4776521818116053
2019-02-14,MEX,0.22147262799422432
2019-02-15,MEX,0.08028623859456657
2019-02-16,MEX,0.006628489843730948
2019-02-17,MEX,0.012838546944312489
2019-02-18,MEX,0.08153653858378541
2019-02-19,MEX,0.1338312299491655
2019-02-20,MEX,0.03478821111421191
2019-02-21,MEX,0.23990882488215845
2019-02-22,MEX,0.7697071839893095
2019-02-23,MEX,0.14868845750049328
2019-02-24,MEX,0.17311176363146566
2019-02-25,MEX,0.24131132940593616
2019-02-26,MEX,0.06092135163664306
2019-02-27,MEX,0.017184290175463513
2019-02-28,MEX,0.08339264452983096
2019-03-01,MEX,0.052464568535594655
2019-03-02,MEX,0.03739984477287079
2019-03-03,MEX,0.016981860549932094
2019-03-04,MEX,0.1838745831886849
2019-03-05,MEX,0.27765590467290424
2019-03-06,MEX,0.2998123847823002
2019-03-07,MEX,0.08095788379585042
2019-03-08,MEX,0.06279132572186212
2019-03-09,MEX,0.05127133178239257
2019-03-10,MEX,0.06445504757824595
2019-03-11,MEX,0.1846274276155461
2019-03-12,MEX,1.4083129934796983
2019-03-13,MEX,0.24063858055685663
2019-03-14,MEX,0.012383640247207988
2019-03-15,MEX,0.23843696455863306
2019-03-16,MEX,0.31547583945579016
2019-03-17,MEX,0.2705363303218539
2019-03-18,MEX,0.7478057714125161
2019-03-19,MEX,0.3187801477670741
2019-03-20,MEX,0.28375555959863275
2019-03-21,MEX,0.35411092831505797
2019-03-22,MEX,0.263156863683147
2019-03-23,MEX,0.12984060787417057
2019-03-24,MEX,0.021974304429624617
2019-03-25,MEX,0.017495206622951783
2019-03-26,MEX,0.13172220244887817
2019-03-27,MEX,0.1963898539604078
2019-03-28,MEX,0.05160771632404024
2019-03-29,MEX,0.0065511410642982775
2019-03-30,MEX,0.015766662287032482
2019-03-31,MEX,0.5722693195399615
2019-04-01,MEX,0.10157055324798227
2019-04-02,MEX,0.08582317800278426
2019-04-03,MEX,0.06428325586187332
2019-04-04,MEX,0.058195582400454485
2019-04-05,MEX,0.0952938438308069
2019-04-06,MEX,0.08462214548458077
2019-04-07,MEX,0.24072940794056755
2019-04-08,MEX,0.28811587654304904
2019-04-09,MEX,0.5421034843333333
2019-04-10,MEX,0.037565181367767625
2019-04-11,MEX,0.0010245756069771487
2019-04-12,MEX,0.03635836354491764
2019-04-13,MEX,0.06611913147311019
2019-04-14,MEX,0.08546903156428803
2019-04-15,MEX,0.1420412960829912
2019-04-16,MEX,0.05867986002919629
2019-04-17,MEX,0.08595720807903036
2019-04-18,MEX,0.14895181231711094
2019-04-19,MEX,0.22391471617701153
2019-04-20,MEX,0.006264418488205534
2019-04-21,MEX,0.008807997144506214
2019-04-22,MEX,0.03076099396367628
2019-04-23,MEX,0.05808393366681404
2019-04-24,MEX,0.2652168853340799
2019-04-25,MEX,0.04807216631168339
2019-04-26,MEX,0.1393891539578628
2019-04-27,MEX,0.12345280393119017
2019-04-28,MEX,0.04889172793063654
2019-04-29,MEX,0.09189334151599031
2019-04-30,MEX,0.10782754337792046
2019-05-01,MEX,0.13613929265307245
2019-05-02,MEX,0.17006743456163906
2019-05-03,MEX,0.2456870208980498
2019-05-04,MEX,0.2621585695801072
2019-05-05,MEX,0.613943691605998
2019-05-06,MEX,0.41717734972792453
2019-05-07,MEX,0.1670285502845218
2019-05-08,MEX,0.05101026620016982
2019-05-09,MEX,0.2530319884252
2019-05-10,MEX,0.3310011412166063
2019-05-11,MEX,0.23003956820354352
2019-05-12,MEX,0.1938309779864085
2019-05-13,MEX,0.20032848809919387
2019-05-14,MEX,0.3676550858845426
2019-05-15,MEX,0.4994197826545723
2019-05-16,MEX,0.4726819956108917
2019-05-17,MEX,0.4797282584915408
2019-05-18,MEX,0.26490445964673587
2019-05-19,MEX,0.13845006101162013
2019-05-20,MEX,0.10466238001904159
2019-05-21,MEX,0.036414548397465274
2019-05-22,MEX,0.09002195563996619
2019-05-23,MEX,0.16082800080340295
2019-05-24,MEX,0.3805796988596824
2019-05-25,MEX,0.21551152865455042
2019-05-26,MEX,0.22939637059201837
2019-05-27,MEX,0.3864877165163797
2019-05-28,MEX,0.320035842774111
2019-05-29,MEX,0.27159283669635004
2019-05-30,MEX,0.7308423109583007
2019-05-31,MEX,1.761865708683291
2019-06-01,MEX,1.9842255949216696
2019-06-02,MEX,1.917175975686282
2019-06-03,MEX,2.158087349621417
2019-06-04,MEX,2.359843948171435
2019-06-05,MEX,1.2295442828745689
2019-06-06,MEX,0.5830285794475302
2019-06-07,MEX,0.40928384355072744
2019-06-08,MEX,0.27513836364468885
2019-06-09,MEX,0.3240591008040276
2019-06-10,MEX,0.9496742833155153
2019-06-11,MEX,1.0665593935728692
2019-06-12,MEX,0.8269072281617589
2019-06-13,MEX,1.2193242223991771
2019-06-14,MEX,1.341740608745173
2019-06-15,MEX,0.6977003637912982
2019-06-16,MEX,0.5054816850967829
2019-06-17,MEX,0.4762173790367324
2019-06-18,MEX,0.6598142142391411
2019-06-19,MEX,0.5369713749164648
2019-06-20,MEX,0.36733975913723094
2019-06-21,MEX,0.5782270821293097
2019-06-22,MEX,0.9862762965789735
2019-06-23,MEX,0.704500601946411
2019-06-24,MEX,0.8390047789185092
2019-06-25,MEX,1.3226718196735296
2019-06-26,MEX,0.7057674131586076
2019-06-27,MEX,0.6522448302465057
2019-06-28,MEX,0.6611304275293463
2019-06-29,MEX,0.7164851318460762
2019-06-30,MEX,0.8786241219553237
2019-07-01,MEX,1.1353546627483244
2019-07-02,MEX,0.9017102105740794
2019-07-03,MEX,0.7299417989209275
2019-07-04,MEX,0.6699818671996342
2019-07-05,MEX,0.7293734334054094
2019-07-06,MEX,0.5939538132543452
2019-07-07,MEX,1.0570818622697276
2019-07-08,MEX,0.758337509537879
2019-07-09,MEX,0.8763160155183862
2019-07-10,MEX,1.0191631281823494
2019-07-11,MEX,0.947348773116532
2019-07-12,MEX,1.2535514629912887
2019-07-13,MEX,1.3899010217947974
2019-07-14,MEX,0.9961662167965919
2019-07-15,MEX,0.924968041179605
2019-07-16,MEX,1.1745740428886946
2019-07-17,MEX,1.2198099183213666
2019-07-18,MEX,1.0438964845512675
2019-07-19,MEX,1.2204231535548375
2019-07-20,MEX,1.4225035603513636
2019-07-21,MEX,1.2211426919575088
2019-07-22,MEX,1.160841277778866
2019-07-23,MEX,1.6103044516880556
2019-07-24,MEX,1.9589888017548764
2019-07-25,MEX,1.637190593702457
2019-07-26,MEX,0.9622900147947535
2019-07-27,MEX,0.7069891181436181
2019-07-28,MEX,0.7232256949052107
2019-07-29,MEX,1.099767374026469
2019-07-30,MEX,0.9871343466355943
2019-07-31,MEX,0.7564336590525269
2019-08-01,MEX,0.6319183245763678
2019-08-02,MEX,0.45705968413586245
2019-08-03,MEX,0.4836469080278889
2019-08-04,MEX,0.8714164606528934
2019-08-05,MEX,1.3001690303289135
2019-08-06,MEX,0.9793089224205159
2019-08-07,MEX,1.1784030397972405
2019-08-08,MEX,1.2868386622233114
2019-08-09,MEX,1.3571737589654818
2019-08-10,MEX,1.6104372753699607
2019-08-11,MEX,0.8496213185043342
2019-08-12,MEX,0.8966024827462379
2019-08-13,MEX,0.7055734216995004
2019-08-14,MEX,0.6779454111463217
2019-08-15,MEX,0.7462548356673387
2019-08-16,MEX,1.0566117145418599
2019-08-17,MEX,1.0035895898680838
2019-08-18,MEX,0.9897454652564258
2019-08-19,MEX,1.1240640477141934
2019-08-20,MEX,1.1235895872350574
2019-08-21,MEX,1.528491594131711
2019-08-22,MEX,1.4377613428258227
2019-08-23,MEX,2.052461641951101
2019-08-24,MEX,1.7879017245928344
2019-08-25,MEX,1.0501319840929557
2019-08-26,MEX,1.0896050397563721
2019-08-27,MEX,0.8399535251160541
2019-08-28,MEX,0.7687766227324278
2019-08-29,MEX,0.5076557187210436
2019-08-30,MEX,0.9674378295228206
2019-08-31,MEX,0.8947187764034424
2019-09-01,MEX,0.9390776906836982
2019-09-02,MEX,1.0668845520266834
2019-09-03,MEX,1.0463975876593234
2019-09-04,MEX,2.8686095349484133
2019-09-05,MEX,2.2409049282820868
2019-09-06,MEX,1.6842143028342427
2019-09-07,MEX,1.5168601352553674
2019-09-08,MEX,1.4261054750799493
2019-09-09,MEX,1.3047993858422233
2019-09-10,MEX,1.5036584632406809
2019-09-11,MEX,1.5011990916236446
2019-09-12,MEX,1.6968278892203883
2019-09-13,MEX,1.857795486158345
2019-09-14,MEX,2.1939439590805665
2019-09-15,MEX,1.1046539555451678
2019-09-16,MEX,0.9249975495813871
2019-09-17,MEX,1.1282534469956533
2019-09-18,MEX,1.6297629875349888
2019-09-19,MEX,2.3204872671252046
2019-09-20,MEX,0.9913411295665285
2019-09-21,MEX,1.092561182545573
2019-09-22,MEX,1.3266698273295086
2019-09-23,MEX,1.135935555558308
2019-09-24,MEX,1.9614927832075804
2019-09-25,MEX,1.556461241444799
2019-09-26,MEX,1.3290670775672282
2019-09-27,MEX,1.0091258478311431
2019-09-28,MEX,1.4940375169470437
2019-09-29,MEX,3.234124006639327
2019-09-30,MEX,3.644429558934609
2019-10-01,MEX,1.9781638252829234
2019-10-02,MEX,1.0737092999571078
2019-10-03,MEX,1.2797308891726358
2019-10-04,MEX,1.2460118241033733
2019-10-05,MEX,0.8856866970409667
2019-10-06,MEX,1.0628755609200617
2019-10-07,MEX,0.8418732203395987
2019-10-08,MEX,1.3455954739651248
2019-10-09,MEX,1.1163570588233405
2019-10-10,MEX,0.608020606681527
2019-10-11,MEX,0.5005425635647704
2019-10-12,MEX,1.3547079961448873
2019-10-13,MEX,1.0178949751797908
2019-10-14,MEX,0.9464348246264223
2019-10-15,MEX,1.0554290571598304
2019-10-16,MEX,2.34782880273691
2019-10-17,MEX,2.900151274122511
2019-10-18,MEX,1.4637081007250954
2019-10-19,MEX,0.7586273446862404
2019-10-20,MEX,1.3306175655469175
2019-10-21,MEX,1.065775319970323
2019-10-22,MEX,1.4964393808142973
2019-10-23,MEX,1.7432966599582693
2019-10-24,MEX,1.0570006691499498
2019-10-25,MEX,1.4021071842609019
2019-10-26,MEX,2.3505458397320345
2019-10-27,MEX,0.5260048090507982
2019-10-28,MEX,0.44895471637493817
2019-10-29,MEX,0.4976961112099761
2019-10-30,MEX,0.4046259275950913
2019-10-31,MEX,1.2745998733162367
2019-11-01,MEX,0.87207018383661
2019-11-02,MEX,0.6888032607393871
2019-11-03,MEX,1.0052285528514875
2019-11-04,MEX,0.4705274086508827
2019-11-05,MEX,0.31819127411018705
2019-11-06,MEX,0.6187216721267615
2019-11-07,MEX,0.3165055686506865
2019-11-08,MEX,0.8361478781438889
2019-11-09,MEX,0.45885962685708415
2019-11-10,MEX,0.29904706997723135
2019-11-11,MEX,0.7295399810777116
2019-11-12,MEX,1.5482581452510813
2019-11-13,MEX,2.0941390771222523
2019-11-14,MEX,0.5429801693158923
2019-11-15,MEX,0.54230376034077
2019-11-16,MEX,0.38082224159404887
2019-11-17,MEX,0.5502322428885876
2019-11-18,MEX,0.3281058010338578
2019-11-19,MEX,0.8916291207667
2019-11-20,MEX,1.2435826949964337
2019-11-21,MEX,0.6401404672381394
2019-11-22,MEX,0.13399575715702586
2019-11-23,MEX,0.18659480863651398
2019-11-24,MEX,0.2827611687377024
2019-11-25,MEX,0.20594452809502564
2019-11-26,MEX,0.6373158571732034
2019-11-27,MEX,1.6562816454540978
2019-11-28,MEX,2.859174455900026
2019-11-29,MEX,1.3078901376397363
2019-11-30,MEX,0.09762811952167001
2019-12-01,MEX,0.04721280903526604
2019-12-02,MEX,0.16936895833226656
2019-12-03,MEX,0.12004470832008501
2019-12-04,MEX,0.06610451147986292
2019-12-05,MEX,0.03262433888943498
2019-12-06,MEX,0.02544884474596715
2019-12-07,MEX,0.127597813835651
2019-12-08,MEX,0.051389888136402995
2019-12-09,MEX,0.6797684533507062
2019-12-10,MEX,0.23013311337123676
2019-12-11,MEX,0.345210344226735
2019-12-12,MEX,0.4895483988670119
2019-12-13,MEX,0.06300046734639418
2019-12-14,MEX,0.023120230696950454
2019-12-15,MEX,0.02145584102556419
2019-12-16,MEX,0.01793400149791277
2019-12-17,MEX,0.31944409352800296
2019-12-18,MEX,1.1216606426827718
2019-12-19,MEX,0.20778528180109504
2019-12-20,MEX,0.2729173724715404
2019-12-21,MEX,0.8929160599238316
2019-12-22,MEX,0.811903594959861
2019-12-23,MEX,0.30337302394236315
2019-12-24,MEX,0.6849433026853489
2019-12-25,MEX,0.057295486719038745
2019-12-26,MEX,0.20205904988649895
2019-12-27,MEX,0.38255080021024956
2019-12-28,MEX,0.24212253306137316
2019-12-29,MEX,0.06074824632036128
2019-12-30,MEX,0.09776146895160234
2019-12-31,MEX,0.24171335853169398
2020-01-01,MEX,1.5770854416138622
2020-01-02,MEX,1.5813372181544998
2020-01-03,MEX,0.07788464781224885
2020-01-04,MEX,0.31993715757351826
2020-01-05,MEX,0.06605748244929702
2020-01-06,MEX,0.008349394110093772
2020-01-07,MEX,0.06771055135250272
2020-01-08,MEX,0.13612857879463125
2020-01-09,MEX,0.018525803686277837
2020-01-10,MEX,0.09711340696515552
2020-01-11,MEX,0.03666846167065749
2020-01-12,MEX,0.1563347887764931
2020-01-13,MEX,0.08235988158892227
2020-01-14,MEX,0.08420513481305089
2020-01-15,MEX,0.08390653796093137
2020-01-16,MEX,0.27657150682698345
2020-01-17,MEX,0.521915605121449
2020-01-18,MEX,0.3660147671538016
2020-01-19,MEX,1.0172711358664734
2020-01-20,MEX,0.751190962283849
2020-01-21,MEX,0.5295001493993541
2020-01-22,MEX,0.1076676954747583
2020-01-23,MEX,0.10945756001683468
2020-01-24,MEX,0.30027545323685245
2020-01-25,MEX,0.2491874616719382
2020-01-26,MEX,0.2923340122648702
2020-01-27,MEX,0.17611289778558736
2020-01-28,MEX,0.020288262487951805
2020-01-29,MEX,0.21990577685075083
2020-01-30,MEX,0.21033245678289444
2020-01-31,MEX,0.16227602785197243
2020-02-01,MEX,0.43057361754195894
2020-02-02,MEX,0.4996388018417031
2020-02-03,MEX,2.110293303899927
2020-02-04,MEX,0.5917672300387982
2020-02-05,MEX,0.5844210477281053
2020-02-06,MEX,0.1920478401923883
2020-02-07,MEX,0.16237358719892325
2020-02-08,MEX,0.059433103678396985
2020-02-09,MEX,0.0368147561175775
2020-02-10,MEX,0.5445000792241781
2020-02-11,MEX,0.4776895204978595
2020-02-12,MEX,0.24017838441165532
2020-02-13,MEX,0.1875265446351099
2020-02-14,MEX,0.2264637068810468
2020-02-15,MEX,0.17444752083531265
2020-02-16,MEX,0.03944522010709548
2020-02-17,MEX,0.009026361009773458
2020-02-18,MEX,0.03399376663211533
2020-02-19,MEX,0.13340123463196443
2020-02-20,MEX,0.09300635130019724
2020-02-21,MEX,0.5175268183234916
2020-02-22,MEX,0.43174312279536053
2020-02-23,MEX,0.1369600596704619
2020-02-24,MEX,0.00863840352138473
2020-02-25,MEX,0.04613433630004422
2020-02-26,MEX,0.44953121206277435
2020-02-27,MEX,0.4213971781345657
2020-02-28,MEX,0.0997398331593156
2020-02-29,MEX,0.08023464684141715
2020-03-01,MEX,0.014714797424769837
2020-03-02,MEX,0.11170084175731733
2020-03-03,MEX,0.9002754232533556
2020-03-04,MEX,0.2787022093938386
2020-03-05,MEX,0.09382145643384174
2020-03-06,MEX,0.32416470047815704
2020-03-07,MEX,0.23945389706240844
2020-03-08,MEX,0.6194686132019862
2020-03-09,MEX,0.22237745916563192
2020-03-10,MEX,0.5569978115451708
2020-03-11,MEX,0.26920154171591293
2020-03-12,MEX,0.842949449884318
2020-03-13,MEX,0.5463934057803805
2020-03-14,MEX,0.1680158764703388
2020-03-15,MEX,0.20229275564357238
2020-03-16,MEX,0.44957107240693406
2020-03-17,MEX,0.30897342279529594
2020-03-18,MEX,1.2554468746487397
2020-03-19,MEX,0.43154568550159716
2020-03-20,MEX,0.15818882497141948
2020-03-21,MEX,0.2962473423639848
2020-03-22,MEX,0.09032580462723112
2020-03-23,MEX,0.014860664901500379
2020-03-24,MEX,0.003927087848188273
2020-03-25,MEX,0.004023696519392623
2020-03-26,MEX,0.0067891508213026195
2020-03-27,MEX,0.03214928557805191
2020-03-28,MEX,0.011268237211766842
2020-03-29,MEX,0.12777052609195755
2020-03-30,MEX,0.09153614843831655
2020-03-31,MEX,0.10054270360564047
2020-04-01,MEX,0.15938899821219588
2020-04-02,MEX,0.07540129691261821
2020-04-03,MEX,0.1590034734703544
2020-04-04,MEX,0.3919066881085786
2020-04-05,MEX,0.17719633051366263
2020-04-06,MEX,0.14755170496832107
2020-04-07,MEX,0.17236589564682794
2020-04-08,MEX,0.16071136490365687
2020-04-09,MEX,0.12548438620972532
2020-04-10,MEX,0.2830410038395881
2020-04-11,MEX,0.31012822281802443
2020-04-12,MEX,0.03390285839477715
2020-04-13,MEX,0.003539454796810403
2020-04-14,MEX,0.03728483860825327
2020-04-15,MEX,0.3562802548125885
2020-04-16,MEX,0.15394046116762647
2020-04-17,MEX,0.09084785258763457
2020-04-18,MEX,0.08562228338406118
2020-04-19,MEX,0.03105732104548359
2020-04-20,MEX,0.04491263056001623
2020-04-21,MEX,0.03462344548768917
2020-04-22,MEX,0.03110030607917804
2020-04-23,MEX,0.08409013635499744
2020-04-24,MEX,0.03979287889067585
2020-04-25,MEX,0.14129954922356514
2020-04-26,MEX,0.5062585164351457
2020-04-27,MEX,0.3174389593886152
2020-04-28,MEX,0.1627882834978978
2020-04-29,MEX,0.1808440178538181
2020-04-30,MEX,0.4806691343141233
2020-05-01,MEX,0.2606354025480342
2020-05-02,MEX,0.15114022997561538
2020-05-03,MEX,0.10712599534707791
2020-05-04,MEX,0.1777101530092701
2020-05-05,MEX,0.3423530680745034
2020-05-06,MEX,0.8545272655492046
2020-05-07,MEX,0.904204445489098
2020-05-08,MEX,0.5925507487962088
2020-05-09,MEX,1.5218742407086763
2020-05-10,MEX,0.8630927876691711
2020-05-11,MEX,0.39036810523222437
2020-05-12,MEX,0.23578194937841693
2020-05-13,MEX,0.21106897492082097
2020-05-14,MEX,0.2735980933044599
2020-05-15,MEX,0.16572255457990928
2020-05-16,MEX,0.15265463859950662
2020-05-17,MEX,0.14972981953939454
2020-05-18,MEX,0.2671175571363002
2020-05-19,MEX,0.15057723265756476
2020-05-20,MEX,0.09137894402257299
2020-05-21,MEX,0.22600600583102914
2020-05-22,MEX,0.324898668713681
2020-05-23,MEX,0.22242659277412719
2020-05-24,MEX,0.20390371362208046
2020-05-25,MEX,0.14741053050586464
2020-05-26,MEX,0.5154362934077166
2020-05-27,MEX,0.403329035288614
2020-05-28,MEX,0.5316461809382469
2020-05-29,MEX,1.628825516705041
2020-05-30,MEX,1.8415301862307303
2020-05-31,MEX,1.8140593584895446
2020-06-01,MEX,1.9794020289683718
2020-06-02,MEX,1.9043430805911947
2020-06-03,MEX,2.4844180151860717
2020-06-04,MEX,2.6779117268114963
2020-06-05,MEX,2.142395959290328
2020-06-06,MEX,0.7747938418169322
2020-06-07,MEX,0.5494296097983464
2020-06-08,MEX,0.3660665018385639
2020-06-09,MEX,0.2699608181712157
2020-06-10,MEX,0.6958493230023234
2020-06-11,MEX,1.7348116671695106
2020-06-12,MEX,1.1438860173823384
2020-06-13,MEX,0.984473281773246
2020-06-14,MEX,0.649379717409742
2020-06-15,MEX,0.6128243771255556
2020-06-16,MEX,0.6918010900524636
2020-06-17,MEX,0.6812267446242656
2020-06-18,MEX,0.8629049741837608
2020-06-19,MEX,0.6426078035825006
2020-06-20,MEX,0.5742748882677193
2020-06-21,MEX,0.7146340618353928
2020-06-22,MEX,0.9870668934684539
2020-06-23,MEX,1.2972485097276996
2020-06-24,MEX,1.5671068357884803
2020-06-25,MEX,1.618642692157311
2020-06-26,MEX,1.2281903870742754
2020-06-27,MEX,0.8665669966040874
2020-06-28,MEX,0.8788269956842744
2020-06-29,MEX,0.9118154569453982
2020-06-30,MEX,1.0249635506163202
2020-07-01,MEX,1.1873237158840784
2020-07-02,MEX,1.340542861347309
2020-07-03,MEX,1.358215643489178
2020-07-04,MEX,0.9993431808495974
2020-07-05,MEX,0.8943288059238711
2020-07-06,MEX,0.8790165773977304
2020-07-07,MEX,1.0533020728797666
2020-07-08,MEX,1.4065771858130098
2020-07-09,MEX,0.9694506008718442
2020-07-10,MEX,0.7212643914900814
2020-07-11,MEX,1.1486364533514775
2020-07-12,MEX,0.8471063833178941
2020-07-13,MEX,0.3928028259587912
2020-07-14,MEX,0.3991297278982854
2020-07-15,MEX,0.6567253163807869
2020-07-16,MEX,0.891638229957718
2020-07-17,MEX,0.9824227527572046
2020-07-18,MEX,0.8598392645964683
2020-07-19,MEX,1.0287887118054302
2020-07-20,MEX,1.352783768288518
2020-07-21,MEX,1.6838968827106957
2020-07-22,MEX,1.776624790104528
2020-07-23,MEX,2.1746087474159306
2020-07-24,MEX,1.937687174538102
2020-07-25,MEX,1.7728025117087203
2020-07-26,MEX,3.682211561052565
2020-07-27,MEX,4.8212423507385624
2020-07-28,MEX,2.5249673198479776
2020-07-29,MEX,1.9281256632762993
2020-07-30,MEX,1.6424569233412327
2020-07-31,MEX,1.3627652356157414
2020-08-01,MEX,0.8478049047665221
2020-08-02,MEX,0.6580181416123474
2020-08-03,MEX,1.0749577870503728
2020-08-04,MEX,0.7459043481256796
2020-08-05,MEX,0.9021508830127678
2020-08-06,MEX,1.093915246800962
2020-08-07,MEX,1.432479735368406
2020-08-08,MEX,1.7485881252294608
2020-08-09,MEX,1.6613347238663683
2020-08-10,MEX,1.2455011364573325
2020-08-11,MEX,1.1548000381927463
2020-08-12,MEX,1.1216147678109578
2020-08-13,MEX,0.9982607811912191
2020-08-14,MEX,0.6495462509655883
2020-08-15,MEX,0.49807901085533973
2020-08-16,MEX,0.8018688715372931
2020-08-17,MEX,0.8777924106907369
2020-08-18,MEX,1.3619583733008205
2020-08-19,MEX,1.2109671153727382
2020-08-20,MEX,1.4115270398141904
2020-08-21,MEX,1.087231964383871
2020-08-22,MEX,1.0002148489514004
2020-08-23,MEX,1.5307309555200814
2020-08-24,MEX,2.162657478411942
2020-08-25,MEX,2.217000023043075
2020-08-26,MEX,2.4531347719817975
2020-08-27,MEX,2.182653513825843
2020-08-28,MEX,1.9254297156673668
2020-08-29,MEX,1.235064315368636
2020-08-30,MEX,1.0760989371478347
2020-08-31,MEX,1.3721846504016055
2020-09-01,MEX,1.1919661430417783
2020-09-02,MEX,0.8897098320822755
2020-09-03,MEX,0.8574989608286991
2020-09-04,MEX,1.4427473753246736
2020-09-05,MEX,2.5595389638525137
2020-09-06,MEX,2.9732076706283617
2020-09-07,MEX,2.0955706507163225
2020-09-08,MEX,1.4029003992020528
2020-09-09,MEX,1.6310266499851953
2020-09-10,MEX,2.4209460203548483
2020-09-11,MEX,2.3266897204258448
2020-09-12,MEX,1.712808565133096
2020-09-13,MEX,2.0962395353912484
2020-09-14,MEX,2.582292246484685
2020-09-15,MEX,2.541531070457467
2020-09-16,MEX,2.3817270095464145
2020-09-17,MEX,2.488937454277187
2020-09-18,MEX,2.6249960672276917
2020-09-19,MEX,1.4783978120628773
2020-09-20,MEX,0.954195614692435
2020-09-21,MEX,1.0915078813632497
2020-09-22,MEX,0.8301663223841242
2020-09-23,MEX,0.47856226064009244
2020-09-24,MEX,0.7288427685161784
2020-09-25,MEX,1.2217635428873226
2020-09-26,MEX,0.9029248873201443
2020-09-27,MEX,0.7256470258890902
2020-09-28,MEX,0.4984653018794093
2020-09-29,MEX,1.8624419949725821
2020-09-30,MEX,1.0957222215905775
2020-10-01,MEX,0.8376002175837689
2020-10-02,MEX,1.0806600019140862
2020-10-03,MEX,1.5487297502953454
2020-10-04,MEX,0.3527446654173039
2020-10-05,MEX,0.18445369474609605
2020-10-06,MEX,0.4987541490393449
2020-10-07,MEX,0.9378356064995313
2020-10-08,MEX,0.3888622506695087
2020-10-09,MEX,0.5574143357199626
2020-10-10,MEX,0.5730008859637585
2020-10-11,MEX,0.591662639604452
2020-10-12,MEX,0.46303507141433553
2020-10-13,MEX,0.5852134958839442
2020-10-14,MEX,0.5152869554623529
2020-10-15,MEX,0.30720753478432167
2020-10-16,MEX,0.6942872048987547
2020-10-17,MEX,0.7247216291866716
2020-10-18,MEX,0.27403746523638695
2020-10-19,MEX,0.27404204475065325
2020-10-20,MEX,0.29865779228396644
2020-10-21,MEX,0.2553553266398558
2020-10-22,MEX,0.3344361806220084
2020-10-23,MEX,0.22370096657137103
2020-10-24,MEX,0.42692652869826875
2020-10-25,MEX,0.1648683850817905
2020-10-26,MEX,0.18105565266793394
2020-10-27,MEX,0.9000293018120074
2020-10-28,MEX,0.27752873217259566
2020-10-29,MEX,0.7188286289283387
2020-10-30,MEX,1.3293309687119168
2020-10-31,MEX,0.48896224069569355
2020-11-01,MEX,0.42640951640828006
2020-11-02,MEX,0.7432372998265696
2020-11-03,MEX,0.49507510030313384
2020-11-04,MEX,0.29191780646266585
2020-11-05,MEX,0.8127734213636587
2020-11-06,MEX,0.8407046581679878
2020-11-07,MEX,0.3567491240415954
2020-11-08,MEX,0.28673179339307125
2020-11-09,MEX,0.1463282721630307
2020-11-10,MEX,0.05968732004046764
2020-11-11,MEX,0.06455828974525515
2020-11-12,MEX,0.07458177508234115
2020-11-13,MEX,0.07529795216741045
2020-11-14,MEX,0.09503804993725794
2020-11-15,MEX,0.2028397026799454
2020-11-16,MEX,0.5903478349140049
2020-11-17,MEX,0.753274796142948
2020-11-18,MEX,0.9263532992485578
2020-11-19,MEX,1.160641469253175
2020-11-20,MEX,1.0001374605582884
2020-11-21,MEX,0.6050734547834362
2020-11-22,MEX,0.2468202173005774
2020-11-23,MEX,0.1809796948818664
2020-11-24,MEX,0.038565456767266845
2020-11-25,MEX,0.017927945072956916
2020-11-26,MEX,0.060526727791531905
2020-11-27,MEX,0.14660467563506457
2020-11-28,MEX,0.13954504578889682
2020-11-29,MEX,0.15524620019070343
2020-11-30,MEX,0.6433386535055978
2020-12-01,MEX,0.3357722512065319
2020-12-02,MEX,0.022688449396939852
2020-12-03,MEX,0.21485182644972448
2020-12-04,MEX,0.514145427313779
2020-12-05,MEX,0.4085125076659144
2020-12-06,MEX,0.21010088213911743
2020-12-07,MEX,0.30255335315938137
2020-12-08,MEX,0.08201476878151624
2020-12-09,MEX,0.08065502478786166
2020-12-10,MEX,0.6374881468338652
2020-12-11,MEX,0.1030972229785976
2020-12-12,MEX,0.02458769579429568
2020-12-13,MEX,0.020290716035605623
2020-12-14,MEX,0.15894369858009777
2020-12-15,MEX,0.06230281235681313
2020-12-16,MEX,0.07097185492880158
2020-12-17,MEX,0.25881297940839804
2020-12-18,MEX,0.22784112113521557
2020-12-19,MEX,0.060665491474712716
2020-12-20,MEX,0.07490520139888387
2020-12-21,MEX,0.14877716819307965
2020-12-22,MEX,0.10781867719333092
2020-12-23,MEX,0.019614780989432982
2020-12-24,MEX,0.1297434117764918
2020-12-25,MEX,0.49296020056687623
2020-12-26,MEX,0.06877156670754608
2020-12-27,MEX,0.02501604856949875
2020-12-28,MEX,0.052286172087084463
2020-12-29,MEX,0.0664802483652305
2020-12-30,MEX,0.4770535004094579
2020-12-31,MEX,0.9802357742232893
2021-01-01,MEX,0.13405461906804095
2021-01-02,MEX,0.1356980397627862
2021-01-03,MEX,0.2285977237055929
2021-01-04,MEX,0.20275855267773052
2021-01-05,MEX,0.2782095932953412
2021-01-06,MEX,0.0772244126842472
2021-01-07,MEX,0.2225141899711496
2021-01-08,MEX,0.21279807943283155
2021-01-09,MEX,0.2475220969193478
2021-01-10,MEX,0.3193980195138162
2021-01-11,MEX,0.5441639635887864
2021-01-12,MEX,0.5676407386205874
2021-01-13,MEX,0.3751913368664731
2021-01-14,MEX,0.0990775622427833
2021-01-15,MEX,0.08395912246701014
2021-01-16,MEX,0.2307044268719596
2021-01-17,MEX,0.17361275626661535
2021-01-18,MEX,0.1070784849634111
2021-01-19,MEX,0.15708573994598607
2021-01-20,MEX,1.584244082447211
2021-01-21,MEX,1.347823695982949
2021-01-22,MEX,0.09836906224176485
2021-01-23,MEX,0.04741056560922606
2021-01-24,MEX,0.19445874351879378
2021-01-25,MEX,0.20936145786939897
2021-01-26,MEX,0.26577642982205235
2021-01-27,MEX,0.043606130845541914
2021-01-28,MEX,0.33539001035377425
2021-01-29,MEX,0.30615024462034296
2021-01-30,MEX,0.05533675133639058
2021-01-31,MEX,0.03155724992026132
2021-02-01,MEX,0.38138505253108224
2021-02-02,MEX,0.05140584067433795
2021-02-03,MEX,0.0034452525415644385
2021-02-04,MEX,0.0030977692040151613
2021-02-05,MEX,0.011870074998977354
2021-02-06,MEX,0.012425741759367332
2021-02-07,MEX,0.07496945668877147
2021-02-08,MEX,0.013877324890969144
2021-02-09,MEX,0.043940368699760965
2021-02-10,MEX,0.06296879288658383
2021-02-11,MEX,0.3819291123412005
2021-02-12,MEX,0.4149856717488627
2021-02-13,MEX,0.34234371542792624
2021-02-14,MEX,0.4665662820905698
2021-02-15,MEX,0.27426904926319473
2021-02-16,MEX,0.11660217491878067
2021-02-17,MEX,0.1571346900460567
2021-02-18,MEX,0.38379967527992276
2021-02-19,MEX,0.5440638361542297
2021-02-20,MEX,0.20114204251429701
2021-02-21,MEX,0.011812388851213457
2021-02-22,MEX,0.04054984536482385
2021-02-23,MEX,0.13080387242959204
2021-02-24,MEX,0.047632631603099405
2021-02-25,MEX,0.02688173821886509
2021-02-26,MEX,0.01573785148806382
2021-02-27,MEX,0.013702709403416242
2021-02-28,MEX,0.016204028724051665
2021-03-01,MEX,0.05340331646958025
2021-03-02,MEX,0.2654486903278176
2021-03-03,MEX,0.2133898094928734
2021-03-04,MEX,0.1036988741027337
2021-03-05,MEX,0.031075419442513845
2021-03-06,MEX,0.18612536557913617
2021-03-07,MEX,0.14600524102541518
2021-03-08,MEX,0.13782837276834137
2021-03-09,MEX,0.08285494344219714
2021-03-10,MEX,0.04093882310455529
2021-03-11,MEX,0.05724548979432909
2021-03-12,MEX,0.07287724883232059
2021-03-13,MEX,0.07423012857852418
2021-03-14,MEX,0.026260314600109382
2021-03-15,MEX,0.0282148219981977
2021-03-16,MEX,0.031214977622028833
2021-03-17,MEX,0.02508144345962796
2021-03-18,MEX,0.10812596015896496
2021-03-19,MEX,0.5266409146633684
2021-03-20,MEX,0.13036213087881401
2021-03-21,MEX,0.038942295668654286
2021-03-22,MEX,0.024949071814912835
2021-03-23,MEX,0.023999083161938155
2021-03-24,MEX,0.14232855191926977
2021-03-25,MEX,0.025244423397104775
2021-03-26,MEX,0.021112543604689893
2021-03-27,MEX,0.005094500815652033
2021-03-28,MEX,0.12532448633768764
2021-03-29,MEX,0.24531273065021494
2021-03-30,MEX,0.03733832404477849
2021-03-31,MEX,0.018938166515244607
2021-04-01,MEX,0.4951417608863193
2021-04-02,MEX,0.43706257276955907
2021-04-03,MEX,0.16713002830662155
2021-04-04,MEX,0.10966157470340183
2021-04-05,MEX,0.09985258598206061
2021-04-06,MEX,0.0891795899718674
2021-04-07,MEX,0.04879713506683079
2021-04-08,MEX,0.048441404895909326
2021-04-09,MEX,0.055620485285874745
2021-04-10,MEX,0.016694310688943597
2021-04-11,MEX,0.015613985394533672
2021-04-12,MEX,0.038266347497675386
2021-04-13,MEX,0.08514933115738395
2021-04-14,MEX,0.07622604085302434
2021-04-15,MEX,0.07746788083983562
2021-04-16,MEX,0.039226888665173515
2021-04-17,MEX,0.3035369071769644
2021-04-18,MEX,0.34585930306314094
2021-04-19,MEX,0.2729534148868579
2021-04-20,MEX,0.11854981863542066
2021-04-21,MEX,0.3589628225380651
2021-04-22,MEX,0.16866284655956865
2021-04-23,MEX,0.08782179887084353
2021-04-24,MEX,0.035365570732508025
2021-04-25,MEX,0.05398715058615987
2021-04-26,MEX,0.08207136309539338
2021-04-27,MEX,0.13562607720888725
2021-04-28,MEX,0.1334165214209861
2021-04-29,MEX,0.1265263158200539
2021-04-30,MEX,0.7251944188297232
2021-05-01,MEX,0.9384213172755091
2021-05-02,MEX,0.19180656555497846
2021-05-03,MEX,0.03575084767523593
2021-05-04,MEX,0.05112609238489542
2021-05-05,MEX,0.3765662020852533
2021-05-06,MEX,0.7302081520772461
2021-05-07,MEX,0.7622070622876528
2021-05-08,MEX,0.32826073231526115
2021-05-09,MEX,0.36480591877494617
2021-05-10,MEX,0.6333449036574512
2021-05-11,MEX,0.7281138523356511
2021-05-12,MEX,1.2514777903028136
2021-05-13,MEX,1.5615815000329687
2021-05-14,MEX,1.0707944945831984
2021-05-15,MEX,0.7907078360013894
2021-05-16,MEX,0.7443273250513833
2021-05-17,MEX,0.35805348918259755
2021-05-18,MEX,0.3219794957974526
2021-05-19,MEX,0.5313949364687031
2021-05-20,MEX,0.586570407633386
2021-05-21,MEX,0.4952563171509523
2021-05-22,MEX,0.591926594940823
2021-05-23,MEX,0.46325569237442826
2021-05-24,MEX,0.4302081762522054
2021-05-25,MEX,0.4506445596747782
2021-05-26,MEX,0.46504851621603366
2021-05-27,MEX,0.22196264488848713
2021-05-28,MEX,0.21690118783644508
2021-05-29,MEX,0.2809671755353637
2021-05-30,MEX,0.49492661348249983
2021-05-31,MEX,0.5661933723049156
2021-06-01,MEX,0.7292573762404355
2021-06-02,MEX,1.2287722232453324
2021-06-03,MEX,1.4524448707991353
2021-06-04,MEX,1.200615618349119
2021-06-05,MEX,1.052142498618616
2021-06-06,MEX,0.5210516449247203
2021-06-07,MEX,0.41941839256096086
2021-06-08,MEX,0.4633151658172071
2021-06-09,MEX,0.4816598594704972
2021-06-10,MEX,0.9810835152052879
2021-06-11,MEX,1.3981423239206203
2021-06-12,MEX,1.49872912801239
2021-06-13,MEX,2.3240114610121565
2021-06-14,MEX,2.1966367587280193
2021-06-15,MEX,2.041840200514641
2021-06-16,MEX,2.074280821399628
2021-06-17,MEX,1.8483456589041511
2021-06-18,MEX,2.0117476826022798
2021-06-19,MEX,1.7652654253996853
2021-06-20,MEX,1.584645430443237
2021-06-21,MEX,0.42411811638179214
2021-06-22,MEX,1.215823103934557
2021-06-23,MEX,1.6598932402901225
2021-06-24,MEX,1.5423863740544044
2021-06-25,MEX,1.4318720956567532
2021-06-26,MEX,1.1152069321070575
2021-06-27,MEX,1.8056960289429012
2021-06-28,MEX,3.2401920931211623
2021-06-29,MEX,3.2494612817576307
2021-06-30,MEX,4.010052635850765
2021-07-01,MEX,3.519104591988163
2021-07-02,MEX,3.0207935214173336
2021-07-03,MEX,2.0694503235040793
2021-07-04,MEX,1.3741729310766566
2021-07-05,MEX,1.406400573314716
2021-07-06,MEX,2.7286130972395193
2021-07-07,MEX,2.8733558787592512
2021-07-08,MEX,2.2976680908265164
2021-07-09,MEX,1.8089378818511563
2021-07-10,MEX,1.866164363413759
2021-07-11,MEX,1.554062382786859
2021-07-12,MEX,1.5258311757938805
2021-07-13,MEX,1.4737268092838474
2021-07-14,MEX,1.716604083086386
2021-07-15,MEX,1.4500688921484872
2021-07-16,MEX,1.4768726939800711
2021-07-17,MEX,1.1509438252045037
2021-07-18,MEX,1.3248720210651117
2021-07-19,MEX,1.1088959019406273
2021-07-20,MEX,0.8255326660454031
2021-07-21,MEX,1.6650640571316737
2021-07-22,MEX,1.1209631029459346
2021-07-23,MEX,0.9269556515421895
2021-07-24,MEX,0.7793546416551299
2021-07-25,MEX,0.6646940818315036
2021-07-26,MEX,0.5379336689523451
2021-07-27,MEX,0.5457163548597719
2021-07-28,MEX,0.9494126739199917
2021-07-29,MEX,1.4145056614259597
2021-07-30,MEX,1.631709238792424
2021-07-31,MEX,1.4662630945160824
2021-08-01,MEX,1.1855658388540304
2021-08-02,MEX,1.6942916158719
2021-08-03,MEX,2.2898637444127954
2021-08-04,MEX,2.3938660879366074
2021-08-05,MEX,2.462847083152574
2021-08-06,MEX,2.3306696965338642
2021-08-07,MEX,2.024963845520108
2021-08-08,MEX,1.775693289664278
2021-08-09,MEX,1.3869842845211928
2021-08-10,MEX,1.8169831989820138
2021-08-11,MEX,1.485759307193154
2021-08-12,MEX,1.3619872416299692
2021-08-13,MEX,1.2813166571711636
2021-08-14,MEX,1.1653180013568958
2021-08-15,MEX,1.1621111498288763
2021-08-16,MEX,1.8718252706271756
2021-08-17,MEX,1.4215560441377797
2021-08-18,MEX,1.1046905715101951
2021-08-19,MEX,1.3283039574055198
2021-08-20,MEX,1.0081213581906852
2021-08-21,MEX,3.07993500760131
2021-08-22,MEX,1.9985781989229596
2021-08-23,MEX,1.4061418386376074
2021-08-24,MEX,1.396157200987641
2021-08-25,MEX,1.1200225818249943
2021-08-26,MEX,0.6443116700564764
2021-08-27,MEX,0.8227187286492508
2021-08-28,MEX,1.9799568646203642
2021-08-29,MEX,3.735370956143293
2021-08-30,MEX,2.7621265912497237
2021-08-31,MEX,2.7890490358526936
2021-09-01,MEX,2.422559504155986
2021-09-02,MEX,2.3270643465661927
2021-09-03,MEX,2.691844794854952
2021-09-04,MEX,2.299230214345153
2021-09-05,MEX,2.21540838313462
2021-09-06,MEX,1.8039872233827514
2021-09-07,MEX,1.4948766026062568
2021-09-08,MEX,0.9815169457798193
2021-09-09,MEX,1.2420625379463257
2021-09-10,MEX,1.65944189363109
2021-09-11,MEX,1.9896447505802612
2021-09-12,MEX,1.6788740721571749
2021-09-13,MEX,1.8995947763103378
2021-09-14,MEX,1.4912634177718262
2021-09-15,MEX,0.9107078660222786
2021-09-16,MEX,1.3151465503057616
2021-09-17,MEX,1.5835214990207678
2021-09-18,MEX,1.739243562947175
2021-09-19,MEX,1.360965369694697
2021-09-20,MEX,0.8616221641401081
2021-09-21,MEX,0.6166469453322557
2021-09-22,MEX,1.5171533033941644
2021-09-23,MEX,1.0000283849125433
2021-09-24,MEX,0.9584051361460478
2021-09-25,MEX,1.0822487505918263
2021-09-26,MEX,1.1445418674298187
2021-09-27,MEX,0.9731445261176421
2021-09-28,MEX,0.9913575823036838
2021-09-29,MEX,0.8576568128648684
2021-09-30,MEX,0.9716762721886031
2021-10-01,MEX,1.235152287328927
2021-10-02,MEX,1.3918106601200249
2021-10-03,MEX,1.2069090821114983
2021-10-04,MEX,1.2944207297358223
2021-10-05,MEX,1.0583701925438183
2021-10-06,MEX,0.8331665208193865
2021-10-07,MEX,0.6386647572992921
2021-10-08,MEX,0.8551505424154425
2021-10-09,MEX,0.4878180150587767
2021-10-10,MEX,0.44492057563213794
2021-10-11,MEX,0.2731552834065803
2021-10-12,MEX,0.5065960652085753
2021-10-13,MEX,1.3201023789376127
2021-10-14,MEX,0.1332984947408513
2021-10-15,MEX,0.17487470918115258
2021-10-16,MEX,1.2720820444881193
2021-10-17,MEX,1.142157553360776
2021-10-18,MEX,0.7038505457532288
2021-10-19,MEX,0.4799889649659697
2021-10-20,MEX,0.9496508189871227
2021-10-21,MEX,1.1600059381522076
2021-10-22,MEX,1.4443306310497197
2021-10-23,MEX,0.6410847552577327
2021-10-24,MEX,0.32475252113548664
2021-10-25,MEX,0.9268468288646553
2021-10-26,MEX,0.3007544632418603
2021-10-27,MEX,0.04885774479994945
2021-10-28,MEX,0.4525835917415658
2021-10-29,MEX,0.4586916870158819
2021-10-30,MEX,0.3306770864553188
2021-10-31,MEX,0.18867064627603838
2021-11-01,MEX,0.15915835149650587
2021-11-02,MEX,0.1205360803828898
2021-11-03,MEX,0.1659099151981221
2021-11-04,MEX,0.5269893626403499
2021-11-05,MEX,0.27661395030690367
2021-11-06,MEX,0.14239714622847943
2021-11-07,MEX,0.13008498449465838
2021-11-08,MEX,0.08791393454885026
2021-11-09,MEX,0.06994908353958125
2021-11-10,MEX,0.06441576302979704
2021-11-11,MEX,0.06308361500485236
2021-11-12,MEX,0.20112358232804914
2021-11-13,MEX,0.5652602567023542
2021-11-14,MEX,0.35003261254846674
2021-11-15,MEX,0.1412905268765699
2021-11-16,MEX,0.09484244476492379
2021-11-17,MEX,0.1724699549152615
2021-11-18,MEX,0.3428805571303247
2021-11-19,MEX,0.7558803961022231
2021-11-20,MEX,0.5390292018130826
2021-11-21,MEX,0.20664234785828461
2021-11-22,MEX,0.4671459448797687
2021-11-23,MEX,0.3416698549875104
2021-11-24,MEX,0.11157421701819877
2021-11-25,MEX,0.1885922141660156
2021-11-26,MEX,0.8414488909480984
2021-11-27,MEX,0.4449561792700822
2021-11-28,MEX,0.07327787567274407
2021-11-29,MEX,0.1894738500167348
2021-11-30,MEX,0.15949991302181887
2021-12-01,MEX,0.1358386887035775
2021-12-02,MEX,0.18688949191113044
2021-12-03,MEX,0.06484049500251332
2021-12-04,MEX,0.03282618301650609
2021-12-05,MEX,0.026462589608767594
2021-12-06,MEX,0.015593258752028893
2021-12-07,MEX,0.05440034464447356
2021-12-08,MEX,0.0314551811468395
2021-12-09,MEX,0.0787296159343897
2021-12-10,MEX,0.26017689273820066
2021-12-11,MEX,0.020270731291057345
2021-12-12,MEX,0.1660467512697898
2021-12-13,MEX,0.11745437790318702
2021-12-14,MEX,0.12738387785651623
2021-12-15,MEX,0.1486180438042135
2021-12-16,MEX,0.0651512771727221
2021-12-17,MEX,0.07936677385200465
2021-12-18,MEX,0.1340335659347915
2021-12-19,MEX,0.7435521201422359
2021-12-20,MEX,0.48023942796570623
2021-12-21,MEX,0.4027457245928719
2021-12-22,MEX,0.060184446116223755
2021-12-23,MEX,0.02852275077099369
2021-12-24,MEX,0.1959338559572871
2021-12-25,MEX,0.01309582671320697
2021-12-26,MEX,0.023344733376066885
2021-12-27,MEX,0.02870795200375607
2021-12-28,MEX,0.07577203000081749
2021-12-29,MEX,0.21942982690859508
2021-12-30,MEX,0.28873670170625865
2021-12-31,MEX,2.4701667963609863
2022-01-01,MEX,0.4131717445254508
2022-01-02,MEX,0.06996367242601982
2022-01-03,MEX,0.9818164972751197
2022-01-04,MEX,0.16909787319043784
2022-01-05,MEX,0.024143053834318053
2022-01-06,MEX,0.02026617437861471
2022-01-07,MEX,0.13853236875141384
2022-01-08,MEX,0.06632820110118609
2022-01-09,MEX,0.03405813543062086
2022-01-10,MEX,0.5205550006053902
2022-01-11,MEX,0.40381052086235736
2022-01-12,MEX,0.13617675688277625
2022-01-13,MEX,0.12490243432434399
2022-01-14,MEX,0.09843689422493199
2022-01-15,MEX,0.07218985230311549
2022-01-16,MEX,0.47880253322371097
2022-01-17,MEX,0.1316049776171252
2022-01-18,MEX,0.05571516390488031
2022-01-19,MEX,0.027410547779532283
2022-01-20,MEX,0.11261260525796465
2022-01-21,MEX,0.5237722763117915
2022-01-22,MEX,0.4164706737661247
2022-01-23,MEX,0.2514125244465886
2022-01-24,MEX,0.18901569769565338
2022-01-25,MEX,0.10064191008364357
2022-01-26,MEX,0.25469681205800054
2022-01-27,MEX,0.1683100249226563
2022-01-28,MEX,0.3347938737139957
2022-01-29,MEX,0.5630613792330694
2022-01-30,MEX,0.040358576569376345
2022-01-31,MEX,0.024608663031784994
2022-02-01,MEX,0.012735301290486448
2022-02-02,MEX,0.1693349171732834
2022-02-03,MEX,0.3606845060127808
2022-02-04,MEX,0.33262328648022343
2022-02-05,MEX,0.7417048978130906
2022-02-06,MEX,0.22097447592139507
2022-02-07,MEX,0.45376105222965735
2022-02-08,MEX,0.9601787244647816
2022-02-09,MEX,0.13895224530520967
2022-02-10,MEX,0.04837532810507713
2022-02-11,MEX,0.10513856258467406
2022-02-12,MEX,0.14263068032310536
2022-02-13,MEX,0.7369261988962036
2022-02-14,MEX,0.29524881743630244
2022-02-15,MEX,0.08338152951321641
2022-02-16,MEX,0.14908416604823102
2022-02-17,MEX,0.014156050948702785
2022-02-18,MEX,0.06215778161539775
2022-02-19,MEX,0.22756387334512634
2022-02-20,MEX,0.14749932042828068
2022-02-21,MEX,0.06676975345465466
2022-02-22,MEX,0.015424383339463275
2022-02-23,MEX,0.12377581679306184
2022-02-24,MEX,0.0534469557216524
2022-02-25,MEX,0.14077321098377585
2022-02-26,MEX,0.15331251485943592
2022-02-27,MEX,0.11506807565441435
2022-02-28,MEX,0.2089292494964339
2022-03-01,MEX,0.056892754493008485
2022-03-02,MEX,0.04280718714145061
2022-03-03,MEX,0.056757202832618196
2022-03-04,MEX,0.1306751747259261
2022-03-05,MEX,0.023711969688393016
2022-03-06,MEX,0.023963046893150135
2022-03-07,MEX,0.05204306756222385
2022-03-08,MEX,0.06987898196351047
2022-03-09,MEX,0.06792592066247251
2022-03-10,MEX,0.03443933374410618
2022-03-11,MEX,0.027997156894908275
2022-03-12,MEX,0.4672220278097189
2022-03-13,MEX,0.23507053460677843
2022-03-14,MEX,0.02396295600059748
2022-03-15,MEX,0.10305147859921363
2022-03-16,MEX,0.3619663828465776
2022-03-17,MEX,0.040279922441139704
2022-03-18,MEX,0.033434134890676204
2022-03-19,MEX,0.14677552918954484
2022-03-20,MEX,0.19101793528087468
2022-03-21,MEX,0.07914953596332962
2022-03-22,MEX,0.006304443004491724
2022-03-23,MEX,0.09926306527418823
2022-03-24,MEX,0.28318560614040167
2022-03-25,MEX,0.040589495852542894
2022-03-26,MEX,0.004644875705958995
2022-03-27,MEX,0.003629017660442828
2022-03-28,MEX,0.016937140143579967
2022-03-29,MEX,0.12388174989223268
2022-03-30,MEX,0.0079781208440678
2022-03-31,MEX,0.0031541021877324283
2022-04-01,MEX,0.025828044506518835
2022-04-02,MEX,0.018936336628754324
2022-04-03,MEX,0.06635508892938836
2022-04-04,MEX,0.024462662249578937
2022-04-05,MEX,0.010494707084561978
2022-04-06,MEX,0.0028562256941716607
2022-04-07,MEX,0.08895365497990261
2022-04-08,MEX,0.8167345547145314
2022-04-09,MEX,0.2318976706284422
2022-04-10,MEX,0.13717977549847488
2022-04-11,MEX,0.0583576927697255
2022-04-12,MEX,0.084957510110705875
2022-04-13,MEX,0.019589164841533165
2022-04-14,MEX,0.03662495808977212
2022-04-15,MEX,0.060312203319711835
2022-04-16,MEX,0.014205960740876648
2022-04-17,MEX,0.010333620785076849
2022-04-18,MEX,0.11258621921784372
2022-04-19,MEX,0.22437410854561293
2022-04-20,MEX,0.06611455952045364
2022-04-21,MEX,0.1600706475406816
2022-04-22,MEX,0.3406343147749098
2022-04-23,MEX,0.197574534268643
2022-04-24,MEX,0.16045973390388027
2022-04-25,MEX,0.3913865927279119
2022-04-26,MEX,1.5787898118830541
2022-04-27,MEX,0.8656654680325746
2022-04-28,MEX,0.28671766318590736
2022-04-29,MEX,0.1227539077883722
2022-04-30,MEX,0.12937917951844138
2022-05-01,MEX,0.19005500469700098
2022-05-02,MEX,0.09369359469625524
2022-05-03,MEX,0.057780307723116174
2022-05-04,MEX,0.10406240956997843
2022-05-05,MEX,0.07169173099802857
2022-05-06,MEX,0.08899897764591105
2022-05-07,MEX,0.04692419130252653
2022-05-08,MEX,0.03835881404912603
2022-05-09,MEX,0.04455943174235787
2022-05-10,MEX,0.20615791845402387
2022-05-11,MEX,0.28820235913163944
2022-05-12,MEX,0.11964412682522488
2022-05-13,MEX,0.07117675444905008
2022-05-14,MEX,0.0505618314021265
2022-05-15,MEX,0.07021590520212044
2022-05-16,MEX,0.03427889646787172
2022-05-17,MEX,0.055026491751355606
2022-05-18,MEX,0.07449069763285945
2022-05-19,MEX,0.0745406802248584
2022-05-20,MEX,0.07456416412465958
2022-05-21,MEX,0.14631083439076298
2022-05-22,MEX,0.4959112254116449
2022-05-23,MEX,0.6479966797044326
2022-05-24,MEX,0.4749485312900497
2022-05-25,MEX,0.2915352743973693
2022-05-26,MEX,0.5897476458377762
2022-05-27,MEX,0.7466110419215521
2022-05-28,MEX,0.6883515767375424
2022-05-29,MEX,0.563135861504908
2022-05-30,MEX,0.9505399026809292
2022-05-31,MEX,1.8367996456788285
2022-06-01,MEX,1.3382537192340553
2022-06-02,MEX,1.4383345593184358
2022-06-03,MEX,0.7866077284156537
2022-06-04,MEX,0.28031669254180236
2022-06-05,MEX,0.3121974253517581
2022-06-06,MEX,0.2896238639261799
2022-06-07,MEX,0.4941803557720455
2022-06-08,MEX,0.5907729368081691
2022-06-09,MEX,1.0782545502364078
2022-06-10,MEX,1.141006055696759
2022-06-11,MEX,0.46820631858338063
2022-06-12,MEX,0.5097877088024475
2022-06-13,MEX,1.209588921874084
2022-06-14,MEX,1.3224654029121825
2022-06-15,MEX,1.4179509570434308
2022-06-16,MEX,1.3843329016968828
2022-06-17,MEX,0.9659203814249677
2022-06-18,MEX,1.3198603460125096
2022-06-19,MEX,1.958406873073327
2022-06-20,MEX,2.3126678584378673
2022-06-21,MEX,2.3796057942510886
2022-06-22,MEX,2.3029148313757752
2022-06-23,MEX,1.0822062905589032
2022-06-24,MEX,0.9144167992174846
2022-06-25,MEX,0.7944837209763174
2022-06-26,MEX,1.2688062010384746
2022-06-27,MEX,1.1842828751422942
2022-06-28,MEX,0.9745426826515404
2022-06-29,MEX,1.3204701483843606
2022-06-30,MEX,1.126334119761507
2022-07-01,MEX,1.1888404959815018
2022-07-02,MEX,1.1580183514676863
2022-07-03,MEX,1.2852649062046264
2022-07-04,MEX,1.41756474145275
2022-07-05,MEX,1.4021564032279366
2022-07-06,MEX,0.9555158673857763
2022-07-07,MEX,1.1573507020494953
2022-07-08,MEX,0.9408960378937731
2022-07-09,MEX,0.7981211848495929
2022-07-10,MEX,0.6627114339789013
2022-07-11,MEX,0.6162512519415212
2022-07-12,MEX,0.8992933648476396
2022-07-13,MEX,1.2836796541861593
2022-07-14,MEX,1.4985661603079814
2022-07-15,MEX,1.3610053263357813
2022-07-16,MEX,1.2154654496787134
2022-07-17,MEX,0.9518353728260501
2022-07-18,MEX,0.7532499147515571
2022-07-19,MEX,0.5483624464119259
2022-07-20,MEX,0.4131001521799129
2022-07-21,MEX,0.36680466593326344
2022-07-22,MEX,0.8937727077521216
2022-07-23,MEX,1.5077382617208102
2022-07-24,MEX,1.4252917784541663
2022-07-25,MEX,1.6435977996275921
2022-07-26,MEX,1.4451972328557783
2022-07-27,MEX,1.9439307744443142
2022-07-28,MEX,2.207488507298588
2022-07-29,MEX,1.7103804753271785
2022-07-30,MEX,1.7424198889016755
2022-07-31,MEX,1.5176749611105305
2022-08-01,MEX,0.917125977641823
2022-08-02,MEX,0.9387541982179313
2022-08-03,MEX,0.8807422594585796
2022-08-04,MEX,0.6505846695036133
2022-08-05,MEX,0.7696174040602012
2022-08-06,MEX,1.1746324156735384
2022-08-07,MEX,1.241552823684668
2022-08-08,MEX,1.0594902926154748
2022-08-09,MEX,1.4464843777646736
2022-08-10,MEX,1.8082951031236918
2022-08-11,MEX,1.2472321854666675
2022-08-12,MEX,1.3968692206648758
2022-08-13,MEX,1.9181848972828235
2022-08-14,MEX,2.38119394550942
2022-08-15,MEX,2.8074210002419995
2022-08-16,MEX,2.9316979065627065
2022-08-17,MEX,2.7508758715535344
2022-08-18,MEX,3.2358126491184738
2022-08-19,MEX,2.4342149839402696
2022-08-20,MEX,1.6481250445367248
2022-08-21,MEX,1.2908333168972976
2022-08-22,MEX,1.3480418780513306
2022-08-23,MEX,2.2751973413912303
2022-08-24,MEX,2.266118948128642
2022-08-25,MEX,2.10247562394097
2022-08-26,MEX,2.41000427301498
2022-08-27,MEX,2.2561893800967328
2022-08-28,MEX,2.002210450134164
2022-08-29,MEX,1.908605496494565
2022-08-30,MEX,2.7075502085814396
2022-08-31,MEX,3.0982455830761113
2022-09-01,MEX,2.4548651423983325
2022-09-02,MEX,2.510534833739481
2022-09-03,MEX,3.216530547140327
2022-09-04,MEX,2.89351288163935
2022-09-05,MEX,2.6599072459530975
2022-09-06,MEX,3.2300628269211042
2022-09-07,MEX,2.505477235247418
2022-09-08,MEX,3.117079814273319
2022-09-09,MEX,2.232916381746823
2022-09-10,MEX,1.0641911339748686
2022-09-11,MEX,1.5288138628909944
2022-09-12,MEX,2.0814524107605075
2022-09-13,MEX,1.5579574214566525
2022-09-14,MEX,1.5205220258686158
2022-09-15,MEX,2.0045194670740534
2022-09-16,MEX,2.237904567772297
2022-09-17,MEX,2.5850756478510517
2022-09-18,MEX,2.4761302518113126
2022-09-19,MEX,2.205226752069301
2022-09-20,MEX,1.8751133692184934
2022-09-21,MEX,1.244837007544658
2022-09-22,MEX,0.8672524865036236
2022-09-23,MEX,0.9177754365052142
2022-09-24,MEX,0.9018130238489372
2022-09-25,MEX,0.96902440066483
2022-09-26,MEX,1.2886914157494762
2022-09-27,MEX,1.1040689911678574
2022-09-28,MEX,1.1603799133317054
2022-09-29,MEX,0.8338146226923651
2022-09-30,MEX,0.7078656621793582
2022-10-01,MEX,0.40577797251171893
2022-10-02,MEX,0.6379334498597198
2022-10-03,MEX,0.7879791374304804
2022-10-04,MEX,0.9278896492216978
2022-10-05,MEX,0.8752250899801776
2022-10-06,MEX,1.46339021760539
2022-10-07,MEX,1.271120208583535
2022-10-08,MEX,0.783169461523828
2022-10-09,MEX,0.9006234954185436
2022-10-10,MEX,1.9059802574637421
2022-10-11,MEX,1.7552381275180329
2022-10-12,MEX,0.5327387509808414
2022-10-13,MEX,0.3513547338346018
2022-10-14,MEX,0.561104949229313
2022-10-15,MEX,0.7513066989591282
2022-10-16,MEX,0.5154195610952026
2022-10-17,MEX,1.1345308701823111
2022-10-18,MEX,2.4362713250403476
2022-10-19,MEX,2.3297679893752017
2022-10-20,MEX,1.0396321399882633
2022-10-21,MEX,0.27823804224813115
2022-10-22,MEX,0.35504175210949035
2022-10-23,MEX,0.99929136266366
2022-10-24,MEX,0.26966884231731175
2022-10-25,MEX,0.18115844983996746
2022-10-26,MEX,0.2657932295044937
2022-10-27,MEX,0.16316134713215358
2022-10-28,MEX,0.05898028707568344
2022-10-29,MEX,0.21452718639959403
2022-10-30,MEX,0.10310437143152709
2022-10-31,MEX,0.20951845097215047
2022-11-01,MEX,0.2983659232502463
2022-11-02,MEX,0.4993239850650122
2022-11-03,MEX,0.9870238676402064
2022-11-04,MEX,0.45123523805027793
2022-11-05,MEX,0.11001937250939643
2022-11-06,MEX,0.23900485697742482
2022-11-07,MEX,0.3594483615190188
2022-11-08,MEX,0.3005038469208048
2022-11-09,MEX,0.25280493004631627
2022-11-10,MEX,0.07285994057977008
2022-11-11,MEX,0.027140527706226214
2022-11-12,MEX,0.18681304861038403
2022-11-13,MEX,0.1973221281390367
2022-11-14,MEX,0.0461496244203276
2022-11-15,MEX,0.07224271663457156
2022-11-16,MEX,0.23402517247400909
2022-11-17,MEX,0.3648429685378138
2022-11-18,MEX,0.3123529536374914
2022-11-19,MEX,0.31751042528230145
2022-11-20,MEX,0.8032837619931994
2022-11-21,MEX,0.47332972951798313
2022-11-22,MEX,0.7604724376826147
2022-11-23,MEX,0.27484064833490274
2022-11-24,MEX,0.06630186929933772
2022-11-25,MEX,0.3079954552080373
2022-11-26,MEX,0.2188270827448633
2022-11-27,MEX,0.2580046870746859
2022-11-28,MEX,0.2764005704759189
2022-11-29,MEX,0.25748913498399384
2022-11-30,MEX,0.2332293146515085
2022-12-01,MEX,0.6356514227351118
2022-12-02,MEX,0.19884260693246575
2022-12-03,MEX,0.2786135875272972
2022-12-04,MEX,0.39186569100483076
2022-12-05,MEX,0.18268211701466444
2022-12-06,MEX,0.24109196044143502
2022-12-07,MEX,0.284641468166882
2022-12-08,MEX,0.09749538277306069
2022-12-09,MEX,0.09238121635892615
2022-12-10,MEX,0.048272002289239856
2022-12-11,MEX,0.055410245780060687
2022-12-12,MEX,0.18351994025346055
2022-12-13,MEX,0.13028634017926394
2022-12-14,MEX,0.009868389605498342
2022-12-15,MEX,0.06059250661133865
2022-12-16,MEX,0.05406859114338899
2022-12-17,MEX,0.12801160324878424
2022-12-18,MEX,0.20380319865312693
2022-12-19,MEX,0.10677315557727705
2022-12-20,MEX,0.09553160897385973
2022-12-21,MEX,0.22159032984439497
2022-12-22,MEX,0.023175796274306763
2022-12-23,MEX,0.2864745027744998
2022-12-24,MEX,0.6406973812964915
2022-12-25,MEX,0.8285447970012665
2022-12-26,MEX,0.3813434110528477
2022-12-27,MEX,0.061959614085471716
2022-12-28,MEX,0.09243915905675164
2022-12-29,MEX,0.23985567920147052
2022-12-30,MEX,0.13645488728271296
2022-12-31,MEX,0.10280914106657729
2023-01-01,MEX,0.2109363324799789
2023-01-02,MEX,0.23111715798857244
2023-01-03,MEX,0.01836511637635385
2023-01-04,MEX,0.009710299651409392
2023-01-05,MEX,0.09579313766174696
2023-01-06,MEX,0.16719208437692742
2023-01-07,MEX,0.050908776839178264
2023-01-08,MEX,0.06180933284541838
2023-01-09,MEX,0.1540125365950494
2023-01-10,MEX,0.14303800645928816
2023-01-11,MEX,0.05014740053646693
2023-01-12,MEX,0.028866033719284465
2023-01-13,MEX,0.34046053263873
2023-01-14,MEX,0.10578587907480233
2023-01-15,MEX,0.10572318115976523
2023-01-16,MEX,0.20213925921325013
2023-01-17,MEX,0.44396150466034306
2023-01-18,MEX,0.04086128040993258
2023-01-19,MEX,0.021861854129753975
2023-01-20,MEX,0.051033846135913455
2023-01-21,MEX,0.011433434183087135
2023-01-22,MEX,0.06992300346513165
2023-01-23,MEX,0.25049666348891014
2023-01-24,MEX,0.14714753942740882
2023-01-25,MEX,0.07563438494420033
2023-01-26,MEX,0.5839596028706575
2023-01-27,MEX,0.30918913792090835
2023-01-28,MEX,0.12962398024632033
2023-01-29,MEX,0.094325371071292
2023-01-30,MEX,0.08194824063726514
2023-01-31,MEX,0.3880211863746026
2023-02-01,MEX,0.7588445006751088
2023-02-02,MEX,0.20183196470032397
2023-02-03,MEX,0.42621980477944604
2023-02-04,MEX,0.47814751586267273
2023-02-05,MEX,0.1272256113849592
2023-02-06,MEX,0.10955973805885048
2023-02-07,MEX,0.029184033865285442
2023-02-08,MEX,0.08179792137915792
2023-02-09,MEX,0.12089901951861515
2023-02-10,MEX,0.2254227391011995
2023-02-11,MEX,0.8338204089287452
2023-02-12,MEX,0.16243613816289693
2023-02-13,MEX,0.1327564579573332
2023-02-14,MEX,0.0869603749485616
2023-02-15,MEX,0.06892925580428953
2023-02-16,MEX,0.004445650510985029
2023-02-17,MEX,0.26461735072185893
2023-02-18,MEX,0.48404930628382803
2023-02-19,MEX,0.2979827702487037
2023-02-20,MEX,0.1571658000648126
2023-02-21,MEX,0.4753397628275035
2023-02-22,MEX,0.24616344947356317
2023-02-23,MEX,0.05416678634595943
2023-02-24,MEX,0.024139027185896316
2023-02-25,MEX,0.14825785224693536
2023-02-26,MEX,0.13485438297734412
2023-02-27,MEX,0.007639705125139755
2023-02-28,MEX,0.009955007285331408
2023-03-01,MEX,0.1359772459345456
2023-03-02,MEX,0.22279006543694835
2023-03-03,MEX,0.01108234190391378
2023-03-04,MEX,0.016024322236931076
2023-03-05,MEX,0.029841281405650733
2023-03-06,MEX,0.027473495958752394
2023-03-07,MEX,0.02446485257433704
2023-03-08,MEX,0.029554339063429694
2023-03-09,MEX,0.04836935650646504
2023-03-10,MEX,0.09546534771677728
2023-03-11,MEX,0.12252336821850775
2023-03-12,MEX,0.061049872879577666
2023-03-13,MEX,0.17676189183553923
2023-03-14,MEX,0.39309632417101814
2023-03-15,MEX,0.7784126991647682
2023-03-16,MEX,0.2551326964539785
2023-03-17,MEX,0.3173650903568472
2023-03-18,MEX,1.1326309839268656
2023-03-19,MEX,1.125623681252684
2023-03-20,MEX,0.3511909096612817
2023-03-21,MEX,0.11103535066604256
2023-03-22,MEX,0.12153900875079404
2023-03-23,MEX,0.04886479438736249
2023-03-24,MEX,0.021402869935553223
2023-03-25,MEX,0.020670167189136147
2023-03-26,MEX,0.027651776303012816
2023-03-27,MEX,0.024471726836677428
2023-03-28,MEX,0.43123536772310356
2023-03-29,MEX,0.3313125237082517
2023-03-30,MEX,0.0781484405574422
2023-03-31,MEX,0.019384327183922443
2023-04-01,MEX,0.08078653908434752
2023-04-02,MEX,0.03184208527249364
2023-04-03,MEX,0.02308542610434448
2023-04-04,MEX,0.007921924331120142
2023-04-05,MEX,0.028000383194749547
2023-04-06,MEX,0.32150080104681633
2023-04-07,MEX,0.6926598626630541
2023-04-08,MEX,0.2596738702826592
2023-04-09,MEX,0.18348254458648736
2023-04-10,MEX,0.4173923712972819
2023-04-11,MEX,0.9320107978882815
2023-04-12,MEX,0.5156230591614743
2023-04-13,MEX,0.1236837144358697
2023-04-14,MEX,0.05894578182163094
2023-04-15,MEX,0.06644946529866136
2023-04-16,MEX,0.38420449974167203
2023-04-17,MEX,0.6415208324611217
2023-04-18,MEX,0.10844308660868998
2023-04-19,MEX,0.08380552160308181
2023-04-20,MEX,0.09332136816348936
2023-04-21,MEX,0.1280618327089264
2023-04-22,MEX,0.26927361762869345
2023-04-23,MEX,0.4690233701278748
2023-04-24,MEX,0.31800290584107077
2023-04-25,MEX,0.06799863614554565
2023-04-26,MEX,0.044734715753244066
2023-04-27,MEX,0.05182279267401675
2023-04-28,MEX,0.13896369773244424
2023-04-29,MEX,0.29410918800805463
2023-04-30,MEX,0.20706962621950298
2023-05-01,MEX,0.03273753508940478
2023-05-02,MEX,0.06733567772880102
2023-05-03,MEX,0.08051723782552361
2023-05-04,MEX,0.15163527649024441
2023-05-05,MEX,0.11094939711360546
2023-05-06,MEX,0.09079835800937357
2023-05-07,MEX,0.1590484880058819
2023-05-08,MEX,0.34241334770215975
2023-05-09,MEX,0.22632474835473723
2023-05-10,MEX,0.15155802492174564
2023-05-11,MEX,0.14465430563216997
2023-05-12,MEX,0.4749646672979058
2023-05-13,MEX,0.7562759520100312
2023-05-14,MEX,1.0435883290363008
2023-05-15,MEX,1.054974703047189
2023-05-16,MEX,0.5368861262097372
2023-05-17,MEX,0.2959683833878302
2023-05-18,MEX,0.3466391368199504
2023-05-19,MEX,0.19643571579974412
2023-05-20,MEX,1.0270139276599837
2023-05-21,MEX,0.817320149770209
2023-05-22,MEX,0.34193809326407976
2023-05-23,MEX,0.2824365261767806
2023-05-24,MEX,0.3399888918961174
2023-05-25,MEX,0.3122650796125813
2023-05-26,MEX,0.32852974093239556
2023-05-27,MEX,0.3873666187113351
2023-05-28,MEX,0.8342178665059098
2023-05-29,MEX,0.5164066454653498
2023-05-30,MEX,0.2753878982383278
2023-05-31,MEX,0.38359379458085524
2023-06-01,MEX,0.1391250119200523
2023-06-02,MEX,0.1403359507839256
2023-06-03,MEX,0.21325700372215925
2023-06-04,MEX,0.4479154086721556
2023-06-05,MEX,0.8324775561660118
2023-06-06,MEX,0.6618561916279065
2023-06-07,MEX,0.4193298898794065
2023-06-08,MEX,0.22870437218627682
2023-06-09,MEX,0.05810857829890064
2023-06-10,MEX,0.15494052983243042
2023-06-11,MEX,0.05890329463951426
2023-06-12,MEX,0.07081303931563403
2023-06-13,MEX,0.07683016436028477
2023-06-14,MEX,0.0566488066141142
2023-06-15,MEX,0.057762504423792625
2023-06-16,MEX,0.1220030287995622
2023-06-17,MEX,0.08542980221495718
2023-06-18,MEX,0.09144619452029139
2023-06-19,MEX,0.10379583079169914
2023-06-20,MEX,0.12488267158958262
2023-06-21,MEX,0.2497878885241203
2023-06-22,MEX,0.306406836175301
2023-06-23,MEX,0.42465300207671347
2023-06-24,MEX,1.2508569142931714
2023-06-25,MEX,1.0505777020118188
2023-06-26,MEX,0.8396804209244809
2023-06-27,MEX,0.6424636929362012
2023-06-28,MEX,0.9526577653728195
2023-06-29,MEX,1.2106815110173899
2023-06-30,MEX,2.28741161223173
2023-07-01,MEX,1.7751795496885492
2023-07-02,MEX,1.8687935441351327
2023-07-03,MEX,1.4605016407323064
2023-07-04,MEX,1.619642621650072
2023-07-05,MEX,1.3318936844305653
2023-07-06,MEX,1.5800976164536278
2023-07-07,MEX,1.3742640809086777
2023-07-08,MEX,1.676349555979936
2023-07-09,MEX,1.471019941130958
2023-07-10,MEX,1.2435429086915732
2023-07-11,MEX,1.1133956390762252
2023-07-12,MEX,0.8844324907689785
2023-07-13,MEX,0.7292811802482208
2023-07-14,MEX,0.4131103463947875
2023-07-15,MEX,0.4146598562668593
2023-07-16,MEX,0.5272133405644874
2023-07-17,MEX,0.5780777060277282
2023-07-18,MEX,0.5291739469097093
2023-07-19,MEX,0.41597604815867373
2023-07-20,MEX,0.7548757005538403
2023-07-21,MEX,1.0221197007793594
2023-07-22,MEX,0.9324500491670663
2023-07-23,MEX,1.2474379412216228
2023-07-24,MEX,1.8319484750789945
2023-07-25,MEX,1.5445702840508175
2023-07-26,MEX,1.017787429416067
2023-07-27,MEX,0.9060029168516138
2023-07-28,MEX,0.8631712437466701
2023-07-29,MEX,0.9935101475901302
2023-07-30,MEX,1.7440191795227953
2023-07-31,MEX,1.2373424428332842
2023-08-01,MEX,1.3947729717404918
2023-08-02,MEX,1.195256415727639
2023-08-03,MEX,1.65887283420673
2023-08-04,MEX,1.415917562928925
2023-08-05,MEX,1.0883565734606175
2023-08-06,MEX,0.9243925765757695
2023-08-07,MEX,0.3277346497948436
2023-08-08,MEX,0.3974109614480703
2023-08-09,MEX,0.5131091505297375
2023-08-10,MEX,0.6794150321531327
2023-08-11,MEX,0.9110279783612927
2023-08-12,MEX,0.7035456587530878
2023-08-13,MEX,0.8487986856690439
2023-08-14,MEX,0.9637826064144787
2023-08-15,MEX,1.3589987196029834
2023-08-16,MEX,1.2602983684672595
2023-08-17,MEX,1.1860920086560764
2023-08-18,MEX,1.4378022552250784
2023-08-19,MEX,1.6614485022254373
2023-08-20,MEX,2.0078037619628395
2023-08-21,MEX,0.6474397967892445
2023-08-22,MEX,1.0789193507452448
2023-08-23,MEX,1.9724807241467721
2023-08-24,MEX,1.6004400723396837
2023-08-25,MEX,1.3663622502052306
2023-08-26,MEX,1.1372568681393456
2023-08-27,MEX,1.1960652125798321
2023-08-28,MEX,1.1250978621687326
2023-08-29,MEX,0.8940208098024794
2023-08-30,MEX,0.9385274278913265
2023-08-31,MEX,1.5883138785606592
2023-09-01,MEX,1.6186982233226
2023-09-02,MEX,0.889018077070728
2023-09-03,MEX,0.6410643478697919
2023-09-04,MEX,0.7781022622262039
2023-09-05,MEX,0.9225923366239118
2023-09-06,MEX,1.0439725545498748
2023-09-07,MEX,1.4288537079438282
2023-09-08,MEX,0.9583211180011855
2023-09-09,MEX,0.9440017203834726
2023-09-10,MEX,0.7713549269971901
2023-09-11,MEX,0.9248582798793392
2023-09-12,MEX,0.5079938791047272
2023-09-13,MEX,0.6551451735230179
2023-09-14,MEX,0.5276155816122456
2023-09-15,MEX,0.8449569446638022
2023-09-16,MEX,0.8063408526391574
2023-09-17,MEX,1.6575704232728656
2023-09-18,MEX,1.0788536526441745
2023-09-19,MEX,0.6227023584586906
2023-09-20,MEX,0.44910600454082256
2023-09-21,MEX,0.31813847193945893
2023-09-22,MEX,0.29023506768197577
2023-09-23,MEX,0.12820451398657018
2023-09-24,MEX,0.20422823920794422
2023-09-25,MEX,0.41772907511731483
2023-09-26,MEX,0.42352478493434814
2023-09-27,MEX,0.6076599040434435
2023-09-28,MEX,0.4823577309753334
2023-09-29,MEX,0.7228206129061222
2023-09-30,MEX,0.6590344219424331
2023-10-01,MEX,0.6597686549152911
2023-10-02,MEX,0.8808432864131867
2023-10-03,MEX,0.7794967749184271
2023-10-04,MEX,1.399748275121375
2023-10-05,MEX,0.9612280790604725
2023-10-06,MEX,1.8225136964048134
2023-10-07,MEX,3.1395012829283955
2023-10-08,MEX,2.572836421557287
2023-10-09,MEX,2.0840515919302254
2023-10-10,MEX,2.8941576453284594
2023-10-11,MEX,1.9751891557473695
2023-10-12,MEX,0.3238041616087296
2023-10-13,MEX,0.32521959609703405
2023-10-14,MEX,0.9084605012968484
2023-10-15,MEX,1.1579052383305575
2023-10-16,MEX,1.078353753638514
2023-10-17,MEX,0.36697432916551354
2023-10-18,MEX,0.15492353383604496
2023-10-19,MEX,0.25967001172453597
2023-10-20,MEX,0.18812014252919637
2023-10-21,MEX,0.45988238600337467
2023-10-22,MEX,0.9691054973881778
2023-10-23,MEX,1.0978678902879715
2023-10-24,MEX,0.9123672014921272
2023-10-25,MEX,1.3922990143954344
2023-10-26,MEX,0.7795139350549501
2023-10-27,MEX,0.8676634556313519
2023-10-28,MEX,0.5793067986253027
2023-10-29,MEX,0.23583403294198568
2023-10-30,MEX,0.49569408754725286
2023-10-31,MEX,0.5911057845996799
2023-11-01,MEX,0.795318086159072
2023-11-02,MEX,0.5919058622972083
2023-11-03,MEX,0.24273658449898838
2023-11-04,MEX,0.5410071081649048
2023-11-05,MEX,0.6758984973440197
2023-11-06,MEX,0.2760310578340005
2023-11-07,MEX,0.14171302473206296
2023-11-08,MEX,0.17947701844444175
2023-11-09,MEX,0.8230570804754335
2023-11-10,MEX,0.9161729890039644
2023-11-11,MEX,1.672197299789518
2023-11-12,MEX,2.2820576840556708
2023-11-13,MEX,1.200778945956174
2023-11-14,MEX,0.9062014400925376
2023-11-15,MEX,0.38376314712916954
2023-11-16,MEX,0.33172604997562377
2023-11-17,MEX,0.11978761381961775
2023-11-18,MEX,0.19315988671416182
2023-11-19,MEX,0.060273716612365774
2023-11-20,MEX,0.054676036620097
2023-11-21,MEX,0.23609526069072514
2023-11-22,MEX,1.297453916539055
2023-11-23,MEX,0.9921108445564417
2023-11-24,MEX,0.06584831478732578
2023-11-25,MEX,0.11305365218904831
2023-11-26,MEX,0.14915555507553335
2023-11-27,MEX,0.6550005011556453
2023-11-28,MEX,0.5775108456920978
2023-11-29,MEX,0.5226720572663879
2023-11-30,MEX,0.17176534549630018
2023-12-01,MEX,0.0673853357998716
2023-12-02,MEX,0.05346753173975233
2023-12-03,MEX,0.5372263975979434
2023-12-04,MEX,0.6892040308969849
2023-12-05,MEX,0.5524902620954074
2023-12-06,MEX,0.9320938949389004
2023-12-07,MEX,0.690667240252948
2023-12-08,MEX,0.06878783679555082
2023-12-09,MEX,0.043084053803114516
2023-12-10,MEX,0.4056753605931909
2023-12-11,MEX,0.8698719277733108
2023-12-12,MEX,0.20704438793396046
2023-12-13,MEX,0.4560981009786817
2023-12-14,MEX,0.5914188847468584
2023-12-15,MEX,0.4481278965061827
2023-12-16,MEX,0.44990916587428176
2023-12-17,MEX,0.12731167202349888
2023-12-18,MEX,0.02228908541020797
2023-12-19,MEX,0.03288269432863373
2023-12-20,MEX,0.04769977474821898
2023-12-21,MEX,0.06196849465554195
2023-12-22,MEX,0.5922193269316162
2023-12-23,MEX,0.5544177393620673
2023-12-24,MEX,0.11053977885659891
2023-12-25,MEX,0.09137753081561814
2023-12-26,MEX,0.28519189560912894
2023-12-27,MEX,0.20281114436483022
2023-12-28,MEX,0.4112133835116692
2023-12-29,MEX,0.41957252807675405
2023-12-30,MEX,0.38205975811013493
2023-12-31,MEX,0.012004295209970995
2024-01-01,MEX,0.028633295530349896
2024-01-02,MEX,0.10525080740844031
2024-01-03,MEX,0.0394234104093888
2024-01-04,MEX,0.1550236617998271
2024-01-05,MEX,0.04893696340956236
2024-01-06,MEX,0.035177886768040303
2024-01-07,MEX,0.2739203400467681
2024-01-08,MEX,0.15730847252628108
2024-01-09,MEX,0.05948101112336946
2024-01-10,MEX,0.052602454894139804
2024-01-11,MEX,0.0281193654112366
2024-01-12,MEX,0.009910816949926923
2024-01-13,MEX,0.09654502221211185
2024-01-14,MEX,0.05684853182330591
2024-01-15,MEX,0.028533335593075363
2024-01-16,MEX,0.20587783672275575
2024-01-17,MEX,0.34089921813989793
2024-01-18,MEX,0.053851327938268446
2024-01-19,MEX,0.06106188764303315
2024-01-20,MEX,0.5585374465483849
2024-01-21,MEX,0.776676363529684
2024-01-22,MEX,1.0303003522394485
2024-01-23,MEX,1.066699133315393
2024-01-24,MEX,0.3102653855087915
2024-01-25,MEX,0.15493202547231436
2024-01-26,MEX,0.10888130229044446
2024-01-27,MEX,0.11540689078382405
2024-01-28,MEX,0.5398661862410866
2024-01-29,MEX,0.1655653168396398
2024-01-30,MEX,0.07133483216782865
2024-01-31,MEX,0.14296638444288412
2024-02-01,MEX,0.22261250713896774
2024-02-02,MEX,0.5646817684571186
2024-02-03,MEX,0.08973550402978607
2024-02-04,MEX,0.005337807320686118
2024-02-05,MEX,0.048121700962505114
2024-02-06,MEX,0.27600147749076875
2024-02-07,MEX,0.6372181455289764
2024-02-08,MEX,0.054746628074760106
2024-02-09,MEX,0.024093436853418387
2024-02-10,MEX,0.20702280773163292
2024-02-11,MEX,0.06592814237528273
2024-02-12,MEX,0.0998664031169185
2024-02-13,MEX,0.1921738633939168
2024-02-14,MEX,0.122296591245966
2024-02-15,MEX,0.5125424560406823
2024-02-16,MEX,1.6998105538235544
2024-02-17,MEX,1.9703279575795392
2024-02-18,MEX,0.8711061435864887
2024-02-19,MEX,0.045533219189301345
2024-02-20,MEX,0.007943699223320957
2024-02-21,MEX,0.053577533728070205
2024-02-22,MEX,9.074371971321513e-4
2024-02-23,MEX,0.002751962385933071
2024-02-24,MEX,0.053200233024715014
2024-02-25,MEX,0.0101789246285637
2024-02-26,MEX,0.0029749539539184076
2024-02-27,MEX,0.014320049165951487
2024-02-28,MEX,0.34588239160260265
2024-02-29,MEX,0.27001453983121376
2024-03-01,MEX,0.03438900260655124
2024-03-02,MEX,0.07466442965988399
2024-03-03,MEX,0.027816519507861258
2024-03-04,MEX,0.021879472039144213
2024-03-05,MEX,0.029131374125961642
2024-03-06,MEX,0.02013264783091165
2024-03-07,MEX,0.08504219652765861
2024-03-08,MEX,0.025085867107161333
2024-03-09,MEX,0.01677101853464752
2024-03-10,MEX,0.257185579098711
2024-03-11,MEX,0.1812126789970339
2024-03-12,MEX,0.11384343923909428
2024-03-13,MEX,0.03441046791830226
2024-03-14,MEX,0.03671738679684879
2024-03-15,MEX,0.14278967716579613
2024-03-16,MEX,0.3514949199500949
2024-03-17,MEX,0.16895767960060157
2024-03-18,MEX,0.6195317836911183
2024-03-19,MEX,0.48871707725556246
2024-03-20,MEX,0.24581806922829244
2024-03-21,MEX,0.07996126886703937
2024-03-22,MEX,0.07041307074640243
2024-03-23,MEX,0.11466977095982918
2024-03-24,MEX,0.26302576765427277
2024-03-25,MEX,0.2878964566575264
2024-03-26,MEX,0.0361722387289562
2024-03-27,MEX,0.03692100649259894
2024-03-28,MEX,0.18037208349840428
2024-03-29,MEX,0.007288071740773198
2024-03-30,MEX,0.053104692120974774
2024-03-31,MEX,0.21357013109203543
2024-04-01,MEX,0.5858464200539614
2024-04-02,MEX,0.07489082251024029
2024-04-03,MEX,0.11430384215944295
2024-04-04,MEX,0.051315925136861236
2024-04-05,MEX,0.037469222414472175
2024-04-06,MEX,0.020091785885630542
2024-04-07,MEX,0.0074569836852289165
2024-04-08,MEX,0.03755355097711799
2024-04-09,MEX,0.02977639489661994
2024-04-10,MEX,0.07083037656073171
2024-04-11,MEX,0.09803615853205412
2024-04-12,MEX,0.0138051549192212
2024-04-13,MEX,0.024432397438021242
2024-04-14,MEX,0.039159870555148135
2024-04-15,MEX,0.011183680452549591
2024-04-16,MEX,0.010563594378795976
2024-04-17,MEX,0.04319754328364792
2024-04-18,MEX,0.06686968883131525
2024-04-19,MEX,0.09965162284609884
2024-04-20,MEX,0.1152680763750202
2024-04-21,MEX,0.3969449888451379
2024-04-22,MEX,0.6387414728705785
2024-04-23,MEX,0.12356177482948441
2024-04-24,MEX,0.04427702902311834
2024-04-25,MEX,0.050773228015241825
2024-04-26,MEX,0.05763021340218435
2024-04-27,MEX,0.044634743646377234
2024-04-28,MEX,0.047658333174041924
2024-04-29,MEX,0.09125273338729253
2024-04-30,MEX,0.15746345853120447
2024-05-01,MEX,0.11318911192252806
2024-05-02,MEX,0.03898408920847496
2024-05-03,MEX,0.07657693569214302
2024-05-04,MEX,0.1479401737461725
2024-05-05,MEX,0.11434192820394597
2024-05-06,MEX,0.06632720868369003
2024-05-07,MEX,0.019726912516779563
2024-05-08,MEX,0.015728495414865328
2024-05-09,MEX,0.01661034585171862
2024-05-10,MEX,0.1539472150882248
2024-05-11,MEX,0.1100468361657471
2024-05-12,MEX,0.06480311395867658
2024-05-13,MEX,0.15042457585741623
2024-05-14,MEX,0.10796055817152614
2024-05-15,MEX,0.14702033020133776
2024-05-16,MEX,0.050368444939032093
2024-05-17,MEX,0.18746575866229118
2024-05-18,MEX,0.15460662080780957
2024-05-19,MEX,0.42742773347055246
2024-05-20,MEX,0.03928957772598686
2024-05-21,MEX,0.052844317042838464
2024-05-22,MEX,0.07939961231598841
2024-05-23,MEX,0.04376302133776205
2024-05-24,MEX,0.06359836713450123
2024-05-25,MEX,0.04671930511383098
2024-05-26,MEX,0.05153053041570503
2024-05-27,MEX,0.19558183546119812
2024-05-28,MEX,0.19137551536849365
2024-05-29,MEX,0.40962710563425225
2024-05-30,MEX,0.11869637990957477
2024-05-31,MEX,0.06316978366508054
2024-06-01,MEX,0.07422662405364015
2024-06-02,MEX,0.11240624136230895
2024-06-03,MEX,0.06950445026789062
2024-06-04,MEX,0.08353330799830934
2024-06-05,MEX,0.07402299291851543
2024-06-06,MEX,0.1510704362911719
2024-06-07,MEX,0.24911295970518219
2024-06-08,MEX,0.728589385462974
2024-06-09,MEX,0.4286575803866216
2024-06-10,MEX,0.555285603605503
2024-06-11,MEX,0.5603836562686834
2024-06-12,MEX,0.7970009854387182
2024-06-13,MEX,1.1460737526594211
2024-06-14,MEX,1.3824079301479606
2024-06-15,MEX,1.1733739622899806
2024-06-16,MEX,1.1718634651121662
2024-06-17,MEX,1.5530312192906706
2024-06-18,MEX,1.495784293176148
2024-06-19,MEX,1.359945494216171
2024-06-20,MEX,7.144170317794878
2024-06-21,MEX,5.158203925617813
2024-06-22,MEX,2.5200210562336776
2024-06-23,MEX,2.2096072328847005
2024-06-24,MEX,3.2063905697238293
2024-06-25,MEX,2.3192544018225725
2024-06-26,MEX,0.8517503249749079
2024-06-27,MEX,1.102738867091961
2024-06-28,MEX,1.4827262447356984
2024-06-29,MEX,2.035969924733468
2024-06-30,MEX,3.003617992737635
2024-07-01,MEX,3.79863692067446
2024-07-02,MEX,2.195029916975114
2024-07-03,MEX,1.411039136773486
2024-07-04,MEX,1.2359812402143087
2024-07-05,MEX,1.197259013084628
2024-07-06,MEX,1.0096473444032092
2024-07-07,MEX,1.0997650899832832
2024-07-08,MEX,1.1780669828912913
2024-07-09,MEX,1.8490845124138071
2024-07-10,MEX,2.325442429807901
2024-07-11,MEX,2.5315987965318576
2024-07-12,MEX,2.2764321086589927
2024-07-13,MEX,2.1759733133706707
2024-07-14,MEX,1.596500855099428
2024-07-15,MEX,1.134268617730782
2024-07-16,MEX,1.1696258617773896
2024-07-17,MEX,1.3345097767637801
2024-07-18,MEX,1.6263139206445645
2024-07-19,MEX,1.6596406828575068
2024-07-20,MEX,1.6941097966159917
2024-07-21,MEX,1.7672346876402578
2024-07-22,MEX,1.9445336145394105
2024-07-23,MEX,2.096959743839455
2024-07-24,MEX,2.5841959053580656
2024-07-25,MEX,2.451805335018954
2024-07-26,MEX,1.8135089783323997
2024-07-27,MEX,1.6069902481485518
2024-07-28,MEX,1.3689790043264545
2024-07-29,MEX,1.0715582938567416
2024-07-30,MEX,1.3039712693820131
2024-07-31,MEX,1.4543232616294322
2024-08-01,MEX,1.291508917536061
2024-08-02,MEX,1.1052716925873318
2024-08-03,MEX,1.0646527344832282
2024-08-04,MEX,0.7530259014601307
2024-08-05,MEX,1.0347489851606642
2024-08-06,MEX,1.2142044572850623
2024-08-07,MEX,0.8605579710134272
2024-08-08,MEX,0.6261527056612389
2024-08-09,MEX,1.1266789530131067
2024-08-10,MEX,1.2052371178752033
2024-08-11,MEX,1.7210045831735028
2024-08-12,MEX,1.3938088353441482
2024-08-13,MEX,1.571176498732371
2024-08-14,MEX,1.7404420377040246
2024-08-15,MEX,1.3651940207447406
2024-08-16,MEX,1.4435745020177384
2024-08-17,MEX,1.151807861130929
2024-08-18,MEX,0.7602488138837238
2024-08-19,MEX,0.9597738814989429
2024-08-20,MEX,0.9905911184689122
2024-08-21,MEX,0.7927496960646055
2024-08-22,MEX,1.0411231520636413
2024-08-23,MEX,1.2494936648998405
2024-08-24,MEX,1.1147646350719278
2024-08-25,MEX,0.8551923735261824
2024-08-26,MEX,0.8557155393576267
2024-08-27,MEX,1.141639520685136
2024-08-28,MEX,1.2706898293247333
2024-08-29,MEX,1.4198803781407239
2024-08-30,MEX,1.6706497705654577
2024-08-31,MEX,2.3281963611824845
2024-09-01,MEX,2.538318890058097
2024-09-02,MEX,2.837708865686973
2024-09-03,MEX,2.58818426432925
2024-09-04,MEX,2.362146884697113
2024-09-05,MEX,2.612950054477669
2024-09-06,MEX,2.821474294506634
2024-09-07,MEX,2.1472307896067426
2024-09-08,MEX,2.1631357673726606
2024-09-09,MEX,1.28806912211098
2024-09-10,MEX,1.5841075903958641
2024-09-11,MEX,1.475384889653306
2024-09-12,MEX,1.3971140703164995
2024-09-13,MEX,1.088155228831638
2024-09-14,MEX,1.8104178446918535
2024-09-15,MEX,2.3076125822007683
2024-09-16,MEX,1.4665330578730316
2024-09-17,MEX,1.074519413732551
2024-09-18,MEX,0.8388064994834641
2024-09-19,MEX,0.693178823425744
2024-09-20,MEX,0.8818998452976946
2024-09-21,MEX,0.8721368248630648
2024-09-22,MEX,0.8675629126833451
2024-09-23,MEX,1.2735500174848204
2024-09-24,MEX,2.3884521874273146
2024-09-25,MEX,2.6191196712449427
2024-09-26,MEX,2.8463683233867787
2024-09-27,MEX,2.86160803883076
2024-09-28,MEX,2.311815575570525
2024-09-29,MEX,1.7406764834974746
2024-09-30,MEX,1.081658060401144
2024-10-01,MEX,1.4605498264672625
2024-10-02,MEX,1.829743416405884
2024-10-03,MEX,1.335500136329021
2024-10-04,MEX,1.1826056674436336
2024-10-05,MEX,1.5153299396969966
2024-10-06,MEX,1.340974840360393
2024-10-07,MEX,1.2726452415089884
2024-10-08,MEX,1.0014547774673526
2024-10-09,MEX,0.49572857710280505
2024-10-10,MEX,0.22098375278328547
2024-10-11,MEX,0.11539659932571346
2024-10-12,MEX,0.13023477102731446
2024-10-13,MEX,0.1508618720526237
2024-10-14,MEX,0.34026457936193627
2024-10-15,MEX,0.2554945822097955
2024-10-16,MEX,0.5282054539085865
2024-10-17,MEX,1.1187329666009243
2024-10-18,MEX,0.8297251953328202
2024-10-19,MEX,1.4403186753930186
2024-10-20,MEX,2.3480647556448115
2024-10-21,MEX,2.212862736834324
2024-10-22,MEX,0.9185558972258668
2024-10-23,MEX,0.2461764532903349
2024-10-24,MEX,0.11341784844231295
2024-10-25,MEX,0.08411489757908318
2024-10-26,MEX,0.5011392118829693
2024-10-27,MEX,0.7806817677967728
2024-10-28,MEX,0.3129292532248964
2024-10-29,MEX,0.567650839499277
2024-10-30,MEX,0.33484941244233424
2024-10-31,MEX,0.37215247857015976
2024-11-01,MEX,0.5103011049795001
2024-11-02,MEX,0.35610212757745974
2024-11-03,MEX,0.17799592149955196
2024-11-04,MEX,0.2238488973631274
2024-11-05,MEX,0.20235317645582426
2024-11-06,MEX,0.22830580944001116
2024-11-07,MEX,0.11787422447677805
2024-11-08,MEX,0.17543911689616434
2024-11-09,MEX,0.1562999987235847
2024-11-10,MEX,0.09252993542481466
2024-11-11,MEX,0.1459286104893803
2024-11-12,MEX,0.09566119278079413
2024-11-13,MEX,0.04046074471464287
2024-11-14,MEX,0.3727924068674914
2024-11-15,MEX,0.3370064147132636
2024-11-16,MEX,0.23017037561637715
2024-11-17,MEX,0.6701920711039462
2024-11-18,MEX,0.519326636656412
2024-11-19,MEX,0.15114266007947794
2024-11-20,MEX,1.0571393631669435
2024-11-21,MEX,0.45279036143514223
2024-11-22,MEX,0.10392064088881414
2024-11-23,MEX,0.0444189647052756
2024-11-24,MEX,0.017881466234990186
2024-11-25,MEX,0.005979498852188378
2024-11-26,MEX,0.04869883313380619
2024-11-27,MEX,0.012487975665001264
2024-11-28,MEX,0.009318117549997158
2024-11-29,MEX,0.10526251480817135
2024-11-30,MEX,0.09899775922219835
2024-12-01,MEX,0.07277491198056717
2024-12-02,MEX,0.20056785758898593
2024-12-03,MEX,0.1863258359611673
2024-12-04,MEX,0.1010341379463014
2024-12-05,MEX,0.030438164884454652
2024-12-06,MEX,0.22884328214371613
2024-12-07,MEX,0.16466680207491627
2024-12-08,MEX,0.24038527431897744
2024-12-09,MEX,0.03622049647665784
2024-12-10,MEX,0.01839761826889165
2024-12-11,MEX,1.1505255977759108
2024-12-12,MEX,0.47045586897477815
2024-12-13,MEX,0.06730257210170251
2024-12-14,MEX,0.06604064091556952
2024-12-15,MEX,0.09769394524399683
2024-12-16,MEX,0.07833053243264113
2024-12-17,MEX,0.08291334129726897
2024-12-18,MEX,0.11420923728592462
2024-12-19,MEX,0.3740574696732469
2024-12-20,MEX,0.23421071150873854
2024-12-21,MEX,0.310326839198356
2024-12-22,MEX,0.20939253046874895
2024-12-23,MEX,0.07525487003034798
2024-12-24,MEX,0.0872729017758247
2024-12-25,MEX,0.0337323388759242
2024-12-26,MEX,0.13662022086140024
2024-12-27,MEX,0.05638348476353724
2024-12-28,MEX,0.022993085836874795
2024-12-29,MEX,0.04073522760588357
2024-12-30,MEX,0.05582480320794542
2024-12-31,MEX,0.011740098123533839
