date,iso3,mean_temp_celsius
1990-01-01,MEX,12.791516444527531
1990-01-02,MEX,12.823301146818665
1990-01-03,MEX,14.716604309983381
1990-01-04,MEX,13.98855465099075
1990-01-05,MEX,14.115879749282954
1990-01-06,MEX,13.746112146883831
1990-01-07,MEX,12.006834285561297
1990-01-08,MEX,12.472380420328761
1990-01-09,MEX,14.245549424481112
1990-01-10,MEX,15.621341253167827
1990-01-11,MEX,15.945639839147987
1990-01-12,MEX,16.309558470394734
1990-01-13,MEX,14.608161911546631
1990-01-14,MEX,14.523596862147883
1990-01-15,MEX,15.149679970014006
1990-01-16,MEX,15.983571579025067
1990-01-17,MEX,15.955649166717023
1990-01-18,MEX,16.32032092288489
1990-01-19,MEX,15.261058899080354
1990-01-20,MEX,14.515775389147393
1990-01-21,MEX,14.788906045418742
1990-01-22,MEX,15.919916299924694
1990-01-23,MEX,17.497963953851183
1990-01-24,MEX,17.675712418766977
1990-01-25,MEX,16.722685896173004
1990-01-26,MEX,14.181958237264041
1990-01-27,MEX,16.581728600128713
1990-01-28,MEX,17.282467374060275
1990-01-29,MEX,15.909009624815837
1990-01-30,MEX,16.29771292536384
1990-01-31,MEX,17.059989224492654
1990-02-01,MEX,16.321117222355383
1990-02-02,MEX,15.933769403978317
1990-02-03,MEX,15.531896820078998
1990-02-04,MEX,14.655488818366678
1990-02-05,MEX,14.886389553051913
1990-02-06,MEX,15.04610493750613
1990-02-07,MEX,15.454791993223466
1990-02-08,MEX,16.975230087044736
1990-02-09,MEX,17.208574350341337
1990-02-10,MEX,16.270981620217015
1990-02-11,MEX,16.28309945252869
1990-02-12,MEX,16.62550710340753
1990-02-13,MEX,17.942996092010674
1990-02-14,MEX,17.986708128768043
1990-02-15,MEX,15.933228285725704
1990-02-16,MEX,14.415766830305472
1990-02-17,MEX,14.271239894638882
1990-02-18,MEX,14.785708570578663
1990-02-19,MEX,15.235584742485969
1990-02-20,MEX,15.22698017288036
1990-02-21,MEX,14.367288471775908
1990-02-22,MEX,15.15003428743023
1990-02-23,MEX,14.935759039159109
1990-02-24,MEX,15.102006961987058
1990-02-25,MEX,15.833133037455354
1990-02-26,MEX,16.70183990275831
1990-02-27,MEX,17.1483985504114
1990-02-28,MEX,17.267704408018062
1990-03-01,MEX,16.331098299872167
1990-03-02,MEX,15.903963056734824
1990-03-03,MEX,16.946643160883525
1990-03-04,MEX,17.746112849791018
1990-03-05,MEX,18.34699684358941
1990-03-06,MEX,19.098999186912238
1990-03-07,MEX,19.066198058058774
1990-03-08,MEX,19.447232443018493
1990-03-09,MEX,19.48803294459924
1990-03-10,MEX,19.010773284801132
1990-03-11,MEX,18.230137634689413
1990-03-12,MEX,18.96733661801494
1990-03-13,MEX,19.46582960189977
1990-03-14,MEX,18.46583972916335
1990-03-15,MEX,17.125057566144562
1990-03-16,MEX,17.494383132012842
1990-03-17,MEX,17.127272428535775
1990-03-18,MEX,17.697240352161828
1990-03-19,MEX,18.85616954856198
1990-03-20,MEX,17.91535488031576
1990-03-21,MEX,18.49862740266559
1990-03-22,MEX,19.84091980811894
1990-03-23,MEX,20.46735643751549
1990-03-24,MEX,20.085909385766456
1990-03-25,MEX,19.414130653544362
1990-03-26,MEX,19.139519633069767
1990-03-27,MEX,18.869049037342393
1990-03-28,MEX,18.899137795675813
1990-03-29,MEX,19.162855228993692
1990-03-30,MEX,18.89410779693651
1990-03-31,MEX,18.859389711358347
1990-04-01,MEX,19.256126797848935
1990-04-02,MEX,20.015541093628542
1990-04-03,MEX,20.37404952590731
1990-04-04,MEX,20.642264317943955
1990-04-05,MEX,20.822390528450967
1990-04-06,MEX,20.849468190098264
1990-04-07,MEX,18.959055792322545
1990-04-08,MEX,20.012510718710757
1990-04-09,MEX,21.441739608817613
1990-04-10,MEX,22.006019012823742
1990-04-11,MEX,21.652056692236897
1990-04-12,MEX,20.55083071690177
1990-04-13,MEX,21.270410933911876
1990-04-14,MEX,22.487281868491607
1990-04-15,MEX,22.898911749910724
1990-04-16,MEX,22.517064888228333
1990-04-17,MEX,22.157943908775337
1990-04-18,MEX,21.717139350971763
1990-04-19,MEX,21.354552195519545
1990-04-20,MEX,21.817227113748004
1990-04-21,MEX,21.928665596355927
1990-04-22,MEX,21.422392741993406
1990-04-23,MEX,21.40990776299094
1990-04-24,MEX,20.93640222755289
1990-04-25,MEX,21.263393263757393
1990-04-26,MEX,21.085747661833864
1990-04-27,MEX,22.076700596597163
1990-04-28,MEX,23.347044215535675
1990-04-29,MEX,24.45423363351739
1990-04-30,MEX,23.683535724093815
1990-05-01,MEX,23.14598964930832
1990-05-02,MEX,22.38786192291468
1990-05-03,MEX,21.906552509022163
1990-05-04,MEX,22.33468618236276
1990-05-05,MEX,21.25696093250002
1990-05-06,MEX,20.219026504381475
1990-05-07,MEX,19.919208515467346
1990-05-08,MEX,21.16457354034071
1990-05-09,MEX,23.187825029812927
1990-05-10,MEX,23.395322760563204
1990-05-11,MEX,23.433996021662097
1990-05-12,MEX,23.945459429706943
1990-05-13,MEX,24.17367764905191
1990-05-14,MEX,24.52410326008288
1990-05-15,MEX,24.7048631059302
1990-05-16,MEX,24.722552506019213
1990-05-17,MEX,25.09809704194089
1990-05-18,MEX,24.197184602296147
1990-05-19,MEX,24.45775071823806
1990-05-20,MEX,24.655671893682154
1990-05-21,MEX,24.461043683505636
1990-05-22,MEX,24.653664928577484
1990-05-23,MEX,24.893982297232753
1990-05-24,MEX,25.284384776113654
1990-05-25,MEX,24.969916567242194
1990-05-26,MEX,25.559678198191648
1990-05-27,MEX,25.616117921449415
1990-05-28,MEX,25.6143936765979
1990-05-29,MEX,25.34428579852522
1990-05-30,MEX,25.114646472886477
1990-05-31,MEX,25.293459340862626
1990-06-01,MEX,25.229882672000713
1990-06-02,MEX,25.76645345254252
1990-06-03,MEX,26.073239386017065
1990-06-04,MEX,26.346667330636933
1990-06-05,MEX,26.04332756840745
1990-06-06,MEX,25.958970993180685
1990-06-07,MEX,25.827771076228203
1990-06-08,MEX,25.7092918210501
1990-06-09,MEX,24.71624396401222
1990-06-10,MEX,24.677522864472223
1990-06-11,MEX,24.588878791309696
1990-06-12,MEX,24.972231334558728
1990-06-13,MEX,25.105703357003506
1990-06-14,MEX,24.842361198272044
1990-06-15,MEX,24.381991241745027
1990-06-16,MEX,24.786400843526962
1990-06-17,MEX,25.328709082939724
1990-06-18,MEX,26.058171203748145
1990-06-19,MEX,25.678232335461473
1990-06-20,MEX,26.349855310345447
1990-06-21,MEX,26.31437899941625
1990-06-22,MEX,26.250896683093856
1990-06-23,MEX,26.03843016977197
1990-06-24,MEX,25.85863846101529
1990-06-25,MEX,26.18562076880761
1990-06-26,MEX,26.63402911247266
1990-06-27,MEX,26.44002115852527
1990-06-28,MEX,25.962841554889167
1990-06-29,MEX,25.461514486337194
1990-06-30,MEX,25.252062592515756
1990-07-01,MEX,24.978279303249963
1990-07-02,MEX,23.86084076476044
1990-07-03,MEX,23.66196214191308
1990-07-04,MEX,23.690065147513565
1990-07-05,MEX,23.81453205897168
1990-07-06,MEX,23.722317403672548
1990-07-07,MEX,23.148995013160004
1990-07-08,MEX,23.343066604689795
1990-07-09,MEX,23.22317613092514
1990-07-10,MEX,23.697299798350855
1990-07-11,MEX,24.211613365945652
1990-07-12,MEX,24.30398549349684
1990-07-13,MEX,23.903302887994528
1990-07-14,MEX,23.576308580799775
1990-07-15,MEX,23.512435092675446
1990-07-16,MEX,23.407790790741387
1990-07-17,MEX,23.58215847235789
1990-07-18,MEX,23.784164253772303
1990-07-19,MEX,23.709366531701107
1990-07-20,MEX,23.472187254196797
1990-07-21,MEX,23.344617166004582
1990-07-22,MEX,23.706569964263338
1990-07-23,MEX,23.430411749581822
1990-07-24,MEX,23.270328261412317
1990-07-25,MEX,23.410808130035207
1990-07-26,MEX,23.76467482022582
1990-07-27,MEX,24.132964944984167
1990-07-28,MEX,23.998799133927548
1990-07-29,MEX,23.98140601813185
1990-07-30,MEX,23.56386255304642
1990-07-31,MEX,23.35307216778176
1990-08-01,MEX,23.036057508727993
1990-08-02,MEX,23.119002040573946
1990-08-03,MEX,23.68289413093703
1990-08-04,MEX,23.83202787244494
1990-08-05,MEX,23.78252040929516
1990-08-06,MEX,23.3138235336329
1990-08-07,MEX,22.891590830482585
1990-08-08,MEX,22.793369781674244
1990-08-09,MEX,23.216369064412106
1990-08-10,MEX,23.41696887058896
1990-08-11,MEX,23.116408019925245
1990-08-12,MEX,23.05495923263902
1990-08-13,MEX,22.748447167810127
1990-08-14,MEX,22.517058506892283
1990-08-15,MEX,22.543077260931852
1990-08-16,MEX,22.75223152210401
1990-08-17,MEX,23.02511163046546
1990-08-18,MEX,23.571782794611863
1990-08-19,MEX,23.889756766699236
1990-08-20,MEX,23.827034737971587
1990-08-21,MEX,23.88182902496169
1990-08-22,MEX,23.928805538789106
1990-08-23,MEX,24.037328560960702
1990-08-24,MEX,23.906210383103655
1990-08-25,MEX,23.599130812917053
1990-08-26,MEX,24.06171332609034
1990-08-27,MEX,24.38399492670527
1990-08-28,MEX,24.33013644910295
1990-08-29,MEX,24.43577500244271
1990-08-30,MEX,24.270549901612867
1990-08-31,MEX,24.054837640681228
1990-09-01,MEX,23.90177810417697
1990-09-02,MEX,23.212991376687967
1990-09-03,MEX,22.420225225006163
1990-09-04,MEX,22.123167239554903
1990-09-05,MEX,22.490162396117512
1990-09-06,MEX,22.813261547089326
1990-09-07,MEX,23.213292226298847
1990-09-08,MEX,23.62630841703094
1990-09-09,MEX,23.67127583217058
1990-09-10,MEX,23.73838260478817
1990-09-11,MEX,23.319254012423926
1990-09-12,MEX,22.58498667420986
1990-09-13,MEX,22.2069630776935
1990-09-14,MEX,22.033877362773694
1990-09-15,MEX,22.347624534458078
1990-09-16,MEX,22.310554984095916
1990-09-17,MEX,22.611411137875507
1990-09-18,MEX,22.77071557817095
1990-09-19,MEX,22.579990674833482
1990-09-20,MEX,22.460133763645842
1990-09-21,MEX,22.438198107927633
1990-09-22,MEX,22.651443778783232
1990-09-23,MEX,22.23422503221849
1990-09-24,MEX,21.463865875015188
1990-09-25,MEX,22.1248708302262
1990-09-26,MEX,22.62273103152802
1990-09-27,MEX,22.614592462951066
1990-09-28,MEX,22.762648849346533
1990-09-29,MEX,22.48320388945507
1990-09-30,MEX,22.192489878809454
1990-10-01,MEX,21.54073904849895
1990-10-02,MEX,21.23722402283846
1990-10-03,MEX,21.486530900012838
1990-10-04,MEX,22.36216102434895
1990-10-05,MEX,22.22643721203042
1990-10-06,MEX,22.006028729173977
1990-10-07,MEX,22.27288683471403
1990-10-08,MEX,22.619832890881014
1990-10-09,MEX,21.839515959040853
1990-10-10,MEX,19.59846097008659
1990-10-11,MEX,20.009351410873478
1990-10-12,MEX,20.65731920160914
1990-10-13,MEX,20.368162679190732
1990-10-14,MEX,21.050693375872868
1990-10-15,MEX,21.24255238812856
1990-10-16,MEX,21.347888712507142
1990-10-17,MEX,21.349799019238844
1990-10-18,MEX,21.154481319379386
1990-10-19,MEX,20.52772503998625
1990-10-20,MEX,21.142659653746534
1990-10-21,MEX,20.711447363945354
1990-10-22,MEX,19.002942262535726
1990-10-23,MEX,19.791869283133565
1990-10-24,MEX,20.49202266084245
1990-10-25,MEX,20.09813823242223
1990-10-26,MEX,19.462654938974026
1990-10-27,MEX,19.34191245575954
1990-10-28,MEX,19.102811991054807
1990-10-29,MEX,18.55966890842012
1990-10-30,MEX,18.996646068204313
1990-10-31,MEX,19.106059647609186
1990-11-01,MEX,19.27081744584291
1990-11-02,MEX,18.954047966557255
1990-11-03,MEX,18.990666717590045
1990-11-04,MEX,17.898235541295094
1990-11-05,MEX,16.65681477173598
1990-11-06,MEX,17.67773504656327
1990-11-07,MEX,18.31713293851311
1990-11-08,MEX,17.387562881468455
1990-11-09,MEX,16.580855629293126
1990-11-10,MEX,16.54615748570717
1990-11-11,MEX,16.898705702153165
1990-11-12,MEX,16.720076772955053
1990-11-13,MEX,16.941374187888528
1990-11-14,MEX,17.482481701115773
1990-11-15,MEX,18.115394518545486
1990-11-16,MEX,19.05115437235918
1990-11-17,MEX,19.30393055543925
1990-11-18,MEX,18.9763024847947
1990-11-19,MEX,19.156955249215457
1990-11-20,MEX,19.293468937875446
1990-11-21,MEX,19.07755405175152
1990-11-22,MEX,19.142518818106453
1990-11-23,MEX,18.946429011083296
1990-11-24,MEX,19.315147515558238
1990-11-25,MEX,19.863296976627453
1990-11-26,MEX,19.425167932847955
1990-11-27,MEX,18.637294403202645
1990-11-28,MEX,17.32894933741136
1990-11-29,MEX,16.344674484051893
1990-11-30,MEX,15.287615623509566
1990-12-01,MEX,16.723354614435095
1990-12-02,MEX,17.498138290018915
1990-12-03,MEX,16.963572771963015
1990-12-04,MEX,14.37803177000427
1990-12-05,MEX,13.593163881714474
1990-12-06,MEX,15.389628655717615
1990-12-07,MEX,14.265775364044089
1990-12-08,MEX,12.460332345557958
1990-12-09,MEX,12.999895648251822
1990-12-10,MEX,13.895971472896974
1990-12-11,MEX,15.004020609516942
1990-12-12,MEX,16.143361115238747
1990-12-13,MEX,16.990355952416564
1990-12-14,MEX,17.26719609163996
1990-12-15,MEX,17.243379168391073
1990-12-16,MEX,16.747845119184035
1990-12-17,MEX,16.97866218627763
1990-12-18,MEX,15.119257694718954
1990-12-19,MEX,14.688439427150342
1990-12-20,MEX,15.610616343139213
1990-12-21,MEX,15.968363297889368
1990-12-22,MEX,15.76773837625933
1990-12-23,MEX,14.022268243025053
1990-12-24,MEX,12.018995221042758
1990-12-25,MEX,12.431308946116019
1990-12-26,MEX,14.484508330961887
1990-12-27,MEX,15.011038699692676
1990-12-28,MEX,15.911917587028086
1990-12-29,MEX,16.709713734151933
1990-12-30,MEX,17.100745431939686
1990-12-31,MEX,15.776248521060154
1991-01-01,MEX,15.800616467174962
1991-01-02,MEX,16.133710707072908
1991-01-03,MEX,16.51764182535902
1991-01-04,MEX,15.832819640600576
1991-01-05,MEX,16.141767248175483
1991-01-06,MEX,16.089011897779585
1991-01-07,MEX,15.71536316808232
1991-01-08,MEX,14.76520501690186
1991-01-09,MEX,15.276123364963155
1991-01-10,MEX,14.695290364672303
1991-01-11,MEX,14.264070394812336
1991-01-12,MEX,14.22981535899288
1991-01-13,MEX,13.68510526991139
1991-01-14,MEX,14.797533360713373
1991-01-15,MEX,14.83334384202061
1991-01-16,MEX,14.265246455084082
1991-01-17,MEX,14.548051281974267
1991-01-18,MEX,14.161879870847656
1991-01-19,MEX,13.71147781286004
1991-01-20,MEX,14.672481649948793
1991-01-21,MEX,14.224367203324675
1991-01-22,MEX,13.136964454492045
1991-01-23,MEX,14.62529473701619
1991-01-24,MEX,14.554729185901522
1991-01-25,MEX,14.158953807752027
1991-01-26,MEX,15.348292804816424
1991-01-27,MEX,15.945026891601742
1991-01-28,MEX,16.0472803693483
1991-01-29,MEX,16.598731979866784
1991-01-30,MEX,15.236662324719475
1991-01-31,MEX,13.550070679215139
1991-02-01,MEX,13.859060295948609
1991-02-02,MEX,15.101237579904193
1991-02-03,MEX,16.187639848009155
1991-02-04,MEX,16.564754669795434
1991-02-05,MEX,16.252390281416524
1991-02-06,MEX,16.186472892799372
1991-02-07,MEX,16.222161923956378
1991-02-08,MEX,15.675173231332622
1991-02-09,MEX,16.037420280093897
1991-02-10,MEX,16.88124244813838
1991-02-11,MEX,16.29029011431163
1991-02-12,MEX,17.083554906155882
1991-02-13,MEX,18.352024590240546
1991-02-14,MEX,18.846067848290318
1991-02-15,MEX,18.12786214435539
1991-02-16,MEX,17.615971801244484
1991-02-17,MEX,18.048727414177392
1991-02-18,MEX,17.512421091065335
1991-02-19,MEX,16.409059088112826
1991-02-20,MEX,14.827694046612919
1991-02-21,MEX,14.227329839677338
1991-02-22,MEX,15.812086795273387
1991-02-23,MEX,16.749625573221124
1991-02-24,MEX,17.594717672327363
1991-02-25,MEX,18.148687076761632
1991-02-26,MEX,17.077689736745697
1991-02-27,MEX,16.378670594276173
1991-02-28,MEX,17.357494563983266
1991-03-01,MEX,18.092550759217204
1991-03-02,MEX,18.69998461306386
1991-03-03,MEX,17.589689399417637
1991-03-04,MEX,17.122518159600475
1991-03-05,MEX,18.71750555606576
1991-03-06,MEX,20.02870070876196
1991-03-07,MEX,20.30379917256721
1991-03-08,MEX,19.09920141339444
1991-03-09,MEX,18.20790741077809
1991-03-10,MEX,17.970496378269047
1991-03-11,MEX,18.974305859425897
1991-03-12,MEX,19.613381435719077
1991-03-13,MEX,19.326475219682266
1991-03-14,MEX,19.171017642108552
1991-03-15,MEX,18.69747480480811
1991-03-16,MEX,18.02547143540778
1991-03-17,MEX,18.38865524490882
1991-03-18,MEX,19.258631569230943
1991-03-19,MEX,20.10780269419479
1991-03-20,MEX,19.705071347888406
1991-03-21,MEX,19.50855386156718
1991-03-22,MEX,19.030057330848194
1991-03-23,MEX,19.042187600866043
1991-03-24,MEX,19.70909545522869
1991-03-25,MEX,21.132312426589635
1991-03-26,MEX,21.371640720049697
1991-03-27,MEX,20.371359749075395
1991-03-28,MEX,19.814394901926846
1991-03-29,MEX,17.931096638169777
1991-03-30,MEX,18.07854893727449
1991-03-31,MEX,17.963109669769608
1991-04-01,MEX,18.34858537321668
1991-04-02,MEX,19.802805752485767
1991-04-03,MEX,20.60896120362804
1991-04-04,MEX,21.280613219512134
1991-04-05,MEX,20.680418501128315
1991-04-06,MEX,20.066301096304528
1991-04-07,MEX,20.519173452499786
1991-04-08,MEX,21.30884361801958
1991-04-09,MEX,21.613444729096443
1991-04-10,MEX,21.250063656923942
1991-04-11,MEX,21.563138539663044
1991-04-12,MEX,21.58202282369416
1991-04-13,MEX,21.456896821902603
1991-04-14,MEX,21.186217317789783
1991-04-15,MEX,21.158440916204142
1991-04-16,MEX,21.5705224655523
1991-04-17,MEX,22.76845608746521
1991-04-18,MEX,22.539351877485558
1991-04-19,MEX,23.140294739259275
1991-04-20,MEX,22.961367005974978
1991-04-21,MEX,23.09051072312269
1991-04-22,MEX,23.573670187609025
1991-04-23,MEX,23.590521586049476
1991-04-24,MEX,23.1497637208696
1991-04-25,MEX,22.82898356013129
1991-04-26,MEX,22.917971026998373
1991-04-27,MEX,22.94989543015356
1991-04-28,MEX,22.943447238292322
1991-04-29,MEX,21.920347704054393
1991-04-30,MEX,22.2473140215252
1991-05-01,MEX,23.03036168151135
1991-05-02,MEX,23.207865901688876
1991-05-03,MEX,23.12582685845564
1991-05-04,MEX,23.170685142968352
1991-05-05,MEX,24.111034677618818
1991-05-06,MEX,22.9243498617372
1991-05-07,MEX,22.72985427411112
1991-05-08,MEX,23.56017258443717
1991-05-09,MEX,23.756813945586998
1991-05-10,MEX,23.598467769392983
1991-05-11,MEX,23.184542904906266
1991-05-12,MEX,23.556938819199274
1991-05-13,MEX,23.698316901923647
1991-05-14,MEX,23.435382994880968
1991-05-15,MEX,23.17153691627351
1991-05-16,MEX,23.658812400251975
1991-05-17,MEX,23.68799987688857
1991-05-18,MEX,23.362812012429288
1991-05-19,MEX,23.568557199021143
1991-05-20,MEX,23.783275936962582
1991-05-21,MEX,23.34037650178442
1991-05-22,MEX,23.327883697205095
1991-05-23,MEX,23.576490181137842
1991-05-24,MEX,23.84435561791406
1991-05-25,MEX,24.17445194528898
1991-05-26,MEX,24.593596236598444
1991-05-27,MEX,24.64587521916542
1991-05-28,MEX,24.763218675571807
1991-05-29,MEX,24.04818916824871
1991-05-30,MEX,24.702640731201768
1991-05-31,MEX,24.58903310276412
1991-06-01,MEX,23.888374644448447
1991-06-02,MEX,23.773666640848717
1991-06-03,MEX,24.537333926184942
1991-06-04,MEX,24.890433277958493
1991-06-05,MEX,25.415420049107695
1991-06-06,MEX,25.31417012186165
1991-06-07,MEX,24.711845904218933
1991-06-08,MEX,24.132981365849957
1991-06-09,MEX,23.32315323268375
1991-06-10,MEX,22.59039213321728
1991-06-11,MEX,22.71677201168842
1991-06-12,MEX,23.81824208304647
1991-06-13,MEX,23.606518692883924
1991-06-14,MEX,23.43581344257592
1991-06-15,MEX,23.777217388441727
1991-06-16,MEX,24.587502540454807
1991-06-17,MEX,25.02697434186922
1991-06-18,MEX,25.418241725405835
1991-06-19,MEX,25.41683177669023
1991-06-20,MEX,25.301678843496973
1991-06-21,MEX,25.269932114997175
1991-06-22,MEX,24.59466304176658
1991-06-23,MEX,24.79616314493103
1991-06-24,MEX,25.1237753616619
1991-06-25,MEX,24.950077323016046
1991-06-26,MEX,24.540673313722607
1991-06-27,MEX,24.171215780899445
1991-06-28,MEX,24.175932610873645
1991-06-29,MEX,24.245197634168846
1991-06-30,MEX,23.609465308018684
1991-07-01,MEX,23.11298510441378
1991-07-02,MEX,22.64117503982692
1991-07-03,MEX,22.54924348075724
1991-07-04,MEX,22.669224206775084
1991-07-05,MEX,23.03066985484128
1991-07-06,MEX,23.129539430584202
1991-07-07,MEX,23.243456225405453
1991-07-08,MEX,23.557959883755927
1991-07-09,MEX,23.206123930772947
1991-07-10,MEX,22.934869541291448
1991-07-11,MEX,22.88437553476564
1991-07-12,MEX,23.192601206342374
1991-07-13,MEX,23.099332673010906
1991-07-14,MEX,23.167477841249593
1991-07-15,MEX,23.042689144180827
1991-07-16,MEX,22.681043500035116
1991-07-17,MEX,23.165763496609543
1991-07-18,MEX,23.547375621656386
1991-07-19,MEX,23.75321667052026
1991-07-20,MEX,23.50779657476238
1991-07-21,MEX,23.023312324185042
1991-07-22,MEX,22.555251519472108
1991-07-23,MEX,22.894497625663178
1991-07-24,MEX,22.755284431706457
1991-07-25,MEX,22.844815508608463
1991-07-26,MEX,23.189586269433107
1991-07-27,MEX,23.626594329479985
1991-07-28,MEX,23.733651790537465
1991-07-29,MEX,23.574967041627815
1991-07-30,MEX,23.558643499803168
1991-07-31,MEX,24.34045021260016
1991-08-01,MEX,24.62151249881242
1991-08-02,MEX,24.563392043687998
1991-08-03,MEX,23.586804692590476
1991-08-04,MEX,23.34242455203986
1991-08-05,MEX,23.372779057011826
1991-08-06,MEX,23.561387438931547
1991-08-07,MEX,23.367067800575626
1991-08-08,MEX,23.603116877890898
1991-08-09,MEX,23.789018804428906
1991-08-10,MEX,23.49261266424486
1991-08-11,MEX,23.474938735864896
1991-08-12,MEX,24.087337668645944
1991-08-13,MEX,24.44268117467186
1991-08-14,MEX,24.55186984099271
1991-08-15,MEX,24.39591193982676
1991-08-16,MEX,24.445002258712975
1991-08-17,MEX,24.572328919109907
1991-08-18,MEX,24.182096251395933
1991-08-19,MEX,24.196965498708664
1991-08-20,MEX,23.941247430726264
1991-08-21,MEX,24.13857808872342
1991-08-22,MEX,24.41290824200496
1991-08-23,MEX,24.56208675628602
1991-08-24,MEX,24.369866805953507
1991-08-25,MEX,24.056572194066348
1991-08-26,MEX,23.394297463153293
1991-08-27,MEX,23.23790387576514
1991-08-28,MEX,23.47159024451804
1991-08-29,MEX,24.025803980665614
1991-08-30,MEX,24.593138445525653
1991-08-31,MEX,24.343856268329205
1991-09-01,MEX,24.009953331962265
1991-09-02,MEX,23.782841818103066
1991-09-03,MEX,24.037973368529208
1991-09-04,MEX,23.9291193563555
1991-09-05,MEX,23.180090346847578
1991-09-06,MEX,23.024752869411714
1991-09-07,MEX,23.36013074672354
1991-09-08,MEX,23.89129810392882
1991-09-09,MEX,23.119343526778096
1991-09-10,MEX,22.56470789090025
1991-09-11,MEX,22.687345653319028
1991-09-12,MEX,22.496917648997908
1991-09-13,MEX,22.005026864865442
1991-09-14,MEX,21.6261225362058
1991-09-15,MEX,21.742449198111387
1991-09-16,MEX,21.455782607847652
1991-09-17,MEX,21.584017107287536
1991-09-18,MEX,21.341794870950025
1991-09-19,MEX,20.878781789569814
1991-09-20,MEX,19.479316504212306
1991-09-21,MEX,19.602652036356403
1991-09-22,MEX,21.307622689695165
1991-09-23,MEX,22.37641738640076
1991-09-24,MEX,22.692488346288258
1991-09-25,MEX,22.682358028398937
1991-09-26,MEX,21.861251290886003
1991-09-27,MEX,21.079922159007424
1991-09-28,MEX,20.539116586899866
1991-09-29,MEX,20.424578600454254
1991-09-30,MEX,21.478851443954284
1991-10-01,MEX,22.3146870637392
1991-10-02,MEX,21.90666810208654
1991-10-03,MEX,22.035165647835868
1991-10-04,MEX,22.457080313612153
1991-10-05,MEX,21.92032731831705
1991-10-06,MEX,21.013515997137972
1991-10-07,MEX,20.58517120013147
1991-10-08,MEX,20.48597137722743
1991-10-09,MEX,21.250054970409565
1991-10-10,MEX,21.467714373731837
1991-10-11,MEX,20.67423351349862
1991-10-12,MEX,20.803781993813004
1991-10-13,MEX,21.209328650472628
1991-10-14,MEX,21.536877444974948
1991-10-15,MEX,21.2500377881899
1991-10-16,MEX,20.96168783772947
1991-10-17,MEX,21.159341181586854
1991-10-18,MEX,21.315928797443405
1991-10-19,MEX,21.00455252592701
1991-10-20,MEX,20.47125012835994
1991-10-21,MEX,20.442449904062926
1991-10-22,MEX,20.37278606570402
1991-10-23,MEX,20.685783443026367
1991-10-24,MEX,20.5348140632089
1991-10-25,MEX,20.45723917227764
1991-10-26,MEX,20.68859737846799
1991-10-27,MEX,20.52041983900847
1991-10-28,MEX,20.148741844453923
1991-10-29,MEX,19.762653301191392
1991-10-30,MEX,19.48698043516447
1991-10-31,MEX,18.510287113494087
1991-11-01,MEX,17.317540731201063
1991-11-02,MEX,16.944290598499208
1991-11-03,MEX,16.808507468747905
1991-11-04,MEX,16.043812748394373
1991-11-05,MEX,16.92108808590035
1991-11-06,MEX,17.861466518912493
1991-11-07,MEX,18.787411513854238
1991-11-08,MEX,17.68960377501918
1991-11-09,MEX,16.33981279263122
1991-11-10,MEX,16.60251289569652
1991-11-11,MEX,16.590968089976172
1991-11-12,MEX,16.219661169234485
1991-11-13,MEX,16.242548279848222
1991-11-14,MEX,17.09351324354452
1991-11-15,MEX,17.62939066534284
1991-11-16,MEX,17.76252615682438
1991-11-17,MEX,17.19717370383063
1991-11-18,MEX,17.434232797401933
1991-11-19,MEX,17.877802688391853
1991-11-20,MEX,15.901264827765829
1991-11-21,MEX,14.372736504484521
1991-11-22,MEX,16.216316119423823
1991-11-23,MEX,15.61103000921048
1991-11-24,MEX,13.788410228506677
1991-11-25,MEX,14.220995767284876
1991-11-26,MEX,15.377822336902796
1991-11-27,MEX,16.066676373396035
1991-11-28,MEX,16.77345122524696
1991-11-29,MEX,17.041127170434947
1991-11-30,MEX,16.95874115410635
1991-12-01,MEX,16.06117524333007
1991-12-02,MEX,14.693366264119618
1991-12-03,MEX,14.176159953311412
1991-12-04,MEX,13.332610405695505
1991-12-05,MEX,14.672297731267065
1991-12-06,MEX,15.664445688991748
1991-12-07,MEX,16.381446609596935
1991-12-08,MEX,16.85604889580901
1991-12-09,MEX,16.837258721393937
1991-12-10,MEX,17.502263287787343
1991-12-11,MEX,17.13410757869343
1991-12-12,MEX,16.740732175653704
1991-12-13,MEX,16.186134683008618
1991-12-14,MEX,15.690743240912695
1991-12-15,MEX,14.367308781376835
1991-12-16,MEX,14.37632551074114
1991-12-17,MEX,14.955787441353891
1991-12-18,MEX,15.609404620969428
1991-12-19,MEX,15.38085138498019
1991-12-20,MEX,14.78463903474443
1991-12-21,MEX,15.162034127405263
1991-12-22,MEX,14.508067997078626
1991-12-23,MEX,14.699927620734684
1991-12-24,MEX,14.358446162981068
1991-12-25,MEX,13.645097525132769
1991-12-26,MEX,12.872178168235678
1991-12-27,MEX,12.824405388670016
1991-12-28,MEX,12.424974113280769
1991-12-29,MEX,13.413593077657708
1991-12-30,MEX,14.1079840694415
1991-12-31,MEX,14.37756864132001
1992-01-01,MEX,14.467826226011596
1992-01-02,MEX,14.425920185654547
1992-01-03,MEX,14.56754630892351
1992-01-04,MEX,15.196634743493064
1992-01-05,MEX,15.5289686582488
1992-01-06,MEX,15.54714839298856
1992-01-07,MEX,14.935744446853448
1992-01-08,MEX,14.95744044145522
1992-01-09,MEX,14.024563680221092
1992-01-10,MEX,13.80441178544146
1992-01-11,MEX,12.787711922875246
1992-01-12,MEX,13.97607712842239
1992-01-13,MEX,13.244662530459152
1992-01-14,MEX,11.734846132128098
1992-01-15,MEX,12.017956358667732
1992-01-16,MEX,10.169355023856781
1992-01-17,MEX,10.293797177165402
1992-01-18,MEX,11.838035573461354
1992-01-19,MEX,11.421840799160577
1992-01-20,MEX,11.71307822050477
1992-01-21,MEX,13.070267224280656
1992-01-22,MEX,13.811857782326342
1992-01-23,MEX,13.896332718720998
1992-01-24,MEX,12.913012861279753
1992-01-25,MEX,12.404769887422958
1992-01-26,MEX,13.538523327754206
1992-01-27,MEX,14.19458298819734
1992-01-28,MEX,14.327393903987286
1992-01-29,MEX,13.324780303676846
1992-01-30,MEX,13.513459501634998
1992-01-31,MEX,13.506719385003748
1992-02-01,MEX,13.674394925112495
1992-02-02,MEX,13.546415149904021
1992-02-03,MEX,13.67877437036367
1992-02-04,MEX,13.555846384653307
1992-02-05,MEX,12.858778469228525
1992-02-06,MEX,13.020459557500772
1992-02-07,MEX,13.439355110714985
1992-02-08,MEX,13.148219910472108
1992-02-09,MEX,13.191111932971069
1992-02-10,MEX,14.383053275369491
1992-02-11,MEX,15.091663212755805
1992-02-12,MEX,15.403949716850263
1992-02-13,MEX,16.170856590314486
1992-02-14,MEX,16.809052560094358
1992-02-15,MEX,15.975486949331753
1992-02-16,MEX,16.93336437686156
1992-02-17,MEX,16.294178711353254
1992-02-18,MEX,16.60256384310418
1992-02-19,MEX,16.02552548018099
1992-02-20,MEX,16.35791521372346
1992-02-21,MEX,16.886863723318754
1992-02-22,MEX,17.466020795548957
1992-02-23,MEX,17.533459735517226
1992-02-24,MEX,16.837956107602736
1992-02-25,MEX,15.061728100017149
1992-02-26,MEX,14.154635502448002
1992-02-27,MEX,14.35810682140675
1992-02-28,MEX,15.109592308675417
1992-02-29,MEX,16.263521366002237
1992-03-01,MEX,17.547840383331618
1992-03-02,MEX,18.092771780032024
1992-03-03,MEX,17.776679762146387
1992-03-04,MEX,17.664329176091826
1992-03-05,MEX,17.673326658814403
1992-03-06,MEX,17.94283193264181
1992-03-07,MEX,18.525429432470787
1992-03-08,MEX,18.549377878557664
1992-03-09,MEX,17.861051249180832
1992-03-10,MEX,16.94014699111358
1992-03-11,MEX,15.822741754060303
1992-03-12,MEX,15.592214719086712
1992-03-13,MEX,16.022829963012555
1992-03-14,MEX,16.38584234825072
1992-03-15,MEX,17.65740541433604
1992-03-16,MEX,18.556422444663667
1992-03-17,MEX,18.651271638601088
1992-03-18,MEX,18.103532317791633
1992-03-19,MEX,18.670396014879657
1992-03-20,MEX,19.09831403908595
1992-03-21,MEX,19.684659337311416
1992-03-22,MEX,19.863207557872897
1992-03-23,MEX,19.080146818458104
1992-03-24,MEX,19.09602872156512
1992-03-25,MEX,19.44032461586181
1992-03-26,MEX,19.593570197518204
1992-03-27,MEX,19.26010409288608
1992-03-28,MEX,18.95813306889204
1992-03-29,MEX,18.715461163693305
1992-03-30,MEX,19.478763439838303
1992-03-31,MEX,19.205872803191994
1992-04-01,MEX,18.997446830922343
1992-04-02,MEX,18.065674514656678
1992-04-03,MEX,16.86597676909514
1992-04-04,MEX,17.44960634206882
1992-04-05,MEX,17.699328480408383
1992-04-06,MEX,18.51813054890681
1992-04-07,MEX,20.21038013149962
1992-04-08,MEX,21.026041141694236
1992-04-09,MEX,21.109572687185448
1992-04-10,MEX,21.213209435697763
1992-04-11,MEX,21.610047523775336
1992-04-12,MEX,21.867747359139287
1992-04-13,MEX,21.25329675882591
1992-04-14,MEX,20.643163491842586
1992-04-15,MEX,20.342291812751625
1992-04-16,MEX,20.49048647578644
1992-04-17,MEX,20.137923084158842
1992-04-18,MEX,20.324101667405046
1992-04-19,MEX,21.04985253931983
1992-04-20,MEX,20.05250905832554
1992-04-21,MEX,20.064420753396405
1992-04-22,MEX,21.384091017022683
1992-04-23,MEX,22.240123847244035
1992-04-24,MEX,23.04038316995593
1992-04-25,MEX,21.990274323749986
1992-04-26,MEX,21.03057949039868
1992-04-27,MEX,21.46539867442175
1992-04-28,MEX,22.620544349963723
1992-04-29,MEX,23.11417501437279
1992-04-30,MEX,23.627263228676895
1992-05-01,MEX,23.52602114589672
1992-05-02,MEX,23.02369223508964
1992-05-03,MEX,22.458540874572066
1992-05-04,MEX,21.81994153209439
1992-05-05,MEX,21.57185192234033
1992-05-06,MEX,21.36160808106473
1992-05-07,MEX,20.687437540409235
1992-05-08,MEX,20.23748703424576
1992-05-09,MEX,20.364619147461497
1992-05-10,MEX,20.91425850712642
1992-05-11,MEX,22.199391755115926
1992-05-12,MEX,23.584532152036502
1992-05-13,MEX,24.160826702331462
1992-05-14,MEX,22.782127041766387
1992-05-15,MEX,22.541128126115836
1992-05-16,MEX,22.551357545005658
1992-05-17,MEX,22.907969195708404
1992-05-18,MEX,22.67357169459285
1992-05-19,MEX,22.186677407799834
1992-05-20,MEX,21.60659198495199
1992-05-21,MEX,21.457638130209148
1992-05-22,MEX,21.60220003372183
1992-05-23,MEX,21.582221391238477
1992-05-24,MEX,22.070063056477636
1992-05-25,MEX,22.166591612676143
1992-05-26,MEX,22.576098207614734
1992-05-27,MEX,22.638187388997665
1992-05-28,MEX,22.909864914593697
1992-05-29,MEX,22.35843820795725
1992-05-30,MEX,21.74208366862473
1992-05-31,MEX,22.21196183172242
1992-06-01,MEX,23.107124908100673
1992-06-02,MEX,23.4470351990347
1992-06-03,MEX,24.004826915500303
1992-06-04,MEX,24.890408941956252
1992-06-05,MEX,24.7004496141671
1992-06-06,MEX,24.643299772877015
1992-06-07,MEX,24.148915269091617
1992-06-08,MEX,23.492355467153345
1992-06-09,MEX,24.079941841507548
1992-06-10,MEX,24.14009925655887
1992-06-11,MEX,24.79929261805347
1992-06-12,MEX,25.22004056154259
1992-06-13,MEX,25.573293468164763
1992-06-14,MEX,25.558576444174093
1992-06-15,MEX,25.663043200458503
1992-06-16,MEX,25.651936853674897
1992-06-17,MEX,25.609138833337738
1992-06-18,MEX,25.603887760965335
1992-06-19,MEX,25.82184894117063
1992-06-20,MEX,26.09413633314756
1992-06-21,MEX,25.699608753624375
1992-06-22,MEX,25.825718886364655
1992-06-23,MEX,26.043770589459825
1992-06-24,MEX,26.50757082848463
1992-06-25,MEX,27.00082991132649
1992-06-26,MEX,27.084668232998354
1992-06-27,MEX,26.554202691817807
1992-06-28,MEX,26.359710352184663
1992-06-29,MEX,26.85090154542945
1992-06-30,MEX,27.19326479175794
1992-07-01,MEX,26.722569940941128
1992-07-02,MEX,26.218610397143095
1992-07-03,MEX,25.73974252122582
1992-07-04,MEX,25.109984551809873
1992-07-05,MEX,25.05355481299938
1992-07-06,MEX,25.313497169867105
1992-07-07,MEX,25.402209148732368
1992-07-08,MEX,24.975666205888615
1992-07-09,MEX,24.804962410664587
1992-07-10,MEX,24.805774050430216
1992-07-11,MEX,24.23134208425091
1992-07-12,MEX,23.559524220376886
1992-07-13,MEX,24.175551387979567
1992-07-14,MEX,24.535882542118202
1992-07-15,MEX,25.120390804233693
1992-07-16,MEX,25.727124830517482
1992-07-17,MEX,25.79652423821426
1992-07-18,MEX,25.25615029045298
1992-07-19,MEX,24.497673128848703
1992-07-20,MEX,23.94651199273494
1992-07-21,MEX,23.78307029278966
1992-07-22,MEX,23.862272018876183
1992-07-23,MEX,23.870232951210937
1992-07-24,MEX,23.482832847885334
1992-07-25,MEX,23.64834127673913
1992-07-26,MEX,24.322644102233028
1992-07-27,MEX,24.49590277411943
1992-07-28,MEX,23.724892565891082
1992-07-29,MEX,24.142937458132792
1992-07-30,MEX,23.838379549339663
1992-07-31,MEX,23.467879701716754
1992-08-01,MEX,23.930658917986477
1992-08-02,MEX,23.69701327936474
1992-08-03,MEX,23.55996019135307
1992-08-04,MEX,23.550588393857822
1992-08-05,MEX,23.868677323827796
1992-08-06,MEX,24.26905552817243
1992-08-07,MEX,24.288481674747345
1992-08-08,MEX,24.173182233622867
1992-08-09,MEX,24.41156515487023
1992-08-10,MEX,24.163084318116205
1992-08-11,MEX,24.68386883292976
1992-08-12,MEX,24.6052811501404
1992-08-13,MEX,23.93060872114353
1992-08-14,MEX,23.502754499811772
1992-08-15,MEX,23.378581041192433
1992-08-16,MEX,23.57896282318262
1992-08-17,MEX,23.93277833882513
1992-08-18,MEX,24.44453053310508
1992-08-19,MEX,24.362562465280348
1992-08-20,MEX,24.49739869627996
1992-08-21,MEX,24.230503997161975
1992-08-22,MEX,23.954172610785918
1992-08-23,MEX,23.748089957703996
1992-08-24,MEX,23.44653986448543
1992-08-25,MEX,22.616558092910623
1992-08-26,MEX,23.524865439254995
1992-08-27,MEX,23.909057116346105
1992-08-28,MEX,23.922372397733454
1992-08-29,MEX,23.78014712359999
1992-08-30,MEX,23.660080329731898
1992-08-31,MEX,23.979544987114252
1992-09-01,MEX,23.882255849231115
1992-09-02,MEX,24.28747363188944
1992-09-03,MEX,24.77660356496034
1992-09-04,MEX,24.798324948492848
1992-09-05,MEX,24.56237255078372
1992-09-06,MEX,24.395370085658044
1992-09-07,MEX,24.371748047084225
1992-09-08,MEX,24.406779694209376
1992-09-09,MEX,24.38070076120158
1992-09-10,MEX,24.068025243074487
1992-09-11,MEX,22.984434495620405
1992-09-12,MEX,22.551338464460173
1992-09-13,MEX,22.91996042584651
1992-09-14,MEX,22.720928127926243
1992-09-15,MEX,22.94209213221609
1992-09-16,MEX,22.967022423384776
1992-09-17,MEX,23.359804150786317
1992-09-18,MEX,23.899692821764063
1992-09-19,MEX,23.91611907224143
1992-09-20,MEX,23.87457807251667
1992-09-21,MEX,24.10993791747768
1992-09-22,MEX,24.02194385763346
1992-09-23,MEX,22.637974735011937
1992-09-24,MEX,21.76899335464202
1992-09-25,MEX,22.17770105369999
1992-09-26,MEX,23.05494567469151
1992-09-27,MEX,23.23969826344785
1992-09-28,MEX,22.55048945149298
1992-09-29,MEX,22.004900326250095
1992-09-30,MEX,21.071430433554724
1992-10-01,MEX,20.460754214415942
1992-10-02,MEX,20.31806959324632
1992-10-03,MEX,20.629369903832924
1992-10-04,MEX,20.715205970008412
1992-10-05,MEX,21.303568865799377
1992-10-06,MEX,21.291916452351643
1992-10-07,MEX,21.7276488941132
1992-10-08,MEX,21.3518913684901
1992-10-09,MEX,20.70887408400864
1992-10-10,MEX,21.55645817500192
1992-10-11,MEX,22.028052376151265
1992-10-12,MEX,21.962414748639446
1992-10-13,MEX,21.98616470784009
1992-10-14,MEX,22.048993670828793
1992-10-15,MEX,22.325205110517118
1992-10-16,MEX,22.134900453808086
1992-10-17,MEX,21.37533843894954
1992-10-18,MEX,21.00401372510305
1992-10-19,MEX,20.733503714100948
1992-10-20,MEX,20.88893700052853
1992-10-21,MEX,20.339438272339464
1992-10-22,MEX,20.408187161880676
1992-10-23,MEX,20.399745486324832
1992-10-24,MEX,20.31875073529426
1992-10-25,MEX,19.807227274869206
1992-10-26,MEX,20.648746829634547
1992-10-27,MEX,20.982236653257303
1992-10-28,MEX,21.044237172645865
1992-10-29,MEX,20.611970196496202
1992-10-30,MEX,20.485141361954447
1992-10-31,MEX,21.047688259765266
1992-11-01,MEX,20.827723723095403
1992-11-02,MEX,19.54170903951399
1992-11-03,MEX,19.754664398533862
1992-11-04,MEX,17.885490008120314
1992-11-05,MEX,15.05410943156096
1992-11-06,MEX,15.566798755632021
1992-11-07,MEX,16.007723134351124
1992-11-08,MEX,17.097317990940553
1992-11-09,MEX,18.796309950878538
1992-11-10,MEX,19.73905888161761
1992-11-11,MEX,20.221604502760158
1992-11-12,MEX,18.988454238626844
1992-11-13,MEX,17.255785514439594
1992-11-14,MEX,16.647968246740675
1992-11-15,MEX,16.7414515768545
1992-11-16,MEX,16.98835483690476
1992-11-17,MEX,17.184424658088176
1992-11-18,MEX,17.40516572841767
1992-11-19,MEX,16.829795353025588
1992-11-20,MEX,16.25545464503415
1992-11-21,MEX,16.414710484988973
1992-11-22,MEX,15.061301171859043
1992-11-23,MEX,15.797097110414711
1992-11-24,MEX,16.041381070814793
1992-11-25,MEX,14.80646931122783
1992-11-26,MEX,14.067260380872085
1992-11-27,MEX,12.192702860439567
1992-11-28,MEX,12.214078304052407
1992-11-29,MEX,14.021081702626873
1992-11-30,MEX,15.39543061655786
1992-12-01,MEX,15.580295581200403
1992-12-02,MEX,15.777292632653939
1992-12-03,MEX,16.815023055280847
1992-12-04,MEX,17.650602033456664
1992-12-05,MEX,16.81899250655431
1992-12-06,MEX,15.141237140572798
1992-12-07,MEX,15.80317375951239
1992-12-08,MEX,16.541281029971174
1992-12-09,MEX,16.227276728494473
1992-12-10,MEX,15.965060087940799
1992-12-11,MEX,15.83370201474844
1992-12-12,MEX,15.911465029586225
1992-12-13,MEX,15.066640854778939
1992-12-14,MEX,13.305245433743096
1992-12-15,MEX,12.547477864801465
1992-12-16,MEX,14.007632569274449
1992-12-17,MEX,14.065100678033957
1992-12-18,MEX,15.41056437100093
1992-12-19,MEX,16.828989586603257
1992-12-20,MEX,16.194724065602088
1992-12-21,MEX,15.995336063305558
1992-12-22,MEX,16.402281723622025
1992-12-23,MEX,16.28931466431044
1992-12-24,MEX,16.387410857904285
1992-12-25,MEX,15.84638462234517
1992-12-26,MEX,15.891136261563531
1992-12-27,MEX,16.39129258449691
1992-12-28,MEX,17.35730014715523
1992-12-29,MEX,18.04383527172189
1992-12-30,MEX,17.665670693051766
1992-12-31,MEX,17.138424532557735
1993-01-01,MEX,16.40035749475419
1993-01-02,MEX,15.636200366590344
1993-01-03,MEX,16.069758027205637
1993-01-04,MEX,15.545655258212264
1993-01-05,MEX,15.697021038318269
1993-01-06,MEX,16.057941845355174
1993-01-07,MEX,16.162796324853957
1993-01-08,MEX,16.28946036644112
1993-01-09,MEX,16.548980232110978
1993-01-10,MEX,15.80455599008485
1993-01-11,MEX,15.409377291968838
1993-01-12,MEX,15.66119298160686
1993-01-13,MEX,16.229850294420658
1993-01-14,MEX,15.847797625556495
1993-01-15,MEX,16.093754781234964
1993-01-16,MEX,16.342771520294548
1993-01-17,MEX,17.300353674210612
1993-01-18,MEX,17.498211535396763
1993-01-19,MEX,16.851434234603175
1993-01-20,MEX,15.799433713240944
1993-01-21,MEX,15.657195361861397
1993-01-22,MEX,16.444196100318436
1993-01-23,MEX,16.93362984890689
1993-01-24,MEX,15.692582093103226
1993-01-25,MEX,14.229120248042932
1993-01-26,MEX,13.442689787140125
1993-01-27,MEX,13.648834440388839
1993-01-28,MEX,13.714042244197628
1993-01-29,MEX,14.428662175931436
1993-01-30,MEX,14.018698576532472
1993-01-31,MEX,14.201174198810293
1993-02-01,MEX,15.182712387931645
1993-02-02,MEX,15.626153840969835
1993-02-03,MEX,15.68897389957607
1993-02-04,MEX,15.34972503068559
1993-02-05,MEX,15.326003703141225
1993-02-06,MEX,14.320605587838372
1993-02-07,MEX,14.198914733682443
1993-02-08,MEX,14.688710006588394
1993-02-09,MEX,15.517411328369917
1993-02-10,MEX,15.100455761105252
1993-02-11,MEX,14.915802217903206
1993-02-12,MEX,15.246560725577353
1993-02-13,MEX,16.69412065970556
1993-02-14,MEX,17.309433859787816
1993-02-15,MEX,17.234501424231894
1993-02-16,MEX,16.903723702844218
1993-02-17,MEX,17.102868149637402
1993-02-18,MEX,16.780622917315497
1993-02-19,MEX,17.39161087637649
1993-02-20,MEX,18.332152039618563
1993-02-21,MEX,17.990832409546442
1993-02-22,MEX,17.816111624891732
1993-02-23,MEX,17.86038017070257
1993-02-24,MEX,18.069401425346314
1993-02-25,MEX,17.440940263542814
1993-02-26,MEX,17.24986666048801
1993-02-27,MEX,17.063242249783514
1993-02-28,MEX,16.849472535208974
1993-03-01,MEX,16.942523993391035
1993-03-02,MEX,16.488285883956053
1993-03-03,MEX,15.948198782838176
1993-03-04,MEX,16.26146680819005
1993-03-05,MEX,15.863387847319643
1993-03-06,MEX,15.326545870664575
1993-03-07,MEX,16.450317173961196
1993-03-08,MEX,17.446394355545863
1993-03-09,MEX,18.073369808993277
1993-03-10,MEX,19.41322764718302
1993-03-11,MEX,19.319547391383253
1993-03-12,MEX,18.629624719557057
1993-03-13,MEX,14.460446389380309
1993-03-14,MEX,14.927186124058835
1993-03-15,MEX,17.056539878690955
1993-03-16,MEX,18.982850083137862
1993-03-17,MEX,20.14744835288701
1993-03-18,MEX,20.24808509992664
1993-03-19,MEX,20.06801297759506
1993-03-20,MEX,20.036143541331114
1993-03-21,MEX,19.44744078676365
1993-03-22,MEX,19.105667510691376
1993-03-23,MEX,19.424433764452317
1993-03-24,MEX,19.905071567351
1993-03-25,MEX,19.96658983787745
1993-03-26,MEX,20.677302985856386
1993-03-27,MEX,19.831306869814966
1993-03-28,MEX,19.861474283838845
1993-03-29,MEX,20.38999071075017
1993-03-30,MEX,20.39811741643871
1993-03-31,MEX,20.319552712665484
1993-04-01,MEX,20.34753161021422
1993-04-02,MEX,19.893443759861498
1993-04-03,MEX,20.29850693335959
1993-04-04,MEX,20.79087156867547
1993-04-05,MEX,20.626583553794887
1993-04-06,MEX,20.629698111020957
1993-04-07,MEX,20.90368904224414
1993-04-08,MEX,20.104373901248096
1993-04-09,MEX,19.039433948542012
1993-04-10,MEX,20.20166523054604
1993-04-11,MEX,21.59445930552596
1993-04-12,MEX,22.07554734871877
1993-04-13,MEX,21.96136344836225
1993-04-14,MEX,20.576505810161848
1993-04-15,MEX,19.460743825225677
1993-04-16,MEX,19.52210738977692
1993-04-17,MEX,20.197346804908534
1993-04-18,MEX,21.236090529868704
1993-04-19,MEX,22.16081503753776
1993-04-20,MEX,23.181198867291187
1993-04-21,MEX,22.208878446012875
1993-04-22,MEX,21.121648055514015
1993-04-23,MEX,21.722145452686846
1993-04-24,MEX,22.482558612737364
1993-04-25,MEX,23.124527579055837
1993-04-26,MEX,23.129812971006686
1993-04-27,MEX,23.275253874893508
1993-04-28,MEX,23.1001622359434
1993-04-29,MEX,23.28905594672119
1993-04-30,MEX,22.434163234629807
1993-05-01,MEX,22.694647253232347
1993-05-02,MEX,23.049246531886922
1993-05-03,MEX,22.8470357273643
1993-05-04,MEX,23.21659335939154
1993-05-05,MEX,23.313316714748282
1993-05-06,MEX,23.34318640007632
1993-05-07,MEX,23.452110957383013
1993-05-08,MEX,23.292713951091116
1993-05-09,MEX,23.618050850465806
1993-05-10,MEX,23.03399393561932
1993-05-11,MEX,22.057478847785376
1993-05-12,MEX,21.750733552990425
1993-05-13,MEX,21.20093012454828
1993-05-14,MEX,21.585042966216292
1993-05-15,MEX,22.53539495554537
1993-05-16,MEX,22.876419857447615
1993-05-17,MEX,23.561055878579907
1993-05-18,MEX,24.048873388359937
1993-05-19,MEX,24.171117191775124
1993-05-20,MEX,23.61856994027181
1993-05-21,MEX,23.58467730872769
1993-05-22,MEX,23.069534377779576
1993-05-23,MEX,23.215334903367477
1993-05-24,MEX,23.502466924959265
1993-05-25,MEX,22.82827578680741
1993-05-26,MEX,22.36723233381946
1993-05-27,MEX,22.31352289809854
1993-05-28,MEX,22.607405616979065
1993-05-29,MEX,23.18511927940898
1993-05-30,MEX,24.472132578215223
1993-05-31,MEX,25.23769901134301
1993-06-01,MEX,25.186988848959913
1993-06-02,MEX,25.735467833669247
1993-06-03,MEX,26.085695732736042
1993-06-04,MEX,25.948106253714684
1993-06-05,MEX,25.769168805617937
1993-06-06,MEX,25.766258779164104
1993-06-07,MEX,25.456566466822153
1993-06-08,MEX,25.353499830331373
1993-06-09,MEX,24.91330507551595
1993-06-10,MEX,24.433914871412355
1993-06-11,MEX,23.74189957993036
1993-06-12,MEX,24.30715484231746
1993-06-13,MEX,24.676855210266012
1993-06-14,MEX,24.42225768364608
1993-06-15,MEX,24.33730134772196
1993-06-16,MEX,23.691224317250317
1993-06-17,MEX,24.008944898119182
1993-06-18,MEX,24.968738989553287
1993-06-19,MEX,25.328181497424453
1993-06-20,MEX,25.753855901250915
1993-06-21,MEX,25.170988783141638
1993-06-22,MEX,24.902656929571208
1993-06-23,MEX,24.68161179585354
1993-06-24,MEX,24.837537418383988
1993-06-25,MEX,24.9556194400638
1993-06-26,MEX,24.273078004779336
1993-06-27,MEX,24.025653486476585
1993-06-28,MEX,24.320076098681568
1993-06-29,MEX,24.664015522386705
1993-06-30,MEX,24.34361353689667
1993-07-01,MEX,23.77011075947155
1993-07-02,MEX,23.805764359128716
1993-07-03,MEX,23.696781896744312
1993-07-04,MEX,24.095512172298413
1993-07-05,MEX,24.313242204947755
1993-07-06,MEX,24.418068469922446
1993-07-07,MEX,24.209235829159184
1993-07-08,MEX,24.014720071738168
1993-07-09,MEX,23.53713103281615
1993-07-10,MEX,23.689621179329777
1993-07-11,MEX,23.899847946980685
1993-07-12,MEX,24.14944638319281
1993-07-13,MEX,24.245781797104428
1993-07-14,MEX,24.454291176876552
1993-07-15,MEX,24.326893468250262
1993-07-16,MEX,23.908741280370293
1993-07-17,MEX,23.614803303999224
1993-07-18,MEX,23.84328959916661
1993-07-19,MEX,24.286334265528467
1993-07-20,MEX,24.14666976929709
1993-07-21,MEX,24.30270965497391
1993-07-22,MEX,24.158118828206284
1993-07-23,MEX,24.324470207742877
1993-07-24,MEX,24.787163678461695
1993-07-25,MEX,25.185774168223872
1993-07-26,MEX,25.06426932730716
1993-07-27,MEX,24.99000577250939
1993-07-28,MEX,25.060674709931675
1993-07-29,MEX,25.209563742843955
1993-07-30,MEX,25.416973018174986
1993-07-31,MEX,25.596751303630356
1993-08-01,MEX,25.928661756195083
1993-08-02,MEX,25.88574695667279
1993-08-03,MEX,25.233677713143095
1993-08-04,MEX,24.470424973631452
1993-08-05,MEX,25.028703016467375
1993-08-06,MEX,25.665331577282586
1993-08-07,MEX,25.393866073245533
1993-08-08,MEX,25.159514995686607
1993-08-09,MEX,25.369442948551978
1993-08-10,MEX,25.543045680112755
1993-08-11,MEX,25.89394867939251
1993-08-12,MEX,25.405542589760785
1993-08-13,MEX,25.056019071717913
1993-08-14,MEX,24.544514147013444
1993-08-15,MEX,24.181786290217644
1993-08-16,MEX,24.163875416246583
1993-08-17,MEX,24.29507937964854
1993-08-18,MEX,24.53871471302375
1993-08-19,MEX,24.349743177840764
1993-08-20,MEX,24.32726621764715
1993-08-21,MEX,24.345590461415895
1993-08-22,MEX,24.64601516959499
1993-08-23,MEX,24.50327959546337
1993-08-24,MEX,23.850651706853057
1993-08-25,MEX,23.34272636094272
1993-08-26,MEX,22.893692948539012
1993-08-27,MEX,22.850045155448413
1993-08-28,MEX,22.65495257126213
1993-08-29,MEX,23.059177112150053
1993-08-30,MEX,23.33998856735849
1993-08-31,MEX,22.57504829154908
1993-09-01,MEX,22.10931731666659
1993-09-02,MEX,22.47342703277974
1993-09-03,MEX,22.960950834313792
1993-09-04,MEX,22.486937847199954
1993-09-05,MEX,22.53241176752664
1993-09-06,MEX,22.25378367987338
1993-09-07,MEX,22.457435898120764
1993-09-08,MEX,22.76448734696322
1993-09-09,MEX,22.84451748181783
1993-09-10,MEX,22.72332634002936
1993-09-11,MEX,22.83899837753154
1993-09-12,MEX,22.06603654039725
1993-09-13,MEX,22.101565911304192
1993-09-14,MEX,21.921729957553225
1993-09-15,MEX,21.310470953296942
1993-09-16,MEX,21.400121766666643
1993-09-17,MEX,21.632284897453474
1993-09-18,MEX,22.40262581449292
1993-09-19,MEX,22.39855632923593
1993-09-20,MEX,22.88659923073311
1993-09-21,MEX,22.61178527621246
1993-09-22,MEX,22.604858248812263
1993-09-23,MEX,22.858450544696723
1993-09-24,MEX,22.888794079051593
1993-09-25,MEX,22.699709425371907
1993-09-26,MEX,22.60734421662471
1993-09-27,MEX,21.857447006300276
1993-09-28,MEX,21.404674357712395
1993-09-29,MEX,21.476016239796024
1993-09-30,MEX,21.617255345152444
1993-10-01,MEX,22.29785383191802
1993-10-02,MEX,22.716552038603368
1993-10-03,MEX,23.00195979496982
1993-10-04,MEX,22.47506089569339
1993-10-05,MEX,22.501498221392126
1993-10-06,MEX,22.070443053679924
1993-10-07,MEX,21.60624901145121
1993-10-08,MEX,22.29018332824029
1993-10-09,MEX,22.72447974571196
1993-10-10,MEX,22.516683227502313
1993-10-11,MEX,22.89903430988994
1993-10-12,MEX,22.9537191326242
1993-10-13,MEX,22.947185961007108
1993-10-14,MEX,22.81006585267403
1993-10-15,MEX,22.567446545422854
1993-10-16,MEX,22.43490438088918
1993-10-17,MEX,22.470899064236278
1993-10-18,MEX,22.338445230654145
1993-10-19,MEX,22.188590020223387
1993-10-20,MEX,21.25340106912398
1993-10-21,MEX,19.688438105668865
1993-10-22,MEX,18.57871200978593
1993-10-23,MEX,18.762504759143894
1993-10-24,MEX,19.4449122018479
1993-10-25,MEX,19.731766055363266
1993-10-26,MEX,20.308100240118563
1993-10-27,MEX,19.056708059699247
1993-10-28,MEX,17.85749038071583
1993-10-29,MEX,19.213646256111986
1993-10-30,MEX,16.78801736873197
1993-10-31,MEX,14.52413201188358
1993-11-01,MEX,15.628646850893176
1993-11-02,MEX,17.1320843478062
1993-11-03,MEX,17.83935868183636
1993-11-04,MEX,19.292300567067628
1993-11-05,MEX,20.484809184260484
1993-11-06,MEX,18.901202329620276
1993-11-07,MEX,16.974615925487456
1993-11-08,MEX,18.175267334523028
1993-11-09,MEX,19.225631432019043
1993-11-10,MEX,19.18204273240002
1993-11-11,MEX,19.32949707764709
1993-11-12,MEX,19.526694924763262
1993-11-13,MEX,18.82294672420136
1993-11-14,MEX,17.99409766534876
1993-11-15,MEX,17.489247586055853
1993-11-16,MEX,17.370149868703606
1993-11-17,MEX,17.248198535203016
1993-11-18,MEX,18.164685759862664
1993-11-19,MEX,18.873682528655536
1993-11-20,MEX,18.214551302167138
1993-11-21,MEX,16.679265101023077
1993-11-22,MEX,17.20070554702096
1993-11-23,MEX,18.296176936891868
1993-11-24,MEX,18.86928950404871
1993-11-25,MEX,17.662619876367614
1993-11-26,MEX,15.383706866659054
1993-11-27,MEX,14.466710046651258
1993-11-28,MEX,14.777861069006292
1993-11-29,MEX,15.667135247048122
1993-11-30,MEX,16.451321807988506
1993-12-01,MEX,16.978543263797576
1993-12-02,MEX,17.37061821535957
1993-12-03,MEX,17.09823637427587
1993-12-04,MEX,16.68514935752438
1993-12-05,MEX,17.093204214752916
1993-12-06,MEX,17.341688697231007
1993-12-07,MEX,17.646591034401524
1993-12-08,MEX,18.19689098423629
1993-12-09,MEX,18.486198591310142
1993-12-10,MEX,18.505832609001004
1993-12-11,MEX,17.853046684958144
1993-12-12,MEX,18.044529856917848
1993-12-13,MEX,17.139082933579004
1993-12-14,MEX,15.654950056502116
1993-12-15,MEX,15.320684197919036
1993-12-16,MEX,15.458498198637642
1993-12-17,MEX,15.14127988678058
1993-12-18,MEX,15.315926681927294
1993-12-19,MEX,15.511653637654376
1993-12-20,MEX,16.47952400973861
1993-12-21,MEX,16.167320812332377
1993-12-22,MEX,15.787089975177025
1993-12-23,MEX,13.466700739564601
1993-12-24,MEX,13.270934017931324
1993-12-25,MEX,11.535290893625927
1993-12-26,MEX,12.188010108627964
1993-12-27,MEX,14.842959657035294
1993-12-28,MEX,16.19824014443236
1993-12-29,MEX,15.970980909005391
1993-12-30,MEX,14.587118487826615
1993-12-31,MEX,14.328323555130112
1994-01-01,MEX,15.351762887500115
1994-01-02,MEX,15.82636006162221
1994-01-03,MEX,15.666470841964724
1994-01-04,MEX,15.440583704612493
1994-01-05,MEX,15.333998189491979
1994-01-06,MEX,16.371528360938044
1994-01-07,MEX,15.271056689828924
1994-01-08,MEX,12.76737811455996
1994-01-09,MEX,13.059211898191563
1994-01-10,MEX,14.305765807849696
1994-01-11,MEX,14.856461014900447
1994-01-12,MEX,15.69505920018429
1994-01-13,MEX,15.314934393709393
1994-01-14,MEX,14.608049078744557
1994-01-15,MEX,15.18674877789391
1994-01-16,MEX,16.171376525575454
1994-01-17,MEX,16.296930507736192
1994-01-18,MEX,14.646404171517588
1994-01-19,MEX,14.525390246176926
1994-01-20,MEX,15.361874029597743
1994-01-21,MEX,16.167591128974834
1994-01-22,MEX,15.865970982302997
1994-01-23,MEX,16.091157955116955
1994-01-24,MEX,16.817972903596512
1994-01-25,MEX,16.96125785675605
1994-01-26,MEX,16.910511848177237
1994-01-27,MEX,16.788637697663148
1994-01-28,MEX,16.105870517884
1994-01-29,MEX,13.777871370243247
1994-01-30,MEX,13.687151119124223
1994-01-31,MEX,12.998572395765507
1994-02-01,MEX,12.37388942637125
1994-02-02,MEX,12.223796597421824
1994-02-03,MEX,14.193326519343486
1994-02-04,MEX,16.66725096180579
1994-02-05,MEX,17.220182454901703
1994-02-06,MEX,17.560429389012597
1994-02-07,MEX,17.65569524756188
1994-02-08,MEX,18.71449494634095
1994-02-09,MEX,18.061851742330987
1994-02-10,MEX,15.513325097176107
1994-02-11,MEX,15.839527872634847
1994-02-12,MEX,16.839641451829664
1994-02-13,MEX,16.328246090572918
1994-02-14,MEX,15.33513812447194
1994-02-15,MEX,16.82266798439457
1994-02-16,MEX,17.373761727916758
1994-02-17,MEX,17.812193635465064
1994-02-18,MEX,18.283784205597556
1994-02-19,MEX,18.198153462516473
1994-02-20,MEX,17.60072070489292
1994-02-21,MEX,18.250794969243202
1994-02-22,MEX,18.548101129195686
1994-02-23,MEX,17.581944050942184
1994-02-24,MEX,16.109599132081996
1994-02-25,MEX,17.074074147720808
1994-02-26,MEX,16.728064963165764
1994-02-27,MEX,16.65773637486234
1994-02-28,MEX,17.582863144585076
1994-03-01,MEX,18.331955918152858
1994-03-02,MEX,17.862185466665323
1994-03-03,MEX,18.18599165557879
1994-03-04,MEX,18.90778895688777
1994-03-05,MEX,19.318169227738508
1994-03-06,MEX,19.637533043876203
1994-03-07,MEX,19.814027361561955
1994-03-08,MEX,19.844510911774023
1994-03-09,MEX,17.917685710873627
1994-03-10,MEX,16.25522132535025
1994-03-11,MEX,16.467166529547
1994-03-12,MEX,17.621280297104136
1994-03-13,MEX,17.851806019779815
1994-03-14,MEX,17.91212183796989
1994-03-15,MEX,17.173466249279727
1994-03-16,MEX,17.675837853328346
1994-03-17,MEX,18.586751887625667
1994-03-18,MEX,19.921263532995397
1994-03-19,MEX,20.99490488674826
1994-03-20,MEX,21.56646188161892
1994-03-21,MEX,21.186710263933605
1994-03-22,MEX,21.061968275936636
1994-03-23,MEX,21.425512383185833
1994-03-24,MEX,21.362098203259052
1994-03-25,MEX,21.381588733272565
1994-03-26,MEX,21.539007844576986
1994-03-27,MEX,20.397865541863325
1994-03-28,MEX,18.13073249691672
1994-03-29,MEX,17.337240602830093
1994-03-30,MEX,18.190068031027295
1994-03-31,MEX,18.529473724748584
1994-04-01,MEX,19.500675266831763
1994-04-02,MEX,20.012022608223674
1994-04-03,MEX,20.62785461850393
1994-04-04,MEX,21.40699736630711
1994-04-05,MEX,21.634599067796216
1994-04-06,MEX,20.149371741281357
1994-04-07,MEX,19.758357774159037
1994-04-08,MEX,21.10807747115706
1994-04-09,MEX,21.45354303802685
1994-04-10,MEX,22.35013933266498
1994-04-11,MEX,21.82323743168456
1994-04-12,MEX,22.261584616132666
1994-04-13,MEX,22.243426069644954
1994-04-14,MEX,23.08278420993429
1994-04-15,MEX,22.88333243249906
1994-04-16,MEX,22.172206109593162
1994-04-17,MEX,21.176164617006634
1994-04-18,MEX,21.2699131346493
1994-04-19,MEX,22.10674601093814
1994-04-20,MEX,22.22935635581132
1994-04-21,MEX,21.608904249177954
1994-04-22,MEX,21.193104510062028
1994-04-23,MEX,21.314753470619394
1994-04-24,MEX,21.346945213948175
1994-04-25,MEX,21.510518907375285
1994-04-26,MEX,22.498930122361116
1994-04-27,MEX,22.60508209469998
1994-04-28,MEX,22.275223460250743
1994-04-29,MEX,22.354727568647377
1994-04-30,MEX,22.041185891093505
1994-05-01,MEX,21.785678618633938
1994-05-02,MEX,22.399180426911585
1994-05-03,MEX,23.085312729022462
1994-05-04,MEX,23.621197220618285
1994-05-05,MEX,24.28259586953493
1994-05-06,MEX,23.84551159911547
1994-05-07,MEX,24.831944222902337
1994-05-08,MEX,24.02451016158153
1994-05-09,MEX,23.833024934735874
1994-05-10,MEX,23.6169489611529
1994-05-11,MEX,23.592893685622755
1994-05-12,MEX,23.37858578579977
1994-05-13,MEX,23.451788526608595
1994-05-14,MEX,23.82130126891468
1994-05-15,MEX,23.97913180588938
1994-05-16,MEX,23.414916076119937
1994-05-17,MEX,23.867481293786284
1994-05-18,MEX,23.723111171280266
1994-05-19,MEX,23.158563140133992
1994-05-20,MEX,23.06121842984612
1994-05-21,MEX,23.331216749390308
1994-05-22,MEX,23.12153438914754
1994-05-23,MEX,23.088358363218845
1994-05-24,MEX,23.644973234957092
1994-05-25,MEX,24.08052372095284
1994-05-26,MEX,24.29903995260844
1994-05-27,MEX,24.791527429613495
1994-05-28,MEX,25.195985423267814
1994-05-29,MEX,26.109732096286166
1994-05-30,MEX,26.69390069004544
1994-05-31,MEX,26.706235005269036
1994-06-01,MEX,25.62996007998794
1994-06-02,MEX,24.99038160683233
1994-06-03,MEX,24.817559235104568
1994-06-04,MEX,24.362743269773034
1994-06-05,MEX,25.105626141282926
1994-06-06,MEX,25.61856478334198
1994-06-07,MEX,25.838635083386464
1994-06-08,MEX,25.61898236152672
1994-06-09,MEX,26.088544108678775
1994-06-10,MEX,26.004042828346826
1994-06-11,MEX,25.325890664466385
1994-06-12,MEX,24.579459372010206
1994-06-13,MEX,24.261595409111862
1994-06-14,MEX,24.405931553291907
1994-06-15,MEX,24.78801674310887
1994-06-16,MEX,24.811162969810027
1994-06-17,MEX,25.01473691817813
1994-06-18,MEX,24.2880856016468
1994-06-19,MEX,23.665514827044206
1994-06-20,MEX,23.70607902470232
1994-06-21,MEX,24.202573555054585
1994-06-22,MEX,24.599571378422525
1994-06-23,MEX,25.692156616511568
1994-06-24,MEX,25.57490497860084
1994-06-25,MEX,26.41713317879521
1994-06-26,MEX,26.384971541356038
1994-06-27,MEX,26.34842254038415
1994-06-28,MEX,26.38689536442672
1994-06-29,MEX,26.82850204330657
1994-06-30,MEX,26.590472938530638
1994-07-01,MEX,26.737164860355506
1994-07-02,MEX,26.331523596605564
1994-07-03,MEX,25.684106017756164
1994-07-04,MEX,25.573170426540287
1994-07-05,MEX,25.54074318876667
1994-07-06,MEX,25.712642243754885
1994-07-07,MEX,26.20642061479066
1994-07-08,MEX,26.29586099186946
1994-07-09,MEX,25.57078889249226
1994-07-10,MEX,25.442100167995875
1994-07-11,MEX,25.430723023632083
1994-07-12,MEX,25.882333136172804
1994-07-13,MEX,25.91903650993686
1994-07-14,MEX,25.142956103570384
1994-07-15,MEX,24.777374280168942
1994-07-16,MEX,24.15931385168068
1994-07-17,MEX,23.98032740408928
1994-07-18,MEX,24.079011337454062
1994-07-19,MEX,24.673851205623635
1994-07-20,MEX,25.18904797052869
1994-07-21,MEX,25.01561669717256
1994-07-22,MEX,25.33459963318751
1994-07-23,MEX,25.43954638373924
1994-07-24,MEX,25.31740383273825
1994-07-25,MEX,25.524850273593472
1994-07-26,MEX,25.965570318778873
1994-07-27,MEX,26.043768392976688
1994-07-28,MEX,25.61088864537254
1994-07-29,MEX,24.702567003607896
1994-07-30,MEX,24.30978061822151
1994-07-31,MEX,24.458921430383327
1994-08-01,MEX,24.863638039742227
1994-08-02,MEX,24.68904098617901
1994-08-03,MEX,24.651446907616844
1994-08-04,MEX,24.531393307992403
1994-08-05,MEX,24.196240547294053
1994-08-06,MEX,24.37388795605858
1994-08-07,MEX,25.070386470059816
1994-08-08,MEX,24.957331421428364
1994-08-09,MEX,24.68568469889965
1994-08-10,MEX,24.22579270183911
1994-08-11,MEX,23.84242840620078
1994-08-12,MEX,24.129944095908627
1994-08-13,MEX,24.172450633724054
1994-08-14,MEX,23.91218585725636
1994-08-15,MEX,24.14160588356981
1994-08-16,MEX,24.487797541060615
1994-08-17,MEX,25.22994337365901
1994-08-18,MEX,25.35546086891935
1994-08-19,MEX,25.60838158396257
1994-08-20,MEX,25.49282557660547
1994-08-21,MEX,25.68104883656997
1994-08-22,MEX,25.034124519340935
1994-08-23,MEX,24.691784765621094
1994-08-24,MEX,24.596800054103312
1994-08-25,MEX,24.04083593256229
1994-08-26,MEX,24.353475720535357
1994-08-27,MEX,24.570305599375843
1994-08-28,MEX,24.574169602381403
1994-08-29,MEX,24.530801445261773
1994-08-30,MEX,23.967255309207133
1994-08-31,MEX,23.61912530801527
1994-09-01,MEX,23.113512657182866
1994-09-02,MEX,22.859575709919284
1994-09-03,MEX,22.405487930937
1994-09-04,MEX,23.03005023772897
1994-09-05,MEX,24.031789341518163
1994-09-06,MEX,24.607357356318687
1994-09-07,MEX,24.498160383333982
1994-09-08,MEX,24.40886187662727
1994-09-09,MEX,24.16738673235858
1994-09-10,MEX,23.984691144521662
1994-09-11,MEX,23.589903886963384
1994-09-12,MEX,23.36772957632337
1994-09-13,MEX,23.35732020364793
1994-09-14,MEX,23.39562514332198
1994-09-15,MEX,23.395567976193718
1994-09-16,MEX,23.201431799619172
1994-09-17,MEX,22.70164200379054
1994-09-18,MEX,22.939397101652162
1994-09-19,MEX,22.988263646508585
1994-09-20,MEX,23.08091857564966
1994-09-21,MEX,23.088803216274698
1994-09-22,MEX,22.750970146025054
1994-09-23,MEX,22.616737387829346
1994-09-24,MEX,23.18212466695627
1994-09-25,MEX,23.254153320576393
1994-09-26,MEX,22.916654086484414
1994-09-27,MEX,23.844138768566665
1994-09-28,MEX,23.282655397539315
1994-09-29,MEX,22.704448695417966
1994-09-30,MEX,22.59527154272871
1994-10-01,MEX,22.853766036641957
1994-10-02,MEX,22.842814066065557
1994-10-03,MEX,23.314694987508574
1994-10-04,MEX,23.307052512761743
1994-10-05,MEX,22.84884357726554
1994-10-06,MEX,22.880880986437262
1994-10-07,MEX,22.98069934982061
1994-10-08,MEX,21.516226632949497
1994-10-09,MEX,20.0500014565024
1994-10-10,MEX,19.025259338444357
1994-10-11,MEX,19.45804678485598
1994-10-12,MEX,20.132028535458517
1994-10-13,MEX,20.527029339568685
1994-10-14,MEX,19.80337099573552
1994-10-15,MEX,19.916685294094407
1994-10-16,MEX,20.740685378107514
1994-10-17,MEX,20.668554384680363
1994-10-18,MEX,20.78966976801962
1994-10-19,MEX,21.226198529048247
1994-10-20,MEX,21.619555664164068
1994-10-21,MEX,21.93383285991763
1994-10-22,MEX,21.99818360740403
1994-10-23,MEX,22.580034621442792
1994-10-24,MEX,22.51123679003672
1994-10-25,MEX,22.274165517550387
1994-10-26,MEX,20.824348570432733
1994-10-27,MEX,20.16196221755581
1994-10-28,MEX,20.434613478278152
1994-10-29,MEX,20.546798272706383
1994-10-30,MEX,20.70219399986655
1994-10-31,MEX,21.55389858909234
1994-11-01,MEX,20.370563795309124
1994-11-02,MEX,20.705504318051794
1994-11-03,MEX,20.12584607455409
1994-11-04,MEX,19.941278305184255
1994-11-05,MEX,18.837785163949434
1994-11-06,MEX,19.34639596512187
1994-11-07,MEX,19.924588662230803
1994-11-08,MEX,20.382456083730517
1994-11-09,MEX,20.09253806207181
1994-11-10,MEX,19.004122020180148
1994-11-11,MEX,18.688647767106374
1994-11-12,MEX,19.228619866069607
1994-11-13,MEX,19.357533537721167
1994-11-14,MEX,19.071879079652035
1994-11-15,MEX,18.213277804082395
1994-11-16,MEX,17.941874907099248
1994-11-17,MEX,18.564120986781006
1994-11-18,MEX,18.421966958796872
1994-11-19,MEX,18.800244497600318
1994-11-20,MEX,17.913572467856852
1994-11-21,MEX,17.50312203565187
1994-11-22,MEX,18.660752784821796
1994-11-23,MEX,18.284936377428437
1994-11-24,MEX,17.4419570736153
1994-11-25,MEX,18.382299153086365
1994-11-26,MEX,19.077056441693173
1994-11-27,MEX,19.103850483386395
1994-11-28,MEX,17.08089604605516
1994-11-29,MEX,17.056572931518247
1994-11-30,MEX,15.755324413942674
1994-12-01,MEX,16.43656209543741
1994-12-02,MEX,17.088929011797575
1994-12-03,MEX,17.368972279178536
1994-12-04,MEX,17.90802179058568
1994-12-05,MEX,18.528624966282393
1994-12-06,MEX,19.01744003609184
1994-12-07,MEX,18.648433293344624
1994-12-08,MEX,18.13440809442102
1994-12-09,MEX,17.800462150648286
1994-12-10,MEX,15.771569770747533
1994-12-11,MEX,14.41720741615137
1994-12-12,MEX,16.35039379192608
1994-12-13,MEX,16.717741524467954
1994-12-14,MEX,16.928868492582467
1994-12-15,MEX,17.1027759978777
1994-12-16,MEX,16.89997295187112
1994-12-17,MEX,16.765260364167716
1994-12-18,MEX,16.730761149327748
1994-12-19,MEX,16.395483266923407
1994-12-20,MEX,16.96249529359079
1994-12-21,MEX,16.372268109586287
1994-12-22,MEX,16.626527703551346
1994-12-23,MEX,15.587120274410609
1994-12-24,MEX,14.152235212274263
1994-12-25,MEX,14.198684969943486
1994-12-26,MEX,13.663045495512108
1994-12-27,MEX,14.027408743587557
1994-12-28,MEX,13.754095395784702
1994-12-29,MEX,13.68592770554136
1994-12-30,MEX,14.410856580460177
1994-12-31,MEX,14.226400594542497
1995-01-01,MEX,14.40773968222976
1995-01-02,MEX,13.999703217218553
1995-01-03,MEX,13.755640135303963
1995-01-04,MEX,13.90371544252838
1995-01-05,MEX,14.084297066838872
1995-01-06,MEX,15.513943102797384
1995-01-07,MEX,15.327589581706832
1995-01-08,MEX,15.7920230324479
1995-01-09,MEX,16.83670428225747
1995-01-10,MEX,17.00360622504178
1995-01-11,MEX,16.89603516039017
1995-01-12,MEX,17.014438538955403
1995-01-13,MEX,16.653586429516906
1995-01-14,MEX,15.573338427735678
1995-01-15,MEX,15.78816794808722
1995-01-16,MEX,16.553078232532982
1995-01-17,MEX,16.09656840532267
1995-01-18,MEX,15.004692646801118
1995-01-19,MEX,13.969013242942935
1995-01-20,MEX,14.05436927379128
1995-01-21,MEX,14.714824210042082
1995-01-22,MEX,15.400907169785626
1995-01-23,MEX,14.724021147336884
1995-01-24,MEX,14.382806780982833
1995-01-25,MEX,15.306968662635484
1995-01-26,MEX,16.323859284671983
1995-01-27,MEX,15.985506996346032
1995-01-28,MEX,16.24703091523736
1995-01-29,MEX,15.773331054374353
1995-01-30,MEX,14.137329080836707
1995-01-31,MEX,12.95402105118933
1995-02-01,MEX,14.709351481718784
1995-02-02,MEX,16.797672975030366
1995-02-03,MEX,17.985373861828634
1995-02-04,MEX,16.845681957445834
1995-02-05,MEX,16.52093117820823
1995-02-06,MEX,17.23627753971681
1995-02-07,MEX,17.681001621078508
1995-02-08,MEX,17.041181377275564
1995-02-09,MEX,16.848788404990387
1995-02-10,MEX,18.254825076428574
1995-02-11,MEX,18.344024420568076
1995-02-12,MEX,17.694030613674045
1995-02-13,MEX,17.982623544104
1995-02-14,MEX,19.029873268492736
1995-02-15,MEX,19.45503670611538
1995-02-16,MEX,18.470246811001743
1995-02-17,MEX,17.30082772342473
1995-02-18,MEX,17.220442546289917
1995-02-19,MEX,17.866775086472444
1995-02-20,MEX,18.280655665129984
1995-02-21,MEX,18.053809113621128
1995-02-22,MEX,17.76301411820964
1995-02-23,MEX,17.5963414728551
1995-02-24,MEX,18.14861389096029
1995-02-25,MEX,18.257672373537503
1995-02-26,MEX,18.804306910194953
1995-02-27,MEX,19.160996642417444
1995-02-28,MEX,18.775745226249853
1995-03-01,MEX,17.580148681957553
1995-03-02,MEX,17.205466018937386
1995-03-03,MEX,17.815309451563053
1995-03-04,MEX,18.74608490820782
1995-03-05,MEX,19.202460316099973
1995-03-06,MEX,19.69205672050373
1995-03-07,MEX,18.780190076000792
1995-03-08,MEX,15.540638550208257
1995-03-09,MEX,15.187883252471693
1995-03-10,MEX,16.32930900220549
1995-03-11,MEX,18.36642104375437
1995-03-12,MEX,18.926852014927363
1995-03-13,MEX,18.334185897363
1995-03-14,MEX,18.735090284694877
1995-03-15,MEX,18.87445600908137
1995-03-16,MEX,18.702166559961142
1995-03-17,MEX,18.804121197941072
1995-03-18,MEX,19.419451656458875
1995-03-19,MEX,19.993458435731668
1995-03-20,MEX,20.893149417574023
1995-03-21,MEX,21.549529683250626
1995-03-22,MEX,21.84790036571718
1995-03-23,MEX,21.665194889062377
1995-03-24,MEX,21.491456665957912
1995-03-25,MEX,21.052410010947824
1995-03-26,MEX,20.651412919991913
1995-03-27,MEX,20.692772996254632
1995-03-28,MEX,20.64422446052953
1995-03-29,MEX,20.01886938800368
1995-03-30,MEX,19.886142115523796
1995-03-31,MEX,19.57021862074356
1995-04-01,MEX,18.620148419415102
1995-04-02,MEX,18.769446670346667
1995-04-03,MEX,19.65087076923652
1995-04-04,MEX,20.167010815920605
1995-04-05,MEX,19.95615290739005
1995-04-06,MEX,20.532115744361533
1995-04-07,MEX,21.23855732822102
1995-04-08,MEX,21.729534934650644
1995-04-09,MEX,22.171022693200257
1995-04-10,MEX,21.229632428495506
1995-04-11,MEX,20.18725399470202
1995-04-12,MEX,20.614667476077045
1995-04-13,MEX,21.791845865013556
1995-04-14,MEX,22.220100352533848
1995-04-15,MEX,22.573167198052886
1995-04-16,MEX,22.59333988574582
1995-04-17,MEX,22.22532472926696
1995-04-18,MEX,21.330064421146574
1995-04-19,MEX,20.866999870376162
1995-04-20,MEX,20.90610756272804
1995-04-21,MEX,22.087164092457897
1995-04-22,MEX,22.58386416619311
1995-04-23,MEX,21.91335834123339
1995-04-24,MEX,21.191005917790335
1995-04-25,MEX,20.907533876145294
1995-04-26,MEX,21.52884357960329
1995-04-27,MEX,21.9557364627114
1995-04-28,MEX,22.151965154520894
1995-04-29,MEX,22.986809144873007
1995-04-30,MEX,23.86037339775902
1995-05-01,MEX,24.729266556048856
1995-05-02,MEX,24.29926550856345
1995-05-03,MEX,24.04682167542967
1995-05-04,MEX,24.02993754477984
1995-05-05,MEX,23.663873190187758
1995-05-06,MEX,23.294043998776772
1995-05-07,MEX,22.721141835257754
1995-05-08,MEX,22.03425320524741
1995-05-09,MEX,22.97582464735609
1995-05-10,MEX,24.023024648959336
1995-05-11,MEX,24.60136052701546
1995-05-12,MEX,24.526456695028287
1995-05-13,MEX,24.99061869084619
1995-05-14,MEX,25.078801525136043
1995-05-15,MEX,25.5805343710569
1995-05-16,MEX,24.80796154942334
1995-05-17,MEX,24.25166594886673
1995-05-18,MEX,24.31113115669973
1995-05-19,MEX,24.609500431816627
1995-05-20,MEX,24.823307814936697
1995-05-21,MEX,25.13573388377921
1995-05-22,MEX,24.893167127349216
1995-05-23,MEX,24.80843383802187
1995-05-24,MEX,23.901894343863148
1995-05-25,MEX,23.903160545601963
1995-05-26,MEX,23.46866237304812
1995-05-27,MEX,23.902431865550852
1995-05-28,MEX,24.39305809911167
1995-05-29,MEX,24.10316107289151
1995-05-30,MEX,24.432857160677145
1995-05-31,MEX,24.36113204117936
1995-06-01,MEX,25.19648447466392
1995-06-02,MEX,25.352424976635746
1995-06-03,MEX,25.174161195589704
1995-06-04,MEX,25.22710774897979
1995-06-05,MEX,25.297599369322654
1995-06-06,MEX,25.71288125785162
1995-06-07,MEX,25.483785541394866
1995-06-08,MEX,25.18433948727784
1995-06-09,MEX,25.574072537382733
1995-06-10,MEX,25.888074567664944
1995-06-11,MEX,25.459105446286742
1995-06-12,MEX,24.558930150523395
1995-06-13,MEX,24.755469318649205
1995-06-14,MEX,24.718926200822352
1995-06-15,MEX,24.574386597165983
1995-06-16,MEX,23.761877085812728
1995-06-17,MEX,23.462082171958286
1995-06-18,MEX,23.609804535339038
1995-06-19,MEX,24.04112787665656
1995-06-20,MEX,23.974869566013012
1995-06-21,MEX,23.74213845658187
1995-06-22,MEX,24.488027641982512
1995-06-23,MEX,25.091582159056316
1995-06-24,MEX,25.46539480246429
1995-06-25,MEX,25.675965599327924
1995-06-26,MEX,25.31600100052526
1995-06-27,MEX,25.365759050641145
1995-06-28,MEX,25.788047236104774
1995-06-29,MEX,25.935437829580678
1995-06-30,MEX,25.546802970234523
1995-07-01,MEX,24.778527630066435
1995-07-02,MEX,25.04492065594917
1995-07-03,MEX,25.072897800875467
1995-07-04,MEX,25.298679420177393
1995-07-05,MEX,25.427095565943034
1995-07-06,MEX,25.204058627315305
1995-07-07,MEX,24.53567006810505
1995-07-08,MEX,23.923722295417917
1995-07-09,MEX,24.447753984321366
1995-07-10,MEX,24.483715383002618
1995-07-11,MEX,24.73353090861889
1995-07-12,MEX,24.744866453747647
1995-07-13,MEX,24.6480079309174
1995-07-14,MEX,24.57258305723684
1995-07-15,MEX,24.241575674486228
1995-07-16,MEX,24.299473807341315
1995-07-17,MEX,23.82684217743804
1995-07-18,MEX,23.95565801882492
1995-07-19,MEX,24.12051182075635
1995-07-20,MEX,24.46050072801563
1995-07-21,MEX,25.01193337831353
1995-07-22,MEX,25.387477717121442
1995-07-23,MEX,25.73607314354689
1995-07-24,MEX,25.77354080228963
1995-07-25,MEX,25.60352560379124
1995-07-26,MEX,26.008507183402855
1995-07-27,MEX,26.110005784498867
1995-07-28,MEX,26.268372075147113
1995-07-29,MEX,25.99590473932983
1995-07-30,MEX,26.21446800322434
1995-07-31,MEX,26.13096993357226
1995-08-01,MEX,25.940200542260982
1995-08-02,MEX,25.413174060049982
1995-08-03,MEX,25.763986770250085
1995-08-04,MEX,25.63573357714489
1995-08-05,MEX,25.568595939636964
1995-08-06,MEX,25.133424788771606
1995-08-07,MEX,24.74741067649495
1995-08-08,MEX,24.78593601179955
1995-08-09,MEX,24.95897242454714
1995-08-10,MEX,25.06715072427187
1995-08-11,MEX,24.57695863480882
1995-08-12,MEX,24.136188984120736
1995-08-13,MEX,23.950574163151714
1995-08-14,MEX,23.877700142189155
1995-08-15,MEX,23.57925994758631
1995-08-16,MEX,23.66546163537987
1995-08-17,MEX,23.311904369676768
1995-08-18,MEX,23.021528082262023
1995-08-19,MEX,23.191742224994414
1995-08-20,MEX,23.20343951734037
1995-08-21,MEX,24.1347475504939
1995-08-22,MEX,24.84497707714064
1995-08-23,MEX,24.863295911699254
1995-08-24,MEX,24.313040589093475
1995-08-25,MEX,24.321602045892575
1995-08-26,MEX,24.502152166850067
1995-08-27,MEX,24.806212032346593
1995-08-28,MEX,24.858973581568762
1995-08-29,MEX,24.952078713151195
1995-08-30,MEX,24.855835750488893
1995-08-31,MEX,24.59268500744082
1995-09-01,MEX,24.388391136340488
1995-09-02,MEX,23.8643834470019
1995-09-03,MEX,24.00983048677972
1995-09-04,MEX,24.047316306540324
1995-09-05,MEX,24.054651790636342
1995-09-06,MEX,24.51905297868234
1995-09-07,MEX,24.7042602785624
1995-09-08,MEX,24.67055339114097
1995-09-09,MEX,24.43822976174721
1995-09-10,MEX,24.12026860439323
1995-09-11,MEX,23.86610811099621
1995-09-12,MEX,24.08852066605931
1995-09-13,MEX,23.53632431280954
1995-09-14,MEX,22.81384468457111
1995-09-15,MEX,22.93356660370739
1995-09-16,MEX,23.17410794248474
1995-09-17,MEX,23.8464106331204
1995-09-18,MEX,23.812256499182467
1995-09-19,MEX,23.239736846418623
1995-09-20,MEX,23.64434471006234
1995-09-21,MEX,23.401150309218167
1995-09-22,MEX,21.594881361840805
1995-09-23,MEX,21.10549330577578
1995-09-24,MEX,22.325138800023012
1995-09-25,MEX,23.144270159034818
1995-09-26,MEX,23.22779547748604
1995-09-27,MEX,23.292818048696006
1995-09-28,MEX,23.325881979843928
1995-09-29,MEX,23.529260951133836
1995-09-30,MEX,23.35623073260757
1995-10-01,MEX,23.486791215608832
1995-10-02,MEX,23.62939611864317
1995-10-03,MEX,23.388848199316612
1995-10-04,MEX,22.89812828260176
1995-10-05,MEX,22.768856286746598
1995-10-06,MEX,22.16631811981557
1995-10-07,MEX,21.65299798276999
1995-10-08,MEX,21.662821108285584
1995-10-09,MEX,21.997687945261475
1995-10-10,MEX,21.975831563544887
1995-10-11,MEX,21.876616815332568
1995-10-12,MEX,21.131859180791196
1995-10-13,MEX,21.41971952918243
1995-10-14,MEX,21.946141305022365
1995-10-15,MEX,21.055354065278436
1995-10-16,MEX,20.027083319853716
1995-10-17,MEX,20.414914023428935
1995-10-18,MEX,21.14653277048143
1995-10-19,MEX,21.948676390567755
1995-10-20,MEX,21.724335528767995
1995-10-21,MEX,20.791963016852776
1995-10-22,MEX,21.395413442357494
1995-10-23,MEX,21.64677962497069
1995-10-24,MEX,20.560217370343764
1995-10-25,MEX,20.86613424274151
1995-10-26,MEX,21.306381432371154
1995-10-27,MEX,21.21605421163963
1995-10-28,MEX,20.826994925730048
1995-10-29,MEX,20.271945415776088
1995-10-30,MEX,19.919157303574707
1995-10-31,MEX,19.38377830831746
1995-11-01,MEX,19.759056312913344
1995-11-02,MEX,19.561573129187252
1995-11-03,MEX,19.49949901149739
1995-11-04,MEX,18.304585922519664
1995-11-05,MEX,18.581987300337744
1995-11-06,MEX,19.711843863580782
1995-11-07,MEX,20.55391256591912
1995-11-08,MEX,20.09479286215202
1995-11-09,MEX,19.99301397716448
1995-11-10,MEX,20.64408670214823
1995-11-11,MEX,20.348769990665062
1995-11-12,MEX,18.650212020362005
1995-11-13,MEX,20.476775325571907
1995-11-14,MEX,19.973239047349978
1995-11-15,MEX,18.93607597760115
1995-11-16,MEX,18.907642865583
1995-11-17,MEX,18.674473941744395
1995-11-18,MEX,18.02854526669131
1995-11-19,MEX,17.20530472981966
1995-11-20,MEX,17.802094250811592
1995-11-21,MEX,17.762738982794815
1995-11-22,MEX,17.69486711275539
1995-11-23,MEX,18.274827891974553
1995-11-24,MEX,18.127274911515258
1995-11-25,MEX,17.449737364858834
1995-11-26,MEX,17.854760343118926
1995-11-27,MEX,18.015683924733707
1995-11-28,MEX,17.108315259000676
1995-11-29,MEX,16.52405337382112
1995-11-30,MEX,17.04311892608405
1995-12-01,MEX,18.08132284148934
1995-12-02,MEX,18.67612421655798
1995-12-03,MEX,19.043257672640834
1995-12-04,MEX,18.747248526044302
1995-12-05,MEX,19.008751936486988
1995-12-06,MEX,19.05893086544404
1995-12-07,MEX,18.595955867917382
1995-12-08,MEX,18.136948908767124
1995-12-09,MEX,16.74743589586825
1995-12-10,MEX,15.045786832578358
1995-12-11,MEX,15.505620659403064
1995-12-12,MEX,16.84845145087479
1995-12-13,MEX,17.276354979891266
1995-12-14,MEX,17.46644673978892
1995-12-15,MEX,17.365707981588002
1995-12-16,MEX,16.544055633245648
1995-12-17,MEX,16.264900973359545
1995-12-18,MEX,15.230505102690358
1995-12-19,MEX,13.998906585315467
1995-12-20,MEX,13.369491030443669
1995-12-21,MEX,13.777800626931935
1995-12-22,MEX,12.878562507467109
1995-12-23,MEX,12.002446786917176
1995-12-24,MEX,12.0048428581988
1995-12-25,MEX,12.779775238445268
1995-12-26,MEX,12.962881191359202
1995-12-27,MEX,13.185165512091885
1995-12-28,MEX,13.142698485724623
1995-12-29,MEX,13.587781705863677
1995-12-30,MEX,13.784981166303112
1995-12-31,MEX,14.425563978590674
1996-01-01,MEX,14.749804115697316
1996-01-02,MEX,12.34967291994792
1996-01-03,MEX,10.764555416526377
1996-01-04,MEX,12.515777519861956
1996-01-05,MEX,14.230027037480056
1996-01-06,MEX,14.466882223826644
1996-01-07,MEX,12.802958911072267
1996-01-08,MEX,12.243456444898925
1996-01-09,MEX,13.437142930826894
1996-01-10,MEX,14.899002771432833
1996-01-11,MEX,15.998533832362511
1996-01-12,MEX,14.957091412870511
1996-01-13,MEX,14.837584498333797
1996-01-14,MEX,15.333644300452079
1996-01-15,MEX,16.25574694158246
1996-01-16,MEX,16.424827501090817
1996-01-17,MEX,16.92752722174305
1996-01-18,MEX,16.785900150724785
1996-01-19,MEX,14.229242980174433
1996-01-20,MEX,15.10181562778746
1996-01-21,MEX,15.231033546630101
1996-01-22,MEX,16.065414500976033
1996-01-23,MEX,16.104253135370016
1996-01-24,MEX,14.484116358811775
1996-01-25,MEX,14.706930942049667
1996-01-26,MEX,16.107243177903683
1996-01-27,MEX,15.648580145694496
1996-01-28,MEX,15.740728476256379
1996-01-29,MEX,16.76452789617008
1996-01-30,MEX,17.841440004252377
1996-01-31,MEX,17.952753920127122
1996-02-01,MEX,16.79966804508615
1996-02-02,MEX,15.276780658142457
1996-02-03,MEX,13.991131095912294
1996-02-04,MEX,13.00599708616636
1996-02-05,MEX,13.444731315856643
1996-02-06,MEX,15.318924167129524
1996-02-07,MEX,16.587024162325577
1996-02-08,MEX,17.404297016781868
1996-02-09,MEX,17.86751803352479
1996-02-10,MEX,17.8875608915817
1996-02-11,MEX,17.47379614793124
1996-02-12,MEX,15.693896805677241
1996-02-13,MEX,15.194264372657187
1996-02-14,MEX,16.84111028697879
1996-02-15,MEX,18.231635272195376
1996-02-16,MEX,17.89778512064538
1996-02-17,MEX,17.13261039730054
1996-02-18,MEX,18.504292946922078
1996-02-19,MEX,19.730513389461635
1996-02-20,MEX,20.335935317236817
1996-02-21,MEX,20.719842682168064
1996-02-22,MEX,20.67928800699218
1996-02-23,MEX,20.364145356837582
1996-02-24,MEX,19.76754168942307
1996-02-25,MEX,19.593420365907264
1996-02-26,MEX,19.22198453854861
1996-02-27,MEX,18.802642428942875
1996-02-28,MEX,18.362194989572345
1996-02-29,MEX,16.934722849021227
1996-03-01,MEX,16.593737990434988
1996-03-02,MEX,15.969245728863314
1996-03-03,MEX,16.944628962722504
1996-03-04,MEX,18.480917546793194
1996-03-05,MEX,19.674880447904513
1996-03-06,MEX,20.17390012830947
1996-03-07,MEX,17.796954760786605
1996-03-08,MEX,14.732873208860383
1996-03-09,MEX,13.9223511994756
1996-03-10,MEX,15.112219851743362
1996-03-11,MEX,16.865534246010213
1996-03-12,MEX,17.80017060469163
1996-03-13,MEX,18.227150832394557
1996-03-14,MEX,18.599945006265784
1996-03-15,MEX,18.846870547268225
1996-03-16,MEX,19.054694955123523
1996-03-17,MEX,18.84558419548648
1996-03-18,MEX,19.158764236640422
1996-03-19,MEX,18.238712842829102
1996-03-20,MEX,17.13031371093109
1996-03-21,MEX,18.116183546004606
1996-03-22,MEX,18.856871078324502
1996-03-23,MEX,18.998669126876166
1996-03-24,MEX,19.374208384220992
1996-03-25,MEX,19.59435129842734
1996-03-26,MEX,18.00537212001035
1996-03-27,MEX,16.99664479260622
1996-03-28,MEX,18.22295814597095
1996-03-29,MEX,19.626122404969124
1996-03-30,MEX,20.569156606613888
1996-03-31,MEX,21.123867157544396
1996-04-01,MEX,19.833186414399904
1996-04-02,MEX,19.383354600921564
1996-04-03,MEX,19.86176934322708
1996-04-04,MEX,20.753413245140223
1996-04-05,MEX,19.80228039245668
1996-04-06,MEX,16.782042782262238
1996-04-07,MEX,16.703086986054075
1996-04-08,MEX,18.29724043489938
1996-04-09,MEX,20.038075461841572
1996-04-10,MEX,21.14577076401207
1996-04-11,MEX,21.280835106246514
1996-04-12,MEX,21.46128287738219
1996-04-13,MEX,21.73584325514139
1996-04-14,MEX,21.991384141348192
1996-04-15,MEX,21.415958776550383
1996-04-16,MEX,20.40318055580167
1996-04-17,MEX,21.24124807334698
1996-04-18,MEX,22.439526901211252
1996-04-19,MEX,23.474222460438966
1996-04-20,MEX,23.268535417360567
1996-04-21,MEX,22.810738157531148
1996-04-22,MEX,23.037614889100894
1996-04-23,MEX,22.55918819465529
1996-04-24,MEX,22.258840736583807
1996-04-25,MEX,23.198666519087908
1996-04-26,MEX,24.2548257138846
1996-04-27,MEX,24.716261204704267
1996-04-28,MEX,24.520036444309028
1996-04-29,MEX,23.068306650715442
1996-04-30,MEX,22.008544409413332
1996-05-01,MEX,23.00724229912862
1996-05-02,MEX,23.875743295690654
1996-05-03,MEX,24.55526374257454
1996-05-04,MEX,24.695335573214948
1996-05-05,MEX,24.996144799524927
1996-05-06,MEX,24.90192656558372
1996-05-07,MEX,24.40244026525835
1996-05-08,MEX,24.352890755375427
1996-05-09,MEX,24.712573236042772
1996-05-10,MEX,25.314858336222983
1996-05-11,MEX,25.663296126223997
1996-05-12,MEX,25.260876963831436
1996-05-13,MEX,25.58883450645766
1996-05-14,MEX,25.097360096130444
1996-05-15,MEX,24.920215788831285
1996-05-16,MEX,24.972523701021544
1996-05-17,MEX,24.836302877894184
1996-05-18,MEX,24.941632238339594
1996-05-19,MEX,25.317265696064226
1996-05-20,MEX,25.676471706671975
1996-05-21,MEX,26.096607172126028
1996-05-22,MEX,26.166315776350984
1996-05-23,MEX,25.739754748867824
1996-05-24,MEX,24.88449901678888
1996-05-25,MEX,24.34349421434615
1996-05-26,MEX,24.516342531181067
1996-05-27,MEX,25.01023750711289
1996-05-28,MEX,25.38302105110398
1996-05-29,MEX,25.51944893420051
1996-05-30,MEX,25.31763275786392
1996-05-31,MEX,24.626924882839944
1996-06-01,MEX,24.66372699421686
1996-06-02,MEX,25.18273911242352
1996-06-03,MEX,24.988415176378453
1996-06-04,MEX,24.98605749411786
1996-06-05,MEX,25.613037981263574
1996-06-06,MEX,26.137839105569924
1996-06-07,MEX,26.31048595935266
1996-06-08,MEX,25.3130019220809
1996-06-09,MEX,25.443415900698483
1996-06-10,MEX,25.69097943310487
1996-06-11,MEX,25.909026975543895
1996-06-12,MEX,25.346244298233614
1996-06-13,MEX,24.64305439839336
1996-06-14,MEX,24.48761811414107
1996-06-15,MEX,24.303421307350277
1996-06-16,MEX,24.62534582998063
1996-06-17,MEX,24.903295234645327
1996-06-18,MEX,25.43668526844891
1996-06-19,MEX,26.290126309064988
1996-06-20,MEX,26.82301621686662
1996-06-21,MEX,26.741290993775635
1996-06-22,MEX,25.94654620708127
1996-06-23,MEX,25.144844065264977
1996-06-24,MEX,25.37422760266253
1996-06-25,MEX,25.11696430407966
1996-06-26,MEX,24.389561291384155
1996-06-27,MEX,23.724393641822985
1996-06-28,MEX,23.922177634065577
1996-06-29,MEX,24.122450872484876
1996-06-30,MEX,23.805320879250075
1996-07-01,MEX,24.12809752842702
1996-07-02,MEX,25.031480592869343
1996-07-03,MEX,24.873796176059955
1996-07-04,MEX,25.200619453069578
1996-07-05,MEX,25.177058052540815
1996-07-06,MEX,25.190607103340085
1996-07-07,MEX,25.095347389256972
1996-07-08,MEX,25.17473409545846
1996-07-09,MEX,25.045297141454625
1996-07-10,MEX,24.824400688563742
1996-07-11,MEX,24.710354532785118
1996-07-12,MEX,24.320133013865586
1996-07-13,MEX,24.512419335406946
1996-07-14,MEX,24.450455215807608
1996-07-15,MEX,24.53040629649371
1996-07-16,MEX,24.59583906660157
1996-07-17,MEX,24.674620166221302
1996-07-18,MEX,25.049844492472687
1996-07-19,MEX,25.085481339241653
1996-07-20,MEX,25.303976731369858
1996-07-21,MEX,25.31092069616227
1996-07-22,MEX,25.5848637637921
1996-07-23,MEX,25.911486628219563
1996-07-24,MEX,25.93708324288582
1996-07-25,MEX,25.239132558479866
1996-07-26,MEX,24.625679382479234
1996-07-27,MEX,24.95603708712025
1996-07-28,MEX,25.394460976402854
1996-07-29,MEX,25.787634551687688
1996-07-30,MEX,26.093766376886947
1996-07-31,MEX,26.02064596476157
1996-08-01,MEX,25.42440773969929
1996-08-02,MEX,25.261805220300857
1996-08-03,MEX,25.25058869938573
1996-08-04,MEX,25.346108791770632
1996-08-05,MEX,24.984226897819724
1996-08-06,MEX,24.741646809167207
1996-08-07,MEX,24.481744612630393
1996-08-08,MEX,24.140416492765155
1996-08-09,MEX,23.470009461420716
1996-08-10,MEX,24.009549515929848
1996-08-11,MEX,24.35709014141588
1996-08-12,MEX,24.589279770823737
1996-08-13,MEX,24.626717436413458
1996-08-14,MEX,24.165004429498197
1996-08-15,MEX,23.928710111417843
1996-08-16,MEX,23.847205122590537
1996-08-17,MEX,23.93888101016546
1996-08-18,MEX,24.02556261107202
1996-08-19,MEX,23.940618533501436
1996-08-20,MEX,23.931319606880948
1996-08-21,MEX,23.681760851091042
1996-08-22,MEX,23.735347573983177
1996-08-23,MEX,23.238480937380757
1996-08-24,MEX,23.19026655319493
1996-08-25,MEX,22.8468799747489
1996-08-26,MEX,22.647231047626974
1996-08-27,MEX,22.81661097825878
1996-08-28,MEX,23.320272532715364
1996-08-29,MEX,23.362719283003855
1996-08-30,MEX,23.211513283412614
1996-08-31,MEX,23.30217281683315
1996-09-01,MEX,23.2686280934484
1996-09-02,MEX,23.02205823255207
1996-09-03,MEX,23.518009268741253
1996-09-04,MEX,23.19049385074851
1996-09-05,MEX,23.19412513442626
1996-09-06,MEX,23.21714562827475
1996-09-07,MEX,23.369396219295197
1996-09-08,MEX,23.643275336448596
1996-09-09,MEX,23.197716503702566
1996-09-10,MEX,23.55819154007048
1996-09-11,MEX,23.383966311135282
1996-09-12,MEX,23.10161141311039
1996-09-13,MEX,22.92698578932783
1996-09-14,MEX,22.308201787229905
1996-09-15,MEX,22.56716611699011
1996-09-16,MEX,22.91143132921428
1996-09-17,MEX,23.599583366626348
1996-09-18,MEX,23.54838981207132
1996-09-19,MEX,23.79556421757485
1996-09-20,MEX,23.400929479617048
1996-09-21,MEX,23.60869970020582
1996-09-22,MEX,23.794541141235868
1996-09-23,MEX,23.47454395659787
1996-09-24,MEX,23.5894992092376
1996-09-25,MEX,23.304874701405993
1996-09-26,MEX,23.405487711484852
1996-09-27,MEX,23.681818027528834
1996-09-28,MEX,22.429365070001268
1996-09-29,MEX,21.615144904234057
1996-09-30,MEX,21.775488147661747
1996-10-01,MEX,22.147623858716884
1996-10-02,MEX,22.57788737622252
1996-10-03,MEX,22.084553475657913
1996-10-04,MEX,21.632038399398084
1996-10-05,MEX,21.201163480167736
1996-10-06,MEX,21.31544099902635
1996-10-07,MEX,21.70394195632423
1996-10-08,MEX,21.666901720188207
1996-10-09,MEX,21.034706547754467
1996-10-10,MEX,21.650859117671075
1996-10-11,MEX,21.42909595988266
1996-10-12,MEX,21.022877717111385
1996-10-13,MEX,21.414519321333955
1996-10-14,MEX,21.38659604913113
1996-10-15,MEX,21.591193933627892
1996-10-16,MEX,21.921513867468775
1996-10-17,MEX,22.05564440483448
1996-10-18,MEX,21.62982382552474
1996-10-19,MEX,20.94884467594153
1996-10-20,MEX,21.424564098071983
1996-10-21,MEX,21.26096451234389
1996-10-22,MEX,19.308251241603443
1996-10-23,MEX,18.08021605240009
1996-10-24,MEX,19.151928205473837
1996-10-25,MEX,19.29494484043579
1996-10-26,MEX,20.169178420297158
1996-10-27,MEX,20.154042474412563
1996-10-28,MEX,20.12925521120627
1996-10-29,MEX,19.950006641998925
1996-10-30,MEX,20.254219278797564
1996-10-31,MEX,20.936600207109052
1996-11-01,MEX,20.542168897590045
1996-11-02,MEX,19.324201038402236
1996-11-03,MEX,18.718034878121387
1996-11-04,MEX,19.209048780793694
1996-11-05,MEX,19.974968969418
1996-11-06,MEX,20.9800893558363
1996-11-07,MEX,20.24152403361643
1996-11-08,MEX,18.440100564783563
1996-11-09,MEX,16.904265162368006
1996-11-10,MEX,16.90092575140244
1996-11-11,MEX,17.022781933499914
1996-11-12,MEX,17.74057605569999
1996-11-13,MEX,17.724398405477757
1996-11-14,MEX,17.83463515819369
1996-11-15,MEX,17.900075930941398
1996-11-16,MEX,18.285679210974024
1996-11-17,MEX,18.19742165713268
1996-11-18,MEX,18.6792913837495
1996-11-19,MEX,19.00696320738342
1996-11-20,MEX,19.352078562442216
1996-11-21,MEX,19.65206986198956
1996-11-22,MEX,19.036273769730258
1996-11-23,MEX,18.94083746514127
1996-11-24,MEX,17.46668118702263
1996-11-25,MEX,14.975616072005096
1996-11-26,MEX,14.573765082130762
1996-11-27,MEX,14.298089975738208
1996-11-28,MEX,14.491130220615787
1996-11-29,MEX,15.155928081566174
1996-11-30,MEX,15.655650477892095
1996-12-01,MEX,14.489474401455823
1996-12-02,MEX,14.277337544387194
1996-12-03,MEX,15.12212129381362
1996-12-04,MEX,16.075330695172227
1996-12-05,MEX,16.285770312977206
1996-12-06,MEX,17.22380546891503
1996-12-07,MEX,17.328677601353263
1996-12-08,MEX,17.144879323233397
1996-12-09,MEX,16.89523359147489
1996-12-10,MEX,17.710395141963374
1996-12-11,MEX,18.002383640899268
1996-12-12,MEX,17.62888084170845
1996-12-13,MEX,17.579539386846136
1996-12-14,MEX,17.48603362489979
1996-12-15,MEX,16.729079656935312
1996-12-16,MEX,13.876659968947536
1996-12-17,MEX,14.344904086152724
1996-12-18,MEX,12.643012028306998
1996-12-19,MEX,9.899433736353387
1996-12-20,MEX,10.652089834958474
1996-12-21,MEX,12.80868327598597
1996-12-22,MEX,14.679043743055672
1996-12-23,MEX,15.606962378088951
1996-12-24,MEX,15.154721310602497
1996-12-25,MEX,14.221433279916255
1996-12-26,MEX,15.328201351873076
1996-12-27,MEX,16.359564871092573
1996-12-28,MEX,16.537272793224076
1996-12-29,MEX,16.2243097984653
1996-12-30,MEX,16.378389471171943
1996-12-31,MEX,16.762697779874998
1997-01-01,MEX,17.193520000820797
1997-01-02,MEX,17.325850612468514
1997-01-03,MEX,18.00654611486783
1997-01-04,MEX,17.911971679664077
1997-01-05,MEX,17.6698431080319
1997-01-06,MEX,16.44067255656796
1997-01-07,MEX,12.898702392333576
1997-01-08,MEX,10.93838138006572
1997-01-09,MEX,10.8526176091803
1997-01-10,MEX,11.125241041344054
1997-01-11,MEX,11.991779606527246
1997-01-12,MEX,11.754580438312985
1997-01-13,MEX,10.788291322745295
1997-01-14,MEX,10.968027094892648
1997-01-15,MEX,12.60558239332812
1997-01-16,MEX,13.413282666268287
1997-01-17,MEX,12.62245815883557
1997-01-18,MEX,12.507590626733986
1997-01-19,MEX,12.829877249173592
1997-01-20,MEX,14.019592942184772
1997-01-21,MEX,14.935884574289219
1997-01-22,MEX,15.068736284063903
1997-01-23,MEX,16.148979216092755
1997-01-24,MEX,16.146877998428238
1997-01-25,MEX,16.15134612442199
1997-01-26,MEX,16.955057673824967
1997-01-27,MEX,17.08066843720229
1997-01-28,MEX,15.272807745801288
1997-01-29,MEX,13.71715620313887
1997-01-30,MEX,14.54002483471288
1997-01-31,MEX,15.158357195520523
1997-02-01,MEX,16.28569861701743
1997-02-02,MEX,15.848701947847474
1997-02-03,MEX,16.510324245618733
1997-02-04,MEX,16.801438811155776
1997-02-05,MEX,17.162621278264055
1997-02-06,MEX,16.53915353837823
1997-02-07,MEX,16.487501040192797
1997-02-08,MEX,15.65483487110788
1997-02-09,MEX,15.209090121135262
1997-02-10,MEX,14.902038699907962
1997-02-11,MEX,15.684193277440443
1997-02-12,MEX,16.1356534362385
1997-02-13,MEX,15.582263129580554
1997-02-14,MEX,14.536963707947223
1997-02-15,MEX,14.154028318718076
1997-02-16,MEX,14.847617901097635
1997-02-17,MEX,15.857021361419925
1997-02-18,MEX,16.57666966056422
1997-02-19,MEX,16.57550088840287
1997-02-20,MEX,16.705683557080363
1997-02-21,MEX,17.049948567054912
1997-02-22,MEX,15.917594295118647
1997-02-23,MEX,16.011342629895296
1997-02-24,MEX,16.912150894427725
1997-02-25,MEX,16.728489632882543
1997-02-26,MEX,15.969000985272544
1997-02-27,MEX,15.911730922067534
1997-02-28,MEX,16.98284902159071
1997-03-01,MEX,17.194182115494584
1997-03-02,MEX,16.922516653042237
1997-03-03,MEX,17.806655101043475
1997-03-04,MEX,19.130768243610532
1997-03-05,MEX,19.470653746217977
1997-03-06,MEX,18.29711019351737
1997-03-07,MEX,18.245018674726794
1997-03-08,MEX,19.32129421314636
1997-03-09,MEX,20.017813815272234
1997-03-10,MEX,20.08020030383591
1997-03-11,MEX,18.934096632944375
1997-03-12,MEX,19.195492094133158
1997-03-13,MEX,19.733561241609607
1997-03-14,MEX,20.195105564958396
1997-03-15,MEX,19.14854269750373
1997-03-16,MEX,19.350929374560508
1997-03-17,MEX,20.38685168119082
1997-03-18,MEX,21.195296898546246
1997-03-19,MEX,19.84294830904952
1997-03-20,MEX,18.1896027658064
1997-03-21,MEX,18.758989774480767
1997-03-22,MEX,19.191201936558116
1997-03-23,MEX,19.5671519519081
1997-03-24,MEX,19.943392575448343
1997-03-25,MEX,20.415445724333267
1997-03-26,MEX,18.891293700997892
1997-03-27,MEX,19.261751570575427
1997-03-28,MEX,20.397183234495344
1997-03-29,MEX,20.549423412457486
1997-03-30,MEX,20.153811581032926
1997-03-31,MEX,18.345683575249666
1997-04-01,MEX,18.573625751871816
1997-04-02,MEX,19.35451029058038
1997-04-03,MEX,19.065039784324654
1997-04-04,MEX,17.866500632409156
1997-04-05,MEX,17.259816845463092
1997-04-06,MEX,18.53749535854098
1997-04-07,MEX,19.493682925990015
1997-04-08,MEX,19.578484198010585
1997-04-09,MEX,20.20721368946886
1997-04-10,MEX,19.55099314095213
1997-04-11,MEX,19.481623305189373
1997-04-12,MEX,18.579404392490858
1997-04-13,MEX,17.29049970744302
1997-04-14,MEX,17.217987854077478
1997-04-15,MEX,18.407578590771664
1997-04-16,MEX,19.45913028930869
1997-04-17,MEX,19.666522969237235
1997-04-18,MEX,19.385152051521402
1997-04-19,MEX,20.305102282819917
1997-04-20,MEX,21.02054300091544
1997-04-21,MEX,21.994352755274008
1997-04-22,MEX,22.958285003590674
1997-04-23,MEX,22.539397627895994
1997-04-24,MEX,21.547746733953716
1997-04-25,MEX,20.054878266861806
1997-04-26,MEX,18.15391062778457
1997-04-27,MEX,17.5075799297245
1997-04-28,MEX,18.775297988174373
1997-04-29,MEX,21.333081441427794
1997-04-30,MEX,23.043048657877534
1997-05-01,MEX,23.264601383943898
1997-05-02,MEX,23.864541068148355
1997-05-03,MEX,24.142414398062442
1997-05-04,MEX,23.43237780731829
1997-05-05,MEX,24.180153101999736
1997-05-06,MEX,24.782205092524634
1997-05-07,MEX,24.5259373154546
1997-05-08,MEX,24.22041137401908
1997-05-09,MEX,23.691656140952887
1997-05-10,MEX,21.551913291330322
1997-05-11,MEX,21.173858689299152
1997-05-12,MEX,21.673883993562697
1997-05-13,MEX,21.414650342341247
1997-05-14,MEX,22.504589453239532
1997-05-15,MEX,23.16714906458003
1997-05-16,MEX,23.110139868801696
1997-05-17,MEX,23.171220165194995
1997-05-18,MEX,23.409150840180757
1997-05-19,MEX,23.859876947982855
1997-05-20,MEX,23.50106199728475
1997-05-21,MEX,22.48266958882988
1997-05-22,MEX,22.530507602503917
1997-05-23,MEX,22.234096606982746
1997-05-24,MEX,23.234933246941694
1997-05-25,MEX,23.908866190332276
1997-05-26,MEX,24.427999915067346
1997-05-27,MEX,25.06907144951765
1997-05-28,MEX,24.760572458538775
1997-05-29,MEX,24.319734665374426
1997-05-30,MEX,24.82591421268262
1997-05-31,MEX,25.20377876920054
1997-06-01,MEX,24.90639425269245
1997-06-02,MEX,24.951520542972503
1997-06-03,MEX,25.707943785845487
1997-06-04,MEX,25.853545574215218
1997-06-05,MEX,25.382214311848884
1997-06-06,MEX,24.086126939307803
1997-06-07,MEX,23.5060837240909
1997-06-08,MEX,23.789193638677773
1997-06-09,MEX,24.339090616888825
1997-06-10,MEX,24.623754535203034
1997-06-11,MEX,25.029481545282977
1997-06-12,MEX,25.179764818291176
1997-06-13,MEX,25.24897777002701
1997-06-14,MEX,24.942379858502818
1997-06-15,MEX,24.097197841408047
1997-06-16,MEX,24.895594666674413
1997-06-17,MEX,25.60141002713914
1997-06-18,MEX,25.314982338378513
1997-06-19,MEX,25.602032918184022
1997-06-20,MEX,25.641150263272095
1997-06-21,MEX,24.82948127377523
1997-06-22,MEX,24.670981834138388
1997-06-23,MEX,24.747016426416167
1997-06-24,MEX,24.33585778253996
1997-06-25,MEX,24.36767021473895
1997-06-26,MEX,24.429692918680814
1997-06-27,MEX,24.241562636298
1997-06-28,MEX,24.80884196717028
1997-06-29,MEX,25.027385572649962
1997-06-30,MEX,25.269820850010717
1997-07-01,MEX,25.680987807593112
1997-07-02,MEX,25.76293081922688
1997-07-03,MEX,25.522055378707023
1997-07-04,MEX,25.318515047305596
1997-07-05,MEX,24.814233011606063
1997-07-06,MEX,24.953906092356874
1997-07-07,MEX,25.573966042044162
1997-07-08,MEX,25.15598345804142
1997-07-09,MEX,24.780480939293057
1997-07-10,MEX,24.756153805842473
1997-07-11,MEX,24.58461527218924
1997-07-12,MEX,25.201683087241747
1997-07-13,MEX,25.359044673629285
1997-07-14,MEX,25.138563551190202
1997-07-15,MEX,25.408339717692172
1997-07-16,MEX,25.653745821069833
1997-07-17,MEX,25.772315639004148
1997-07-18,MEX,25.768278550845707
1997-07-19,MEX,25.24762830836545
1997-07-20,MEX,24.635350832002757
1997-07-21,MEX,24.09674758258501
1997-07-22,MEX,24.37750751958555
1997-07-23,MEX,25.190859689416357
1997-07-24,MEX,25.500817246358622
1997-07-25,MEX,25.56424615164792
1997-07-26,MEX,25.26041385030618
1997-07-27,MEX,25.388322637617307
1997-07-28,MEX,24.873282644568235
1997-07-29,MEX,24.60978366169212
1997-07-30,MEX,24.660106785810285
1997-07-31,MEX,25.259711035340388
1997-08-01,MEX,25.543295300035993
1997-08-02,MEX,25.227507033431095
1997-08-03,MEX,24.975566526036175
1997-08-04,MEX,25.229948399323632
1997-08-05,MEX,25.24433206060712
1997-08-06,MEX,25.402990342348517
1997-08-07,MEX,25.274821362602097
1997-08-08,MEX,25.204925181036856
1997-08-09,MEX,25.24766581784172
1997-08-10,MEX,25.244845933937768
1997-08-11,MEX,25.57954145358815
1997-08-12,MEX,25.25219981923749
1997-08-13,MEX,24.911195059703232
1997-08-14,MEX,24.40045416659251
1997-08-15,MEX,24.39103884294741
1997-08-16,MEX,24.83129290215203
1997-08-17,MEX,24.55615303234856
1997-08-18,MEX,24.198533968091
1997-08-19,MEX,25.057718964240678
1997-08-20,MEX,25.18900758725846
1997-08-21,MEX,25.521179041962228
1997-08-22,MEX,26.328308323267095
1997-08-23,MEX,26.498825853438632
1997-08-24,MEX,25.426448414278013
1997-08-25,MEX,24.681078682956525
1997-08-26,MEX,24.559095683134046
1997-08-27,MEX,24.56600928383949
1997-08-28,MEX,24.566889063552424
1997-08-29,MEX,24.520682180265112
1997-08-30,MEX,24.382572787756487
1997-08-31,MEX,23.853342630222812
1997-09-01,MEX,23.70082658492356
1997-09-02,MEX,23.928587004955887
1997-09-03,MEX,24.357680162038207
1997-09-04,MEX,24.372319668319847
1997-09-05,MEX,23.79190870919615
1997-09-06,MEX,23.657259204782406
1997-09-07,MEX,24.053851074852446
1997-09-08,MEX,24.24685356309959
1997-09-09,MEX,24.126489027392495
1997-09-10,MEX,24.466685737265436
1997-09-11,MEX,24.55768857674059
1997-09-12,MEX,24.450293856019698
1997-09-13,MEX,24.852133224846114
1997-09-14,MEX,24.63940369699384
1997-09-15,MEX,24.345275851209692
1997-09-16,MEX,24.53278797166928
1997-09-17,MEX,25.24648186055407
1997-09-18,MEX,25.107719938692867
1997-09-19,MEX,24.234574218767875
1997-09-20,MEX,24.38781709194012
1997-09-21,MEX,23.43071763141603
1997-09-22,MEX,23.076390859541448
1997-09-23,MEX,23.57268472222563
1997-09-24,MEX,23.096842903106563
1997-09-25,MEX,22.526959042384988
1997-09-26,MEX,22.550074018348596
1997-09-27,MEX,23.294230923551083
1997-09-28,MEX,23.584883141111902
1997-09-29,MEX,23.856204451711392
1997-09-30,MEX,23.226587272748077
1997-10-01,MEX,23.95126358844618
1997-10-02,MEX,23.340739461987937
1997-10-03,MEX,23.242139454846722
1997-10-04,MEX,23.847424776822095
1997-10-05,MEX,23.12744733962211
1997-10-06,MEX,22.45216175163023
1997-10-07,MEX,22.41029116295323
1997-10-08,MEX,22.291457273847698
1997-10-09,MEX,22.69470727892957
1997-10-10,MEX,22.76088245177499
1997-10-11,MEX,22.556052135170205
1997-10-12,MEX,21.498960807455546
1997-10-13,MEX,20.748317416553277
1997-10-14,MEX,18.533763191435867
1997-10-15,MEX,18.51418529436569
1997-10-16,MEX,17.954404057684712
1997-10-17,MEX,17.22221367647751
1997-10-18,MEX,17.761181221231823
1997-10-19,MEX,18.76638694054384
1997-10-20,MEX,19.805538065207088
1997-10-21,MEX,19.510360904179265
1997-10-22,MEX,19.673293344535352
1997-10-23,MEX,19.89509396522186
1997-10-24,MEX,20.47535442685046
1997-10-25,MEX,20.37322219315513
1997-10-26,MEX,18.72755815617063
1997-10-27,MEX,17.795887080960767
1997-10-28,MEX,18.531184322755166
1997-10-29,MEX,19.75782979747646
1997-10-30,MEX,20.73873239743665
1997-10-31,MEX,21.359467979730596
1997-11-01,MEX,21.877112257557883
1997-11-02,MEX,20.816101698988234
1997-11-03,MEX,19.491213177899738
1997-11-04,MEX,19.805614094103248
1997-11-05,MEX,20.053370249272632
1997-11-06,MEX,19.401142808818463
1997-11-07,MEX,18.98135562699406
1997-11-08,MEX,18.622601401220663
1997-11-09,MEX,18.837542029219435
1997-11-10,MEX,18.312698483680776
1997-11-11,MEX,17.00295378960999
1997-11-12,MEX,17.202719139930423
1997-11-13,MEX,17.43267620391873
1997-11-14,MEX,17.630292819264014
1997-11-15,MEX,17.38004824060266
1997-11-16,MEX,15.310851514616672
1997-11-17,MEX,15.443770625098352
1997-11-18,MEX,16.690829797385447
1997-11-19,MEX,16.961910962998502
1997-11-20,MEX,17.837965206462798
1997-11-21,MEX,18.433693035206318
1997-11-22,MEX,17.994052112377744
1997-11-23,MEX,17.55390555405745
1997-11-24,MEX,18.012902625613094
1997-11-25,MEX,18.815341442864735
1997-11-26,MEX,18.708210852843308
1997-11-27,MEX,18.916870543584196
1997-11-28,MEX,17.912246165820818
1997-11-29,MEX,16.795557946539873
1997-11-30,MEX,16.09898342858793
1997-12-01,MEX,16.05700145451914
1997-12-02,MEX,16.24559567510255
1997-12-03,MEX,15.789434665368617
1997-12-04,MEX,15.538423625872042
1997-12-05,MEX,15.256251215367854
1997-12-06,MEX,15.665190202030487
1997-12-07,MEX,16.94248270391398
1997-12-08,MEX,17.682735466392785
1997-12-09,MEX,17.25016760834933
1997-12-10,MEX,15.312798440038762
1997-12-11,MEX,12.860600092910204
1997-12-12,MEX,9.217795701073612
1997-12-13,MEX,7.70026991096114
1997-12-14,MEX,9.272060181466998
1997-12-15,MEX,10.667366934396682
1997-12-16,MEX,12.406164965711355
1997-12-17,MEX,12.781088773809074
1997-12-18,MEX,13.314471052321096
1997-12-19,MEX,14.180027728822836
1997-12-20,MEX,15.334144183694889
1997-12-21,MEX,14.726939879882138
1997-12-22,MEX,14.727964488777047
1997-12-23,MEX,15.045047788426132
1997-12-24,MEX,13.964879213187771
1997-12-25,MEX,14.13108163088907
1997-12-26,MEX,13.105166032903014
1997-12-27,MEX,10.940808762571066
1997-12-28,MEX,11.319673369553641
1997-12-29,MEX,11.361871078186198
1997-12-30,MEX,12.154889129919582
1997-12-31,MEX,13.46189777166586
1998-01-01,MEX,14.03720398386929
1998-01-02,MEX,14.966412688921537
1998-01-03,MEX,15.798595830605507
1998-01-04,MEX,16.055224922866216
1998-01-05,MEX,15.647546506736035
1998-01-06,MEX,15.443698011362358
1998-01-07,MEX,13.401201852630152
1998-01-08,MEX,12.151354563298241
1998-01-09,MEX,13.439363106976032
1998-01-10,MEX,14.684558106213956
1998-01-11,MEX,15.702231218712996
1998-01-12,MEX,15.500965360431564
1998-01-13,MEX,15.948148833572816
1998-01-14,MEX,15.361419841414886
1998-01-15,MEX,14.823605078122455
1998-01-16,MEX,14.415919902288465
1998-01-17,MEX,15.512894379688817
1998-01-18,MEX,16.347795184032293
1998-01-19,MEX,16.1384476658871
1998-01-20,MEX,16.209556334572255
1998-01-21,MEX,16.356261744159383
1998-01-22,MEX,15.511161740790044
1998-01-23,MEX,14.720952725366487
1998-01-24,MEX,14.803755765176959
1998-01-25,MEX,14.916561535763321
1998-01-26,MEX,15.618371843481384
1998-01-27,MEX,15.467098383075268
1998-01-28,MEX,15.666792587323357
1998-01-29,MEX,16.27316518715287
1998-01-30,MEX,15.940913121000847
1998-01-31,MEX,16.102765832458772
1998-02-01,MEX,15.275372534694498
1998-02-02,MEX,13.889549922630863
1998-02-03,MEX,13.823621827977775
1998-02-04,MEX,14.401731849899079
1998-02-05,MEX,13.652278868833093
1998-02-06,MEX,13.590810795268737
1998-02-07,MEX,13.84925619478679
1998-02-08,MEX,15.346119322364984
1998-02-09,MEX,16.27712218362143
1998-02-10,MEX,16.472776366247274
1998-02-11,MEX,15.132214806456318
1998-02-12,MEX,15.633438370576357
1998-02-13,MEX,15.667422156709563
1998-02-14,MEX,15.14186906265337
1998-02-15,MEX,14.310849284998255
1998-02-16,MEX,13.974800642550065
1998-02-17,MEX,14.037001513947644
1998-02-18,MEX,14.926685427063319
1998-02-19,MEX,15.19334574694318
1998-02-20,MEX,15.12893748238372
1998-02-21,MEX,15.564051943184381
1998-02-22,MEX,16.071695407360494
1998-02-23,MEX,18.196898394076243
1998-02-24,MEX,18.195280983453642
1998-02-25,MEX,18.380166234903697
1998-02-26,MEX,17.169568860656227
1998-02-27,MEX,16.479719491557148
1998-02-28,MEX,16.460862633020326
1998-03-01,MEX,15.925271342775432
1998-03-02,MEX,15.76462107817838
1998-03-03,MEX,16.196548932058704
1998-03-04,MEX,17.75844581994818
1998-03-05,MEX,18.764167711665266
1998-03-06,MEX,19.64402905991409
1998-03-07,MEX,19.026488652551677
1998-03-08,MEX,16.911118270013446
1998-03-09,MEX,15.188080601795662
1998-03-10,MEX,15.100592283982337
1998-03-11,MEX,15.541499969990241
1998-03-12,MEX,15.612140335547736
1998-03-13,MEX,16.037770245074967
1998-03-14,MEX,17.7845629104379
1998-03-15,MEX,18.074342596441966
1998-03-16,MEX,17.816577943517473
1998-03-17,MEX,18.16200345179425
1998-03-18,MEX,18.90614493504421
1998-03-19,MEX,19.530972886184145
1998-03-20,MEX,18.812932256275133
1998-03-21,MEX,18.377476437165228
1998-03-22,MEX,17.946864340493676
1998-03-23,MEX,19.271486742647937
1998-03-24,MEX,20.84528162773114
1998-03-25,MEX,21.371281281287622
1998-03-26,MEX,21.38276135476889
1998-03-27,MEX,19.955282757651958
1998-03-28,MEX,20.479528488496612
1998-03-29,MEX,20.803739572911923
1998-03-30,MEX,20.004169409756287
1998-03-31,MEX,18.23349405184109
1998-04-01,MEX,18.756151798705616
1998-04-02,MEX,19.846226372024148
1998-04-03,MEX,20.296635018782013
1998-04-04,MEX,20.304671708416436
1998-04-05,MEX,20.35403907905112
1998-04-06,MEX,21.400918479455584
1998-04-07,MEX,21.08705790135417
1998-04-08,MEX,21.593766664665566
1998-04-09,MEX,21.151313690277675
1998-04-10,MEX,21.096040518962695
1998-04-11,MEX,20.83793293547984
1998-04-12,MEX,20.418962451166465
1998-04-13,MEX,21.766676800536004
1998-04-14,MEX,22.225814941129386
1998-04-15,MEX,23.017345978348033
1998-04-16,MEX,22.56478200955189
1998-04-17,MEX,22.053613571817834
1998-04-18,MEX,20.8100502360316
1998-04-19,MEX,21.036398636877493
1998-04-20,MEX,21.133705286103066
1998-04-21,MEX,21.533179394113574
1998-04-22,MEX,21.29575303220173
1998-04-23,MEX,20.770646294010533
1998-04-24,MEX,21.669776391275548
1998-04-25,MEX,22.157532407672477
1998-04-26,MEX,22.20873522074936
1998-04-27,MEX,22.021468176539145
1998-04-28,MEX,21.20566961699143
1998-04-29,MEX,21.22376802354438
1998-04-30,MEX,21.374377719568315
1998-05-01,MEX,22.522146848176703
1998-05-02,MEX,23.22083590736173
1998-05-03,MEX,24.192784523401485
1998-05-04,MEX,24.464975880888744
1998-05-05,MEX,24.860295353252184
1998-05-06,MEX,24.842682080236386
1998-05-07,MEX,25.097354053409163
1998-05-08,MEX,25.170968834429345
1998-05-09,MEX,24.446301544942003
1998-05-10,MEX,24.301267079091815
1998-05-11,MEX,24.694027335730823
1998-05-12,MEX,24.45307696994348
1998-05-13,MEX,25.066880604728055
1998-05-14,MEX,24.62038036342858
1998-05-15,MEX,24.873072859734577
1998-05-16,MEX,24.539557663498158
1998-05-17,MEX,25.06931645179492
1998-05-18,MEX,25.507351592374278
1998-05-19,MEX,25.31519774032455
1998-05-20,MEX,25.616007767475878
1998-05-21,MEX,25.187829932773468
1998-05-22,MEX,25.759089285097787
1998-05-23,MEX,25.7598910078666
1998-05-24,MEX,25.255429438252577
1998-05-25,MEX,25.478588561673803
1998-05-26,MEX,24.502194310349637
1998-05-27,MEX,24.499792144263495
1998-05-28,MEX,25.00710803808147
1998-05-29,MEX,25.14092259472983
1998-05-30,MEX,25.86963980710624
1998-05-31,MEX,26.323036678537562
1998-06-01,MEX,26.780800630974227
1998-06-02,MEX,26.963631888876932
1998-06-03,MEX,27.253544705105583
1998-06-04,MEX,26.707894119736295
1998-06-05,MEX,26.7802941993653
1998-06-06,MEX,25.923778263498093
1998-06-07,MEX,25.045325456272053
1998-06-08,MEX,25.156256729875395
1998-06-09,MEX,25.646274024374293
1998-06-10,MEX,24.142235291049985
1998-06-11,MEX,23.903569251651504
1998-06-12,MEX,25.553276992618237
1998-06-13,MEX,26.082448378244408
1998-06-14,MEX,26.334193471467472
1998-06-15,MEX,27.248991612585996
1998-06-16,MEX,27.436279617136336
1998-06-17,MEX,26.990070524431758
1998-06-18,MEX,26.968613206811483
1998-06-19,MEX,27.309040581675504
1998-06-20,MEX,26.974488659384008
1998-06-21,MEX,26.85895784122914
1998-06-22,MEX,26.80302185227879
1998-06-23,MEX,26.54344184161681
1998-06-24,MEX,26.817990348458807
1998-06-25,MEX,27.195244656267164
1998-06-26,MEX,27.095605203335367
1998-06-27,MEX,26.837906940109008
1998-06-28,MEX,27.411854279025363
1998-06-29,MEX,27.201070673640743
1998-06-30,MEX,26.09732155512836
1998-07-01,MEX,25.617238222901392
1998-07-02,MEX,25.15170405612372
1998-07-03,MEX,25.01223440260452
1998-07-04,MEX,25.298022010439013
1998-07-05,MEX,25.146725978756876
1998-07-06,MEX,24.787049821768562
1998-07-07,MEX,25.451173931654296
1998-07-08,MEX,25.793821295586667
1998-07-09,MEX,26.217652826597146
1998-07-10,MEX,26.12449473219283
1998-07-11,MEX,26.90045091432097
1998-07-12,MEX,27.182289644882815
1998-07-13,MEX,27.27932811164004
1998-07-14,MEX,27.53756821230769
1998-07-15,MEX,26.24406117678302
1998-07-16,MEX,25.540058590963667
1998-07-17,MEX,25.253027750387616
1998-07-18,MEX,25.420013486335677
1998-07-19,MEX,24.974168747993474
1998-07-20,MEX,24.997061629859388
1998-07-21,MEX,24.888728864291977
1998-07-22,MEX,24.45822957003236
1998-07-23,MEX,24.51220663481564
1998-07-24,MEX,24.5927551945515
1998-07-25,MEX,25.222454654453884
1998-07-26,MEX,25.396858091249328
1998-07-27,MEX,25.232590616928405
1998-07-28,MEX,25.31129390373684
1998-07-29,MEX,25.138487242187637
1998-07-30,MEX,24.945415791932362
1998-07-31,MEX,25.524422467081024
1998-08-01,MEX,25.19148565035954
1998-08-02,MEX,25.27758305629152
1998-08-03,MEX,26.148397447149023
1998-08-04,MEX,25.905308733849722
1998-08-05,MEX,25.104911374651863
1998-08-06,MEX,24.24850040627058
1998-08-07,MEX,24.231069379984547
1998-08-08,MEX,24.314753396877506
1998-08-09,MEX,24.571069149205073
1998-08-10,MEX,24.548886570954437
1998-08-11,MEX,24.609436597032186
1998-08-12,MEX,25.212448269644426
1998-08-13,MEX,25.69188779753165
1998-08-14,MEX,25.27588623042675
1998-08-15,MEX,24.286291885441074
1998-08-16,MEX,24.057302979536473
1998-08-17,MEX,24.005906574940695
1998-08-18,MEX,24.07578191873722
1998-08-19,MEX,24.283063962218932
1998-08-20,MEX,24.661944662693656
1998-08-21,MEX,24.203794912856097
1998-08-22,MEX,24.38159694556282
1998-08-23,MEX,24.33105713089651
1998-08-24,MEX,25.268115923870994
1998-08-25,MEX,25.43026635368699
1998-08-26,MEX,25.121302073644586
1998-08-27,MEX,25.267145415402524
1998-08-28,MEX,25.17417997969659
1998-08-29,MEX,25.093596917225796
1998-08-30,MEX,24.481564679557096
1998-08-31,MEX,24.651900438867187
1998-09-01,MEX,24.426062332696063
1998-09-02,MEX,24.28795364342949
1998-09-03,MEX,23.619603026707864
1998-09-04,MEX,23.61440194498988
1998-09-05,MEX,23.833416192119273
1998-09-06,MEX,23.968231165335226
1998-09-07,MEX,23.7615908872491
1998-09-08,MEX,23.962275576460854
1998-09-09,MEX,23.905175454075447
1998-09-10,MEX,24.11343414515909
1998-09-11,MEX,24.071477813060937
1998-09-12,MEX,24.653425494386397
1998-09-13,MEX,24.597627018594835
1998-09-14,MEX,24.882233478107878
1998-09-15,MEX,24.847105373137993
1998-09-16,MEX,24.425501167687855
1998-09-17,MEX,23.849272609647414
1998-09-18,MEX,23.654129400427337
1998-09-19,MEX,23.587446583743542
1998-09-20,MEX,24.19578846233094
1998-09-21,MEX,24.497347787161004
1998-09-22,MEX,24.51299394832995
1998-09-23,MEX,23.894280638515227
1998-09-24,MEX,23.41478810433557
1998-09-25,MEX,23.353770400579208
1998-09-26,MEX,23.281589798217112
1998-09-27,MEX,23.460255977561985
1998-09-28,MEX,23.87607235418443
1998-09-29,MEX,24.08508272705768
1998-09-30,MEX,23.745564058889727
1998-10-01,MEX,23.38817810890299
1998-10-02,MEX,23.292015757190825
1998-10-03,MEX,23.794441827065384
1998-10-04,MEX,24.081019259172535
1998-10-05,MEX,23.848476489771485
1998-10-06,MEX,22.58898878705395
1998-10-07,MEX,21.210974302468912
1998-10-08,MEX,21.34935972449415
1998-10-09,MEX,22.135603377910797
1998-10-10,MEX,21.821515583202768
1998-10-11,MEX,22.401674788915386
1998-10-12,MEX,22.66468639827133
1998-10-13,MEX,22.399125472841945
1998-10-14,MEX,22.008094386847404
1998-10-15,MEX,22.01973953098684
1998-10-16,MEX,21.714646977532027
1998-10-17,MEX,21.919699066429587
1998-10-18,MEX,21.930337480422907
1998-10-19,MEX,21.092826340510044
1998-10-20,MEX,20.718754572785542
1998-10-21,MEX,20.260947655194855
1998-10-22,MEX,19.188411157362168
1998-10-23,MEX,19.097026396263516
1998-10-24,MEX,19.75641764267141
1998-10-25,MEX,20.48144442214192
1998-10-26,MEX,20.901222082852144
1998-10-27,MEX,20.94540569608921
1998-10-28,MEX,20.92102651037186
1998-10-29,MEX,21.19730852259636
1998-10-30,MEX,21.002195355152764
1998-10-31,MEX,20.6938277498287
1998-11-01,MEX,19.91284635371005
1998-11-02,MEX,19.06740146455894
1998-11-03,MEX,19.28481881361904
1998-11-04,MEX,19.476769193280234
1998-11-05,MEX,17.89896949335173
1998-11-06,MEX,17.477725986028418
1998-11-07,MEX,17.973869852008875
1998-11-08,MEX,18.886433494559014
1998-11-09,MEX,19.901491736156743
1998-11-10,MEX,19.364640024604796
1998-11-11,MEX,18.35321988665021
1998-11-12,MEX,18.755512823764775
1998-11-13,MEX,18.501163240796984
1998-11-14,MEX,18.091013048533114
1998-11-15,MEX,18.039689750328023
1998-11-16,MEX,18.599775446569822
1998-11-17,MEX,18.455910952778197
1998-11-18,MEX,19.04812378548081
1998-11-19,MEX,19.05245106679166
1998-11-20,MEX,19.06786882253641
1998-11-21,MEX,18.188284113371594
1998-11-22,MEX,17.91235843290133
1998-11-23,MEX,18.566433448116072
1998-11-24,MEX,18.84320353335937
1998-11-25,MEX,19.214384952703938
1998-11-26,MEX,19.029662262952513
1998-11-27,MEX,18.750629972056117
1998-11-28,MEX,18.51114441808761
1998-11-29,MEX,18.204904081607538
1998-11-30,MEX,17.37771876623242
1998-12-01,MEX,17.218154292561167
1998-12-02,MEX,17.67477054451558
1998-12-03,MEX,17.01861884548117
1998-12-04,MEX,17.219142994781123
1998-12-05,MEX,17.894936510485252
1998-12-06,MEX,17.172656138269474
1998-12-07,MEX,16.434476385599396
1998-12-08,MEX,14.850551017856503
1998-12-09,MEX,14.458055405950347
1998-12-10,MEX,14.963447942590903
1998-12-11,MEX,13.170084674882219
1998-12-12,MEX,12.76098630919131
1998-12-13,MEX,13.836541491678247
1998-12-14,MEX,13.927187299698687
1998-12-15,MEX,14.253660664085487
1998-12-16,MEX,14.577901624669607
1998-12-17,MEX,14.943466443643558
1998-12-18,MEX,15.375763990323208
1998-12-19,MEX,15.4661100052694
1998-12-20,MEX,16.539177654071352
1998-12-21,MEX,17.33746556918345
1998-12-22,MEX,16.16778884235862
1998-12-23,MEX,14.07065962257883
1998-12-24,MEX,14.515424497932884
1998-12-25,MEX,13.910133052981564
1998-12-26,MEX,14.560070777513204
1998-12-27,MEX,16.321150687546833
1998-12-28,MEX,16.40276958279037
1998-12-29,MEX,16.89687705489291
1998-12-30,MEX,16.800934857122627
1998-12-31,MEX,16.44284448503379
1999-01-01,MEX,16.32529028278759
1999-01-02,MEX,15.385327449685121
1999-01-03,MEX,13.958037437753774
1999-01-04,MEX,12.378886874768796
1999-01-05,MEX,12.507126941205115
1999-01-06,MEX,14.75051958185361
1999-01-07,MEX,15.12389108447286
1999-01-08,MEX,15.981739837494558
1999-01-09,MEX,15.125346951580525
1999-01-10,MEX,13.576845031782398
1999-01-11,MEX,14.167425518698792
1999-01-12,MEX,14.82036522529529
1999-01-13,MEX,15.455082000030075
1999-01-14,MEX,14.952126099253576
1999-01-15,MEX,14.978098150817686
1999-01-16,MEX,15.307557365178297
1999-01-17,MEX,15.811184100985884
1999-01-18,MEX,16.29442160376675
1999-01-19,MEX,17.160822151590764
1999-01-20,MEX,17.08492854458575
1999-01-21,MEX,17.533243225803346
1999-01-22,MEX,17.390684255564736
1999-01-23,MEX,14.63003647343362
1999-01-24,MEX,15.179042128429444
1999-01-25,MEX,15.416663474447205
1999-01-26,MEX,15.674886601168112
1999-01-27,MEX,15.587772208044612
1999-01-28,MEX,16.13225704515895
1999-01-29,MEX,15.649447123680773
1999-01-30,MEX,15.098947031488592
1999-01-31,MEX,15.790573709341743
1999-02-01,MEX,16.722132677272498
1999-02-02,MEX,17.547009432340758
1999-02-03,MEX,17.548781163308377
1999-02-04,MEX,17.869820560846733
1999-02-05,MEX,18.644559057647427
1999-02-06,MEX,18.42340895069981
1999-02-07,MEX,18.023487020057132
1999-02-08,MEX,18.624975854589366
1999-02-09,MEX,19.120899252258425
1999-02-10,MEX,19.13035641264338
1999-02-11,MEX,17.957490539001583
1999-02-12,MEX,14.852232107932707
1999-02-13,MEX,13.58551304166241
1999-02-14,MEX,14.606119076944879
1999-02-15,MEX,16.14779346580559
1999-02-16,MEX,17.089938459993846
1999-02-17,MEX,16.330577473438154
1999-02-18,MEX,17.840919468711547
1999-02-19,MEX,17.74450252355524
1999-02-20,MEX,18.92292461858591
1999-02-21,MEX,18.27986454482192
1999-02-22,MEX,17.468323250172716
1999-02-23,MEX,17.81021359378093
1999-02-24,MEX,18.091997405699715
1999-02-25,MEX,18.491382615056693
1999-02-26,MEX,19.003239646012048
1999-02-27,MEX,18.956182872459124
1999-02-28,MEX,19.073092792480736
1999-03-01,MEX,19.621764430836606
1999-03-02,MEX,19.81975644474977
1999-03-03,MEX,19.273029260383282
1999-03-04,MEX,18.8514045282987
1999-03-05,MEX,19.861315876402898
1999-03-06,MEX,19.2982073618507
1999-03-07,MEX,19.351748236704793
1999-03-08,MEX,18.662118852689503
1999-03-09,MEX,19.11593768033441
1999-03-10,MEX,19.826396292908953
1999-03-11,MEX,19.62655504030323
1999-03-12,MEX,19.683036297035414
1999-03-13,MEX,18.42831089601168
1999-03-14,MEX,16.724306712756857
1999-03-15,MEX,16.821410865222333
1999-03-16,MEX,17.399301886234014
1999-03-17,MEX,17.449561778448015
1999-03-18,MEX,17.12004451281439
1999-03-19,MEX,17.824029752901197
1999-03-20,MEX,18.837879328005613
1999-03-21,MEX,19.408119252680137
1999-03-22,MEX,19.939746936928543
1999-03-23,MEX,20.204539275278933
1999-03-24,MEX,20.40740577950106
1999-03-25,MEX,20.422875237465178
1999-03-26,MEX,19.746034138341088
1999-03-27,MEX,18.187758620727607
1999-03-28,MEX,18.04636190671181
1999-03-29,MEX,19.151803833040617
1999-03-30,MEX,19.54785399764171
1999-03-31,MEX,20.239838243804797
1999-04-01,MEX,20.81202210679453
1999-04-02,MEX,20.493771141792877
1999-04-03,MEX,20.0486128816097
1999-04-04,MEX,19.9066277474264
1999-04-05,MEX,20.412218680799867
1999-04-06,MEX,21.267430376330708
1999-04-07,MEX,22.402375848443
1999-04-08,MEX,22.825390547069787
1999-04-09,MEX,22.820382854507443
1999-04-10,MEX,22.784357720285186
1999-04-11,MEX,22.337514905564944
1999-04-12,MEX,22.357354793401953
1999-04-13,MEX,22.248856942742066
1999-04-14,MEX,22.225976285181275
1999-04-15,MEX,22.150166937387155
1999-04-16,MEX,20.41709705566376
1999-04-17,MEX,19.442856938987006
1999-04-18,MEX,20.26400021239175
1999-04-19,MEX,21.55348600907348
1999-04-20,MEX,22.74201506446633
1999-04-21,MEX,23.19973555052303
1999-04-22,MEX,23.574084234500276
1999-04-23,MEX,23.26933441960398
1999-04-24,MEX,23.335550921226798
1999-04-25,MEX,22.253106838292865
1999-04-26,MEX,22.60154797976878
1999-04-27,MEX,22.93470715125187
1999-04-28,MEX,23.144137510031214
1999-04-29,MEX,22.468912652060453
1999-04-30,MEX,22.233739618905418
1999-05-01,MEX,21.30926089184976
1999-05-02,MEX,21.709374083296098
1999-05-03,MEX,22.78887038452598
1999-05-04,MEX,23.392010202667564
1999-05-05,MEX,23.573775533569574
1999-05-06,MEX,23.590765386289377
1999-05-07,MEX,23.54365867034784
1999-05-08,MEX,24.086849713302286
1999-05-09,MEX,24.008603802500488
1999-05-10,MEX,23.592149972753646
1999-05-11,MEX,23.604403078884104
1999-05-12,MEX,24.07094284307277
1999-05-13,MEX,24.187266283614974
1999-05-14,MEX,24.576640056187898
1999-05-15,MEX,24.42390169162644
1999-05-16,MEX,24.919570571930024
1999-05-17,MEX,24.835226115679404
1999-05-18,MEX,24.67994492034103
1999-05-19,MEX,23.763520291031284
1999-05-20,MEX,24.188225130974217
1999-05-21,MEX,24.529879238313526
1999-05-22,MEX,24.279812627584192
1999-05-23,MEX,24.261557937780935
1999-05-24,MEX,24.293893569690454
1999-05-25,MEX,24.90205128516658
1999-05-26,MEX,25.104658583031835
1999-05-27,MEX,24.70572096994306
1999-05-28,MEX,24.371400941688705
1999-05-29,MEX,24.14500048196959
1999-05-30,MEX,24.986559912297594
1999-05-31,MEX,25.72836047788138
1999-06-01,MEX,26.128347006476417
1999-06-02,MEX,25.830340068146825
1999-06-03,MEX,25.162303147704506
1999-06-04,MEX,24.997158788604622
1999-06-05,MEX,24.862989248227393
1999-06-06,MEX,24.39682086878952
1999-06-07,MEX,24.636715051479825
1999-06-08,MEX,24.50109960390597
1999-06-09,MEX,24.441984322153473
1999-06-10,MEX,24.370288720378596
1999-06-11,MEX,24.722098963386486
1999-06-12,MEX,24.95978371063262
1999-06-13,MEX,24.82007423185371
1999-06-14,MEX,23.716165929824626
1999-06-15,MEX,23.087934534831618
1999-06-16,MEX,23.69951541861093
1999-06-17,MEX,23.990856435841806
1999-06-18,MEX,24.21464551557608
1999-06-19,MEX,24.43490355243148
1999-06-20,MEX,24.453610894164854
1999-06-21,MEX,23.977922854283634
1999-06-22,MEX,23.700582327501536
1999-06-23,MEX,23.713104899109226
1999-06-24,MEX,24.548889692542048
1999-06-25,MEX,25.08405619717678
1999-06-26,MEX,25.34225806104672
1999-06-27,MEX,25.296638030559222
1999-06-28,MEX,25.404983065191004
1999-06-29,MEX,25.444683499620396
1999-06-30,MEX,25.737967978639972
1999-07-01,MEX,25.786845607492012
1999-07-02,MEX,24.951999702574994
1999-07-03,MEX,23.716755280037546
1999-07-04,MEX,23.27200305850937
1999-07-05,MEX,23.27307526767663
1999-07-06,MEX,22.690998446663855
1999-07-07,MEX,22.809180001325956
1999-07-08,MEX,23.50267352910282
1999-07-09,MEX,24.119621346253325
1999-07-10,MEX,24.27562154417842
1999-07-11,MEX,23.409026784630726
1999-07-12,MEX,23.340711499647284
1999-07-13,MEX,24.31084550467392
1999-07-14,MEX,24.154985089518448
1999-07-15,MEX,23.763119706908412
1999-07-16,MEX,23.833887886883304
1999-07-17,MEX,23.689029951436737
1999-07-18,MEX,23.48850832290583
1999-07-19,MEX,23.397677207962715
1999-07-20,MEX,23.39209666207637
1999-07-21,MEX,23.316498578826838
1999-07-22,MEX,23.337626864580955
1999-07-23,MEX,23.85718296698218
1999-07-24,MEX,24.284799926696053
1999-07-25,MEX,24.726754755283707
1999-07-26,MEX,24.602813763599045
1999-07-27,MEX,24.099334055415568
1999-07-28,MEX,24.046709577475553
1999-07-29,MEX,24.93638865177803
1999-07-30,MEX,25.145850788405426
1999-07-31,MEX,24.747943837813864
1999-08-01,MEX,24.531702199796257
1999-08-02,MEX,24.72039820472196
1999-08-03,MEX,24.575555842280153
1999-08-04,MEX,24.379798354539787
1999-08-05,MEX,24.145626839509532
1999-08-06,MEX,24.650260435418375
1999-08-07,MEX,24.79375811949842
1999-08-08,MEX,24.96822152750866
1999-08-09,MEX,24.451600231844225
1999-08-10,MEX,24.57532378528208
1999-08-11,MEX,24.693457175761353
1999-08-12,MEX,25.141129927464874
1999-08-13,MEX,25.637636734659736
1999-08-14,MEX,25.357932317086465
1999-08-15,MEX,25.153976053331178
1999-08-16,MEX,25.37598584509408
1999-08-17,MEX,25.28345594780285
1999-08-18,MEX,24.640876948122866
1999-08-19,MEX,24.496338753147313
1999-08-20,MEX,24.499445804615334
1999-08-21,MEX,25.154074909675387
1999-08-22,MEX,25.15082588928101
1999-08-23,MEX,24.834463542135495
1999-08-24,MEX,24.67850503267175
1999-08-25,MEX,23.838775529973987
1999-08-26,MEX,23.85431883660334
1999-08-27,MEX,24.24144682416727
1999-08-28,MEX,24.37043436893225
1999-08-29,MEX,24.111432623881
1999-08-30,MEX,24.116334960619213
1999-08-31,MEX,24.11602061592265
1999-09-01,MEX,24.11335080018108
1999-09-02,MEX,24.255317804669005
1999-09-03,MEX,24.0939133704955
1999-09-04,MEX,24.313000316279272
1999-09-05,MEX,24.269387713524168
1999-09-06,MEX,24.293710985099096
1999-09-07,MEX,23.5532563119653
1999-09-08,MEX,23.650037190862747
1999-09-09,MEX,23.63612242274155
1999-09-10,MEX,23.244914392326223
1999-09-11,MEX,23.54444149134912
1999-09-12,MEX,23.90649020684191
1999-09-13,MEX,23.724043485439665
1999-09-14,MEX,23.274309475979976
1999-09-15,MEX,23.489012270380726
1999-09-16,MEX,23.500557908905705
1999-09-17,MEX,23.31107332327764
1999-09-18,MEX,23.064020039070044
1999-09-19,MEX,23.164861864174554
1999-09-20,MEX,23.39619727270906
1999-09-21,MEX,23.567601569846943
1999-09-22,MEX,23.090083953417775
1999-09-23,MEX,22.693874259752647
1999-09-24,MEX,23.47418990804357
1999-09-25,MEX,24.248514583303347
1999-09-26,MEX,24.468585035083834
1999-09-27,MEX,24.154757880289026
1999-09-28,MEX,23.7263477154342
1999-09-29,MEX,22.858400959864696
1999-09-30,MEX,21.350768709589886
1999-10-01,MEX,21.964016636517044
1999-10-02,MEX,22.405093504148056
1999-10-03,MEX,22.476417506244047
1999-10-04,MEX,22.965102815878936
1999-10-05,MEX,23.2332959713234
1999-10-06,MEX,22.433029260972432
1999-10-07,MEX,22.4352402735405
1999-10-08,MEX,22.94010617038299
1999-10-09,MEX,22.777487678091916
1999-10-10,MEX,22.270387701718278
1999-10-11,MEX,21.939028465981323
1999-10-12,MEX,21.893404704308693
1999-10-13,MEX,22.075685296017923
1999-10-14,MEX,21.944078862851484
1999-10-15,MEX,21.862442016537898
1999-10-16,MEX,22.179142949671416
1999-10-17,MEX,20.767016085157366
1999-10-18,MEX,18.36302442889871
1999-10-19,MEX,18.302446012085966
1999-10-20,MEX,18.821263279361744
1999-10-21,MEX,18.904067608395792
1999-10-22,MEX,19.35739765899791
1999-10-23,MEX,19.40163494714932
1999-10-24,MEX,19.55040507008016
1999-10-25,MEX,18.786436464632914
1999-10-26,MEX,19.223496280137226
1999-10-27,MEX,19.213750791556947
1999-10-28,MEX,19.80121917088985
1999-10-29,MEX,20.023445461098447
1999-10-30,MEX,19.765005330077088
1999-10-31,MEX,18.703429362959696
1999-11-01,MEX,18.905021263476385
1999-11-02,MEX,19.03329763709712
1999-11-03,MEX,17.65090934214362
1999-11-04,MEX,18.15387960404894
1999-11-05,MEX,18.496847142206605
1999-11-06,MEX,18.866537805889493
1999-11-07,MEX,18.88940655233023
1999-11-08,MEX,18.64713091385306
1999-11-09,MEX,18.80443456735975
1999-11-10,MEX,19.066728563053346
1999-11-11,MEX,19.00165275556418
1999-11-12,MEX,18.865579448441963
1999-11-13,MEX,18.699977647358423
1999-11-14,MEX,18.276582314146992
1999-11-15,MEX,18.376249102565396
1999-11-16,MEX,17.99601575295435
1999-11-17,MEX,17.775646186655138
1999-11-18,MEX,18.171279782302463
1999-11-19,MEX,18.62746379532956
1999-11-20,MEX,18.465662441531492
1999-11-21,MEX,18.180007191954246
1999-11-22,MEX,17.88948200349853
1999-11-23,MEX,16.743057660735417
1999-11-24,MEX,16.2127834672159
1999-11-25,MEX,14.385068291893731
1999-11-26,MEX,14.61448196121438
1999-11-27,MEX,15.695901782290775
1999-11-28,MEX,16.485036547006757
1999-11-29,MEX,16.565137215736343
1999-11-30,MEX,16.054633199137584
1999-12-01,MEX,15.636544180555745
1999-12-02,MEX,16.310734887469607
1999-12-03,MEX,16.10118077855003
1999-12-04,MEX,15.315415959627785
1999-12-05,MEX,14.278745874705464
1999-12-06,MEX,13.308371532525257
1999-12-07,MEX,14.645402645778574
1999-12-08,MEX,15.851039844924628
1999-12-09,MEX,15.467627153216881
1999-12-10,MEX,14.826800468163867
1999-12-11,MEX,15.514429136846616
1999-12-12,MEX,14.268046967636167
1999-12-13,MEX,12.955798158576613
1999-12-14,MEX,13.478522832244266
1999-12-15,MEX,13.586984293520345
1999-12-16,MEX,12.387762931635052
1999-12-17,MEX,13.41887283398637
1999-12-18,MEX,14.636515398808342
1999-12-19,MEX,14.964582911897764
1999-12-20,MEX,14.793113216012557
1999-12-21,MEX,12.740106568737303
1999-12-22,MEX,12.141136555832304
1999-12-23,MEX,12.074906511567008
1999-12-24,MEX,12.42109567300281
1999-12-25,MEX,12.669317813498537
1999-12-26,MEX,13.420692838079788
1999-12-27,MEX,14.166776737067323
1999-12-28,MEX,14.321456267067447
1999-12-29,MEX,14.436404622066561
1999-12-30,MEX,16.198549211831732
1999-12-31,MEX,16.382247844573044
2000-01-01,MEX,16.668653974276992
2000-01-02,MEX,16.35717393822125
2000-01-03,MEX,15.963810667763596
2000-01-04,MEX,13.765483682187323
2000-01-05,MEX,12.44485672277483
2000-01-06,MEX,13.97447301329737
2000-01-07,MEX,14.225203179273421
2000-01-08,MEX,13.582384501922945
2000-01-09,MEX,14.804054685042615
2000-01-10,MEX,15.137504263317851
2000-01-11,MEX,16.216485948991362
2000-01-12,MEX,16.99040324608137
2000-01-13,MEX,17.0379788021541
2000-01-14,MEX,16.611045442322848
2000-01-15,MEX,16.00333030658669
2000-01-16,MEX,16.455157030931105
2000-01-17,MEX,16.4527931240209
2000-01-18,MEX,16.515283506862602
2000-01-19,MEX,16.615172583907565
2000-01-20,MEX,16.988783160948913
2000-01-21,MEX,16.25515018944219
2000-01-22,MEX,16.5110744898966
2000-01-23,MEX,16.746477920228813
2000-01-24,MEX,16.961359877272685
2000-01-25,MEX,16.94089758860781
2000-01-26,MEX,17.240246485642672
2000-01-27,MEX,17.27175539486126
2000-01-28,MEX,15.883212606676466
2000-01-29,MEX,14.878755247972379
2000-01-30,MEX,14.33523463384472
2000-01-31,MEX,14.775967052503518
2000-02-01,MEX,15.412890040084164
2000-02-02,MEX,14.74173376584173
2000-02-03,MEX,13.82458296497316
2000-02-04,MEX,14.234265452636748
2000-02-05,MEX,14.359469375885965
2000-02-06,MEX,15.072106502272618
2000-02-07,MEX,16.48159968682222
2000-02-08,MEX,16.653307859266306
2000-02-09,MEX,16.731099892060797
2000-02-10,MEX,17.761996885205292
2000-02-11,MEX,18.51938602288203
2000-02-12,MEX,18.157595744186153
2000-02-13,MEX,18.504056066029193
2000-02-14,MEX,18.959751635471378
2000-02-15,MEX,19.69392912045214
2000-02-16,MEX,19.618603525927654
2000-02-17,MEX,19.414063395955225
2000-02-18,MEX,18.77086898628977
2000-02-19,MEX,18.29068469086667
2000-02-20,MEX,17.973839422192725
2000-02-21,MEX,18.127973550647027
2000-02-22,MEX,18.6492632774478
2000-02-23,MEX,18.07947061192806
2000-02-24,MEX,18.284435447077044
2000-02-25,MEX,18.426396534061325
2000-02-26,MEX,18.375771609921628
2000-02-27,MEX,17.93846528489246
2000-02-28,MEX,18.486963068821808
2000-02-29,MEX,18.913012434324173
2000-03-01,MEX,19.394103578997658
2000-03-02,MEX,19.399531205236315
2000-03-03,MEX,19.166521671806493
2000-03-04,MEX,18.277602461195613
2000-03-05,MEX,17.961737481990667
2000-03-06,MEX,18.365822867127463
2000-03-07,MEX,18.351838407913817
2000-03-08,MEX,17.92954904991541
2000-03-09,MEX,18.875997218794282
2000-03-10,MEX,19.743224015193277
2000-03-11,MEX,19.056511478435482
2000-03-12,MEX,17.861498806779025
2000-03-13,MEX,18.609164912954895
2000-03-14,MEX,18.98421600200055
2000-03-15,MEX,18.62580580183294
2000-03-16,MEX,19.33933032203248
2000-03-17,MEX,18.608973622603173
2000-03-18,MEX,19.15574180394475
2000-03-19,MEX,19.84348970818519
2000-03-20,MEX,19.46644427512922
2000-03-21,MEX,19.707043337464256
2000-03-22,MEX,19.836701988733182
2000-03-23,MEX,19.281842262016028
2000-03-24,MEX,19.904076075448984
2000-03-25,MEX,20.78898669414417
2000-03-26,MEX,21.503252434958938
2000-03-27,MEX,22.544232333088132
2000-03-28,MEX,22.421090180326416
2000-03-29,MEX,21.89870563304794
2000-03-30,MEX,21.68431286953603
2000-03-31,MEX,21.267293615237463
2000-04-01,MEX,20.996561601493227
2000-04-02,MEX,19.98729531721824
2000-04-03,MEX,19.78427983482976
2000-04-04,MEX,19.68339523434986
2000-04-05,MEX,20.15144026667349
2000-04-06,MEX,21.74560145301001
2000-04-07,MEX,22.042563070824883
2000-04-08,MEX,22.029845388495346
2000-04-09,MEX,21.000915238673144
2000-04-10,MEX,21.582809417669523
2000-04-11,MEX,21.79057602711066
2000-04-12,MEX,21.22281813015536
2000-04-13,MEX,21.150033361784153
2000-04-14,MEX,21.19190315014896
2000-04-15,MEX,21.557732712625125
2000-04-16,MEX,22.011154183440283
2000-04-17,MEX,22.847235583559097
2000-04-18,MEX,23.636003436092324
2000-04-19,MEX,24.073118532701017
2000-04-20,MEX,24.01861645639957
2000-04-21,MEX,23.385384919607134
2000-04-22,MEX,22.735279420036534
2000-04-23,MEX,23.457478467688986
2000-04-24,MEX,23.645213959314674
2000-04-25,MEX,23.9542384700228
2000-04-26,MEX,24.294200405221147
2000-04-27,MEX,24.442114173673644
2000-04-28,MEX,24.40412629133249
2000-04-29,MEX,23.542646286993545
2000-04-30,MEX,23.669728178308503
2000-05-01,MEX,23.61990792976985
2000-05-02,MEX,22.993279536575415
2000-05-03,MEX,23.31867694841594
2000-05-04,MEX,24.099328769480508
2000-05-05,MEX,24.398715436623036
2000-05-06,MEX,24.119244641118485
2000-05-07,MEX,24.38550734994641
2000-05-08,MEX,24.43456790207324
2000-05-09,MEX,24.805675700538927
2000-05-10,MEX,25.228099393476896
2000-05-11,MEX,25.33339965074049
2000-05-12,MEX,25.405611733618684
2000-05-13,MEX,24.84595702367153
2000-05-14,MEX,23.472948722021272
2000-05-15,MEX,24.020866496252438
2000-05-16,MEX,24.713246675395283
2000-05-17,MEX,24.68612903147698
2000-05-18,MEX,24.393026785225516
2000-05-19,MEX,24.410817985978667
2000-05-20,MEX,23.88633885864533
2000-05-21,MEX,23.85873069391971
2000-05-22,MEX,24.0142615503064
2000-05-23,MEX,24.744372472562077
2000-05-24,MEX,25.966336818809964
2000-05-25,MEX,25.750898839738284
2000-05-26,MEX,25.175674129062145
2000-05-27,MEX,25.076106916923663
2000-05-28,MEX,24.20084015628089
2000-05-29,MEX,24.507230997847387
2000-05-30,MEX,24.498249334835123
2000-05-31,MEX,24.256257042826803
2000-06-01,MEX,23.886775854870564
2000-06-02,MEX,24.211948451030594
2000-06-03,MEX,24.553755379489985
2000-06-04,MEX,25.19084831510753
2000-06-05,MEX,24.96122649635862
2000-06-06,MEX,24.112156172857112
2000-06-07,MEX,23.74724040637517
2000-06-08,MEX,23.56039189907267
2000-06-09,MEX,23.380016466974894
2000-06-10,MEX,23.480406787303934
2000-06-11,MEX,23.921589044317216
2000-06-12,MEX,23.80802577328666
2000-06-13,MEX,23.88489293206993
2000-06-14,MEX,24.258219212806182
2000-06-15,MEX,24.51137273072925
2000-06-16,MEX,25.418067261864564
2000-06-17,MEX,24.820317232058244
2000-06-18,MEX,23.92310026780541
2000-06-19,MEX,23.690600972187838
2000-06-20,MEX,23.85853475552051
2000-06-21,MEX,23.8870979931188
2000-06-22,MEX,24.136377667855243
2000-06-23,MEX,23.992215571762927
2000-06-24,MEX,24.203425431188634
2000-06-25,MEX,24.937816281163748
2000-06-26,MEX,25.200134757732997
2000-06-27,MEX,24.738717459836778
2000-06-28,MEX,24.324288702556203
2000-06-29,MEX,24.348154970705593
2000-06-30,MEX,24.67850332103359
2000-07-01,MEX,25.24684174048747
2000-07-02,MEX,25.227038127645642
2000-07-03,MEX,25.155988063504367
2000-07-04,MEX,24.288662587263047
2000-07-05,MEX,24.021348367353994
2000-07-06,MEX,24.085374682043664
2000-07-07,MEX,24.352864413368536
2000-07-08,MEX,24.359306333631935
2000-07-09,MEX,24.49914950229669
2000-07-10,MEX,24.841068754750722
2000-07-11,MEX,25.00153529863536
2000-07-12,MEX,25.07371015025251
2000-07-13,MEX,25.5459962172215
2000-07-14,MEX,25.81129525296552
2000-07-15,MEX,26.27024815928337
2000-07-16,MEX,26.315955703996963
2000-07-17,MEX,25.996874539892076
2000-07-18,MEX,25.99711928858835
2000-07-19,MEX,25.947539546660096
2000-07-20,MEX,25.753563421459774
2000-07-21,MEX,25.481582645027686
2000-07-22,MEX,25.578406064971205
2000-07-23,MEX,25.997876478725118
2000-07-24,MEX,26.352287825513486
2000-07-25,MEX,26.390617070202154
2000-07-26,MEX,25.912962909178873
2000-07-27,MEX,25.541866468855346
2000-07-28,MEX,25.240212753308867
2000-07-29,MEX,24.834123171771637
2000-07-30,MEX,24.48203988723418
2000-07-31,MEX,23.721758303821616
2000-08-01,MEX,23.87755103248236
2000-08-02,MEX,24.232532338433543
2000-08-03,MEX,24.601675069156215
2000-08-04,MEX,24.728379977474845
2000-08-05,MEX,24.391890240802468
2000-08-06,MEX,24.113359556168348
2000-08-07,MEX,24.319417101753572
2000-08-08,MEX,24.712119815413246
2000-08-09,MEX,23.896755405101374
2000-08-10,MEX,24.133225884577712
2000-08-11,MEX,24.469960901961542
2000-08-12,MEX,24.65649348980861
2000-08-13,MEX,24.73823430399449
2000-08-14,MEX,24.4692582860215
2000-08-15,MEX,24.521525005192927
2000-08-16,MEX,24.051852619492877
2000-08-17,MEX,23.629615068685553
2000-08-18,MEX,23.972457728508914
2000-08-19,MEX,24.335536111934744
2000-08-20,MEX,24.724411389900638
2000-08-21,MEX,24.678325091125146
2000-08-22,MEX,23.760890795512637
2000-08-23,MEX,23.46133265526413
2000-08-24,MEX,24.03809582797919
2000-08-25,MEX,24.767783570735787
2000-08-26,MEX,24.17502128412542
2000-08-27,MEX,23.51714961692562
2000-08-28,MEX,23.328709337834766
2000-08-29,MEX,23.745479817358046
2000-08-30,MEX,23.891931236766425
2000-08-31,MEX,23.913274398834517
2000-09-01,MEX,24.307266090354517
2000-09-02,MEX,24.48891117948358
2000-09-03,MEX,24.51413846062343
2000-09-04,MEX,25.023127512674364
2000-09-05,MEX,25.309191972996757
2000-09-06,MEX,25.59846555076831
2000-09-07,MEX,25.4455251155116
2000-09-08,MEX,25.168646484008775
2000-09-09,MEX,24.759161622676913
2000-09-10,MEX,25.192073288926622
2000-09-11,MEX,25.565056807775704
2000-09-12,MEX,25.803892626457525
2000-09-13,MEX,24.960280833657407
2000-09-14,MEX,24.282735455340287
2000-09-15,MEX,23.440966371171385
2000-09-16,MEX,22.96896226909189
2000-09-17,MEX,23.100496140834082
2000-09-18,MEX,22.717497465378358
2000-09-19,MEX,23.31431836360838
2000-09-20,MEX,23.759398694932145
2000-09-21,MEX,24.242056356927435
2000-09-22,MEX,23.84051383246299
2000-09-23,MEX,24.015840771112835
2000-09-24,MEX,24.022527112615307
2000-09-25,MEX,22.90361400449291
2000-09-26,MEX,21.882195347525737
2000-09-27,MEX,22.362011404043244
2000-09-28,MEX,22.56457812924549
2000-09-29,MEX,21.91424685754953
2000-09-30,MEX,21.664095485502287
2000-10-01,MEX,22.328240470899004
2000-10-02,MEX,23.45310702040399
2000-10-03,MEX,23.722336723263084
2000-10-04,MEX,23.617676082926835
2000-10-05,MEX,23.65610754184337
2000-10-06,MEX,23.298855987412992
2000-10-07,MEX,21.54422187613426
2000-10-08,MEX,18.356765835884573
2000-10-09,MEX,16.04015197460808
2000-10-10,MEX,16.51264546218016
2000-10-11,MEX,18.800387584071643
2000-10-12,MEX,20.098463894789347
2000-10-13,MEX,20.576951763109776
2000-10-14,MEX,20.718152598890867
2000-10-15,MEX,20.451637156504773
2000-10-16,MEX,20.57957428590646
2000-10-17,MEX,20.89083779245061
2000-10-18,MEX,20.799431147845667
2000-10-19,MEX,20.451861997394133
2000-10-20,MEX,19.86790775429438
2000-10-21,MEX,19.30460490825442
2000-10-22,MEX,19.425432801397676
2000-10-23,MEX,19.910017544971254
2000-10-24,MEX,19.863498704855147
2000-10-25,MEX,19.780680505900307
2000-10-26,MEX,19.673891348570407
2000-10-27,MEX,19.734595897930717
2000-10-28,MEX,19.475837731530532
2000-10-29,MEX,19.071601425460017
2000-10-30,MEX,19.501163863355373
2000-10-31,MEX,19.35810525851599
2000-11-01,MEX,18.776358480320027
2000-11-02,MEX,18.273804160146483
2000-11-03,MEX,18.798975852545937
2000-11-04,MEX,18.48948935393713
2000-11-05,MEX,18.483252863715848
2000-11-06,MEX,17.86672886801034
2000-11-07,MEX,17.84510899866956
2000-11-08,MEX,15.433070576410614
2000-11-09,MEX,14.418460501737115
2000-11-10,MEX,15.78872214697958
2000-11-11,MEX,17.5899588577887
2000-11-12,MEX,17.912178988039614
2000-11-13,MEX,17.23902900637421
2000-11-14,MEX,16.426771140536857
2000-11-15,MEX,17.192341099721375
2000-11-16,MEX,17.670205259384716
2000-11-17,MEX,17.48274841727772
2000-11-18,MEX,16.502177157405526
2000-11-19,MEX,15.464126689915759
2000-11-20,MEX,14.98396189226736
2000-11-21,MEX,15.907196978496074
2000-11-22,MEX,16.553937308610102
2000-11-23,MEX,17.417532062668272
2000-11-24,MEX,16.499532089052707
2000-11-25,MEX,15.851460753535548
2000-11-26,MEX,15.781626691060808
2000-11-27,MEX,16.43947903331582
2000-11-28,MEX,17.014125598420208
2000-11-29,MEX,16.816450116930696
2000-11-30,MEX,16.560671130723676
2000-12-01,MEX,17.00385665813451
2000-12-02,MEX,16.06546345198774
2000-12-03,MEX,14.37859664700511
2000-12-04,MEX,14.377584461162826
2000-12-05,MEX,14.60848875426342
2000-12-06,MEX,15.194191467713097
2000-12-07,MEX,14.61855092051286
2000-12-08,MEX,15.54254938140906
2000-12-09,MEX,15.979083054073612
2000-12-10,MEX,16.487975381668207
2000-12-11,MEX,17.32608773007945
2000-12-12,MEX,16.232383495378883
2000-12-13,MEX,15.136857977659588
2000-12-14,MEX,15.502033416479662
2000-12-15,MEX,16.081930119561207
2000-12-16,MEX,16.6723055682387
2000-12-17,MEX,15.581673509897769
2000-12-18,MEX,16.18394597007739
2000-12-19,MEX,13.866191606395091
2000-12-20,MEX,13.489354671763124
2000-12-21,MEX,14.507688890275858
2000-12-22,MEX,14.002961236329838
2000-12-23,MEX,14.757030363611136
2000-12-24,MEX,15.170346347924976
2000-12-25,MEX,15.167004116071382
2000-12-26,MEX,14.253115771436171
2000-12-27,MEX,12.834153303740209
2000-12-28,MEX,12.472156060065288
2000-12-29,MEX,12.950029980249155
2000-12-30,MEX,12.331006704672689
2000-12-31,MEX,13.280848451779377
2001-01-01,MEX,13.853330786316747
2001-01-02,MEX,13.597102926993841
2001-01-03,MEX,13.22183963108597
2001-01-04,MEX,13.984182365683239
2001-01-05,MEX,15.613702649978165
2001-01-06,MEX,16.5858721780354
2001-01-07,MEX,16.55535828412127
2001-01-08,MEX,15.501376678896179
2001-01-09,MEX,13.934572124387955
2001-01-10,MEX,13.444536411621641
2001-01-11,MEX,13.94080712052238
2001-01-12,MEX,15.046095735995834
2001-01-13,MEX,15.574859842238823
2001-01-14,MEX,15.197333287759989
2001-01-15,MEX,15.357665975802604
2001-01-16,MEX,15.565569325363128
2001-01-17,MEX,14.799588040200604
2001-01-18,MEX,13.22603582425296
2001-01-19,MEX,11.153203221110061
2001-01-20,MEX,10.540931934690775
2001-01-21,MEX,12.315404226581165
2001-01-22,MEX,12.499616186905769
2001-01-23,MEX,13.29735633679195
2001-01-24,MEX,14.09427980477534
2001-01-25,MEX,14.763530505187077
2001-01-26,MEX,14.923184033545454
2001-01-27,MEX,15.541549934260843
2001-01-28,MEX,15.522518301194964
2001-01-29,MEX,14.747108217005973
2001-01-30,MEX,15.221164482206461
2001-01-31,MEX,15.148399551681791
2001-02-01,MEX,14.672566982274702
2001-02-02,MEX,13.829725814463984
2001-02-03,MEX,13.023564944325983
2001-02-04,MEX,15.181674679584603
2001-02-05,MEX,15.732281745405146
2001-02-06,MEX,16.50176764254371
2001-02-07,MEX,17.638938829268568
2001-02-08,MEX,17.235847770718408
2001-02-09,MEX,16.112191243708253
2001-02-10,MEX,15.343269606200636
2001-02-11,MEX,15.874750256125537
2001-02-12,MEX,17.00614055588369
2001-02-13,MEX,17.706931068768426
2001-02-14,MEX,18.181316201059246
2001-02-15,MEX,17.706122929233914
2001-02-16,MEX,16.54026373269022
2001-02-17,MEX,15.680967225468294
2001-02-18,MEX,15.901209258597248
2001-02-19,MEX,17.306806744020264
2001-02-20,MEX,18.833403027675956
2001-02-21,MEX,19.106040518230543
2001-02-22,MEX,19.281827171684995
2001-02-23,MEX,18.461689341026783
2001-02-24,MEX,17.494622787357514
2001-02-25,MEX,16.963970958449465
2001-02-26,MEX,17.578073867267165
2001-02-27,MEX,18.441899861322668
2001-02-28,MEX,18.25759232319882
2001-03-01,MEX,16.68169041892446
2001-03-02,MEX,14.883334506780727
2001-03-03,MEX,14.337424261638489
2001-03-04,MEX,15.257642826728727
2001-03-05,MEX,15.931187732574699
2001-03-06,MEX,16.633403195843016
2001-03-07,MEX,17.083561341584016
2001-03-08,MEX,17.32128699517034
2001-03-09,MEX,17.6420966498045
2001-03-10,MEX,18.000329760227146
2001-03-11,MEX,18.091146495479506
2001-03-12,MEX,18.08372336920803
2001-03-13,MEX,18.819722696181145
2001-03-14,MEX,18.897306692699715
2001-03-15,MEX,18.763654675179907
2001-03-16,MEX,18.054884061548364
2001-03-17,MEX,17.414687228572404
2001-03-18,MEX,17.372889407647335
2001-03-19,MEX,17.386915665929052
2001-03-20,MEX,17.58351151341151
2001-03-21,MEX,18.47209125213982
2001-03-22,MEX,19.739861829053154
2001-03-23,MEX,19.904881616102784
2001-03-24,MEX,20.0067661217592
2001-03-25,MEX,19.223242021793794
2001-03-26,MEX,18.762519469744575
2001-03-27,MEX,18.952647975737705
2001-03-28,MEX,19.262044618962022
2001-03-29,MEX,19.429037852480747
2001-03-30,MEX,19.809672050822087
2001-03-31,MEX,20.402082545751227
2001-04-01,MEX,21.075696708369094
2001-04-02,MEX,21.602881288774142
2001-04-03,MEX,22.067014406194858
2001-04-04,MEX,22.24807231600863
2001-04-05,MEX,22.562814270135846
2001-04-06,MEX,21.817811202926976
2001-04-07,MEX,21.086858012962693
2001-04-08,MEX,21.758687922665445
2001-04-09,MEX,22.428909360650664
2001-04-10,MEX,22.278470778355768
2001-04-11,MEX,21.029984399363514
2001-04-12,MEX,21.536001502634065
2001-04-13,MEX,22.528068266474236
2001-04-14,MEX,23.166730249260695
2001-04-15,MEX,23.424066088079826
2001-04-16,MEX,23.882355915064124
2001-04-17,MEX,23.684372870226014
2001-04-18,MEX,21.236980782160686
2001-04-19,MEX,22.233872530507313
2001-04-20,MEX,22.931623014846878
2001-04-21,MEX,22.900934998016965
2001-04-22,MEX,22.32849728265353
2001-04-23,MEX,22.232385441787187
2001-04-24,MEX,22.02038353080485
2001-04-25,MEX,21.24497762217277
2001-04-26,MEX,20.574997184560686
2001-04-27,MEX,20.446253294205462
2001-04-28,MEX,20.36166908397746
2001-04-29,MEX,21.066385152397913
2001-04-30,MEX,21.934585361865174
2001-05-01,MEX,22.925521743448712
2001-05-02,MEX,23.41254044925637
2001-05-03,MEX,22.50870183736987
2001-05-04,MEX,21.702822718725713
2001-05-05,MEX,22.32386538429722
2001-05-06,MEX,23.253311372777944
2001-05-07,MEX,23.655852704501513
2001-05-08,MEX,23.639103384664168
2001-05-09,MEX,22.70763290994364
2001-05-10,MEX,22.446015011376915
2001-05-11,MEX,22.82652318305992
2001-05-12,MEX,22.34568121755285
2001-05-13,MEX,21.889847896847925
2001-05-14,MEX,21.906759143763338
2001-05-15,MEX,22.59583167801179
2001-05-16,MEX,24.745258492911603
2001-05-17,MEX,25.549875491281057
2001-05-18,MEX,25.878930194192662
2001-05-19,MEX,24.805826989435047
2001-05-20,MEX,24.45751771666619
2001-05-21,MEX,25.496238507274086
2001-05-22,MEX,24.260993709750267
2001-05-23,MEX,23.776444195603233
2001-05-24,MEX,24.47808324272296
2001-05-25,MEX,24.90639811234547
2001-05-26,MEX,24.90174362089897
2001-05-27,MEX,24.867921643478155
2001-05-28,MEX,25.088897342178598
2001-05-29,MEX,25.20874648636658
2001-05-30,MEX,25.247034495422497
2001-05-31,MEX,25.53929543090129
2001-06-01,MEX,25.430908871404256
2001-06-02,MEX,25.510310688651714
2001-06-03,MEX,24.778088002877155
2001-06-04,MEX,24.781555743491708
2001-06-05,MEX,24.711179883006537
2001-06-06,MEX,25.09226373290653
2001-06-07,MEX,25.526486018450953
2001-06-08,MEX,25.42702950128529
2001-06-09,MEX,25.272473286474053
2001-06-10,MEX,25.588569458657616
2001-06-11,MEX,25.916811118920634
2001-06-12,MEX,25.94147122611014
2001-06-13,MEX,25.41440343029342
2001-06-14,MEX,24.949941281654162
2001-06-15,MEX,24.68485841698657
2001-06-16,MEX,24.497391211274703
2001-06-17,MEX,24.142408664344487
2001-06-18,MEX,24.528464730285805
2001-06-19,MEX,24.5387994581734
2001-06-20,MEX,24.773048793129817
2001-06-21,MEX,24.955655505867924
2001-06-22,MEX,25.10503158227897
2001-06-23,MEX,25.376738029868648
2001-06-24,MEX,26.08737799107729
2001-06-25,MEX,25.37796844374543
2001-06-26,MEX,24.302830785006847
2001-06-27,MEX,24.07581211105321
2001-06-28,MEX,24.715382577317882
2001-06-29,MEX,25.50132224419383
2001-06-30,MEX,25.520804901667418
2001-07-01,MEX,25.660966771223457
2001-07-02,MEX,24.867074019946983
2001-07-03,MEX,23.936206366103875
2001-07-04,MEX,23.54100306009309
2001-07-05,MEX,23.804010432771918
2001-07-06,MEX,24.114289108607466
2001-07-07,MEX,24.226862335122348
2001-07-08,MEX,24.393824189788177
2001-07-09,MEX,24.19619429740527
2001-07-10,MEX,24.599556063132297
2001-07-11,MEX,25.127500650586683
2001-07-12,MEX,25.57311599594027
2001-07-13,MEX,26.175882173291257
2001-07-14,MEX,25.99734118574753
2001-07-15,MEX,25.876494008340558
2001-07-16,MEX,25.974622040623387
2001-07-17,MEX,25.368271564441386
2001-07-18,MEX,25.363388716938516
2001-07-19,MEX,25.411329783918916
2001-07-20,MEX,25.100847663181696
2001-07-21,MEX,24.9285488161201
2001-07-22,MEX,25.51773073196682
2001-07-23,MEX,26.106764623562242
2001-07-24,MEX,25.62409421107327
2001-07-25,MEX,24.648035388836945
2001-07-26,MEX,24.67080335492102
2001-07-27,MEX,24.592012642222357
2001-07-28,MEX,24.622108246547214
2001-07-29,MEX,24.356968492646217
2001-07-30,MEX,24.913251909393864
2001-07-31,MEX,24.42576236688336
2001-08-01,MEX,24.86194753183213
2001-08-02,MEX,25.28507768259601
2001-08-03,MEX,24.758879490012646
2001-08-04,MEX,24.8236086458395
2001-08-05,MEX,25.196758276510877
2001-08-06,MEX,25.55028732575346
2001-08-07,MEX,25.22137361992054
2001-08-08,MEX,25.307268062719288
2001-08-09,MEX,24.68786579913848
2001-08-10,MEX,24.632227732298986
2001-08-11,MEX,24.72744373329766
2001-08-12,MEX,24.504167097315758
2001-08-13,MEX,24.853432159497856
2001-08-14,MEX,25.15434459601522
2001-08-15,MEX,25.395954651693387
2001-08-16,MEX,25.589444317002517
2001-08-17,MEX,25.20693987493894
2001-08-18,MEX,25.489958196446707
2001-08-19,MEX,25.433407953274013
2001-08-20,MEX,25.45933800607952
2001-08-21,MEX,24.927685026007225
2001-08-22,MEX,24.38745147700331
2001-08-23,MEX,24.89659003017357
2001-08-24,MEX,25.109022508702537
2001-08-25,MEX,25.450655141202503
2001-08-26,MEX,25.223268790294924
2001-08-27,MEX,24.227476938702978
2001-08-28,MEX,23.857657186266522
2001-08-29,MEX,23.609753109392784
2001-08-30,MEX,23.776114758922517
2001-08-31,MEX,24.30335655894686
2001-09-01,MEX,24.571416053698158
2001-09-02,MEX,24.79835658876783
2001-09-03,MEX,25.540852504479403
2001-09-04,MEX,25.20201762458231
2001-09-05,MEX,24.775216449328866
2001-09-06,MEX,24.829905376889826
2001-09-07,MEX,25.031382153067682
2001-09-08,MEX,24.756025305384583
2001-09-09,MEX,23.92216365184578
2001-09-10,MEX,23.02704560880187
2001-09-11,MEX,23.476218208097464
2001-09-12,MEX,24.022287042291225
2001-09-13,MEX,23.745007643315603
2001-09-14,MEX,23.53888861033704
2001-09-15,MEX,23.559765543874505
2001-09-16,MEX,23.725701232082315
2001-09-17,MEX,24.355312680810073
2001-09-18,MEX,24.689339710971353
2001-09-19,MEX,25.17090661971497
2001-09-20,MEX,24.771314874794598
2001-09-21,MEX,24.517388744370237
2001-09-22,MEX,24.022314329056485
2001-09-23,MEX,23.57082832104379
2001-09-24,MEX,23.002868088410537
2001-09-25,MEX,22.101102909279746
2001-09-26,MEX,21.89936426708465
2001-09-27,MEX,22.03497056237717
2001-09-28,MEX,22.26404901555543
2001-09-29,MEX,22.183616987752828
2001-09-30,MEX,21.091808103093342
2001-10-01,MEX,20.311417452579292
2001-10-02,MEX,20.441609181301374
2001-10-03,MEX,20.574338174900618
2001-10-04,MEX,21.05552914280264
2001-10-05,MEX,21.924018158219155
2001-10-06,MEX,21.623670258418997
2001-10-07,MEX,21.708968242260767
2001-10-08,MEX,22.181905750910573
2001-10-09,MEX,22.23843976463428
2001-10-10,MEX,22.360668355230246
2001-10-11,MEX,22.57214242106221
2001-10-12,MEX,22.82374159054973
2001-10-13,MEX,21.93435592559939
2001-10-14,MEX,21.546359666512217
2001-10-15,MEX,22.05772666802244
2001-10-16,MEX,21.518161519267665
2001-10-17,MEX,20.00509732632247
2001-10-18,MEX,20.856941076163537
2001-10-19,MEX,21.591870790116218
2001-10-20,MEX,21.66979518640335
2001-10-21,MEX,22.001292659597084
2001-10-22,MEX,21.893225568779826
2001-10-23,MEX,22.24498034739412
2001-10-24,MEX,22.271453893008356
2001-10-25,MEX,22.144053410379115
2001-10-26,MEX,21.795753909512882
2001-10-27,MEX,21.117518395177797
2001-10-28,MEX,20.163556303829296
2001-10-29,MEX,19.846274400848415
2001-10-30,MEX,19.37359165906247
2001-10-31,MEX,19.717780732164215
2001-11-01,MEX,20.48401109833634
2001-11-02,MEX,20.226486183196982
2001-11-03,MEX,20.35554495989146
2001-11-04,MEX,20.141993651495
2001-11-05,MEX,19.453726962213636
2001-11-06,MEX,18.965884039161097
2001-11-07,MEX,19.214159626791343
2001-11-08,MEX,19.424954802835543
2001-11-09,MEX,19.075131808411356
2001-11-10,MEX,18.689240018505473
2001-11-11,MEX,18.74622689191466
2001-11-12,MEX,18.800145448758826
2001-11-13,MEX,19.22365194659676
2001-11-14,MEX,18.541704113638275
2001-11-15,MEX,18.01918316360883
2001-11-16,MEX,18.08025307268582
2001-11-17,MEX,18.106703143810307
2001-11-18,MEX,18.290577568850154
2001-11-19,MEX,18.474806296273755
2001-11-20,MEX,16.917259699908755
2001-11-21,MEX,16.36702011505514
2001-11-22,MEX,17.183565835133948
2001-11-23,MEX,18.23940534496063
2001-11-24,MEX,17.87921050064722
2001-11-25,MEX,17.628696291957965
2001-11-26,MEX,17.79875786110466
2001-11-27,MEX,17.07217659774585
2001-11-28,MEX,14.958452569006624
2001-11-29,MEX,12.515134395323969
2001-11-30,MEX,14.649737553060959
2001-12-01,MEX,16.15471735315208
2001-12-02,MEX,16.33628943805462
2001-12-03,MEX,16.918480833921137
2001-12-04,MEX,17.321159501595616
2001-12-05,MEX,17.099164436567833
2001-12-06,MEX,16.994253396501108
2001-12-07,MEX,17.27673107715782
2001-12-08,MEX,16.47717254678338
2001-12-09,MEX,14.037334275529076
2001-12-10,MEX,13.850564319432806
2001-12-11,MEX,15.3656737466913
2001-12-12,MEX,15.644386896115634
2001-12-13,MEX,15.222369368297166
2001-12-14,MEX,13.711546042694636
2001-12-15,MEX,14.912612783092072
2001-12-16,MEX,15.61810795410645
2001-12-17,MEX,14.872254187060378
2001-12-18,MEX,14.828584390338335
2001-12-19,MEX,15.566289539319996
2001-12-20,MEX,14.913501776598935
2001-12-21,MEX,15.420213655905684
2001-12-22,MEX,15.93253306910691
2001-12-23,MEX,15.173527829715681
2001-12-24,MEX,14.706782982071445
2001-12-25,MEX,13.115805508709343
2001-12-26,MEX,11.791277010654142
2001-12-27,MEX,12.24060407228427
2001-12-28,MEX,13.72330089927732
2001-12-29,MEX,14.719102083829569
2001-12-30,MEX,15.125392264550271
2001-12-31,MEX,14.364883970389315
2002-01-01,MEX,13.83403124570441
2002-01-02,MEX,12.411615876507426
2002-01-03,MEX,11.85730178209684
2002-01-04,MEX,12.96226233603926
2002-01-05,MEX,13.97794784260617
2002-01-06,MEX,13.436795044389214
2002-01-07,MEX,13.579447213666413
2002-01-08,MEX,14.650846252846065
2002-01-09,MEX,14.899881437361785
2002-01-10,MEX,15.822204151010908
2002-01-11,MEX,14.557464715360936
2002-01-12,MEX,13.662458488119057
2002-01-13,MEX,13.221501678900665
2002-01-14,MEX,13.538427940862846
2002-01-15,MEX,14.497633735794125
2002-01-16,MEX,15.681481999481434
2002-01-17,MEX,16.450479515378788
2002-01-18,MEX,17.247893316959335
2002-01-19,MEX,17.034565542421376
2002-01-20,MEX,17.207575437554283
2002-01-21,MEX,16.493850468534106
2002-01-22,MEX,17.192530590376407
2002-01-23,MEX,17.66538888100797
2002-01-24,MEX,16.6180509321224
2002-01-25,MEX,14.436263295866013
2002-01-26,MEX,14.537844123216985
2002-01-27,MEX,16.280774943531014
2002-01-28,MEX,17.838069526863535
2002-01-29,MEX,18.19691811041355
2002-01-30,MEX,17.400466643245124
2002-01-31,MEX,15.854428500605195
2002-02-01,MEX,14.811292952803683
2002-02-02,MEX,14.393693916199027
2002-02-03,MEX,15.808060037757627
2002-02-04,MEX,16.50517722545652
2002-02-05,MEX,15.743003463047557
2002-02-06,MEX,14.94485495925204
2002-02-07,MEX,14.111390688420386
2002-02-08,MEX,14.217417279218125
2002-02-09,MEX,15.705212513065135
2002-02-10,MEX,15.093359225756558
2002-02-11,MEX,11.542215206326034
2002-02-12,MEX,12.15860201132648
2002-02-13,MEX,14.232985637526212
2002-02-14,MEX,14.688238344547528
2002-02-15,MEX,16.872499597540866
2002-02-16,MEX,16.939325734220574
2002-02-17,MEX,17.051589977202013
2002-02-18,MEX,17.574518516139335
2002-02-19,MEX,17.270120484710844
2002-02-20,MEX,17.111514744332112
2002-02-21,MEX,18.128901585354015
2002-02-22,MEX,16.86245368205101
2002-02-23,MEX,14.942071154940948
2002-02-24,MEX,16.848407033483056
2002-02-25,MEX,18.214531271752264
2002-02-26,MEX,17.78948735140716
2002-02-27,MEX,14.52053476975533
2002-02-28,MEX,15.755600436235568
2002-03-01,MEX,17.290718020624013
2002-03-02,MEX,18.012669281311844
2002-03-03,MEX,14.968220718335374
2002-03-04,MEX,12.631637622447386
2002-03-05,MEX,14.052448893297822
2002-03-06,MEX,16.74639608746736
2002-03-07,MEX,18.13281870493779
2002-03-08,MEX,19.204338351983722
2002-03-09,MEX,18.775829009964298
2002-03-10,MEX,18.128198789307703
2002-03-11,MEX,18.545844786998487
2002-03-12,MEX,19.673761465728774
2002-03-13,MEX,20.223992512917675
2002-03-14,MEX,20.70912710075612
2002-03-15,MEX,20.293289058432265
2002-03-16,MEX,19.800209102235044
2002-03-17,MEX,20.100035950185088
2002-03-18,MEX,19.917509675169583
2002-03-19,MEX,19.269591959465743
2002-03-20,MEX,18.635438596476035
2002-03-21,MEX,18.471779066937245
2002-03-22,MEX,18.265270706629508
2002-03-23,MEX,18.47264296793719
2002-03-24,MEX,19.97919850386171
2002-03-25,MEX,20.87167442390836
2002-03-26,MEX,20.149792449288782
2002-03-27,MEX,20.257538262694368
2002-03-28,MEX,21.612677880652882
2002-03-29,MEX,21.720374987680316
2002-03-30,MEX,20.915155967953922
2002-03-31,MEX,21.178060113678782
2002-04-01,MEX,21.62218963222756
2002-04-02,MEX,22.14452787640164
2002-04-03,MEX,21.960534753069453
2002-04-04,MEX,21.630973016778
2002-04-05,MEX,21.51311521938362
2002-04-06,MEX,21.22127216389532
2002-04-07,MEX,20.79727377043224
2002-04-08,MEX,20.957520560777198
2002-04-09,MEX,21.439645734914336
2002-04-10,MEX,21.58432180385421
2002-04-11,MEX,21.77346091400011
2002-04-12,MEX,22.670487897257317
2002-04-13,MEX,22.721754306787147
2002-04-14,MEX,22.544868702588076
2002-04-15,MEX,22.309770560457878
2002-04-16,MEX,22.031854343332782
2002-04-17,MEX,22.456111970091456
2002-04-18,MEX,23.09867948464688
2002-04-19,MEX,22.908091179601342
2002-04-20,MEX,22.994278439979723
2002-04-21,MEX,23.34272734700346
2002-04-22,MEX,23.28095183757779
2002-04-23,MEX,24.087662132667788
2002-04-24,MEX,24.924418950161908
2002-04-25,MEX,25.010486962067148
2002-04-26,MEX,23.763578503423446
2002-04-27,MEX,23.613491506697812
2002-04-28,MEX,24.38777087223002
2002-04-29,MEX,25.24783620918987
2002-04-30,MEX,25.86115636604609
2002-05-01,MEX,25.710285179651123
2002-05-02,MEX,25.35376750356363
2002-05-03,MEX,24.754211379530545
2002-05-04,MEX,24.998690610886456
2002-05-05,MEX,25.164873495201675
2002-05-06,MEX,25.305556510877977
2002-05-07,MEX,25.120226229095067
2002-05-08,MEX,25.322984288964335
2002-05-09,MEX,25.29847224950572
2002-05-10,MEX,25.272923520101415
2002-05-11,MEX,25.410166687885237
2002-05-12,MEX,25.668003386555483
2002-05-13,MEX,25.115802287636825
2002-05-14,MEX,23.264314631971274
2002-05-15,MEX,23.537352656355267
2002-05-16,MEX,24.305065361923198
2002-05-17,MEX,24.51124369207298
2002-05-18,MEX,23.896684425313197
2002-05-19,MEX,22.735996337288725
2002-05-20,MEX,22.423898518629358
2002-05-21,MEX,22.915365871543656
2002-05-22,MEX,23.082504766462705
2002-05-23,MEX,23.589835390432597
2002-05-24,MEX,23.73373551927466
2002-05-25,MEX,24.160379563906247
2002-05-26,MEX,24.516734766491652
2002-05-27,MEX,24.658007352617233
2002-05-28,MEX,24.665860080732614
2002-05-29,MEX,25.003345497110786
2002-05-30,MEX,25.78708240484474
2002-05-31,MEX,26.466560540576438
2002-06-01,MEX,25.831597267949633
2002-06-02,MEX,25.197269259197355
2002-06-03,MEX,25.135794306914363
2002-06-04,MEX,25.12285650738204
2002-06-05,MEX,24.8710729277974
2002-06-06,MEX,23.98080713474917
2002-06-07,MEX,23.64048355903452
2002-06-08,MEX,24.290733302770093
2002-06-09,MEX,24.604471807166533
2002-06-10,MEX,24.61095858545258
2002-06-11,MEX,24.65818907086873
2002-06-12,MEX,24.5936759651143
2002-06-13,MEX,25.015645660373025
2002-06-14,MEX,25.57676740221052
2002-06-15,MEX,25.40365115378711
2002-06-16,MEX,26.38904519082962
2002-06-17,MEX,26.94815224145134
2002-06-18,MEX,27.191846829997928
2002-06-19,MEX,27.119880053903955
2002-06-20,MEX,26.179076586538372
2002-06-21,MEX,25.455594028543715
2002-06-22,MEX,25.418966456763883
2002-06-23,MEX,25.60456435518074
2002-06-24,MEX,26.049848936819046
2002-06-25,MEX,26.47399644324014
2002-06-26,MEX,26.78519754264181
2002-06-27,MEX,26.450716688731234
2002-06-28,MEX,25.711294406376624
2002-06-29,MEX,24.865418782154677
2002-06-30,MEX,25.339702681803374
2002-07-01,MEX,25.95351671316456
2002-07-02,MEX,26.506849191672245
2002-07-03,MEX,26.746055234100822
2002-07-04,MEX,25.404875873631966
2002-07-05,MEX,24.91314764464437
2002-07-06,MEX,24.993944745574026
2002-07-07,MEX,24.97141827514821
2002-07-08,MEX,24.72951370755527
2002-07-09,MEX,24.45422108189291
2002-07-10,MEX,24.41057099243369
2002-07-11,MEX,24.261303512223947
2002-07-12,MEX,24.120227445754438
2002-07-13,MEX,24.36757577704526
2002-07-14,MEX,24.09607849767923
2002-07-15,MEX,24.045594118530687
2002-07-16,MEX,24.107962820248872
2002-07-17,MEX,24.091109045566895
2002-07-18,MEX,24.070356711931197
2002-07-19,MEX,23.831041617359006
2002-07-20,MEX,23.583146601487613
2002-07-21,MEX,23.728975578599204
2002-07-22,MEX,23.421543208454523
2002-07-23,MEX,23.338511985591595
2002-07-24,MEX,23.727523385131917
2002-07-25,MEX,24.234929753844142
2002-07-26,MEX,25.282945383913273
2002-07-27,MEX,25.46022146830819
2002-07-28,MEX,25.326476477294364
2002-07-29,MEX,25.472494473648396
2002-07-30,MEX,24.593254482075622
2002-07-31,MEX,24.13881535482915
2002-08-01,MEX,24.835705882365744
2002-08-02,MEX,24.76839357650158
2002-08-03,MEX,24.487612751803113
2002-08-04,MEX,24.360665002439873
2002-08-05,MEX,23.88569004247165
2002-08-06,MEX,23.838429071592827
2002-08-07,MEX,24.48519104665496
2002-08-08,MEX,25.187338074619447
2002-08-09,MEX,25.195138267329867
2002-08-10,MEX,25.07122572981467
2002-08-11,MEX,24.317981941657365
2002-08-12,MEX,24.64002987937897
2002-08-13,MEX,24.970318704293504
2002-08-14,MEX,25.12773371936845
2002-08-15,MEX,25.469249624098495
2002-08-16,MEX,25.431452032088316
2002-08-17,MEX,25.242859700282736
2002-08-18,MEX,24.720862347969728
2002-08-19,MEX,24.59896269441748
2002-08-20,MEX,24.75716924804601
2002-08-21,MEX,24.68935822176843
2002-08-22,MEX,24.867527073811175
2002-08-23,MEX,25.135330304554543
2002-08-24,MEX,25.380960176110193
2002-08-25,MEX,26.01651315073866
2002-08-26,MEX,26.23554704492284
2002-08-27,MEX,26.22752884475517
2002-08-28,MEX,26.15459574204607
2002-08-29,MEX,25.486354037993976
2002-08-30,MEX,25.043237898955454
2002-08-31,MEX,24.925440634666643
2002-09-01,MEX,24.54092094290769
2002-09-02,MEX,24.487589871431567
2002-09-03,MEX,24.781451334633346
2002-09-04,MEX,24.887435998308206
2002-09-05,MEX,24.75628970608159
2002-09-06,MEX,25.187777880846966
2002-09-07,MEX,24.63388526163112
2002-09-08,MEX,24.64060546124955
2002-09-09,MEX,24.441899937384676
2002-09-10,MEX,24.252093281032217
2002-09-11,MEX,23.69030698684253
2002-09-12,MEX,23.513680583009602
2002-09-13,MEX,24.101296011459
2002-09-14,MEX,24.589474083176185
2002-09-15,MEX,24.286339844466625
2002-09-16,MEX,23.321776016302636
2002-09-17,MEX,23.35825595752749
2002-09-18,MEX,23.82448561897769
2002-09-19,MEX,23.69373942120609
2002-09-20,MEX,23.402644150349545
2002-09-21,MEX,23.419922006491277
2002-09-22,MEX,23.6143230547558
2002-09-23,MEX,22.835120774303903
2002-09-24,MEX,22.419068145502308
2002-09-25,MEX,22.412564292667696
2002-09-26,MEX,22.80954177250078
2002-09-27,MEX,23.239141879119586
2002-09-28,MEX,22.883328574585278
2002-09-29,MEX,22.492560224217016
2002-09-30,MEX,22.857773025473023
2002-10-01,MEX,22.469312366737313
2002-10-02,MEX,22.788879740726486
2002-10-03,MEX,23.0017709991302
2002-10-04,MEX,23.12904033912986
2002-10-05,MEX,22.854862117384698
2002-10-06,MEX,22.637773934414156
2002-10-07,MEX,22.24226757414874
2002-10-08,MEX,21.730579694464893
2002-10-09,MEX,21.842749554560783
2002-10-10,MEX,22.266943046596282
2002-10-11,MEX,22.40749103144151
2002-10-12,MEX,22.56677228870643
2002-10-13,MEX,22.084928068877048
2002-10-14,MEX,20.735290202633507
2002-10-15,MEX,21.2154524868601
2002-10-16,MEX,20.9487337706866
2002-10-17,MEX,21.087276630364897
2002-10-18,MEX,20.673950165900465
2002-10-19,MEX,20.826282835971995
2002-10-20,MEX,21.153930472900697
2002-10-21,MEX,21.119476626242317
2002-10-22,MEX,21.211487204846208
2002-10-23,MEX,20.856407801424496
2002-10-24,MEX,20.82165197570447
2002-10-25,MEX,19.902493369934575
2002-10-26,MEX,19.95157871711541
2002-10-27,MEX,20.021775140767204
2002-10-28,MEX,20.289768118556708
2002-10-29,MEX,20.19261946895284
2002-10-30,MEX,20.006076180535615
2002-10-31,MEX,19.545025980780622
2002-11-01,MEX,19.297315788096284
2002-11-02,MEX,19.52830967004502
2002-11-03,MEX,19.82995007376212
2002-11-04,MEX,19.46608065785358
2002-11-05,MEX,18.947003390366433
2002-11-06,MEX,18.025825083701193
2002-11-07,MEX,17.915470950824442
2002-11-08,MEX,18.734675094373074
2002-11-09,MEX,20.10861615288121
2002-11-10,MEX,20.792125053714074
2002-11-11,MEX,20.187509289317063
2002-11-12,MEX,19.155790584653005
2002-11-13,MEX,17.477102142628667
2002-11-14,MEX,18.04587447914662
2002-11-15,MEX,18.522545705430673
2002-11-16,MEX,16.595282442235145
2002-11-17,MEX,15.083864883083265
2002-11-18,MEX,16.1887831897389
2002-11-19,MEX,16.553247443821476
2002-11-20,MEX,16.61955846128103
2002-11-21,MEX,16.34253310821481
2002-11-22,MEX,15.7904038345402
2002-11-23,MEX,15.527758879752753
2002-11-24,MEX,15.884747469930858
2002-11-25,MEX,15.519556944049555
2002-11-26,MEX,15.456509442454887
2002-11-27,MEX,14.483009855262651
2002-11-28,MEX,14.094839808617337
2002-11-29,MEX,15.562167968428241
2002-11-30,MEX,16.82060156756603
2002-12-01,MEX,17.341845055594376
2002-12-02,MEX,17.44417877929135
2002-12-03,MEX,17.750919500072143
2002-12-04,MEX,16.422200065672143
2002-12-05,MEX,14.815371329631489
2002-12-06,MEX,13.70160227816433
2002-12-07,MEX,14.278222872055494
2002-12-08,MEX,15.146844654531662
2002-12-09,MEX,14.880843381826367
2002-12-10,MEX,13.874602177982695
2002-12-11,MEX,14.239596522982367
2002-12-12,MEX,14.992516938445078
2002-12-13,MEX,14.491669639352153
2002-12-14,MEX,14.280906204131327
2002-12-15,MEX,14.61148986892141
2002-12-16,MEX,15.565295150521138
2002-12-17,MEX,16.083719311614743
2002-12-18,MEX,16.136006431350154
2002-12-19,MEX,14.933515075518073
2002-12-20,MEX,13.032159236159998
2002-12-21,MEX,13.911327476340432
2002-12-22,MEX,14.293361871940078
2002-12-23,MEX,14.880748061879103
2002-12-24,MEX,13.047249062781418
2002-12-25,MEX,12.392508833456702
2002-12-26,MEX,12.596406597112093
2002-12-27,MEX,13.418908840470522
2002-12-28,MEX,14.007726285832518
2002-12-29,MEX,15.188409702537001
2002-12-30,MEX,16.247268145643773
2002-12-31,MEX,14.827907154765967
2003-01-01,MEX,14.72491433146348
2003-01-02,MEX,14.837908030395567
2003-01-03,MEX,13.593589452015578
2003-01-04,MEX,14.233069275171658
2003-01-05,MEX,15.668828526270715
2003-01-06,MEX,15.718126557856692
2003-01-07,MEX,15.446615887226699
2003-01-08,MEX,15.312472540563817
2003-01-09,MEX,16.33227553698333
2003-01-10,MEX,16.420796641136803
2003-01-11,MEX,15.657105968580368
2003-01-12,MEX,15.074019706011654
2003-01-13,MEX,14.831860732129599
2003-01-14,MEX,14.590530068261671
2003-01-15,MEX,14.935469484008706
2003-01-16,MEX,15.159340362087448
2003-01-17,MEX,13.727795203124572
2003-01-18,MEX,13.077741081827469
2003-01-19,MEX,14.475053315509797
2003-01-20,MEX,15.970936445778591
2003-01-21,MEX,16.96957137928439
2003-01-22,MEX,16.794838619219945
2003-01-23,MEX,15.582016985670293
2003-01-24,MEX,14.807017935131853
2003-01-25,MEX,14.890898871203603
2003-01-26,MEX,15.678828469564166
2003-01-27,MEX,14.836225911688473
2003-01-28,MEX,15.84179385767834
2003-01-29,MEX,16.646393780506912
2003-01-30,MEX,16.593280613617026
2003-01-31,MEX,17.198395770493505
2003-02-01,MEX,17.47925828459563
2003-02-02,MEX,17.990382509804135
2003-02-03,MEX,17.387804826396064
2003-02-04,MEX,16.636769122959436
2003-02-05,MEX,16.765959120431035
2003-02-06,MEX,16.893930544467253
2003-02-07,MEX,15.42197774224121
2003-02-08,MEX,13.697765983313218
2003-02-09,MEX,14.862002977498094
2003-02-10,MEX,15.854542154794217
2003-02-11,MEX,17.631500620198437
2003-02-12,MEX,18.85948606524346
2003-02-13,MEX,19.041169292483914
2003-02-14,MEX,18.387353637866397
2003-02-15,MEX,17.59615716941937
2003-02-16,MEX,16.098019257625026
2003-02-17,MEX,16.454725355185758
2003-02-18,MEX,18.22945050895794
2003-02-19,MEX,18.917667648337442
2003-02-20,MEX,17.744436954290336
2003-02-21,MEX,16.099722574410293
2003-02-22,MEX,15.458063615002686
2003-02-23,MEX,15.75002195237056
2003-02-24,MEX,16.239612879679328
2003-02-25,MEX,15.575959113911154
2003-02-26,MEX,16.390748482629533
2003-02-27,MEX,16.070685206628184
2003-02-28,MEX,16.50808686592279
2003-03-01,MEX,17.25441761724494
2003-03-02,MEX,17.482162798568027
2003-03-03,MEX,17.598792516866354
2003-03-04,MEX,18.068172240867455
2003-03-05,MEX,18.608480630690337
2003-03-06,MEX,17.846943259108457
2003-03-07,MEX,18.211729930008403
2003-03-08,MEX,19.54895900085006
2003-03-09,MEX,20.424235043796557
2003-03-10,MEX,20.62063676805684
2003-03-11,MEX,20.745960246761115
2003-03-12,MEX,20.42339091347742
2003-03-13,MEX,20.861004538188467
2003-03-14,MEX,20.865515673116306
2003-03-15,MEX,20.178703015174563
2003-03-16,MEX,19.723079388270662
2003-03-17,MEX,19.054261504248018
2003-03-18,MEX,17.67329252908513
2003-03-19,MEX,16.981617974724486
2003-03-20,MEX,16.73625302410653
2003-03-21,MEX,17.198616671468983
2003-03-22,MEX,18.316109501581877
2003-03-23,MEX,19.001816398455333
2003-03-24,MEX,20.060242750984173
2003-03-25,MEX,20.20602021676615
2003-03-26,MEX,20.066345887457715
2003-03-27,MEX,20.54064311807764
2003-03-28,MEX,20.555864323118783
2003-03-29,MEX,17.749077427766167
2003-03-30,MEX,15.808028312116278
2003-03-31,MEX,16.626335796878152
2003-04-01,MEX,18.58254505084608
2003-04-02,MEX,20.325537938458638
2003-04-03,MEX,20.034876852718753
2003-04-04,MEX,21.093886761399062
2003-04-05,MEX,21.2620551362225
2003-04-06,MEX,21.631785970538317
2003-04-07,MEX,21.768604383590457
2003-04-08,MEX,21.231953266594587
2003-04-09,MEX,19.226299461572125
2003-04-10,MEX,18.85336050339845
2003-04-11,MEX,19.35399413729033
2003-04-12,MEX,20.975649650940795
2003-04-13,MEX,21.809188710219132
2003-04-14,MEX,22.159953448301167
2003-04-15,MEX,21.786527624011967
2003-04-16,MEX,21.818965802460184
2003-04-17,MEX,22.67062377917557
2003-04-18,MEX,22.841113391655597
2003-04-19,MEX,22.14657697030316
2003-04-20,MEX,22.368153885977392
2003-04-21,MEX,22.227078827482217
2003-04-22,MEX,21.869251869201435
2003-04-23,MEX,22.115113253030472
2003-04-24,MEX,22.527118403722056
2003-04-25,MEX,23.35173583700066
2003-04-26,MEX,23.525332677730148
2003-04-27,MEX,23.51521049993545
2003-04-28,MEX,23.7770343819123
2003-04-29,MEX,23.92109041673274
2003-04-30,MEX,23.527364228999772
2003-05-01,MEX,24.20259830115407
2003-05-02,MEX,24.571202318865062
2003-05-03,MEX,25.137052222277134
2003-05-04,MEX,25.460009896338477
2003-05-05,MEX,25.714153235467847
2003-05-06,MEX,25.303884629302956
2003-05-07,MEX,25.192796038996903
2003-05-08,MEX,25.37646549034531
2003-05-09,MEX,25.19983781667088
2003-05-10,MEX,25.191775255332743
2003-05-11,MEX,25.03039563837558
2003-05-12,MEX,25.029627662051325
2003-05-13,MEX,25.379091355293838
2003-05-14,MEX,26.027126042290377
2003-05-15,MEX,26.491550472850236
2003-05-16,MEX,26.644866319752452
2003-05-17,MEX,26.584396657210107
2003-05-18,MEX,26.58633092895917
2003-05-19,MEX,26.67614081239816
2003-05-20,MEX,26.216501814481262
2003-05-21,MEX,25.12185859194159
2003-05-22,MEX,24.985610616018676
2003-05-23,MEX,25.123198652076894
2003-05-24,MEX,24.905804974968532
2003-05-25,MEX,24.493939177655875
2003-05-26,MEX,24.25848342994567
2003-05-27,MEX,23.857040840815557
2003-05-28,MEX,23.400053293833594
2003-05-29,MEX,23.559099987374054
2003-05-30,MEX,24.189321174402153
2003-05-31,MEX,25.059258958512885
2003-06-01,MEX,25.497275893332016
2003-06-02,MEX,25.75197846088463
2003-06-03,MEX,25.519636520698953
2003-06-04,MEX,24.78214027453987
2003-06-05,MEX,24.747999282415492
2003-06-06,MEX,24.492326092901408
2003-06-07,MEX,24.637809131410165
2003-06-08,MEX,25.40715249930031
2003-06-09,MEX,24.736405377333085
2003-06-10,MEX,24.15921789295163
2003-06-11,MEX,24.930847425375987
2003-06-12,MEX,25.455342007682248
2003-06-13,MEX,25.8139419730212
2003-06-14,MEX,25.486008578584688
2003-06-15,MEX,25.14386252256162
2003-06-16,MEX,24.84338337591845
2003-06-17,MEX,24.232074629550482
2003-06-18,MEX,24.343534532230876
2003-06-19,MEX,24.408857491340427
2003-06-20,MEX,24.83542578828525
2003-06-21,MEX,25.0061380469636
2003-06-22,MEX,25.271519077751748
2003-06-23,MEX,25.415425963239272
2003-06-24,MEX,25.33955245023475
2003-06-25,MEX,25.444494301338068
2003-06-26,MEX,25.64227419591998
2003-06-27,MEX,25.425731036110562
2003-06-28,MEX,24.743137256637453
2003-06-29,MEX,24.431204781455165
2003-06-30,MEX,23.99181215278969
2003-07-01,MEX,23.911359571090884
2003-07-02,MEX,24.27857138398116
2003-07-03,MEX,24.776560333257464
2003-07-04,MEX,24.921275980640587
2003-07-05,MEX,24.700261380880193
2003-07-06,MEX,24.210003386149594
2003-07-07,MEX,23.95027256605954
2003-07-08,MEX,24.07803269055529
2003-07-09,MEX,24.166356038828496
2003-07-10,MEX,24.49413119793587
2003-07-11,MEX,24.699095537100902
2003-07-12,MEX,25.190110370934974
2003-07-13,MEX,25.553607738234405
2003-07-14,MEX,25.611810407293206
2003-07-15,MEX,25.915177295481953
2003-07-16,MEX,25.44520490038815
2003-07-17,MEX,24.583884477413562
2003-07-18,MEX,23.68507630073185
2003-07-19,MEX,24.08824518134412
2003-07-20,MEX,24.681852464385372
2003-07-21,MEX,25.553721543263293
2003-07-22,MEX,26.001208567177002
2003-07-23,MEX,26.239385983211662
2003-07-24,MEX,25.413914026803695
2003-07-25,MEX,24.861679022415046
2003-07-26,MEX,24.631809568336337
2003-07-27,MEX,23.861030226417938
2003-07-28,MEX,23.452083066162402
2003-07-29,MEX,23.59297890769551
2003-07-30,MEX,23.83091231263097
2003-07-31,MEX,24.49655777566113
2003-08-01,MEX,24.443622635951783
2003-08-02,MEX,24.450899550249744
2003-08-03,MEX,25.451183785642854
2003-08-04,MEX,25.697292341535615
2003-08-05,MEX,26.00998932302997
2003-08-06,MEX,25.735370534958577
2003-08-07,MEX,25.910287023743706
2003-08-08,MEX,26.21850185439689
2003-08-09,MEX,26.437163194571497
2003-08-10,MEX,27.04553753966991
2003-08-11,MEX,26.466836327697763
2003-08-12,MEX,26.050851364285506
2003-08-13,MEX,24.872919473852505
2003-08-14,MEX,23.80616994378903
2003-08-15,MEX,23.509722057632416
2003-08-16,MEX,23.57647767177525
2003-08-17,MEX,24.146693249629095
2003-08-18,MEX,24.149042918117004
2003-08-19,MEX,24.45989506685055
2003-08-20,MEX,24.43020169823444
2003-08-21,MEX,24.424161601794196
2003-08-22,MEX,24.39364007996727
2003-08-23,MEX,23.925674933478717
2003-08-24,MEX,23.46209622818367
2003-08-25,MEX,23.529635558164728
2003-08-26,MEX,23.7099714575088
2003-08-27,MEX,23.806384050253826
2003-08-28,MEX,24.375731535243403
2003-08-29,MEX,24.806441004212218
2003-08-30,MEX,24.63889531254739
2003-08-31,MEX,24.645561759199495
2003-09-01,MEX,23.86468904614543
2003-09-02,MEX,23.654179110380596
2003-09-03,MEX,23.76051254239195
2003-09-04,MEX,23.540061439577812
2003-09-05,MEX,23.359990814040145
2003-09-06,MEX,23.382803223724693
2003-09-07,MEX,23.62135380616769
2003-09-08,MEX,24.096250325655376
2003-09-09,MEX,24.23803226555492
2003-09-10,MEX,23.989549067930852
2003-09-11,MEX,23.790611691955235
2003-09-12,MEX,23.70539679746429
2003-09-13,MEX,23.92921015660238
2003-09-14,MEX,24.06664236187129
2003-09-15,MEX,23.433997329424813
2003-09-16,MEX,23.839215179941448
2003-09-17,MEX,23.87707065005486
2003-09-18,MEX,24.11628322138597
2003-09-19,MEX,23.718094180413743
2003-09-20,MEX,23.14028717651081
2003-09-21,MEX,22.92192110309503
2003-09-22,MEX,23.08544141820596
2003-09-23,MEX,22.699596576868032
2003-09-24,MEX,22.96595323148165
2003-09-25,MEX,22.939666930009196
2003-09-26,MEX,23.196178646219494
2003-09-27,MEX,23.091399737777465
2003-09-28,MEX,22.424924205074262
2003-09-29,MEX,22.342501320687973
2003-09-30,MEX,22.590879379610215
2003-10-01,MEX,22.599048774945345
2003-10-02,MEX,22.283364974235553
2003-10-03,MEX,22.590006821591828
2003-10-04,MEX,22.640970689428343
2003-10-05,MEX,23.178086716736345
2003-10-06,MEX,22.859855604068116
2003-10-07,MEX,22.1573260037909
2003-10-08,MEX,21.61676905636682
2003-10-09,MEX,22.005444327888654
2003-10-10,MEX,22.182378858900677
2003-10-11,MEX,22.382305017911506
2003-10-12,MEX,22.24731011739192
2003-10-13,MEX,22.29694164126198
2003-10-14,MEX,22.29075078142978
2003-10-15,MEX,21.56901389056935
2003-10-16,MEX,21.72123049493416
2003-10-17,MEX,22.141061216243884
2003-10-18,MEX,21.935609503564308
2003-10-19,MEX,21.57485857206069
2003-10-20,MEX,21.208231307595213
2003-10-21,MEX,20.899607658968932
2003-10-22,MEX,20.895488799076702
2003-10-23,MEX,20.884506838883397
2003-10-24,MEX,21.287419845856107
2003-10-25,MEX,21.840484643469836
2003-10-26,MEX,19.903825306085537
2003-10-27,MEX,16.92413550845481
2003-10-28,MEX,17.645910923735414
2003-10-29,MEX,19.54562650058648
2003-10-30,MEX,20.172643111084767
2003-10-31,MEX,20.824083632973327
2003-11-01,MEX,20.773790063919023
2003-11-02,MEX,20.774095713478346
2003-11-03,MEX,20.524533231418957
2003-11-04,MEX,20.330775618738926
2003-11-05,MEX,20.134989895135277
2003-11-06,MEX,19.904007354334453
2003-11-07,MEX,19.640748612358834
2003-11-08,MEX,19.498977332135496
2003-11-09,MEX,19.328484686422428
2003-11-10,MEX,19.81433905621617
2003-11-11,MEX,20.680696193828226
2003-11-12,MEX,20.73597066395115
2003-11-13,MEX,20.09171753375739
2003-11-14,MEX,19.382671691269138
2003-11-15,MEX,19.326150438185095
2003-11-16,MEX,19.00747905110086
2003-11-17,MEX,18.957632159667753
2003-11-18,MEX,18.100818233368727
2003-11-19,MEX,17.34186260832405
2003-11-20,MEX,16.887957609844136
2003-11-21,MEX,17.74023457959879
2003-11-22,MEX,18.457701002560896
2003-11-23,MEX,18.096788612260752
2003-11-24,MEX,15.704156319975652
2003-11-25,MEX,15.99941197138429
2003-11-26,MEX,17.795468176430802
2003-11-27,MEX,17.98877604304937
2003-11-28,MEX,15.593552474506055
2003-11-29,MEX,13.914021406406391
2003-11-30,MEX,15.687427953325425
2003-12-01,MEX,16.83933655735757
2003-12-02,MEX,16.76749917427196
2003-12-03,MEX,16.633781587595422
2003-12-04,MEX,16.994527774369544
2003-12-05,MEX,16.46979483515031
2003-12-06,MEX,15.23095413316372
2003-12-07,MEX,14.894190983460362
2003-12-08,MEX,15.898148791188987
2003-12-09,MEX,16.406556492889024
2003-12-10,MEX,14.80329517416601
2003-12-11,MEX,14.681853066803853
2003-12-12,MEX,15.600310516555965
2003-12-13,MEX,14.928550503837755
2003-12-14,MEX,14.497451803427737
2003-12-15,MEX,14.994643448510942
2003-12-16,MEX,14.109237168295408
2003-12-17,MEX,12.014244259619261
2003-12-18,MEX,12.677097595719317
2003-12-19,MEX,13.027661885996565
2003-12-20,MEX,13.26015847874794
2003-12-21,MEX,14.198165106868771
2003-12-22,MEX,15.193974892387871
2003-12-23,MEX,14.370254995251287
2003-12-24,MEX,13.840541456292897
2003-12-25,MEX,14.605489644308989
2003-12-26,MEX,15.487918546785863
2003-12-27,MEX,15.658703393038707
2003-12-28,MEX,14.291602602611079
2003-12-29,MEX,12.78547588835238
2003-12-30,MEX,12.425940128888271
2003-12-31,MEX,14.086653077793471
2004-01-01,MEX,16.203005771161713
2004-01-02,MEX,16.66973667181668
2004-01-03,MEX,17.45713300310871
2004-01-04,MEX,17.472973527010026
2004-01-05,MEX,15.961333557128853
2004-01-06,MEX,15.029850911967515
2004-01-07,MEX,13.974398954721437
2004-01-08,MEX,14.985879388387616
2004-01-09,MEX,16.09639167466088
2004-01-10,MEX,14.626577722806132
2004-01-11,MEX,13.98646537610523
2004-01-12,MEX,14.358738262141344
2004-01-13,MEX,15.571554337163946
2004-01-14,MEX,15.668419471215884
2004-01-15,MEX,15.490601354370256
2004-01-16,MEX,15.116950013868859
2004-01-17,MEX,14.094801424584489
2004-01-18,MEX,13.31264613177592
2004-01-19,MEX,12.832326930555723
2004-01-20,MEX,12.78330944826007
2004-01-21,MEX,13.912974446574708
2004-01-22,MEX,14.06411919777969
2004-01-23,MEX,14.090435002349409
2004-01-24,MEX,14.216475643938054
2004-01-25,MEX,14.207751536344631
2004-01-26,MEX,13.997098399220135
2004-01-27,MEX,12.80343776264749
2004-01-28,MEX,12.466591822917906
2004-01-29,MEX,13.829929007619171
2004-01-30,MEX,13.798267752010133
2004-01-31,MEX,13.239207006402182
2004-02-01,MEX,14.081615065179903
2004-02-02,MEX,14.393771680457405
2004-02-03,MEX,14.416422976326942
2004-02-04,MEX,15.387800197955698
2004-02-05,MEX,15.032157581830063
2004-02-06,MEX,14.247228679168643
2004-02-07,MEX,13.320723959368138
2004-02-08,MEX,14.197423861433094
2004-02-09,MEX,15.42891805383556
2004-02-10,MEX,16.403516575188235
2004-02-11,MEX,15.464711534724813
2004-02-12,MEX,15.288459221733774
2004-02-13,MEX,14.034081705804681
2004-02-14,MEX,13.134892096662213
2004-02-15,MEX,13.711411716112934
2004-02-16,MEX,14.289107140131819
2004-02-17,MEX,15.591399439997133
2004-02-18,MEX,16.32449466491613
2004-02-19,MEX,16.861917517569566
2004-02-20,MEX,17.15743557513639
2004-02-21,MEX,16.683507285949815
2004-02-22,MEX,16.671982547502978
2004-02-23,MEX,16.556416198075908
2004-02-24,MEX,15.729326417045229
2004-02-25,MEX,14.478318295212773
2004-02-26,MEX,14.214110570416665
2004-02-27,MEX,15.63323963271074
2004-02-28,MEX,16.214740766280727
2004-02-29,MEX,16.12795998737778
2004-03-01,MEX,16.66768569930224
2004-03-02,MEX,17.678917224898726
2004-03-03,MEX,18.289778730091314
2004-03-04,MEX,17.800562438939494
2004-03-05,MEX,17.4603480416838
2004-03-06,MEX,18.29178639266331
2004-03-07,MEX,19.571187662299337
2004-03-08,MEX,19.925033189760427
2004-03-09,MEX,19.807943161058745
2004-03-10,MEX,19.552768188932077
2004-03-11,MEX,19.06071990173956
2004-03-12,MEX,17.71906872162708
2004-03-13,MEX,17.571939843067867
2004-03-14,MEX,18.256073666806913
2004-03-15,MEX,18.777992916059475
2004-03-16,MEX,19.612933982167817
2004-03-17,MEX,20.404971255452153
2004-03-18,MEX,21.148525300900815
2004-03-19,MEX,21.96421568894209
2004-03-20,MEX,22.280798771114632
2004-03-21,MEX,21.48101271304165
2004-03-22,MEX,19.505443420629206
2004-03-23,MEX,19.35129465233007
2004-03-24,MEX,20.37613065462267
2004-03-25,MEX,21.434952011479027
2004-03-26,MEX,21.559500569847216
2004-03-27,MEX,21.547339994333697
2004-03-28,MEX,21.406909900474943
2004-03-29,MEX,20.948887752645646
2004-03-30,MEX,19.189144352958635
2004-03-31,MEX,18.86751400591146
2004-04-01,MEX,19.087001007895935
2004-04-02,MEX,18.6332985741347
2004-04-03,MEX,18.837075227503874
2004-04-04,MEX,19.08078784495092
2004-04-05,MEX,18.89126820200812
2004-04-06,MEX,19.410315253091028
2004-04-07,MEX,20.395220638579758
2004-04-08,MEX,20.818910915481183
2004-04-09,MEX,20.683164248519518
2004-04-10,MEX,21.35740204141314
2004-04-11,MEX,19.675808514322398
2004-04-12,MEX,18.152860303362843
2004-04-13,MEX,18.437335267276865
2004-04-14,MEX,19.05929863010641
2004-04-15,MEX,20.53701846362037
2004-04-16,MEX,21.43837022648961
2004-04-17,MEX,21.753319784969904
2004-04-18,MEX,21.400158496295887
2004-04-19,MEX,21.442142118144204
2004-04-20,MEX,22.025008209759733
2004-04-21,MEX,22.0870298222909
2004-04-22,MEX,22.465933164098942
2004-04-23,MEX,22.604102855794565
2004-04-24,MEX,22.073662041132366
2004-04-25,MEX,22.043771330112065
2004-04-26,MEX,22.56035565238426
2004-04-27,MEX,21.179261354830828
2004-04-28,MEX,20.481487736535485
2004-04-29,MEX,21.721371884866528
2004-04-30,MEX,22.270219888663064
2004-05-01,MEX,22.335154285385954
2004-05-02,MEX,20.89790464098843
2004-05-03,MEX,20.238852029103384
2004-05-04,MEX,21.215012737437974
2004-05-05,MEX,22.141851061963052
2004-05-06,MEX,22.571543515228143
2004-05-07,MEX,23.043801043396286
2004-05-08,MEX,23.244504750990586
2004-05-09,MEX,23.615620149604922
2004-05-10,MEX,23.061402449623017
2004-05-11,MEX,23.369358413019484
2004-05-12,MEX,23.662704301704423
2004-05-13,MEX,24.045475986954386
2004-05-14,MEX,23.487334404804812
2004-05-15,MEX,22.82239063668311
2004-05-16,MEX,22.623537447013916
2004-05-17,MEX,22.995357986235206
2004-05-18,MEX,24.106917122786058
2004-05-19,MEX,24.38658466919918
2004-05-20,MEX,24.291149680962008
2004-05-21,MEX,24.16848532350531
2004-05-22,MEX,24.29864859799693
2004-05-23,MEX,24.293298788764332
2004-05-24,MEX,24.913653059784508
2004-05-25,MEX,25.333724049731018
2004-05-26,MEX,25.23263416193197
2004-05-27,MEX,24.829054945858275
2004-05-28,MEX,25.02445603714449
2004-05-29,MEX,25.463803225666936
2004-05-30,MEX,25.268187553440782
2004-05-31,MEX,25.104725356720394
2004-06-01,MEX,25.69911875180958
2004-06-02,MEX,25.33015563660905
2004-06-03,MEX,24.940249011773915
2004-06-04,MEX,24.368224850672334
2004-06-05,MEX,24.278768691213713
2004-06-06,MEX,24.307829135594204
2004-06-07,MEX,23.980440127243753
2004-06-08,MEX,23.61325344983061
2004-06-09,MEX,23.524486572473165
2004-06-10,MEX,24.292242996931577
2004-06-11,MEX,24.614866507792158
2004-06-12,MEX,25.02619953185416
2004-06-13,MEX,25.412954972515195
2004-06-14,MEX,25.694493510711197
2004-06-15,MEX,25.886208586346186
2004-06-16,MEX,25.366778768069707
2004-06-17,MEX,25.001171925186156
2004-06-18,MEX,24.759552876235205
2004-06-19,MEX,24.708584523138654
2004-06-20,MEX,24.929885872886814
2004-06-21,MEX,24.5742952786307
2004-06-22,MEX,24.136294032103933
2004-06-23,MEX,23.638990368068107
2004-06-24,MEX,24.20047963393364
2004-06-25,MEX,24.771837812730382
2004-06-26,MEX,24.50222593039632
2004-06-27,MEX,24.268178139260726
2004-06-28,MEX,24.064545991681825
2004-06-29,MEX,23.405187788835292
2004-06-30,MEX,24.12607897384453
2004-07-01,MEX,24.504064581408215
2004-07-02,MEX,25.177501824008232
2004-07-03,MEX,25.461107292480165
2004-07-04,MEX,25.63090664265752
2004-07-05,MEX,25.089363945783305
2004-07-06,MEX,25.34229167689375
2004-07-07,MEX,25.56676268139495
2004-07-08,MEX,25.624325566235825
2004-07-09,MEX,25.52119262977959
2004-07-10,MEX,25.399340734733926
2004-07-11,MEX,24.64196371979523
2004-07-12,MEX,24.398210456038157
2004-07-13,MEX,24.020081911790214
2004-07-14,MEX,24.188150580431795
2004-07-15,MEX,24.546617890627545
2004-07-16,MEX,25.080265798189487
2004-07-17,MEX,25.38604993764045
2004-07-18,MEX,25.48792434489303
2004-07-19,MEX,26.46103910342879
2004-07-20,MEX,26.39077423386061
2004-07-21,MEX,25.971696917386623
2004-07-22,MEX,24.52492104966109
2004-07-23,MEX,23.56934642752765
2004-07-24,MEX,23.624780104007925
2004-07-25,MEX,23.751168112592325
2004-07-26,MEX,23.90169869059116
2004-07-27,MEX,23.90983018394445
2004-07-28,MEX,24.368373478717274
2004-07-29,MEX,24.594555109157284
2004-07-30,MEX,24.6322231698918
2004-07-31,MEX,24.558049336006093
2004-08-01,MEX,24.350640564009097
2004-08-02,MEX,24.391542838296346
2004-08-03,MEX,24.93628371017911
2004-08-04,MEX,25.06659931563098
2004-08-05,MEX,25.272289930572924
2004-08-06,MEX,25.569012525610333
2004-08-07,MEX,25.57098738153678
2004-08-08,MEX,25.93948143922671
2004-08-09,MEX,25.1848318933329
2004-08-10,MEX,24.48422040097404
2004-08-11,MEX,24.921121730359687
2004-08-12,MEX,24.729330006588043
2004-08-13,MEX,24.609884033947594
2004-08-14,MEX,24.011645713387622
2004-08-15,MEX,23.773345822469935
2004-08-16,MEX,23.47357090946781
2004-08-17,MEX,23.389647350377004
2004-08-18,MEX,23.938223017242535
2004-08-19,MEX,24.370856362338827
2004-08-20,MEX,24.73398956956862
2004-08-21,MEX,24.509993720061573
2004-08-22,MEX,24.22040428051355
2004-08-23,MEX,24.510194718823357
2004-08-24,MEX,24.585340206858234
2004-08-25,MEX,24.884960877355923
2004-08-26,MEX,25.263777895359112
2004-08-27,MEX,25.476498143230287
2004-08-28,MEX,24.806303961061644
2004-08-29,MEX,23.983411112513465
2004-08-30,MEX,23.917978847423115
2004-08-31,MEX,24.013511045335235
2004-09-01,MEX,23.461158770607483
2004-09-02,MEX,23.028678919229037
2004-09-03,MEX,23.237630597855627
2004-09-04,MEX,23.354577789409404
2004-09-05,MEX,23.358732295103096
2004-09-06,MEX,23.678953630612
2004-09-07,MEX,23.57403270368252
2004-09-08,MEX,22.79835125452132
2004-09-09,MEX,22.843455086893243
2004-09-10,MEX,23.271348630974046
2004-09-11,MEX,23.77662410716124
2004-09-12,MEX,24.168172837868156
2004-09-13,MEX,24.361433422490904
2004-09-14,MEX,24.203264983822805
2004-09-15,MEX,24.648310837646704
2004-09-16,MEX,24.613767225304116
2004-09-17,MEX,24.271173101766976
2004-09-18,MEX,24.036241131938027
2004-09-19,MEX,23.13681117922357
2004-09-20,MEX,23.031178349823392
2004-09-21,MEX,22.414623958561208
2004-09-22,MEX,22.255167604913083
2004-09-23,MEX,22.432331990792306
2004-09-24,MEX,22.793115106264167
2004-09-25,MEX,22.263530326299303
2004-09-26,MEX,21.404735924445106
2004-09-27,MEX,21.59163372113335
2004-09-28,MEX,21.84257260583655
2004-09-29,MEX,21.97789995132672
2004-09-30,MEX,21.854617571888014
2004-10-01,MEX,22.031501661267384
2004-10-02,MEX,22.581491943732317
2004-10-03,MEX,22.78185595436389
2004-10-04,MEX,22.914167168703898
2004-10-05,MEX,22.71336560445235
2004-10-06,MEX,22.353711648840147
2004-10-07,MEX,22.411601723106685
2004-10-08,MEX,22.692838350338036
2004-10-09,MEX,21.806551496383577
2004-10-10,MEX,21.416147600337524
2004-10-11,MEX,21.266467898698863
2004-10-12,MEX,21.126540950283754
2004-10-13,MEX,21.21112830849603
2004-10-14,MEX,21.086970216420525
2004-10-15,MEX,20.345305790868963
2004-10-16,MEX,21.16999737803195
2004-10-17,MEX,22.017055937175257
2004-10-18,MEX,21.81707716663942
2004-10-19,MEX,22.09134516718285
2004-10-20,MEX,22.618295107297683
2004-10-21,MEX,22.740602554858413
2004-10-22,MEX,22.094411800336104
2004-10-23,MEX,21.322188268430523
2004-10-24,MEX,21.424086189914078
2004-10-25,MEX,20.990117486227405
2004-10-26,MEX,20.705956267290105
2004-10-27,MEX,20.66989291253884
2004-10-28,MEX,20.778993923639973
2004-10-29,MEX,20.620096019212497
2004-10-30,MEX,19.961716831893682
2004-10-31,MEX,19.810541085182706
2004-11-01,MEX,19.032240511204407
2004-11-02,MEX,17.137227849207193
2004-11-03,MEX,15.829355488251906
2004-11-04,MEX,16.33045131491764
2004-11-05,MEX,17.293198196264996
2004-11-06,MEX,17.44188846034359
2004-11-07,MEX,17.747157971884008
2004-11-08,MEX,17.66584567797105
2004-11-09,MEX,17.997129249207433
2004-11-10,MEX,18.136211259734353
2004-11-11,MEX,17.70626841899133
2004-11-12,MEX,17.32978433247223
2004-11-13,MEX,16.573821363990362
2004-11-14,MEX,16.196431325940694
2004-11-15,MEX,16.142142100134322
2004-11-16,MEX,16.478397204746557
2004-11-17,MEX,16.62150410887483
2004-11-18,MEX,17.198884392443972
2004-11-19,MEX,17.653881375710114
2004-11-20,MEX,17.68193528452042
2004-11-21,MEX,17.61331965157524
2004-11-22,MEX,17.622501086713896
2004-11-23,MEX,16.913055322249136
2004-11-24,MEX,16.042042551156896
2004-11-25,MEX,15.319692767626577
2004-11-26,MEX,16.148221391551715
2004-11-27,MEX,16.916448631358094
2004-11-28,MEX,17.695331745542944
2004-11-29,MEX,17.956083941593647
2004-11-30,MEX,15.873247853117505
2004-12-01,MEX,14.324121173087121
2004-12-02,MEX,15.38283595939339
2004-12-03,MEX,15.88008298323399
2004-12-04,MEX,15.938973894294577
2004-12-05,MEX,16.600605901551887
2004-12-06,MEX,17.0314165538864
2004-12-07,MEX,15.940247042740225
2004-12-08,MEX,16.163037619575675
2004-12-09,MEX,16.515987565805176
2004-12-10,MEX,17.11966283353206
2004-12-11,MEX,16.580285475276867
2004-12-12,MEX,16.452245061619124
2004-12-13,MEX,16.29579961122397
2004-12-14,MEX,14.652481227033547
2004-12-15,MEX,13.165857047127702
2004-12-16,MEX,14.048127617365196
2004-12-17,MEX,13.956706751730849
2004-12-18,MEX,13.331460179518103
2004-12-19,MEX,13.825829851093374
2004-12-20,MEX,13.807675791918996
2004-12-21,MEX,15.15514337520591
2004-12-22,MEX,15.78014717165837
2004-12-23,MEX,13.162177224269158
2004-12-24,MEX,11.50720420222143
2004-12-25,MEX,9.946092392540436
2004-12-26,MEX,10.867312657800824
2004-12-27,MEX,12.398993523003242
2004-12-28,MEX,13.520194796007956
2004-12-29,MEX,15.086483236925858
2004-12-30,MEX,15.722483879722745
2004-12-31,MEX,15.502795475106666
2005-01-01,MEX,16.148553606503015
2005-01-02,MEX,16.683535545666643
2005-01-03,MEX,17.04885210798318
2005-01-04,MEX,17.486992838148183
2005-01-05,MEX,17.064039140290333
2005-01-06,MEX,15.455022615784856
2005-01-07,MEX,15.545498289903549
2005-01-08,MEX,16.08368042168928
2005-01-09,MEX,16.76698921338732
2005-01-10,MEX,17.30727137470842
2005-01-11,MEX,16.888865135466858
2005-01-12,MEX,17.30240305864413
2005-01-13,MEX,15.560716240684314
2005-01-14,MEX,13.699060903594045
2005-01-15,MEX,13.907942470666683
2005-01-16,MEX,13.733800325363063
2005-01-17,MEX,13.70912978429044
2005-01-18,MEX,13.814517159353045
2005-01-19,MEX,14.648140091722041
2005-01-20,MEX,15.549162669471457
2005-01-21,MEX,16.136662640055135
2005-01-22,MEX,16.318394292698542
2005-01-23,MEX,15.229673339368162
2005-01-24,MEX,14.55822413338825
2005-01-25,MEX,15.76328515073601
2005-01-26,MEX,16.690131608626587
2005-01-27,MEX,16.762673894705927
2005-01-28,MEX,16.127961332099687
2005-01-29,MEX,16.159326422210654
2005-01-30,MEX,15.968231739613714
2005-01-31,MEX,15.492690529753531
2005-02-01,MEX,14.430940068972347
2005-02-02,MEX,13.231143816086615
2005-02-03,MEX,12.497385764811952
2005-02-04,MEX,12.732096745794706
2005-02-05,MEX,12.953199669291052
2005-02-06,MEX,14.088384238204242
2005-02-07,MEX,15.34003135492253
2005-02-08,MEX,16.461717503107025
2005-02-09,MEX,16.98650810907219
2005-02-10,MEX,16.95674381339785
2005-02-11,MEX,16.052205633101835
2005-02-12,MEX,16.10669260840706
2005-02-13,MEX,16.764531753803055
2005-02-14,MEX,17.170129021042328
2005-02-15,MEX,18.424895604266794
2005-02-16,MEX,18.722433324796327
2005-02-17,MEX,18.324109024611687
2005-02-18,MEX,17.08870610274812
2005-02-19,MEX,17.470046681275164
2005-02-20,MEX,18.183832202502117
2005-02-21,MEX,18.37661916705457
2005-02-22,MEX,18.948204159359136
2005-02-23,MEX,18.066663294524005
2005-02-24,MEX,17.54170054373577
2005-02-25,MEX,15.675283703779428
2005-02-26,MEX,14.893908495975836
2005-02-27,MEX,15.256977159378323
2005-02-28,MEX,15.787782486234903
2005-03-01,MEX,16.226479125498486
2005-03-02,MEX,17.306659963361426
2005-03-03,MEX,17.011672776647174
2005-03-04,MEX,16.898215246211294
2005-03-05,MEX,17.568085363350406
2005-03-06,MEX,17.23033107637326
2005-03-07,MEX,17.369302685429545
2005-03-08,MEX,17.3786313991385
2005-03-09,MEX,17.180338122576188
2005-03-10,MEX,17.16939102417865
2005-03-11,MEX,18.23467671448134
2005-03-12,MEX,18.251416956028947
2005-03-13,MEX,19.50036483719464
2005-03-14,MEX,19.537022643340265
2005-03-15,MEX,18.052080641742293
2005-03-16,MEX,16.13577335935406
2005-03-17,MEX,14.921336579750232
2005-03-18,MEX,16.625331229822734
2005-03-19,MEX,18.166396425509106
2005-03-20,MEX,18.83165965747844
2005-03-21,MEX,19.6265653353542
2005-03-22,MEX,19.493332367375274
2005-03-23,MEX,19.620868177636112
2005-03-24,MEX,19.738573390997658
2005-03-25,MEX,19.87715953815109
2005-03-26,MEX,20.2297992635701
2005-03-27,MEX,18.80491279184679
2005-03-28,MEX,18.70658580808754
2005-03-29,MEX,20.218755930643113
2005-03-30,MEX,20.79793021885905
2005-03-31,MEX,21.206699212423132
2005-04-01,MEX,19.303222729447157
2005-04-02,MEX,17.712439506654277
2005-04-03,MEX,19.32861783326433
2005-04-04,MEX,20.816841109220434
2005-04-05,MEX,21.84295155817972
2005-04-06,MEX,22.083981684897594
2005-04-07,MEX,21.683779420160192
2005-04-08,MEX,21.880091433542646
2005-04-09,MEX,21.65146137634872
2005-04-10,MEX,21.32629227961303
2005-04-11,MEX,21.141229877853846
2005-04-12,MEX,21.282293731252764
2005-04-13,MEX,22.07947838399417
2005-04-14,MEX,21.96665377669939
2005-04-15,MEX,21.56388537602652
2005-04-16,MEX,21.479390338056078
2005-04-17,MEX,21.27629880136675
2005-04-18,MEX,21.57968948358905
2005-04-19,MEX,22.03620528651078
2005-04-20,MEX,22.689543185227876
2005-04-21,MEX,23.190037781624483
2005-04-22,MEX,23.466185576364524
2005-04-23,MEX,23.2229129534619
2005-04-24,MEX,21.461865384122632
2005-04-25,MEX,21.393350966271328
2005-04-26,MEX,22.128227645422044
2005-04-27,MEX,22.011373161951667
2005-04-28,MEX,23.0127815382167
2005-04-29,MEX,23.574388751057143
2005-04-30,MEX,23.42375506390556
2005-05-01,MEX,22.480585279263835
2005-05-02,MEX,22.19645535372274
2005-05-03,MEX,21.914711545184332
2005-05-04,MEX,21.38312174334817
2005-05-05,MEX,21.83021591045042
2005-05-06,MEX,21.77717611031295
2005-05-07,MEX,22.13214708454757
2005-05-08,MEX,22.478966431502954
2005-05-09,MEX,22.964840413877084
2005-05-10,MEX,24.103664508799
2005-05-11,MEX,23.789414874430236
2005-05-12,MEX,23.792525351300014
2005-05-13,MEX,23.767234327535732
2005-05-14,MEX,24.197459896383577
2005-05-15,MEX,23.54306556355033
2005-05-16,MEX,22.374974383926997
2005-05-17,MEX,23.146231396510075
2005-05-18,MEX,23.453076926364872
2005-05-19,MEX,24.489470335472163
2005-05-20,MEX,25.030950265266767
2005-05-21,MEX,25.74058861662587
2005-05-22,MEX,25.560521559668302
2005-05-23,MEX,25.308266255646515
2005-05-24,MEX,25.520851235437647
2005-05-25,MEX,25.641954428446866
2005-05-26,MEX,25.927336652675365
2005-05-27,MEX,23.6371835582749
2005-05-28,MEX,22.987120641153297
2005-05-29,MEX,23.157415102195785
2005-05-30,MEX,24.25436583539056
2005-05-31,MEX,24.829187758023693
2005-06-01,MEX,25.68546092549252
2005-06-02,MEX,26.034024087105593
2005-06-03,MEX,25.42351676908254
2005-06-04,MEX,25.79500331401863
2005-06-05,MEX,25.404408685692488
2005-06-06,MEX,25.568244479269083
2005-06-07,MEX,25.582465842766453
2005-06-08,MEX,25.889134665340634
2005-06-09,MEX,26.385328449357644
2005-06-10,MEX,26.106270605496263
2005-06-11,MEX,25.742567975067402
2005-06-12,MEX,25.414728180504483
2005-06-13,MEX,25.941402339106673
2005-06-14,MEX,26.01344519917717
2005-06-15,MEX,25.258634625935088
2005-06-16,MEX,25.53194259447315
2005-06-17,MEX,25.83355792809465
2005-06-18,MEX,26.508055870036458
2005-06-19,MEX,26.18030801957417
2005-06-20,MEX,26.08972033779827
2005-06-21,MEX,25.41566967458914
2005-06-22,MEX,25.161169643509197
2005-06-23,MEX,25.351243745195234
2005-06-24,MEX,25.3583256042412
2005-06-25,MEX,25.68169919684857
2005-06-26,MEX,25.472775851638744
2005-06-27,MEX,25.81656273242129
2005-06-28,MEX,26.121170334539386
2005-06-29,MEX,26.660907825927836
2005-06-30,MEX,26.830122463596865
2005-07-01,MEX,26.710762379775304
2005-07-02,MEX,26.35777225427887
2005-07-03,MEX,26.55943906979047
2005-07-04,MEX,26.751961995170234
2005-07-05,MEX,26.914046869272624
2005-07-06,MEX,26.32861178269195
2005-07-07,MEX,26.396484389653835
2005-07-08,MEX,26.65969523161175
2005-07-09,MEX,26.737561975749202
2005-07-10,MEX,26.171864122138345
2005-07-11,MEX,26.175518283064207
2005-07-12,MEX,25.80276608159329
2005-07-13,MEX,25.79546074104229
2005-07-14,MEX,25.611996245990554
2005-07-15,MEX,25.72433955716116
2005-07-16,MEX,25.337428182776932
2005-07-17,MEX,25.20915712253742
2005-07-18,MEX,25.31296644332167
2005-07-19,MEX,25.633290101975717
2005-07-20,MEX,25.1772053087098
2005-07-21,MEX,24.533206599047332
2005-07-22,MEX,23.75446519018317
2005-07-23,MEX,23.705651388598085
2005-07-24,MEX,24.668630956479774
2005-07-25,MEX,24.84732000780616
2005-07-26,MEX,24.852925047002714
2005-07-27,MEX,24.513043773602078
2005-07-28,MEX,23.735305730826326
2005-07-29,MEX,24.044090885513185
2005-07-30,MEX,24.54119744276477
2005-07-31,MEX,24.766436349837534
2005-08-01,MEX,24.525183531959385
2005-08-02,MEX,24.171644522335612
2005-08-03,MEX,24.02831539640647
2005-08-04,MEX,24.039003281538726
2005-08-05,MEX,24.05943846104242
2005-08-06,MEX,24.016538403531115
2005-08-07,MEX,23.74241197354513
2005-08-08,MEX,24.106450796800516
2005-08-09,MEX,24.20848036507033
2005-08-10,MEX,24.464972116304523
2005-08-11,MEX,24.287852059768795
2005-08-12,MEX,24.015180376608328
2005-08-13,MEX,23.867269691838942
2005-08-14,MEX,23.64238039842786
2005-08-15,MEX,23.83467901752124
2005-08-16,MEX,23.666725160252668
2005-08-17,MEX,24.490206083132648
2005-08-18,MEX,24.803651140340094
2005-08-19,MEX,24.74232093952611
2005-08-20,MEX,24.395699526455246
2005-08-21,MEX,24.54569812450336
2005-08-22,MEX,24.812732934437406
2005-08-23,MEX,24.116562377193304
2005-08-24,MEX,23.926702051371706
2005-08-25,MEX,25.09213505073359
2005-08-26,MEX,25.123092637603747
2005-08-27,MEX,25.409283331378163
2005-08-28,MEX,25.795957403160685
2005-08-29,MEX,25.523156403706878
2005-08-30,MEX,24.87058264697953
2005-08-31,MEX,24.800386961544234
2005-09-01,MEX,25.17415939042843
2005-09-02,MEX,24.263268496762294
2005-09-03,MEX,23.754697551961726
2005-09-04,MEX,23.935618521685
2005-09-05,MEX,24.223404637515728
2005-09-06,MEX,24.472664960654527
2005-09-07,MEX,24.15797493059705
2005-09-08,MEX,23.83106915758475
2005-09-09,MEX,23.622096293259006
2005-09-10,MEX,23.880906161469966
2005-09-11,MEX,24.027360478448088
2005-09-12,MEX,23.776303345214387
2005-09-13,MEX,23.969936745356108
2005-09-14,MEX,24.429447804864708
2005-09-15,MEX,24.779084903550824
2005-09-16,MEX,25.08604217745193
2005-09-17,MEX,25.044998802438954
2005-09-18,MEX,24.987582447919692
2005-09-19,MEX,25.020667162872655
2005-09-20,MEX,24.769061198158738
2005-09-21,MEX,24.841493168408306
2005-09-22,MEX,24.802030176004905
2005-09-23,MEX,24.835056015434418
2005-09-24,MEX,25.056705351376706
2005-09-25,MEX,25.02818886854294
2005-09-26,MEX,25.090239461451574
2005-09-27,MEX,25.208435533787338
2005-09-28,MEX,24.99864959246355
2005-09-29,MEX,25.036193183685953
2005-09-30,MEX,24.411484410650417
2005-10-01,MEX,24.289219102309517
2005-10-02,MEX,24.211631360330102
2005-10-03,MEX,24.000445603340893
2005-10-04,MEX,23.621751358291874
2005-10-05,MEX,23.48462953492725
2005-10-06,MEX,23.14789670991223
2005-10-07,MEX,21.244310574290807
2005-10-08,MEX,21.1037238678706
2005-10-09,MEX,21.57709723034111
2005-10-10,MEX,21.727596111972787
2005-10-11,MEX,22.059352604927824
2005-10-12,MEX,21.64395307193422
2005-10-13,MEX,21.67913494861733
2005-10-14,MEX,21.055456945826734
2005-10-15,MEX,20.78715807870617
2005-10-16,MEX,20.92238088792442
2005-10-17,MEX,21.226703114878376
2005-10-18,MEX,21.702306509217635
2005-10-19,MEX,21.71940067249028
2005-10-20,MEX,22.107014633566564
2005-10-21,MEX,22.07995538754585
2005-10-22,MEX,21.780322366210328
2005-10-23,MEX,21.226130770413363
2005-10-24,MEX,19.662910926867198
2005-10-25,MEX,18.549679752363375
2005-10-26,MEX,19.430225716463667
2005-10-27,MEX,19.52704352468311
2005-10-28,MEX,19.03965716450108
2005-10-29,MEX,19.195314582536582
2005-10-30,MEX,19.73492822485514
2005-10-31,MEX,20.273854304026486
2005-11-01,MEX,19.737060926269123
2005-11-02,MEX,19.07981687623868
2005-11-03,MEX,19.173021502429606
2005-11-04,MEX,19.487479528916595
2005-11-05,MEX,19.93802712133737
2005-11-06,MEX,20.066780659648657
2005-11-07,MEX,20.55231574040846
2005-11-08,MEX,20.39711347489657
2005-11-09,MEX,20.76862829484196
2005-11-10,MEX,20.728219372351305
2005-11-11,MEX,20.68321298740483
2005-11-12,MEX,20.149909300660795
2005-11-13,MEX,19.901393470476762
2005-11-14,MEX,19.804618880528665
2005-11-15,MEX,20.25876513812267
2005-11-16,MEX,18.063112141645092
2005-11-17,MEX,16.52445755725188
2005-11-18,MEX,16.800184795269445
2005-11-19,MEX,16.761505295753693
2005-11-20,MEX,16.573863714750928
2005-11-21,MEX,15.851454522528968
2005-11-22,MEX,16.05869045573712
2005-11-23,MEX,16.060628299910206
2005-11-24,MEX,16.968723877011087
2005-11-25,MEX,17.153698283619747
2005-11-26,MEX,17.02665673417721
2005-11-27,MEX,17.664721413236975
2005-11-28,MEX,16.131404568893913
2005-11-29,MEX,14.848298302092303
2005-11-30,MEX,15.894208537551265
2005-12-01,MEX,16.939474927659944
2005-12-02,MEX,17.42875941399558
2005-12-03,MEX,17.879092748687754
2005-12-04,MEX,17.5824836804523
2005-12-05,MEX,16.289769026713998
2005-12-06,MEX,14.572206161158988
2005-12-07,MEX,14.949228739560965
2005-12-08,MEX,13.734632687211672
2005-12-09,MEX,13.193490689819555
2005-12-10,MEX,15.00453691873389
2005-12-11,MEX,16.0327647690213
2005-12-12,MEX,16.764342396528775
2005-12-13,MEX,17.561027158959973
2005-12-14,MEX,17.71082038330843
2005-12-15,MEX,15.63315458910273
2005-12-16,MEX,14.258022222204715
2005-12-17,MEX,13.802529044991218
2005-12-18,MEX,13.901087624115178
2005-12-19,MEX,14.140145219182216
2005-12-20,MEX,14.86880421585812
2005-12-21,MEX,15.14404491357675
2005-12-22,MEX,14.970036529909805
2005-12-23,MEX,15.81376641148995
2005-12-24,MEX,16.418217180837132
2005-12-25,MEX,15.6180684234659
2005-12-26,MEX,15.806080810198807
2005-12-27,MEX,16.437863274742483
2005-12-28,MEX,16.462149326714155
2005-12-29,MEX,16.35924350614431
2005-12-30,MEX,16.61897646773309
2005-12-31,MEX,16.357409901931987
2006-01-01,MEX,16.985729930328375
2006-01-02,MEX,17.49817937009425
2006-01-03,MEX,17.634590563258826
2006-01-04,MEX,17.870033615135867
2006-01-05,MEX,17.088611205842028
2006-01-06,MEX,15.463147422325903
2006-01-07,MEX,14.074167377535105
2006-01-08,MEX,15.227293601659369
2006-01-09,MEX,16.030563870064157
2006-01-10,MEX,15.309180078812005
2006-01-11,MEX,14.980868566180561
2006-01-12,MEX,16.175781597843752
2006-01-13,MEX,15.926669083646573
2006-01-14,MEX,15.733133305442323
2006-01-15,MEX,16.125570792926
2006-01-16,MEX,16.15120781421814
2006-01-17,MEX,13.77514312997846
2006-01-18,MEX,12.753725558042959
2006-01-19,MEX,14.837456626731353
2006-01-20,MEX,15.656100891347023
2006-01-21,MEX,14.770200670524389
2006-01-22,MEX,14.849575645800996
2006-01-23,MEX,15.085451385174053
2006-01-24,MEX,14.826515158726977
2006-01-25,MEX,15.326360843950908
2006-01-26,MEX,14.676665115719004
2006-01-27,MEX,15.576141917703865
2006-01-28,MEX,16.253594504473938
2006-01-29,MEX,16.153628397634918
2006-01-30,MEX,16.999849955608283
2006-01-31,MEX,17.132237298070095
2006-02-01,MEX,17.748904558813194
2006-02-02,MEX,17.41858191580468
2006-02-03,MEX,17.462807614056317
2006-02-04,MEX,16.67094016660019
2006-02-05,MEX,16.660568666467725
2006-02-06,MEX,17.402176248480373
2006-02-07,MEX,15.520293861483196
2006-02-08,MEX,15.52333426355483
2006-02-09,MEX,16.404602713815905
2006-02-10,MEX,16.836715770170144
2006-02-11,MEX,15.659221452908696
2006-02-12,MEX,13.872061209029937
2006-02-13,MEX,14.068884094355838
2006-02-14,MEX,16.267629610316533
2006-02-15,MEX,18.05761474545841
2006-02-16,MEX,18.790440424329006
2006-02-17,MEX,18.592021333585762
2006-02-18,MEX,17.447433370721114
2006-02-19,MEX,16.40957279267053
2006-02-20,MEX,16.9178527512492
2006-02-21,MEX,17.87911410038049
2006-02-22,MEX,18.51487907407261
2006-02-23,MEX,18.457527356225512
2006-02-24,MEX,18.177901797059462
2006-02-25,MEX,18.374492736903278
2006-02-26,MEX,18.16198432934749
2006-02-27,MEX,17.687383190375613
2006-02-28,MEX,19.158880074571186
2006-03-01,MEX,20.059136709195684
2006-03-02,MEX,19.967517236148126
2006-03-03,MEX,19.88999701302356
2006-03-04,MEX,19.507517365335218
2006-03-05,MEX,19.6284013715906
2006-03-06,MEX,20.132241347774027
2006-03-07,MEX,20.63322001323263
2006-03-08,MEX,20.436949959866126
2006-03-09,MEX,18.999583241603887
2006-03-10,MEX,18.8292140801629
2006-03-11,MEX,18.964658176019555
2006-03-12,MEX,19.2962384091054
2006-03-13,MEX,19.04213006155902
2006-03-14,MEX,18.871373606976817
2006-03-15,MEX,19.410120751152135
2006-03-16,MEX,20.468363497162613
2006-03-17,MEX,20.831245596575513
2006-03-18,MEX,20.606256558198936
2006-03-19,MEX,19.470043991056514
2006-03-20,MEX,18.729945054790505
2006-03-21,MEX,18.4683850883834
2006-03-22,MEX,18.510966501457062
2006-03-23,MEX,17.47252792573181
2006-03-24,MEX,16.48948002849056
2006-03-25,MEX,17.206808028625176
2006-03-26,MEX,18.602384029579355
2006-03-27,MEX,19.70606358142129
2006-03-28,MEX,20.0066924171619
2006-03-29,MEX,20.13568445997248
2006-03-30,MEX,20.71765619609539
2006-03-31,MEX,21.220027300974778
2006-04-01,MEX,21.886825327297686
2006-04-02,MEX,22.08063680855946
2006-04-03,MEX,22.606041725992043
2006-04-04,MEX,22.919158474494793
2006-04-05,MEX,22.775257437693597
2006-04-06,MEX,21.961701051191824
2006-04-07,MEX,21.85716682180623
2006-04-08,MEX,21.655170669419476
2006-04-09,MEX,21.4735557696236
2006-04-10,MEX,21.959253545965453
2006-04-11,MEX,22.07313138897871
2006-04-12,MEX,22.60095277900831
2006-04-13,MEX,22.9827244327318
2006-04-14,MEX,23.25380778590943
2006-04-15,MEX,23.005193799679148
2006-04-16,MEX,23.52013136477416
2006-04-17,MEX,23.60934567729163
2006-04-18,MEX,24.282247741313142
2006-04-19,MEX,24.316605496946522
2006-04-20,MEX,23.828609190574696
2006-04-21,MEX,23.688541202785302
2006-04-22,MEX,23.638594314847296
2006-04-23,MEX,23.350488811926652
2006-04-24,MEX,23.442862210556996
2006-04-25,MEX,23.607460545678293
2006-04-26,MEX,23.326971506116706
2006-04-27,MEX,22.839743067195798
2006-04-28,MEX,22.503100654659818
2006-04-29,MEX,22.56114331843628
2006-04-30,MEX,23.16812079314667
2006-05-01,MEX,23.364170850739924
2006-05-02,MEX,23.680244112703292
2006-05-03,MEX,23.515896718702834
2006-05-04,MEX,23.59308652335261
2006-05-05,MEX,23.876908587451737
2006-05-06,MEX,23.84993618119961
2006-05-07,MEX,24.11233747940122
2006-05-08,MEX,24.69718961022471
2006-05-09,MEX,25.17461804035031
2006-05-10,MEX,25.62496267018014
2006-05-11,MEX,24.986462785989602
2006-05-12,MEX,23.949722380318008
2006-05-13,MEX,25.01425915165646
2006-05-14,MEX,25.799724512420312
2006-05-15,MEX,24.394036381666126
2006-05-16,MEX,22.261821590530076
2006-05-17,MEX,22.214583720915357
2006-05-18,MEX,22.18398611822454
2006-05-19,MEX,23.37242050115225
2006-05-20,MEX,24.36573363129429
2006-05-21,MEX,24.607328865523527
2006-05-22,MEX,24.62317490007024
2006-05-23,MEX,24.75212604522585
2006-05-24,MEX,25.13167339374587
2006-05-25,MEX,25.44624592121329
2006-05-26,MEX,25.052906818613337
2006-05-27,MEX,24.60226775935439
2006-05-28,MEX,24.102804270668685
2006-05-29,MEX,24.297094211404044
2006-05-30,MEX,24.906352200183164
2006-05-31,MEX,24.630217422143573
2006-06-01,MEX,24.095528432930962
2006-06-02,MEX,24.182301363480804
2006-06-03,MEX,24.32236559727295
2006-06-04,MEX,24.051227149479473
2006-06-05,MEX,24.638719267053546
2006-06-06,MEX,24.9937593110958
2006-06-07,MEX,24.837341924385726
2006-06-08,MEX,24.793569126855346
2006-06-09,MEX,24.919867695785967
2006-06-10,MEX,25.03225049432666
2006-06-11,MEX,25.641460706548003
2006-06-12,MEX,26.404500434554336
2006-06-13,MEX,26.54162330165417
2006-06-14,MEX,26.591607183046506
2006-06-15,MEX,26.592275982891522
2006-06-16,MEX,26.340327121154303
2006-06-17,MEX,26.28703337803961
2006-06-18,MEX,26.53115397868055
2006-06-19,MEX,26.66951442713747
2006-06-20,MEX,26.457545368931108
2006-06-21,MEX,26.129328554435972
2006-06-22,MEX,25.50042223431143
2006-06-23,MEX,25.393589053969265
2006-06-24,MEX,25.284322359457747
2006-06-25,MEX,25.208248860076935
2006-06-26,MEX,24.567926635874016
2006-06-27,MEX,24.033844821402113
2006-06-28,MEX,23.97484265004806
2006-06-29,MEX,24.112636813789152
2006-06-30,MEX,24.33447891304195
2006-07-01,MEX,24.208815938272892
2006-07-02,MEX,24.26606048608744
2006-07-03,MEX,24.981104012325943
2006-07-04,MEX,25.690805124511428
2006-07-05,MEX,25.35535055167071
2006-07-06,MEX,25.50147711229522
2006-07-07,MEX,25.15688794260234
2006-07-08,MEX,24.87246584267757
2006-07-09,MEX,25.118276064484462
2006-07-10,MEX,24.918518974609583
2006-07-11,MEX,25.22936725178215
2006-07-12,MEX,26.023998455945843
2006-07-13,MEX,25.845808713165354
2006-07-14,MEX,25.48024294147052
2006-07-15,MEX,24.754110892951417
2006-07-16,MEX,24.264572105353125
2006-07-17,MEX,25.24032419908133
2006-07-18,MEX,25.86983682928394
2006-07-19,MEX,25.965638714758825
2006-07-20,MEX,25.565176809269417
2006-07-21,MEX,25.484417418192095
2006-07-22,MEX,25.44057944772112
2006-07-23,MEX,25.318312040582157
2006-07-24,MEX,24.575152149271503
2006-07-25,MEX,24.674684833326978
2006-07-26,MEX,24.791882940368396
2006-07-27,MEX,24.50095229178976
2006-07-28,MEX,23.961136373078546
2006-07-29,MEX,23.92427215026123
2006-07-30,MEX,24.064831808931103
2006-07-31,MEX,24.43984090436851
2006-08-01,MEX,24.531877591044292
2006-08-02,MEX,23.955289784417573
2006-08-03,MEX,23.41073642331463
2006-08-04,MEX,23.018221494967236
2006-08-05,MEX,23.26522055182687
2006-08-06,MEX,23.825537029711484
2006-08-07,MEX,23.69452609555242
2006-08-08,MEX,23.940611142404407
2006-08-09,MEX,24.214594089188154
2006-08-10,MEX,24.739897106905005
2006-08-11,MEX,25.116625327129668
2006-08-12,MEX,25.098367477023373
2006-08-13,MEX,24.755113355882713
2006-08-14,MEX,24.67540097147571
2006-08-15,MEX,24.6981043681418
2006-08-16,MEX,24.696464062055668
2006-08-17,MEX,24.93285705043087
2006-08-18,MEX,25.196309989788517
2006-08-19,MEX,24.766061624416977
2006-08-20,MEX,24.28709313097181
2006-08-21,MEX,24.507905683786987
2006-08-22,MEX,24.455165793782214
2006-08-23,MEX,24.40986899948416
2006-08-24,MEX,24.503763286295623
2006-08-25,MEX,24.738594100859927
2006-08-26,MEX,24.51263219125991
2006-08-27,MEX,24.874837155151567
2006-08-28,MEX,24.760193307067652
2006-08-29,MEX,24.12724221948565
2006-08-30,MEX,24.259968719318465
2006-08-31,MEX,24.413277046640303
2006-09-01,MEX,24.761303083771168
2006-09-02,MEX,23.974270137898486
2006-09-03,MEX,23.556079104571268
2006-09-04,MEX,23.568628267561678
2006-09-05,MEX,23.493321108389125
2006-09-06,MEX,22.744241584646204
2006-09-07,MEX,22.439174900392402
2006-09-08,MEX,22.6297686928458
2006-09-09,MEX,23.06926528029925
2006-09-10,MEX,23.524875465889806
2006-09-11,MEX,23.910639368542604
2006-09-12,MEX,23.68720572116331
2006-09-13,MEX,23.586012080455873
2006-09-14,MEX,23.735037794610832
2006-09-15,MEX,24.17019932930532
2006-09-16,MEX,23.736440557147887
2006-09-17,MEX,23.263014974330588
2006-09-18,MEX,23.341378637929097
2006-09-19,MEX,23.065297539770825
2006-09-20,MEX,23.310182413123584
2006-09-21,MEX,23.6460066332437
2006-09-22,MEX,24.149117007913617
2006-09-23,MEX,24.158542035504865
2006-09-24,MEX,23.321594270779258
2006-09-25,MEX,22.332975510142433
2006-09-26,MEX,22.72650220071364
2006-09-27,MEX,23.50572648154997
2006-09-28,MEX,24.065539625393512
2006-09-29,MEX,23.466400712121015
2006-09-30,MEX,23.300725743025623
2006-10-01,MEX,23.03159490269394
2006-10-02,MEX,22.853402030365658
2006-10-03,MEX,22.93444676831359
2006-10-04,MEX,23.097951238083
2006-10-05,MEX,22.748592199313293
2006-10-06,MEX,22.34220315139072
2006-10-07,MEX,21.820738807459293
2006-10-08,MEX,21.658269489202894
2006-10-09,MEX,21.809795335213437
2006-10-10,MEX,22.37580677702516
2006-10-11,MEX,22.66810383624886
2006-10-12,MEX,23.082093711493997
2006-10-13,MEX,22.78790197269393
2006-10-14,MEX,21.973412626196193
2006-10-15,MEX,21.480477086510803
2006-10-16,MEX,21.48954826262326
2006-10-17,MEX,21.79839106868519
2006-10-18,MEX,22.154757822531224
2006-10-19,MEX,21.681892178337023
2006-10-20,MEX,21.044794706163316
2006-10-21,MEX,21.847881595521017
2006-10-22,MEX,21.504419894614216
2006-10-23,MEX,20.273708902510748
2006-10-24,MEX,19.93922544815308
2006-10-25,MEX,20.55221707131159
2006-10-26,MEX,21.463066702601793
2006-10-27,MEX,20.835930562343265
2006-10-28,MEX,18.90866090077418
2006-10-29,MEX,18.60382895324534
2006-10-30,MEX,19.76826102263476
2006-10-31,MEX,19.96684240942068
2006-11-01,MEX,20.249227261370265
2006-11-02,MEX,19.567305876666296
2006-11-03,MEX,18.98025177577773
2006-11-04,MEX,19.44757412674096
2006-11-05,MEX,20.21437850869046
2006-11-06,MEX,20.469889455335192
2006-11-07,MEX,20.38703977909495
2006-11-08,MEX,20.468510630764968
2006-11-09,MEX,21.043296248521244
2006-11-10,MEX,20.740241435256564
2006-11-11,MEX,19.661263396284937
2006-11-12,MEX,18.897714718162433
2006-11-13,MEX,19.41260532082083
2006-11-14,MEX,19.934849443675603
2006-11-15,MEX,19.77886475807503
2006-11-16,MEX,17.034277719460135
2006-11-17,MEX,17.421013852552676
2006-11-18,MEX,17.89383485199602
2006-11-19,MEX,17.60726987442183
2006-11-20,MEX,16.713243039097165
2006-11-21,MEX,15.933018651523014
2006-11-22,MEX,15.54619609781247
2006-11-23,MEX,15.968865472930759
2006-11-24,MEX,16.152737108484928
2006-11-25,MEX,16.314119204015526
2006-11-26,MEX,16.70068703801951
2006-11-27,MEX,16.85749757732259
2006-11-28,MEX,16.950265343293438
2006-11-29,MEX,17.430104941090747
2006-11-30,MEX,15.684373552346528
2006-12-01,MEX,13.319598594241995
2006-12-02,MEX,14.845504476458586
2006-12-03,MEX,15.258326219421292
2006-12-04,MEX,13.890494845826936
2006-12-05,MEX,14.521607485267282
2006-12-06,MEX,16.032493206266224
2006-12-07,MEX,16.047865884938403
2006-12-08,MEX,14.081494818865394
2006-12-09,MEX,13.11648855968599
2006-12-10,MEX,14.02289358735402
2006-12-11,MEX,15.032295448538605
2006-12-12,MEX,14.950904967451777
2006-12-13,MEX,14.999140925538939
2006-12-14,MEX,15.905123623576856
2006-12-15,MEX,15.999849721112298
2006-12-16,MEX,16.26449240901593
2006-12-17,MEX,16.853078595982367
2006-12-18,MEX,16.572022139999945
2006-12-19,MEX,16.51473282209389
2006-12-20,MEX,15.343233500476913
2006-12-21,MEX,15.123786191666056
2006-12-22,MEX,14.893307321725615
2006-12-23,MEX,14.927351668100528
2006-12-24,MEX,13.35952481033712
2006-12-25,MEX,13.007593966375737
2006-12-26,MEX,12.210157771742956
2006-12-27,MEX,13.646438860179899
2006-12-28,MEX,14.355404968385017
2006-12-29,MEX,13.550879539078153
2006-12-30,MEX,13.293629587569512
2006-12-31,MEX,13.440390587472962
2007-01-01,MEX,13.729873411292033
2007-01-02,MEX,13.680652037040034
2007-01-03,MEX,13.732349689265561
2007-01-04,MEX,14.324881527717764
2007-01-05,MEX,15.75154711155102
2007-01-06,MEX,15.464001769066044
2007-01-07,MEX,14.513271317181989
2007-01-08,MEX,14.396152076887915
2007-01-09,MEX,14.703497040433092
2007-01-10,MEX,14.586065032205852
2007-01-11,MEX,16.11934838193781
2007-01-12,MEX,17.003667926042397
2007-01-13,MEX,16.629775219444866
2007-01-14,MEX,16.30440954830209
2007-01-15,MEX,14.27893501730972
2007-01-16,MEX,12.545719611126344
2007-01-17,MEX,11.413209494153648
2007-01-18,MEX,13.116173771391004
2007-01-19,MEX,13.694307161133679
2007-01-20,MEX,13.357819401226777
2007-01-21,MEX,13.537642402898314
2007-01-22,MEX,13.758815932358743
2007-01-23,MEX,12.326606122186547
2007-01-24,MEX,11.67819478119327
2007-01-25,MEX,11.9605624287139
2007-01-26,MEX,12.527390724632824
2007-01-27,MEX,13.76298147710412
2007-01-28,MEX,13.505694828325602
2007-01-29,MEX,13.678149484997164
2007-01-30,MEX,14.420546486037097
2007-01-31,MEX,14.883421467388132
2007-02-01,MEX,15.118707851505576
2007-02-02,MEX,14.812068913323515
2007-02-03,MEX,14.102076769207315
2007-02-04,MEX,14.162498023410194
2007-02-05,MEX,14.414412840053444
2007-02-06,MEX,15.426225779093443
2007-02-07,MEX,16.529859619010892
2007-02-08,MEX,17.741073751776185
2007-02-09,MEX,17.89938634773347
2007-02-10,MEX,17.25649014666817
2007-02-11,MEX,16.365351157298505
2007-02-12,MEX,16.631800488683723
2007-02-13,MEX,16.45625103818236
2007-02-14,MEX,15.148292862487892
2007-02-15,MEX,14.021402235572339
2007-02-16,MEX,13.54734896944683
2007-02-17,MEX,14.813669749720987
2007-02-18,MEX,15.593771561521919
2007-02-19,MEX,15.969198493813508
2007-02-20,MEX,17.083403255497046
2007-02-21,MEX,17.24607270936002
2007-02-22,MEX,18.19833319472633
2007-02-23,MEX,18.995844762210538
2007-02-24,MEX,18.40668773126896
2007-02-25,MEX,17.073840560940823
2007-02-26,MEX,18.123210973833523
2007-02-27,MEX,18.89427774957454
2007-02-28,MEX,19.412405487976287
2007-03-01,MEX,18.532536814033108
2007-03-02,MEX,17.26068941534254
2007-03-03,MEX,17.23524036636502
2007-03-04,MEX,15.519313701145165
2007-03-05,MEX,14.290050094347919
2007-03-06,MEX,15.820283984327489
2007-03-07,MEX,18.221344190495017
2007-03-08,MEX,19.31723040477675
2007-03-09,MEX,19.418132204764504
2007-03-10,MEX,19.699632371289738
2007-03-11,MEX,20.195570663487388
2007-03-12,MEX,19.60034854565305
2007-03-13,MEX,19.588998092487543
2007-03-14,MEX,20.526341821849314
2007-03-15,MEX,21.190507848648224
2007-03-16,MEX,21.404416542610306
2007-03-17,MEX,20.665006291163138
2007-03-18,MEX,20.957264442200767
2007-03-19,MEX,21.05744480187974
2007-03-20,MEX,20.919423108487706
2007-03-21,MEX,20.918489063286074
2007-03-22,MEX,20.677181091756722
2007-03-23,MEX,19.788513818263368
2007-03-24,MEX,19.075426444356708
2007-03-25,MEX,19.70615183530839
2007-03-26,MEX,19.212192602136668
2007-03-27,MEX,20.298815264935627
2007-03-28,MEX,20.93469446361189
2007-03-29,MEX,20.343179709117692
2007-03-30,MEX,20.70125655543694
2007-03-31,MEX,20.468043287079126
2007-04-01,MEX,20.847466359238638
2007-04-02,MEX,21.338218488493226
2007-04-03,MEX,21.67468828756131
2007-04-04,MEX,21.32058672836888
2007-04-05,MEX,20.932721738067585
2007-04-06,MEX,21.031044666675314
2007-04-07,MEX,19.560476872300228
2007-04-08,MEX,17.5563355015625
2007-04-09,MEX,18.892610357755984
2007-04-10,MEX,20.270735629209753
2007-04-11,MEX,21.18497760219651
2007-04-12,MEX,21.58265892719487
2007-04-13,MEX,21.316055042773996
2007-04-14,MEX,20.70308402060158
2007-04-15,MEX,19.470013585942866
2007-04-16,MEX,19.61391451727792
2007-04-17,MEX,20.711086541110944
2007-04-18,MEX,21.5407179940359
2007-04-19,MEX,21.950998747230585
2007-04-20,MEX,21.937701360520464
2007-04-21,MEX,21.69680454406847
2007-04-22,MEX,21.66080972650633
2007-04-23,MEX,22.79298817925644
2007-04-24,MEX,23.1146698733246
2007-04-25,MEX,22.699460253534255
2007-04-26,MEX,22.550831133067334
2007-04-27,MEX,22.629260578552703
2007-04-28,MEX,22.46525172545489
2007-04-29,MEX,22.400384626920243
2007-04-30,MEX,22.84058384631652
2007-05-01,MEX,23.495024512637656
2007-05-02,MEX,23.4766668843385
2007-05-03,MEX,23.739367896692045
2007-05-04,MEX,24.202483779628892
2007-05-05,MEX,24.076578214406425
2007-05-06,MEX,23.648612231739833
2007-05-07,MEX,23.794297281095226
2007-05-08,MEX,23.399347092583866
2007-05-09,MEX,23.451830301223367
2007-05-10,MEX,23.549803243076497
2007-05-11,MEX,24.427613439324716
2007-05-12,MEX,24.25027557154897
2007-05-13,MEX,23.895889824031713
2007-05-14,MEX,23.90031865693669
2007-05-15,MEX,23.94223172857278
2007-05-16,MEX,23.67750571994577
2007-05-17,MEX,23.266058192756077
2007-05-18,MEX,22.762182657203425
2007-05-19,MEX,22.713830932418603
2007-05-20,MEX,22.698774697048577
2007-05-21,MEX,22.742764462300045
2007-05-22,MEX,23.382964962715334
2007-05-23,MEX,23.827030204209223
2007-05-24,MEX,23.999770394840084
2007-05-25,MEX,23.58976121710657
2007-05-26,MEX,22.71810840678802
2007-05-27,MEX,23.24333899070814
2007-05-28,MEX,23.630631851134922
2007-05-29,MEX,24.294551572530963
2007-05-30,MEX,24.49066424235582
2007-05-31,MEX,24.715909965818582
2007-06-01,MEX,24.95238729310165
2007-06-02,MEX,25.324063249904214
2007-06-03,MEX,25.58383880768173
2007-06-04,MEX,25.568470893395954
2007-06-05,MEX,25.7322752833839
2007-06-06,MEX,25.58598702033663
2007-06-07,MEX,25.526486341249097
2007-06-08,MEX,25.65707442804478
2007-06-09,MEX,24.609023555600913
2007-06-10,MEX,23.525852329401687
2007-06-11,MEX,23.506992089830078
2007-06-12,MEX,23.5135467420165
2007-06-13,MEX,24.34238677991948
2007-06-14,MEX,25.13257321469723
2007-06-15,MEX,25.41226804809486
2007-06-16,MEX,25.7967702217137
2007-06-17,MEX,25.332986393302974
2007-06-18,MEX,25.27173350314274
2007-06-19,MEX,25.715533133672068
2007-06-20,MEX,24.979037132092117
2007-06-21,MEX,24.176861545976124
2007-06-22,MEX,24.3637037912261
2007-06-23,MEX,24.82192468239583
2007-06-24,MEX,24.943513215696328
2007-06-25,MEX,25.793365174287146
2007-06-26,MEX,26.292523699410197
2007-06-27,MEX,25.981265062097634
2007-06-28,MEX,25.13898794560788
2007-06-29,MEX,24.383133158569876
2007-06-30,MEX,24.5739780445341
2007-07-01,MEX,25.428349855018382
2007-07-02,MEX,25.77246981291688
2007-07-03,MEX,25.985504789789047
2007-07-04,MEX,26.27557633766429
2007-07-05,MEX,25.68066520227569
2007-07-06,MEX,25.291700781148393
2007-07-07,MEX,24.67973721201946
2007-07-08,MEX,24.811690195780955
2007-07-09,MEX,25.09804512020719
2007-07-10,MEX,25.320269715718553
2007-07-11,MEX,24.820681675755054
2007-07-12,MEX,24.899669921672
2007-07-13,MEX,24.934885510877848
2007-07-14,MEX,25.63663713137396
2007-07-15,MEX,25.645423312671994
2007-07-16,MEX,25.322815996210693
2007-07-17,MEX,24.549632250177297
2007-07-18,MEX,23.99497820174105
2007-07-19,MEX,23.908375650342407
2007-07-20,MEX,23.726249607771138
2007-07-21,MEX,23.566775866407
2007-07-22,MEX,23.37054507845619
2007-07-23,MEX,23.16187914597367
2007-07-24,MEX,23.459054478863834
2007-07-25,MEX,23.61137939677019
2007-07-26,MEX,23.888642589605524
2007-07-27,MEX,24.429686891909682
2007-07-28,MEX,24.32892744571211
2007-07-29,MEX,23.865807677159808
2007-07-30,MEX,23.535476554288664
2007-07-31,MEX,23.661822791992336
2007-08-01,MEX,24.065478953336083
2007-08-02,MEX,24.824029594976423
2007-08-03,MEX,24.74824969836459
2007-08-04,MEX,23.946978854192764
2007-08-05,MEX,23.553753966933527
2007-08-06,MEX,24.062284796457845
2007-08-07,MEX,24.61600343460401
2007-08-08,MEX,25.061003839930777
2007-08-09,MEX,24.62614468040374
2007-08-10,MEX,24.839663094972195
2007-08-11,MEX,24.99894312517597
2007-08-12,MEX,25.071979563272976
2007-08-13,MEX,24.96015389998564
2007-08-14,MEX,24.643867087256922
2007-08-15,MEX,24.59326120086979
2007-08-16,MEX,25.055923022878005
2007-08-17,MEX,25.517913301541057
2007-08-18,MEX,25.48121697902525
2007-08-19,MEX,25.222155882042387
2007-08-20,MEX,25.2579015315049
2007-08-21,MEX,24.847735758641818
2007-08-22,MEX,24.18774299336019
2007-08-23,MEX,24.20190390272353
2007-08-24,MEX,24.403676083406936
2007-08-25,MEX,24.196247801855918
2007-08-26,MEX,24.494654844823515
2007-08-27,MEX,24.42723198589681
2007-08-28,MEX,24.117570076827462
2007-08-29,MEX,24.11194116176216
2007-08-30,MEX,23.97278647650802
2007-08-31,MEX,23.91419040978883
2007-09-01,MEX,23.798006629922156
2007-09-02,MEX,23.503643756658278
2007-09-03,MEX,23.45260583743641
2007-09-04,MEX,23.40295432984385
2007-09-05,MEX,23.571341951646787
2007-09-06,MEX,23.513817511772345
2007-09-07,MEX,24.075114013209372
2007-09-08,MEX,24.475509102182514
2007-09-09,MEX,24.348430543272798
2007-09-10,MEX,23.888691206008275
2007-09-11,MEX,23.78623597370961
2007-09-12,MEX,23.455079315213197
2007-09-13,MEX,23.670395288235056
2007-09-14,MEX,24.28389362651069
2007-09-15,MEX,24.10178171041838
2007-09-16,MEX,23.50033755374784
2007-09-17,MEX,23.17565874708663
2007-09-18,MEX,23.27357150740886
2007-09-19,MEX,23.330706538105517
2007-09-20,MEX,23.05333585233427
2007-09-21,MEX,23.175887341445673
2007-09-22,MEX,23.542547668865325
2007-09-23,MEX,23.12070813904802
2007-09-24,MEX,23.23343549885601
2007-09-25,MEX,23.50748187217789
2007-09-26,MEX,23.87598388129925
2007-09-27,MEX,23.974075658547633
2007-09-28,MEX,23.70880284690105
2007-09-29,MEX,22.962524118900944
2007-09-30,MEX,22.944045645434414
2007-10-01,MEX,23.502164497962042
2007-10-02,MEX,23.65566734651759
2007-10-03,MEX,23.899949174333813
2007-10-04,MEX,23.66189495102128
2007-10-05,MEX,23.319625539615117
2007-10-06,MEX,22.6710102308038
2007-10-07,MEX,22.694179002416888
2007-10-08,MEX,22.555810465983654
2007-10-09,MEX,22.675081239329018
2007-10-10,MEX,22.84975793082947
2007-10-11,MEX,22.957689397188915
2007-10-12,MEX,22.62655230467277
2007-10-13,MEX,22.55924418091803
2007-10-14,MEX,22.234239398609247
2007-10-15,MEX,22.031913942592496
2007-10-16,MEX,21.741089276887806
2007-10-17,MEX,22.222316873660304
2007-10-18,MEX,22.25436699705341
2007-10-19,MEX,22.091431792696483
2007-10-20,MEX,22.128022173608258
2007-10-21,MEX,22.34655790986352
2007-10-22,MEX,20.93298033455403
2007-10-23,MEX,17.713916459578513
2007-10-24,MEX,17.74880924893199
2007-10-25,MEX,18.27125474257099
2007-10-26,MEX,18.57916665638686
2007-10-27,MEX,19.08937052216328
2007-10-28,MEX,18.874278666067255
2007-10-29,MEX,18.37363687778742
2007-10-30,MEX,18.526427492708763
2007-10-31,MEX,19.131185554568958
2007-11-01,MEX,19.260032350564188
2007-11-02,MEX,19.426833734930256
2007-11-03,MEX,19.904862316732192
2007-11-04,MEX,19.756852892455356
2007-11-05,MEX,19.57071639791792
2007-11-06,MEX,19.325464424436348
2007-11-07,MEX,18.765758513699893
2007-11-08,MEX,18.88430916982685
2007-11-09,MEX,18.846789110311988
2007-11-10,MEX,19.027730590521173
2007-11-11,MEX,18.906377702929774
2007-11-12,MEX,18.964322346140875
2007-11-13,MEX,19.273786464879436
2007-11-14,MEX,19.624502168813876
2007-11-15,MEX,19.108298954718066
2007-11-16,MEX,17.742145880953217
2007-11-17,MEX,18.24397727341426
2007-11-18,MEX,18.8077842210746
2007-11-19,MEX,18.885365885503063
2007-11-20,MEX,19.01934156196137
2007-11-21,MEX,19.45860761462012
2007-11-22,MEX,18.207900275291365
2007-11-23,MEX,15.778559243627399
2007-11-24,MEX,15.282068976792118
2007-11-25,MEX,14.420125396041328
2007-11-26,MEX,14.775629548262259
2007-11-27,MEX,15.956192887881798
2007-11-28,MEX,17.06337215869388
2007-11-29,MEX,18.24945823099432
2007-11-30,MEX,18.357365165046588
2007-12-01,MEX,18.988804758549293
2007-12-02,MEX,18.5955198312663
2007-12-03,MEX,17.363646001379777
2007-12-04,MEX,16.089561609795
2007-12-05,MEX,16.616142814017962
2007-12-06,MEX,17.231186661000322
2007-12-07,MEX,18.13477826683402
2007-12-08,MEX,17.950278245514653
2007-12-09,MEX,17.29861035546668
2007-12-10,MEX,16.901429495866466
2007-12-11,MEX,16.64907726950196
2007-12-12,MEX,16.08018470195475
2007-12-13,MEX,15.043856092695705
2007-12-14,MEX,15.742701392102845
2007-12-15,MEX,15.239217737361685
2007-12-16,MEX,13.341482367938
2007-12-17,MEX,13.473229337610064
2007-12-18,MEX,14.911556736203579
2007-12-19,MEX,16.342203947344956
2007-12-20,MEX,16.49996033486741
2007-12-21,MEX,16.617755412730787
2007-12-22,MEX,16.339559277285787
2007-12-23,MEX,13.53194179967005
2007-12-24,MEX,13.946597382232653
2007-12-25,MEX,14.299825197256098
2007-12-26,MEX,14.562877845037065
2007-12-27,MEX,14.100391271954209
2007-12-28,MEX,14.130302812949765
2007-12-29,MEX,13.896957734411501
2007-12-30,MEX,14.842237069128998
2007-12-31,MEX,15.39248787862681
2008-01-01,MEX,14.922480118988858
2008-01-02,MEX,12.783116926456614
2008-01-03,MEX,11.447729043016295
2008-01-04,MEX,13.128794823464602
2008-01-05,MEX,15.353929141063645
2008-01-06,MEX,16.66604180129667
2008-01-07,MEX,16.843627348290397
2008-01-08,MEX,16.59364025300289
2008-01-09,MEX,15.755768015113006
2008-01-10,MEX,15.92704352739895
2008-01-11,MEX,15.39210520632065
2008-01-12,MEX,15.45598099296302
2008-01-13,MEX,14.476914433375327
2008-01-14,MEX,13.927460373845122
2008-01-15,MEX,13.5675325749541
2008-01-16,MEX,13.476241640568844
2008-01-17,MEX,13.311745699476262
2008-01-18,MEX,12.403772816866763
2008-01-19,MEX,12.201635217112482
2008-01-20,MEX,11.546114562109494
2008-01-21,MEX,13.377465490276848
2008-01-22,MEX,15.446652728757613
2008-01-23,MEX,16.522370400089528
2008-01-24,MEX,16.094260027545488
2008-01-25,MEX,15.321396079835552
2008-01-26,MEX,16.154562884568406
2008-01-27,MEX,17.118423902604604
2008-01-28,MEX,17.707500640007936
2008-01-29,MEX,17.48337526900383
2008-01-30,MEX,16.130108158149255
2008-01-31,MEX,15.586948625757827
2008-02-01,MEX,14.284902726375492
2008-02-02,MEX,15.829815198398705
2008-02-03,MEX,17.03036422469279
2008-02-04,MEX,17.824729630532886
2008-02-05,MEX,16.97291499804635
2008-02-06,MEX,14.794885326599342
2008-02-07,MEX,14.943559745340565
2008-02-08,MEX,16.31425288585001
2008-02-09,MEX,17.07056311159647
2008-02-10,MEX,17.53253938169081
2008-02-11,MEX,17.578572595022933
2008-02-12,MEX,17.836230650264895
2008-02-13,MEX,16.804618875529854
2008-02-14,MEX,17.22065735715165
2008-02-15,MEX,17.667552400007935
2008-02-16,MEX,17.18888636285527
2008-02-17,MEX,16.80417694630478
2008-02-18,MEX,16.860227963721115
2008-02-19,MEX,17.012545509403026
2008-02-20,MEX,17.876357966523642
2008-02-21,MEX,18.497672766381584
2008-02-22,MEX,18.397576232380914
2008-02-23,MEX,19.06757864196328
2008-02-24,MEX,19.765656486892397
2008-02-25,MEX,20.74194949640537
2008-02-26,MEX,19.870354703696023
2008-02-27,MEX,16.85252603587054
2008-02-28,MEX,16.68066287905407
2008-02-29,MEX,18.633493862833745
2008-03-01,MEX,18.899082480427126
2008-03-02,MEX,19.357846488120174
2008-03-03,MEX,18.483326184800717
2008-03-04,MEX,15.531055052261252
2008-03-05,MEX,16.868328710259732
2008-03-06,MEX,17.681785719323045
2008-03-07,MEX,15.352037841229787
2008-03-08,MEX,13.772029661199497
2008-03-09,MEX,16.154167758776396
2008-03-10,MEX,17.393910555647096
2008-03-11,MEX,17.766751192962488
2008-03-12,MEX,18.47596214410231
2008-03-13,MEX,19.68792156693081
2008-03-14,MEX,20.494304585674456
2008-03-15,MEX,21.149872867683882
2008-03-16,MEX,20.706569502261004
2008-03-17,MEX,19.336019582872098
2008-03-18,MEX,17.351839405637747
2008-03-19,MEX,16.41953634494456
2008-03-20,MEX,16.964259089541656
2008-03-21,MEX,18.82509758141407
2008-03-22,MEX,19.966259600276487
2008-03-23,MEX,19.51221665481279
2008-03-24,MEX,17.88611603769033
2008-03-25,MEX,18.947195048164588
2008-03-26,MEX,20.557099683896638
2008-03-27,MEX,21.22711059210178
2008-03-28,MEX,21.4942097054697
2008-03-29,MEX,21.329951976031055
2008-03-30,MEX,21.42152807751279
2008-03-31,MEX,21.847661423331886
2008-04-01,MEX,21.878928295902824
2008-04-02,MEX,22.440041759979465
2008-04-03,MEX,22.404308272066828
2008-04-04,MEX,22.163501412588914
2008-04-05,MEX,20.869349199814906
2008-04-06,MEX,21.190326170310527
2008-04-07,MEX,21.755190708763337
2008-04-08,MEX,22.38843437902824
2008-04-09,MEX,22.724968177391304
2008-04-10,MEX,22.05175430070426
2008-04-11,MEX,22.393845413460042
2008-04-12,MEX,21.85180231499885
2008-04-13,MEX,20.444259466116534
2008-04-14,MEX,20.20260472952026
2008-04-15,MEX,20.696419538173643
2008-04-16,MEX,21.4340354840503
2008-04-17,MEX,21.750275172260046
2008-04-18,MEX,21.1041195672791
2008-04-19,MEX,21.742119456834587
2008-04-20,MEX,23.026845927591694
2008-04-21,MEX,23.45496174973647
2008-04-22,MEX,23.750650176775366
2008-04-23,MEX,23.939220059935906
2008-04-24,MEX,23.902830393151305
2008-04-25,MEX,23.996677297523206
2008-04-26,MEX,23.415300437438873
2008-04-27,MEX,22.676966360626352
2008-04-28,MEX,20.49009275174592
2008-04-29,MEX,21.290559244992437
2008-04-30,MEX,22.74345689519322
2008-05-01,MEX,23.09684159107917
2008-05-02,MEX,23.14729941527611
2008-05-03,MEX,23.145249252566032
2008-05-04,MEX,23.25436044498707
2008-05-05,MEX,23.245555313483862
2008-05-06,MEX,23.052556999206047
2008-05-07,MEX,23.006990118271005
2008-05-08,MEX,24.100797232607817
2008-05-09,MEX,25.219372840726805
2008-05-10,MEX,25.625945439297823
2008-05-11,MEX,25.92440282218496
2008-05-12,MEX,25.252853009616047
2008-05-13,MEX,25.02850032908185
2008-05-14,MEX,24.611500782450207
2008-05-15,MEX,23.88280414298788
2008-05-16,MEX,22.576837242003307
2008-05-17,MEX,21.51643464200174
2008-05-18,MEX,22.50331664885732
2008-05-19,MEX,23.644663115952767
2008-05-20,MEX,24.093981330593124
2008-05-21,MEX,24.557671160675568
2008-05-22,MEX,23.739878511051927
2008-05-23,MEX,23.1686822716959
2008-05-24,MEX,23.483926990215707
2008-05-25,MEX,24.25850064595329
2008-05-26,MEX,24.344646078416304
2008-05-27,MEX,24.299450784478665
2008-05-28,MEX,24.720082005353447
2008-05-29,MEX,24.447640807415496
2008-05-30,MEX,24.90768846231839
2008-05-31,MEX,25.308889021858363
2008-06-01,MEX,25.745759182036238
2008-06-02,MEX,26.057849515980422
2008-06-03,MEX,26.28796991620169
2008-06-04,MEX,26.01876231857341
2008-06-05,MEX,25.440394099392563
2008-06-06,MEX,25.38744293036683
2008-06-07,MEX,24.99586340873725
2008-06-08,MEX,24.433590801713535
2008-06-09,MEX,24.09044723423017
2008-06-10,MEX,24.32804686194362
2008-06-11,MEX,24.490776056150082
2008-06-12,MEX,24.620215344521853
2008-06-13,MEX,25.055901015807308
2008-06-14,MEX,25.536018185181774
2008-06-15,MEX,25.720259855844233
2008-06-16,MEX,26.314274600309602
2008-06-17,MEX,26.705812509751695
2008-06-18,MEX,26.70171483421285
2008-06-19,MEX,26.734992960488682
2008-06-20,MEX,26.537538097354854
2008-06-21,MEX,26.052124692691223
2008-06-22,MEX,25.37396421696178
2008-06-23,MEX,25.488188788129264
2008-06-24,MEX,25.744634057096448
2008-06-25,MEX,25.581004521349655
2008-06-26,MEX,25.307525478559285
2008-06-27,MEX,25.160001128433294
2008-06-28,MEX,25.61301011761401
2008-06-29,MEX,25.435521605170038
2008-06-30,MEX,24.52012323246572
2008-07-01,MEX,23.98455848557336
2008-07-02,MEX,23.86594575892707
2008-07-03,MEX,23.797675692879977
2008-07-04,MEX,23.297155862444527
2008-07-05,MEX,23.48287906745503
2008-07-06,MEX,23.59209976726771
2008-07-07,MEX,23.52108548543896
2008-07-08,MEX,22.826581682233666
2008-07-09,MEX,22.45019255123276
2008-07-10,MEX,22.908259260709656
2008-07-11,MEX,23.53333646047895
2008-07-12,MEX,23.868490114251983
2008-07-13,MEX,24.188483144661916
2008-07-14,MEX,24.64549259300992
2008-07-15,MEX,25.55602836554499
2008-07-16,MEX,25.961610704724194
2008-07-17,MEX,25.57666287692149
2008-07-18,MEX,24.49187479298081
2008-07-19,MEX,23.71163543959858
2008-07-20,MEX,23.718924940965167
2008-07-21,MEX,24.532591258386276
2008-07-22,MEX,25.002076694178356
2008-07-23,MEX,24.799995572971056
2008-07-24,MEX,24.246314977342877
2008-07-25,MEX,24.282869457462596
2008-07-26,MEX,23.86453043903549
2008-07-27,MEX,23.825066827755847
2008-07-28,MEX,24.912152062673727
2008-07-29,MEX,25.52613621427986
2008-07-30,MEX,25.458843246395134
2008-07-31,MEX,25.151432387477143
2008-08-01,MEX,25.02781065938035
2008-08-02,MEX,24.49959476638128
2008-08-03,MEX,24.529817846155595
2008-08-04,MEX,24.796832069095444
2008-08-05,MEX,25.06832918657841
2008-08-06,MEX,25.174522797463453
2008-08-07,MEX,24.85899577270004
2008-08-08,MEX,24.2676090013793
2008-08-09,MEX,24.298617688700006
2008-08-10,MEX,24.600059634280797
2008-08-11,MEX,25.174624436266356
2008-08-12,MEX,25.291750795647147
2008-08-13,MEX,25.131800105295326
2008-08-14,MEX,24.843036333679493
2008-08-15,MEX,24.70616339822601
2008-08-16,MEX,24.8780664811797
2008-08-17,MEX,24.483314010674917
2008-08-18,MEX,24.086254235373247
2008-08-19,MEX,24.377735063714397
2008-08-20,MEX,24.58289090869232
2008-08-21,MEX,24.400036328327644
2008-08-22,MEX,24.0158296308702
2008-08-23,MEX,23.984630276013945
2008-08-24,MEX,23.77888584598014
2008-08-25,MEX,23.384303786835574
2008-08-26,MEX,23.191067998121582
2008-08-27,MEX,23.168421347225888
2008-08-28,MEX,23.16451527503068
2008-08-29,MEX,22.769017956058974
2008-08-30,MEX,22.79985022621213
2008-08-31,MEX,22.855026836633442
2008-09-01,MEX,23.76085836577539
2008-09-02,MEX,24.403447588565086
2008-09-03,MEX,24.49503312664018
2008-09-04,MEX,24.252850236113375
2008-09-05,MEX,24.193310959158225
2008-09-06,MEX,24.226385453466094
2008-09-07,MEX,24.067870097063974
2008-09-08,MEX,23.644465818212666
2008-09-09,MEX,23.334069136667495
2008-09-10,MEX,23.314612900175405
2008-09-11,MEX,23.366129396472274
2008-09-12,MEX,23.654836004462823
2008-09-13,MEX,24.004252583156756
2008-09-14,MEX,23.463619383129014
2008-09-15,MEX,22.104436164060985
2008-09-16,MEX,21.036190943286726
2008-09-17,MEX,20.81135233693402
2008-09-18,MEX,21.567745477450273
2008-09-19,MEX,22.220358452538107
2008-09-20,MEX,22.45006279889037
2008-09-21,MEX,22.559446600389947
2008-09-22,MEX,22.648023589652382
2008-09-23,MEX,22.79180210458111
2008-09-24,MEX,22.705614862720495
2008-09-25,MEX,22.466656307607764
2008-09-26,MEX,21.841887080077527
2008-09-27,MEX,21.6839068043451
2008-09-28,MEX,21.86285433530412
2008-09-29,MEX,21.77048623073381
2008-09-30,MEX,21.83438697102548
2008-10-01,MEX,21.63113552366542
2008-10-02,MEX,21.83873886232641
2008-10-03,MEX,21.99629124159935
2008-10-04,MEX,21.906173317127866
2008-10-05,MEX,22.049283398944624
2008-10-06,MEX,22.0654890251908
2008-10-07,MEX,22.417411196932164
2008-10-08,MEX,22.10940211794548
2008-10-09,MEX,22.363530163961457
2008-10-10,MEX,22.49055650567169
2008-10-11,MEX,22.84810071023736
2008-10-12,MEX,22.278136069418338
2008-10-13,MEX,21.74378311782715
2008-10-14,MEX,21.13655119335425
2008-10-15,MEX,20.751749149695343
2008-10-16,MEX,21.013138429692276
2008-10-17,MEX,21.207657562400584
2008-10-18,MEX,21.454810905728323
2008-10-19,MEX,21.265322435857797
2008-10-20,MEX,21.385969233675723
2008-10-21,MEX,21.342607028736836
2008-10-22,MEX,21.305604126528237
2008-10-23,MEX,20.47008103137972
2008-10-24,MEX,20.294455378351017
2008-10-25,MEX,20.947184315033383
2008-10-26,MEX,21.195374912366276
2008-10-27,MEX,20.654224268589303
2008-10-28,MEX,18.711515769628534
2008-10-29,MEX,18.671680261229596
2008-10-30,MEX,19.214697306960034
2008-10-31,MEX,19.79488179198637
2008-11-01,MEX,19.932118018873382
2008-11-02,MEX,19.684104879542417
2008-11-03,MEX,19.574014593784796
2008-11-04,MEX,19.497396979849043
2008-11-05,MEX,19.583680248120118
2008-11-06,MEX,19.231193000314136
2008-11-07,MEX,18.50786654600762
2008-11-08,MEX,17.966196161815333
2008-11-09,MEX,18.159831745142753
2008-11-10,MEX,18.798847407198423
2008-11-11,MEX,18.50259911695298
2008-11-12,MEX,18.26330598789889
2008-11-13,MEX,17.986195915107032
2008-11-14,MEX,18.687815117852267
2008-11-15,MEX,18.122519209541224
2008-11-16,MEX,16.05180372249515
2008-11-17,MEX,16.311749861925932
2008-11-18,MEX,16.516897069476556
2008-11-19,MEX,16.09840249754285
2008-11-20,MEX,16.532836727656615
2008-11-21,MEX,15.67594235437241
2008-11-22,MEX,15.372004156766764
2008-11-23,MEX,16.529750048187907
2008-11-24,MEX,17.51333582554497
2008-11-25,MEX,17.23990640716147
2008-11-26,MEX,17.80175521697572
2008-11-27,MEX,18.390937150367506
2008-11-28,MEX,17.97245917905093
2008-11-29,MEX,17.201864111204145
2008-11-30,MEX,16.259841449039072
2008-12-01,MEX,15.348719149265264
2008-12-02,MEX,15.476911402394876
2008-12-03,MEX,16.316567700089195
2008-12-04,MEX,15.108018107564192
2008-12-05,MEX,15.00524828500653
2008-12-06,MEX,15.578993962876098
2008-12-07,MEX,16.174314464989266
2008-12-08,MEX,17.303659437283443
2008-12-09,MEX,17.483314363210695
2008-12-10,MEX,14.03035656315177
2008-12-11,MEX,12.573719273582014
2008-12-12,MEX,13.607946091052042
2008-12-13,MEX,14.973022350786039
2008-12-14,MEX,16.638030169690296
2008-12-15,MEX,16.96321331029219
2008-12-16,MEX,16.09878141566395
2008-12-17,MEX,16.504587336617533
2008-12-18,MEX,17.21570164412941
2008-12-19,MEX,16.92961900264669
2008-12-20,MEX,17.031747690583018
2008-12-21,MEX,16.45351378739946
2008-12-22,MEX,14.239133371012542
2008-12-23,MEX,15.376200883880074
2008-12-24,MEX,16.261213740830044
2008-12-25,MEX,16.725289555061067
2008-12-26,MEX,17.362116303321727
2008-12-27,MEX,16.502635771652535
2008-12-28,MEX,14.435469865019968
2008-12-29,MEX,14.415285022955004
2008-12-30,MEX,15.64299935151638
2008-12-31,MEX,16.22025079485843
2009-01-01,MEX,16.070827568875075
2009-01-02,MEX,16.408907398806207
2009-01-03,MEX,16.866581032858733
2009-01-04,MEX,16.555286715838633
2009-01-05,MEX,15.80359915397969
2009-01-06,MEX,15.412685911115375
2009-01-07,MEX,14.70453595852257
2009-01-08,MEX,15.766075478390519
2009-01-09,MEX,17.069978107018926
2009-01-10,MEX,17.09155507839057
2009-01-11,MEX,14.984382224252442
2009-01-12,MEX,14.521161148310341
2009-01-13,MEX,14.573284695250209
2009-01-14,MEX,14.003081340670406
2009-01-15,MEX,14.849917435326233
2009-01-16,MEX,14.744822990478042
2009-01-17,MEX,15.265714314367187
2009-01-18,MEX,16.134650342147665
2009-01-19,MEX,16.58952007061572
2009-01-20,MEX,16.98635442076062
2009-01-21,MEX,16.406478149897964
2009-01-22,MEX,16.584002165171967
2009-01-23,MEX,17.501475269079094
2009-01-24,MEX,17.538742177788663
2009-01-25,MEX,16.957655184964437
2009-01-26,MEX,17.61591928568555
2009-01-27,MEX,18.154698187560655
2009-01-28,MEX,16.421102650183627
2009-01-29,MEX,16.054282977208857
2009-01-30,MEX,15.671176440790987
2009-01-31,MEX,14.551228375275059
2009-02-01,MEX,15.78769752707666
2009-02-02,MEX,15.931028369414776
2009-02-03,MEX,15.046522433073847
2009-02-04,MEX,15.368852194913586
2009-02-05,MEX,15.835551816142413
2009-02-06,MEX,16.16140629781944
2009-02-07,MEX,16.78235749119426
2009-02-08,MEX,16.685108551961378
2009-02-09,MEX,15.793930376996116
2009-02-10,MEX,16.611413843367302
2009-02-11,MEX,15.761985393165503
2009-02-12,MEX,16.506827989239866
2009-02-13,MEX,17.820365243685046
2009-02-14,MEX,17.881139917898622
2009-02-15,MEX,17.52641995506383
2009-02-16,MEX,17.457647049362663
2009-02-17,MEX,18.03699479800224
2009-02-18,MEX,18.828520243021217
2009-02-19,MEX,18.29587026905199
2009-02-20,MEX,17.347980659920722
2009-02-21,MEX,17.994704657378293
2009-02-22,MEX,16.95280748995316
2009-02-23,MEX,17.576974655619267
2009-02-24,MEX,18.878776486058996
2009-02-25,MEX,20.530079756780026
2009-02-26,MEX,21.19389462231129
2009-02-27,MEX,21.395582878409357
2009-02-28,MEX,20.79319680895685
2009-03-01,MEX,18.104690225252057
2009-03-02,MEX,17.1547688084608
2009-03-03,MEX,18.69615614453528
2009-03-04,MEX,19.614931284550494
2009-03-05,MEX,20.21059209865615
2009-03-06,MEX,20.089103489141962
2009-03-07,MEX,20.280332673375483
2009-03-08,MEX,19.705861634740643
2009-03-09,MEX,19.514624792719303
2009-03-10,MEX,19.43399059484409
2009-03-11,MEX,19.006320260048255
2009-03-12,MEX,17.142643316094905
2009-03-13,MEX,16.95649611164947
2009-03-14,MEX,16.85397111491642
2009-03-15,MEX,16.932088460140733
2009-03-16,MEX,18.243168408561587
2009-03-17,MEX,19.748105707579725
2009-03-18,MEX,20.441493114275488
2009-03-19,MEX,20.79682748569786
2009-03-20,MEX,20.256732837363643
2009-03-21,MEX,19.972509378271923
2009-03-22,MEX,20.638611920437427
2009-03-23,MEX,20.734867661285023
2009-03-24,MEX,20.870671025689035
2009-03-25,MEX,21.025625168856095
2009-03-26,MEX,20.9124973967468
2009-03-27,MEX,20.577960632190695
2009-03-28,MEX,18.535029589006683
2009-03-29,MEX,18.344015993018104
2009-03-30,MEX,19.969405305600333
2009-03-31,MEX,20.76299080461058
2009-04-01,MEX,20.722408188084614
2009-04-02,MEX,20.93882357153774
2009-04-03,MEX,20.820094330029463
2009-04-04,MEX,21.301690965892647
2009-04-05,MEX,21.86721410759094
2009-04-06,MEX,20.709600566945312
2009-04-07,MEX,19.00313412499878
2009-04-08,MEX,20.782192379778962
2009-04-09,MEX,21.879546291001304
2009-04-10,MEX,22.015013288186253
2009-04-11,MEX,20.98698777685729
2009-04-12,MEX,20.7933882211762
2009-04-13,MEX,21.3109390149703
2009-04-14,MEX,21.431293237182217
2009-04-15,MEX,21.270577388563595
2009-04-16,MEX,21.304879124850117
2009-04-17,MEX,21.13660043996964
2009-04-18,MEX,21.633811713660123
2009-04-19,MEX,22.281651401575175
2009-04-20,MEX,21.839991910701542
2009-04-21,MEX,21.844104942202136
2009-04-22,MEX,22.554061107363566
2009-04-23,MEX,22.8198499232808
2009-04-24,MEX,22.798109875322837
2009-04-25,MEX,23.303815530164286
2009-04-26,MEX,23.310533404000182
2009-04-27,MEX,23.125284560289856
2009-04-28,MEX,23.161249504224827
2009-04-29,MEX,23.78577068233028
2009-04-30,MEX,24.037958831048456
2009-05-01,MEX,24.4308542336575
2009-05-02,MEX,24.851292972347608
2009-05-03,MEX,24.941131746788642
2009-05-04,MEX,25.322743194771135
2009-05-05,MEX,25.51627746957962
2009-05-06,MEX,26.18613887087122
2009-05-07,MEX,26.419899184768383
2009-05-08,MEX,26.677981772448845
2009-05-09,MEX,26.512121281317945
2009-05-10,MEX,25.844257473569087
2009-05-11,MEX,25.646297613559682
2009-05-12,MEX,25.396491634354504
2009-05-13,MEX,25.34172967517702
2009-05-14,MEX,25.233386741666436
2009-05-15,MEX,24.512126930818567
2009-05-16,MEX,24.22488295808796
2009-05-17,MEX,23.424072665135725
2009-05-18,MEX,23.08947028742432
2009-05-19,MEX,22.983132184254487
2009-05-20,MEX,22.271083560510306
2009-05-21,MEX,21.956672935021288
2009-05-22,MEX,21.88804393254867
2009-05-23,MEX,22.397205334393618
2009-05-24,MEX,23.449915024062705
2009-05-25,MEX,23.866345439363158
2009-05-26,MEX,24.301925504237545
2009-05-27,MEX,24.565454571558917
2009-05-28,MEX,24.475863042969593
2009-05-29,MEX,24.24943068205937
2009-05-30,MEX,23.890905383872166
2009-05-31,MEX,23.979589496664573
2009-06-01,MEX,23.979762720324345
2009-06-02,MEX,24.45305937218501
2009-06-03,MEX,25.099086373032435
2009-06-04,MEX,25.471192661802036
2009-06-05,MEX,25.729565637272685
2009-06-06,MEX,25.54057137036557
2009-06-07,MEX,25.623179126374907
2009-06-08,MEX,26.03234996461714
2009-06-09,MEX,26.00461104436988
2009-06-10,MEX,25.87825466232573
2009-06-11,MEX,26.37900612764139
2009-06-12,MEX,26.76573959088239
2009-06-13,MEX,26.799251625825377
2009-06-14,MEX,26.720602700087
2009-06-15,MEX,25.932233340767482
2009-06-16,MEX,26.074847167892756
2009-06-17,MEX,25.828172543594064
2009-06-18,MEX,24.7528668493768
2009-06-19,MEX,23.548474253622544
2009-06-20,MEX,23.569355643091342
2009-06-21,MEX,24.138677199707615
2009-06-22,MEX,24.414786709186785
2009-06-23,MEX,24.487160553352567
2009-06-24,MEX,24.775329526310088
2009-06-25,MEX,25.188764413140575
2009-06-26,MEX,24.917880325119825
2009-06-27,MEX,25.11786112787638
2009-06-28,MEX,25.17931108100248
2009-06-29,MEX,24.757315280825992
2009-06-30,MEX,25.023206016187885
2009-07-01,MEX,24.870365731311608
2009-07-02,MEX,25.043806338887748
2009-07-03,MEX,24.766876497551777
2009-07-04,MEX,25.01689347318603
2009-07-05,MEX,25.611957601276004
2009-07-06,MEX,25.44185275795968
2009-07-07,MEX,25.798935492914154
2009-07-08,MEX,26.14818891961164
2009-07-09,MEX,26.154503555552992
2009-07-10,MEX,26.094234338279477
2009-07-11,MEX,25.85985669948178
2009-07-12,MEX,25.645229517910423
2009-07-13,MEX,25.798030273518236
2009-07-14,MEX,26.293089146089017
2009-07-15,MEX,26.65646720707531
2009-07-16,MEX,26.695513567134924
2009-07-17,MEX,26.658386580649164
2009-07-18,MEX,26.77939737894735
2009-07-19,MEX,26.408064326223496
2009-07-20,MEX,26.759060282851806
2009-07-21,MEX,26.78740748703757
2009-07-22,MEX,26.106258692524136
2009-07-23,MEX,25.664344530103563
2009-07-24,MEX,25.64430520726762
2009-07-25,MEX,26.2004154286127
2009-07-26,MEX,26.69521827040154
2009-07-27,MEX,27.137552684299862
2009-07-28,MEX,27.16898018216841
2009-07-29,MEX,26.415823103181424
2009-07-30,MEX,26.539568799819335
2009-07-31,MEX,25.785379989060857
2009-08-01,MEX,25.75417629748995
2009-08-02,MEX,25.71005024396817
2009-08-03,MEX,26.001674373018545
2009-08-04,MEX,26.21316822488552
2009-08-05,MEX,26.762568626882512
2009-08-06,MEX,26.488113437465188
2009-08-07,MEX,26.162364073814842
2009-08-08,MEX,25.689759750684573
2009-08-09,MEX,25.30370877166331
2009-08-10,MEX,25.441410522315834
2009-08-11,MEX,25.242097263000744
2009-08-12,MEX,25.621635566276893
2009-08-13,MEX,25.54363512621444
2009-08-14,MEX,25.52231098663958
2009-08-15,MEX,26.300294733490375
2009-08-16,MEX,26.014779488810575
2009-08-17,MEX,25.735682693896422
2009-08-18,MEX,25.379804895294626
2009-08-19,MEX,24.936486579669236
2009-08-20,MEX,25.313411128607754
2009-08-21,MEX,25.09913514389831
2009-08-22,MEX,24.369768535717128
2009-08-23,MEX,24.831852373899665
2009-08-24,MEX,25.03838804778883
2009-08-25,MEX,25.36873508165536
2009-08-26,MEX,25.409864692025053
2009-08-27,MEX,25.74065163296592
2009-08-28,MEX,25.562888782077266
2009-08-29,MEX,24.726198144600232
2009-08-30,MEX,23.85024475894187
2009-08-31,MEX,23.548150079113725
2009-09-01,MEX,23.522439220382353
2009-09-02,MEX,23.650927984465795
2009-09-03,MEX,24.060715560494884
2009-09-04,MEX,23.594966459694717
2009-09-05,MEX,23.356379994744373
2009-09-06,MEX,23.634779352666214
2009-09-07,MEX,23.7142543739065
2009-09-08,MEX,23.553960788750828
2009-09-09,MEX,24.00543832336848
2009-09-10,MEX,24.269618200763546
2009-09-11,MEX,24.17519872554925
2009-09-12,MEX,24.064902287449172
2009-09-13,MEX,23.707995029150936
2009-09-14,MEX,24.051793196580945
2009-09-15,MEX,24.364606487622893
2009-09-16,MEX,24.6148756819523
2009-09-17,MEX,24.419236083898056
2009-09-18,MEX,23.683341799259722
2009-09-19,MEX,23.361156947757877
2009-09-20,MEX,23.290665187838613
2009-09-21,MEX,24.018544713602296
2009-09-22,MEX,23.961816040653048
2009-09-23,MEX,22.454309453226585
2009-09-24,MEX,21.888819154262023
2009-09-25,MEX,22.42045281483081
2009-09-26,MEX,23.390925608124633
2009-09-27,MEX,23.990907391067935
2009-09-28,MEX,24.46512148576727
2009-09-29,MEX,24.594661781101536
2009-09-30,MEX,24.448693399037097
2009-10-01,MEX,24.251883090107754
2009-10-02,MEX,24.217142845228977
2009-10-03,MEX,23.458294213196325
2009-10-04,MEX,23.664990218548667
2009-10-05,MEX,24.314490049947494
2009-10-06,MEX,24.576026498108035
2009-10-07,MEX,23.897740430567637
2009-10-08,MEX,23.489026330543993
2009-10-09,MEX,22.4869954660835
2009-10-10,MEX,21.5094201868568
2009-10-11,MEX,21.46622189517194
2009-10-12,MEX,21.688157201978356
2009-10-13,MEX,22.422717361945672
2009-10-14,MEX,23.563819242599095
2009-10-15,MEX,24.16700849400752
2009-10-16,MEX,23.874158579367588
2009-10-17,MEX,22.438740576954785
2009-10-18,MEX,21.274798489915952
2009-10-19,MEX,20.68790852202028
2009-10-20,MEX,20.949049338233806
2009-10-21,MEX,20.377706068621478
2009-10-22,MEX,20.410555847097157
2009-10-23,MEX,20.6126021952756
2009-10-24,MEX,20.38988918080537
2009-10-25,MEX,20.807961907883907
2009-10-26,MEX,20.586556727629045
2009-10-27,MEX,18.915920765649503
2009-10-28,MEX,20.151315743998452
2009-10-29,MEX,19.24662864468513
2009-10-30,MEX,17.626391847984053
2009-10-31,MEX,17.252294718387475
2009-11-01,MEX,18.118877883898904
2009-11-02,MEX,18.971021188450095
2009-11-03,MEX,19.03439915090246
2009-11-04,MEX,18.731202273628355
2009-11-05,MEX,18.67342626254822
2009-11-06,MEX,18.32500233226824
2009-11-07,MEX,18.64507855310137
2009-11-08,MEX,19.016659808606448
2009-11-09,MEX,19.249889973493225
2009-11-10,MEX,19.211505680070047
2009-11-11,MEX,18.924948951972226
2009-11-12,MEX,18.233765096066804
2009-11-13,MEX,18.554609960618905
2009-11-14,MEX,18.654115627742897
2009-11-15,MEX,18.5912951647108
2009-11-16,MEX,17.759800723132912
2009-11-17,MEX,16.533821410542885
2009-11-18,MEX,16.64107526079414
2009-11-19,MEX,17.733099951690406
2009-11-20,MEX,17.879156248013203
2009-11-21,MEX,16.79366274521294
2009-11-22,MEX,17.341768302566777
2009-11-23,MEX,17.38536540281723
2009-11-24,MEX,17.442689170032622
2009-11-25,MEX,16.30864254812127
2009-11-26,MEX,16.394894609529786
2009-11-27,MEX,16.34866662380375
2009-11-28,MEX,16.67867011300291
2009-11-29,MEX,17.395532831752575
2009-11-30,MEX,16.005479292249788
2009-12-01,MEX,14.56573821773992
2009-12-02,MEX,14.368232709798576
2009-12-03,MEX,13.912073737662865
2009-12-04,MEX,13.487132622669094
2009-12-05,MEX,12.32218938614426
2009-12-06,MEX,14.965476949199228
2009-12-07,MEX,16.181949479436014
2009-12-08,MEX,17.94825944706855
2009-12-09,MEX,17.042791449735546
2009-12-10,MEX,16.227832587812088
2009-12-11,MEX,15.906427318857425
2009-12-12,MEX,16.473323325871434
2009-12-13,MEX,16.667118706456904
2009-12-14,MEX,17.17461936221696
2009-12-15,MEX,16.551348216229258
2009-12-16,MEX,15.204132525190118
2009-12-17,MEX,14.734287871541085
2009-12-18,MEX,14.813868880286407
2009-12-19,MEX,14.367206332380931
2009-12-20,MEX,13.663732075208827
2009-12-21,MEX,13.838794102731981
2009-12-22,MEX,14.572128085673512
2009-12-23,MEX,14.956256872435745
2009-12-24,MEX,13.977246092781456
2009-12-25,MEX,12.788742943738214
2009-12-26,MEX,13.29855777825236
2009-12-27,MEX,13.153168652556303
2009-12-28,MEX,13.51181640533116
2009-12-29,MEX,13.462339075429213
2009-12-30,MEX,14.038115145018821
2009-12-31,MEX,15.306245049798974
2010-01-01,MEX,14.75911825676576
2010-01-02,MEX,13.584126879183373
2010-01-03,MEX,14.16136357965479
2010-01-04,MEX,13.648559151255142
2010-01-05,MEX,12.930613073071925
2010-01-06,MEX,13.558366484709722
2010-01-07,MEX,13.85787108448676
2010-01-08,MEX,12.004074735640074
2010-01-09,MEX,10.35744343478325
2010-01-10,MEX,10.587156278363352
2010-01-11,MEX,11.397603459972743
2010-01-12,MEX,12.431185072591347
2010-01-13,MEX,12.778751130337184
2010-01-14,MEX,13.798881442629579
2010-01-15,MEX,13.660189091381312
2010-01-16,MEX,13.1066035687532
2010-01-17,MEX,13.643158003625103
2010-01-18,MEX,15.460964057772912
2010-01-19,MEX,16.416407283703563
2010-01-20,MEX,16.909942698309862
2010-01-21,MEX,17.15874140589483
2010-01-22,MEX,17.38233938020312
2010-01-23,MEX,16.92589952221232
2010-01-24,MEX,15.322174500674464
2010-01-25,MEX,13.834602476581153
2010-01-26,MEX,14.713932494857147
2010-01-27,MEX,15.629908886928149
2010-01-28,MEX,16.462576588123227
2010-01-29,MEX,15.587733005068458
2010-01-30,MEX,14.568737982392861
2010-01-31,MEX,13.682429490952359
2010-02-01,MEX,14.001675827610882
2010-02-02,MEX,14.342600327451066
2010-02-03,MEX,14.200746777393874
2010-02-04,MEX,13.927464292021625
2010-02-05,MEX,14.312825807967897
2010-02-06,MEX,14.752787146803712
2010-02-07,MEX,15.09444059225865
2010-02-08,MEX,15.31376144985137
2010-02-09,MEX,14.799231160278964
2010-02-10,MEX,14.020723563898457
2010-02-11,MEX,13.901470907936016
2010-02-12,MEX,14.131876868260917
2010-02-13,MEX,14.579901559501252
2010-02-14,MEX,15.677268590934887
2010-02-15,MEX,15.04051117436859
2010-02-16,MEX,13.68536651983834
2010-02-17,MEX,13.907884582122733
2010-02-18,MEX,13.706244253509794
2010-02-19,MEX,14.781272653987003
2010-02-20,MEX,16.280693861867974
2010-02-21,MEX,16.58820228256576
2010-02-22,MEX,16.574483021746403
2010-02-23,MEX,15.48487940061716
2010-02-24,MEX,12.775049870033172
2010-02-25,MEX,13.707403415548981
2010-02-26,MEX,15.944549579612726
2010-02-27,MEX,15.72736486287181
2010-02-28,MEX,15.91401089008923
2010-03-01,MEX,16.125335563177657
2010-03-02,MEX,15.35856255568001
2010-03-03,MEX,15.379806586625648
2010-03-04,MEX,16.372694854804024
2010-03-05,MEX,17.229837280667994
2010-03-06,MEX,17.475887024288056
2010-03-07,MEX,17.636458926409034
2010-03-08,MEX,18.071674208630384
2010-03-09,MEX,18.076763106357873
2010-03-10,MEX,18.081250536887467
2010-03-11,MEX,17.595727167611074
2010-03-12,MEX,16.753876135043356
2010-03-13,MEX,16.472426542999187
2010-03-14,MEX,17.902569833540554
2010-03-15,MEX,18.253064035118484
2010-03-16,MEX,17.202748831175256
2010-03-17,MEX,16.946104722032942
2010-03-18,MEX,17.285162781653298
2010-03-19,MEX,18.63830852570402
2010-03-20,MEX,18.5038408227673
2010-03-21,MEX,16.215536612866003
2010-03-22,MEX,16.528328810700827
2010-03-23,MEX,18.825332479733845
2010-03-24,MEX,19.06484862704491
2010-03-25,MEX,18.921396773403785
2010-03-26,MEX,19.277330461063627
2010-03-27,MEX,20.195885498625444
2010-03-28,MEX,19.886460290118578
2010-03-29,MEX,18.275017000807622
2010-03-30,MEX,19.070267543687407
2010-03-31,MEX,20.74694606684369
2010-04-01,MEX,20.627028798141225
2010-04-02,MEX,20.200824759059003
2010-04-03,MEX,20.381774550198315
2010-04-04,MEX,21.600163157389716
2010-04-05,MEX,22.188175405931986
2010-04-06,MEX,22.33176908836498
2010-04-07,MEX,22.153572105159526
2010-04-08,MEX,20.685549976382674
2010-04-09,MEX,20.29591668051097
2010-04-10,MEX,21.16664441105297
2010-04-11,MEX,21.90196689046701
2010-04-12,MEX,21.393849742418865
2010-04-13,MEX,19.9625390886805
2010-04-14,MEX,19.855703399393917
2010-04-15,MEX,20.0582421904881
2010-04-16,MEX,20.699152641531214
2010-04-17,MEX,20.84843348970452
2010-04-18,MEX,19.92632823366023
2010-04-19,MEX,20.40892172620761
2010-04-20,MEX,19.940216440356437
2010-04-21,MEX,21.064500602575208
2010-04-22,MEX,20.66575201517867
2010-04-23,MEX,20.746359454258993
2010-04-24,MEX,20.922793086717775
2010-04-25,MEX,21.476389638858336
2010-04-26,MEX,21.65713936313125
2010-04-27,MEX,22.0243710561914
2010-04-28,MEX,21.136495728989928
2010-04-29,MEX,22.275890577314897
2010-04-30,MEX,21.791126868300637
2010-05-01,MEX,20.614212324295238
2010-05-02,MEX,20.323246955008983
2010-05-03,MEX,21.211784109962025
2010-05-04,MEX,22.709391708551607
2010-05-05,MEX,24.469849791121135
2010-05-06,MEX,25.450454996111148
2010-05-07,MEX,25.760289474056606
2010-05-08,MEX,25.695906340439137
2010-05-09,MEX,24.82258355867259
2010-05-10,MEX,25.41853267889627
2010-05-11,MEX,25.154029875123456
2010-05-12,MEX,24.60169944496323
2010-05-13,MEX,24.057598370916537
2010-05-14,MEX,24.225000290519233
2010-05-15,MEX,23.866999769451525
2010-05-16,MEX,23.92036575390415
2010-05-17,MEX,23.763406434314447
2010-05-18,MEX,24.056896726885043
2010-05-19,MEX,24.53799799262805
2010-05-20,MEX,25.34652369245481
2010-05-21,MEX,25.58404002609001
2010-05-22,MEX,25.619770967197894
2010-05-23,MEX,24.901529570588934
2010-05-24,MEX,23.947464973783326
2010-05-25,MEX,24.17303962719933
2010-05-26,MEX,24.43027022210839
2010-05-27,MEX,24.490525047468395
2010-05-28,MEX,24.375017506563893
2010-05-29,MEX,24.496763863016895
2010-05-30,MEX,24.188939667212537
2010-05-31,MEX,24.793983121953147
2010-06-01,MEX,25.20404220490002
2010-06-02,MEX,25.41745916095806
2010-06-03,MEX,25.529165531939498
2010-06-04,MEX,26.115732183713533
2010-06-05,MEX,26.77175036259007
2010-06-06,MEX,27.263280708819366
2010-06-07,MEX,26.89960238934799
2010-06-08,MEX,25.637518359612272
2010-06-09,MEX,26.24448626653873
2010-06-10,MEX,26.21281975238975
2010-06-11,MEX,25.323438141990607
2010-06-12,MEX,25.308942338940312
2010-06-13,MEX,24.971313384153632
2010-06-14,MEX,25.174818282021306
2010-06-15,MEX,25.456407933403
2010-06-16,MEX,25.34975698833597
2010-06-17,MEX,25.18265343594561
2010-06-18,MEX,25.45563896610298
2010-06-19,MEX,25.601938176325802
2010-06-20,MEX,25.854763069676096
2010-06-21,MEX,26.374197713750107
2010-06-22,MEX,26.40697175275841
2010-06-23,MEX,26.382488486434738
2010-06-24,MEX,26.309067227539742
2010-06-25,MEX,26.036954197515286
2010-06-26,MEX,26.28974740531453
2010-06-27,MEX,25.810819958317154
2010-06-28,MEX,25.397194743378122
2010-06-29,MEX,24.83935707492691
2010-06-30,MEX,25.22862006066771
2010-07-01,MEX,24.830691095125474
2010-07-02,MEX,24.613162091839058
2010-07-03,MEX,24.234844680387198
2010-07-04,MEX,23.8895673286205
2010-07-05,MEX,24.05171336269632
2010-07-06,MEX,23.99895782002602
2010-07-07,MEX,23.93532866836
2010-07-08,MEX,24.050697412912598
2010-07-09,MEX,24.014406073850807
2010-07-10,MEX,23.797214822293824
2010-07-11,MEX,23.996281728302506
2010-07-12,MEX,24.705624001540116
2010-07-13,MEX,25.38754456388142
2010-07-14,MEX,25.853925949732286
2010-07-15,MEX,25.889336680327915
2010-07-16,MEX,25.745501620590858
2010-07-17,MEX,25.009880359804356
2010-07-18,MEX,25.114212086003647
2010-07-19,MEX,25.580412343492753
2010-07-20,MEX,25.43184965726067
2010-07-21,MEX,24.939678879253506
2010-07-22,MEX,24.26431045340115
2010-07-23,MEX,24.109463302007043
2010-07-24,MEX,24.33524019643096
2010-07-25,MEX,23.955770254649792
2010-07-26,MEX,23.426991008432992
2010-07-27,MEX,23.439661394044776
2010-07-28,MEX,23.568977642845994
2010-07-29,MEX,23.713444011957108
2010-07-30,MEX,23.470459446374548
2010-07-31,MEX,23.91079945116826
2010-08-01,MEX,24.478396531980366
2010-08-02,MEX,25.36519326547949
2010-08-03,MEX,25.833113237191867
2010-08-04,MEX,26.009916773651298
2010-08-05,MEX,25.69817438391317
2010-08-06,MEX,25.534966797494235
2010-08-07,MEX,25.43797982271394
2010-08-08,MEX,25.21172254258596
2010-08-09,MEX,25.406908143887676
2010-08-10,MEX,25.936470069071845
2010-08-11,MEX,25.972186726598125
2010-08-12,MEX,25.470687837884157
2010-08-13,MEX,25.662345227546723
2010-08-14,MEX,25.44602246420294
2010-08-15,MEX,25.302637837064708
2010-08-16,MEX,25.052150703432687
2010-08-17,MEX,25.290423912587073
2010-08-18,MEX,25.611420167301503
2010-08-19,MEX,25.764877597180202
2010-08-20,MEX,25.30786628146967
2010-08-21,MEX,25.09170253640866
2010-08-22,MEX,25.403180515344104
2010-08-23,MEX,25.683739758495506
2010-08-24,MEX,26.160138794081774
2010-08-25,MEX,25.50535000233151
2010-08-26,MEX,24.663938294813875
2010-08-27,MEX,24.200823238997316
2010-08-28,MEX,24.433261302826338
2010-08-29,MEX,24.76311121199285
2010-08-30,MEX,24.85886988338399
2010-08-31,MEX,24.942850612714324
2010-09-01,MEX,25.050187414399375
2010-09-02,MEX,25.533926005500405
2010-09-03,MEX,25.257453897066853
2010-09-04,MEX,23.96971127427065
2010-09-05,MEX,23.754837381581865
2010-09-06,MEX,24.3751451679409
2010-09-07,MEX,24.34702405436616
2010-09-08,MEX,24.39114268938812
2010-09-09,MEX,24.29904617995203
2010-09-10,MEX,24.16483948093162
2010-09-11,MEX,24.560420118060904
2010-09-12,MEX,24.54218589823347
2010-09-13,MEX,24.601275135935282
2010-09-14,MEX,24.690669320140216
2010-09-15,MEX,24.784717931639022
2010-09-16,MEX,24.929298469388527
2010-09-17,MEX,24.35691141877777
2010-09-18,MEX,24.204892006726993
2010-09-19,MEX,24.10417558961774
2010-09-20,MEX,23.70418231278569
2010-09-21,MEX,23.240875596756325
2010-09-22,MEX,22.919207754349486
2010-09-23,MEX,22.972663796281893
2010-09-24,MEX,23.48658760378396
2010-09-25,MEX,23.84918249314063
2010-09-26,MEX,23.230592146142214
2010-09-27,MEX,22.24306514771655
2010-09-28,MEX,22.268784545103586
2010-09-29,MEX,22.73960396431147
2010-09-30,MEX,22.98978569441863
2010-10-01,MEX,23.11230064923336
2010-10-02,MEX,22.68282679590891
2010-10-03,MEX,22.453187764168206
2010-10-04,MEX,21.429719273335706
2010-10-05,MEX,20.80292487219515
2010-10-06,MEX,20.59928524688212
2010-10-07,MEX,20.581890044220188
2010-10-08,MEX,20.728054163269064
2010-10-09,MEX,21.19204947106317
2010-10-10,MEX,21.78486481778441
2010-10-11,MEX,21.824260777626193
2010-10-12,MEX,22.106817947465743
2010-10-13,MEX,22.073677112078144
2010-10-14,MEX,21.32173610740375
2010-10-15,MEX,20.161662526336556
2010-10-16,MEX,20.34956373329271
2010-10-17,MEX,20.463679524224915
2010-10-18,MEX,20.63889582425395
2010-10-19,MEX,20.69045557133012
2010-10-20,MEX,20.555082589085714
2010-10-21,MEX,20.650947260581177
2010-10-22,MEX,20.385329555104875
2010-10-23,MEX,20.430011122744816
2010-10-24,MEX,20.58753184189038
2010-10-25,MEX,21.091819038014307
2010-10-26,MEX,21.663353093545936
2010-10-27,MEX,21.72465363940205
2010-10-28,MEX,21.71709418955288
2010-10-29,MEX,20.2915001430149
2010-10-30,MEX,20.03566269738559
2010-10-31,MEX,21.043932543128562
2010-11-01,MEX,21.42210181704735
2010-11-02,MEX,20.992092328532465
2010-11-03,MEX,19.56672408034831
2010-11-04,MEX,18.687749140539154
2010-11-05,MEX,16.30723565139607
2010-11-06,MEX,16.23650691455333
2010-11-07,MEX,16.52789417217201
2010-11-08,MEX,16.583179538993534
2010-11-09,MEX,17.09120863409254
2010-11-10,MEX,17.01640704064016
2010-11-11,MEX,17.512076354715816
2010-11-12,MEX,17.788793315668045
2010-11-13,MEX,16.970485723715512
2010-11-14,MEX,16.861037211306723
2010-11-15,MEX,17.74760254039279
2010-11-16,MEX,17.22237150254813
2010-11-17,MEX,17.194346057852385
2010-11-18,MEX,17.375959481644884
2010-11-19,MEX,16.869430826831888
2010-11-20,MEX,17.983174374039493
2010-11-21,MEX,19.022366600539613
2010-11-22,MEX,19.241467792751905
2010-11-23,MEX,18.300037226443067
2010-11-24,MEX,18.62410162303729
2010-11-25,MEX,18.530386411479526
2010-11-26,MEX,16.374310949462313
2010-11-27,MEX,14.815389896351007
2010-11-28,MEX,15.860712711234612
2010-11-29,MEX,17.15734685519851
2010-11-30,MEX,15.000803483221205
2010-12-01,MEX,13.274333454028863
2010-12-02,MEX,14.4949401483006
2010-12-03,MEX,15.51342391538094
2010-12-04,MEX,16.03479437935397
2010-12-05,MEX,16.003806307877994
2010-12-06,MEX,15.602813790367179
2010-12-07,MEX,15.872049961179357
2010-12-08,MEX,15.93046304089529
2010-12-09,MEX,14.545810934273561
2010-12-10,MEX,15.203892852379113
2010-12-11,MEX,16.27776742309885
2010-12-12,MEX,15.88345260549346
2010-12-13,MEX,14.530989975706632
2010-12-14,MEX,14.843098528889016
2010-12-15,MEX,15.429294024853561
2010-12-16,MEX,15.71758691444171
2010-12-17,MEX,15.178673086062133
2010-12-18,MEX,14.662082558220618
2010-12-19,MEX,15.319414590831286
2010-12-20,MEX,16.598206283264744
2010-12-21,MEX,16.833903667088634
2010-12-22,MEX,16.505669714495752
2010-12-23,MEX,16.31685865266843
2010-12-24,MEX,15.564610489088182
2010-12-25,MEX,14.40160581472361
2010-12-26,MEX,12.978082376662314
2010-12-27,MEX,13.12999866389066
2010-12-28,MEX,13.88883775985488
2010-12-29,MEX,14.56086195767756
2010-12-30,MEX,15.48432870969151
2010-12-31,MEX,15.313926641285605
2011-01-01,MEX,14.177765936795026
2011-01-02,MEX,13.403026058648834
2011-01-03,MEX,14.235873128276125
2011-01-04,MEX,15.464173838120416
2011-01-05,MEX,15.844407946904312
2011-01-06,MEX,16.165459095603694
2011-01-07,MEX,16.59212675511276
2011-01-08,MEX,16.040003630021943
2011-01-09,MEX,15.529797932990107
2011-01-10,MEX,15.245865621091752
2011-01-11,MEX,14.405810570941355
2011-01-12,MEX,12.898462116366773
2011-01-13,MEX,12.358293701735988
2011-01-14,MEX,13.080958568349843
2011-01-15,MEX,14.170569199861518
2011-01-16,MEX,14.410177889140982
2011-01-17,MEX,15.430134212735311
2011-01-18,MEX,17.013537278974297
2011-01-19,MEX,17.00552704513632
2011-01-20,MEX,17.02944986353117
2011-01-21,MEX,15.232796508583533
2011-01-22,MEX,14.921162921322946
2011-01-23,MEX,15.01355450153352
2011-01-24,MEX,14.696325433119341
2011-01-25,MEX,14.523979947347868
2011-01-26,MEX,13.714808278525595
2011-01-27,MEX,14.280286091145513
2011-01-28,MEX,14.719187930697672
2011-01-29,MEX,15.788728257995388
2011-01-30,MEX,16.014111646578783
2011-01-31,MEX,16.358352559098705
2011-02-01,MEX,15.77919264620806
2011-02-02,MEX,12.571221530820992
2011-02-03,MEX,8.706013238082107
2011-02-04,MEX,7.90019963605431
2011-02-05,MEX,10.775871093650323
2011-02-06,MEX,14.012374812641042
2011-02-07,MEX,14.921072587430501
2011-02-08,MEX,15.253581583514574
2011-02-09,MEX,16.20490874036102
2011-02-10,MEX,13.412708382243977
2011-02-11,MEX,13.363451788763768
2011-02-12,MEX,14.022224024219213
2011-02-13,MEX,14.828949584312795
2011-02-14,MEX,16.718590091813326
2011-02-15,MEX,17.916463986614076
2011-02-16,MEX,18.73765883189344
2011-02-17,MEX,19.32495508528291
2011-02-18,MEX,19.004543416152273
2011-02-19,MEX,19.011834016492458
2011-02-20,MEX,18.951159615095833
2011-02-21,MEX,18.513773759714127
2011-02-22,MEX,18.25108450673838
2011-02-23,MEX,18.427803178080808
2011-02-24,MEX,18.608241768635764
2011-02-25,MEX,17.983487346575714
2011-02-26,MEX,18.832335032603908
2011-02-27,MEX,19.11035473757653
2011-02-28,MEX,18.01123583818986
2011-03-01,MEX,17.919855894222053
2011-03-02,MEX,19.023375834391857
2011-03-03,MEX,20.24412662575429
2011-03-04,MEX,20.59802475713809
2011-03-05,MEX,19.88515600466178
2011-03-06,MEX,17.93708828249106
2011-03-07,MEX,18.857352539758608
2011-03-08,MEX,19.70001358370149
2011-03-09,MEX,19.516594790217027
2011-03-10,MEX,18.923108702312845
2011-03-11,MEX,18.437991773575106
2011-03-12,MEX,19.52386034499733
2011-03-13,MEX,19.906392768202466
2011-03-14,MEX,20.009947405653122
2011-03-15,MEX,20.199288477652033
2011-03-16,MEX,20.53811901429856
2011-03-17,MEX,21.065699407764157
2011-03-18,MEX,21.47328180198116
2011-03-19,MEX,21.30702978536425
2011-03-20,MEX,21.20734862966964
2011-03-21,MEX,21.288741604342874
2011-03-22,MEX,20.574275993319816
2011-03-23,MEX,20.652375618920587
2011-03-24,MEX,21.057706991184318
2011-03-25,MEX,21.280048450345305
2011-03-26,MEX,21.68043614253952
2011-03-27,MEX,21.673608696674194
2011-03-28,MEX,21.809138998199558
2011-03-29,MEX,21.896781493034666
2011-03-30,MEX,21.654483688525602
2011-03-31,MEX,21.986015509095694
2011-04-01,MEX,22.94661057646215
2011-04-02,MEX,23.41521120839724
2011-04-03,MEX,23.617417540050383
2011-04-04,MEX,23.71995667892145
2011-04-05,MEX,22.292355751131993
2011-04-06,MEX,22.966583347900837
2011-04-07,MEX,23.039843890500322
2011-04-08,MEX,23.10603195681165
2011-04-09,MEX,22.87231687372389
2011-04-10,MEX,22.381903898958228
2011-04-11,MEX,22.100740019652847
2011-04-12,MEX,21.678920779763416
2011-04-13,MEX,22.53584712487435
2011-04-14,MEX,23.258294394506663
2011-04-15,MEX,23.341072213950156
2011-04-16,MEX,22.6871182592306
2011-04-17,MEX,23.012977167707675
2011-04-18,MEX,23.48651632959428
2011-04-19,MEX,23.662775165505366
2011-04-20,MEX,23.64445866924683
2011-04-21,MEX,23.912966258680058
2011-04-22,MEX,23.942785667222267
2011-04-23,MEX,24.0066443887074
2011-04-24,MEX,23.832879984692283
2011-04-25,MEX,24.003853118262555
2011-04-26,MEX,24.617536581498257
2011-04-27,MEX,25.10061951472693
2011-04-28,MEX,24.380928057785866
2011-04-29,MEX,24.60657548477343
2011-04-30,MEX,25.096950159240578
2011-05-01,MEX,24.595316866736482
2011-05-02,MEX,22.71308204692076
2011-05-03,MEX,21.393958870828214
2011-05-04,MEX,21.789920176820942
2011-05-05,MEX,23.017014824332932
2011-05-06,MEX,23.834350994481383
2011-05-07,MEX,24.44868989415886
2011-05-08,MEX,25.07893478988899
2011-05-09,MEX,25.303390533636957
2011-05-10,MEX,24.85813036968443
2011-05-11,MEX,24.237489994972123
2011-05-12,MEX,24.630161667105085
2011-05-13,MEX,24.888907653083947
2011-05-14,MEX,24.698460232795924
2011-05-15,MEX,23.970000760674964
2011-05-16,MEX,23.508247433910924
2011-05-17,MEX,23.696743565271163
2011-05-18,MEX,24.19800952876028
2011-05-19,MEX,24.403683930945874
2011-05-20,MEX,24.272750719471674
2011-05-21,MEX,24.570105089204503
2011-05-22,MEX,25.329801854203083
2011-05-23,MEX,25.53900660273996
2011-05-24,MEX,26.045401977679944
2011-05-25,MEX,26.576088644388904
2011-05-26,MEX,26.781872208498385
2011-05-27,MEX,27.297459059004154
2011-05-28,MEX,27.520961658234228
2011-05-29,MEX,27.269552832085765
2011-05-30,MEX,26.30882409713564
2011-05-31,MEX,26.31471828708112
2011-06-01,MEX,26.08681954888982
2011-06-02,MEX,25.531472715850043
2011-06-03,MEX,25.391322544532045
2011-06-04,MEX,25.285338741732744
2011-06-05,MEX,25.52110125245821
2011-06-06,MEX,25.59890507102972
2011-06-07,MEX,25.94558279734713
2011-06-08,MEX,26.32997748641236
2011-06-09,MEX,26.431035319452462
2011-06-10,MEX,26.477003869814666
2011-06-11,MEX,26.209750812606956
2011-06-12,MEX,26.30556944177266
2011-06-13,MEX,26.27669090298616
2011-06-14,MEX,26.82331886393166
2011-06-15,MEX,27.36096359649963
2011-06-16,MEX,27.43986910588768
2011-06-17,MEX,27.280299040533237
2011-06-18,MEX,27.39863782164616
2011-06-19,MEX,27.34482713340725
2011-06-20,MEX,26.822450359754896
2011-06-21,MEX,26.77705067064153
2011-06-22,MEX,25.92821418854419
2011-06-23,MEX,25.705162883461526
2011-06-24,MEX,26.299391666096426
2011-06-25,MEX,26.890231119154294
2011-06-26,MEX,26.844089375866645
2011-06-27,MEX,26.520345556196503
2011-06-28,MEX,26.241124104250332
2011-06-29,MEX,25.89678155618924
2011-06-30,MEX,25.41512073767916
2011-07-01,MEX,25.046442941144164
2011-07-02,MEX,24.598586814973658
2011-07-03,MEX,23.849373145742902
2011-07-04,MEX,24.004293852436774
2011-07-05,MEX,24.492155948319976
2011-07-06,MEX,24.90369329928501
2011-07-07,MEX,25.518619558190892
2011-07-08,MEX,26.032855700913444
2011-07-09,MEX,26.11825052309439
2011-07-10,MEX,25.103579993813923
2011-07-11,MEX,24.25467627734224
2011-07-12,MEX,24.81739233078804
2011-07-13,MEX,24.807769537685658
2011-07-14,MEX,24.4985850555517
2011-07-15,MEX,24.99501641297917
2011-07-16,MEX,25.15800891954109
2011-07-17,MEX,25.144890094652737
2011-07-18,MEX,25.398187143154587
2011-07-19,MEX,25.77179652531646
2011-07-20,MEX,25.798837927691523
2011-07-21,MEX,25.912482458657962
2011-07-22,MEX,25.15023893293727
2011-07-23,MEX,24.586022535370148
2011-07-24,MEX,24.498891588855145
2011-07-25,MEX,25.169627762021037
2011-07-26,MEX,25.692974269109698
2011-07-27,MEX,25.405736572468868
2011-07-28,MEX,25.161372584814046
2011-07-29,MEX,25.15099493097523
2011-07-30,MEX,24.960322819770738
2011-07-31,MEX,24.916158648560156
2011-08-01,MEX,25.395352791105893
2011-08-02,MEX,26.445733025431025
2011-08-03,MEX,26.4098547698253
2011-08-04,MEX,26.103595738374736
2011-08-05,MEX,26.47176014982267
2011-08-06,MEX,26.124806662858248
2011-08-07,MEX,25.952703381646472
2011-08-08,MEX,25.702926689194953
2011-08-09,MEX,25.95138417853633
2011-08-10,MEX,25.699709259143503
2011-08-11,MEX,25.570610781020946
2011-08-12,MEX,25.394190217308562
2011-08-13,MEX,25.74819586391203
2011-08-14,MEX,24.86939454608529
2011-08-15,MEX,24.992775493748297
2011-08-16,MEX,25.432632640143026
2011-08-17,MEX,26.289674160169227
2011-08-18,MEX,26.238629864500012
2011-08-19,MEX,25.726806643277314
2011-08-20,MEX,25.779793019646547
2011-08-21,MEX,25.460691773291614
2011-08-22,MEX,25.94111477790119
2011-08-23,MEX,25.942376545822015
2011-08-24,MEX,25.99272900951547
2011-08-25,MEX,26.12640440722805
2011-08-26,MEX,25.61568773655472
2011-08-27,MEX,24.974195795672358
2011-08-28,MEX,25.20470936603732
2011-08-29,MEX,25.519803860241325
2011-08-30,MEX,25.71327680362782
2011-08-31,MEX,25.630361075416488
2011-09-01,MEX,25.18888048981114
2011-09-02,MEX,24.801140960511816
2011-09-03,MEX,24.847846965274982
2011-09-04,MEX,25.18377951932831
2011-09-05,MEX,24.586989036766226
2011-09-06,MEX,24.21095054321023
2011-09-07,MEX,23.9705744766091
2011-09-08,MEX,23.846918953335603
2011-09-09,MEX,23.561078538648303
2011-09-10,MEX,23.753076619207206
2011-09-11,MEX,24.008423538115267
2011-09-12,MEX,24.536055181040354
2011-09-13,MEX,24.734666783215516
2011-09-14,MEX,25.013749370744733
2011-09-15,MEX,24.58320880567817
2011-09-16,MEX,23.52711131505464
2011-09-17,MEX,23.840857821761574
2011-09-18,MEX,23.93307791104428
2011-09-19,MEX,23.98961618025453
2011-09-20,MEX,24.236655609706418
2011-09-21,MEX,24.343792151763296
2011-09-22,MEX,24.44223998998831
2011-09-23,MEX,24.246385833966883
2011-09-24,MEX,24.31723048503102
2011-09-25,MEX,24.545765625724925
2011-09-26,MEX,24.930655912676116
2011-09-27,MEX,24.87403819621892
2011-09-28,MEX,24.497046743284443
2011-09-29,MEX,23.829943864112977
2011-09-30,MEX,23.34849548419203
2011-10-01,MEX,22.863740247217663
2011-10-02,MEX,22.699778245756136
2011-10-03,MEX,22.5038411510713
2011-10-04,MEX,22.276660471162586
2011-10-05,MEX,22.388847205376408
2011-10-06,MEX,22.82461485271699
2011-10-07,MEX,22.67715736049763
2011-10-08,MEX,21.95147041714347
2011-10-09,MEX,21.40936110456039
2011-10-10,MEX,21.1320211292026
2011-10-11,MEX,21.47894242461831
2011-10-12,MEX,21.940824848255318
2011-10-13,MEX,22.383053925555146
2011-10-14,MEX,22.236557739610703
2011-10-15,MEX,22.24726495099128
2011-10-16,MEX,22.321431557453707
2011-10-17,MEX,22.62084055817934
2011-10-18,MEX,22.6722621351405
2011-10-19,MEX,21.057432232031488
2011-10-20,MEX,20.65219376963057
2011-10-21,MEX,21.472864042618426
2011-10-22,MEX,21.520839079730024
2011-10-23,MEX,21.458337293304453
2011-10-24,MEX,21.408584667302023
2011-10-25,MEX,21.21865040627904
2011-10-26,MEX,21.052685698639834
2011-10-27,MEX,20.614457189626137
2011-10-28,MEX,19.07132870612395
2011-10-29,MEX,18.827337801072986
2011-10-30,MEX,19.337209770306686
2011-10-31,MEX,19.729088984518967
2011-11-01,MEX,19.823431977607925
2011-11-02,MEX,20.471208415822275
2011-11-03,MEX,19.37493718508307
2011-11-04,MEX,18.60900695354252
2011-11-05,MEX,19.225255363729843
2011-11-06,MEX,19.160990267888508
2011-11-07,MEX,19.449063930213242
2011-11-08,MEX,19.01786482886513
2011-11-09,MEX,17.733895435052432
2011-11-10,MEX,15.917149464148622
2011-11-11,MEX,15.282713087809213
2011-11-12,MEX,17.472481397796457
2011-11-13,MEX,18.671690870710222
2011-11-14,MEX,18.821022645161236
2011-11-15,MEX,18.384343474810805
2011-11-16,MEX,18.208843376202537
2011-11-17,MEX,17.997252098947286
2011-11-18,MEX,17.784832016849464
2011-11-19,MEX,18.946281366453377
2011-11-20,MEX,19.58854771408528
2011-11-21,MEX,19.694623144906643
2011-11-22,MEX,18.9045870208854
2011-11-23,MEX,18.003390808055315
2011-11-24,MEX,18.12723996105251
2011-11-25,MEX,18.288571052573616
2011-11-26,MEX,17.367222440029707
2011-11-27,MEX,15.19477660440623
2011-11-28,MEX,13.174270653632618
2011-11-29,MEX,14.215263244321761
2011-11-30,MEX,14.617520386959313
2011-12-01,MEX,15.45278686289646
2011-12-02,MEX,15.570994624694265
2011-12-03,MEX,15.741825537875684
2011-12-04,MEX,15.50617539581441
2011-12-05,MEX,14.119764198812106
2011-12-06,MEX,12.974325381001051
2011-12-07,MEX,12.179419219941849
2011-12-08,MEX,13.348163451274331
2011-12-09,MEX,14.802571664706534
2011-12-10,MEX,15.105255015343857
2011-12-11,MEX,13.772819253606713
2011-12-12,MEX,14.907607813091886
2011-12-13,MEX,16.331074172061278
2011-12-14,MEX,16.885417594524938
2011-12-15,MEX,16.002177609584578
2011-12-16,MEX,15.010065995707976
2011-12-17,MEX,14.854211562161993
2011-12-18,MEX,14.915413693793198
2011-12-19,MEX,15.007023864017526
2011-12-20,MEX,14.614841349773144
2011-12-21,MEX,14.463658824651134
2011-12-22,MEX,14.49735140686488
2011-12-23,MEX,13.59446204346466
2011-12-24,MEX,12.558150919483182
2011-12-25,MEX,12.303739356895846
2011-12-26,MEX,12.888245877903103
2011-12-27,MEX,13.807127304009725
2011-12-28,MEX,14.876887765936033
2011-12-29,MEX,15.207609917048217
2011-12-30,MEX,16.147309072589792
2011-12-31,MEX,16.830284557514403
2012-01-01,MEX,16.99380503793219
2012-01-02,MEX,15.627805269428961
2012-01-03,MEX,14.45417081769773
2012-01-04,MEX,14.880219515578005
2012-01-05,MEX,14.989589267527094
2012-01-06,MEX,14.598391763961843
2012-01-07,MEX,15.394768300189469
2012-01-08,MEX,15.71721554717908
2012-01-09,MEX,15.157754524688585
2012-01-10,MEX,13.77754857030908
2012-01-11,MEX,14.362765245280627
2012-01-12,MEX,15.272773036343608
2012-01-13,MEX,13.682193602082577
2012-01-14,MEX,14.192204393921088
2012-01-15,MEX,15.766555000525443
2012-01-16,MEX,17.265638012671445
2012-01-17,MEX,17.859781966944013
2012-01-18,MEX,16.944259115913326
2012-01-19,MEX,16.90172478715715
2012-01-20,MEX,17.879077259626968
2012-01-21,MEX,17.84336900587641
2012-01-22,MEX,18.19529349967479
2012-01-23,MEX,17.591691994230644
2012-01-24,MEX,17.520687012777273
2012-01-25,MEX,16.56203205030687
2012-01-26,MEX,15.417090602216774
2012-01-27,MEX,15.644710352135633
2012-01-28,MEX,15.841727808268502
2012-01-29,MEX,15.039868311630016
2012-01-30,MEX,14.986930900069012
2012-01-31,MEX,16.20678027696181
2012-02-01,MEX,16.86095648962754
2012-02-02,MEX,17.163016872260755
2012-02-03,MEX,17.33256541303291
2012-02-04,MEX,17.169530849617388
2012-02-05,MEX,15.727194095663549
2012-02-06,MEX,14.283649385256581
2012-02-07,MEX,14.96624383975751
2012-02-08,MEX,14.88762850978236
2012-02-09,MEX,14.38503998493536
2012-02-10,MEX,15.34167044400698
2012-02-11,MEX,15.519676241032926
2012-02-12,MEX,14.24458977682474
2012-02-13,MEX,14.597787772530637
2012-02-14,MEX,16.523798419742832
2012-02-15,MEX,16.990656613556723
2012-02-16,MEX,16.86011446819475
2012-02-17,MEX,16.395785009239376
2012-02-18,MEX,16.017500665838156
2012-02-19,MEX,15.70678981710455
2012-02-20,MEX,16.4276837694934
2012-02-21,MEX,17.08554474073253
2012-02-22,MEX,18.372455870855333
2012-02-23,MEX,19.675127459015584
2012-02-24,MEX,18.703322887062086
2012-02-25,MEX,15.743603778821637
2012-02-26,MEX,16.573284847028276
2012-02-27,MEX,18.333924930546573
2012-02-28,MEX,19.095015004931327
2012-02-29,MEX,19.318602690788566
2012-03-01,MEX,19.506672298629553
2012-03-02,MEX,20.001301218148114
2012-03-03,MEX,19.335688340825982
2012-03-04,MEX,17.322834428364615
2012-03-05,MEX,17.620830725789062
2012-03-06,MEX,18.658634799257413
2012-03-07,MEX,19.80920350824215
2012-03-08,MEX,19.846577690740787
2012-03-09,MEX,17.549055207431707
2012-03-10,MEX,16.318060700120952
2012-03-11,MEX,17.666647317859713
2012-03-12,MEX,19.110307336375058
2012-03-13,MEX,20.040530877723995
2012-03-14,MEX,20.586531920977166
2012-03-15,MEX,20.8427393969514
2012-03-16,MEX,20.843471503618673
2012-03-17,MEX,20.798510669278244
2012-03-18,MEX,20.2979089362903
2012-03-19,MEX,18.9596900575321
2012-03-20,MEX,17.770878940643968
2012-03-21,MEX,17.16243137321368
2012-03-22,MEX,18.50213604977239
2012-03-23,MEX,20.221666383509557
2012-03-24,MEX,21.079185614585356
2012-03-25,MEX,21.255612997622677
2012-03-26,MEX,20.933176700006584
2012-03-27,MEX,20.69713714591228
2012-03-28,MEX,20.86756152525362
2012-03-29,MEX,20.792669181982262
2012-03-30,MEX,21.326532765412196
2012-03-31,MEX,21.57926584508732
2012-04-01,MEX,21.4411589830695
2012-04-02,MEX,20.968594459867234
2012-04-03,MEX,20.846643031518738
2012-04-04,MEX,20.95549130210594
2012-04-05,MEX,21.614351014754618
2012-04-06,MEX,22.352622812539437
2012-04-07,MEX,22.231095001960057
2012-04-08,MEX,21.91487831009846
2012-04-09,MEX,21.869090543053062
2012-04-10,MEX,21.795314858317795
2012-04-11,MEX,21.794330716611626
2012-04-12,MEX,21.556996867399903
2012-04-13,MEX,21.574739392910487
2012-04-14,MEX,21.64274114866953
2012-04-15,MEX,20.837021613857758
2012-04-16,MEX,20.982577905319545
2012-04-17,MEX,21.4702585464143
2012-04-18,MEX,21.748594564921518
2012-04-19,MEX,22.176079884570868
2012-04-20,MEX,22.799843956406505
2012-04-21,MEX,22.741282465641063
2012-04-22,MEX,22.838313142235336
2012-04-23,MEX,22.933040421349745
2012-04-24,MEX,22.68803755299041
2012-04-25,MEX,23.359704618884734
2012-04-26,MEX,23.86429808898947
2012-04-27,MEX,23.569125808427373
2012-04-28,MEX,23.858019526036458
2012-04-29,MEX,23.753456266973217
2012-04-30,MEX,23.837240555083895
2012-05-01,MEX,24.026539424797363
2012-05-02,MEX,24.20255290735713
2012-05-03,MEX,24.622117710238115
2012-05-04,MEX,24.908851442009222
2012-05-05,MEX,25.120375788865942
2012-05-06,MEX,24.470666570146477
2012-05-07,MEX,24.78583927532725
2012-05-08,MEX,24.179346447243176
2012-05-09,MEX,22.624538574552844
2012-05-10,MEX,22.09587719484972
2012-05-11,MEX,23.147689002444736
2012-05-12,MEX,24.014581265268703
2012-05-13,MEX,23.818622170232686
2012-05-14,MEX,24.15989197894703
2012-05-15,MEX,23.59106531718197
2012-05-16,MEX,23.421474314857676
2012-05-17,MEX,23.562211924015685
2012-05-18,MEX,24.06138766543785
2012-05-19,MEX,24.477130231745377
2012-05-20,MEX,24.647547299332416
2012-05-21,MEX,24.57788760222212
2012-05-22,MEX,24.948440271510947
2012-05-23,MEX,25.62219742399043
2012-05-24,MEX,25.90732534239254
2012-05-25,MEX,25.32190214714194
2012-05-26,MEX,24.49790372420472
2012-05-27,MEX,24.748403742584287
2012-05-28,MEX,25.32087669804264
2012-05-29,MEX,26.05824219418463
2012-05-30,MEX,26.56905118850733
2012-05-31,MEX,26.38818980005334
2012-06-01,MEX,25.851817996561238
2012-06-02,MEX,24.786756956917884
2012-06-03,MEX,24.655052417194383
2012-06-04,MEX,24.68975578630608
2012-06-05,MEX,25.234746757612413
2012-06-06,MEX,25.482822164325626
2012-06-07,MEX,25.755132677757103
2012-06-08,MEX,25.947072395934867
2012-06-09,MEX,26.375318104314886
2012-06-10,MEX,26.732310416919233
2012-06-11,MEX,27.184476640253024
2012-06-12,MEX,27.033655192067272
2012-06-13,MEX,26.688678707147687
2012-06-14,MEX,26.09668654174743
2012-06-15,MEX,25.58025715683914
2012-06-16,MEX,24.945277888311068
2012-06-17,MEX,24.859377685894117
2012-06-18,MEX,25.955893984255226
2012-06-19,MEX,25.972966171245844
2012-06-20,MEX,25.472462186129405
2012-06-21,MEX,25.121356603074958
2012-06-22,MEX,24.557410178606517
2012-06-23,MEX,24.78574827936808
2012-06-24,MEX,25.276082192255274
2012-06-25,MEX,25.30434747217572
2012-06-26,MEX,25.97547937853551
2012-06-27,MEX,26.480244377167082
2012-06-28,MEX,26.563428440607993
2012-06-29,MEX,26.656421828250927
2012-06-30,MEX,26.31902364393943
2012-07-01,MEX,24.79446098246251
2012-07-02,MEX,24.143170287146177
2012-07-03,MEX,23.898625614017135
2012-07-04,MEX,23.842230744846233
2012-07-05,MEX,23.845064673978868
2012-07-06,MEX,24.006985276160435
2012-07-07,MEX,24.59662999088897
2012-07-08,MEX,25.03110393729338
2012-07-09,MEX,25.97398450676451
2012-07-10,MEX,25.707314673558358
2012-07-11,MEX,24.583819444615187
2012-07-12,MEX,24.383176654438273
2012-07-13,MEX,24.171989158726888
2012-07-14,MEX,24.351828575575553
2012-07-15,MEX,24.326584879509596
2012-07-16,MEX,24.49031964742545
2012-07-17,MEX,24.564969591655483
2012-07-18,MEX,24.381624147330342
2012-07-19,MEX,23.74468840756498
2012-07-20,MEX,23.890541417970155
2012-07-21,MEX,24.16338225698803
2012-07-22,MEX,24.728509142454413
2012-07-23,MEX,25.082199367320186
2012-07-24,MEX,25.173627215773365
2012-07-25,MEX,25.23573081243245
2012-07-26,MEX,25.483621232076246
2012-07-27,MEX,24.62757257212553
2012-07-28,MEX,23.83128325063035
2012-07-29,MEX,24.209189232361666
2012-07-30,MEX,24.862212060049217
2012-07-31,MEX,25.36173073140418
2012-08-01,MEX,26.103173630189872
2012-08-02,MEX,26.198412877950034
2012-08-03,MEX,26.132670061712076
2012-08-04,MEX,25.984004219217184
2012-08-05,MEX,25.417663607311965
2012-08-06,MEX,25.355638176879552
2012-08-07,MEX,25.598500108693315
2012-08-08,MEX,25.723240215922488
2012-08-09,MEX,25.430118990792266
2012-08-10,MEX,25.36765935563244
2012-08-11,MEX,25.839398362330257
2012-08-12,MEX,26.0351327383093
2012-08-13,MEX,25.78125589049597
2012-08-14,MEX,25.25546686669088
2012-08-15,MEX,25.06097001384444
2012-08-16,MEX,24.846853859850057
2012-08-17,MEX,24.20688019683837
2012-08-18,MEX,24.422453947999827
2012-08-19,MEX,24.52323630273628
2012-08-20,MEX,23.9228518363974
2012-08-21,MEX,24.20303128400093
2012-08-22,MEX,24.37949419193393
2012-08-23,MEX,24.486410924682843
2012-08-24,MEX,24.893639366881644
2012-08-25,MEX,25.06793146356631
2012-08-26,MEX,24.95674936258979
2012-08-27,MEX,24.71959555124164
2012-08-28,MEX,25.067562286871066
2012-08-29,MEX,25.012046636432785
2012-08-30,MEX,24.92951482983102
2012-08-31,MEX,25.13804676513888
2012-09-01,MEX,25.066294429653453
2012-09-02,MEX,25.160737107981106
2012-09-03,MEX,25.048430730186283
2012-09-04,MEX,24.849703545411558
2012-09-05,MEX,24.954711929224345
2012-09-06,MEX,25.12096530420405
2012-09-07,MEX,25.150652376722746
2012-09-08,MEX,25.017543944317197
2012-09-09,MEX,23.951107436961593
2012-09-10,MEX,23.638415815925953
2012-09-11,MEX,23.901103463470577
2012-09-12,MEX,24.162921273052973
2012-09-13,MEX,24.369916153857275
2012-09-14,MEX,22.605931859583848
2012-09-15,MEX,21.70273245960442
2012-09-16,MEX,22.203336894166284
2012-09-17,MEX,23.158602133045406
2012-09-18,MEX,23.679010969038245
2012-09-19,MEX,23.479644456195274
2012-09-20,MEX,23.65620491997538
2012-09-21,MEX,23.494359219980083
2012-09-22,MEX,23.422415331764057
2012-09-23,MEX,23.394293772700678
2012-09-24,MEX,23.26176638777349
2012-09-25,MEX,23.676950805332638
2012-09-26,MEX,23.70381945571023
2012-09-27,MEX,23.33302640484061
2012-09-28,MEX,22.50559561105888
2012-09-29,MEX,22.666041649547253
2012-09-30,MEX,23.243444669679548
2012-10-01,MEX,23.16313996866387
2012-10-02,MEX,22.519667646598748
2012-10-03,MEX,22.644928661372376
2012-10-04,MEX,23.198435313266373
2012-10-05,MEX,23.135840866788044
2012-10-06,MEX,22.92553579825767
2012-10-07,MEX,22.008464956661783
2012-10-08,MEX,21.210053204339147
2012-10-09,MEX,22.220546890327
2012-10-10,MEX,22.857546701106344
2012-10-11,MEX,23.139079767529722
2012-10-12,MEX,22.935597299733615
2012-10-13,MEX,22.794688774927863
2012-10-14,MEX,22.594783868468824
2012-10-15,MEX,21.782310338303375
2012-10-16,MEX,21.214613897592358
2012-10-17,MEX,22.268733991374972
2012-10-18,MEX,23.083058331650363
2012-10-19,MEX,22.95750001604125
2012-10-20,MEX,22.93064679168259
2012-10-21,MEX,23.116607056818793
2012-10-22,MEX,22.549992755672804
2012-10-23,MEX,22.460136735721676
2012-10-24,MEX,22.555488811520092
2012-10-25,MEX,22.05719482780546
2012-10-26,MEX,21.501276219289878
2012-10-27,MEX,19.537366997594575
2012-10-28,MEX,19.30304095747522
2012-10-29,MEX,19.655673265710845
2012-10-30,MEX,19.885444575572535
2012-10-31,MEX,20.06275798663802
2012-11-01,MEX,20.15871594649576
2012-11-02,MEX,19.889438382898504
2012-11-03,MEX,19.78711599578952
2012-11-04,MEX,19.75921054363829
2012-11-05,MEX,20.10754642337764
2012-11-06,MEX,20.437675174988954
2012-11-07,MEX,20.344402806124094
2012-11-08,MEX,20.337430493572754
2012-11-09,MEX,19.93264862129115
2012-11-10,MEX,19.808663401197236
2012-11-11,MEX,18.971856157574905
2012-11-12,MEX,17.634350245213682
2012-11-13,MEX,17.32927494734747
2012-11-14,MEX,17.277871293032092
2012-11-15,MEX,18.050904170576644
2012-11-16,MEX,18.64147240300116
2012-11-17,MEX,18.483555621433197
2012-11-18,MEX,18.335492577773664
2012-11-19,MEX,18.404195886277762
2012-11-20,MEX,18.53974137453008
2012-11-21,MEX,18.83997114427416
2012-11-22,MEX,18.349653455993064
2012-11-23,MEX,18.168047933837784
2012-11-24,MEX,17.08384090158995
2012-11-25,MEX,16.934076321579937
2012-11-26,MEX,17.933319942114906
2012-11-27,MEX,17.293445165328762
2012-11-28,MEX,17.11121638142879
2012-11-29,MEX,17.653532054744176
2012-11-30,MEX,18.241623209819238
2012-12-01,MEX,18.632207894016062
2012-12-02,MEX,18.839111359375238
2012-12-03,MEX,18.794367705730508
2012-12-04,MEX,18.52967217740337
2012-12-05,MEX,18.105785249838107
2012-12-06,MEX,17.782717719796324
2012-12-07,MEX,18.09721946709709
2012-12-08,MEX,17.481086390523785
2012-12-09,MEX,17.771932703268817
2012-12-10,MEX,16.723531613060572
2012-12-11,MEX,15.054702892557259
2012-12-12,MEX,14.701361236027083
2012-12-13,MEX,15.608744570685133
2012-12-14,MEX,16.91296960257455
2012-12-15,MEX,16.814270999127586
2012-12-16,MEX,17.03271016390039
2012-12-17,MEX,16.368171241366156
2012-12-18,MEX,16.425043551890838
2012-12-19,MEX,17.79154985664121
2012-12-20,MEX,15.836343991529418
2012-12-21,MEX,13.865142910312898
2012-12-22,MEX,14.75684649616835
2012-12-23,MEX,16.065471897503187
2012-12-24,MEX,16.553911004367876
2012-12-25,MEX,17.008581141175853
2012-12-26,MEX,14.321207703307834
2012-12-27,MEX,14.339046766186755
2012-12-28,MEX,14.991540710998947
2012-12-29,MEX,14.357224442152585
2012-12-30,MEX,13.683226247968776
2012-12-31,MEX,14.449414793184474
2013-01-01,MEX,14.1884538551883
2013-01-02,MEX,13.40159921955933
2013-01-03,MEX,12.72321919641098
2013-01-04,MEX,12.041682763057395
2013-01-05,MEX,12.801734331431817
2013-01-06,MEX,13.36264062637673
2013-01-07,MEX,13.709808900296252
2013-01-08,MEX,14.36738284131053
2013-01-09,MEX,14.326308537140392
2013-01-10,MEX,14.663179358812442
2013-01-11,MEX,16.105533265668555
2013-01-12,MEX,15.704909862680665
2013-01-13,MEX,14.000937818912007
2013-01-14,MEX,13.074565530948178
2013-01-15,MEX,12.62978138052074
2013-01-16,MEX,11.519584658019028
2013-01-17,MEX,11.526745851546707
2013-01-18,MEX,12.487821261003603
2013-01-19,MEX,13.886213757952078
2013-01-20,MEX,15.2710744108183
2013-01-21,MEX,16.252575356675663
2013-01-22,MEX,16.224521196367448
2013-01-23,MEX,16.55803055504009
2013-01-24,MEX,17.256593371784675
2013-01-25,MEX,17.755832837032926
2013-01-26,MEX,17.627898307511543
2013-01-27,MEX,18.120545896852775
2013-01-28,MEX,17.889683759579782
2013-01-29,MEX,17.355864445916666
2013-01-30,MEX,15.397184285529818
2013-01-31,MEX,14.270520843899476
2013-02-01,MEX,15.195574517444811
2013-02-02,MEX,16.768005201870835
2013-02-03,MEX,17.366254781115515
2013-02-04,MEX,18.010927671748675
2013-02-05,MEX,18.22624107029634
2013-02-06,MEX,18.318078925479938
2013-02-07,MEX,18.484435986116807
2013-02-08,MEX,17.8697123899733
2013-02-09,MEX,17.834746374412816
2013-02-10,MEX,17.400870950462433
2013-02-11,MEX,17.28221979343442
2013-02-12,MEX,17.041928581189154
2013-02-13,MEX,15.941267869206627
2013-02-14,MEX,15.292662703739097
2013-02-15,MEX,15.952772487733228
2013-02-16,MEX,15.490439930835862
2013-02-17,MEX,15.173430863758256
2013-02-18,MEX,17.560512628069716
2013-02-19,MEX,17.8881424940231
2013-02-20,MEX,17.599118190135698
2013-02-21,MEX,17.381755854670473
2013-02-22,MEX,16.980838404844462
2013-02-23,MEX,17.345180912598323
2013-02-24,MEX,17.72318209083977
2013-02-25,MEX,16.86025419963289
2013-02-26,MEX,15.458847741069349
2013-02-27,MEX,16.784369443012167
2013-02-28,MEX,16.17800905900077
2013-03-01,MEX,15.058750342912901
2013-03-02,MEX,15.303025494613792
2013-03-03,MEX,15.725929758329755
2013-03-04,MEX,17.642075297004055
2013-03-05,MEX,18.449291537342276
2013-03-06,MEX,17.697369316970992
2013-03-07,MEX,18.03949897507175
2013-03-08,MEX,19.234427241171147
2013-03-09,MEX,18.755542204083895
2013-03-10,MEX,18.006468287117627
2013-03-11,MEX,16.856045934402516
2013-03-12,MEX,16.92539146825709
2013-03-13,MEX,17.931335176817186
2013-03-14,MEX,18.313186654701894
2013-03-15,MEX,18.445134410413573
2013-03-16,MEX,19.042109653889554
2013-03-17,MEX,19.929096382056343
2013-03-18,MEX,20.862566449273857
2013-03-19,MEX,21.047246792259216
2013-03-20,MEX,21.368339669727277
2013-03-21,MEX,21.17483799691047
2013-03-22,MEX,21.977636525545847
2013-03-23,MEX,21.80529143364714
2013-03-24,MEX,20.602131623744697
2013-03-25,MEX,18.57295589287645
2013-03-26,MEX,17.45509533025978
2013-03-27,MEX,18.133236904645912
2013-03-28,MEX,20.0488639982525
2013-03-29,MEX,20.976200924662862
2013-03-30,MEX,21.80058690411886
2013-03-31,MEX,22.572118985906627
2013-04-01,MEX,22.49064190649733
2013-04-02,MEX,22.156224437031995
2013-04-03,MEX,21.502098586854288
2013-04-04,MEX,20.714526981967538
2013-04-05,MEX,20.93281881640445
2013-04-06,MEX,21.245330733666037
2013-04-07,MEX,22.22878715569351
2013-04-08,MEX,22.553117165782737
2013-04-09,MEX,22.279222805799463
2013-04-10,MEX,21.039408404654466
2013-04-11,MEX,20.196284332891025
2013-04-12,MEX,20.68253567906777
2013-04-13,MEX,20.89778095314898
2013-04-14,MEX,21.55583722996664
2013-04-15,MEX,22.665231590888425
2013-04-16,MEX,23.475802062191462
2013-04-17,MEX,23.655620522706613
2013-04-18,MEX,23.08627566986047
2013-04-19,MEX,21.011111809541944
2013-04-20,MEX,19.814968036330356
2013-04-21,MEX,21.820388431614447
2013-04-22,MEX,22.63108545689471
2013-04-23,MEX,23.403568562426585
2013-04-24,MEX,22.218155478260087
2013-04-25,MEX,21.278377245572983
2013-04-26,MEX,22.260281009784364
2013-04-27,MEX,23.421267417350975
2013-04-28,MEX,23.150057876506423
2013-04-29,MEX,22.53407200119966
2013-04-30,MEX,23.30718213249105
2013-05-01,MEX,23.876333234586298
2013-05-02,MEX,23.254651663153197
2013-05-03,MEX,20.366480682683118
2013-05-04,MEX,20.676774597109898
2013-05-05,MEX,21.500678017348662
2013-05-06,MEX,22.25210160326037
2013-05-07,MEX,22.74911977574095
2013-05-08,MEX,23.11056169744427
2013-05-09,MEX,23.872615627493417
2013-05-10,MEX,23.90739972126238
2013-05-11,MEX,23.15767479779271
2013-05-12,MEX,21.94658197365186
2013-05-13,MEX,21.6160833994453
2013-05-14,MEX,22.117717420795202
2013-05-15,MEX,23.0902677350997
2013-05-16,MEX,24.711807703448528
2013-05-17,MEX,25.301088706719895
2013-05-18,MEX,25.401642218960717
2013-05-19,MEX,25.56887195587558
2013-05-20,MEX,25.889220787425643
2013-05-21,MEX,25.900145593621232
2013-05-22,MEX,25.73460466891453
2013-05-23,MEX,25.553717323220667
2013-05-24,MEX,24.64515445305159
2013-05-25,MEX,24.18429277748544
2013-05-26,MEX,24.156697253209984
2013-05-27,MEX,24.55294845914989
2013-05-28,MEX,24.83206128111641
2013-05-29,MEX,24.41472403053075
2013-05-30,MEX,24.909374360333345
2013-05-31,MEX,25.584625808682006
2013-06-01,MEX,26.49622164039215
2013-06-02,MEX,26.374945327894295
2013-06-03,MEX,25.261413002147833
2013-06-04,MEX,25.88236565483436
2013-06-05,MEX,26.397551276130514
2013-06-06,MEX,26.3311263779421
2013-06-07,MEX,26.13665918804128
2013-06-08,MEX,25.09775541829339
2013-06-09,MEX,25.56268566144979
2013-06-10,MEX,25.57601656801097
2013-06-11,MEX,25.42337626633821
2013-06-12,MEX,25.340780485673804
2013-06-13,MEX,25.338324415989916
2013-06-14,MEX,24.881745091612515
2013-06-15,MEX,25.39591962922168
2013-06-16,MEX,25.771943632735486
2013-06-17,MEX,26.184210610368837
2013-06-18,MEX,26.162036345160516
2013-06-19,MEX,26.316163048346652
2013-06-20,MEX,26.023525865710496
2013-06-21,MEX,25.342910655433457
2013-06-22,MEX,25.236368346111647
2013-06-23,MEX,25.46420015484057
2013-06-24,MEX,25.548155567651918
2013-06-25,MEX,25.579340025760587
2013-06-26,MEX,25.823703838852225
2013-06-27,MEX,26.016125465163498
2013-06-28,MEX,26.090866964059785
2013-06-29,MEX,26.48971343001449
2013-06-30,MEX,26.518746755159498
2013-07-01,MEX,25.547017909197507
2013-07-02,MEX,24.60786400515076
2013-07-03,MEX,24.477101013153515
2013-07-04,MEX,24.471599942275816
2013-07-05,MEX,24.903034588196135
2013-07-06,MEX,25.19759166873962
2013-07-07,MEX,25.39995891837009
2013-07-08,MEX,24.775884130734653
2013-07-09,MEX,24.128032476923522
2013-07-10,MEX,24.09287684841115
2013-07-11,MEX,24.093397688578023
2013-07-12,MEX,24.622955468264706
2013-07-13,MEX,24.563198763160187
2013-07-14,MEX,24.95165548469481
2013-07-15,MEX,25.41032172677876
2013-07-16,MEX,24.037755937980535
2013-07-17,MEX,23.635111847269172
2013-07-18,MEX,22.934487815997443
2013-07-19,MEX,23.01386213896825
2013-07-20,MEX,23.43002297081415
2013-07-21,MEX,23.507860877232133
2013-07-22,MEX,24.120642072517796
2013-07-23,MEX,24.245324692222766
2013-07-24,MEX,24.67699255278552
2013-07-25,MEX,25.030008588035912
2013-07-26,MEX,25.75394558746683
2013-07-27,MEX,25.925290651593798
2013-07-28,MEX,25.36939041547538
2013-07-29,MEX,25.346840715460417
2013-07-30,MEX,25.619602049678804
2013-07-31,MEX,25.80718887745752
2013-08-01,MEX,25.39215041171275
2013-08-02,MEX,25.571748538637223
2013-08-03,MEX,25.58727828450469
2013-08-04,MEX,25.488827512797513
2013-08-05,MEX,25.185350826318313
2013-08-06,MEX,25.51186008655867
2013-08-07,MEX,25.845358903968133
2013-08-08,MEX,26.131866975768503
2013-08-09,MEX,25.811355981753252
2013-08-10,MEX,24.80231049567044
2013-08-11,MEX,24.420187288225065
2013-08-12,MEX,24.31914444644508
2013-08-13,MEX,24.66963377684499
2013-08-14,MEX,25.360000014659818
2013-08-15,MEX,25.68467934884137
2013-08-16,MEX,25.751769542287946
2013-08-17,MEX,25.92132080346613
2013-08-18,MEX,25.836828822994562
2013-08-19,MEX,25.20581654058151
2013-08-20,MEX,24.779512268745123
2013-08-21,MEX,24.512738065324868
2013-08-22,MEX,24.135326726122173
2013-08-23,MEX,23.869517022170726
2013-08-24,MEX,23.794180031458552
2013-08-25,MEX,23.903426459007846
2013-08-26,MEX,23.681358522976268
2013-08-27,MEX,23.578091271037977
2013-08-28,MEX,23.313896534369633
2013-08-29,MEX,23.458421744634222
2013-08-30,MEX,23.996656224771414
2013-08-31,MEX,24.519888224518354
2013-09-01,MEX,24.944180244413076
2013-09-02,MEX,24.618561621145602
2013-09-03,MEX,24.316876386302056
2013-09-04,MEX,23.533311428993215
2013-09-05,MEX,24.07571782322458
2013-09-06,MEX,23.787215797277042
2013-09-07,MEX,23.422366514911175
2013-09-08,MEX,23.42001974163736
2013-09-09,MEX,22.919119375155844
2013-09-10,MEX,22.943152676811394
2013-09-11,MEX,23.095829678941072
2013-09-12,MEX,23.459288698930152
2013-09-13,MEX,23.3087208491325
2013-09-14,MEX,23.196307473044953
2013-09-15,MEX,23.282266606288943
2013-09-16,MEX,23.24509873780056
2013-09-17,MEX,23.16564225585512
2013-09-18,MEX,22.895592735076036
2013-09-19,MEX,23.151095257743805
2013-09-20,MEX,23.194831860455224
2013-09-21,MEX,22.654241750849508
2013-09-22,MEX,22.298540677646827
2013-09-23,MEX,22.823459314438708
2013-09-24,MEX,23.6036395043958
2013-09-25,MEX,23.586336615226628
2013-09-26,MEX,23.523048178182307
2013-09-27,MEX,23.188801126489466
2013-09-28,MEX,23.007585724809985
2013-09-29,MEX,22.65981436458719
2013-09-30,MEX,22.800003541767808
2013-10-01,MEX,23.49645138008583
2013-10-02,MEX,23.54905004677198
2013-10-03,MEX,23.237864866076393
2013-10-04,MEX,23.291543251675705
2013-10-05,MEX,23.43310202084581
2013-10-06,MEX,22.403049229155044
2013-10-07,MEX,21.168147631705892
2013-10-08,MEX,21.08750339286678
2013-10-09,MEX,21.62142510235725
2013-10-10,MEX,22.060554571276953
2013-10-11,MEX,21.95193927850761
2013-10-12,MEX,22.226040192583298
2013-10-13,MEX,22.438089144849812
2013-10-14,MEX,22.124742804474693
2013-10-15,MEX,21.750059594973663
2013-10-16,MEX,21.726546291057275
2013-10-17,MEX,21.089039831393393
2013-10-18,MEX,21.097386587254846
2013-10-19,MEX,20.656214525783355
2013-10-20,MEX,19.631709531435035
2013-10-21,MEX,20.236174608211
2013-10-22,MEX,20.121528678393247
2013-10-23,MEX,19.639199158197698
2013-10-24,MEX,19.71289275489022
2013-10-25,MEX,19.748592190635406
2013-10-26,MEX,20.075623446785244
2013-10-27,MEX,20.725782063456165
2013-10-28,MEX,21.049009460007824
2013-10-29,MEX,21.604908610798418
2013-10-30,MEX,21.34447522555064
2013-10-31,MEX,20.64357222329926
2013-11-01,MEX,20.95954027773763
2013-11-02,MEX,20.21626202867958
2013-11-03,MEX,18.870631365000406
2013-11-04,MEX,18.78840538922168
2013-11-05,MEX,19.327242084134014
2013-11-06,MEX,19.278307021668923
2013-11-07,MEX,18.26219882072553
2013-11-08,MEX,17.480045549935767
2013-11-09,MEX,17.998586837071628
2013-11-10,MEX,18.990566615586147
2013-11-11,MEX,19.386120375277414
2013-11-12,MEX,19.379821688877996
2013-11-13,MEX,17.421035030960525
2013-11-14,MEX,16.504244141559127
2013-11-15,MEX,18.03353083490191
2013-11-16,MEX,19.089973641634117
2013-11-17,MEX,19.404316464531746
2013-11-18,MEX,19.659238683941226
2013-11-19,MEX,19.440039579949087
2013-11-20,MEX,19.272962145047586
2013-11-21,MEX,19.47435977738951
2013-11-22,MEX,19.077306089426315
2013-11-23,MEX,15.919845823125911
2013-11-24,MEX,14.341651386364276
2013-11-25,MEX,14.41781873576582
2013-11-26,MEX,14.227030934697325
2013-11-27,MEX,12.861575175890607
2013-11-28,MEX,13.108042411228496
2013-11-29,MEX,14.425414497058341
2013-11-30,MEX,15.706605894735674
2013-12-01,MEX,17.008945952113947
2013-12-02,MEX,17.664889876761492
2013-12-03,MEX,18.497933018262813
2013-12-04,MEX,19.45528155569906
2013-12-05,MEX,18.740716318026443
2013-12-06,MEX,16.271845635823638
2013-12-07,MEX,14.250518345967123
2013-12-08,MEX,14.317945116699434
2013-12-09,MEX,15.37800499678849
2013-12-10,MEX,14.651841347031848
2013-12-11,MEX,14.618753563738437
2013-12-12,MEX,15.497784386379806
2013-12-13,MEX,15.898289593795823
2013-12-14,MEX,16.085091276316803
2013-12-15,MEX,14.7789591005602
2013-12-16,MEX,14.426831617751418
2013-12-17,MEX,15.395473112781076
2013-12-18,MEX,15.780057546403668
2013-12-19,MEX,17.029922109809206
2013-12-20,MEX,17.3888271644023
2013-12-21,MEX,16.370170364763226
2013-12-22,MEX,15.350890836155031
2013-12-23,MEX,14.244156589589466
2013-12-24,MEX,13.526598775713751
2013-12-25,MEX,14.038833762831189
2013-12-26,MEX,13.76023500517556
2013-12-27,MEX,12.886046197624125
2013-12-28,MEX,13.036697123941735
2013-12-29,MEX,14.222463844399783
2013-12-30,MEX,13.723562005541282
2013-12-31,MEX,13.01074069585934
2014-01-01,MEX,13.588570292946258
2014-01-02,MEX,14.614826517724111
2014-01-03,MEX,13.527513180968981
2014-01-04,MEX,14.545364378405168
2014-01-05,MEX,15.52726169690169
2014-01-06,MEX,13.669044983230606
2014-01-07,MEX,11.117717717479366
2014-01-08,MEX,12.908173496795655
2014-01-09,MEX,14.226493489892164
2014-01-10,MEX,15.697911976369596
2014-01-11,MEX,15.803129513101851
2014-01-12,MEX,16.116165733558148
2014-01-13,MEX,16.226241284608307
2014-01-14,MEX,15.03834269687627
2014-01-15,MEX,14.365470393592545
2014-01-16,MEX,13.264516150439817
2014-01-17,MEX,13.771418437773946
2014-01-18,MEX,13.64008224280451
2014-01-19,MEX,14.681283235307262
2014-01-20,MEX,15.396667752470591
2014-01-21,MEX,16.083999604603775
2014-01-22,MEX,15.456550909462464
2014-01-23,MEX,16.439009348504953
2014-01-24,MEX,14.539068272390693
2014-01-25,MEX,15.059368453492084
2014-01-26,MEX,16.653710615655143
2014-01-27,MEX,17.80269278078015
2014-01-28,MEX,15.953910360284112
2014-01-29,MEX,13.467594842989115
2014-01-30,MEX,14.538023190954732
2014-01-31,MEX,16.90785800609069
2014-02-01,MEX,17.42635676832299
2014-02-02,MEX,16.866881319399056
2014-02-03,MEX,15.092481004691763
2014-02-04,MEX,15.350987827501513
2014-02-05,MEX,15.102173451211513
2014-02-06,MEX,13.67756988635341
2014-02-07,MEX,14.230208040993773
2014-02-08,MEX,15.25393405625033
2014-02-09,MEX,17.081943125145358
2014-02-10,MEX,18.51359573290432
2014-02-11,MEX,17.80539649927192
2014-02-12,MEX,16.052067498509643
2014-02-13,MEX,16.798872533605504
2014-02-14,MEX,18.4169932574859
2014-02-15,MEX,19.333182205491937
2014-02-16,MEX,19.66016597606375
2014-02-17,MEX,19.859772465795174
2014-02-18,MEX,19.537896910915322
2014-02-19,MEX,19.650521227580953
2014-02-20,MEX,19.98875795692976
2014-02-21,MEX,18.83329302128743
2014-02-22,MEX,18.821138327409983
2014-02-23,MEX,19.70551356691942
2014-02-24,MEX,19.81883199316934
2014-02-25,MEX,20.102860182150152
2014-02-26,MEX,19.679839301419634
2014-02-27,MEX,17.73445617535242
2014-02-28,MEX,18.789166947971523
2014-03-01,MEX,20.00087434494492
2014-03-02,MEX,20.267035611948188
2014-03-03,MEX,18.20346364652113
2014-03-04,MEX,16.508620521256773
2014-03-05,MEX,17.807997575993
2014-03-06,MEX,18.194379580220925
2014-03-07,MEX,18.618841432702595
2014-03-08,MEX,19.29348474428525
2014-03-09,MEX,17.72486379573718
2014-03-10,MEX,16.620166393398563
2014-03-11,MEX,18.049904284929255
2014-03-12,MEX,19.02578254817695
2014-03-13,MEX,17.690714472983984
2014-03-14,MEX,18.708843894290567
2014-03-15,MEX,19.78883783754594
2014-03-16,MEX,19.69647566480444
2014-03-17,MEX,16.914204114477457
2014-03-18,MEX,18.132362032688604
2014-03-19,MEX,19.87660195270024
2014-03-20,MEX,19.744648208849014
2014-03-21,MEX,21.053334675362294
2014-03-22,MEX,21.896685793253425
2014-03-23,MEX,21.777963283830445
2014-03-24,MEX,20.914432904166574
2014-03-25,MEX,20.694029714695375
2014-03-26,MEX,19.663342699200996
2014-03-27,MEX,20.81220588321122
2014-03-28,MEX,21.455801565460945
2014-03-29,MEX,21.53250992038778
2014-03-30,MEX,21.13405158802334
2014-03-31,MEX,21.545395819390535
2014-04-01,MEX,22.222736580566334
2014-04-02,MEX,22.250144392081495
2014-04-03,MEX,21.981324829831863
2014-04-04,MEX,21.462217344403484
2014-04-05,MEX,20.95767811747635
2014-04-06,MEX,20.93261995619963
2014-04-07,MEX,20.929613537448972
2014-04-08,MEX,20.913324835477113
2014-04-09,MEX,20.809030912818173
2014-04-10,MEX,22.031837760978817
2014-04-11,MEX,22.900414781123402
2014-04-12,MEX,23.32275623971566
2014-04-13,MEX,23.120611996482808
2014-04-14,MEX,23.02492403664735
2014-04-15,MEX,20.076332287933894
2014-04-16,MEX,19.651229212622752
2014-04-17,MEX,21.18761442085588
2014-04-18,MEX,21.556031699049413
2014-04-19,MEX,21.479783242115445
2014-04-20,MEX,21.764853288747645
2014-04-21,MEX,22.75564151681533
2014-04-22,MEX,22.994349264849063
2014-04-23,MEX,23.131735770102523
2014-04-24,MEX,23.291857391660983
2014-04-25,MEX,23.64087580182121
2014-04-26,MEX,23.623460166055565
2014-04-27,MEX,23.43425864798826
2014-04-28,MEX,23.993184823278682
2014-04-29,MEX,24.582476730504197
2014-04-30,MEX,22.857998710158597
2014-05-01,MEX,21.275077068527708
2014-05-02,MEX,20.839186152288562
2014-05-03,MEX,21.16238714982751
2014-05-04,MEX,22.561821021500577
2014-05-05,MEX,23.829384843061405
2014-05-06,MEX,24.097086894289077
2014-05-07,MEX,23.508375884626275
2014-05-08,MEX,22.137523587618716
2014-05-09,MEX,22.75145711617364
2014-05-10,MEX,23.7538073497675
2014-05-11,MEX,24.37559376643702
2014-05-12,MEX,24.261353825161166
2014-05-13,MEX,23.44091622283929
2014-05-14,MEX,21.44495010610774
2014-05-15,MEX,21.193255621368678
2014-05-16,MEX,22.146208082746625
2014-05-17,MEX,23.658755722055503
2014-05-18,MEX,24.294655717434125
2014-05-19,MEX,24.38830032137315
2014-05-20,MEX,24.543681302236905
2014-05-21,MEX,24.48824832178758
2014-05-22,MEX,23.767928045262863
2014-05-23,MEX,22.899152664139876
2014-05-24,MEX,23.251906722037972
2014-05-25,MEX,23.582992211650378
2014-05-26,MEX,23.971129498265896
2014-05-27,MEX,24.98997847939978
2014-05-28,MEX,25.637591556082782
2014-05-29,MEX,25.13905628123007
2014-05-30,MEX,24.82717471894813
2014-05-31,MEX,25.252736816688355
2014-06-01,MEX,25.895722115614262
2014-06-02,MEX,26.260053473660776
2014-06-03,MEX,26.448662101929074
2014-06-04,MEX,26.36383564883954
2014-06-05,MEX,26.2529624484402
2014-06-06,MEX,26.032938295844588
2014-06-07,MEX,25.5531045315318
2014-06-08,MEX,25.541683649829906
2014-06-09,MEX,25.892217710860393
2014-06-10,MEX,26.035743990761375
2014-06-11,MEX,26.422454987319554
2014-06-12,MEX,26.916271123128354
2014-06-13,MEX,27.163393000682618
2014-06-14,MEX,26.369298006927465
2014-06-15,MEX,26.47242037095083
2014-06-16,MEX,25.77763786361419
2014-06-17,MEX,25.429770414703455
2014-06-18,MEX,25.0557572984315
2014-06-19,MEX,24.480356084066955
2014-06-20,MEX,23.968343637034593
2014-06-21,MEX,24.229819099374083
2014-06-22,MEX,24.5971503537138
2014-06-23,MEX,25.482561017826924
2014-06-24,MEX,25.13574053976828
2014-06-25,MEX,25.293039162381433
2014-06-26,MEX,25.210309233950056
2014-06-27,MEX,25.522169946654003
2014-06-28,MEX,26.01201910339114
2014-06-29,MEX,26.272166665424265
2014-06-30,MEX,25.88963419287984
2014-07-01,MEX,25.37565526561508
2014-07-02,MEX,24.992208635046325
2014-07-03,MEX,24.268503501583496
2014-07-04,MEX,24.17203709952014
2014-07-05,MEX,24.059765593447253
2014-07-06,MEX,24.92992166223752
2014-07-07,MEX,24.391348412629497
2014-07-08,MEX,23.954538615946774
2014-07-09,MEX,23.820356165578517
2014-07-10,MEX,24.078624337002736
2014-07-11,MEX,24.25877151028061
2014-07-12,MEX,24.084382224058345
2014-07-13,MEX,24.019057067519554
2014-07-14,MEX,24.28203017703936
2014-07-15,MEX,24.79333267828264
2014-07-16,MEX,25.07466429068586
2014-07-17,MEX,25.364251572790977
2014-07-18,MEX,25.52004014097014
2014-07-19,MEX,25.27578049861404
2014-07-20,MEX,25.720785957916974
2014-07-21,MEX,25.859988057130806
2014-07-22,MEX,26.318389415336696
2014-07-23,MEX,26.407461302530635
2014-07-24,MEX,25.887784009409188
2014-07-25,MEX,25.467556258664956
2014-07-26,MEX,25.458437466526732
2014-07-27,MEX,25.82751276373
2014-07-28,MEX,25.824814406316364
2014-07-29,MEX,25.569845963381795
2014-07-30,MEX,26.26181568172126
2014-07-31,MEX,26.14757277955198
2014-08-01,MEX,25.879223888221702
2014-08-02,MEX,24.869272865273217
2014-08-03,MEX,24.648179290473138
2014-08-04,MEX,24.692117843137112
2014-08-05,MEX,24.76330261660229
2014-08-06,MEX,24.9375636029294
2014-08-07,MEX,24.948341936809072
2014-08-08,MEX,24.892214623525092
2014-08-09,MEX,24.147072282057934
2014-08-10,MEX,24.142574644664535
2014-08-11,MEX,24.331164894865026
2014-08-12,MEX,24.551292623084066
2014-08-13,MEX,24.28287321024834
2014-08-14,MEX,24.370376447812873
2014-08-15,MEX,24.58279597871035
2014-08-16,MEX,25.381767036851045
2014-08-17,MEX,25.402665931748174
2014-08-18,MEX,24.47619786354278
2014-08-19,MEX,24.30947390265061
2014-08-20,MEX,24.208049042765538
2014-08-21,MEX,24.29054495684352
2014-08-22,MEX,24.040094523428593
2014-08-23,MEX,24.265989215099353
2014-08-24,MEX,24.582953466062577
2014-08-25,MEX,24.702777474499953
2014-08-26,MEX,24.88973899559892
2014-08-27,MEX,25.61232018217379
2014-08-28,MEX,26.08636665796604
2014-08-29,MEX,26.23944508335819
2014-08-30,MEX,25.70431822953367
2014-08-31,MEX,25.485730788650358
2014-09-01,MEX,25.393857425257636
2014-09-02,MEX,25.53003104241685
2014-09-03,MEX,24.928736386523042
2014-09-04,MEX,23.886089582729767
2014-09-05,MEX,23.421068889446758
2014-09-06,MEX,23.342071870302334
2014-09-07,MEX,22.800278185416175
2014-09-08,MEX,23.216121964515196
2014-09-09,MEX,23.91281524054557
2014-09-10,MEX,24.53740722469479
2014-09-11,MEX,24.33017521674958
2014-09-12,MEX,23.84247483205445
2014-09-13,MEX,22.549289122213906
2014-09-14,MEX,22.052274747255183
2014-09-15,MEX,22.504314403446074
2014-09-16,MEX,22.85403435922501
2014-09-17,MEX,23.316694428002904
2014-09-18,MEX,23.979899443747513
2014-09-19,MEX,24.21360564645471
2014-09-20,MEX,23.995745858996315
2014-09-21,MEX,23.724525321905617
2014-09-22,MEX,23.243603657414724
2014-09-23,MEX,23.164070168358307
2014-09-24,MEX,23.14382555673984
2014-09-25,MEX,22.87934514076869
2014-09-26,MEX,22.41968737536365
2014-09-27,MEX,22.394049553186335
2014-09-28,MEX,22.79796316628949
2014-09-29,MEX,23.19003644916694
2014-09-30,MEX,23.44579005440943
2014-10-01,MEX,23.68765865199026
2014-10-02,MEX,24.040391637184882
2014-10-03,MEX,23.81632263370011
2014-10-04,MEX,23.01069350715494
2014-10-05,MEX,22.911966182594142
2014-10-06,MEX,23.341999626753648
2014-10-07,MEX,23.37544440538113
2014-10-08,MEX,23.090317509091278
2014-10-09,MEX,22.86569551888573
2014-10-10,MEX,22.963459871032512
2014-10-11,MEX,22.65076029946306
2014-10-12,MEX,22.2956443476387
2014-10-13,MEX,22.518038078605116
2014-10-14,MEX,21.377765746011846
2014-10-15,MEX,20.84684766359578
2014-10-16,MEX,21.43306925933166
2014-10-17,MEX,22.024175830373963
2014-10-18,MEX,21.99943271716444
2014-10-19,MEX,21.686171802498905
2014-10-20,MEX,20.871960869503937
2014-10-21,MEX,20.609914669627017
2014-10-22,MEX,20.984590153152055
2014-10-23,MEX,21.335755166391266
2014-10-24,MEX,21.71394101696052
2014-10-25,MEX,21.575191474353005
2014-10-26,MEX,21.264898319418194
2014-10-27,MEX,20.921747644982077
2014-10-28,MEX,21.14877628353662
2014-10-29,MEX,21.143044748726766
2014-10-30,MEX,21.190028345501844
2014-10-31,MEX,20.72380862219677
2014-11-01,MEX,19.58799287493889
2014-11-02,MEX,19.20457612502588
2014-11-03,MEX,19.014606296391207
2014-11-04,MEX,18.649682992987607
2014-11-05,MEX,18.053459230307965
2014-11-06,MEX,17.992590755870822
2014-11-07,MEX,17.819916216493425
2014-11-08,MEX,18.104311558367954
2014-11-09,MEX,18.082706379237663
2014-11-10,MEX,18.18485730809283
2014-11-11,MEX,18.879370198835318
2014-11-12,MEX,17.674484562327166
2014-11-13,MEX,16.14629873229603
2014-11-14,MEX,15.63734720621602
2014-11-15,MEX,16.91359976303653
2014-11-16,MEX,18.025882310002544
2014-11-17,MEX,16.21883139675481
2014-11-18,MEX,14.366274059902082
2014-11-19,MEX,14.600950747784395
2014-11-20,MEX,16.397794666030677
2014-11-21,MEX,17.24863624179153
2014-11-22,MEX,18.133199057696004
2014-11-23,MEX,17.816081470034646
2014-11-24,MEX,17.368120310648237
2014-11-25,MEX,15.778798001804432
2014-11-26,MEX,14.481263242370005
2014-11-27,MEX,14.931218068479666
2014-11-28,MEX,15.08985605026345
2014-11-29,MEX,15.772808376412911
2014-11-30,MEX,16.53858549312764
2014-12-01,MEX,16.66041019357442
2014-12-02,MEX,16.076001691036822
2014-12-03,MEX,16.813307191060744
2014-12-04,MEX,17.17054691791651
2014-12-05,MEX,17.782976316020893
2014-12-06,MEX,17.60674349694375
2014-12-07,MEX,17.489088540739488
2014-12-08,MEX,16.923125191807628
2014-12-09,MEX,16.689450564671972
2014-12-10,MEX,16.447701833935184
2014-12-11,MEX,16.480401507373585
2014-12-12,MEX,16.792957222147322
2014-12-13,MEX,16.858122046073618
2014-12-14,MEX,16.489069925660317
2014-12-15,MEX,15.881487961220614
2014-12-16,MEX,16.054891158425505
2014-12-17,MEX,16.441868057692545
2014-12-18,MEX,15.868530574447107
2014-12-19,MEX,15.701551493607496
2014-12-20,MEX,15.070959538108752
2014-12-21,MEX,15.320629947319958
2014-12-22,MEX,16.407156889880525
2014-12-23,MEX,16.671775385790056
2014-12-24,MEX,13.414086922534636
2014-12-25,MEX,12.786613026257157
2014-12-26,MEX,15.455742208942127
2014-12-27,MEX,15.231019256386901
2014-12-28,MEX,13.679473960774828
2014-12-29,MEX,13.996809656079847
2014-12-30,MEX,15.256921862031447
2014-12-31,MEX,14.625932419367302
2015-01-01,MEX,13.88908506316551
2015-01-02,MEX,13.725689391655749
2015-01-03,MEX,13.247858240300502
2015-01-04,MEX,13.590219677239986
2015-01-05,MEX,13.42441248318704
2015-01-06,MEX,14.6257130369724
2015-01-07,MEX,16.04449350554222
2015-01-08,MEX,14.130725212175264
2015-01-09,MEX,13.447934122752486
2015-01-10,MEX,12.772137198806718
2015-01-11,MEX,13.58043989342326
2015-01-12,MEX,14.647206040936965
2015-01-13,MEX,14.01691134039055
2015-01-14,MEX,13.788978779795741
2015-01-15,MEX,13.893272550008078
2015-01-16,MEX,14.227713034807778
2015-01-17,MEX,15.585418206345423
2015-01-18,MEX,16.06081572772979
2015-01-19,MEX,16.119743253591764
2015-01-20,MEX,17.13565121677027
2015-01-21,MEX,17.656135699681897
2015-01-22,MEX,16.577810668198538
2015-01-23,MEX,13.875512334331745
2015-01-24,MEX,13.004782029717319
2015-01-25,MEX,14.243583176798893
2015-01-26,MEX,15.50961483378768
2015-01-27,MEX,16.12034210353329
2015-01-28,MEX,16.991893189859468
2015-01-29,MEX,17.48450741670291
2015-01-30,MEX,16.706737336459014
2015-01-31,MEX,15.247231389697163
2015-02-01,MEX,15.172337071263485
2015-02-02,MEX,14.729317005096448
2015-02-03,MEX,13.768848986115472
2015-02-04,MEX,14.795308942962663
2015-02-05,MEX,15.608576061131828
2015-02-06,MEX,15.659354329686892
2015-02-07,MEX,16.265149504285603
2015-02-08,MEX,17.073601953876334
2015-02-09,MEX,17.834358724064828
2015-02-10,MEX,18.012332901081606
2015-02-11,MEX,18.0582463521543
2015-02-12,MEX,16.76977515715282
2015-02-13,MEX,15.015672099501387
2015-02-14,MEX,15.72980837471357
2015-02-15,MEX,16.867077939818955
2015-02-16,MEX,17.506906777087067
2015-02-17,MEX,17.065612978325362
2015-02-18,MEX,16.335905314734987
2015-02-19,MEX,17.14800225100612
2015-02-20,MEX,18.460339713130452
2015-02-21,MEX,19.389985543152022
2015-02-22,MEX,20.100047891375652
2015-02-23,MEX,18.948564228246198
2015-02-24,MEX,17.339582525213473
2015-02-25,MEX,17.227129582808857
2015-02-26,MEX,17.02646392966045
2015-02-27,MEX,15.715235420988506
2015-02-28,MEX,15.65193325967374
2015-03-01,MEX,17.34722985200318
2015-03-02,MEX,18.418246038867608
2015-03-03,MEX,18.24856920927715
2015-03-04,MEX,18.497821240693895
2015-03-05,MEX,16.827663037839272
2015-03-06,MEX,15.227611741199667
2015-03-07,MEX,16.095221819099493
2015-03-08,MEX,17.025352335201546
2015-03-09,MEX,17.23521191213115
2015-03-10,MEX,17.398562862053325
2015-03-11,MEX,16.837577670718588
2015-03-12,MEX,16.590616399510168
2015-03-13,MEX,17.35929309806994
2015-03-14,MEX,16.91313656095184
2015-03-15,MEX,16.61426777350556
2015-03-16,MEX,16.691987263281362
2015-03-17,MEX,17.56177237189928
2015-03-18,MEX,18.521815674022378
2015-03-19,MEX,19.142318113806652
2015-03-20,MEX,19.33272055421014
2015-03-21,MEX,18.92910004128055
2015-03-22,MEX,19.40063096524767
2015-03-23,MEX,20.244916896154677
2015-03-24,MEX,20.782687966093135
2015-03-25,MEX,21.10080652690891
2015-03-26,MEX,20.625152177682594
2015-03-27,MEX,19.593307633626807
2015-03-28,MEX,20.03252472268389
2015-03-29,MEX,20.946830224056328
2015-03-30,MEX,21.757199196255783
2015-03-31,MEX,21.722543494953527
2015-04-01,MEX,21.165138371830892
2015-04-02,MEX,22.036041422043922
2015-04-03,MEX,22.73035087805988
2015-04-04,MEX,22.15593588939322
2015-04-05,MEX,21.15631285716205
2015-04-06,MEX,22.434354716535097
2015-04-07,MEX,22.526646437229203
2015-04-08,MEX,23.026287880600705
2015-04-09,MEX,22.392801965562853
2015-04-10,MEX,22.194592509768654
2015-04-11,MEX,21.816229006006665
2015-04-12,MEX,20.75693645342386
2015-04-13,MEX,20.358724364603574
2015-04-14,MEX,20.82722478393515
2015-04-15,MEX,21.050381022240174
2015-04-16,MEX,21.458612010417255
2015-04-17,MEX,21.6563592402357
2015-04-18,MEX,21.467262604450752
2015-04-19,MEX,21.918858614281305
2015-04-20,MEX,22.11261809138699
2015-04-21,MEX,21.819208223267026
2015-04-22,MEX,22.75939001250447
2015-04-23,MEX,23.113865316917156
2015-04-24,MEX,22.619276242956857
2015-04-25,MEX,23.058982710696455
2015-04-26,MEX,23.376049780842095
2015-04-27,MEX,22.806057542444762
2015-04-28,MEX,21.952382339419614
2015-04-29,MEX,20.33409199806931
2015-04-30,MEX,20.20235361488045
2015-05-01,MEX,21.39217910704815
2015-05-02,MEX,22.21710063972654
2015-05-03,MEX,22.38775684450792
2015-05-04,MEX,22.645135738444935
2015-05-05,MEX,22.570197405297336
2015-05-06,MEX,22.963701110146985
2015-05-07,MEX,23.461372154704463
2015-05-08,MEX,23.805389979921358
2015-05-09,MEX,23.526394011391005
2015-05-10,MEX,23.71222494052722
2015-05-11,MEX,23.617589071009547
2015-05-12,MEX,22.65756152933858
2015-05-13,MEX,21.860863029386735
2015-05-14,MEX,22.76177759863208
2015-05-15,MEX,22.276822785967624
2015-05-16,MEX,23.035076973154787
2015-05-17,MEX,23.59426631979187
2015-05-18,MEX,23.94797914974447
2015-05-19,MEX,24.33084790982616
2015-05-20,MEX,24.00696856222976
2015-05-21,MEX,23.846107329909216
2015-05-22,MEX,22.850065431830956
2015-05-23,MEX,22.9865543304266
2015-05-24,MEX,22.2522644172289
2015-05-25,MEX,23.145507284991538
2015-05-26,MEX,23.99321316395293
2015-05-27,MEX,24.5251743312362
2015-05-28,MEX,24.649281037126514
2015-05-29,MEX,24.362229963764207
2015-05-30,MEX,24.48121558145823
2015-05-31,MEX,23.513146727977926
2015-06-01,MEX,24.109416448598665
2015-06-02,MEX,24.71538289369846
2015-06-03,MEX,25.24818688483208
2015-06-04,MEX,25.50698949814148
2015-06-05,MEX,25.247074782569086
2015-06-06,MEX,24.95939698861008
2015-06-07,MEX,24.959660402298482
2015-06-08,MEX,24.985686656714165
2015-06-09,MEX,24.419164304087246
2015-06-10,MEX,24.97331761815252
2015-06-11,MEX,25.70498710570422
2015-06-12,MEX,25.714839920338875
2015-06-13,MEX,25.28254588513397
2015-06-14,MEX,25.14240969443074
2015-06-15,MEX,25.073997251773676
2015-06-16,MEX,25.065520615322782
2015-06-17,MEX,25.312371622535807
2015-06-18,MEX,25.435318656927905
2015-06-19,MEX,24.882978012382978
2015-06-20,MEX,24.906930316221462
2015-06-21,MEX,25.114425117956444
2015-06-22,MEX,25.16538686058567
2015-06-23,MEX,25.114176529619215
2015-06-24,MEX,24.45781806923935
2015-06-25,MEX,24.411184848444464
2015-06-26,MEX,25.035959214378693
2015-06-27,MEX,25.09121125896661
2015-06-28,MEX,24.669948241235602
2015-06-29,MEX,24.613733136260862
2015-06-30,MEX,24.167163564655368
2015-07-01,MEX,23.825296322730367
2015-07-02,MEX,24.560215021377132
2015-07-03,MEX,24.579180274290934
2015-07-04,MEX,24.64799943909719
2015-07-05,MEX,24.57689472616113
2015-07-06,MEX,25.02960582826546
2015-07-07,MEX,25.1883246835946
2015-07-08,MEX,24.37375653261381
2015-07-09,MEX,23.945939227147733
2015-07-10,MEX,23.96274749021427
2015-07-11,MEX,24.147096663965158
2015-07-12,MEX,25.14812094985126
2015-07-13,MEX,25.490811506421835
2015-07-14,MEX,25.439037491795773
2015-07-15,MEX,25.7364143033426
2015-07-16,MEX,25.681248633215603
2015-07-17,MEX,25.393322164549318
2015-07-18,MEX,25.37996862660526
2015-07-19,MEX,25.110775205582684
2015-07-20,MEX,25.175299682967534
2015-07-21,MEX,25.01403272132876
2015-07-22,MEX,24.992063002010184
2015-07-23,MEX,25.02010068269584
2015-07-24,MEX,25.330913208383095
2015-07-25,MEX,25.643659907888207
2015-07-26,MEX,25.771488885119027
2015-07-27,MEX,25.910223091312957
2015-07-28,MEX,25.9474189085268
2015-07-29,MEX,25.686566515287154
2015-07-30,MEX,25.79147012218459
2015-07-31,MEX,25.559022446643382
2015-08-01,MEX,25.680181040457796
2015-08-02,MEX,25.507515725992903
2015-08-03,MEX,25.809080834014367
2015-08-04,MEX,26.01327624345754
2015-08-05,MEX,26.461177597600283
2015-08-06,MEX,26.58289351493636
2015-08-07,MEX,26.433019859085675
2015-08-08,MEX,26.206155999919076
2015-08-09,MEX,26.010115667589048
2015-08-10,MEX,25.697548854281365
2015-08-11,MEX,25.43713569156614
2015-08-12,MEX,25.642531638131857
2015-08-13,MEX,25.66288307496899
2015-08-14,MEX,26.336565015006727
2015-08-15,MEX,26.801153470231327
2015-08-16,MEX,25.850473314762212
2015-08-17,MEX,25.058331363669822
2015-08-18,MEX,25.31705645628142
2015-08-19,MEX,25.67228014128318
2015-08-20,MEX,25.480139595858475
2015-08-21,MEX,24.963383586775024
2015-08-22,MEX,24.93621225484935
2015-08-23,MEX,25.23212912948111
2015-08-24,MEX,25.037457234524027
2015-08-25,MEX,25.086746443738434
2015-08-26,MEX,25.363040408324878
2015-08-27,MEX,25.186649910352685
2015-08-28,MEX,25.12686253317321
2015-08-29,MEX,25.405952196909425
2015-08-30,MEX,25.582057285158726
2015-08-31,MEX,25.080971553517315
2015-09-01,MEX,24.564931714799513
2015-09-02,MEX,25.128959316583916
2015-09-03,MEX,25.169660220451647
2015-09-04,MEX,24.84083485826136
2015-09-05,MEX,24.880704239732097
2015-09-06,MEX,25.279410705070234
2015-09-07,MEX,25.557811743637842
2015-09-08,MEX,25.990210437266796
2015-09-09,MEX,25.2826169404496
2015-09-10,MEX,24.89271898715691
2015-09-11,MEX,24.438899562605968
2015-09-12,MEX,24.01658446570599
2015-09-13,MEX,23.811248281745748
2015-09-14,MEX,23.631885210348514
2015-09-15,MEX,24.270840844240297
2015-09-16,MEX,24.579161475281637
2015-09-17,MEX,24.640754543041567
2015-09-18,MEX,24.924091265219545
2015-09-19,MEX,24.87431743956455
2015-09-20,MEX,23.983877066303364
2015-09-21,MEX,23.914445194045015
2015-09-22,MEX,23.95214332683031
2015-09-23,MEX,24.157406322623615
2015-09-24,MEX,24.51970804908376
2015-09-25,MEX,24.116746836672917
2015-09-26,MEX,23.35453728258932
2015-09-27,MEX,23.145731985294162
2015-09-28,MEX,23.595669164856417
2015-09-29,MEX,24.031504918350436
2015-09-30,MEX,24.07734269606732
2015-10-01,MEX,24.24580934468679
2015-10-02,MEX,24.241314316928765
2015-10-03,MEX,23.38612015751181
2015-10-04,MEX,21.750959977166474
2015-10-05,MEX,21.77479766960772
2015-10-06,MEX,22.518505845953882
2015-10-07,MEX,22.44690517738718
2015-10-08,MEX,22.098792397259217
2015-10-09,MEX,21.618268636814037
2015-10-10,MEX,22.16714829154256
2015-10-11,MEX,22.76931326474505
2015-10-12,MEX,24.013287323064674
2015-10-13,MEX,24.4835742619411
2015-10-14,MEX,24.297385362693944
2015-10-15,MEX,23.693345440656117
2015-10-16,MEX,22.789892301751024
2015-10-17,MEX,21.834594239536557
2015-10-18,MEX,21.491255755535633
2015-10-19,MEX,21.581549868822492
2015-10-20,MEX,21.51749088961526
2015-10-21,MEX,21.673417394473972
2015-10-22,MEX,21.73414865851771
2015-10-23,MEX,21.69211014373417
2015-10-24,MEX,21.463490314448848
2015-10-25,MEX,20.79064437358187
2015-10-26,MEX,20.308774984027878
2015-10-27,MEX,20.859369937902898
2015-10-28,MEX,21.650232183824016
2015-10-29,MEX,21.422701810580577
2015-10-30,MEX,20.561402712398092
2015-10-31,MEX,19.958788376389634
2015-11-01,MEX,19.50341591956135
2015-11-02,MEX,19.654111961897854
2015-11-03,MEX,20.558524660751004
2015-11-04,MEX,20.76299928001646
2015-11-05,MEX,20.629268961516914
2015-11-06,MEX,20.025792850796847
2015-11-07,MEX,19.72701026400682
2015-11-08,MEX,19.12917210983096
2015-11-09,MEX,19.006583835607785
2015-11-10,MEX,20.317332502484646
2015-11-11,MEX,20.74439201066258
2015-11-12,MEX,19.310927179257135
2015-11-13,MEX,18.51855011579812
2015-11-14,MEX,18.991915154601315
2015-11-15,MEX,19.10091885602486
2015-11-16,MEX,19.80455667537973
2015-11-17,MEX,18.5615761446885
2015-11-18,MEX,17.56915971236424
2015-11-19,MEX,18.3411197976547
2015-11-20,MEX,18.993944956710152
2015-11-21,MEX,19.282023389689016
2015-11-22,MEX,17.362170972863282
2015-11-23,MEX,17.223608125501244
2015-11-24,MEX,18.29747009531019
2015-11-25,MEX,19.401765956394627
2015-11-26,MEX,20.072444357328322
2015-11-27,MEX,19.504029615694662
2015-11-28,MEX,17.943397926839452
2015-11-29,MEX,17.392430847126946
2015-11-30,MEX,17.061616266871567
2015-12-01,MEX,16.98042661834893
2015-12-02,MEX,16.557013540085052
2015-12-03,MEX,15.333579698873905
2015-12-04,MEX,15.392334181109334
2015-12-05,MEX,16.280932466220918
2015-12-06,MEX,16.643088102975867
2015-12-07,MEX,16.393718362855566
2015-12-08,MEX,16.848379461564605
2015-12-09,MEX,17.518527542571007
2015-12-10,MEX,18.035574345847408
2015-12-11,MEX,18.118228771369047
2015-12-12,MEX,18.032527439243836
2015-12-13,MEX,15.916395006015534
2015-12-14,MEX,15.260582765866047
2015-12-15,MEX,16.051694786743212
2015-12-16,MEX,15.19624315867901
2015-12-17,MEX,14.275983362223826
2015-12-18,MEX,14.070327568214566
2015-12-19,MEX,14.416409750663831
2015-12-20,MEX,16.498113766630524
2015-12-21,MEX,17.269286689826572
2015-12-22,MEX,16.980026573421924
2015-12-23,MEX,17.720271751132884
2015-12-24,MEX,17.84672831333495
2015-12-25,MEX,17.780651909673395
2015-12-26,MEX,17.8568758383484
2015-12-27,MEX,14.526470356303264
2015-12-28,MEX,12.048164190809644
2015-12-29,MEX,14.028648526324332
2015-12-30,MEX,14.892675949899683
2015-12-31,MEX,15.351992986672656
2016-01-01,MEX,14.95331237347142
2016-01-02,MEX,13.969788396660704
2016-01-03,MEX,13.946577173389642
2016-01-04,MEX,13.959240397152428
2016-01-05,MEX,13.899848353192624
2016-01-06,MEX,14.27125677010099
2016-01-07,MEX,14.71910819732227
2016-01-08,MEX,14.140191413907758
2016-01-09,MEX,13.241663635528084
2016-01-10,MEX,12.285600322380276
2016-01-11,MEX,12.23714603548126
2016-01-12,MEX,12.402801875733644
2016-01-13,MEX,12.947918446903316
2016-01-14,MEX,13.965969466590195
2016-01-15,MEX,14.592650724804912
2016-01-16,MEX,15.197534034938315
2016-01-17,MEX,14.36293754023552
2016-01-18,MEX,14.057871562015748
2016-01-19,MEX,14.821608006772465
2016-01-20,MEX,15.646486921643259
2016-01-21,MEX,16.133140462277254
2016-01-22,MEX,14.84424789688046
2016-01-23,MEX,14.216683435828259
2016-01-24,MEX,15.032509465684598
2016-01-25,MEX,15.286373645588924
2016-01-26,MEX,15.132892445669484
2016-01-27,MEX,13.06374825400485
2016-01-28,MEX,11.907919626303908
2016-01-29,MEX,13.179117515476491
2016-01-30,MEX,15.523682085320559
2016-01-31,MEX,17.343297591602777
2016-02-01,MEX,17.84360822900095
2016-02-02,MEX,16.4725629419475
2016-02-03,MEX,14.487432569224097
2016-02-04,MEX,13.106936863217413
2016-02-05,MEX,12.83009153059129
2016-02-06,MEX,14.013162658281317
2016-02-07,MEX,14.581683731066164
2016-02-08,MEX,15.544654937010648
2016-02-09,MEX,14.968849844727004
2016-02-10,MEX,15.490691645133836
2016-02-11,MEX,16.322532616788806
2016-02-12,MEX,17.37754688125625
2016-02-13,MEX,17.474057849947144
2016-02-14,MEX,17.902361555125367
2016-02-15,MEX,18.530670871576206
2016-02-16,MEX,18.974676022406925
2016-02-17,MEX,19.17023995831852
2016-02-18,MEX,19.724504527017245
2016-02-19,MEX,20.228674293050915
2016-02-20,MEX,20.711127898052496
2016-02-21,MEX,20.88190805729323
2016-02-22,MEX,19.95267450160634
2016-02-23,MEX,20.251003462664812
2016-02-24,MEX,17.504646659280354
2016-02-25,MEX,16.275904774965284
2016-02-26,MEX,17.282038544841498
2016-02-27,MEX,17.449017560242794
2016-02-28,MEX,18.418464527861374
2016-02-29,MEX,19.350728661266828
2016-03-01,MEX,20.092518088496092
2016-03-02,MEX,20.024799779785553
2016-03-03,MEX,20.48911227733214
2016-03-04,MEX,20.189923008229755
2016-03-05,MEX,19.996326221430763
2016-03-06,MEX,20.233496069575835
2016-03-07,MEX,19.905413527398366
2016-03-08,MEX,18.247155202195245
2016-03-09,MEX,15.392814577481033
2016-03-10,MEX,14.732688779049454
2016-03-11,MEX,15.942433336257238
2016-03-12,MEX,17.423609692121545
2016-03-13,MEX,18.990006775820234
2016-03-14,MEX,20.125438162892237
2016-03-15,MEX,21.225910753357482
2016-03-16,MEX,21.18768680174037
2016-03-17,MEX,21.45917467755271
2016-03-18,MEX,21.04065293900726
2016-03-19,MEX,19.86972408002481
2016-03-20,MEX,17.977130290607874
2016-03-21,MEX,17.566271118513612
2016-03-22,MEX,19.16950562586112
2016-03-23,MEX,20.90965418978226
2016-03-24,MEX,20.503296336583617
2016-03-25,MEX,19.939117304892932
2016-03-26,MEX,20.448380187075884
2016-03-27,MEX,20.938153901715964
2016-03-28,MEX,20.932049996853323
2016-03-29,MEX,21.12500369642777
2016-03-30,MEX,21.370126418743723
2016-03-31,MEX,21.302483045240137
2016-04-01,MEX,20.519893061826906
2016-04-02,MEX,18.95905640763192
2016-04-03,MEX,18.53932235341341
2016-04-04,MEX,20.279454689994964
2016-04-05,MEX,21.70264362903839
2016-04-06,MEX,22.63664814355758
2016-04-07,MEX,22.587842822614164
2016-04-08,MEX,22.206290969268593
2016-04-09,MEX,21.618102606066827
2016-04-10,MEX,22.138649544034706
2016-04-11,MEX,22.01611566375459
2016-04-12,MEX,22.327299049583132
2016-04-13,MEX,22.009990581848115
2016-04-14,MEX,22.561256815300567
2016-04-15,MEX,22.794462756946757
2016-04-16,MEX,22.638726980751528
2016-04-17,MEX,22.3703394123973
2016-04-18,MEX,22.694273234130605
2016-04-19,MEX,22.47477748658565
2016-04-20,MEX,22.32749003084473
2016-04-21,MEX,22.593082888325057
2016-04-22,MEX,22.709488675989576
2016-04-23,MEX,21.393288497955268
2016-04-24,MEX,21.635612630034302
2016-04-25,MEX,23.00919654109805
2016-04-26,MEX,23.15488186406742
2016-04-27,MEX,22.75219775356976
2016-04-28,MEX,23.38487203602847
2016-04-29,MEX,23.05901331440981
2016-04-30,MEX,22.61117590030625
2016-05-01,MEX,22.850040994870085
2016-05-02,MEX,22.31084147135482
2016-05-03,MEX,22.46557899215287
2016-05-04,MEX,23.286926945079074
2016-05-05,MEX,23.345554437043006
2016-05-06,MEX,23.335371972841926
2016-05-07,MEX,23.29305244110816
2016-05-08,MEX,22.996285806291723
2016-05-09,MEX,23.08593150054338
2016-05-10,MEX,23.927938641194714
2016-05-11,MEX,24.720176181584748
2016-05-12,MEX,25.08703265572018
2016-05-13,MEX,24.962257119492676
2016-05-14,MEX,24.052644417337433
2016-05-15,MEX,23.572388272328908
2016-05-16,MEX,23.378330956637058
2016-05-17,MEX,24.194736466181155
2016-05-18,MEX,23.801152142390208
2016-05-19,MEX,23.415721996220725
2016-05-20,MEX,24.190096364212934
2016-05-21,MEX,24.889318815272702
2016-05-22,MEX,25.32342002872099
2016-05-23,MEX,25.75294346428433
2016-05-24,MEX,25.573828600918546
2016-05-25,MEX,25.738542637897353
2016-05-26,MEX,25.130746084381826
2016-05-27,MEX,24.58372588932201
2016-05-28,MEX,24.89611290577045
2016-05-29,MEX,25.286684799024954
2016-05-30,MEX,25.214450389166018
2016-05-31,MEX,24.54551766630891
2016-06-01,MEX,24.097073106004984
2016-06-02,MEX,23.827547632692188
2016-06-03,MEX,24.965446730922622
2016-06-04,MEX,25.642390534284687
2016-06-05,MEX,25.149496267012466
2016-06-06,MEX,24.650105836119906
2016-06-07,MEX,24.900571595313636
2016-06-08,MEX,25.035825408765675
2016-06-09,MEX,24.706036970263142
2016-06-10,MEX,25.04843032193429
2016-06-11,MEX,24.633971004526245
2016-06-12,MEX,24.93022606760036
2016-06-13,MEX,25.522603596408942
2016-06-14,MEX,25.821253620504706
2016-06-15,MEX,26.101568608091554
2016-06-16,MEX,25.99543913116696
2016-06-17,MEX,26.22409645068109
2016-06-18,MEX,26.464633565429324
2016-06-19,MEX,26.456454038627385
2016-06-20,MEX,25.58836830104127
2016-06-21,MEX,25.11516999144635
2016-06-22,MEX,25.698653734760512
2016-06-23,MEX,25.966705558887156
2016-06-24,MEX,25.610804850914576
2016-06-25,MEX,25.30486627429798
2016-06-26,MEX,25.52011851722534
2016-06-27,MEX,25.063481850903543
2016-06-28,MEX,24.749430012826622
2016-06-29,MEX,24.732135149636008
2016-06-30,MEX,24.968731551304586
2016-07-01,MEX,24.920997744839724
2016-07-02,MEX,25.26215424534331
2016-07-03,MEX,25.781830570758075
2016-07-04,MEX,26.030842075207147
2016-07-05,MEX,26.100631608280025
2016-07-06,MEX,26.02799769783394
2016-07-07,MEX,26.53781202283676
2016-07-08,MEX,26.639913293088682
2016-07-09,MEX,26.707835304998127
2016-07-10,MEX,26.34639835771884
2016-07-11,MEX,26.295003607748072
2016-07-12,MEX,25.985983876731723
2016-07-13,MEX,25.859773370401
2016-07-14,MEX,26.062140970579378
2016-07-15,MEX,26.33059645368894
2016-07-16,MEX,25.612458083453646
2016-07-17,MEX,25.592132947341838
2016-07-18,MEX,25.62125847968116
2016-07-19,MEX,25.707398317176683
2016-07-20,MEX,25.71541463696832
2016-07-21,MEX,25.61384079132972
2016-07-22,MEX,25.78828814828836
2016-07-23,MEX,25.708228857512893
2016-07-24,MEX,25.97459566629982
2016-07-25,MEX,25.938081656590157
2016-07-26,MEX,26.020503266136814
2016-07-27,MEX,25.474620491980204
2016-07-28,MEX,24.637817860751
2016-07-29,MEX,24.40331974953648
2016-07-30,MEX,24.00233170181872
2016-07-31,MEX,24.11883471232079
2016-08-01,MEX,24.63328264374087
2016-08-02,MEX,24.922428582135012
2016-08-03,MEX,25.32737817464931
2016-08-04,MEX,25.680563723577222
2016-08-05,MEX,25.81796418530473
2016-08-06,MEX,25.61466430703115
2016-08-07,MEX,25.69562015856127
2016-08-08,MEX,25.569111425174412
2016-08-09,MEX,25.256310536116757
2016-08-10,MEX,24.909486843984837
2016-08-11,MEX,25.111817596789308
2016-08-12,MEX,25.26650560643111
2016-08-13,MEX,24.93508569750111
2016-08-14,MEX,24.383902758654983
2016-08-15,MEX,23.877141560625546
2016-08-16,MEX,24.082596895634993
2016-08-17,MEX,24.181299137609415
2016-08-18,MEX,24.180925368293458
2016-08-19,MEX,24.189357814863968
2016-08-20,MEX,24.327629864052653
2016-08-21,MEX,23.99596425554978
2016-08-22,MEX,23.47616954885916
2016-08-23,MEX,23.948355909036138
2016-08-24,MEX,23.95676534707519
2016-08-25,MEX,23.781284697266756
2016-08-26,MEX,23.817309586923898
2016-08-27,MEX,24.092028043153334
2016-08-28,MEX,24.038978596851393
2016-08-29,MEX,23.95257804203942
2016-08-30,MEX,24.013454718775563
2016-08-31,MEX,23.878813767755844
2016-09-01,MEX,24.216246071715602
2016-09-02,MEX,24.284073846150307
2016-09-03,MEX,24.35670449835817
2016-09-04,MEX,23.916890301237572
2016-09-05,MEX,23.76749078816738
2016-09-06,MEX,23.919386456376742
2016-09-07,MEX,23.574934759816585
2016-09-08,MEX,23.934241392826493
2016-09-09,MEX,24.41459456137102
2016-09-10,MEX,24.622858344403767
2016-09-11,MEX,23.98996554048017
2016-09-12,MEX,23.932902049681786
2016-09-13,MEX,23.96080400652147
2016-09-14,MEX,24.285983795791026
2016-09-15,MEX,24.261171401161505
2016-09-16,MEX,24.67648586224243
2016-09-17,MEX,24.79224676996529
2016-09-18,MEX,24.87955264408282
2016-09-19,MEX,24.921024431239914
2016-09-20,MEX,24.675979620243027
2016-09-21,MEX,24.061653203657954
2016-09-22,MEX,23.57296955550521
2016-09-23,MEX,23.38503724863091
2016-09-24,MEX,23.10846361400445
2016-09-25,MEX,22.2568981016139
2016-09-26,MEX,21.651607964750667
2016-09-27,MEX,21.096433342587886
2016-09-28,MEX,21.983843226472402
2016-09-29,MEX,22.77563926535214
2016-09-30,MEX,22.491240958370497
2016-10-01,MEX,22.39043285355899
2016-10-02,MEX,22.849312802192742
2016-10-03,MEX,23.07035456363792
2016-10-04,MEX,23.264928853147183
2016-10-05,MEX,23.43500015958483
2016-10-06,MEX,23.400660434670044
2016-10-07,MEX,23.3527601769984
2016-10-08,MEX,22.458177007290885
2016-10-09,MEX,22.099644831434603
2016-10-10,MEX,22.228003844300076
2016-10-11,MEX,22.953956866820306
2016-10-12,MEX,23.551531793694494
2016-10-13,MEX,23.678145748934696
2016-10-14,MEX,23.201768480604585
2016-10-15,MEX,23.08638341764157
2016-10-16,MEX,22.95098637538638
2016-10-17,MEX,23.110859090106658
2016-10-18,MEX,23.228918967479558
2016-10-19,MEX,22.97444964533912
2016-10-20,MEX,22.43567138811602
2016-10-21,MEX,21.374340370304424
2016-10-22,MEX,21.22565315872731
2016-10-23,MEX,21.468549699214122
2016-10-24,MEX,22.174916523527543
2016-10-25,MEX,22.240472434990863
2016-10-26,MEX,22.000608368180224
2016-10-27,MEX,21.49884057981683
2016-10-28,MEX,21.301307707262538
2016-10-29,MEX,21.124707110905206
2016-10-30,MEX,21.290786328891272
2016-10-31,MEX,21.567019618132406
2016-11-01,MEX,21.586036007519056
2016-11-02,MEX,21.60128886795735
2016-11-03,MEX,21.428946751733463
2016-11-04,MEX,20.84750318253424
2016-11-05,MEX,20.585497692331842
2016-11-06,MEX,20.617218470691057
2016-11-07,MEX,20.5751156583475
2016-11-08,MEX,20.141130530916428
2016-11-09,MEX,18.747008966859823
2016-11-10,MEX,17.825965915652546
2016-11-11,MEX,17.944114314027388
2016-11-12,MEX,17.975394842304922
2016-11-13,MEX,17.786923708879613
2016-11-14,MEX,18.52331432088465
2016-11-15,MEX,18.960288255166006
2016-11-16,MEX,18.8221387076444
2016-11-17,MEX,19.3730535545281
2016-11-18,MEX,19.214056209555793
2016-11-19,MEX,17.940760033344247
2016-11-20,MEX,17.12350117656399
2016-11-21,MEX,17.831515996373014
2016-11-22,MEX,18.18205194149175
2016-11-23,MEX,17.54469605575423
2016-11-24,MEX,17.780689442389473
2016-11-25,MEX,17.78603166085395
2016-11-26,MEX,17.555409264286993
2016-11-27,MEX,18.201211628147973
2016-11-28,MEX,18.152670810634447
2016-11-29,MEX,18.058240676056073
2016-11-30,MEX,17.039662718455247
2016-12-01,MEX,16.328787753843528
2016-12-02,MEX,17.413486697062297
2016-12-03,MEX,17.2843618649556
2016-12-04,MEX,15.62890237754084
2016-12-05,MEX,14.966846415457212
2016-12-06,MEX,15.847158473777426
2016-12-07,MEX,16.665537425753655
2016-12-08,MEX,16.319073275358903
2016-12-09,MEX,14.290741327521005
2016-12-10,MEX,14.941821876313838
2016-12-11,MEX,16.93223559277635
2016-12-12,MEX,17.626530895825
2016-12-13,MEX,18.09776156674667
2016-12-14,MEX,18.209515309620997
2016-12-15,MEX,18.385346382409125
2016-12-16,MEX,18.968665824839547
2016-12-17,MEX,19.149426096077036
2016-12-18,MEX,16.494556094360178
2016-12-19,MEX,14.298922188985841
2016-12-20,MEX,15.077133572085074
2016-12-21,MEX,17.546252142240803
2016-12-22,MEX,17.70163911194993
2016-12-23,MEX,17.626877807823064
2016-12-24,MEX,17.167439639288318
2016-12-25,MEX,17.27666321508508
2016-12-26,MEX,16.445461039151155
2016-12-27,MEX,16.89033939191222
2016-12-28,MEX,17.89923513909315
2016-12-29,MEX,18.297687307851675
2016-12-30,MEX,16.59680491911729
2016-12-31,MEX,16.899092980447392
2017-01-01,MEX,16.987811727889948
2017-01-02,MEX,16.607764308931166
2017-01-03,MEX,16.57916040381349
2017-01-04,MEX,17.636136669842188
2017-01-05,MEX,17.95136073939136
2017-01-06,MEX,17.586377517714254
2017-01-07,MEX,14.019936660072915
2017-01-08,MEX,13.199088015739619
2017-01-09,MEX,15.042298271605546
2017-01-10,MEX,16.746868490957013
2017-01-11,MEX,17.145237549782507
2017-01-12,MEX,17.386024397380197
2017-01-13,MEX,17.3923874286657
2017-01-14,MEX,17.01704578432947
2017-01-15,MEX,16.189054790556213
2017-01-16,MEX,15.471720715279446
2017-01-17,MEX,15.670900203618089
2017-01-18,MEX,15.416755832512763
2017-01-19,MEX,15.870585660627683
2017-01-20,MEX,16.46914870707775
2017-01-21,MEX,16.90024677048916
2017-01-22,MEX,16.341415933184578
2017-01-23,MEX,15.934204714429256
2017-01-24,MEX,17.093416506593144
2017-01-25,MEX,16.671764176302077
2017-01-26,MEX,14.892659206459541
2017-01-27,MEX,14.402914379339165
2017-01-28,MEX,13.2765206851073
2017-01-29,MEX,12.527513337394964
2017-01-30,MEX,13.32506918347633
2017-01-31,MEX,15.04636797797292
2017-02-01,MEX,16.516082529879213
2017-02-02,MEX,17.063579354882734
2017-02-03,MEX,17.244407098476017
2017-02-04,MEX,17.391484180946406
2017-02-05,MEX,17.757457706573746
2017-02-06,MEX,18.548411650054504
2017-02-07,MEX,18.993184115006045
2017-02-08,MEX,19.649302929258795
2017-02-09,MEX,19.885539628484423
2017-02-10,MEX,19.927018853764594
2017-02-11,MEX,20.151986548258208
2017-02-12,MEX,19.954300210099404
2017-02-13,MEX,18.497562316846768
2017-02-14,MEX,16.99664306733547
2017-02-15,MEX,16.03642673261527
2017-02-16,MEX,15.23651155126862
2017-02-17,MEX,16.10605970878754
2017-02-18,MEX,17.190106961642357
2017-02-19,MEX,17.3187045564261
2017-02-20,MEX,16.69170506399155
2017-02-21,MEX,17.206649889804908
2017-02-22,MEX,18.61665243273353
2017-02-23,MEX,19.404300607182222
2017-02-24,MEX,18.545987158124376
2017-02-25,MEX,17.66974252076443
2017-02-26,MEX,18.241412352465886
2017-02-27,MEX,19.1467463197734
2017-02-28,MEX,20.254317367299734
2017-03-01,MEX,19.54877537518223
2017-03-02,MEX,18.84112245734252
2017-03-03,MEX,17.99185243488796
2017-03-04,MEX,17.744423119115027
2017-03-05,MEX,18.548323205554937
2017-03-06,MEX,19.449097649124894
2017-03-07,MEX,19.67761908794415
2017-03-08,MEX,19.787340563243106
2017-03-09,MEX,20.10842575902666
2017-03-10,MEX,19.90081986232724
2017-03-11,MEX,20.274173437872548
2017-03-12,MEX,19.764199719146347
2017-03-13,MEX,19.065702850736898
2017-03-14,MEX,19.590562467216444
2017-03-15,MEX,20.138552756354386
2017-03-16,MEX,20.64152932830467
2017-03-17,MEX,21.107797438389525
2017-03-18,MEX,21.198226250072253
2017-03-19,MEX,21.224134629028185
2017-03-20,MEX,21.402069442106267
2017-03-21,MEX,21.626050623822152
2017-03-22,MEX,21.6616646387601
2017-03-23,MEX,21.43180594858302
2017-03-24,MEX,20.464349556933087
2017-03-25,MEX,20.56716271241919
2017-03-26,MEX,21.302450530573537
2017-03-27,MEX,21.226035738696964
2017-03-28,MEX,21.681868854567597
2017-03-29,MEX,21.069030030055956
2017-03-30,MEX,20.77618461437561
2017-03-31,MEX,21.33202237739181
2017-04-01,MEX,20.73239715245927
2017-04-02,MEX,20.505267682655244
2017-04-03,MEX,20.345191572185513
2017-04-04,MEX,21.320497966023424
2017-04-05,MEX,21.47127041643131
2017-04-06,MEX,21.115179803328886
2017-04-07,MEX,21.450634588576975
2017-04-08,MEX,22.324268282127093
2017-04-09,MEX,22.813146962315443
2017-04-10,MEX,22.82375511012043
2017-04-11,MEX,22.606460812407875
2017-04-12,MEX,22.12630371349053
2017-04-13,MEX,21.86664928571622
2017-04-14,MEX,21.800213610621313
2017-04-15,MEX,22.184944803445205
2017-04-16,MEX,22.270817687497413
2017-04-17,MEX,22.261125297611784
2017-04-18,MEX,21.886231125241977
2017-04-19,MEX,22.251287707581866
2017-04-20,MEX,22.879563393784395
2017-04-21,MEX,23.33143249751521
2017-04-22,MEX,23.6345253731825
2017-04-23,MEX,22.46112549039333
2017-04-24,MEX,22.301717654495803
2017-04-25,MEX,23.209290821352113
2017-04-26,MEX,23.676500261681383
2017-04-27,MEX,23.690208086269195
2017-04-28,MEX,24.171970781365246
2017-04-29,MEX,23.789653642851704
2017-04-30,MEX,22.322394179738865
2017-05-01,MEX,22.671572885001467
2017-05-02,MEX,23.69587713243709
2017-05-03,MEX,24.551990415440343
2017-05-04,MEX,24.107242370940526
2017-05-05,MEX,22.963673508934562
2017-05-06,MEX,22.81480595873859
2017-05-07,MEX,22.440087255018625
2017-05-08,MEX,22.206733869603852
2017-05-09,MEX,21.879094999037875
2017-05-10,MEX,22.49285613362224
2017-05-11,MEX,23.29522730014969
2017-05-12,MEX,24.372272588302963
2017-05-13,MEX,24.0052951591926
2017-05-14,MEX,23.787800516598338
2017-05-15,MEX,24.12619141714373
2017-05-16,MEX,24.132417788070484
2017-05-17,MEX,24.14074792839682
2017-05-18,MEX,24.900749534311046
2017-05-19,MEX,25.144981081996434
2017-05-20,MEX,25.280487381521596
2017-05-21,MEX,25.174401941919086
2017-05-22,MEX,25.072557208133333
2017-05-23,MEX,25.725914668504288
2017-05-24,MEX,25.399604563434025
2017-05-25,MEX,25.69683314733726
2017-05-26,MEX,26.140650334428756
2017-05-27,MEX,26.235368955183446
2017-05-28,MEX,25.879673883261432
2017-05-29,MEX,24.549926036824672
2017-05-30,MEX,23.45974685430383
2017-05-31,MEX,23.04818465710713
2017-06-01,MEX,23.312822490269866
2017-06-02,MEX,23.65355691911924
2017-06-03,MEX,24.380533270996295
2017-06-04,MEX,24.71621173179318
2017-06-05,MEX,25.65718261938457
2017-06-06,MEX,26.32992603885873
2017-06-07,MEX,25.5516821770035
2017-06-08,MEX,24.868406599637524
2017-06-09,MEX,25.295377341072594
2017-06-10,MEX,25.414416774643826
2017-06-11,MEX,25.44796908151227
2017-06-12,MEX,25.582507299193423
2017-06-13,MEX,25.935134883847354
2017-06-14,MEX,26.165721468022866
2017-06-15,MEX,26.337949540000068
2017-06-16,MEX,26.817810310825166
2017-06-17,MEX,27.10516401459904
2017-06-18,MEX,27.233535504562838
2017-06-19,MEX,27.147888329741477
2017-06-20,MEX,26.860128386435065
2017-06-21,MEX,26.683986246146958
2017-06-22,MEX,27.10631145069732
2017-06-23,MEX,27.670340423073526
2017-06-24,MEX,26.833561579319394
2017-06-25,MEX,25.320403054320934
2017-06-26,MEX,25.209715807155987
2017-06-27,MEX,25.059693201681455
2017-06-28,MEX,25.31021016810456
2017-06-29,MEX,25.89324173371824
2017-06-30,MEX,26.3325890029235
2017-07-01,MEX,26.126170704632273
2017-07-02,MEX,25.378503279515485
2017-07-03,MEX,25.28193369753086
2017-07-04,MEX,25.91662831701575
2017-07-05,MEX,25.524483251707295
2017-07-06,MEX,25.493532985904892
2017-07-07,MEX,25.15730771086544
2017-07-08,MEX,24.533500736132567
2017-07-09,MEX,24.547276452373353
2017-07-10,MEX,24.539821974351753
2017-07-11,MEX,24.536839781337164
2017-07-12,MEX,24.32709171976518
2017-07-13,MEX,23.807639023334787
2017-07-14,MEX,23.834438572255465
2017-07-15,MEX,24.154150383290187
2017-07-16,MEX,24.337548105253347
2017-07-17,MEX,24.105197038894175
2017-07-18,MEX,24.034713957625627
2017-07-19,MEX,23.911458082318802
2017-07-20,MEX,24.318600452581393
2017-07-21,MEX,24.52105375817763
2017-07-22,MEX,24.736016485930065
2017-07-23,MEX,24.56134963630501
2017-07-24,MEX,24.69746969945902
2017-07-25,MEX,25.17261580810174
2017-07-26,MEX,24.928592350473366
2017-07-27,MEX,24.8107191203473
2017-07-28,MEX,24.62977260337749
2017-07-29,MEX,24.792951659659593
2017-07-30,MEX,25.323194928084433
2017-07-31,MEX,25.96943077371617
2017-08-01,MEX,25.716690406552516
2017-08-02,MEX,25.57302958921457
2017-08-03,MEX,25.172807641381723
2017-08-04,MEX,25.119212646238225
2017-08-05,MEX,25.05860268914813
2017-08-06,MEX,25.557161713612516
2017-08-07,MEX,25.920117475050404
2017-08-08,MEX,24.771470738485448
2017-08-09,MEX,24.981401740257013
2017-08-10,MEX,24.79923323470092
2017-08-11,MEX,24.8586359457355
2017-08-12,MEX,25.19797414845027
2017-08-13,MEX,25.24404579571012
2017-08-14,MEX,25.301217280762785
2017-08-15,MEX,25.19460684075193
2017-08-16,MEX,25.062941495989207
2017-08-17,MEX,24.996995296128546
2017-08-18,MEX,24.665841156546094
2017-08-19,MEX,24.13290745324855
2017-08-20,MEX,24.466232224620057
2017-08-21,MEX,24.618006579346343
2017-08-22,MEX,25.07804096355511
2017-08-23,MEX,25.076214268593787
2017-08-24,MEX,24.521854847881798
2017-08-25,MEX,24.625903367004128
2017-08-26,MEX,24.78393875646725
2017-08-27,MEX,25.024097989615484
2017-08-28,MEX,24.55537789195114
2017-08-29,MEX,24.490883532252724
2017-08-30,MEX,24.049351396114105
2017-08-31,MEX,23.677039507114046
2017-09-01,MEX,23.491657257723602
2017-09-02,MEX,23.65003538597381
2017-09-03,MEX,23.545381136929905
2017-09-04,MEX,23.388753317217436
2017-09-05,MEX,23.111613284404996
2017-09-06,MEX,23.087860004285403
2017-09-07,MEX,23.082971650122715
2017-09-08,MEX,22.98858113173452
2017-09-09,MEX,23.038841962711956
2017-09-10,MEX,23.314852373312135
2017-09-11,MEX,23.465757235997216
2017-09-12,MEX,23.83418293211605
2017-09-13,MEX,24.504037584066566
2017-09-14,MEX,25.16203607060993
2017-09-15,MEX,25.037330543179507
2017-09-16,MEX,24.852965378563283
2017-09-17,MEX,24.551343322292496
2017-09-18,MEX,24.68694482189511
2017-09-19,MEX,24.64793329380251
2017-09-20,MEX,24.69835793951995
2017-09-21,MEX,24.448614372398993
2017-09-22,MEX,24.124362222408536
2017-09-23,MEX,23.467729821359683
2017-09-24,MEX,22.989362330714073
2017-09-25,MEX,22.769214416080843
2017-09-26,MEX,22.48524369111408
2017-09-27,MEX,22.534914759449066
2017-09-28,MEX,22.45013905316995
2017-09-29,MEX,22.506201120279854
2017-09-30,MEX,22.496895824680507
2017-10-01,MEX,22.534428890009337
2017-10-02,MEX,22.74583235881704
2017-10-03,MEX,22.926523031739976
2017-10-04,MEX,23.357375664547135
2017-10-05,MEX,23.718373418324745
2017-10-06,MEX,23.938102770843784
2017-10-07,MEX,23.64192283372222
2017-10-08,MEX,23.38590242135723
2017-10-09,MEX,23.735619207683328
2017-10-10,MEX,22.451325715042742
2017-10-11,MEX,20.958944141902634
2017-10-12,MEX,21.69386119769439
2017-10-13,MEX,22.621108399781235
2017-10-14,MEX,22.897241379445916
2017-10-15,MEX,22.938313246330097
2017-10-16,MEX,22.071008166181343
2017-10-17,MEX,21.70138767592323
2017-10-18,MEX,22.143182216708226
2017-10-19,MEX,22.260064038553537
2017-10-20,MEX,22.558426439321124
2017-10-21,MEX,22.455735043069012
2017-10-22,MEX,22.402336763235894
2017-10-23,MEX,22.15880328496246
2017-10-24,MEX,21.651509586963414
2017-10-25,MEX,20.201257143094892
2017-10-26,MEX,20.001159620736132
2017-10-27,MEX,20.432760266820537
2017-10-28,MEX,18.827154039587356
2017-10-29,MEX,18.72900603372466
2017-10-30,MEX,19.539464759349016
2017-10-31,MEX,19.9213271818125
2017-11-01,MEX,20.119647107420576
2017-11-02,MEX,21.072338874152877
2017-11-03,MEX,21.35086345021483
2017-11-04,MEX,21.65191528131419
2017-11-05,MEX,21.573905858203148
2017-11-06,MEX,21.63640792164489
2017-11-07,MEX,21.6678929537145
2017-11-08,MEX,20.960160244807412
2017-11-09,MEX,18.929889401320168
2017-11-10,MEX,18.97737163805118
2017-11-11,MEX,19.692788563306976
2017-11-12,MEX,20.262841271487275
2017-11-13,MEX,20.248629774242715
2017-11-14,MEX,20.44303288108665
2017-11-15,MEX,20.465600251168837
2017-11-16,MEX,20.264836519085236
2017-11-17,MEX,20.242509152264006
2017-11-18,MEX,20.306703287656887
2017-11-19,MEX,18.30129958337693
2017-11-20,MEX,17.10967264954502
2017-11-21,MEX,17.882813378693072
2017-11-22,MEX,18.06774111881691
2017-11-23,MEX,16.52500284805501
2017-11-24,MEX,16.67967847458266
2017-11-25,MEX,17.86322645751926
2017-11-26,MEX,18.173549518758364
2017-11-27,MEX,17.754558065792423
2017-11-28,MEX,17.925756669864654
2017-11-29,MEX,17.78060180784314
2017-11-30,MEX,17.524700815510414
2017-12-01,MEX,17.610053411982165
2017-12-02,MEX,17.72992001223963
2017-12-03,MEX,17.85668035978364
2017-12-04,MEX,18.1574352032913
2017-12-05,MEX,18.172589471745255
2017-12-06,MEX,17.023244943802922
2017-12-07,MEX,14.917603647631381
2017-12-08,MEX,11.410741643860774
2017-12-09,MEX,10.715165997141014
2017-12-10,MEX,12.229400644637451
2017-12-11,MEX,13.073974161819933
2017-12-12,MEX,13.635685628901285
2017-12-13,MEX,14.0726872518008
2017-12-14,MEX,14.839763511896024
2017-12-15,MEX,14.312045786829856
2017-12-16,MEX,13.007196364112872
2017-12-17,MEX,14.708985293166961
2017-12-18,MEX,15.69843777179841
2017-12-19,MEX,16.50302330757853
2017-12-20,MEX,16.290263216354845
2017-12-21,MEX,17.15597860949265
2017-12-22,MEX,16.823293464470623
2017-12-23,MEX,15.204225229611666
2017-12-24,MEX,16.007465488178752
2017-12-25,MEX,16.51468846673157
2017-12-26,MEX,16.569185077908173
2017-12-27,MEX,16.50485116330219
2017-12-28,MEX,15.571005011654961
2017-12-29,MEX,15.743798028650417
2017-12-30,MEX,16.42064218220105
2017-12-31,MEX,17.061211950615416
2018-01-01,MEX,15.22238119750989
2018-01-02,MEX,13.651156568342287
2018-01-03,MEX,13.413141151533182
2018-01-04,MEX,13.808543588001783
2018-01-05,MEX,14.684434674652152
2018-01-06,MEX,15.248423858711703
2018-01-07,MEX,16.583919772204695
2018-01-08,MEX,16.516301554899087
2018-01-09,MEX,16.140638849221887
2018-01-10,MEX,16.62153496385139
2018-01-11,MEX,16.415715174992442
2018-01-12,MEX,15.075533364904686
2018-01-13,MEX,14.274767043311385
2018-01-14,MEX,13.72606256119684
2018-01-15,MEX,14.238611755748366
2018-01-16,MEX,13.76613748660219
2018-01-17,MEX,11.602060193682917
2018-01-18,MEX,11.986501038555843
2018-01-19,MEX,13.376652226265776
2018-01-20,MEX,15.07092769299544
2018-01-21,MEX,15.80855001117277
2018-01-22,MEX,14.822656735923545
2018-01-23,MEX,14.492627902516745
2018-01-24,MEX,14.188964314330178
2018-01-25,MEX,13.933729396429271
2018-01-26,MEX,15.086738034378413
2018-01-27,MEX,15.616220284319013
2018-01-28,MEX,15.868359253432573
2018-01-29,MEX,15.902216462594765
2018-01-30,MEX,14.666500077677654
2018-01-31,MEX,15.086709113491167
2018-02-01,MEX,17.080365969088348
2018-02-02,MEX,17.93510648568082
2018-02-03,MEX,17.380161546753243
2018-02-04,MEX,18.456236078282075
2018-02-05,MEX,18.68424147959371
2018-02-06,MEX,19.22597285352822
2018-02-07,MEX,18.80209425115231
2018-02-08,MEX,16.827266308649314
2018-02-09,MEX,16.729635734744534
2018-02-10,MEX,17.182051716604235
2018-02-11,MEX,17.91677988162263
2018-02-12,MEX,16.34976545682821
2018-02-13,MEX,16.923409908701842
2018-02-14,MEX,18.316174761454818
2018-02-15,MEX,19.521346438536682
2018-02-16,MEX,19.679934606665086
2018-02-17,MEX,19.31304187794325
2018-02-18,MEX,19.285043414156803
2018-02-19,MEX,19.27670170721251
2018-02-20,MEX,18.46497619938242
2018-02-21,MEX,17.591666042086104
2018-02-22,MEX,17.065823177122923
2018-02-23,MEX,17.494008708296462
2018-02-24,MEX,18.16053239842313
2018-02-25,MEX,17.451861405414377
2018-02-26,MEX,17.81510906550136
2018-02-27,MEX,18.86377556901681
2018-02-28,MEX,18.703288127606015
2018-03-01,MEX,18.06205701556314
2018-03-02,MEX,18.04864735219303
2018-03-03,MEX,19.120159859141552
2018-03-04,MEX,19.757195509483722
2018-03-05,MEX,20.041272339034492
2018-03-06,MEX,19.447520482423556
2018-03-07,MEX,18.29424580032162
2018-03-08,MEX,18.520627029037655
2018-03-09,MEX,19.902489841033514
2018-03-10,MEX,20.871221695883207
2018-03-11,MEX,21.755213589308767
2018-03-12,MEX,20.15461697377117
2018-03-13,MEX,19.16561928808261
2018-03-14,MEX,19.273973805102287
2018-03-15,MEX,19.43875562951223
2018-03-16,MEX,19.571093214389236
2018-03-17,MEX,20.55148216574247
2018-03-18,MEX,20.570163416324363
2018-03-19,MEX,20.235992590994556
2018-03-20,MEX,19.933545552125224
2018-03-21,MEX,20.475465647750298
2018-03-22,MEX,21.635872672505798
2018-03-23,MEX,22.205285543448383
2018-03-24,MEX,22.349711235021346
2018-03-25,MEX,21.928841296335747
2018-03-26,MEX,21.97609931095593
2018-03-27,MEX,21.071600630415674
2018-03-28,MEX,20.263694987392682
2018-03-29,MEX,20.193799062587857
2018-03-30,MEX,20.54505167353949
2018-03-31,MEX,21.15541328139443
2018-04-01,MEX,21.814140387655527
2018-04-02,MEX,22.22251626787886
2018-04-03,MEX,22.182900652256023
2018-04-04,MEX,21.25724005716819
2018-04-05,MEX,21.098077859800583
2018-04-06,MEX,22.390298603559927
2018-04-07,MEX,22.644250578493995
2018-04-08,MEX,22.427530428011437
2018-04-09,MEX,23.23924863941062
2018-04-10,MEX,22.252245173055144
2018-04-11,MEX,21.755224010084703
2018-04-12,MEX,22.755471210053486
2018-04-13,MEX,22.502394739734825
2018-04-14,MEX,21.096525421944705
2018-04-15,MEX,19.472057931892323
2018-04-16,MEX,20.7590134975477
2018-04-17,MEX,22.001766474874557
2018-04-18,MEX,22.400060867754917
2018-04-19,MEX,22.32411143271321
2018-04-20,MEX,21.50230119662433
2018-04-21,MEX,22.422502845910913
2018-04-22,MEX,23.180982595278465
2018-04-23,MEX,23.148264150448824
2018-04-24,MEX,23.572057551258524
2018-04-25,MEX,23.7550757797311
2018-04-26,MEX,22.995550699585635
2018-04-27,MEX,22.785451357188833
2018-04-28,MEX,21.83715952478161
2018-04-29,MEX,22.346747699217303
2018-04-30,MEX,22.66836664442104
2018-05-01,MEX,22.948603099859497
2018-05-02,MEX,23.105012618283695
2018-05-03,MEX,22.981056839055043
2018-05-04,MEX,23.46025442528844
2018-05-05,MEX,23.176240514293795
2018-05-06,MEX,23.2918816750755
2018-05-07,MEX,23.512477143507624
2018-05-08,MEX,23.626268180711293
2018-05-09,MEX,23.909413717590553
2018-05-10,MEX,24.18749668891229
2018-05-11,MEX,24.233553933548308
2018-05-12,MEX,24.406380265510734
2018-05-13,MEX,24.384101024515985
2018-05-14,MEX,24.54779254487994
2018-05-15,MEX,24.64873795066336
2018-05-16,MEX,25.437167252803874
2018-05-17,MEX,25.522945136418002
2018-05-18,MEX,25.32815430864656
2018-05-19,MEX,24.747838986766
2018-05-20,MEX,24.236409536419785
2018-05-21,MEX,24.01568695153503
2018-05-22,MEX,24.01137950739883
2018-05-23,MEX,24.162852718189924
2018-05-24,MEX,24.899125867686564
2018-05-25,MEX,25.674531875931393
2018-05-26,MEX,26.048666755459806
2018-05-27,MEX,26.2441527661054
2018-05-28,MEX,26.526682475182213
2018-05-29,MEX,26.87959833799863
2018-05-30,MEX,27.32499662865831
2018-05-31,MEX,27.38903723334778
2018-06-01,MEX,27.414158904601265
2018-06-02,MEX,27.22657581395373
2018-06-03,MEX,26.931384610387283
2018-06-04,MEX,26.085139804571156
2018-06-05,MEX,26.467880793201914
2018-06-06,MEX,26.68134117589534
2018-06-07,MEX,26.618364933929513
2018-06-08,MEX,26.470824130461153
2018-06-09,MEX,25.84637594802632
2018-06-10,MEX,25.798159346784814
2018-06-11,MEX,25.99797159411753
2018-06-12,MEX,26.010833201843525
2018-06-13,MEX,25.27141387584112
2018-06-14,MEX,24.688555149057265
2018-06-15,MEX,24.092439053843805
2018-06-16,MEX,23.55574828582894
2018-06-17,MEX,23.8390353880402
2018-06-18,MEX,24.09457084596744
2018-06-19,MEX,24.614812158807922
2018-06-20,MEX,25.045193434637326
2018-06-21,MEX,25.258219323667504
2018-06-22,MEX,24.990879947427743
2018-06-23,MEX,25.459300099223015
2018-06-24,MEX,25.598669459754035
2018-06-25,MEX,25.33545694257174
2018-06-26,MEX,24.971579388173097
2018-06-27,MEX,25.068244762982886
2018-06-28,MEX,24.944871977477646
2018-06-29,MEX,24.64574288283569
2018-06-30,MEX,24.394764270504368
2018-07-01,MEX,24.832253624767986
2018-07-02,MEX,25.402555403856354
2018-07-03,MEX,25.473372276603357
2018-07-04,MEX,25.70129164068146
2018-07-05,MEX,25.70110118506159
2018-07-06,MEX,24.874018814573617
2018-07-07,MEX,24.930702473117776
2018-07-08,MEX,24.434642402638872
2018-07-09,MEX,23.832053433928706
2018-07-10,MEX,23.645342329687708
2018-07-11,MEX,23.821560671360317
2018-07-12,MEX,24.816490855684776
2018-07-13,MEX,25.445274150678188
2018-07-14,MEX,25.77411902616194
2018-07-15,MEX,25.452933702111636
2018-07-16,MEX,24.928493999304465
2018-07-17,MEX,24.091481284070255
2018-07-18,MEX,25.184412614562177
2018-07-19,MEX,26.13470179356881
2018-07-20,MEX,26.493114892754647
2018-07-21,MEX,26.313499761447986
2018-07-22,MEX,26.759553572259847
2018-07-23,MEX,27.538693839531618
2018-07-24,MEX,28.02286356809384
2018-07-25,MEX,27.41477265603112
2018-07-26,MEX,26.62220376215822
2018-07-27,MEX,25.87666844571214
2018-07-28,MEX,25.580598120402556
2018-07-29,MEX,25.58843890977903
2018-07-30,MEX,26.212423789645186
2018-07-31,MEX,26.02978480154269
2018-08-01,MEX,25.320178999287464
2018-08-02,MEX,25.689743575837383
2018-08-03,MEX,26.102543667615407
2018-08-04,MEX,25.667851237198136
2018-08-05,MEX,25.312564815242695
2018-08-06,MEX,24.714107254315763
2018-08-07,MEX,24.753227363006374
2018-08-08,MEX,24.972028383289626
2018-08-09,MEX,24.492458387430645
2018-08-10,MEX,24.48212446231429
2018-08-11,MEX,24.289060419123643
2018-08-12,MEX,23.572186250846244
2018-08-13,MEX,23.40487182521764
2018-08-14,MEX,23.844659536568088
2018-08-15,MEX,24.330229919060628
2018-08-16,MEX,24.84178417991285
2018-08-17,MEX,24.77633746893912
2018-08-18,MEX,24.873279744033255
2018-08-19,MEX,25.159163045336925
2018-08-20,MEX,25.43513405884795
2018-08-21,MEX,24.887285731793156
2018-08-22,MEX,24.888097264931048
2018-08-23,MEX,24.7432867913069
2018-08-24,MEX,24.697486942817875
2018-08-25,MEX,24.86319757861122
2018-08-26,MEX,25.220624717606825
2018-08-27,MEX,25.1836452762264
2018-08-28,MEX,25.00438770540245
2018-08-29,MEX,24.879245473991887
2018-08-30,MEX,24.70718135267316
2018-08-31,MEX,24.81791855744075
2018-09-01,MEX,24.815026305780066
2018-09-02,MEX,24.379013298614836
2018-09-03,MEX,23.75545790298804
2018-09-04,MEX,23.723372256214475
2018-09-05,MEX,24.024804591480063
2018-09-06,MEX,23.644059358551146
2018-09-07,MEX,23.377894851484655
2018-09-08,MEX,23.33483013893192
2018-09-09,MEX,23.08428617334414
2018-09-10,MEX,23.18928180256478
2018-09-11,MEX,23.41453483647763
2018-09-12,MEX,23.711331259345513
2018-09-13,MEX,23.775577443972338
2018-09-14,MEX,24.090975617305162
2018-09-15,MEX,24.337250678028397
2018-09-16,MEX,23.817017048492175
2018-09-17,MEX,23.93903157590347
2018-09-18,MEX,23.77249950942803
2018-09-19,MEX,23.23582618870131
2018-09-20,MEX,22.790178807237908
2018-09-21,MEX,23.70843914374001
2018-09-22,MEX,23.966643358718386
2018-09-23,MEX,23.175797069375392
2018-09-24,MEX,23.39034598203017
2018-09-25,MEX,23.895813072489034
2018-09-26,MEX,24.104345264758024
2018-09-27,MEX,23.007754213590488
2018-09-28,MEX,22.859915137408336
2018-09-29,MEX,22.94644105677901
2018-09-30,MEX,22.99760203579325
2018-10-01,MEX,22.877392445271482
2018-10-02,MEX,22.88220970290689
2018-10-03,MEX,23.1028008735546
2018-10-04,MEX,23.272626378440464
2018-10-05,MEX,23.413687754890304
2018-10-06,MEX,22.875741001303425
2018-10-07,MEX,22.083467322857018
2018-10-08,MEX,21.32147489558662
2018-10-09,MEX,20.982536970386718
2018-10-10,MEX,21.346372793259604
2018-10-11,MEX,21.461891322011866
2018-10-12,MEX,21.603633135915686
2018-10-13,MEX,21.874465870929725
2018-10-14,MEX,21.704811880721593
2018-10-15,MEX,20.839836182186332
2018-10-16,MEX,17.933674283481423
2018-10-17,MEX,17.477735802101165
2018-10-18,MEX,18.297580987585775
2018-10-19,MEX,19.66319317077273
2018-10-20,MEX,20.457049957183585
2018-10-21,MEX,20.016809310046824
2018-10-22,MEX,19.535095139753253
2018-10-23,MEX,19.4527182780634
2018-10-24,MEX,19.665313770024
2018-10-25,MEX,20.408717015212915
2018-10-26,MEX,20.63554688077886
2018-10-27,MEX,20.362156893215285
2018-10-28,MEX,20.44976749251265
2018-10-29,MEX,20.815200292502027
2018-10-30,MEX,21.091537216585095
2018-10-31,MEX,20.809760476289284
2018-11-01,MEX,19.456299443921182
2018-11-02,MEX,18.645211837187105
2018-11-03,MEX,19.043017576807188
2018-11-04,MEX,19.06041454552536
2018-11-05,MEX,19.958473033182656
2018-11-06,MEX,20.737458035381053
2018-11-07,MEX,21.069553241407732
2018-11-08,MEX,20.837182920595865
2018-11-09,MEX,19.689761113017482
2018-11-10,MEX,17.75874519515071
2018-11-11,MEX,17.92529024284579
2018-11-12,MEX,18.25957447987679
2018-11-13,MEX,14.107171074061966
2018-11-14,MEX,11.337209148948148
2018-11-15,MEX,12.19990104479001
2018-11-16,MEX,13.866778613772567
2018-11-17,MEX,15.856025570027384
2018-11-18,MEX,16.42174374367397
2018-11-19,MEX,16.682244480635802
2018-11-20,MEX,16.615654874961763
2018-11-21,MEX,16.479758784262685
2018-11-22,MEX,16.922776907711295
2018-11-23,MEX,18.083962434584862
2018-11-24,MEX,18.263522571353747
2018-11-25,MEX,18.430153790414522
2018-11-26,MEX,16.43746397365345
2018-11-27,MEX,15.446608845416563
2018-11-28,MEX,15.842377968235269
2018-11-29,MEX,16.163756621626305
2018-11-30,MEX,17.453904412525787
2018-12-01,MEX,17.432435787038685
2018-12-02,MEX,17.169653446516918
2018-12-03,MEX,17.049446378658388
2018-12-04,MEX,16.684818246024065
2018-12-05,MEX,16.286890993356394
2018-12-06,MEX,17.457645536000598
2018-12-07,MEX,17.38386515776125
2018-12-08,MEX,16.08394507833981
2018-12-09,MEX,15.011391571186607
2018-12-10,MEX,14.553978875234634
2018-12-11,MEX,14.633734564659221
2018-12-12,MEX,15.045912399687609
2018-12-13,MEX,15.61763255550062
2018-12-14,MEX,13.95692080135052
2018-12-15,MEX,12.572464143955187
2018-12-16,MEX,13.364409458056286
2018-12-17,MEX,14.283956919906018
2018-12-18,MEX,14.925678677442932
2018-12-19,MEX,15.019092477667755
2018-12-20,MEX,15.394492617544415
2018-12-21,MEX,14.257303339652708
2018-12-22,MEX,14.723099044743833
2018-12-23,MEX,15.355740116416655
2018-12-24,MEX,15.320969102731283
2018-12-25,MEX,16.04047212251396
2018-12-26,MEX,16.504030625121686
2018-12-27,MEX,15.220734530622678
2018-12-28,MEX,14.902496310251706
2018-12-29,MEX,13.943223024983979
2018-12-30,MEX,12.61977859684481
2018-12-31,MEX,12.76320104487047
2019-01-01,MEX,13.615554732362682
2019-01-02,MEX,13.65788223810057
2019-01-03,MEX,13.118301507192939
2019-01-04,MEX,14.007476312888002
2019-01-05,MEX,15.191758061373548
2019-01-06,MEX,16.81574964172586
2019-01-07,MEX,17.254370976978407
2019-01-08,MEX,16.88547063486334
2019-01-09,MEX,16.67618769660828
2019-01-10,MEX,16.140488868974273
2019-01-11,MEX,15.709897124422184
2019-01-12,MEX,15.413151316179267
2019-01-13,MEX,15.171426129507665
2019-01-14,MEX,14.829286643818591
2019-01-15,MEX,15.166585420901356
2019-01-16,MEX,15.438228543990988
2019-01-17,MEX,16.066989461332298
2019-01-18,MEX,17.098239496590622
2019-01-19,MEX,16.83486429465262
2019-01-20,MEX,14.898714204863836
2019-01-21,MEX,15.321511696290031
2019-01-22,MEX,16.632933027714387
2019-01-23,MEX,15.07947445870127
2019-01-24,MEX,14.199148381721159
2019-01-25,MEX,14.668795927379733
2019-01-26,MEX,14.89448918061413
2019-01-27,MEX,14.37362789640406
2019-01-28,MEX,14.518278441586006
2019-01-29,MEX,14.790853607695965
2019-01-30,MEX,14.303551243270533
2019-01-31,MEX,15.132382632476606
2019-02-01,MEX,15.951447745422229
2019-02-02,MEX,16.82242173096421
2019-02-03,MEX,17.656564770558532
2019-02-04,MEX,18.491544116208104
2019-02-05,MEX,18.638571213751334
2019-02-06,MEX,18.556475628340593
2019-02-07,MEX,17.81667137042524
2019-02-08,MEX,16.107371538713892
2019-02-09,MEX,14.750069823655224
2019-02-10,MEX,15.79541459136533
2019-02-11,MEX,16.896990042261052
2019-02-12,MEX,16.18780557438521
2019-02-13,MEX,15.70417907220508
2019-02-14,MEX,17.742974501342644
2019-02-15,MEX,19.782349107465052
2019-02-16,MEX,20.563097094000113
2019-02-17,MEX,19.44967428097692
2019-02-18,MEX,17.812381740878266
2019-02-19,MEX,16.719950101436837
2019-02-20,MEX,15.364354628383921
2019-02-21,MEX,16.260895533477935
2019-02-22,MEX,16.788408418425604
2019-02-23,MEX,16.84225971538234
2019-02-24,MEX,16.358525250592777
2019-02-25,MEX,17.0159029991936
2019-02-26,MEX,18.271315638849842
2019-02-27,MEX,19.435797493597477
2019-02-28,MEX,20.100738899516273
2019-03-01,MEX,20.29491238703406
2019-03-02,MEX,20.887103848169943
2019-03-03,MEX,21.323567578216796
2019-03-04,MEX,19.34240365764566
2019-03-05,MEX,17.309827624870024
2019-03-06,MEX,17.441875517893322
2019-03-07,MEX,19.17950334942111
2019-03-08,MEX,20.44597321319287
2019-03-09,MEX,19.935503567024966
2019-03-10,MEX,20.37945222107777
2019-03-11,MEX,20.5229876301226
2019-03-12,MEX,20.13552159473562
2019-03-13,MEX,18.958322411286417
2019-03-14,MEX,19.44438288687644
2019-03-15,MEX,18.38531346565776
2019-03-16,MEX,16.361917032406666
2019-03-17,MEX,16.679608985457833
2019-03-18,MEX,16.837672820752687
2019-03-19,MEX,17.026794990652093
2019-03-20,MEX,17.907393468315206
2019-03-21,MEX,18.316818940668497
2019-03-22,MEX,18.512757034020524
2019-03-23,MEX,18.970360388428617
2019-03-24,MEX,19.85109347055584
2019-03-25,MEX,20.80946466646077
2019-03-26,MEX,21.17078460502273
2019-03-27,MEX,20.676280730252813
2019-03-28,MEX,20.88772451667859
2019-03-29,MEX,21.07700760612596
2019-03-30,MEX,21.3887130972941
2019-03-31,MEX,19.556186312826355
2019-04-01,MEX,18.472128849749197
2019-04-02,MEX,19.30714767449581
2019-04-03,MEX,20.43769810609973
2019-04-04,MEX,21.200163364272612
2019-04-05,MEX,21.55649073021857
2019-04-06,MEX,21.072989735207045
2019-04-07,MEX,21.244398468664542
2019-04-08,MEX,21.939986466553364
2019-04-09,MEX,22.412914766184144
2019-04-10,MEX,22.76843705354605
2019-04-11,MEX,21.916542660301275
2019-04-12,MEX,20.674975830067183
2019-04-13,MEX,19.915345149431857
2019-04-14,MEX,19.81482864373595
2019-04-15,MEX,20.526740764017177
2019-04-16,MEX,21.99744265348943
2019-04-17,MEX,22.42897561102336
2019-04-18,MEX,22.34233977630373
2019-04-19,MEX,22.227213435478347
2019-04-20,MEX,22.259488694386846
2019-04-21,MEX,22.693872971470967
2019-04-22,MEX,22.703909097286555
2019-04-23,MEX,22.238787515844137
2019-04-24,MEX,22.225963664679853
2019-04-25,MEX,22.39643040388046
2019-04-26,MEX,23.582526424920104
2019-04-27,MEX,23.569041233552923
2019-04-28,MEX,23.971843092272877
2019-04-29,MEX,24.14378579261944
2019-04-30,MEX,23.74534314672036
2019-05-01,MEX,23.924435131141706
2019-05-02,MEX,24.212990435872257
2019-05-03,MEX,23.999222637280525
2019-05-04,MEX,23.839932296748884
2019-05-05,MEX,23.899906509306675
2019-05-06,MEX,23.2606114565109
2019-05-07,MEX,23.499082760085628
2019-05-08,MEX,23.62141982196738
2019-05-09,MEX,23.571494307254397
2019-05-10,MEX,22.764551380877947
2019-05-11,MEX,22.063930776755683
2019-05-12,MEX,22.42406864395008
2019-05-13,MEX,22.18680803429578
2019-05-14,MEX,23.409380781676532
2019-05-15,MEX,24.355683304551064
2019-05-16,MEX,24.571360638421368
2019-05-17,MEX,24.331150089822813
2019-05-18,MEX,24.164751732140587
2019-05-19,MEX,24.476217522549575
2019-05-20,MEX,24.803829453294668
2019-05-21,MEX,23.975325964743035
2019-05-22,MEX,24.592736276104745
2019-05-23,MEX,24.637470213175106
2019-05-24,MEX,24.447341315275366
2019-05-25,MEX,24.822789471443627
2019-05-26,MEX,24.747939855837217
2019-05-27,MEX,24.655540329080566
2019-05-28,MEX,24.419853122791494
2019-05-29,MEX,24.615424815380265
2019-05-30,MEX,24.934275547432605
2019-05-31,MEX,24.509703527229874
2019-06-01,MEX,24.371894003430555
2019-06-02,MEX,24.33215873630394
2019-06-03,MEX,23.68303247232882
2019-06-04,MEX,23.739816647265002
2019-06-05,MEX,24.200136350259697
2019-06-06,MEX,25.11193444107016
2019-06-07,MEX,26.022326233121987
2019-06-08,MEX,26.73974977850787
2019-06-09,MEX,27.14530714208246
2019-06-10,MEX,26.469865781282635
2019-06-11,MEX,24.969257820277335
2019-06-12,MEX,25.856563114551648
2019-06-13,MEX,25.86993456305197
2019-06-14,MEX,25.506907064955215
2019-06-15,MEX,25.741262640132618
2019-06-16,MEX,25.981336763017396
2019-06-17,MEX,26.175054850805168
2019-06-18,MEX,26.058617954673025
2019-06-19,MEX,26.447532168876876
2019-06-20,MEX,26.61598209541347
2019-06-21,MEX,26.941618561745145
2019-06-22,MEX,26.017396350358524
2019-06-23,MEX,25.84117331017734
2019-06-24,MEX,26.08675430044542
2019-06-25,MEX,25.409200078079493
2019-06-26,MEX,25.57270691431836
2019-06-27,MEX,25.80956201244726
2019-06-28,MEX,25.807517502241865
2019-06-29,MEX,25.901809431015977
2019-06-30,MEX,25.650807611232665
2019-07-01,MEX,25.48621905085554
2019-07-02,MEX,25.55135779343044
2019-07-03,MEX,25.256696327549434
2019-07-04,MEX,25.54192678375739
2019-07-05,MEX,25.437926804248434
2019-07-06,MEX,25.451600488854353
2019-07-07,MEX,25.174811250400523
2019-07-08,MEX,25.080718319666403
2019-07-09,MEX,25.56371784225564
2019-07-10,MEX,26.017766544752476
2019-07-11,MEX,26.275993410729427
2019-07-12,MEX,25.736628963862188
2019-07-13,MEX,25.846935088779617
2019-07-14,MEX,26.037569064428908
2019-07-15,MEX,26.515719999599582
2019-07-16,MEX,26.42604867808052
2019-07-17,MEX,25.662521947191237
2019-07-18,MEX,25.41653021279302
2019-07-19,MEX,25.471550914614966
2019-07-20,MEX,25.43949196974421
2019-07-21,MEX,25.467971369840086
2019-07-22,MEX,25.57577162172487
2019-07-23,MEX,25.0920535259022
2019-07-24,MEX,24.229933160913674
2019-07-25,MEX,24.664052518065887
2019-07-26,MEX,25.034565841469828
2019-07-27,MEX,25.80976084971479
2019-07-28,MEX,26.164230596231732
2019-07-29,MEX,25.55387254070814
2019-07-30,MEX,25.277929292640295
2019-07-31,MEX,25.516258290426663
2019-08-01,MEX,25.908198323072384
2019-08-02,MEX,26.398090301466823
2019-08-03,MEX,26.78458900490915
2019-08-04,MEX,26.89279659759609
2019-08-05,MEX,26.546979593133585
2019-08-06,MEX,26.604559258270854
2019-08-07,MEX,25.949234630180968
2019-08-08,MEX,26.054072666018328
2019-08-09,MEX,25.703759191357904
2019-08-10,MEX,25.440005132672184
2019-08-11,MEX,25.992588900217015
2019-08-12,MEX,26.39097028595046
2019-08-13,MEX,26.80532696779744
2019-08-14,MEX,26.898821106197317
2019-08-15,MEX,26.70303689463333
2019-08-16,MEX,26.312416924542333
2019-08-17,MEX,26.395030224976665
2019-08-18,MEX,26.23201463789644
2019-08-19,MEX,26.57723247831933
2019-08-20,MEX,26.274078983733773
2019-08-21,MEX,26.39195134069655
2019-08-22,MEX,25.824545039913573
2019-08-23,MEX,24.934366819248453
2019-08-24,MEX,24.537524844751545
2019-08-25,MEX,25.496492107649146
2019-08-26,MEX,26.221589983114143
2019-08-27,MEX,26.496313674014857
2019-08-28,MEX,26.165455661332317
2019-08-29,MEX,25.461108971654994
2019-08-30,MEX,25.443417486226622
2019-08-31,MEX,25.02928299092747
2019-09-01,MEX,24.838735282468065
2019-09-02,MEX,24.952013076663548
2019-09-03,MEX,24.729720631623366
2019-09-04,MEX,24.754713730917388
2019-09-05,MEX,24.264176314634142
2019-09-06,MEX,24.350570074650307
2019-09-07,MEX,24.273205398709194
2019-09-08,MEX,24.063340544840173
2019-09-09,MEX,23.90874604754009
2019-09-10,MEX,23.956874137767215
2019-09-11,MEX,23.783573171477713
2019-09-12,MEX,24.004844575008576
2019-09-13,MEX,23.897698909228268
2019-09-14,MEX,23.65137005632897
2019-09-15,MEX,23.7317114883748
2019-09-16,MEX,24.213447895533932
2019-09-17,MEX,24.37217718167068
2019-09-18,MEX,24.93582003531384
2019-09-19,MEX,24.793927945469818
2019-09-20,MEX,24.56268482093128
2019-09-21,MEX,24.025023393868537
2019-09-22,MEX,24.058963226847425
2019-09-23,MEX,24.390584827518808
2019-09-24,MEX,23.97430995354
2019-09-25,MEX,23.63962713903925
2019-09-26,MEX,23.668455327005177
2019-09-27,MEX,23.85022902000759
2019-09-28,MEX,23.918114189323603
2019-09-29,MEX,23.67887542290191
2019-09-30,MEX,23.1838475716188
2019-10-01,MEX,22.88892278572405
2019-10-02,MEX,22.89510187217644
2019-10-03,MEX,23.10119921826697
2019-10-04,MEX,23.113259318732503
2019-10-05,MEX,23.514314627936585
2019-10-06,MEX,23.846380661883643
2019-10-07,MEX,23.633126908905012
2019-10-08,MEX,23.12999932875408
2019-10-09,MEX,23.439341596765303
2019-10-10,MEX,23.9253365361987
2019-10-11,MEX,23.218746669970358
2019-10-12,MEX,20.577269668915847
2019-10-13,MEX,21.187420421874265
2019-10-14,MEX,22.061416489861244
2019-10-15,MEX,23.09054596630233
2019-10-16,MEX,22.71432604555389
2019-10-17,MEX,21.48414292150943
2019-10-18,MEX,22.080581729072264
2019-10-19,MEX,22.49749266051458
2019-10-20,MEX,22.442122134597923
2019-10-21,MEX,22.485225239511635
2019-10-22,MEX,21.821698062552116
2019-10-23,MEX,21.17503513151945
2019-10-24,MEX,21.803137487263086
2019-10-25,MEX,19.670183941664618
2019-10-26,MEX,18.190999916211695
2019-10-27,MEX,20.011436547295602
2019-10-28,MEX,20.828495805051148
2019-10-29,MEX,20.70970678383418
2019-10-30,MEX,20.477460409173375
2019-10-31,MEX,17.887017484063563
2019-11-01,MEX,17.45610359796109
2019-11-02,MEX,18.990900483932307
2019-11-03,MEX,19.345108200782704
2019-11-04,MEX,20.397834085239197
2019-11-05,MEX,21.174752605820288
2019-11-06,MEX,21.3824741295129
2019-11-07,MEX,21.1150390057731
2019-11-08,MEX,19.968345794644677
2019-11-09,MEX,19.716246434335744
2019-11-10,MEX,20.48432094033012
2019-11-11,MEX,20.745474503378944
2019-11-12,MEX,16.896257415888442
2019-11-13,MEX,14.518670924785567
2019-11-14,MEX,16.007448511701796
2019-11-15,MEX,16.569597947976376
2019-11-16,MEX,17.03666947729073
2019-11-17,MEX,17.77181537554327
2019-11-18,MEX,18.45217588109483
2019-11-19,MEX,19.032730528448724
2019-11-20,MEX,19.358921920687294
2019-11-21,MEX,19.253662326790618
2019-11-22,MEX,18.679159957289528
2019-11-23,MEX,17.891756971436052
2019-11-24,MEX,18.053693679058483
2019-11-25,MEX,18.283853778205355
2019-11-26,MEX,19.286174722333328
2019-11-27,MEX,18.694690430772425
2019-11-28,MEX,18.313458259350398
2019-11-29,MEX,18.790946541643166
2019-11-30,MEX,18.965326939188515
2019-12-01,MEX,17.687614417008717
2019-12-02,MEX,16.99299388124649
2019-12-03,MEX,17.009611491600197
2019-12-04,MEX,17.605697730638894
2019-12-05,MEX,18.18654567462073
2019-12-06,MEX,18.35736127894944
2019-12-07,MEX,17.96915773177892
2019-12-08,MEX,18.163553079436497
2019-12-09,MEX,18.553456485208983
2019-12-10,MEX,16.951199897018
2019-12-11,MEX,15.106340895978406
2019-12-12,MEX,15.329360985885728
2019-12-13,MEX,16.573085353804174
2019-12-14,MEX,17.589945386022748
2019-12-15,MEX,18.31200427756812
2019-12-16,MEX,17.64929704526986
2019-12-17,MEX,15.008666726561103
2019-12-18,MEX,11.909984484528707
2019-12-19,MEX,12.052572130640442
2019-12-20,MEX,13.774655523850129
2019-12-21,MEX,14.014963414525994
2019-12-22,MEX,13.6348539185596
2019-12-23,MEX,14.422305033950465
2019-12-24,MEX,15.334841787006269
2019-12-25,MEX,15.787168634805482
2019-12-26,MEX,15.600924360649117
2019-12-27,MEX,16.000469189023306
2019-12-28,MEX,15.843077983043031
2019-12-29,MEX,14.955093500294765
2019-12-30,MEX,13.766727814040337
2019-12-31,MEX,13.814920839624051
2020-01-01,MEX,14.591672002188545
2020-01-02,MEX,14.846819218283997
2020-01-03,MEX,14.253201108578196
2020-01-04,MEX,13.131261848470729
2020-01-05,MEX,13.52088623155771
2020-01-06,MEX,14.675997100875634
2020-01-07,MEX,15.033024383180873
2020-01-08,MEX,14.549315554664645
2020-01-09,MEX,16.350042650362127
2020-01-10,MEX,16.90547868742243
2020-01-11,MEX,15.14700952187809
2020-01-12,MEX,14.960478095481392
2020-01-13,MEX,16.56960572645636
2020-01-14,MEX,17.145202300026256
2020-01-15,MEX,18.077829443847577
2020-01-16,MEX,18.124941979738992
2020-01-17,MEX,17.423308018857142
2020-01-18,MEX,17.033858506618003
2020-01-19,MEX,16.68721742474952
2020-01-20,MEX,15.706506836165545
2020-01-21,MEX,15.123776052192227
2020-01-22,MEX,15.677475991721678
2020-01-23,MEX,15.721075195300386
2020-01-24,MEX,15.804972935451474
2020-01-25,MEX,16.468701846139766
2020-01-26,MEX,16.66233934271395
2020-01-27,MEX,16.94695877160069
2020-01-28,MEX,16.99428263204726
2020-01-29,MEX,15.479982957354707
2020-01-30,MEX,15.318280754896193
2020-01-31,MEX,14.511137534045474
2020-02-01,MEX,14.588253983479433
2020-02-02,MEX,15.255204663784241
2020-02-03,MEX,16.48965891473364
2020-02-04,MEX,16.580068943368417
2020-02-05,MEX,15.076967328913383
2020-02-06,MEX,13.127187981339148
2020-02-07,MEX,14.802316741251047
2020-02-08,MEX,16.65406582680197
2020-02-09,MEX,18.451440578808445
2020-02-10,MEX,19.048006765027594
2020-02-11,MEX,18.08318139476404
2020-02-12,MEX,16.10550536091648
2020-02-13,MEX,15.47401459163774
2020-02-14,MEX,15.588387992712626
2020-02-15,MEX,16.716680240449307
2020-02-16,MEX,18.089338163867126
2020-02-17,MEX,19.663254148066073
2020-02-18,MEX,20.507012362840896
2020-02-19,MEX,19.65482159046593
2020-02-20,MEX,18.933782055175584
2020-02-21,MEX,17.287557373883942
2020-02-22,MEX,17.160670259501728
2020-02-23,MEX,18.62957612514623
2020-02-24,MEX,18.63204261959976
2020-02-25,MEX,18.627491758280996
2020-02-26,MEX,16.269744687861817
2020-02-27,MEX,13.610875040563258
2020-02-28,MEX,15.983711256679726
2020-02-29,MEX,17.522488042868588
2020-03-01,MEX,19.320163231011463
2020-03-02,MEX,19.92686691268932
2020-03-03,MEX,18.82353541345526
2020-03-04,MEX,17.907261408164743
2020-03-05,MEX,17.634000661376206
2020-03-06,MEX,17.416950924895048
2020-03-07,MEX,17.822763338045775
2020-03-08,MEX,18.290598023064433
2020-03-09,MEX,18.82818619218807
2020-03-10,MEX,19.988052575601273
2020-03-11,MEX,20.778674026479166
2020-03-12,MEX,21.429987783959973
2020-03-13,MEX,21.14237539701668
2020-03-14,MEX,20.987337667808447
2020-03-15,MEX,21.14076507815173
2020-03-16,MEX,20.476424919755118
2020-03-17,MEX,20.27945791936162
2020-03-18,MEX,20.004718095555745
2020-03-19,MEX,20.054625836187427
2020-03-20,MEX,20.337211366146562
2020-03-21,MEX,20.14806805448677
2020-03-22,MEX,20.14749396452231
2020-03-23,MEX,21.533708019775247
2020-03-24,MEX,22.677184432739068
2020-03-25,MEX,23.04158508471039
2020-03-26,MEX,23.446886067752303
2020-03-27,MEX,22.832434639372366
2020-03-28,MEX,21.3105648359508
2020-03-29,MEX,20.701510359847816
2020-03-30,MEX,21.401069502281757
2020-03-31,MEX,21.821384310165456
2020-04-01,MEX,22.092329979445594
2020-04-02,MEX,22.46731956581698
2020-04-03,MEX,22.42261349404572
2020-04-04,MEX,21.74602903455508
2020-04-05,MEX,21.12428895038346
2020-04-06,MEX,21.635151538766877
2020-04-07,MEX,21.995879977963114
2020-04-08,MEX,22.946789366973633
2020-04-09,MEX,23.001774255880377
2020-04-10,MEX,22.447649877270294
2020-04-11,MEX,21.872791188402914
2020-04-12,MEX,21.47374740825353
2020-04-13,MEX,21.509931071227527
2020-04-14,MEX,21.445644755356
2020-04-15,MEX,20.80096011480822
2020-04-16,MEX,21.206850990212104
2020-04-17,MEX,22.65210466656316
2020-04-18,MEX,22.914999302423894
2020-04-19,MEX,23.243526435331887
2020-04-20,MEX,23.679220463865363
2020-04-21,MEX,24.29469551753283
2020-04-22,MEX,24.888443503638598
2020-04-23,MEX,24.871396319543976
2020-04-24,MEX,25.15884748950873
2020-04-25,MEX,25.329831460284026
2020-04-26,MEX,24.702228692861297
2020-04-27,MEX,24.776823193426537
2020-04-28,MEX,25.045077195474505
2020-04-29,MEX,25.198118243177248
2020-04-30,MEX,24.41800972607291
2020-05-01,MEX,24.439122440027063
2020-05-02,MEX,25.243495810949753
2020-05-03,MEX,25.58986428537179
2020-05-04,MEX,25.779172857546655
2020-05-05,MEX,25.982284417267692
2020-05-06,MEX,25.02912807580924
2020-05-07,MEX,24.72989156805852
2020-05-08,MEX,24.539196203556003
2020-05-09,MEX,22.924684541759405
2020-05-10,MEX,23.330768868060716
2020-05-11,MEX,23.11444128578171
2020-05-12,MEX,23.47520723931791
2020-05-13,MEX,24.303581011308495
2020-05-14,MEX,24.469949219986574
2020-05-15,MEX,24.89792466560317
2020-05-16,MEX,24.821239373785545
2020-05-17,MEX,24.966955887094514
2020-05-18,MEX,25.39798622606162
2020-05-19,MEX,25.74532542782606
2020-05-20,MEX,25.660651321415912
2020-05-21,MEX,25.37757148704236
2020-05-22,MEX,25.077657262145976
2020-05-23,MEX,25.168899010604207
2020-05-24,MEX,24.751947857536493
2020-05-25,MEX,24.83639896829976
2020-05-26,MEX,24.894334637366683
2020-05-27,MEX,25.486039962273594
2020-05-28,MEX,25.95395379410394
2020-05-29,MEX,24.927571151668758
2020-05-30,MEX,23.86095321822779
2020-05-31,MEX,23.414998098254216
2020-06-01,MEX,23.870521439718118
2020-06-02,MEX,24.5282765629575
2020-06-03,MEX,25.5833512356773
2020-06-04,MEX,26.44744885937888
2020-06-05,MEX,26.506130014587427
2020-06-06,MEX,25.796243932796017
2020-06-07,MEX,25.640735402953794
2020-06-08,MEX,26.10176634807175
2020-06-09,MEX,26.351942486991447
2020-06-10,MEX,26.02385153759019
2020-06-11,MEX,25.57492566060779
2020-06-12,MEX,25.158020780970162
2020-06-13,MEX,24.916482771657968
2020-06-14,MEX,24.54293842492831
2020-06-15,MEX,24.81470923608748
2020-06-16,MEX,25.1430792361586
2020-06-17,MEX,25.747199496783537
2020-06-18,MEX,25.95111340154284
2020-06-19,MEX,25.570817693450522
2020-06-20,MEX,26.126578419976738
2020-06-21,MEX,26.172770526031513
2020-06-22,MEX,26.626881358496462
2020-06-23,MEX,26.493052197606858
2020-06-24,MEX,25.685245673450197
2020-06-25,MEX,24.978368832845774
2020-06-26,MEX,25.518650810540464
2020-06-27,MEX,25.546694097194063
2020-06-28,MEX,25.051641127880373
2020-06-29,MEX,25.626066151495024
2020-06-30,MEX,25.90432198131532
2020-07-01,MEX,25.460873968592864
2020-07-02,MEX,25.0827564313351
2020-07-03,MEX,25.076641787841425
2020-07-04,MEX,25.5813413052378
2020-07-05,MEX,26.2417160167505
2020-07-06,MEX,26.51778036001133
2020-07-07,MEX,26.67273949486247
2020-07-08,MEX,26.471169253664755
2020-07-09,MEX,26.404647419443847
2020-07-10,MEX,26.430133133160098
2020-07-11,MEX,27.004597792847562
2020-07-12,MEX,27.43272644769445
2020-07-13,MEX,27.322898265092476
2020-07-14,MEX,27.466811479147964
2020-07-15,MEX,27.08245569144941
2020-07-16,MEX,26.65268162257405
2020-07-17,MEX,26.367088427187525
2020-07-18,MEX,25.667789763975236
2020-07-19,MEX,25.28316005812019
2020-07-20,MEX,25.409151560208613
2020-07-21,MEX,25.24294471857303
2020-07-22,MEX,25.002350250407403
2020-07-23,MEX,24.6841905284752
2020-07-24,MEX,24.52360549706401
2020-07-25,MEX,24.55838812087427
2020-07-26,MEX,24.572644207703377
2020-07-27,MEX,24.365616166809048
2020-07-28,MEX,24.458514989266746
2020-07-29,MEX,24.529718440791783
2020-07-30,MEX,25.122803464841923
2020-07-31,MEX,25.360617640321095
2020-08-01,MEX,25.613518411889515
2020-08-02,MEX,25.551368380319445
2020-08-03,MEX,25.933432159735275
2020-08-04,MEX,25.870150164030463
2020-08-05,MEX,26.29529900076028
2020-08-06,MEX,26.120748598735474
2020-08-07,MEX,25.88928510246768
2020-08-08,MEX,25.74659481929058
2020-08-09,MEX,25.914395827152646
2020-08-10,MEX,25.89977620673875
2020-08-11,MEX,25.87192842874208
2020-08-12,MEX,26.206924691471613
2020-08-13,MEX,26.615357262034365
2020-08-14,MEX,26.490757634102465
2020-08-15,MEX,26.469633552011658
2020-08-16,MEX,26.3497167490699
2020-08-17,MEX,25.89576604530822
2020-08-18,MEX,25.185463109505065
2020-08-19,MEX,25.109988360591046
2020-08-20,MEX,25.437769783588465
2020-08-21,MEX,25.790989299455873
2020-08-22,MEX,26.190487627931645
2020-08-23,MEX,25.816103977626597
2020-08-24,MEX,25.514856977967554
2020-08-25,MEX,25.201839348421913
2020-08-26,MEX,25.67204077605095
2020-08-27,MEX,25.972460168935527
2020-08-28,MEX,26.31691739863396
2020-08-29,MEX,26.26310255771915
2020-08-30,MEX,25.966541244465077
2020-08-31,MEX,26.099541767894323
2020-09-01,MEX,25.695744802867353
2020-09-02,MEX,25.330075212156032
2020-09-03,MEX,25.464397961439715
2020-09-04,MEX,25.52210570209934
2020-09-05,MEX,24.91696081838154
2020-09-06,MEX,24.168434817252432
2020-09-07,MEX,23.99260974888614
2020-09-08,MEX,24.20113870406135
2020-09-09,MEX,23.856621365381272
2020-09-10,MEX,22.549889863299995
2020-09-11,MEX,22.126064784734922
2020-09-12,MEX,23.123793820317985
2020-09-13,MEX,23.45841490472776
2020-09-14,MEX,23.33868627253122
2020-09-15,MEX,23.396499680407032
2020-09-16,MEX,23.84785467657872
2020-09-17,MEX,23.77851845930536
2020-09-18,MEX,23.345756351481498
2020-09-19,MEX,23.026455550793855
2020-09-20,MEX,23.127219877227503
2020-09-21,MEX,23.307519249850145
2020-09-22,MEX,23.628966634767664
2020-09-23,MEX,24.11381449761683
2020-09-24,MEX,24.38302132675284
2020-09-25,MEX,24.186060376691785
2020-09-26,MEX,24.33006409764488
2020-09-27,MEX,24.79949817478297
2020-09-28,MEX,24.592818136435994
2020-09-29,MEX,23.03364284144459
2020-09-30,MEX,21.908219427909614
2020-10-01,MEX,22.595976016426846
2020-10-02,MEX,22.215075775319576
2020-10-03,MEX,22.288084885982414
2020-10-04,MEX,22.605855580172204
2020-10-05,MEX,22.476647425946737
2020-10-06,MEX,22.714022139140127
2020-10-07,MEX,22.64478546312131
2020-10-08,MEX,23.045656161604256
2020-10-09,MEX,23.421927934599694
2020-10-10,MEX,23.70190552230531
2020-10-11,MEX,23.964837415303464
2020-10-12,MEX,23.907615446400825
2020-10-13,MEX,23.962257585957502
2020-10-14,MEX,23.874095549731123
2020-10-15,MEX,24.277469791783233
2020-10-16,MEX,23.267824577931947
2020-10-17,MEX,22.432031844941093
2020-10-18,MEX,23.506627653885516
2020-10-19,MEX,23.689121674760656
2020-10-20,MEX,23.582539087270845
2020-10-21,MEX,23.289501177100647
2020-10-22,MEX,23.240790891272013
2020-10-23,MEX,23.354549081293214
2020-10-24,MEX,22.403248167719482
2020-10-25,MEX,22.6670137530042
2020-10-26,MEX,22.35445439879703
2020-10-27,MEX,19.1055589188951
2020-10-28,MEX,17.125818096106457
2020-10-29,MEX,18.363762352110143
2020-10-30,MEX,18.618453803250702
2020-10-31,MEX,19.481447941620843
2020-11-01,MEX,20.740334410468847
2020-11-02,MEX,19.764219926793317
2020-11-03,MEX,19.152604656859353
2020-11-04,MEX,19.40101533916362
2020-11-05,MEX,20.294355895397075
2020-11-06,MEX,20.24806037748607
2020-11-07,MEX,20.151129842622595
2020-11-08,MEX,20.243213503322067
2020-11-09,MEX,20.239465418926784
2020-11-10,MEX,19.598922931969696
2020-11-11,MEX,19.06297494521675
2020-11-12,MEX,19.264414086977354
2020-11-13,MEX,19.597698447316418
2020-11-14,MEX,19.891537897812384
2020-11-15,MEX,19.935474812117093
2020-11-16,MEX,19.466522629714177
2020-11-17,MEX,19.594527862147686
2020-11-18,MEX,19.59408457232081
2020-11-19,MEX,19.754207324967695
2020-11-20,MEX,20.051323125517513
2020-11-21,MEX,20.290698180916024
2020-11-22,MEX,19.799916382964682
2020-11-23,MEX,19.430879321442546
2020-11-24,MEX,19.56163131238992
2020-11-25,MEX,19.34529016719381
2020-11-26,MEX,19.191210799070745
2020-11-27,MEX,19.41360881433758
2020-11-28,MEX,18.221744997189262
2020-11-29,MEX,17.101783240005886
2020-11-30,MEX,15.841126090291255
2020-12-01,MEX,14.509933226470935
2020-12-02,MEX,15.767095806560917
2020-12-03,MEX,14.538293243557632
2020-12-04,MEX,13.326017322702967
2020-12-05,MEX,13.673644883018028
2020-12-06,MEX,13.710093889332825
2020-12-07,MEX,14.104974704232461
2020-12-08,MEX,14.800452498469099
2020-12-09,MEX,15.871878741909597
2020-12-10,MEX,16.885335624278127
2020-12-11,MEX,17.288761907255434
2020-12-12,MEX,16.47062633898787
2020-12-13,MEX,17.162619815464666
2020-12-14,MEX,15.039714228721607
2020-12-15,MEX,15.313291756878186
2020-12-16,MEX,14.614235829552229
2020-12-17,MEX,13.98790345797056
2020-12-18,MEX,15.12087770921812
2020-12-19,MEX,15.919425964365473
2020-12-20,MEX,15.414904903863373
2020-12-21,MEX,15.57547616763037
2020-12-22,MEX,16.3034165138626
2020-12-23,MEX,17.09397836680398
2020-12-24,MEX,15.51221448012052
2020-12-25,MEX,12.763128574147004
2020-12-26,MEX,13.773998455754395
2020-12-27,MEX,15.055900172586973
2020-12-28,MEX,15.664674058109256
2020-12-29,MEX,16.162466677550412
2020-12-30,MEX,14.86045899045439
2020-12-31,MEX,11.849133345345592
2021-01-01,MEX,11.365403933799826
2021-01-02,MEX,11.828908009616669
2021-01-03,MEX,13.07280059691493
2021-01-04,MEX,14.59285528929945
2021-01-05,MEX,15.208318911823085
2021-01-06,MEX,16.1105834938449
2021-01-07,MEX,14.975909108828489
2021-01-08,MEX,14.690274633341403
2021-01-09,MEX,14.197481640731269
2021-01-10,MEX,13.576879132087242
2021-01-11,MEX,11.821621086627601
2021-01-12,MEX,11.377735922861632
2021-01-13,MEX,12.14428412143269
2021-01-14,MEX,14.405813463291622
2021-01-15,MEX,15.375766481940389
2021-01-16,MEX,14.812399765559064
2021-01-17,MEX,15.609695875656314
2021-01-18,MEX,15.539619515772301
2021-01-19,MEX,16.838226564192382
2021-01-20,MEX,16.2348528100635
2021-01-21,MEX,16.812257330675664
2021-01-22,MEX,17.37564135719572
2021-01-23,MEX,17.587541132704757
2021-01-24,MEX,17.505777335937978
2021-01-25,MEX,16.934001668025587
2021-01-26,MEX,16.24187885194999
2021-01-27,MEX,15.3776731323577
2021-01-28,MEX,15.432943457480519
2021-01-29,MEX,16.508932245270387
2021-01-30,MEX,17.601646503992185
2021-01-31,MEX,17.310183067755702
2021-02-01,MEX,16.9338769689885
2021-02-02,MEX,16.277808778386202
2021-02-03,MEX,17.342843731860967
2021-02-04,MEX,19.03872036092514
2021-02-05,MEX,18.741454562778927
2021-02-06,MEX,18.047440682312015
2021-02-07,MEX,17.447721396412646
2021-02-08,MEX,18.04788468269396
2021-02-09,MEX,18.174010083899304
2021-02-10,MEX,18.605225137897378
2021-02-11,MEX,17.543443823103132
2021-02-12,MEX,15.470143559052588
2021-02-13,MEX,14.452403452183262
2021-02-14,MEX,13.520734111133493
2021-02-15,MEX,11.638058349014273
2021-02-16,MEX,13.078198183836037
2021-02-17,MEX,15.003769430992463
2021-02-18,MEX,14.48435471038539
2021-02-19,MEX,12.756994576361592
2021-02-20,MEX,14.378470941128398
2021-02-21,MEX,16.97182418583293
2021-02-22,MEX,17.185431148600003
2021-02-23,MEX,17.810180020970392
2021-02-24,MEX,19.508081271549997
2021-02-25,MEX,20.385853972947245
2021-02-26,MEX,19.663028681570324
2021-02-27,MEX,19.917821435530016
2021-02-28,MEX,20.200150554874256
2021-03-01,MEX,18.82009634234879
2021-03-02,MEX,16.82252497604975
2021-03-03,MEX,17.85631249465149
2021-03-04,MEX,19.587203228745125
2021-03-05,MEX,19.844306957571973
2021-03-06,MEX,18.724340506300393
2021-03-07,MEX,17.89800917870781
2021-03-08,MEX,18.447499689801703
2021-03-09,MEX,19.286251650490215
2021-03-10,MEX,19.806100868203202
2021-03-11,MEX,19.994030690118905
2021-03-12,MEX,20.411547574731742
2021-03-13,MEX,20.08348504847845
2021-03-14,MEX,18.769959673402013
2021-03-15,MEX,19.162905448194863
2021-03-16,MEX,20.29526743770566
2021-03-17,MEX,19.68956142727734
2021-03-18,MEX,19.01716845801235
2021-03-19,MEX,18.532098128968528
2021-03-20,MEX,18.853607920900686
2021-03-21,MEX,19.692693694114325
2021-03-22,MEX,20.20997994782141
2021-03-23,MEX,19.740510539035654
2021-03-24,MEX,19.61404346478821
2021-03-25,MEX,18.689148173335525
2021-03-26,MEX,19.29594580573712
2021-03-27,MEX,19.97448002668176
2021-03-28,MEX,20.473281698720825
2021-03-29,MEX,19.832695070619025
2021-03-30,MEX,21.28100454086706
2021-03-31,MEX,21.82312896080316
2021-04-01,MEX,20.88341720034572
2021-04-02,MEX,19.840567180385733
2021-04-03,MEX,20.418568965788097
2021-04-04,MEX,20.866936607885577
2021-04-05,MEX,21.272757632764637
2021-04-06,MEX,22.606928212667242
2021-04-07,MEX,22.879242229188833
2021-04-08,MEX,23.480817115112643
2021-04-09,MEX,24.27575838010199
2021-04-10,MEX,23.979613791778547
2021-04-11,MEX,23.521066350849992
2021-04-12,MEX,23.637468931803426
2021-04-13,MEX,23.414140472567112
2021-04-14,MEX,23.337377410727186
2021-04-15,MEX,23.755765541222672
2021-04-16,MEX,23.770905404344262
2021-04-17,MEX,22.50439936028573
2021-04-18,MEX,20.30676636903661
2021-04-19,MEX,20.02698270716394
2021-04-20,MEX,20.96771356573811
2021-04-21,MEX,21.487208905015336
2021-04-22,MEX,21.303154214466872
2021-04-23,MEX,22.161004469746842
2021-04-24,MEX,22.837188854952842
2021-04-25,MEX,23.203307673775726
2021-04-26,MEX,23.892290384633327
2021-04-27,MEX,23.604209657533204
2021-04-28,MEX,23.204931688304157
2021-04-29,MEX,22.543455927685216
2021-04-30,MEX,22.205190701989864
2021-05-01,MEX,21.625126518293712
2021-05-02,MEX,22.976335811247736
2021-05-03,MEX,23.742881775093508
2021-05-04,MEX,23.586844513642575
2021-05-05,MEX,23.545867232161243
2021-05-06,MEX,23.84279605321734
2021-05-07,MEX,23.743735231001665
2021-05-08,MEX,23.99469229469173
2021-05-09,MEX,24.533571332058955
2021-05-10,MEX,24.85315433150015
2021-05-11,MEX,24.427410645173325
2021-05-12,MEX,24.124741653442186
2021-05-13,MEX,23.21818040996186
2021-05-14,MEX,23.35854517835446
2021-05-15,MEX,23.594908783213896
2021-05-16,MEX,23.76587134933027
2021-05-17,MEX,24.316230726719937
2021-05-18,MEX,24.243210068006988
2021-05-19,MEX,24.005111662179047
2021-05-20,MEX,23.77915112718358
2021-05-21,MEX,24.315404308393056
2021-05-22,MEX,24.177167618874478
2021-05-23,MEX,24.16054965409296
2021-05-24,MEX,23.99468878790151
2021-05-25,MEX,24.94662347207037
2021-05-26,MEX,25.411780164277957
2021-05-27,MEX,25.914101628686865
2021-05-28,MEX,26.052217186916266
2021-05-29,MEX,25.474049025476234
2021-05-30,MEX,24.982935633843567
2021-05-31,MEX,24.828536520316334
2021-06-01,MEX,24.738405409890618
2021-06-02,MEX,23.996523006607276
2021-06-03,MEX,23.47991507792966
2021-06-04,MEX,23.553122554022707
2021-06-05,MEX,24.541131020431067
2021-06-06,MEX,25.727733584045893
2021-06-07,MEX,26.412733204815368
2021-06-08,MEX,26.652458105829112
2021-06-09,MEX,26.935214427021947
2021-06-10,MEX,26.782301464388127
2021-06-11,MEX,26.1528222265718
2021-06-12,MEX,26.04585400394876
2021-06-13,MEX,25.465064186594248
2021-06-14,MEX,25.416746341613816
2021-06-15,MEX,25.740814604152604
2021-06-16,MEX,25.82318988009223
2021-06-17,MEX,25.368382835000943
2021-06-18,MEX,25.124453732491247
2021-06-19,MEX,25.133392072142385
2021-06-20,MEX,25.727027408760478
2021-06-21,MEX,26.53852437410353
2021-06-22,MEX,26.141165185643104
2021-06-23,MEX,25.06234691969337
2021-06-24,MEX,25.1517946434991
2021-06-25,MEX,25.512476682815816
2021-06-26,MEX,25.600016639190528
2021-06-27,MEX,25.11144132055955
2021-06-28,MEX,23.520011005347783
2021-06-29,MEX,23.132957406769606
2021-06-30,MEX,22.9006719681272
2021-07-01,MEX,23.043496630504364
2021-07-02,MEX,23.776462870981163
2021-07-03,MEX,24.506739831372272
2021-07-04,MEX,24.688609393692047
2021-07-05,MEX,25.349617439887027
2021-07-06,MEX,24.667839498741102
2021-07-07,MEX,24.354380719338224
2021-07-08,MEX,24.40850456390217
2021-07-09,MEX,24.896111937839066
2021-07-10,MEX,25.074853804585132
2021-07-11,MEX,24.457792303343126
2021-07-12,MEX,24.04220475688703
2021-07-13,MEX,23.966772969978308
2021-07-14,MEX,23.61453850567443
2021-07-15,MEX,24.27644254197463
2021-07-16,MEX,24.663036751346908
2021-07-17,MEX,24.667673453154293
2021-07-18,MEX,24.577690613426626
2021-07-19,MEX,24.73680486727619
2021-07-20,MEX,25.070008347245334
2021-07-21,MEX,24.910246358533072
2021-07-22,MEX,24.705604051343016
2021-07-23,MEX,24.690916099981507
2021-07-24,MEX,24.760161747020277
2021-07-25,MEX,24.699975462794043
2021-07-26,MEX,25.12541181973188
2021-07-27,MEX,25.407335872275155
2021-07-28,MEX,25.383240952225663
2021-07-29,MEX,24.78358972338816
2021-07-30,MEX,24.226807871773644
2021-07-31,MEX,24.91588874380136
2021-08-01,MEX,25.617109616146138
2021-08-02,MEX,25.103555029416214
2021-08-03,MEX,24.823017705247082
2021-08-04,MEX,24.336876967281626
2021-08-05,MEX,24.242393887348783
2021-08-06,MEX,24.245634163334557
2021-08-07,MEX,24.43637016388317
2021-08-08,MEX,24.778742735115372
2021-08-09,MEX,25.054277534023583
2021-08-10,MEX,25.053673013267087
2021-08-11,MEX,24.56967132571475
2021-08-12,MEX,24.537187179929333
2021-08-13,MEX,24.37806813744453
2021-08-14,MEX,24.444795952567972
2021-08-15,MEX,24.578810886453027
2021-08-16,MEX,24.793534890910394
2021-08-17,MEX,24.699644080560063
2021-08-18,MEX,24.94502838570412
2021-08-19,MEX,25.10377331420966
2021-08-20,MEX,24.759181476755145
2021-08-21,MEX,24.61809709257608
2021-08-22,MEX,24.379551816373862
2021-08-23,MEX,24.442982587939525
2021-08-24,MEX,24.94019983723564
2021-08-25,MEX,25.468683786797953
2021-08-26,MEX,25.567150037789702
2021-08-27,MEX,25.063140520766467
2021-08-28,MEX,24.488404160556627
2021-08-29,MEX,24.573723143243114
2021-08-30,MEX,24.211683206473367
2021-08-31,MEX,24.19804490456295
2021-09-01,MEX,24.15218389844722
2021-09-02,MEX,24.180303410314025
2021-09-03,MEX,23.9033753546168
2021-09-04,MEX,23.823747739106295
2021-09-05,MEX,24.090787065144752
2021-09-06,MEX,23.887081504848595
2021-09-07,MEX,24.25879252326598
2021-09-08,MEX,24.159966778058163
2021-09-09,MEX,24.304277541357635
2021-09-10,MEX,24.516038807381733
2021-09-11,MEX,23.980838692405086
2021-09-12,MEX,24.019153532667076
2021-09-13,MEX,24.14829065572991
2021-09-14,MEX,24.54733060364049
2021-09-15,MEX,25.050021372712365
2021-09-16,MEX,24.95398868167615
2021-09-17,MEX,24.62870564886566
2021-09-18,MEX,24.58336143754866
2021-09-19,MEX,24.364644743043357
2021-09-20,MEX,24.768805024807648
2021-09-21,MEX,25.09360948596941
2021-09-22,MEX,23.761239794464018
2021-09-23,MEX,22.843855453882327
2021-09-24,MEX,22.850275635669107
2021-09-25,MEX,23.040134347663923
2021-09-26,MEX,22.813382034635538
2021-09-27,MEX,22.988072665683774
2021-09-28,MEX,23.003725013504322
2021-09-29,MEX,23.122059780010375
2021-09-30,MEX,22.846644435049143
2021-10-01,MEX,22.72322867375857
2021-10-02,MEX,22.863054826488906
2021-10-03,MEX,22.9454721075096
2021-10-04,MEX,22.84184434470319
2021-10-05,MEX,22.87072928564288
2021-10-06,MEX,22.78985246680611
2021-10-07,MEX,23.06987591209071
2021-10-08,MEX,23.222146630492773
2021-10-09,MEX,23.477091148998113
2021-10-10,MEX,23.97286059947305
2021-10-11,MEX,23.434351912117222
2021-10-12,MEX,23.55061286361621
2021-10-13,MEX,22.32783694174509
2021-10-14,MEX,21.998595567936434
2021-10-15,MEX,22.40475303614346
2021-10-16,MEX,21.60156937512096
2021-10-17,MEX,20.650733425962812
2021-10-18,MEX,20.92839153930612
2021-10-19,MEX,21.22950988524633
2021-10-20,MEX,21.430478608740998
2021-10-21,MEX,21.82903260967163
2021-10-22,MEX,21.91089940034624
2021-10-23,MEX,21.72013818974085
2021-10-24,MEX,21.979346976146815
2021-10-25,MEX,22.137442203907938
2021-10-26,MEX,22.74416556414303
2021-10-27,MEX,22.143423310490107
2021-10-28,MEX,20.704940582558493
2021-10-29,MEX,20.127897135142746
2021-10-30,MEX,20.158712113043237
2021-10-31,MEX,20.326132630771212
2021-11-01,MEX,20.312062580911515
2021-11-02,MEX,20.525913321816915
2021-11-03,MEX,20.102540325991868
2021-11-04,MEX,19.11508710325711
2021-11-05,MEX,18.64430615081301
2021-11-06,MEX,18.83359892338234
2021-11-07,MEX,19.1111015952427
2021-11-08,MEX,19.24646405559065
2021-11-09,MEX,19.539872396502687
2021-11-10,MEX,19.444929380468864
2021-11-11,MEX,19.65130188568179
2021-11-12,MEX,19.482845410542097
2021-11-13,MEX,18.933078034584867
2021-11-14,MEX,18.804011582616567
2021-11-15,MEX,18.960214537437253
2021-11-16,MEX,19.0921505721239
2021-11-17,MEX,19.047369999946113
2021-11-18,MEX,18.119588581275593
2021-11-19,MEX,17.3272864357088
2021-11-20,MEX,18.136957604306758
2021-11-21,MEX,19.02308591409212
2021-11-22,MEX,18.80214690860703
2021-11-23,MEX,18.332784113499258
2021-11-24,MEX,18.778290144127652
2021-11-25,MEX,17.899638486957713
2021-11-26,MEX,16.387913375171195
2021-11-27,MEX,15.822874547495417
2021-11-28,MEX,16.771215201210453
2021-11-29,MEX,17.178231721666975
2021-11-30,MEX,17.71001683804417
2021-12-01,MEX,18.747736170134147
2021-12-02,MEX,18.792530916245425
2021-12-03,MEX,18.611148301854143
2021-12-04,MEX,18.57784467099998
2021-12-05,MEX,18.491565688638048
2021-12-06,MEX,18.29475435641683
2021-12-07,MEX,17.850237516860886
2021-12-08,MEX,17.77263466584543
2021-12-09,MEX,18.56915305447751
2021-12-10,MEX,18.911998797847048
2021-12-11,MEX,17.605380554493195
2021-12-12,MEX,16.16970740122116
2021-12-13,MEX,16.778354022245026
2021-12-14,MEX,17.94559780314586
2021-12-15,MEX,18.635196515964083
2021-12-16,MEX,17.704738612964377
2021-12-17,MEX,17.65933839302096
2021-12-18,MEX,17.34584620375108
2021-12-19,MEX,15.328187517611525
2021-12-20,MEX,14.327800847760216
2021-12-21,MEX,14.896952018130378
2021-12-22,MEX,15.848897959566273
2021-12-23,MEX,16.99985187812814
2021-12-24,MEX,17.949098533748156
2021-12-25,MEX,18.51433737409701
2021-12-26,MEX,18.440777964330152
2021-12-27,MEX,18.065510134052374
2021-12-28,MEX,17.69969227509887
2021-12-29,MEX,17.377127724209572
2021-12-30,MEX,17.278230163190756
2021-12-31,MEX,18.066258595056638
2022-01-01,MEX,17.80205266573654
2022-01-02,MEX,15.577241167679915
2022-01-03,MEX,12.917780263050929
2022-01-04,MEX,14.367145568979481
2022-01-05,MEX,15.862761914163684
2022-01-06,MEX,16.471136844568832
2022-01-07,MEX,16.332744537188034
2022-01-08,MEX,16.86709184292141
2022-01-09,MEX,17.175959670336226
2022-01-10,MEX,16.294613360345295
2022-01-11,MEX,15.028007904864012
2022-01-12,MEX,15.480276054217825
2022-01-13,MEX,15.914464516521434
2022-01-14,MEX,16.845034051247183
2022-01-15,MEX,17.424373779135806
2022-01-16,MEX,14.4277622316892
2022-01-17,MEX,14.760854937291583
2022-01-18,MEX,16.28733063356043
2022-01-19,MEX,16.815982822253375
2022-01-20,MEX,15.89073592803436
2022-01-21,MEX,13.389823352696283
2022-01-22,MEX,13.316361926353238
2022-01-23,MEX,13.561053376148436
2022-01-24,MEX,14.535218472890733
2022-01-25,MEX,15.085793670168982
2022-01-26,MEX,15.333646214349017
2022-01-27,MEX,15.292907871869886
2022-01-28,MEX,15.247879570560656
2022-01-29,MEX,13.839738890028286
2022-01-30,MEX,14.484717858950773
2022-01-31,MEX,15.859759175869101
2022-02-01,MEX,16.079242188647754
2022-02-02,MEX,16.9466324151648
2022-02-03,MEX,14.756472204240424
2022-02-04,MEX,12.037462016887162
2022-02-05,MEX,11.12655798092942
2022-02-06,MEX,13.212481498891577
2022-02-07,MEX,14.293658858793037
2022-02-08,MEX,12.781534506767684
2022-02-09,MEX,13.555780279963585
2022-02-10,MEX,14.693896062428792
2022-02-11,MEX,15.501153540680264
2022-02-12,MEX,16.231090051123317
2022-02-13,MEX,15.023174756670244
2022-02-14,MEX,14.940684387595013
2022-02-15,MEX,16.110726957493682
2022-02-16,MEX,17.921784222754184
2022-02-17,MEX,17.328652976896876
2022-02-18,MEX,16.460790903563748
2022-02-19,MEX,15.977857415260075
2022-02-20,MEX,17.31175584162537
2022-02-21,MEX,18.836323012512082
2022-02-22,MEX,19.119137091863877
2022-02-23,MEX,19.304547099822116
2022-02-24,MEX,17.711509850827156
2022-02-25,MEX,16.616534087648063
2022-02-26,MEX,16.804581285375434
2022-02-27,MEX,17.114284670966526
2022-02-28,MEX,17.000107637870315
2022-03-01,MEX,17.723813989156156
2022-03-02,MEX,18.555389285920967
2022-03-03,MEX,19.166370383694243
2022-03-04,MEX,19.675152533308733
2022-03-05,MEX,19.673116951211455
2022-03-06,MEX,19.577805996624022
2022-03-07,MEX,18.823088289185137
2022-03-08,MEX,17.61818140011593
2022-03-09,MEX,16.93590244579599
2022-03-10,MEX,17.418006364232497
2022-03-11,MEX,18.261787994488202
2022-03-12,MEX,15.758245921553566
2022-03-13,MEX,15.376454623639745
2022-03-14,MEX,18.29928793587817
2022-03-15,MEX,19.583877980330158
2022-03-16,MEX,19.719725465150987
2022-03-17,MEX,20.711439772912854
2022-03-18,MEX,19.876375881169338
2022-03-19,MEX,19.27029846856584
2022-03-20,MEX,19.51433523778627
2022-03-21,MEX,19.93288338616958
2022-03-22,MEX,19.55394581807775
2022-03-23,MEX,18.24872865285016
2022-03-24,MEX,17.4286232938465
2022-03-25,MEX,18.674425002374562
2022-03-26,MEX,19.89862593931838
2022-03-27,MEX,20.395645040796296
2022-03-28,MEX,20.981866091977906
2022-03-29,MEX,21.778287042892885
2022-03-30,MEX,20.936205753468016
2022-03-31,MEX,20.38791982224967
2022-04-01,MEX,20.750458043303695
2022-04-02,MEX,21.455597432731906
2022-04-03,MEX,21.94441001997268
2022-04-04,MEX,22.019805112740926
2022-04-05,MEX,22.37809479273062
2022-04-06,MEX,23.054865517362316
2022-04-07,MEX,22.67168950534773
2022-04-08,MEX,20.923856241470048
2022-04-09,MEX,20.925631619820024
2022-04-10,MEX,21.750169062636644
2022-04-11,MEX,22.37717971691609
2022-04-12,MEX,22.93698155212155
2022-04-13,MEX,22.583659207945345
2022-04-14,MEX,22.34466359549748
2022-04-15,MEX,23.28382369838073
2022-04-16,MEX,24.04558005500496
2022-04-17,MEX,24.64543550046136
2022-04-18,MEX,24.644893159083495
2022-04-19,MEX,24.28423328343183
2022-04-20,MEX,24.239488527973833
2022-04-21,MEX,24.1763642487291
2022-04-22,MEX,23.716578709644637
2022-04-23,MEX,23.047298624816335
2022-04-24,MEX,23.162268564680915
2022-04-25,MEX,23.26180343237172
2022-04-26,MEX,22.32684027930543
2022-04-27,MEX,21.538136931484132
2022-04-28,MEX,22.688606025072318
2022-04-29,MEX,23.100163827124447
2022-04-30,MEX,23.630460036798524
2022-05-01,MEX,23.83233879393174
2022-05-02,MEX,23.879306081266577
2022-05-03,MEX,24.251227821540112
2022-05-04,MEX,24.56314706007248
2022-05-05,MEX,24.792097116561365
2022-05-06,MEX,25.277964852667765
2022-05-07,MEX,25.866471359129605
2022-05-08,MEX,26.169048021537492
2022-05-09,MEX,26.069385665442724
2022-05-10,MEX,26.217395230645195
2022-05-11,MEX,25.38789135191479
2022-05-12,MEX,25.067836963887373
2022-05-13,MEX,25.209874940734096
2022-05-14,MEX,25.37694939008003
2022-05-15,MEX,25.691121952920298
2022-05-16,MEX,25.841894253793498
2022-05-17,MEX,25.839454951674497
2022-05-18,MEX,25.646951008761903
2022-05-19,MEX,25.57418772761679
2022-05-20,MEX,25.447082648952573
2022-05-21,MEX,25.165334023457774
2022-05-22,MEX,25.09053586989444
2022-05-23,MEX,23.796531731929008
2022-05-24,MEX,23.835114315873454
2022-05-25,MEX,24.304148833475608
2022-05-26,MEX,25.148690555059034
2022-05-27,MEX,25.952177075150132
2022-05-28,MEX,25.728457393946144
2022-05-29,MEX,25.334030612686092
2022-05-30,MEX,25.017064408223177
2022-05-31,MEX,25.05375489792135
2022-06-01,MEX,25.03618779949477
2022-06-02,MEX,24.7731529068883
2022-06-03,MEX,24.285113476608387
2022-06-04,MEX,24.763571744588717
2022-06-05,MEX,25.565474499971913
2022-06-06,MEX,26.24591065399443
2022-06-07,MEX,26.825736529007827
2022-06-08,MEX,26.418679440863173
2022-06-09,MEX,25.888623351105025
2022-06-10,MEX,25.839538007638964
2022-06-11,MEX,26.708767678589652
2022-06-12,MEX,27.140052475804055
2022-06-13,MEX,26.381576099749225
2022-06-14,MEX,25.54538757743478
2022-06-15,MEX,25.238379362970477
2022-06-16,MEX,25.65505679023454
2022-06-17,MEX,25.34817880413624
2022-06-18,MEX,24.85529627890753
2022-06-19,MEX,24.52625419338409
2022-06-20,MEX,24.037490952457574
2022-06-21,MEX,24.626468632982153
2022-06-22,MEX,24.716435513869897
2022-06-23,MEX,24.94880157975183
2022-06-24,MEX,25.11168467113987
2022-06-25,MEX,25.379790752457325
2022-06-26,MEX,25.09368783555874
2022-06-27,MEX,24.77436081516032
2022-06-28,MEX,24.94779630512295
2022-06-29,MEX,25.079084466111738
2022-06-30,MEX,24.784304093538196
2022-07-01,MEX,25.169416409333735
2022-07-02,MEX,25.22801382646861
2022-07-03,MEX,24.931995198585923
2022-07-04,MEX,25.003303676290955
2022-07-05,MEX,25.38830569444002
2022-07-06,MEX,25.25028496184882
2022-07-07,MEX,25.36271174139995
2022-07-08,MEX,25.81294419780562
2022-07-09,MEX,26.371179146234397
2022-07-10,MEX,26.767373303737088
2022-07-11,MEX,26.849280670728945
2022-07-12,MEX,26.460016143282303
2022-07-13,MEX,26.246862875059378
2022-07-14,MEX,25.68102625569213
2022-07-15,MEX,25.59699926737221
2022-07-16,MEX,25.543622433509313
2022-07-17,MEX,25.552523005782348
2022-07-18,MEX,25.976333419832656
2022-07-19,MEX,26.454737234748563
2022-07-20,MEX,26.915568979831164
2022-07-21,MEX,27.303174031798505
2022-07-22,MEX,26.537558161123457
2022-07-23,MEX,25.34679163750718
2022-07-24,MEX,24.78467858706216
2022-07-25,MEX,24.78158332319714
2022-07-26,MEX,24.826031284709245
2022-07-27,MEX,24.474968737101847
2022-07-28,MEX,24.169941551489103
2022-07-29,MEX,24.170669732784916
2022-07-30,MEX,23.98137982609404
2022-07-31,MEX,24.427366363671013
2022-08-01,MEX,24.67704595482138
2022-08-02,MEX,25.166408335938968
2022-08-03,MEX,25.520464016263475
2022-08-04,MEX,25.68261200794103
2022-08-05,MEX,25.615087346736402
2022-08-06,MEX,25.25800587297158
2022-08-07,MEX,24.844507729446207
2022-08-08,MEX,24.434410176748827
2022-08-09,MEX,24.67751551591681
2022-08-10,MEX,24.42441593556464
2022-08-11,MEX,24.989562728903365
2022-08-12,MEX,25.191385967915835
2022-08-13,MEX,24.74221102412679
2022-08-14,MEX,24.682817574621083
2022-08-15,MEX,24.40847359600633
2022-08-16,MEX,23.917014296337754
2022-08-17,MEX,23.86729683156824
2022-08-18,MEX,23.98498388093418
2022-08-19,MEX,23.782279540733384
2022-08-20,MEX,23.87814892470169
2022-08-21,MEX,24.24316250300444
2022-08-22,MEX,24.38327915609193
2022-08-23,MEX,24.411651606856594
2022-08-24,MEX,24.170920983111216
2022-08-25,MEX,24.470956243800345
2022-08-26,MEX,24.28006910821631
2022-08-27,MEX,24.144453443891052
2022-08-28,MEX,24.12692262721646
2022-08-29,MEX,24.564719873168144
2022-08-30,MEX,24.369315430316192
2022-08-31,MEX,23.729541808940667
2022-09-01,MEX,23.44770363440773
2022-09-02,MEX,23.54972993945688
2022-09-03,MEX,23.853880400066885
2022-09-04,MEX,23.578314229285013
2022-09-05,MEX,23.413657552634277
2022-09-06,MEX,23.23674646502087
2022-09-07,MEX,23.175354617983487
2022-09-08,MEX,23.25225925292102
2022-09-09,MEX,23.214707497800305
2022-09-10,MEX,23.51846167049206
2022-09-11,MEX,23.73342760312039
2022-09-12,MEX,23.307911683091106
2022-09-13,MEX,23.09331491083003
2022-09-14,MEX,22.96671995431751
2022-09-15,MEX,23.197421124844027
2022-09-16,MEX,23.216265246002422
2022-09-17,MEX,23.330146003717857
2022-09-18,MEX,23.492412609384928
2022-09-19,MEX,23.313462723208715
2022-09-20,MEX,23.449978314769737
2022-09-21,MEX,23.597141837675167
2022-09-22,MEX,23.65319780980701
2022-09-23,MEX,23.685360138045382
2022-09-24,MEX,23.753265588269585
2022-09-25,MEX,24.018591142063485
2022-09-26,MEX,23.7927375564895
2022-09-27,MEX,22.863587017753957
2022-09-28,MEX,22.251467772598915
2022-09-29,MEX,21.743508247951524
2022-09-30,MEX,21.468585658378288
2022-10-01,MEX,21.54732846056703
2022-10-02,MEX,21.567023478566455
2022-10-03,MEX,21.244736536204982
2022-10-04,MEX,21.24007406414495
2022-10-05,MEX,21.301806739633776
2022-10-06,MEX,21.060352766068263
2022-10-07,MEX,20.730857995434235
2022-10-08,MEX,20.583818797629817
2022-10-09,MEX,20.963277340327238
2022-10-10,MEX,21.076310226916064
2022-10-11,MEX,21.432679920681835
2022-10-12,MEX,22.068855860751853
2022-10-13,MEX,22.571589823579757
2022-10-14,MEX,22.46984868659075
2022-10-15,MEX,22.46341928398266
2022-10-16,MEX,22.14786443336436
2022-10-17,MEX,21.831337021732395
2022-10-18,MEX,20.3098459122034
2022-10-19,MEX,19.15213128193517
2022-10-20,MEX,19.269673570965324
2022-10-21,MEX,20.249943372630696
2022-10-22,MEX,21.176074252951935
2022-10-23,MEX,21.527890366328847
2022-10-24,MEX,21.20620857382164
2022-10-25,MEX,20.144900763181454
2022-10-26,MEX,19.859195001143235
2022-10-27,MEX,20.63709022093201
2022-10-28,MEX,20.318816466830413
2022-10-29,MEX,19.18356561031686
2022-10-30,MEX,19.106248107020747
2022-10-31,MEX,19.192650963141375
2022-11-01,MEX,19.17466274376568
2022-11-02,MEX,19.699511532700797
2022-11-03,MEX,19.985385769618347
2022-11-04,MEX,19.866725573339068
2022-11-05,MEX,18.811750621701833
2022-11-06,MEX,19.404883773745325
2022-11-07,MEX,19.879532329924075
2022-11-08,MEX,19.99258953390273
2022-11-09,MEX,20.01096131681726
2022-11-10,MEX,19.824550877949832
2022-11-11,MEX,19.15857193485607
2022-11-12,MEX,17.839335902702658
2022-11-13,MEX,16.96998521257302
2022-11-14,MEX,17.720434725509335
2022-11-15,MEX,17.198507789912355
2022-11-16,MEX,16.53322955994804
2022-11-17,MEX,15.548739640263193
2022-11-18,MEX,15.819464970930085
2022-11-19,MEX,15.86147406054198
2022-11-20,MEX,14.94137771467706
2022-11-21,MEX,14.761444650685462
2022-11-22,MEX,15.625716172612556
2022-11-23,MEX,16.795199011199543
2022-11-24,MEX,17.632804990963507
2022-11-25,MEX,16.653441837329638
2022-11-26,MEX,15.372473702599166
2022-11-27,MEX,16.410831594740785
2022-11-28,MEX,16.89810583039099
2022-11-29,MEX,18.387516959217294
2022-11-30,MEX,17.636521746076482
2022-12-01,MEX,17.10270452595728
2022-12-02,MEX,18.11131447311891
2022-12-03,MEX,19.09234921620248
2022-12-04,MEX,19.004760022549362
2022-12-05,MEX,18.861402291144145
2022-12-06,MEX,19.08207664374072
2022-12-07,MEX,18.707569978931303
2022-12-08,MEX,18.054699863406142
2022-12-09,MEX,17.57194659789633
2022-12-10,MEX,17.367662258443715
2022-12-11,MEX,17.051733216907564
2022-12-12,MEX,17.10283776914889
2022-12-13,MEX,16.69598293481812
2022-12-14,MEX,15.148966755992262
2022-12-15,MEX,14.213096663540227
2022-12-16,MEX,14.88647082907113
2022-12-17,MEX,14.788018355390818
2022-12-18,MEX,14.757948834526928
2022-12-19,MEX,14.669807849187634
2022-12-20,MEX,14.94295673913524
2022-12-21,MEX,14.69826556807368
2022-12-22,MEX,15.606689432046494
2022-12-23,MEX,13.945896050299666
2022-12-24,MEX,11.564827281288615
2022-12-25,MEX,11.831247571093115
2022-12-26,MEX,13.042719357089652
2022-12-27,MEX,14.37951400212819
2022-12-28,MEX,15.515657218365845
2022-12-29,MEX,16.215251752176357
2022-12-30,MEX,15.895667477080735
2022-12-31,MEX,16.155449036506297
2023-01-01,MEX,17.083363874867985
2023-01-02,MEX,17.397859026818594
2023-01-03,MEX,16.682688850732177
2023-01-04,MEX,16.110933651756
2023-01-05,MEX,16.321009251560213
2023-01-06,MEX,17.01330115455619
2023-01-07,MEX,17.079047765307564
2023-01-08,MEX,16.454778706603747
2023-01-09,MEX,16.632605078547442
2023-01-10,MEX,16.819159936099197
2023-01-11,MEX,17.302192148381323
2023-01-12,MEX,17.079203194273077
2023-01-13,MEX,15.418638474960915
2023-01-14,MEX,15.069955543098104
2023-01-15,MEX,16.097794982012147
2023-01-16,MEX,16.63307028715468
2023-01-17,MEX,16.534139480920544
2023-01-18,MEX,16.248226732470528
2023-01-19,MEX,15.059634656912124
2023-01-20,MEX,15.491860237281742
2023-01-21,MEX,15.56321443547705
2023-01-22,MEX,14.522929570933456
2023-01-23,MEX,14.825883543080181
2023-01-24,MEX,14.678709046204233
2023-01-25,MEX,14.04893591698999
2023-01-26,MEX,13.399925070729807
2023-01-27,MEX,13.098857698954987
2023-01-28,MEX,14.99163103364765
2023-01-29,MEX,16.77487984596786
2023-01-30,MEX,17.247049790084645
2023-01-31,MEX,16.45643410485684
2023-02-01,MEX,14.790945278539368
2023-02-02,MEX,14.502252242209295
2023-02-03,MEX,14.580316746492258
2023-02-04,MEX,14.640008563678634
2023-02-05,MEX,16.41599009227184
2023-02-06,MEX,17.429154202642735
2023-02-07,MEX,17.315509135508705
2023-02-08,MEX,16.133714445342036
2023-02-09,MEX,16.046779238368572
2023-02-10,MEX,15.780705008697453
2023-02-11,MEX,13.961428118956576
2023-02-12,MEX,14.884720076116764
2023-02-13,MEX,15.870103607992178
2023-02-14,MEX,16.255399830921306
2023-02-15,MEX,17.308116881279318
2023-02-16,MEX,16.33545714159419
2023-02-17,MEX,14.3984617129355
2023-02-18,MEX,14.505985457611246
2023-02-19,MEX,16.671213292522737
2023-02-20,MEX,18.19384334867027
2023-02-21,MEX,18.940311545304212
2023-02-22,MEX,18.53525691794465
2023-02-23,MEX,18.181911756677778
2023-02-24,MEX,18.50379314948725
2023-02-25,MEX,19.119221648469306
2023-02-26,MEX,19.428181755988646
2023-02-27,MEX,18.93079286634668
2023-02-28,MEX,19.562537657405755
2023-03-01,MEX,20.701081880992376
2023-03-02,MEX,19.595968873889717
2023-03-03,MEX,17.409196513882137
2023-03-04,MEX,17.63002405521371
2023-03-05,MEX,18.897406676744083
2023-03-06,MEX,19.847253801040267
2023-03-07,MEX,20.53846858474384
2023-03-08,MEX,20.59381380436298
2023-03-09,MEX,20.77992216577286
2023-03-10,MEX,20.993238347768454
2023-03-11,MEX,21.611149421108962
2023-03-12,MEX,21.968077028601954
2023-03-13,MEX,21.272623988941348
2023-03-14,MEX,19.974751936378595
2023-03-15,MEX,19.6605188514489
2023-03-16,MEX,20.10900786240569
2023-03-17,MEX,19.07340994748057
2023-03-18,MEX,17.011097122985802
2023-03-19,MEX,14.48478493493667
2023-03-20,MEX,15.192743244484745
2023-03-21,MEX,18.43364785091353
2023-03-22,MEX,20.44575408372458
2023-03-23,MEX,21.189077426234178
2023-03-24,MEX,20.843674186008627
2023-03-25,MEX,19.87228475245348
2023-03-26,MEX,20.56483405633645
2023-03-27,MEX,20.867611395203085
2023-03-28,MEX,21.05481188201111
2023-03-29,MEX,19.5480249318893
2023-03-30,MEX,20.67004216026993
2023-03-31,MEX,21.02336476066762
2023-04-01,MEX,21.424781382308538
2023-04-02,MEX,22.22276482041076
2023-04-03,MEX,22.801260690144147
2023-04-04,MEX,22.531945177876423
2023-04-05,MEX,20.874052822232557
2023-04-06,MEX,20.173329459501417
2023-04-07,MEX,19.368045302362816
2023-04-08,MEX,19.720820138080626
2023-04-09,MEX,20.893769729956887
2023-04-10,MEX,21.61785264332866
2023-04-11,MEX,21.743135885082495
2023-04-12,MEX,20.88546579654752
2023-04-13,MEX,21.082563820555606
2023-04-14,MEX,20.798712212944906
2023-04-15,MEX,21.41218253065756
2023-04-16,MEX,21.768225977856105
2023-04-17,MEX,20.99977974487001
2023-04-18,MEX,21.387114950753414
2023-04-19,MEX,22.11537181997312
2023-04-20,MEX,22.828805070069563
2023-04-21,MEX,23.289196016570315
2023-04-22,MEX,23.157897987691683
2023-04-23,MEX,22.802189389197224
2023-04-24,MEX,21.316134275071818
2023-04-25,MEX,21.63299867858069
2023-04-26,MEX,22.23683758292981
2023-04-27,MEX,22.641011609445684
2023-04-28,MEX,22.99514012568295
2023-04-29,MEX,21.943054935416228
2023-04-30,MEX,22.148113261282163
2023-05-01,MEX,22.76846574023716
2023-05-02,MEX,22.69369786509634
2023-05-03,MEX,22.787899982043143
2023-05-04,MEX,23.03823634008228
2023-05-05,MEX,23.478264839354438
2023-05-06,MEX,24.112745754939397
2023-05-07,MEX,24.381087442453122
2023-05-08,MEX,24.035232633303792
2023-05-09,MEX,24.090194552338232
2023-05-10,MEX,23.87740839724745
2023-05-11,MEX,23.29930740543682
2023-05-12,MEX,23.558475840537994
2023-05-13,MEX,22.89074222245688
2023-05-14,MEX,22.185110603813825
2023-05-15,MEX,21.92861326960201
2023-05-16,MEX,22.219580522311503
2023-05-17,MEX,22.8397484498949
2023-05-18,MEX,23.40824935268097
2023-05-19,MEX,23.347522049820554
2023-05-20,MEX,22.85796356013799
2023-05-21,MEX,22.31816093386817
2023-05-22,MEX,23.71537681076552
2023-05-23,MEX,24.204152046903232
2023-05-24,MEX,24.46225229132989
2023-05-25,MEX,24.326420013458687
2023-05-26,MEX,24.312676205428147
2023-05-27,MEX,24.194909337379556
2023-05-28,MEX,23.06000463333993
2023-05-29,MEX,22.99442571117652
2023-05-30,MEX,23.528028187540258
2023-05-31,MEX,24.26513263210029
2023-06-01,MEX,24.665852118094563
2023-06-02,MEX,25.0197205690406
2023-06-03,MEX,24.963309455148988
2023-06-04,MEX,24.860644748473305
2023-06-05,MEX,24.972133314296116
2023-06-06,MEX,24.38650050634351
2023-06-07,MEX,24.416031941854044
2023-06-08,MEX,24.990099132074988
2023-06-09,MEX,25.856647799804307
2023-06-10,MEX,26.32013208388031
2023-06-11,MEX,26.773878698269243
2023-06-12,MEX,27.0432328196884
2023-06-13,MEX,27.42749666851256
2023-06-14,MEX,27.76469482953661
2023-06-15,MEX,27.940139871981955
2023-06-16,MEX,28.499204595460697
2023-06-17,MEX,28.547019891680918
2023-06-18,MEX,28.50543928603281
2023-06-19,MEX,28.873343597092344
2023-06-20,MEX,29.17188486711865
2023-06-21,MEX,29.197255344957682
2023-06-22,MEX,28.83946825411965
2023-06-23,MEX,28.45759627236947
2023-06-24,MEX,27.96958459478344
2023-06-25,MEX,28.049102922537884
2023-06-26,MEX,27.989616924940265
2023-06-27,MEX,27.507820604531048
2023-06-28,MEX,27.24254089347886
2023-06-29,MEX,26.90054912251486
2023-06-30,MEX,26.404006029552647
2023-07-01,MEX,26.16837317862246
2023-07-02,MEX,25.69543549378983
2023-07-03,MEX,25.005923401283212
2023-07-04,MEX,25.118019923399856
2023-07-05,MEX,25.85146886942664
2023-07-06,MEX,26.238430118443716
2023-07-07,MEX,26.29100258636805
2023-07-08,MEX,26.180399809091796
2023-07-09,MEX,26.19629568728675
2023-07-10,MEX,26.751819450240305
2023-07-11,MEX,26.959383794246037
2023-07-12,MEX,27.033680393176894
2023-07-13,MEX,27.64970327553891
2023-07-14,MEX,27.642398508844167
2023-07-15,MEX,27.838102780292616
2023-07-16,MEX,27.421645005353298
2023-07-17,MEX,27.580513417652412
2023-07-18,MEX,27.81181962553552
2023-07-19,MEX,27.85700263356233
2023-07-20,MEX,27.700327228917956
2023-07-21,MEX,27.434040147082612
2023-07-22,MEX,26.99708645727202
2023-07-23,MEX,26.39360554853249
2023-07-24,MEX,26.474146829233803
2023-07-25,MEX,26.450131492321418
2023-07-26,MEX,26.478044304002594
2023-07-27,MEX,26.45499916903026
2023-07-28,MEX,26.327356409037918
2023-07-29,MEX,25.772233585806703
2023-07-30,MEX,25.838556551257568
2023-07-31,MEX,26.137058876179765
2023-08-01,MEX,26.644395770099607
2023-08-02,MEX,26.608906643649902
2023-08-03,MEX,26.327968274655746
2023-08-04,MEX,26.59027342299197
2023-08-05,MEX,26.796229147814643
2023-08-06,MEX,27.465460332479665
2023-08-07,MEX,27.669231041914088
2023-08-08,MEX,27.821699319727088
2023-08-09,MEX,27.529750689424077
2023-08-10,MEX,27.3137573621961
2023-08-11,MEX,26.697727740495395
2023-08-12,MEX,26.19683317084548
2023-08-13,MEX,26.259867604025033
2023-08-14,MEX,26.323254705012175
2023-08-15,MEX,25.996959720289965
2023-08-16,MEX,26.190394563384643
2023-08-17,MEX,26.59586094812272
2023-08-18,MEX,26.55467452616773
2023-08-19,MEX,25.59049871811385
2023-08-20,MEX,25.049592133147485
2023-08-21,MEX,24.52923770067332
2023-08-22,MEX,25.05983975795965
2023-08-23,MEX,24.33612216110356
2023-08-24,MEX,24.995521506698594
2023-08-25,MEX,25.29053182408012
2023-08-26,MEX,25.63221843844201
2023-08-27,MEX,25.910899002587144
2023-08-28,MEX,26.287233291209702
2023-08-29,MEX,26.4683970095287
2023-08-30,MEX,26.027863048249174
2023-08-31,MEX,25.461813511475555
2023-09-01,MEX,25.347320826745715
2023-09-02,MEX,25.383992982813766
2023-09-03,MEX,25.92001529021144
2023-09-04,MEX,26.177574200230254
2023-09-05,MEX,26.52089103180242
2023-09-06,MEX,26.604192114249827
2023-09-07,MEX,26.408119545324894
2023-09-08,MEX,26.36170249811562
2023-09-09,MEX,26.383482498379976
2023-09-10,MEX,26.68562307027821
2023-09-11,MEX,26.457099001842437
2023-09-12,MEX,25.965002788245215
2023-09-13,MEX,25.878090384917982
2023-09-14,MEX,25.797640533536764
2023-09-15,MEX,25.774436770190164
2023-09-16,MEX,25.168010433846234
2023-09-17,MEX,24.499107107152952
2023-09-18,MEX,24.17319785315084
2023-09-19,MEX,24.793794622022745
2023-09-20,MEX,25.604785964394523
2023-09-21,MEX,25.529764137114284
2023-09-22,MEX,25.978825577895975
2023-09-23,MEX,26.615372053751457
2023-09-24,MEX,26.89514091964628
2023-09-25,MEX,26.723179414205276
2023-09-26,MEX,25.960185367727888
2023-09-27,MEX,25.618833021650858
2023-09-28,MEX,25.352319939667268
2023-09-29,MEX,25.185777038785375
2023-09-30,MEX,24.743276724295924
2023-10-01,MEX,24.2998497497274
2023-10-02,MEX,24.300977294345955
2023-10-03,MEX,24.271346604731207
2023-10-04,MEX,24.364272667193518
2023-10-05,MEX,24.473692134965063
2023-10-06,MEX,23.7711377905747
2023-10-07,MEX,22.740868848856508
2023-10-08,MEX,21.341349813715908
2023-10-09,MEX,21.644709999165002
2023-10-10,MEX,22.052444893511222
2023-10-11,MEX,21.979193418314708
2023-10-12,MEX,22.866500714315237
2023-10-13,MEX,23.55075002842574
2023-10-14,MEX,23.178657927992276
2023-10-15,MEX,22.87442333623136
2023-10-16,MEX,22.008405524436
2023-10-17,MEX,21.161574386889015
2023-10-18,MEX,21.516949629768817
2023-10-19,MEX,22.65952470081379
2023-10-20,MEX,23.23772323720692
2023-10-21,MEX,23.266699331191376
2023-10-22,MEX,22.69520437592712
2023-10-23,MEX,22.13404937258747
2023-10-24,MEX,21.74675044889983
2023-10-25,MEX,21.14794015245775
2023-10-26,MEX,21.270164042739168
2023-10-27,MEX,21.89526746710459
2023-10-28,MEX,21.990944383651765
2023-10-29,MEX,22.048255240254434
2023-10-30,MEX,19.10007443127995
2023-10-31,MEX,16.695181211396914
2023-11-01,MEX,16.906218952310212
2023-11-02,MEX,17.611424602756017
2023-11-03,MEX,19.54854787664948
2023-11-04,MEX,20.33137042181096
2023-11-05,MEX,20.65697899086507
2023-11-06,MEX,21.06503366896129
2023-11-07,MEX,21.873190148229185
2023-11-08,MEX,22.381059100856532
2023-11-09,MEX,21.291652330535044
2023-11-10,MEX,19.32874586490186
2023-11-11,MEX,18.49198238168242
2023-11-12,MEX,18.275589134939025
2023-11-13,MEX,18.584557818608516
2023-11-14,MEX,19.013840476214625
2023-11-15,MEX,19.042155501411685
2023-11-16,MEX,19.36505616236616
2023-11-17,MEX,20.089891591791513
2023-11-18,MEX,20.784344291496268
2023-11-19,MEX,20.537524104415184
2023-11-20,MEX,20.097356127507624
2023-11-21,MEX,18.414428004562353
2023-11-22,MEX,15.494443620665777
2023-11-23,MEX,14.556632930956368
2023-11-24,MEX,16.272412906570878
2023-11-25,MEX,17.16546328070865
2023-11-26,MEX,17.223211578358303
2023-11-27,MEX,16.770529156516318
2023-11-28,MEX,16.367617717787994
2023-11-29,MEX,16.64155082563377
2023-11-30,MEX,17.77518079120847
2023-12-01,MEX,17.675187992743133
2023-12-02,MEX,17.28280280235265
2023-12-03,MEX,16.598577032306935
2023-12-04,MEX,16.501772534646136
2023-12-05,MEX,16.798910077860512
2023-12-06,MEX,17.270996629452725
2023-12-07,MEX,17.42640258466332
2023-12-08,MEX,18.138632274038173
2023-12-09,MEX,18.249050601811007
2023-12-10,MEX,16.174998933109237
2023-12-11,MEX,14.62649015096747
2023-12-12,MEX,15.473855371473348
2023-12-13,MEX,15.983350837367595
2023-12-14,MEX,16.378261463715376
2023-12-15,MEX,16.607547562578873
2023-12-16,MEX,16.587037841827453
2023-12-17,MEX,16.035943722070897
2023-12-18,MEX,15.895915632106096
2023-12-19,MEX,15.775344078360206
2023-12-20,MEX,15.899602488479218
2023-12-21,MEX,16.37926536199916
2023-12-22,MEX,16.97202127744299
2023-12-23,MEX,16.95250574878378
2023-12-24,MEX,16.082272370723615
2023-12-25,MEX,15.221169510021639
2023-12-26,MEX,14.534049626878755
2023-12-27,MEX,14.249918817035166
2023-12-28,MEX,13.924673186102723
2023-12-29,MEX,13.599844599322523
2023-12-30,MEX,13.089261056476914
2023-12-31,MEX,13.949359342479795
2024-01-01,MEX,14.788924784985625
2024-01-02,MEX,15.092871888683646
2024-01-03,MEX,14.523890714989761
2024-01-04,MEX,14.659596642160068
2024-01-05,MEX,14.443424456591742
2024-01-06,MEX,14.513055922751903
2024-01-07,MEX,14.304057362448475
2024-01-08,MEX,15.631397392648068
2024-01-09,MEX,13.78487194702467
2024-01-10,MEX,13.607248030931657
2024-01-11,MEX,15.636820722630318
2024-01-12,MEX,15.996739335319319
2024-01-13,MEX,15.14782031481161
2024-01-14,MEX,15.896365347343533
2024-01-15,MEX,16.40912610070785
2024-01-16,MEX,14.849943108216962
2024-01-17,MEX,14.168759686339513
2024-01-18,MEX,16.745923685582056
2024-01-19,MEX,17.433643776650342
2024-01-20,MEX,16.175297127771387
2024-01-21,MEX,15.66353433753568
2024-01-22,MEX,15.715004512417863
2024-01-23,MEX,17.039454830563614
2024-01-24,MEX,16.54612034484603
2024-01-25,MEX,16.451968982432618
2024-01-26,MEX,17.35281603815605
2024-01-27,MEX,16.99644117407746
2024-01-28,MEX,16.058499428400467
2024-01-29,MEX,16.00028210980122
2024-01-30,MEX,17.074864699402724
2024-01-31,MEX,17.098144927834085
2024-02-01,MEX,17.58536021018068
2024-02-02,MEX,17.871935169529763
2024-02-03,MEX,16.909449932669418
2024-02-04,MEX,16.30866926245676
2024-02-05,MEX,16.36792244403864
2024-02-06,MEX,16.442065477306983
2024-02-07,MEX,16.621037195137205
2024-02-08,MEX,16.238025357463414
2024-02-09,MEX,16.76418911298623
2024-02-10,MEX,17.067600632762947
2024-02-11,MEX,16.412405535001824
2024-02-12,MEX,14.766894914443526
2024-02-13,MEX,15.033141755874055
2024-02-14,MEX,15.962276009690584
2024-02-15,MEX,16.809370477964933
2024-02-16,MEX,16.668854813827807
2024-02-17,MEX,15.774635496452106
2024-02-18,MEX,14.168820709913518
2024-02-19,MEX,15.707382183464915
2024-02-20,MEX,17.541128442021034
2024-02-21,MEX,18.900873901228977
2024-02-22,MEX,19.292176564158808
2024-02-23,MEX,19.291916187647814
2024-02-24,MEX,19.05692768054911
2024-02-25,MEX,19.966119189858773
2024-02-26,MEX,21.137306454431496
2024-02-27,MEX,21.17629299481706
2024-02-28,MEX,20.34472512678127
2024-02-29,MEX,18.447112141237312
2024-03-01,MEX,18.26433911290627
2024-03-02,MEX,19.131405788290238
2024-03-03,MEX,20.09127995859592
2024-03-04,MEX,19.84976791150615
2024-03-05,MEX,19.6170021533124
2024-03-06,MEX,20.17851758585965
2024-03-07,MEX,20.346608775527216
2024-03-08,MEX,19.58368926855104
2024-03-09,MEX,18.627297066376684
2024-03-10,MEX,17.82346243595896
2024-03-11,MEX,17.88920528787054
2024-03-12,MEX,20.03900700664917
2024-03-13,MEX,20.773498162220108
2024-03-14,MEX,21.219662167100864
2024-03-15,MEX,21.242466263132258
2024-03-16,MEX,20.285187306573107
2024-03-17,MEX,20.12669113616448
2024-03-18,MEX,19.622266273078537
2024-03-19,MEX,18.853712533503767
2024-03-20,MEX,19.975143262736083
2024-03-21,MEX,20.336682883131516
2024-03-22,MEX,21.12988140099003
2024-03-23,MEX,21.18915077875795
2024-03-24,MEX,20.287055855713334
2024-03-25,MEX,18.81810443195053
2024-03-26,MEX,18.090290391939845
2024-03-27,MEX,18.328953296494774
2024-03-28,MEX,19.252661840242865
2024-03-29,MEX,20.55432560312329
2024-03-30,MEX,21.318304306974085
2024-03-31,MEX,21.90106248053462
2024-04-01,MEX,21.59565955285234
2024-04-02,MEX,20.64208286427089
2024-04-03,MEX,19.62104486975352
2024-04-04,MEX,19.463737109172428
2024-04-05,MEX,20.255787569446227
2024-04-06,MEX,20.817155313342028
2024-04-07,MEX,21.24923018895163
2024-04-08,MEX,21.471933215459558
2024-04-09,MEX,21.79658301924161
2024-04-10,MEX,21.49628900839832
2024-04-11,MEX,21.43922314195271
2024-04-12,MEX,21.656317272106605
2024-04-13,MEX,22.34476330844376
2024-04-14,MEX,23.583227610584856
2024-04-15,MEX,24.300158799656515
2024-04-16,MEX,24.114070340987325
2024-04-17,MEX,24.644605517940875
2024-04-18,MEX,24.85399366162693
2024-04-19,MEX,24.742820122558214
2024-04-20,MEX,24.06342547088076
2024-04-21,MEX,22.90731875935262
2024-04-22,MEX,21.794733010887
2024-04-23,MEX,22.86620843228218
2024-04-24,MEX,24.100718380585874
2024-04-25,MEX,24.215691394490023
2024-04-26,MEX,23.628709595117698
2024-04-27,MEX,23.4033531361585
2024-04-28,MEX,23.32557014141696
2024-04-29,MEX,23.724171956115242
2024-04-30,MEX,24.535328782849206
2024-05-01,MEX,24.603560515608024
2024-05-02,MEX,24.822504030405014
2024-05-03,MEX,24.92344624971139
2024-05-04,MEX,25.05452756488154
2024-05-05,MEX,25.083727497671703
2024-05-06,MEX,25.358055684382123
2024-05-07,MEX,25.7454761981233
2024-05-08,MEX,26.36850709938352
2024-05-09,MEX,26.86456777672521
2024-05-10,MEX,26.729740226143917
2024-05-11,MEX,25.997668653326173
2024-05-12,MEX,25.77525722797668
2024-05-13,MEX,25.948819302423942
2024-05-14,MEX,25.659865622163124
2024-05-15,MEX,25.927317210420654
2024-05-16,MEX,25.92615348482235
2024-05-17,MEX,25.890534292385723
2024-05-18,MEX,26.357033803935906
2024-05-19,MEX,27.08757639431002
2024-05-20,MEX,27.71077664603189
2024-05-21,MEX,27.91218660566085
2024-05-22,MEX,27.55942907371565
2024-05-23,MEX,27.289555420546833
2024-05-24,MEX,27.47161636682921
2024-05-25,MEX,27.774859672239472
2024-05-26,MEX,28.139455924335152
2024-05-27,MEX,28.219435706056004
2024-05-28,MEX,28.040865928366713
2024-05-29,MEX,27.091100482478737
2024-05-30,MEX,27.07648821061207
2024-05-31,MEX,27.36911286821453
2024-06-01,MEX,27.378165872509612
2024-06-02,MEX,27.60792344108063
2024-06-03,MEX,27.662990539910993
2024-06-04,MEX,27.66067632848791
2024-06-05,MEX,27.94467885680723
2024-06-06,MEX,28.191277054863633
2024-06-07,MEX,28.01004550024902
2024-06-08,MEX,26.989854811285852
2024-06-09,MEX,26.530384083502327
2024-06-10,MEX,26.741364714745714
2024-06-11,MEX,27.25777938654386
2024-06-12,MEX,28.160974115839508
2024-06-13,MEX,28.332385839601272
2024-06-14,MEX,27.641682802372316
2024-06-15,MEX,27.49551318216504
2024-06-16,MEX,27.617256471447376
2024-06-17,MEX,27.49758456894108
2024-06-18,MEX,27.087333405143283
2024-06-19,MEX,26.62366587987748
2024-06-20,MEX,25.00835804412128
2024-06-21,MEX,24.40798436382744
2024-06-22,MEX,24.370364402939742
2024-06-23,MEX,24.70280226418481
2024-06-24,MEX,25.031930972202986
2024-06-25,MEX,25.105480107837707
2024-06-26,MEX,26.059279596513818
2024-06-27,MEX,26.263466916818743
2024-06-28,MEX,25.90406203824267
2024-06-29,MEX,25.710061327414223
2024-06-30,MEX,25.2684790730882
2024-07-01,MEX,24.93888822076127
2024-07-02,MEX,25.531504391941496
2024-07-03,MEX,25.80045186713744
2024-07-04,MEX,25.899459947706816
2024-07-05,MEX,25.990965190155805
2024-07-06,MEX,25.619790457385477
2024-07-07,MEX,25.969565108376912
2024-07-08,MEX,26.58187881533854
2024-07-09,MEX,26.525629687645107
2024-07-10,MEX,25.762535399710544
2024-07-11,MEX,25.17938887372088
2024-07-12,MEX,24.96203067254055
2024-07-13,MEX,24.59796450181574
2024-07-14,MEX,24.269643656240362
2024-07-15,MEX,24.886525076375733
2024-07-16,MEX,24.99018246805565
2024-07-17,MEX,25.16584134097775
2024-07-18,MEX,25.395184222609032
2024-07-19,MEX,25.214554404088403
2024-07-20,MEX,25.365739400941322
2024-07-21,MEX,25.159277323677145
2024-07-22,MEX,25.03374425730334
2024-07-23,MEX,24.982347576861912
2024-07-24,MEX,25.018414978527176
2024-07-25,MEX,24.797571128501147
2024-07-26,MEX,24.996397659140655
2024-07-27,MEX,25.240462453376722
2024-07-28,MEX,25.643571999908204
2024-07-29,MEX,25.60329921914746
2024-07-30,MEX,26.12840655147994
2024-07-31,MEX,25.93104519520307
2024-08-01,MEX,25.469391775331133
2024-08-02,MEX,25.804655567043426
2024-08-03,MEX,26.122768391718637
2024-08-04,MEX,26.20833056959418
2024-08-05,MEX,25.968809020459332
2024-08-06,MEX,25.802049312007114
2024-08-07,MEX,25.904539122296796
2024-08-08,MEX,26.518858153560075
2024-08-09,MEX,26.300600577947932
2024-08-10,MEX,25.785621650443318
2024-08-11,MEX,25.40673281427172
2024-08-12,MEX,25.415337078738787
2024-08-13,MEX,25.584284642217142
2024-08-14,MEX,25.432959421042085
2024-08-15,MEX,25.67598298199158
2024-08-16,MEX,26.046851540679313
2024-08-17,MEX,26.262866971033873
2024-08-18,MEX,25.79810976205613
2024-08-19,MEX,25.91313973308712
2024-08-20,MEX,25.82131001756528
2024-08-21,MEX,26.099909828507066
2024-08-22,MEX,26.16866994450669
2024-08-23,MEX,26.069045674165352
2024-08-24,MEX,25.564677606118664
2024-08-25,MEX,25.46649885657456
2024-08-26,MEX,25.556389320594178
2024-08-27,MEX,25.33008164188476
2024-08-28,MEX,25.177453542651847
2024-08-29,MEX,25.34139088717376
2024-08-30,MEX,25.459115931780502
2024-08-31,MEX,25.060689914822603
2024-09-01,MEX,24.409152441790525
2024-09-02,MEX,24.08084912041545
2024-09-03,MEX,24.236880957354288
2024-09-04,MEX,24.499162205143023
2024-09-05,MEX,24.771010394486154
2024-09-06,MEX,24.568120750143294
2024-09-07,MEX,24.389634503026116
2024-09-08,MEX,24.101784766219623
2024-09-09,MEX,23.872951382532335
2024-09-10,MEX,24.553064473618747
2024-09-11,MEX,25.029984400899423
2024-09-12,MEX,25.38589092978657
2024-09-13,MEX,25.697729560878713
2024-09-14,MEX,25.108417851756485
2024-09-15,MEX,24.270831745075725
2024-09-16,MEX,24.48614595038964
2024-09-17,MEX,24.405941956268464
2024-09-18,MEX,24.745484978177615
2024-09-19,MEX,25.125262694761716
2024-09-20,MEX,25.0758733561035
2024-09-21,MEX,24.723496919855393
2024-09-22,MEX,24.80142925749078
2024-09-23,MEX,24.716770691283784
2024-09-24,MEX,24.33286051630273
2024-09-25,MEX,24.577353277856844
2024-09-26,MEX,24.36367334758029
2024-09-27,MEX,24.08058829015306
2024-09-28,MEX,23.979596710067483
2024-09-29,MEX,23.97393138892022
2024-09-30,MEX,23.7113031728951
2024-10-01,MEX,23.785179073989923
2024-10-02,MEX,23.602053795380584
2024-10-03,MEX,23.28814166878709
2024-10-04,MEX,23.493898999456633
2024-10-05,MEX,23.62566783476035
2024-10-06,MEX,24.043767599277203
2024-10-07,MEX,23.872562326110085
2024-10-08,MEX,23.16526498375117
2024-10-09,MEX,23.13370893617821
2024-10-10,MEX,23.068410474136556
2024-10-11,MEX,23.03450297260042
2024-10-12,MEX,22.631657148519594
2024-10-13,MEX,22.584841709054103
2024-10-14,MEX,22.59625932974774
2024-10-15,MEX,22.592368005228252
2024-10-16,MEX,22.524532303218052
2024-10-17,MEX,21.30878208385485
2024-10-18,MEX,21.180123712472266
2024-10-19,MEX,21.419639866029968
2024-10-20,MEX,21.427264773154548
2024-10-21,MEX,22.176407888288395
2024-10-22,MEX,22.684416171600276
2024-10-23,MEX,23.04789921269753
2024-10-24,MEX,22.849576167136206
2024-10-25,MEX,22.58341330550394
2024-10-26,MEX,22.55989425569561
2024-10-27,MEX,21.94598301654139
2024-10-28,MEX,21.865921521314533
2024-10-29,MEX,22.073436089963707
2024-10-30,MEX,21.566506601575895
2024-10-31,MEX,20.994871129569958
2024-11-01,MEX,20.825734606799188
2024-11-02,MEX,20.99144224751808
2024-11-03,MEX,21.095260532771647
2024-11-04,MEX,20.525510923821514
2024-11-05,MEX,19.489055054397454
2024-11-06,MEX,19.698206107100305
2024-11-07,MEX,20.570618887631838
2024-11-08,MEX,19.95980373268503
2024-11-09,MEX,19.2434650489422
2024-11-10,MEX,20.058716196281523
2024-11-11,MEX,20.5660828824918
2024-11-12,MEX,20.67170519712016
2024-11-13,MEX,20.186633968792307
2024-11-14,MEX,19.611619438540686
2024-11-15,MEX,19.49941842649298
2024-11-16,MEX,19.75542677772563
2024-11-17,MEX,19.00921922073428
2024-11-18,MEX,18.1208728325812
2024-11-19,MEX,18.169482500755407
2024-11-20,MEX,18.3758050101992
2024-11-21,MEX,17.52631594252722
2024-11-22,MEX,17.800572491976993
2024-11-23,MEX,17.86426517032362
2024-11-24,MEX,18.579125418565525
2024-11-25,MEX,19.156338116539473
2024-11-26,MEX,19.148722944264648
2024-11-27,MEX,19.224470407776266
2024-11-28,MEX,19.095097588001806
2024-11-29,MEX,17.716864329414364
2024-11-30,MEX,17.13764698223389
2024-12-01,MEX,17.636063483989744
2024-12-02,MEX,17.84075863243561
2024-12-03,MEX,17.494370473471463
2024-12-04,MEX,17.335331859518874
2024-12-05,MEX,17.276515521638657
2024-12-06,MEX,16.903071329427632
2024-12-07,MEX,16.42209495708596
2024-12-08,MEX,16.265937563380305
2024-12-09,MEX,17.09326989430491
2024-12-10,MEX,17.262410249300785
2024-12-11,MEX,14.911725647849266
2024-12-12,MEX,14.764650464893805
2024-12-13,MEX,16.88650884005432
2024-12-14,MEX,17.567932860093322
2024-12-15,MEX,17.790050484821734
2024-12-16,MEX,17.733849982519814
2024-12-17,MEX,17.282345148161767
2024-12-18,MEX,17.46548346260471
2024-12-19,MEX,17.48423676639152
2024-12-20,MEX,17.445319808961244
2024-12-21,MEX,16.952807419018086
2024-12-22,MEX,16.662044708670464
2024-12-23,MEX,17.00643297427041
2024-12-24,MEX,16.98206400231004
2024-12-25,MEX,16.506613960789366
2024-12-26,MEX,16.564444885385342
2024-12-27,MEX,16.339013007805704
2024-12-28,MEX,17.1348691158276
2024-12-29,MEX,16.883158435931932
2024-12-30,MEX,17.6237415896058
2024-12-31,MEX,17.745431991173348
