rne_iso_code,year,month,month_start,cases,population
MX-AGU,2002,12,2002-12-01,0,1031690.125
MX-AGU,2003,1,2003-01-01,0,1051478.125
MX-AGU,2003,2,2003-02-01,0,1051478.125
MX-AGU,2003,3,2003-03-01,0,1051478.125
MX-AGU,2003,4,2003-04-01,0,1051478.125
MX-AGU,2003,5,2003-05-01,0,1051478.125
MX-AGU,2003,6,2003-06-01,0,1051478.125
MX-AGU,2003,7,2003-07-01,0,1051478.125
MX-AGU,2003,8,2003-08-01,0,1051478.125
MX-AGU,2003,9,2003-09-01,0,1051478.125
MX-AGU,2003,10,2003-10-01,0,1051478.125
MX-AGU,2003,11,2003-11-01,0,1051478.125
MX-AGU,2003,12,2003-12-01,0,1051478.125
MX-AGU,2004,1,2004-01-01,0,1071266.125
MX-AGU,2004,2,2004-02-01,0,1071266.125
MX-AGU,2004,3,2004-03-01,0,1071266.125
MX-AGU,2004,4,2004-04-01,0,1071266.125
MX-AGU,2004,5,2004-05-01,0,1071266.125
MX-AGU,2004,6,2004-06-01,0,1071266.125
MX-AGU,2004,7,2004-07-01,0,1071266.125
MX-AGU,2004,8,2004-08-01,0,1071266.125
MX-AGU,2004,9,2004-09-01,0,1071266.125
MX-AGU,2004,10,2004-10-01,0,1071266.125
MX-AGU,2004,11,2004-11-01,0,1071266.125
MX-AGU,2004,12,2004-12-01,0,1071266.125
MX-AGU,2005,1,2005-01-01,0,1091054.125
MX-AGU,2005,2,2005-02-01,0,1091054.125
MX-AGU,2005,3,2005-03-01,0,1091054.125
MX-AGU,2005,4,2005-04-01,0,1091054.125
MX-AGU,2005,5,2005-05-01,0,1091054.125
MX-AGU,2005,6,2005-06-01,0,1091054.125
MX-AGU,2005,7,2005-07-01,0,1091054.125
MX-AGU,2005,8,2005-08-01,0,1091054.125
MX-AGU,2005,9,2005-09-01,0,1091054.125
MX-AGU,2005,10,2005-10-01,0,1091054.125
MX-AGU,2005,11,2005-11-01,0,1091054.125
MX-AGU,2005,12,2005-12-01,0,1091054.125
MX-AGU,2006,1,2006-01-01,0,1111014.775
MX-AGU,2006,2,2006-02-01,0,1111014.775
MX-AGU,2006,3,2006-03-01,0,1111014.775
MX-AGU,2006,4,2006-04-01,0,1111014.775
MX-AGU,2006,5,2006-05-01,0,1111014.775
MX-AGU,2006,6,2006-06-01,0,1111014.775
MX-AGU,2006,7,2006-07-01,0,1111014.775
MX-AGU,2006,8,2006-08-01,0,1111014.775
MX-AGU,2006,9,2006-09-01,0,1111014.775
MX-AGU,2006,10,2006-10-01,0,1111014.775
MX-AGU,2006,11,2006-11-01,0,1111014.775
MX-AGU,2006,12,2006-12-01,0,1111014.775
MX-AGU,2007,1,2007-01-01,0,1130975.425
MX-AGU,2007,2,2007-02-01,0,1130975.425
MX-AGU,2007,3,2007-03-01,0,1130975.425
MX-AGU,2007,4,2007-04-01,0,1130975.425
MX-AGU,2007,5,2007-05-01,0,1130975.425
MX-AGU,2007,6,2007-06-01,0,1130975.425
MX-AGU,2007,7,2007-07-01,0,1130975.425
MX-AGU,2007,8,2007-08-01,0,1130975.425
MX-AGU,2007,9,2007-09-01,0,1130975.425
MX-AGU,2007,10,2007-10-01,0,1130975.425
MX-AGU,2007,11,2007-11-01,0,1130975.425
MX-AGU,2007,12,2007-12-01,0,1130975.425
MX-AGU,2013,1,2013-01-01,0,1247867.65
MX-AGU,2013,2,2013-02-01,0,1247867.65
MX-AGU,2013,3,2013-03-01,0,1247867.65
MX-AGU,2013,4,2013-04-01,0,1247867.65
MX-AGU,2013,5,2013-05-01,0,1247867.65
MX-AGU,2013,6,2013-06-01,0,1247867.65
MX-AGU,2013,7,2013-07-01,1,1247867.65
MX-AGU,2013,8,2013-08-01,4,1247867.65
MX-AGU,2013,9,2013-09-01,0,1247867.65
MX-AGU,2013,10,2013-10-01,0,1247867.65
MX-AGU,2013,11,2013-11-01,0,1247867.65
MX-AGU,2013,12,2013-12-01,0,1247867.65
MX-AGU,2017,1,2017-01-01,2,1307558.2
MX-AGU,2017,4,2017-04-01,1,1307558.2
MX-AGU,2017,5,2017-05-01,3,1307558.2
MX-AGU,2017,6,2017-06-01,1,1307558.2
MX-AGU,2017,8,2017-08-01,4,1307558.2
MX-AGU,2017,9,2017-09-01,3,1307558.2
MX-AGU,2017,10,2017-10-01,1,1307558.2
MX-AGU,2017,11,2017-11-01,3,1307558.2
MX-AGU,2018,3,2018-03-01,1,1318400.05
MX-AGU,2019,3,2019-03-01,2,1329241.9
MX-AGU,2019,5,2019-05-01,1,1329241.9
MX-AGU,2019,7,2019-07-01,1,1329241.9
MX-AGU,2019,8,2019-08-01,1,1329241.9
MX-AGU,2019,9,2019-09-01,6,1329241.9
MX-AGU,2019,10,2019-10-01,24,1329241.9
MX-AGU,2019,11,2019-11-01,12,1329241.9
MX-AGU,2019,12,2019-12-01,1,1329241.9
MX-AGU,2020,2,2020-02-01,1,1340083.75
MX-AGU,2020,5,2020-05-01,4,1340083.75
MX-AGU,2020,7,2020-07-01,2,1340083.75
MX-AGU,2020,8,2020-08-01,1,1340083.75
MX-AGU,2020,9,2020-09-01,1,1340083.75
MX-AGU,2020,11,2020-11-01,1,1340083.75
MX-AGU,2021,4,2021-04-01,1,1353829.875
MX-AGU,2021,5,2021-05-01,1,1353829.875
MX-AGU,2021,6,2021-06-01,1,1353829.875
MX-AGU,2021,7,2021-07-01,1,1353829.875
MX-AGU,2021,8,2021-08-01,0,1353829.875
MX-AGU,2021,9,2021-09-01,2,1353829.875
MX-AGU,2021,10,2021-10-01,0,1353829.875
MX-AGU,2022,4,2022-04-01,1,1367576
MX-AGU,2022,5,2022-05-01,1,1367576
MX-AGU,2022,6,2022-06-01,2,1367576
MX-BCN,2002,12,2002-12-01,0,2511442.85
MX-BCN,2003,1,2003-01-01,0,2557325.65
MX-BCN,2003,2,2003-02-01,0,2557325.65
MX-BCN,2003,3,2003-03-01,0,2557325.65
MX-BCN,2003,4,2003-04-01,0,2557325.65
MX-BCN,2003,5,2003-05-01,0,2557325.65
MX-BCN,2003,6,2003-06-01,0,2557325.65
MX-BCN,2003,7,2003-07-01,0,2557325.65
MX-BCN,2003,8,2003-08-01,0,2557325.65
MX-BCN,2003,9,2003-09-01,0,2557325.65
MX-BCN,2003,10,2003-10-01,0,2557325.65
MX-BCN,2003,11,2003-11-01,0,2557325.65
MX-BCN,2003,12,2003-12-01,0,2557325.65
MX-BCN,2004,1,2004-01-01,0,2603208.45
MX-BCN,2004,2,2004-02-01,0,2603208.45
MX-BCN,2004,3,2004-03-01,0,2603208.45
MX-BCN,2004,4,2004-04-01,0,2603208.45
MX-BCN,2004,5,2004-05-01,0,2603208.45
MX-BCN,2004,6,2004-06-01,0,2603208.45
MX-BCN,2004,7,2004-07-01,0,2603208.45
MX-BCN,2004,8,2004-08-01,0,2603208.45
MX-BCN,2004,9,2004-09-01,0,2603208.45
MX-BCN,2004,10,2004-10-01,0,2603208.45
MX-BCN,2004,11,2004-11-01,0,2603208.45
MX-BCN,2004,12,2004-12-01,0,2603208.45
MX-BCN,2005,1,2005-01-01,0,2649091.25
MX-BCN,2005,2,2005-02-01,0,2649091.25
MX-BCN,2005,3,2005-03-01,0,2649091.25
MX-BCN,2005,4,2005-04-01,0,2649091.25
MX-BCN,2005,5,2005-05-01,0,2649091.25
MX-BCN,2005,6,2005-06-01,0,2649091.25
MX-BCN,2005,7,2005-07-01,0,2649091.25
MX-BCN,2005,8,2005-08-01,0,2649091.25
MX-BCN,2005,9,2005-09-01,0,2649091.25
MX-BCN,2005,10,2005-10-01,0,2649091.25
MX-BCN,2005,11,2005-11-01,0,2649091.25
MX-BCN,2005,12,2005-12-01,0,2649091.25
MX-BCN,2006,1,2006-01-01,0,2695746.05
MX-BCN,2006,2,2006-02-01,0,2695746.05
MX-BCN,2006,3,2006-03-01,0,2695746.05
MX-BCN,2006,4,2006-04-01,0,2695746.05
MX-BCN,2006,5,2006-05-01,0,2695746.05
MX-BCN,2006,6,2006-06-01,0,2695746.05
MX-BCN,2006,7,2006-07-01,0,2695746.05
MX-BCN,2006,8,2006-08-01,0,2695746.05
MX-BCN,2006,9,2006-09-01,0,2695746.05
MX-BCN,2006,10,2006-10-01,0,2695746.05
MX-BCN,2006,11,2006-11-01,0,2695746.05
MX-BCN,2006,12,2006-12-01,0,2695746.05
MX-BCN,2007,1,2007-01-01,0,2742400.85
MX-BCN,2007,2,2007-02-01,0,2742400.85
MX-BCN,2007,3,2007-03-01,0,2742400.85
MX-BCN,2007,4,2007-04-01,0,2742400.85
MX-BCN,2007,5,2007-05-01,0,2742400.85
MX-BCN,2007,6,2007-06-01,0,2742400.85
MX-BCN,2007,7,2007-07-01,0,2742400.85
MX-BCN,2007,8,2007-08-01,0,2742400.85
MX-BCN,2007,9,2007-09-01,0,2742400.85
MX-BCN,2007,10,2007-10-01,0,2742400.85
MX-BCN,2007,11,2007-11-01,0,2742400.85
MX-BCN,2007,12,2007-12-01,0,2742400.85
MX-BCN,2013,1,2013-01-01,0,2999519.9
MX-BCN,2013,2,2013-02-01,0,2999519.9
MX-BCN,2013,3,2013-03-01,0,2999519.9
MX-BCN,2013,4,2013-04-01,0,2999519.9
MX-BCN,2013,5,2013-05-01,0,2999519.9
MX-BCN,2013,6,2013-06-01,0,2999519.9
MX-BCN,2013,7,2013-07-01,0,2999519.9
MX-BCN,2013,8,2013-08-01,0,2999519.9
MX-BCN,2013,9,2013-09-01,0,2999519.9
MX-BCN,2013,10,2013-10-01,0,2999519.9
MX-BCN,2013,11,2013-11-01,0,2999519.9
MX-BCN,2013,12,2013-12-01,0,2999519.9
MX-BCN,2017,1,2017-01-01,7,3086939.5
MX-BCN,2017,2,2017-02-01,7,3086939.5
MX-BCN,2017,3,2017-03-01,20,3086939.5
MX-BCN,2017,4,2017-04-01,13,3086939.5
MX-BCN,2017,5,2017-05-01,17,3086939.5
MX-BCN,2017,6,2017-06-01,14,3086939.5
MX-BCN,2017,7,2017-07-01,15,3086939.5
MX-BCN,2017,8,2017-08-01,11,3086939.5
MX-BCN,2017,9,2017-09-01,21,3086939.5
MX-BCN,2017,10,2017-10-01,13,3086939.5
MX-BCN,2017,11,2017-11-01,17,3086939.5
MX-BCN,2017,12,2017-12-01,4,3086939.5
MX-BCN,2018,1,2018-01-01,1,3091597.75
MX-BCN,2018,2,2018-02-01,2,3091597.75
MX-BCN,2018,3,2018-03-01,3,3091597.75
MX-BCN,2018,4,2018-04-01,5,3091597.75
MX-BCN,2018,5,2018-05-01,8,3091597.75
MX-BCN,2018,6,2018-06-01,11,3091597.75
MX-BCN,2018,7,2018-07-01,7,3091597.75
MX-BCN,2018,8,2018-08-01,7,3091597.75
MX-BCN,2018,9,2018-09-01,5,3091597.75
MX-BCN,2018,10,2018-10-01,9,3091597.75
MX-BCN,2018,11,2018-11-01,4,3091597.75
MX-BCN,2018,12,2018-12-01,1,3091597.75
MX-BCN,2019,1,2019-01-01,2,3096256
MX-BCN,2019,2,2019-02-01,0,3096256
MX-BCN,2019,3,2019-03-01,0,3096256
MX-BCN,2019,4,2019-04-01,1,3096256
MX-BCN,2019,5,2019-05-01,6,3096256
MX-BCN,2019,6,2019-06-01,2,3096256
MX-BCN,2019,7,2019-07-01,4,3096256
MX-BCN,2019,8,2019-08-01,6,3096256
MX-BCN,2019,9,2019-09-01,6,3096256
MX-BCN,2019,10,2019-10-01,18,3096256
MX-BCN,2019,11,2019-11-01,9,3096256
MX-BCN,2019,12,2019-12-01,4,3096256
MX-BCN,2020,1,2020-01-01,1,3096256
MX-BCN,2020,2,2020-02-01,1,3100914.25
MX-BCN,2020,3,2020-03-01,2,3100914.25
MX-BCN,2020,4,2020-04-01,1,3100914.25
MX-BCN,2020,5,2020-05-01,1,3100914.25
MX-BCN,2020,6,2020-06-01,3,3100914.25
MX-BCN,2020,7,2020-07-01,3,3100914.25
MX-BCN,2020,8,2020-08-01,1,3100914.25
MX-BCN,2020,10,2020-10-01,3,3100914.25
MX-BCN,2020,11,2020-11-01,2,3100914.25
MX-BCN,2021,3,2021-03-01,1,3122132.5
MX-BCN,2021,4,2021-04-01,1,3122132.5
MX-BCN,2021,5,2021-05-01,1,3122132.5
MX-BCN,2021,6,2021-06-01,1,3122132.5
MX-BCN,2021,7,2021-07-01,2,3122132.5
MX-BCN,2021,8,2021-08-01,3,3122132.5
MX-BCN,2021,10,2021-10-01,2,3122132.5
MX-BCN,2021,11,2021-11-01,2,3122132.5
MX-BCN,2022,1,2022-01-01,1,3143350.75
MX-BCN,2022,4,2022-04-01,3,3143350.75
MX-BCN,2022,5,2022-05-01,2,3143350.75
MX-BCN,2022,6,2022-06-01,3,3143350.75
MX-BCN,2022,7,2022-07-01,0,3143350.75
MX-BCS,2002,12,2002-12-01,0,427031.2125
MX-BCS,2003,1,2003-01-01,0,446084.69375
MX-BCS,2003,2,2003-02-01,0,446084.69375
MX-BCS,2003,3,2003-03-01,0,446084.69375
MX-BCS,2003,4,2003-04-01,0,446084.69375
MX-BCS,2003,5,2003-05-01,0,446084.69375
MX-BCS,2003,6,2003-06-01,0,446084.69375
MX-BCS,2003,7,2003-07-01,10,446084.69375
MX-BCS,2003,8,2003-08-01,132,446084.69375
MX-BCS,2003,9,2003-09-01,168,446084.69375
MX-BCS,2003,10,2003-10-01,180,446084.69375
MX-BCS,2003,11,2003-11-01,258,446084.69375
MX-BCS,2003,12,2003-12-01,28,446084.69375
MX-BCS,2004,1,2004-01-01,0,465138.175
MX-BCS,2004,2,2004-02-01,0,465138.175
MX-BCS,2004,3,2004-03-01,0,465138.175
MX-BCS,2004,4,2004-04-01,0,465138.175
MX-BCS,2004,5,2004-05-01,0,465138.175
MX-BCS,2004,6,2004-06-01,0,465138.175
MX-BCS,2004,7,2004-07-01,1,465138.175
MX-BCS,2004,8,2004-08-01,1,465138.175
MX-BCS,2004,9,2004-09-01,0,465138.175
MX-BCS,2004,10,2004-10-01,0,465138.175
MX-BCS,2004,11,2004-11-01,0,465138.175
MX-BCS,2004,12,2004-12-01,0,465138.175
MX-BCS,2005,1,2005-01-01,0,484191.65625
MX-BCS,2005,2,2005-02-01,0,484191.65625
MX-BCS,2005,3,2005-03-01,0,484191.65625
MX-BCS,2005,4,2005-04-01,0,484191.65625
MX-BCS,2005,5,2005-05-01,2,484191.65625
MX-BCS,2005,6,2005-06-01,0,484191.65625
MX-BCS,2005,7,2005-07-01,0,484191.65625
MX-BCS,2005,8,2005-08-01,0,484191.65625
MX-BCS,2005,9,2005-09-01,3,484191.65625
MX-BCS,2005,10,2005-10-01,1,484191.65625
MX-BCS,2005,11,2005-11-01,1,484191.65625
MX-BCS,2005,12,2005-12-01,0,484191.65625
MX-BCS,2006,1,2006-01-01,0,505730.225
MX-BCS,2006,2,2006-02-01,0,505730.225
MX-BCS,2006,3,2006-03-01,0,505730.225
MX-BCS,2006,4,2006-04-01,0,505730.225
MX-BCS,2006,5,2006-05-01,0,505730.225
MX-BCS,2006,6,2006-06-01,1,505730.225
MX-BCS,2006,7,2006-07-01,2,505730.225
MX-BCS,2006,8,2006-08-01,0,505730.225
MX-BCS,2006,9,2006-09-01,15,505730.225
MX-BCS,2006,10,2006-10-01,52,505730.225
MX-BCS,2006,11,2006-11-01,30,505730.225
MX-BCS,2006,12,2006-12-01,12,505730.225
MX-BCS,2007,1,2007-01-01,0,527268.79375
MX-BCS,2007,2,2007-02-01,1,527268.79375
MX-BCS,2007,3,2007-03-01,1,527268.79375
MX-BCS,2007,4,2007-04-01,1,527268.79375
MX-BCS,2007,5,2007-05-01,1,527268.79375
MX-BCS,2007,6,2007-06-01,1,527268.79375
MX-BCS,2007,7,2007-07-01,3,527268.79375
MX-BCS,2007,8,2007-08-01,2,527268.79375
MX-BCS,2007,9,2007-09-01,3,527268.79375
MX-BCS,2007,10,2007-10-01,15,527268.79375
MX-BCS,2007,11,2007-11-01,6,527268.79375
MX-BCS,2007,12,2007-12-01,3,527268.79375
MX-BCS,2013,1,2013-01-01,17,673203.3625
MX-BCS,2013,2,2013-02-01,11,673203.3625
MX-BCS,2013,3,2013-03-01,12,673203.3625
MX-BCS,2013,4,2013-04-01,7,673203.3625
MX-BCS,2013,5,2013-05-01,2,673203.3625
MX-BCS,2013,6,2013-06-01,2,673203.3625
MX-BCS,2013,7,2013-07-01,8,673203.3625
MX-BCS,2013,8,2013-08-01,28,673203.3625
MX-BCS,2013,9,2013-09-01,182,673203.3625
MX-BCS,2013,10,2013-10-01,857,673203.3625
MX-BCS,2013,11,2013-11-01,1139,673203.3625
MX-BCS,2013,12,2013-12-01,1148,673203.3625
MX-BCS,2017,1,2017-01-01,26,812406.0125
MX-BCS,2017,2,2017-02-01,17,812406.0125
MX-BCS,2017,3,2017-03-01,25,812406.0125
MX-BCS,2017,4,2017-04-01,27,812406.0125
MX-BCS,2017,5,2017-05-01,23,812406.0125
MX-BCS,2017,6,2017-06-01,23,812406.0125
MX-BCS,2017,7,2017-07-01,32,812406.0125
MX-BCS,2017,8,2017-08-01,36,812406.0125
MX-BCS,2017,9,2017-09-01,108,812406.0125
MX-BCS,2017,10,2017-10-01,114,812406.0125
MX-BCS,2017,11,2017-11-01,130,812406.0125
MX-BCS,2017,12,2017-12-01,45,812406.0125
MX-BCS,2018,1,2018-01-01,48,854901.05
MX-BCS,2018,2,2018-02-01,27,854901.05
MX-BCS,2018,3,2018-03-01,24,854901.05
MX-BCS,2018,4,2018-04-01,25,854901.05
MX-BCS,2018,5,2018-05-01,23,854901.05
MX-BCS,2018,6,2018-06-01,27,854901.05
MX-BCS,2018,7,2018-07-01,54,854901.05
MX-BCS,2018,8,2018-08-01,149,854901.05
MX-BCS,2018,9,2018-09-01,406,854901.05
MX-BCS,2018,10,2018-10-01,495,854901.05
MX-BCS,2018,11,2018-11-01,408,854901.05
MX-BCS,2018,12,2018-12-01,185,854901.05
MX-BCS,2019,1,2019-01-01,44,897396.0875
MX-BCS,2019,2,2019-02-01,19,897396.0875
MX-BCS,2019,3,2019-03-01,19,897396.0875
MX-BCS,2019,4,2019-04-01,8,897396.0875
MX-BCS,2019,5,2019-05-01,26,897396.0875
MX-BCS,2019,6,2019-06-01,23,897396.0875
MX-BCS,2019,7,2019-07-01,15,897396.0875
MX-BCS,2019,8,2019-08-01,19,897396.0875
MX-BCS,2019,9,2019-09-01,80,897396.0875
MX-BCS,2019,10,2019-10-01,150,897396.0875
MX-BCS,2019,11,2019-11-01,88,897396.0875
MX-BCS,2019,12,2019-12-01,29,897396.0875
MX-BCS,2020,1,2020-01-01,12,939891.125
MX-BCS,2020,2,2020-02-01,13,939891.125
MX-BCS,2020,3,2020-03-01,8,939891.125
MX-BCS,2020,5,2020-05-01,4,939891.125
MX-BCS,2020,6,2020-06-01,5,939891.125
MX-BCS,2020,7,2020-07-01,14,939891.125
MX-BCS,2020,8,2020-08-01,16,939891.125
MX-BCS,2020,9,2020-09-01,33,939891.125
MX-BCS,2020,10,2020-10-01,29,939891.125
MX-BCS,2020,11,2020-11-01,40,939891.125
MX-BCS,2020,12,2020-12-01,19,939891.125
MX-BCS,2021,1,2021-01-01,3,970234.45
MX-BCS,2021,2,2021-02-01,3,970234.45
MX-BCS,2021,3,2021-03-01,2,970234.45
MX-BCS,2021,4,2021-04-01,7,970234.45
MX-BCS,2021,5,2021-05-01,11,970234.45
MX-BCS,2021,6,2021-06-01,6,970234.45
MX-BCS,2021,7,2021-07-01,7,970234.45
MX-BCS,2021,8,2021-08-01,20,970234.45
MX-BCS,2021,9,2021-09-01,26,970234.45
MX-BCS,2021,10,2021-10-01,23,970234.45
MX-BCS,2021,11,2021-11-01,13,970234.45
MX-BCS,2021,12,2021-12-01,3,970234.45
MX-BCS,2022,1,2022-01-01,4,1000577.775
MX-BCS,2022,2,2022-02-01,17,1000577.775
MX-BCS,2022,3,2022-03-01,12,1000577.775
MX-BCS,2022,4,2022-04-01,13,1000577.775
MX-BCS,2022,5,2022-05-01,17,1000577.775
MX-BCS,2022,6,2022-06-01,29,1000577.775
MX-BCS,2022,7,2022-07-01,19,1000577.775
MX-BCS,2022,8,2022-08-01,10,1000577.775
MX-CAM,2002,12,2002-12-01,0,598308.4875
MX-CAM,2003,1,2003-01-01,2,608744.7625
MX-CAM,2003,2,2003-02-01,1,608744.7625
MX-CAM,2003,3,2003-03-01,1,608744.7625
MX-CAM,2003,4,2003-04-01,0,608744.7625
MX-CAM,2003,5,2003-05-01,0,608744.7625
MX-CAM,2003,6,2003-06-01,1,608744.7625
MX-CAM,2003,7,2003-07-01,1,608744.7625
MX-CAM,2003,8,2003-08-01,0,608744.7625
MX-CAM,2003,9,2003-09-01,1,608744.7625
MX-CAM,2003,10,2003-10-01,1,608744.7625
MX-CAM,2003,11,2003-11-01,0,608744.7625
MX-CAM,2003,12,2003-12-01,0,608744.7625
MX-CAM,2004,1,2004-01-01,1,619181.0375
MX-CAM,2004,2,2004-02-01,0,619181.0375
MX-CAM,2004,3,2004-03-01,0,619181.0375
MX-CAM,2004,4,2004-04-01,0,619181.0375
MX-CAM,2004,5,2004-05-01,0,619181.0375
MX-CAM,2004,6,2004-06-01,0,619181.0375
MX-CAM,2004,7,2004-07-01,0,619181.0375
MX-CAM,2004,8,2004-08-01,0,619181.0375
MX-CAM,2004,9,2004-09-01,0,619181.0375
MX-CAM,2004,10,2004-10-01,4,619181.0375
MX-CAM,2004,11,2004-11-01,3,619181.0375
MX-CAM,2004,12,2004-12-01,22,619181.0375
MX-CAM,2005,1,2005-01-01,3,629617.3125
MX-CAM,2005,2,2005-02-01,5,629617.3125
MX-CAM,2005,3,2005-03-01,7,629617.3125
MX-CAM,2005,4,2005-04-01,1,629617.3125
MX-CAM,2005,5,2005-05-01,2,629617.3125
MX-CAM,2005,6,2005-06-01,6,629617.3125
MX-CAM,2005,7,2005-07-01,18,629617.3125
MX-CAM,2005,8,2005-08-01,13,629617.3125
MX-CAM,2005,9,2005-09-01,21,629617.3125
MX-CAM,2005,10,2005-10-01,23,629617.3125
MX-CAM,2005,11,2005-11-01,14,629617.3125
MX-CAM,2005,12,2005-12-01,0,629617.3125
MX-CAM,2006,1,2006-01-01,0,637946.1125
MX-CAM,2006,2,2006-02-01,1,637946.1125
MX-CAM,2006,3,2006-03-01,1,637946.1125
MX-CAM,2006,4,2006-04-01,1,637946.1125
MX-CAM,2006,5,2006-05-01,5,637946.1125
MX-CAM,2006,6,2006-06-01,3,637946.1125
MX-CAM,2006,7,2006-07-01,3,637946.1125
MX-CAM,2006,8,2006-08-01,12,637946.1125
MX-CAM,2006,9,2006-09-01,14,637946.1125
MX-CAM,2006,10,2006-10-01,31,637946.1125
MX-CAM,2006,11,2006-11-01,13,637946.1125
MX-CAM,2006,12,2006-12-01,6,637946.1125
MX-CAM,2007,1,2007-01-01,4,646274.9125
MX-CAM,2007,2,2007-02-01,4,646274.9125
MX-CAM,2007,3,2007-03-01,16,646274.9125
MX-CAM,2007,4,2007-04-01,13,646274.9125
MX-CAM,2007,5,2007-05-01,17,646274.9125
MX-CAM,2007,6,2007-06-01,15,646274.9125
MX-CAM,2007,7,2007-07-01,11,646274.9125
MX-CAM,2007,8,2007-08-01,11,646274.9125
MX-CAM,2007,9,2007-09-01,44,646274.9125
MX-CAM,2007,10,2007-10-01,51,646274.9125
MX-CAM,2007,11,2007-11-01,28,646274.9125
MX-CAM,2007,12,2007-12-01,10,646274.9125
MX-CAM,2013,1,2013-01-01,6,698815.6
MX-CAM,2013,2,2013-02-01,15,698815.6
MX-CAM,2013,3,2013-03-01,14,698815.6
MX-CAM,2013,4,2013-04-01,24,698815.6
MX-CAM,2013,5,2013-05-01,26,698815.6
MX-CAM,2013,6,2013-06-01,53,698815.6
MX-CAM,2013,7,2013-07-01,74,698815.6
MX-CAM,2013,8,2013-08-01,139,698815.6
MX-CAM,2013,9,2013-09-01,101,698815.6
MX-CAM,2013,10,2013-10-01,145,698815.6
MX-CAM,2013,11,2013-11-01,128,698815.6
MX-CAM,2013,12,2013-12-01,43,698815.6
MX-CAM,2017,1,2017-01-01,36,744017.175
MX-CAM,2017,2,2017-02-01,41,744017.175
MX-CAM,2017,3,2017-03-01,28,744017.175
MX-CAM,2017,4,2017-04-01,10,744017.175
MX-CAM,2017,5,2017-05-01,29,744017.175
MX-CAM,2017,6,2017-06-01,80,744017.175
MX-CAM,2017,7,2017-07-01,114,744017.175
MX-CAM,2017,8,2017-08-01,67,744017.175
MX-CAM,2017,9,2017-09-01,49,744017.175
MX-CAM,2017,10,2017-10-01,18,744017.175
MX-CAM,2017,11,2017-11-01,21,744017.175
MX-CAM,2017,12,2017-12-01,10,744017.175
MX-CAM,2018,1,2018-01-01,10,757433.2
MX-CAM,2018,2,2018-02-01,16,757433.2
MX-CAM,2018,3,2018-03-01,23,757433.2
MX-CAM,2018,4,2018-04-01,28,757433.2
MX-CAM,2018,5,2018-05-01,37,757433.2
MX-CAM,2018,6,2018-06-01,44,757433.2
MX-CAM,2018,7,2018-07-01,64,757433.2
MX-CAM,2018,8,2018-08-01,21,757433.2
MX-CAM,2018,9,2018-09-01,41,757433.2
MX-CAM,2018,10,2018-10-01,36,757433.2
MX-CAM,2018,11,2018-11-01,15,757433.2
MX-CAM,2018,12,2018-12-01,6,757433.2
MX-CAM,2019,1,2019-01-01,16,770849.225
MX-CAM,2019,2,2019-02-01,23,770849.225
MX-CAM,2019,3,2019-03-01,21,770849.225
MX-CAM,2019,4,2019-04-01,20,770849.225
MX-CAM,2019,5,2019-05-01,80,770849.225
MX-CAM,2019,6,2019-06-01,63,770849.225
MX-CAM,2019,7,2019-07-01,87,770849.225
MX-CAM,2019,8,2019-08-01,157,770849.225
MX-CAM,2019,9,2019-09-01,276,770849.225
MX-CAM,2019,10,2019-10-01,450,770849.225
MX-CAM,2019,11,2019-11-01,378,770849.225
MX-CAM,2019,12,2019-12-01,214,770849.225
MX-CAM,2020,1,2020-01-01,165,784265.25
MX-CAM,2020,2,2020-02-01,176,784265.25
MX-CAM,2020,3,2020-03-01,102,784265.25
MX-CAM,2020,4,2020-04-01,32,784265.25
MX-CAM,2020,5,2020-05-01,19,784265.25
MX-CAM,2020,6,2020-06-01,83,784265.25
MX-CAM,2020,7,2020-07-01,65,784265.25
MX-CAM,2020,8,2020-08-01,32,784265.25
MX-CAM,2020,9,2020-09-01,23,784265.25
MX-CAM,2020,10,2020-10-01,19,784265.25
MX-CAM,2020,11,2020-11-01,15,784265.25
MX-CAM,2020,12,2020-12-01,7,784265.25
MX-CAM,2021,1,2021-01-01,7,789689.8125
MX-CAM,2021,2,2021-02-01,16,789689.8125
MX-CAM,2021,3,2021-03-01,10,789689.8125
MX-CAM,2021,4,2021-04-01,8,789689.8125
MX-CAM,2021,5,2021-05-01,20,789689.8125
MX-CAM,2021,6,2021-06-01,31,789689.8125
MX-CAM,2021,7,2021-07-01,17,789689.8125
MX-CAM,2021,8,2021-08-01,12,789689.8125
MX-CAM,2021,9,2021-09-01,15,789689.8125
MX-CAM,2021,10,2021-10-01,20,789689.8125
MX-CAM,2021,11,2021-11-01,32,789689.8125
MX-CAM,2021,12,2021-12-01,4,789689.8125
MX-CAM,2022,1,2022-01-01,8,795114.375
MX-CAM,2022,2,2022-02-01,16,795114.375
MX-CAM,2022,3,2022-03-01,15,795114.375
MX-CAM,2022,4,2022-04-01,14,795114.375
MX-CAM,2022,5,2022-05-01,14,795114.375
MX-CAM,2022,6,2022-06-01,33,795114.375
MX-CAM,2022,7,2022-07-01,79,795114.375
MX-CAM,2022,8,2022-08-01,18,795114.375
MX-CHH,2002,12,2002-12-01,0,3201202.85
MX-CHH,2003,1,2003-01-01,0,3226861.4
MX-CHH,2003,2,2003-02-01,0,3226861.4
MX-CHH,2003,3,2003-03-01,0,3226861.4
MX-CHH,2003,4,2003-04-01,0,3226861.4
MX-CHH,2003,5,2003-05-01,0,3226861.4
MX-CHH,2003,6,2003-06-01,0,3226861.4
MX-CHH,2003,7,2003-07-01,0,3226861.4
MX-CHH,2003,8,2003-08-01,0,3226861.4
MX-CHH,2003,9,2003-09-01,0,3226861.4
MX-CHH,2003,10,2003-10-01,0,3226861.4
MX-CHH,2003,11,2003-11-01,0,3226861.4
MX-CHH,2003,12,2003-12-01,0,3226861.4
MX-CHH,2004,1,2004-01-01,0,3252519.95
MX-CHH,2004,2,2004-02-01,0,3252519.95
MX-CHH,2004,3,2004-03-01,0,3252519.95
MX-CHH,2004,4,2004-04-01,0,3252519.95
MX-CHH,2004,5,2004-05-01,0,3252519.95
MX-CHH,2004,6,2004-06-01,0,3252519.95
MX-CHH,2004,7,2004-07-01,0,3252519.95
MX-CHH,2004,8,2004-08-01,103,3252519.95
MX-CHH,2004,9,2004-09-01,0,3252519.95
MX-CHH,2004,10,2004-10-01,0,3252519.95
MX-CHH,2004,11,2004-11-01,0,3252519.95
MX-CHH,2004,12,2004-12-01,0,3252519.95
MX-CHH,2005,1,2005-01-01,0,3278178.5
MX-CHH,2005,2,2005-02-01,0,3278178.5
MX-CHH,2005,3,2005-03-01,0,3278178.5
MX-CHH,2005,4,2005-04-01,0,3278178.5
MX-CHH,2005,5,2005-05-01,0,3278178.5
MX-CHH,2005,6,2005-06-01,0,3278178.5
MX-CHH,2005,7,2005-07-01,0,3278178.5
MX-CHH,2005,8,2005-08-01,0,3278178.5
MX-CHH,2005,9,2005-09-01,0,3278178.5
MX-CHH,2005,10,2005-10-01,0,3278178.5
MX-CHH,2005,11,2005-11-01,0,3278178.5
MX-CHH,2005,12,2005-12-01,0,3278178.5
MX-CHH,2006,1,2006-01-01,0,3299511
MX-CHH,2006,2,2006-02-01,0,3299511
MX-CHH,2006,3,2006-03-01,0,3299511
MX-CHH,2006,4,2006-04-01,0,3299511
MX-CHH,2006,5,2006-05-01,0,3299511
MX-CHH,2006,6,2006-06-01,0,3299511
MX-CHH,2006,7,2006-07-01,0,3299511
MX-CHH,2006,8,2006-08-01,0,3299511
MX-CHH,2006,9,2006-09-01,0,3299511
MX-CHH,2006,10,2006-10-01,0,3299511
MX-CHH,2006,11,2006-11-01,0,3299511
MX-CHH,2006,12,2006-12-01,0,3299511
MX-CHH,2007,1,2007-01-01,0,3320843.5
MX-CHH,2007,2,2007-02-01,0,3320843.5
MX-CHH,2007,3,2007-03-01,0,3320843.5
MX-CHH,2007,4,2007-04-01,0,3320843.5
MX-CHH,2007,5,2007-05-01,0,3320843.5
MX-CHH,2007,6,2007-06-01,0,3320843.5
MX-CHH,2007,7,2007-07-01,0,3320843.5
MX-CHH,2007,8,2007-08-01,0,3320843.5
MX-CHH,2007,9,2007-09-01,0,3320843.5
MX-CHH,2007,10,2007-10-01,1,3320843.5
MX-CHH,2007,11,2007-11-01,0,3320843.5
MX-CHH,2007,12,2007-12-01,0,3320843.5
MX-CHH,2012,12,2012-12-01,0,3441104.8
MX-CHH,2013,1,2013-01-01,0,3469236.7
MX-CHH,2013,2,2013-02-01,1,3469236.7
MX-CHH,2013,3,2013-03-01,0,3469236.7
MX-CHH,2013,4,2013-04-01,0,3469236.7
MX-CHH,2013,5,2013-05-01,0,3469236.7
MX-CHH,2013,6,2013-06-01,0,3469236.7
MX-CHH,2013,7,2013-07-01,0,3469236.7
MX-CHH,2013,8,2013-08-01,0,3469236.7
MX-CHH,2013,9,2013-09-01,0,3469236.7
MX-CHH,2013,10,2013-10-01,0,3469236.7
MX-CHH,2013,11,2013-11-01,0,3469236.7
MX-CHH,2013,12,2013-12-01,0,3469236.7
MX-CHH,2017,3,2017-03-01,2,3555097.1
MX-CHH,2017,4,2017-04-01,0,3555097.1
MX-CHH,2017,5,2017-05-01,2,3555097.1
MX-CHH,2017,6,2017-06-01,1,3555097.1
MX-CHH,2017,7,2017-07-01,3,3555097.1
MX-CHH,2017,8,2017-08-01,6,3555097.1
MX-CHH,2017,9,2017-09-01,11,3555097.1
MX-CHH,2017,10,2017-10-01,30,3555097.1
MX-CHH,2017,11,2017-11-01,4,3555097.1
MX-CHH,2018,6,2018-06-01,1,3569895.4
MX-CHH,2018,7,2018-07-01,1,3569895.4
MX-CHH,2018,8,2018-08-01,2,3569895.4
MX-CHH,2018,9,2018-09-01,2,3569895.4
MX-CHH,2018,10,2018-10-01,1,3569895.4
MX-CHH,2018,11,2018-11-01,1,3569895.4
MX-CHH,2019,1,2019-01-01,1,3584693.7
MX-CHH,2019,4,2019-04-01,2,3584693.7
MX-CHH,2019,6,2019-06-01,2,3584693.7
MX-CHH,2019,7,2019-07-01,1,3584693.7
MX-CHH,2019,8,2019-08-01,5,3584693.7
MX-CHH,2019,9,2019-09-01,33,3584693.7
MX-CHH,2019,10,2019-10-01,112,3584693.7
MX-CHH,2019,11,2019-11-01,12,3584693.7
MX-CHH,2019,12,2019-12-01,1,3584693.7
MX-CHH,2020,2,2020-02-01,1,3599492
MX-CHH,2020,3,2020-03-01,1,3599492
MX-CHH,2020,5,2020-05-01,1,3599492
MX-CHH,2020,6,2020-06-01,1,3599492
MX-CHH,2020,9,2020-09-01,4,3599492
MX-CHH,2020,10,2020-10-01,2,3599492
MX-CHH,2021,7,2021-07-01,1,3604897.45
MX-CHH,2021,9,2021-09-01,3,3604897.45
MX-CHH,2021,10,2021-10-01,0,3604897.45
MX-CHH,2022,3,2022-03-01,1,3610302.9
MX-CHH,2022,4,2022-04-01,1,3610302.9
MX-CHH,2022,6,2022-06-01,1,3610302.9
MX-CHP,2002,12,2002-12-01,0,4102761.8
MX-CHP,2003,1,2003-01-01,0,4199418.2
MX-CHP,2003,2,2003-02-01,1,4199418.2
MX-CHP,2003,3,2003-03-01,2,4199418.2
MX-CHP,2003,4,2003-04-01,1,4199418.2
MX-CHP,2003,5,2003-05-01,4,4199418.2
MX-CHP,2003,6,2003-06-01,2,4199418.2
MX-CHP,2003,7,2003-07-01,9,4199418.2
MX-CHP,2003,8,2003-08-01,5,4199418.2
MX-CHP,2003,9,2003-09-01,2,4199418.2
MX-CHP,2003,10,2003-10-01,5,4199418.2
MX-CHP,2003,11,2003-11-01,20,4199418.2
MX-CHP,2003,12,2003-12-01,6,4199418.2
MX-CHP,2004,1,2004-01-01,0,4296074.6
MX-CHP,2004,2,2004-02-01,1,4296074.6
MX-CHP,2004,3,2004-03-01,5,4296074.6
MX-CHP,2004,4,2004-04-01,4,4296074.6
MX-CHP,2004,5,2004-05-01,8,4296074.6
MX-CHP,2004,6,2004-06-01,12,4296074.6
MX-CHP,2004,7,2004-07-01,22,4296074.6
MX-CHP,2004,8,2004-08-01,35,4296074.6
MX-CHP,2004,9,2004-09-01,44,4296074.6
MX-CHP,2004,10,2004-10-01,72,4296074.6
MX-CHP,2004,11,2004-11-01,169,4296074.6
MX-CHP,2004,12,2004-12-01,103,4296074.6
MX-CHP,2005,1,2005-01-01,17,4392731
MX-CHP,2005,2,2005-02-01,18,4392731
MX-CHP,2005,3,2005-03-01,16,4392731
MX-CHP,2005,4,2005-04-01,12,4392731
MX-CHP,2005,5,2005-05-01,30,4392731
MX-CHP,2005,6,2005-06-01,74,4392731
MX-CHP,2005,7,2005-07-01,213,4392731
MX-CHP,2005,8,2005-08-01,446,4392731
MX-CHP,2005,9,2005-09-01,555,4392731
MX-CHP,2005,10,2005-10-01,426,4392731
MX-CHP,2005,11,2005-11-01,230,4392731
MX-CHP,2005,12,2005-12-01,52,4392731
MX-CHP,2006,1,2006-01-01,1,4477633.8
MX-CHP,2006,2,2006-02-01,4,4477633.8
MX-CHP,2006,3,2006-03-01,4,4477633.8
MX-CHP,2006,4,2006-04-01,16,4477633.8
MX-CHP,2006,5,2006-05-01,26,4477633.8
MX-CHP,2006,6,2006-06-01,98,4477633.8
MX-CHP,2006,7,2006-07-01,118,4477633.8
MX-CHP,2006,8,2006-08-01,100,4477633.8
MX-CHP,2006,9,2006-09-01,100,4477633.8
MX-CHP,2006,10,2006-10-01,107,4477633.8
MX-CHP,2006,11,2006-11-01,90,4477633.8
MX-CHP,2006,12,2006-12-01,40,4477633.8
MX-CHP,2007,1,2007-01-01,14,4562536.6
MX-CHP,2007,2,2007-02-01,35,4562536.6
MX-CHP,2007,3,2007-03-01,43,4562536.6
MX-CHP,2007,4,2007-04-01,55,4562536.6
MX-CHP,2007,5,2007-05-01,173,4562536.6
MX-CHP,2007,6,2007-06-01,429,4562536.6
MX-CHP,2007,7,2007-07-01,504,4562536.6
MX-CHP,2007,8,2007-08-01,308,4562536.6
MX-CHP,2007,9,2007-09-01,488,4562536.6
MX-CHP,2007,10,2007-10-01,441,4562536.6
MX-CHP,2007,11,2007-11-01,282,4562536.6
MX-CHP,2007,12,2007-12-01,135,4562536.6
MX-CHP,2012,12,2012-12-01,0,5000913.8
MX-CHP,2013,1,2013-01-01,57,5092748.2
MX-CHP,2013,2,2013-02-01,82,5092748.2
MX-CHP,2013,3,2013-03-01,85,5092748.2
MX-CHP,2013,4,2013-04-01,103,5092748.2
MX-CHP,2013,5,2013-05-01,197,5092748.2
MX-CHP,2013,6,2013-06-01,341,5092748.2
MX-CHP,2013,7,2013-07-01,362,5092748.2
MX-CHP,2013,8,2013-08-01,481,5092748.2
MX-CHP,2013,9,2013-09-01,495,5092748.2
MX-CHP,2013,10,2013-10-01,558,5092748.2
MX-CHP,2013,11,2013-11-01,341,5092748.2
MX-CHP,2013,12,2013-12-01,148,5092748.2
MX-CHP,2017,1,2017-01-01,90,5579016.4
MX-CHP,2017,2,2017-02-01,100,5579016.4
MX-CHP,2017,3,2017-03-01,140,5579016.4
MX-CHP,2017,4,2017-04-01,204,5579016.4
MX-CHP,2017,5,2017-05-01,464,5579016.4
MX-CHP,2017,6,2017-06-01,728,5579016.4
MX-CHP,2017,7,2017-07-01,447,5579016.4
MX-CHP,2017,8,2017-08-01,397,5579016.4
MX-CHP,2017,9,2017-09-01,412,5579016.4
MX-CHP,2017,10,2017-10-01,324,5579016.4
MX-CHP,2017,11,2017-11-01,192,5579016.4
MX-CHP,2017,12,2017-12-01,173,5579016.4
MX-CHP,2018,1,2018-01-01,165,5730316.1
MX-CHP,2018,2,2018-02-01,251,5730316.1
MX-CHP,2018,3,2018-03-01,317,5730316.1
MX-CHP,2018,4,2018-04-01,314,5730316.1
MX-CHP,2018,5,2018-05-01,546,5730316.1
MX-CHP,2018,6,2018-06-01,1286,5730316.1
MX-CHP,2018,7,2018-07-01,1182,5730316.1
MX-CHP,2018,8,2018-08-01,1298,5730316.1
MX-CHP,2018,9,2018-09-01,1994,5730316.1
MX-CHP,2018,10,2018-10-01,2077,5730316.1
MX-CHP,2018,11,2018-11-01,744,5730316.1
MX-CHP,2018,12,2018-12-01,315,5730316.1
MX-CHP,2019,1,2019-01-01,318,5881615.8
MX-CHP,2019,2,2019-02-01,300,5881615.8
MX-CHP,2019,3,2019-03-01,442,5881615.8
MX-CHP,2019,4,2019-04-01,467,5881615.8
MX-CHP,2019,5,2019-05-01,1136,5881615.8
MX-CHP,2019,6,2019-06-01,2061,5881615.8
MX-CHP,2019,7,2019-07-01,2299,5881615.8
MX-CHP,2019,8,2019-08-01,2974,5881615.8
MX-CHP,2019,9,2019-09-01,3306,5881615.8
MX-CHP,2019,10,2019-10-01,2602,5881615.8
MX-CHP,2019,11,2019-11-01,1423,5881615.8
MX-CHP,2019,12,2019-12-01,486,5881615.8
MX-CHP,2020,1,2020-01-01,284,6032915.5
MX-CHP,2020,2,2020-02-01,252,6032915.5
MX-CHP,2020,3,2020-03-01,190,6032915.5
MX-CHP,2020,4,2020-04-01,93,6032915.5
MX-CHP,2020,5,2020-05-01,174,6032915.5
MX-CHP,2020,6,2020-06-01,160,6032915.5
MX-CHP,2020,7,2020-07-01,121,6032915.5
MX-CHP,2020,8,2020-08-01,133,6032915.5
MX-CHP,2020,9,2020-09-01,152,6032915.5
MX-CHP,2020,10,2020-10-01,151,6032915.5
MX-CHP,2020,11,2020-11-01,136,6032915.5
MX-CHP,2020,12,2020-12-01,57,6032915.5
MX-CHP,2021,1,2021-01-01,64,6096812.5
MX-CHP,2021,2,2021-02-01,42,6096812.5
MX-CHP,2021,3,2021-03-01,67,6096812.5
MX-CHP,2021,4,2021-04-01,113,6096812.5
MX-CHP,2021,5,2021-05-01,146,6096812.5
MX-CHP,2021,6,2021-06-01,177,6096812.5
MX-CHP,2021,7,2021-07-01,182,6096812.5
MX-CHP,2021,8,2021-08-01,127,6096812.5
MX-CHP,2021,9,2021-09-01,151,6096812.5
MX-CHP,2021,10,2021-10-01,242,6096812.5
MX-CHP,2021,11,2021-11-01,203,6096812.5
MX-CHP,2021,12,2021-12-01,49,6096812.5
MX-CHP,2022,1,2022-01-01,109,6160709.5
MX-CHP,2022,2,2022-02-01,97,6160709.5
MX-CHP,2022,3,2022-03-01,143,6160709.5
MX-CHP,2022,4,2022-04-01,154,6160709.5
MX-CHP,2022,5,2022-05-01,338,6160709.5
MX-CHP,2022,6,2022-06-01,497,6160709.5
MX-CHP,2022,7,2022-07-01,597,6160709.5
MX-CHP,2022,8,2022-08-01,156,6160709.5
MX-CHP,2022,12,2022-12-01,4,6160709.5
MX-COA,2002,12,2002-12-01,0,2417209
MX-COA,2003,1,2003-01-01,0,2456599
MX-COA,2003,2,2003-02-01,0,2456599
MX-COA,2003,3,2003-03-01,0,2456599
MX-COA,2003,4,2003-04-01,0,2456599
MX-COA,2003,5,2003-05-01,0,2456599
MX-COA,2003,6,2003-06-01,1,2456599
MX-COA,2003,7,2003-07-01,1,2456599
MX-COA,2003,8,2003-08-01,0,2456599
MX-COA,2003,9,2003-09-01,1,2456599
MX-COA,2003,10,2003-10-01,0,2456599
MX-COA,2003,11,2003-11-01,0,2456599
MX-COA,2003,12,2003-12-01,1,2456599
MX-COA,2004,1,2004-01-01,0,2495989
MX-COA,2004,2,2004-02-01,0,2495989
MX-COA,2004,3,2004-03-01,0,2495989
MX-COA,2004,4,2004-04-01,1,2495989
MX-COA,2004,5,2004-05-01,1,2495989
MX-COA,2004,6,2004-06-01,1,2495989
MX-COA,2004,7,2004-07-01,0,2495989
MX-COA,2004,8,2004-08-01,0,2495989
MX-COA,2004,9,2004-09-01,0,2495989
MX-COA,2004,10,2004-10-01,0,2495989
MX-COA,2004,11,2004-11-01,0,2495989
MX-COA,2004,12,2004-12-01,0,2495989
MX-COA,2005,1,2005-01-01,0,2535379
MX-COA,2005,2,2005-02-01,0,2535379
MX-COA,2005,3,2005-03-01,0,2535379
MX-COA,2005,4,2005-04-01,1,2535379
MX-COA,2005,5,2005-05-01,0,2535379
MX-COA,2005,6,2005-06-01,0,2535379
MX-COA,2005,7,2005-07-01,0,2535379
MX-COA,2005,8,2005-08-01,0,2535379
MX-COA,2005,9,2005-09-01,7,2535379
MX-COA,2005,10,2005-10-01,29,2535379
MX-COA,2005,11,2005-11-01,79,2535379
MX-COA,2005,12,2005-12-01,25,2535379
MX-COA,2006,1,2006-01-01,0,2576122.3
MX-COA,2006,2,2006-02-01,0,2576122.3
MX-COA,2006,3,2006-03-01,1,2576122.3
MX-COA,2006,4,2006-04-01,0,2576122.3
MX-COA,2006,5,2006-05-01,0,2576122.3
MX-COA,2006,6,2006-06-01,1,2576122.3
MX-COA,2006,7,2006-07-01,0,2576122.3
MX-COA,2006,8,2006-08-01,1,2576122.3
MX-COA,2006,9,2006-09-01,2,2576122.3
MX-COA,2006,10,2006-10-01,29,2576122.3
MX-COA,2006,11,2006-11-01,126,2576122.3
MX-COA,2006,12,2006-12-01,0,2576122.3
MX-COA,2007,1,2007-01-01,0,2616865.6
MX-COA,2007,2,2007-02-01,1,2616865.6
MX-COA,2007,3,2007-03-01,1,2616865.6
MX-COA,2007,4,2007-04-01,0,2616865.6
MX-COA,2007,5,2007-05-01,0,2616865.6
MX-COA,2007,6,2007-06-01,0,2616865.6
MX-COA,2007,7,2007-07-01,2,2616865.6
MX-COA,2007,8,2007-08-01,3,2616865.6
MX-COA,2007,9,2007-09-01,77,2616865.6
MX-COA,2007,10,2007-10-01,144,2616865.6
MX-COA,2007,11,2007-11-01,386,2616865.6
MX-COA,2007,12,2007-12-01,84,2616865.6
MX-COA,2012,12,2012-12-01,0,2830804
MX-COA,2013,1,2013-01-01,0,2876658.25
MX-COA,2013,2,2013-02-01,1,2876658.25
MX-COA,2013,3,2013-03-01,1,2876658.25
MX-COA,2013,4,2013-04-01,0,2876658.25
MX-COA,2013,5,2013-05-01,1,2876658.25
MX-COA,2013,6,2013-06-01,4,2876658.25
MX-COA,2013,7,2013-07-01,0,2876658.25
MX-COA,2013,8,2013-08-01,7,2876658.25
MX-COA,2013,9,2013-09-01,33,2876658.25
MX-COA,2013,10,2013-10-01,333,2876658.25
MX-COA,2013,11,2013-11-01,479,2876658.25
MX-COA,2013,12,2013-12-01,23,2876658.25
MX-COA,2017,1,2017-01-01,22,3008206.25
MX-COA,2017,2,2017-02-01,22,3008206.25
MX-COA,2017,3,2017-03-01,20,3008206.25
MX-COA,2017,4,2017-04-01,12,3008206.25
MX-COA,2017,5,2017-05-01,21,3008206.25
MX-COA,2017,6,2017-06-01,35,3008206.25
MX-COA,2017,7,2017-07-01,40,3008206.25
MX-COA,2017,8,2017-08-01,137,3008206.25
MX-COA,2017,9,2017-09-01,492,3008206.25
MX-COA,2017,10,2017-10-01,1280,3008206.25
MX-COA,2017,11,2017-11-01,1000,3008206.25
MX-COA,2017,12,2017-12-01,83,3008206.25
MX-COA,2018,1,2018-01-01,10,3028126
MX-COA,2018,2,2018-02-01,11,3028126
MX-COA,2018,3,2018-03-01,7,3028126
MX-COA,2018,4,2018-04-01,7,3028126
MX-COA,2018,5,2018-05-01,12,3028126
MX-COA,2018,6,2018-06-01,10,3028126
MX-COA,2018,7,2018-07-01,11,3028126
MX-COA,2018,8,2018-08-01,18,3028126
MX-COA,2018,9,2018-09-01,132,3028126
MX-COA,2018,10,2018-10-01,385,3028126
MX-COA,2018,11,2018-11-01,226,3028126
MX-COA,2018,12,2018-12-01,14,3028126
MX-COA,2019,1,2019-01-01,3,3048045.75
MX-COA,2019,2,2019-02-01,12,3048045.75
MX-COA,2019,3,2019-03-01,7,3048045.75
MX-COA,2019,4,2019-04-01,16,3048045.75
MX-COA,2019,5,2019-05-01,23,3048045.75
MX-COA,2019,6,2019-06-01,24,3048045.75
MX-COA,2019,7,2019-07-01,25,3048045.75
MX-COA,2019,8,2019-08-01,28,3048045.75
MX-COA,2019,9,2019-09-01,42,3048045.75
MX-COA,2019,10,2019-10-01,126,3048045.75
MX-COA,2019,11,2019-11-01,77,3048045.75
MX-COA,2019,12,2019-12-01,30,3048045.75
MX-COA,2020,1,2020-01-01,9,3067965.5
MX-COA,2020,2,2020-02-01,16,3067965.5
MX-COA,2020,3,2020-03-01,4,3067965.5
MX-COA,2020,4,2020-04-01,1,3067965.5
MX-COA,2020,5,2020-05-01,5,3067965.5
MX-COA,2020,6,2020-06-01,3,3067965.5
MX-COA,2020,7,2020-07-01,11,3067965.5
MX-COA,2020,8,2020-08-01,253,3067965.5
MX-COA,2020,9,2020-09-01,787,3067965.5
MX-COA,2020,10,2020-10-01,1419,3067965.5
MX-COA,2020,11,2020-11-01,770,3067965.5
MX-COA,2020,12,2020-12-01,193,3067965.5
MX-COA,2021,1,2021-01-01,44,3098278.15
MX-COA,2021,2,2021-02-01,12,3098278.15
MX-COA,2021,3,2021-03-01,9,3098278.15
MX-COA,2021,4,2021-04-01,8,3098278.15
MX-COA,2021,5,2021-05-01,18,3098278.15
MX-COA,2021,6,2021-06-01,22,3098278.15
MX-COA,2021,7,2021-07-01,48,3098278.15
MX-COA,2021,8,2021-08-01,49,3098278.15
MX-COA,2021,9,2021-09-01,387,3098278.15
MX-COA,2021,10,2021-10-01,884,3098278.15
MX-COA,2021,11,2021-11-01,445,3098278.15
MX-COA,2021,12,2021-12-01,27,3098278.15
MX-COA,2022,1,2022-01-01,1,3128590.8
MX-COA,2022,2,2022-02-01,4,3128590.8
MX-COA,2022,3,2022-03-01,8,3128590.8
MX-COA,2022,4,2022-04-01,8,3128590.8
MX-COA,2022,5,2022-05-01,28,3128590.8
MX-COA,2022,6,2022-06-01,34,3128590.8
MX-COA,2022,7,2022-07-01,43,3128590.8
MX-COA,2022,8,2022-08-01,13,3128590.8
MX-COL,2002,12,2002-12-01,0,523532.2875
MX-COL,2003,1,2003-01-01,0,535319.7125
MX-COL,2003,2,2003-02-01,11,535319.7125
MX-COL,2003,3,2003-03-01,11,535319.7125
MX-COL,2003,4,2003-04-01,5,535319.7125
MX-COL,2003,5,2003-05-01,7,535319.7125
MX-COL,2003,6,2003-06-01,0,535319.7125
MX-COL,2003,7,2003-07-01,2,535319.7125
MX-COL,2003,8,2003-08-01,1,535319.7125
MX-COL,2003,9,2003-09-01,0,535319.7125
MX-COL,2003,10,2003-10-01,0,535319.7125
MX-COL,2003,11,2003-11-01,0,535319.7125
MX-COL,2003,12,2003-12-01,1,535319.7125
MX-COL,2004,1,2004-01-01,0,547107.1375
MX-COL,2004,2,2004-02-01,0,547107.1375
MX-COL,2004,3,2004-03-01,0,547107.1375
MX-COL,2004,4,2004-04-01,0,547107.1375
MX-COL,2004,5,2004-05-01,2,547107.1375
MX-COL,2004,6,2004-06-01,2,547107.1375
MX-COL,2004,7,2004-07-01,0,547107.1375
MX-COL,2004,8,2004-08-01,0,547107.1375
MX-COL,2004,9,2004-09-01,0,547107.1375
MX-COL,2004,10,2004-10-01,1,547107.1375
MX-COL,2004,11,2004-11-01,0,547107.1375
MX-COL,2004,12,2004-12-01,0,547107.1375
MX-COL,2005,1,2005-01-01,0,558894.5625
MX-COL,2005,2,2005-02-01,0,558894.5625
MX-COL,2005,3,2005-03-01,0,558894.5625
MX-COL,2005,4,2005-04-01,4,558894.5625
MX-COL,2005,5,2005-05-01,10,558894.5625
MX-COL,2005,6,2005-06-01,39,558894.5625
MX-COL,2005,7,2005-07-01,31,558894.5625
MX-COL,2005,8,2005-08-01,43,558894.5625
MX-COL,2005,9,2005-09-01,59,558894.5625
MX-COL,2005,10,2005-10-01,101,558894.5625
MX-COL,2005,11,2005-11-01,143,558894.5625
MX-COL,2005,12,2005-12-01,30,558894.5625
MX-COL,2006,1,2006-01-01,10,572693.9375
MX-COL,2006,2,2006-02-01,44,572693.9375
MX-COL,2006,3,2006-03-01,19,572693.9375
MX-COL,2006,4,2006-04-01,9,572693.9375
MX-COL,2006,5,2006-05-01,5,572693.9375
MX-COL,2006,6,2006-06-01,22,572693.9375
MX-COL,2006,7,2006-07-01,32,572693.9375
MX-COL,2006,8,2006-08-01,44,572693.9375
MX-COL,2006,9,2006-09-01,166,572693.9375
MX-COL,2006,10,2006-10-01,397,572693.9375
MX-COL,2006,11,2006-11-01,336,572693.9375
MX-COL,2006,12,2006-12-01,159,572693.9375
MX-COL,2007,1,2007-01-01,51,586493.3125
MX-COL,2007,2,2007-02-01,121,586493.3125
MX-COL,2007,3,2007-03-01,108,586493.3125
MX-COL,2007,4,2007-04-01,54,586493.3125
MX-COL,2007,5,2007-05-01,37,586493.3125
MX-COL,2007,6,2007-06-01,26,586493.3125
MX-COL,2007,7,2007-07-01,41,586493.3125
MX-COL,2007,8,2007-08-01,38,586493.3125
MX-COL,2007,9,2007-09-01,129,586493.3125
MX-COL,2007,10,2007-10-01,70,586493.3125
MX-COL,2007,11,2007-11-01,146,586493.3125
MX-COL,2007,12,2007-12-01,74,586493.3125
MX-COL,2012,12,2012-12-01,0,658917.3125
MX-COL,2013,1,2013-01-01,73,674430.25
MX-COL,2013,2,2013-02-01,78,674430.25
MX-COL,2013,3,2013-03-01,84,674430.25
MX-COL,2013,4,2013-04-01,71,674430.25
MX-COL,2013,5,2013-05-01,100,674430.25
MX-COL,2013,6,2013-06-01,135,674430.25
MX-COL,2013,7,2013-07-01,141,674430.25
MX-COL,2013,8,2013-08-01,446,674430.25
MX-COL,2013,9,2013-09-01,491,674430.25
MX-COL,2013,10,2013-10-01,511,674430.25
MX-COL,2013,11,2013-11-01,435,674430.25
MX-COL,2013,12,2013-12-01,204,674430.25
MX-COL,2017,1,2017-01-01,77,730913.025
MX-COL,2017,2,2017-02-01,78,730913.025
MX-COL,2017,3,2017-03-01,99,730913.025
MX-COL,2017,4,2017-04-01,68,730913.025
MX-COL,2017,5,2017-05-01,69,730913.025
MX-COL,2017,6,2017-06-01,82,730913.025
MX-COL,2017,7,2017-07-01,97,730913.025
MX-COL,2017,8,2017-08-01,125,730913.025
MX-COL,2017,9,2017-09-01,199,730913.025
MX-COL,2017,10,2017-10-01,271,730913.025
MX-COL,2017,11,2017-11-01,140,730913.025
MX-COL,2017,12,2017-12-01,53,730913.025
MX-COL,2018,1,2018-01-01,79,743641.475
MX-COL,2018,2,2018-02-01,63,743641.475
MX-COL,2018,3,2018-03-01,57,743641.475
MX-COL,2018,4,2018-04-01,91,743641.475
MX-COL,2018,5,2018-05-01,83,743641.475
MX-COL,2018,6,2018-06-01,85,743641.475
MX-COL,2018,7,2018-07-01,122,743641.475
MX-COL,2018,8,2018-08-01,145,743641.475
MX-COL,2018,9,2018-09-01,183,743641.475
MX-COL,2018,10,2018-10-01,226,743641.475
MX-COL,2018,11,2018-11-01,180,743641.475
MX-COL,2018,12,2018-12-01,98,743641.475
MX-COL,2019,1,2019-01-01,124,756369.925
MX-COL,2019,2,2019-02-01,126,756369.925
MX-COL,2019,3,2019-03-01,125,756369.925
MX-COL,2019,4,2019-04-01,75,756369.925
MX-COL,2019,5,2019-05-01,81,756369.925
MX-COL,2019,6,2019-06-01,128,756369.925
MX-COL,2019,7,2019-07-01,110,756369.925
MX-COL,2019,8,2019-08-01,209,756369.925
MX-COL,2019,9,2019-09-01,423,756369.925
MX-COL,2019,10,2019-10-01,807,756369.925
MX-COL,2019,11,2019-11-01,538,756369.925
MX-COL,2019,12,2019-12-01,265,756369.925
MX-COL,2020,1,2020-01-01,159,769098.375
MX-COL,2020,2,2020-02-01,189,769098.375
MX-COL,2020,3,2020-03-01,166,769098.375
MX-COL,2020,4,2020-04-01,60,769098.375
MX-COL,2020,5,2020-05-01,76,769098.375
MX-COL,2020,6,2020-06-01,108,769098.375
MX-COL,2020,7,2020-07-01,126,769098.375
MX-COL,2020,8,2020-08-01,178,769098.375
MX-COL,2020,9,2020-09-01,267,769098.375
MX-COL,2020,10,2020-10-01,342,769098.375
MX-COL,2020,11,2020-11-01,282,769098.375
MX-COL,2020,12,2020-12-01,140,769098.375
MX-COL,2021,1,2021-01-01,121,780805.1375
MX-COL,2021,2,2021-02-01,70,780805.1375
MX-COL,2021,3,2021-03-01,105,780805.1375
MX-COL,2021,4,2021-04-01,85,780805.1375
MX-COL,2021,5,2021-05-01,101,780805.1375
MX-COL,2021,6,2021-06-01,91,780805.1375
MX-COL,2021,7,2021-07-01,154,780805.1375
MX-COL,2021,8,2021-08-01,76,780805.1375
MX-COL,2021,9,2021-09-01,78,780805.1375
MX-COL,2021,10,2021-10-01,102,780805.1375
MX-COL,2021,11,2021-11-01,69,780805.1375
MX-COL,2021,12,2021-12-01,21,780805.1375
MX-COL,2022,1,2022-01-01,33,792511.9
MX-COL,2022,2,2022-02-01,39,792511.9
MX-COL,2022,3,2022-03-01,47,792511.9
MX-COL,2022,4,2022-04-01,51,792511.9
MX-COL,2022,5,2022-05-01,47,792511.9
MX-COL,2022,6,2022-06-01,71,792511.9
MX-COL,2022,7,2022-07-01,91,792511.9
MX-COL,2022,8,2022-08-01,22,792511.9
MX-DIF,2002,12,2002-12-01,0,8003212.3
MX-DIF,2003,1,2003-01-01,0,8002276.7
MX-DIF,2003,2,2003-02-01,0,8002276.7
MX-DIF,2003,3,2003-03-01,0,8002276.7
MX-DIF,2003,4,2003-04-01,0,8002276.7
MX-DIF,2003,5,2003-05-01,0,8002276.7
MX-DIF,2003,6,2003-06-01,0,8002276.7
MX-DIF,2003,7,2003-07-01,0,8002276.7
MX-DIF,2003,8,2003-08-01,0,8002276.7
MX-DIF,2003,9,2003-09-01,0,8002276.7
MX-DIF,2003,10,2003-10-01,0,8002276.7
MX-DIF,2003,11,2003-11-01,0,8002276.7
MX-DIF,2003,12,2003-12-01,0,8002276.7
MX-DIF,2004,1,2004-01-01,0,8001341.1
MX-DIF,2004,2,2004-02-01,0,8001341.1
MX-DIF,2004,3,2004-03-01,0,8001341.1
MX-DIF,2004,4,2004-04-01,0,8001341.1
MX-DIF,2004,5,2004-05-01,0,8001341.1
MX-DIF,2004,6,2004-06-01,0,8001341.1
MX-DIF,2004,7,2004-07-01,0,8001341.1
MX-DIF,2004,8,2004-08-01,0,8001341.1
MX-DIF,2004,9,2004-09-01,0,8001341.1
MX-DIF,2004,10,2004-10-01,0,8001341.1
MX-DIF,2004,11,2004-11-01,0,8001341.1
MX-DIF,2004,12,2004-12-01,0,8001341.1
MX-DIF,2005,1,2005-01-01,0,8000405.5
MX-DIF,2005,2,2005-02-01,0,8000405.5
MX-DIF,2005,3,2005-03-01,0,8000405.5
MX-DIF,2005,4,2005-04-01,0,8000405.5
MX-DIF,2005,5,2005-05-01,0,8000405.5
MX-DIF,2005,6,2005-06-01,0,8000405.5
MX-DIF,2005,7,2005-07-01,0,8000405.5
MX-DIF,2005,8,2005-08-01,0,8000405.5
MX-DIF,2005,9,2005-09-01,0,8000405.5
MX-DIF,2005,10,2005-10-01,0,8000405.5
MX-DIF,2005,11,2005-11-01,0,8000405.5
MX-DIF,2005,12,2005-12-01,0,8000405.5
MX-DIF,2006,1,2006-01-01,0,7993571
MX-DIF,2006,2,2006-02-01,0,7993571
MX-DIF,2006,3,2006-03-01,0,7993571
MX-DIF,2006,4,2006-04-01,0,7993571
MX-DIF,2006,5,2006-05-01,0,7993571
MX-DIF,2006,6,2006-06-01,0,7993571
MX-DIF,2006,7,2006-07-01,0,7993571
MX-DIF,2006,8,2006-08-01,0,7993571
MX-DIF,2006,9,2006-09-01,0,7993571
MX-DIF,2006,10,2006-10-01,0,7993571
MX-DIF,2006,11,2006-11-01,0,7993571
MX-DIF,2006,12,2006-12-01,0,7993571
MX-DIF,2007,1,2007-01-01,0,7986736.5
MX-DIF,2007,2,2007-02-01,0,7986736.5
MX-DIF,2007,3,2007-03-01,0,7986736.5
MX-DIF,2007,4,2007-04-01,0,7986736.5
MX-DIF,2007,5,2007-05-01,0,7986736.5
MX-DIF,2007,6,2007-06-01,0,7986736.5
MX-DIF,2007,7,2007-07-01,0,7986736.5
MX-DIF,2007,8,2007-08-01,0,7986736.5
MX-DIF,2007,9,2007-09-01,0,7986736.5
MX-DIF,2007,10,2007-10-01,0,7986736.5
MX-DIF,2007,11,2007-11-01,0,7986736.5
MX-DIF,2007,12,2007-12-01,0,7986736.5
MX-DIF,2012,12,2012-12-01,0,7981672
MX-DIF,2013,1,2013-01-01,0,7989391.5
MX-DIF,2013,2,2013-02-01,0,7989391.5
MX-DIF,2013,3,2013-03-01,0,7989391.5
MX-DIF,2013,4,2013-04-01,0,7989391.5
MX-DIF,2013,5,2013-05-01,0,7989391.5
MX-DIF,2013,6,2013-06-01,0,7989391.5
MX-DIF,2013,7,2013-07-01,0,7989391.5
MX-DIF,2013,8,2013-08-01,0,7989391.5
MX-DIF,2013,9,2013-09-01,0,7989391.5
MX-DIF,2013,10,2013-10-01,0,7989391.5
MX-DIF,2013,11,2013-11-01,0,7989391.5
MX-DIF,2013,12,2013-12-01,0,7989391.5
MX-DIF,2017,1,2017-01-01,15,7700859.9
MX-DIF,2017,2,2017-02-01,5,7700859.9
MX-DIF,2017,3,2017-03-01,7,7700859.9
MX-DIF,2017,4,2017-04-01,7,7700859.9
MX-DIF,2017,5,2017-05-01,8,7700859.9
MX-DIF,2017,6,2017-06-01,12,7700859.9
MX-DIF,2017,7,2017-07-01,20,7700859.9
MX-DIF,2017,8,2017-08-01,19,7700859.9
MX-DIF,2017,9,2017-09-01,13,7700859.9
MX-DIF,2017,10,2017-10-01,11,7700859.9
MX-DIF,2017,11,2017-11-01,14,7700859.9
MX-DIF,2017,12,2017-12-01,3,7700859.9
MX-DIF,2018,4,2018-04-01,1,7548874.6
MX-DIF,2018,7,2018-07-01,2,7548874.6
MX-DIF,2018,8,2018-08-01,1,7548874.6
MX-DIF,2018,9,2018-09-01,2,7548874.6
MX-DIF,2018,10,2018-10-01,1,7548874.6
MX-DIF,2018,11,2018-11-01,2,7548874.6
MX-DIF,2018,12,2018-12-01,0,7548874.6
MX-DIF,2019,1,2019-01-01,1,7548874.6
MX-DIF,2019,2,2019-02-01,1,7396889.3
MX-DIF,2019,3,2019-03-01,1,7396889.3
MX-DIF,2019,4,2019-04-01,1,7396889.3
MX-DIF,2019,5,2019-05-01,3,7396889.3
MX-DIF,2019,6,2019-06-01,2,7396889.3
MX-DIF,2019,8,2019-08-01,4,7396889.3
MX-DIF,2019,9,2019-09-01,9,7396889.3
MX-DIF,2019,10,2019-10-01,10,7396889.3
MX-DIF,2019,11,2019-11-01,4,7396889.3
MX-DIF,2019,12,2019-12-01,5,7396889.3
MX-DIF,2020,7,2020-07-01,1,7244904
MX-DIF,2020,8,2020-08-01,3,7244904
MX-DIF,2020,9,2020-09-01,1,7244904
MX-DIF,2020,10,2020-10-01,3,7244904
MX-DIF,2020,11,2020-11-01,1,7244904
MX-DIF,2021,11,2021-11-01,2,7208410.8
MX-DIF,2022,4,2022-04-01,2,7171917.6
MX-DIF,2022,5,2022-05-01,2,7171917.6
MX-DIF,2022,6,2022-06-01,1,7171917.6
MX-DUR,2002,12,2002-12-01,0,1507151.65
MX-DUR,2003,1,2003-01-01,0,1524804.1
MX-DUR,2003,2,2003-02-01,0,1524804.1
MX-DUR,2003,3,2003-03-01,0,1524804.1
MX-DUR,2003,4,2003-04-01,0,1524804.1
MX-DUR,2003,5,2003-05-01,0,1524804.1
MX-DUR,2003,6,2003-06-01,0,1524804.1
MX-DUR,2003,7,2003-07-01,0,1524804.1
MX-DUR,2003,8,2003-08-01,0,1524804.1
MX-DUR,2003,9,2003-09-01,0,1524804.1
MX-DUR,2003,10,2003-10-01,1,1524804.1
MX-DUR,2003,11,2003-11-01,0,1524804.1
MX-DUR,2003,12,2003-12-01,0,1524804.1
MX-DUR,2004,1,2004-01-01,0,1542456.55
MX-DUR,2004,2,2004-02-01,0,1542456.55
MX-DUR,2004,3,2004-03-01,0,1542456.55
MX-DUR,2004,4,2004-04-01,0,1542456.55
MX-DUR,2004,5,2004-05-01,0,1542456.55
MX-DUR,2004,6,2004-06-01,0,1542456.55
MX-DUR,2004,7,2004-07-01,0,1542456.55
MX-DUR,2004,8,2004-08-01,8,1542456.55
MX-DUR,2004,9,2004-09-01,0,1542456.55
MX-DUR,2004,10,2004-10-01,0,1542456.55
MX-DUR,2004,11,2004-11-01,0,1542456.55
MX-DUR,2004,12,2004-12-01,0,1542456.55
MX-DUR,2005,1,2005-01-01,0,1560109
MX-DUR,2005,2,2005-02-01,0,1560109
MX-DUR,2005,3,2005-03-01,0,1560109
MX-DUR,2005,4,2005-04-01,0,1560109
MX-DUR,2005,5,2005-05-01,0,1560109
MX-DUR,2005,6,2005-06-01,0,1560109
MX-DUR,2005,7,2005-07-01,0,1560109
MX-DUR,2005,8,2005-08-01,0,1560109
MX-DUR,2005,9,2005-09-01,0,1560109
MX-DUR,2005,10,2005-10-01,0,1560109
MX-DUR,2005,11,2005-11-01,0,1560109
MX-DUR,2005,12,2005-12-01,0,1560109
MX-DUR,2006,1,2006-01-01,0,1579635.925
MX-DUR,2006,2,2006-02-01,0,1579635.925
MX-DUR,2006,3,2006-03-01,0,1579635.925
MX-DUR,2006,4,2006-04-01,0,1579635.925
MX-DUR,2006,5,2006-05-01,0,1579635.925
MX-DUR,2006,6,2006-06-01,0,1579635.925
MX-DUR,2006,7,2006-07-01,0,1579635.925
MX-DUR,2006,8,2006-08-01,2,1579635.925
MX-DUR,2006,9,2006-09-01,0,1579635.925
MX-DUR,2006,10,2006-10-01,3,1579635.925
MX-DUR,2006,11,2006-11-01,63,1579635.925
MX-DUR,2006,12,2006-12-01,50,1579635.925
MX-DUR,2007,1,2007-01-01,1,1599162.85
MX-DUR,2007,2,2007-02-01,0,1599162.85
MX-DUR,2007,3,2007-03-01,5,1599162.85
MX-DUR,2007,4,2007-04-01,4,1599162.85
MX-DUR,2007,5,2007-05-01,0,1599162.85
MX-DUR,2007,6,2007-06-01,4,1599162.85
MX-DUR,2007,7,2007-07-01,0,1599162.85
MX-DUR,2007,8,2007-08-01,2,1599162.85
MX-DUR,2007,9,2007-09-01,10,1599162.85
MX-DUR,2007,10,2007-10-01,89,1599162.85
MX-DUR,2007,11,2007-11-01,178,1599162.85
MX-DUR,2007,12,2007-12-01,12,1599162.85
MX-DUR,2012,12,2012-12-01,0,1731187.925
MX-DUR,2013,1,2013-01-01,0,1767910.075
MX-DUR,2013,2,2013-02-01,0,1767910.075
MX-DUR,2013,3,2013-03-01,0,1767910.075
MX-DUR,2013,4,2013-04-01,1,1767910.075
MX-DUR,2013,5,2013-05-01,0,1767910.075
MX-DUR,2013,6,2013-06-01,0,1767910.075
MX-DUR,2013,7,2013-07-01,0,1767910.075
MX-DUR,2013,8,2013-08-01,0,1767910.075
MX-DUR,2013,9,2013-09-01,0,1767910.075
MX-DUR,2013,10,2013-10-01,0,1767910.075
MX-DUR,2013,11,2013-11-01,0,1767910.075
MX-DUR,2013,12,2013-12-01,0,1767910.075
MX-DUR,2017,1,2017-01-01,4,1901939.725
MX-DUR,2017,2,2017-02-01,5,1901939.725
MX-DUR,2017,3,2017-03-01,5,1901939.725
MX-DUR,2017,4,2017-04-01,5,1901939.725
MX-DUR,2017,5,2017-05-01,9,1901939.725
MX-DUR,2017,6,2017-06-01,10,1901939.725
MX-DUR,2017,7,2017-07-01,10,1901939.725
MX-DUR,2017,8,2017-08-01,34,1901939.725
MX-DUR,2017,9,2017-09-01,178,1901939.725
MX-DUR,2017,10,2017-10-01,415,1901939.725
MX-DUR,2017,11,2017-11-01,271,1901939.725
MX-DUR,2017,12,2017-12-01,13,1901939.725
MX-DUR,2018,1,2018-01-01,2,1932232.4
MX-DUR,2018,2,2018-02-01,5,1932232.4
MX-DUR,2018,3,2018-03-01,4,1932232.4
MX-DUR,2018,4,2018-04-01,11,1932232.4
MX-DUR,2018,5,2018-05-01,3,1932232.4
MX-DUR,2018,6,2018-06-01,6,1932232.4
MX-DUR,2018,7,2018-07-01,7,1932232.4
MX-DUR,2018,8,2018-08-01,9,1932232.4
MX-DUR,2018,9,2018-09-01,14,1932232.4
MX-DUR,2018,10,2018-10-01,5,1932232.4
MX-DUR,2018,11,2018-11-01,3,1932232.4
MX-DUR,2018,12,2018-12-01,0,1932232.4
MX-DUR,2019,1,2019-01-01,2,1962525.075
MX-DUR,2019,2,2019-02-01,1,1962525.075
MX-DUR,2019,3,2019-03-01,4,1962525.075
MX-DUR,2019,4,2019-04-01,4,1962525.075
MX-DUR,2019,5,2019-05-01,4,1962525.075
MX-DUR,2019,6,2019-06-01,1,1962525.075
MX-DUR,2019,7,2019-07-01,2,1962525.075
MX-DUR,2019,8,2019-08-01,1,1962525.075
MX-DUR,2019,9,2019-09-01,9,1962525.075
MX-DUR,2019,10,2019-10-01,87,1962525.075
MX-DUR,2019,11,2019-11-01,39,1962525.075
MX-DUR,2019,12,2019-12-01,2,1962525.075
MX-DUR,2020,1,2020-01-01,1,1992817.75
MX-DUR,2020,5,2020-05-01,0,1992817.75
MX-DUR,2020,6,2020-06-01,1,1992817.75
MX-DUR,2020,7,2020-07-01,4,1992817.75
MX-DUR,2020,8,2020-08-01,44,1992817.75
MX-DUR,2020,9,2020-09-01,99,1992817.75
MX-DUR,2020,10,2020-10-01,123,1992817.75
MX-DUR,2020,11,2020-11-01,25,1992817.75
MX-DUR,2020,12,2020-12-01,9,1992817.75
MX-DUR,2021,3,2021-03-01,1,2016260.5
MX-DUR,2021,4,2021-04-01,3,2016260.5
MX-DUR,2021,5,2021-05-01,5,2016260.5
MX-DUR,2021,6,2021-06-01,3,2016260.5
MX-DUR,2021,7,2021-07-01,2,2016260.5
MX-DUR,2021,8,2021-08-01,6,2016260.5
MX-DUR,2021,9,2021-09-01,2,2016260.5
MX-DUR,2021,10,2021-10-01,7,2016260.5
MX-DUR,2021,11,2021-11-01,3,2016260.5
MX-DUR,2021,12,2021-12-01,1,2016260.5
MX-DUR,2022,3,2022-03-01,2,2039703.25
MX-DUR,2022,4,2022-04-01,1,2039703.25
MX-DUR,2022,5,2022-05-01,2,2039703.25
MX-DUR,2022,6,2022-06-01,2,2039703.25
MX-DUR,2022,7,2022-07-01,1,2039703.25
MX-DUR,2022,8,2022-08-01,1,2039703.25
MX-GRO,2002,12,2002-12-01,0,2929729.3
MX-GRO,2003,1,2003-01-01,14,2976026.95
MX-GRO,2003,2,2003-02-01,61,2976026.95
MX-GRO,2003,3,2003-03-01,37,2976026.95
MX-GRO,2003,4,2003-04-01,23,2976026.95
MX-GRO,2003,5,2003-05-01,10,2976026.95
MX-GRO,2003,6,2003-06-01,32,2976026.95
MX-GRO,2003,7,2003-07-01,40,2976026.95
MX-GRO,2003,8,2003-08-01,72,2976026.95
MX-GRO,2003,9,2003-09-01,82,2976026.95
MX-GRO,2003,10,2003-10-01,55,2976026.95
MX-GRO,2003,11,2003-11-01,20,2976026.95
MX-GRO,2003,12,2003-12-01,8,2976026.95
MX-GRO,2004,1,2004-01-01,4,3022324.6
MX-GRO,2004,2,2004-02-01,1,3022324.6
MX-GRO,2004,3,2004-03-01,3,3022324.6
MX-GRO,2004,4,2004-04-01,3,3022324.6
MX-GRO,2004,5,2004-05-01,13,3022324.6
MX-GRO,2004,6,2004-06-01,13,3022324.6
MX-GRO,2004,7,2004-07-01,21,3022324.6
MX-GRO,2004,8,2004-08-01,47,3022324.6
MX-GRO,2004,9,2004-09-01,65,3022324.6
MX-GRO,2004,10,2004-10-01,59,3022324.6
MX-GRO,2004,11,2004-11-01,60,3022324.6
MX-GRO,2004,12,2004-12-01,37,3022324.6
MX-GRO,2005,1,2005-01-01,15,3068622.25
MX-GRO,2005,2,2005-02-01,15,3068622.25
MX-GRO,2005,3,2005-03-01,12,3068622.25
MX-GRO,2005,4,2005-04-01,21,3068622.25
MX-GRO,2005,5,2005-05-01,60,3068622.25
MX-GRO,2005,6,2005-06-01,85,3068622.25
MX-GRO,2005,7,2005-07-01,63,3068622.25
MX-GRO,2005,8,2005-08-01,107,3068622.25
MX-GRO,2005,9,2005-09-01,173,3068622.25
MX-GRO,2005,10,2005-10-01,254,3068622.25
MX-GRO,2005,11,2005-11-01,199,3068622.25
MX-GRO,2005,12,2005-12-01,314,3068622.25
MX-GRO,2006,1,2006-01-01,10,3109611.75
MX-GRO,2006,2,2006-02-01,39,3109611.75
MX-GRO,2006,3,2006-03-01,38,3109611.75
MX-GRO,2006,4,2006-04-01,84,3109611.75
MX-GRO,2006,5,2006-05-01,47,3109611.75
MX-GRO,2006,6,2006-06-01,237,3109611.75
MX-GRO,2006,7,2006-07-01,335,3109611.75
MX-GRO,2006,8,2006-08-01,351,3109611.75
MX-GRO,2006,9,2006-09-01,738,3109611.75
MX-GRO,2006,10,2006-10-01,993,3109611.75
MX-GRO,2006,11,2006-11-01,881,3109611.75
MX-GRO,2006,12,2006-12-01,622,3109611.75
MX-GRO,2007,1,2007-01-01,152,3150601.25
MX-GRO,2007,2,2007-02-01,229,3150601.25
MX-GRO,2007,3,2007-03-01,216,3150601.25
MX-GRO,2007,4,2007-04-01,179,3150601.25
MX-GRO,2007,5,2007-05-01,198,3150601.25
MX-GRO,2007,6,2007-06-01,185,3150601.25
MX-GRO,2007,7,2007-07-01,403,3150601.25
MX-GRO,2007,8,2007-08-01,513,3150601.25
MX-GRO,2007,9,2007-09-01,612,3150601.25
MX-GRO,2007,10,2007-10-01,872,3150601.25
MX-GRO,2007,11,2007-11-01,623,3150601.25
MX-GRO,2007,12,2007-12-01,367,3150601.25
MX-GRO,2012,12,2012-12-01,0,3361956.05
MX-GRO,2013,1,2013-01-01,191,3406149.2
MX-GRO,2013,2,2013-02-01,214,3406149.2
MX-GRO,2013,3,2013-03-01,173,3406149.2
MX-GRO,2013,4,2013-04-01,112,3406149.2
MX-GRO,2013,5,2013-05-01,137,3406149.2
MX-GRO,2013,6,2013-06-01,178,3406149.2
MX-GRO,2013,7,2013-07-01,220,3406149.2
MX-GRO,2013,8,2013-08-01,320,3406149.2
MX-GRO,2013,9,2013-09-01,286,3406149.2
MX-GRO,2013,10,2013-10-01,625,3406149.2
MX-GRO,2013,11,2013-11-01,364,3406149.2
MX-GRO,2013,12,2013-12-01,165,3406149.2
MX-GRO,2017,1,2017-01-01,121,3624908.8
MX-GRO,2017,2,2017-02-01,96,3624908.8
MX-GRO,2017,3,2017-03-01,168,3624908.8
MX-GRO,2017,4,2017-04-01,111,3624908.8
MX-GRO,2017,5,2017-05-01,140,3624908.8
MX-GRO,2017,6,2017-06-01,229,3624908.8
MX-GRO,2017,7,2017-07-01,212,3624908.8
MX-GRO,2017,8,2017-08-01,194,3624908.8
MX-GRO,2017,9,2017-09-01,184,3624908.8
MX-GRO,2017,10,2017-10-01,197,3624908.8
MX-GRO,2017,11,2017-11-01,96,3624908.8
MX-GRO,2017,12,2017-12-01,47,3624908.8
MX-GRO,2018,1,2018-01-01,63,3690095.45
MX-GRO,2018,2,2018-02-01,93,3690095.45
MX-GRO,2018,3,2018-03-01,108,3690095.45
MX-GRO,2018,4,2018-04-01,94,3690095.45
MX-GRO,2018,5,2018-05-01,112,3690095.45
MX-GRO,2018,6,2018-06-01,156,3690095.45
MX-GRO,2018,7,2018-07-01,220,3690095.45
MX-GRO,2018,8,2018-08-01,178,3690095.45
MX-GRO,2018,9,2018-09-01,252,3690095.45
MX-GRO,2018,10,2018-10-01,387,3690095.45
MX-GRO,2018,11,2018-11-01,204,3690095.45
MX-GRO,2018,12,2018-12-01,112,3690095.45
MX-GRO,2019,1,2019-01-01,141,3755282.1
MX-GRO,2019,2,2019-02-01,145,3755282.1
MX-GRO,2019,3,2019-03-01,179,3755282.1
MX-GRO,2019,4,2019-04-01,169,3755282.1
MX-GRO,2019,5,2019-05-01,405,3755282.1
MX-GRO,2019,6,2019-06-01,647,3755282.1
MX-GRO,2019,7,2019-07-01,1052,3755282.1
MX-GRO,2019,8,2019-08-01,1755,3755282.1
MX-GRO,2019,9,2019-09-01,1855,3755282.1
MX-GRO,2019,10,2019-10-01,1826,3755282.1
MX-GRO,2019,11,2019-11-01,1716,3755282.1
MX-GRO,2019,12,2019-12-01,796,3755282.1
MX-GRO,2020,1,2020-01-01,708,3820468.75
MX-GRO,2020,2,2020-02-01,648,3820468.75
MX-GRO,2020,3,2020-03-01,424,3820468.75
MX-GRO,2020,4,2020-04-01,292,3820468.75
MX-GRO,2020,5,2020-05-01,499,3820468.75
MX-GRO,2020,6,2020-06-01,598,3820468.75
MX-GRO,2020,7,2020-07-01,606,3820468.75
MX-GRO,2020,8,2020-08-01,764,3820468.75
MX-GRO,2020,9,2020-09-01,699,3820468.75
MX-GRO,2020,10,2020-10-01,559,3820468.75
MX-GRO,2020,11,2020-11-01,419,3820468.75
MX-GRO,2020,12,2020-12-01,224,3820468.75
MX-GRO,2021,1,2021-01-01,142,3848520.25
MX-GRO,2021,2,2021-02-01,103,3848520.25
MX-GRO,2021,3,2021-03-01,118,3848520.25
MX-GRO,2021,4,2021-04-01,136,3848520.25
MX-GRO,2021,5,2021-05-01,229,3848520.25
MX-GRO,2021,6,2021-06-01,296,3848520.25
MX-GRO,2021,7,2021-07-01,316,3848520.25
MX-GRO,2021,8,2021-08-01,209,3848520.25
MX-GRO,2021,9,2021-09-01,116,3848520.25
MX-GRO,2021,10,2021-10-01,183,3848520.25
MX-GRO,2021,11,2021-11-01,179,3848520.25
MX-GRO,2021,12,2021-12-01,64,3848520.25
MX-GRO,2022,1,2022-01-01,84,3876571.75
MX-GRO,2022,2,2022-02-01,83,3876571.75
MX-GRO,2022,3,2022-03-01,108,3876571.75
MX-GRO,2022,4,2022-04-01,108,3876571.75
MX-GRO,2022,5,2022-05-01,129,3876571.75
MX-GRO,2022,6,2022-06-01,284,3876571.75
MX-GRO,2022,7,2022-07-01,430,3876571.75
MX-GRO,2022,8,2022-08-01,137,3876571.75
MX-GRO,2022,12,2022-12-01,6,3876571.75
MX-GUA,2002,12,2002-12-01,0,4695735.1
MX-GUA,2003,1,2003-01-01,0,4795992.9
MX-GUA,2003,2,2003-02-01,0,4795992.9
MX-GUA,2003,3,2003-03-01,0,4795992.9
MX-GUA,2003,4,2003-04-01,0,4795992.9
MX-GUA,2003,5,2003-05-01,0,4795992.9
MX-GUA,2003,6,2003-06-01,0,4795992.9
MX-GUA,2003,7,2003-07-01,0,4795992.9
MX-GUA,2003,8,2003-08-01,0,4795992.9
MX-GUA,2003,9,2003-09-01,0,4795992.9
MX-GUA,2003,10,2003-10-01,0,4795992.9
MX-GUA,2003,11,2003-11-01,0,4795992.9
MX-GUA,2003,12,2003-12-01,0,4795992.9
MX-GUA,2004,1,2004-01-01,0,4896250.7
MX-GUA,2004,2,2004-02-01,0,4896250.7
MX-GUA,2004,3,2004-03-01,0,4896250.7
MX-GUA,2004,4,2004-04-01,0,4896250.7
MX-GUA,2004,5,2004-05-01,0,4896250.7
MX-GUA,2004,6,2004-06-01,0,4896250.7
MX-GUA,2004,7,2004-07-01,0,4896250.7
MX-GUA,2004,8,2004-08-01,0,4896250.7
MX-GUA,2004,9,2004-09-01,0,4896250.7
MX-GUA,2004,10,2004-10-01,0,4896250.7
MX-GUA,2004,11,2004-11-01,0,4896250.7
MX-GUA,2004,12,2004-12-01,0,4896250.7
MX-GUA,2005,1,2005-01-01,0,4996508.5
MX-GUA,2005,2,2005-02-01,0,4996508.5
MX-GUA,2005,3,2005-03-01,0,4996508.5
MX-GUA,2005,4,2005-04-01,0,4996508.5
MX-GUA,2005,5,2005-05-01,0,4996508.5
MX-GUA,2005,6,2005-06-01,0,4996508.5
MX-GUA,2005,7,2005-07-01,0,4996508.5
MX-GUA,2005,8,2005-08-01,0,4996508.5
MX-GUA,2005,9,2005-09-01,0,4996508.5
MX-GUA,2005,10,2005-10-01,0,4996508.5
MX-GUA,2005,11,2005-11-01,0,4996508.5
MX-GUA,2005,12,2005-12-01,0,4996508.5
MX-GUA,2006,1,2006-01-01,0,5096061.5
MX-GUA,2006,2,2006-02-01,0,5096061.5
MX-GUA,2006,3,2006-03-01,0,5096061.5
MX-GUA,2006,4,2006-04-01,0,5096061.5
MX-GUA,2006,5,2006-05-01,0,5096061.5
MX-GUA,2006,6,2006-06-01,0,5096061.5
MX-GUA,2006,7,2006-07-01,0,5096061.5
MX-GUA,2006,8,2006-08-01,0,5096061.5
MX-GUA,2006,9,2006-09-01,0,5096061.5
MX-GUA,2006,10,2006-10-01,0,5096061.5
MX-GUA,2006,11,2006-11-01,0,5096061.5
MX-GUA,2006,12,2006-12-01,0,5096061.5
MX-GUA,2007,1,2007-01-01,0,5195614.5
MX-GUA,2007,2,2007-02-01,0,5195614.5
MX-GUA,2007,3,2007-03-01,0,5195614.5
MX-GUA,2007,4,2007-04-01,0,5195614.5
MX-GUA,2007,5,2007-05-01,0,5195614.5
MX-GUA,2007,6,2007-06-01,0,5195614.5
MX-GUA,2007,7,2007-07-01,0,5195614.5
MX-GUA,2007,8,2007-08-01,0,5195614.5
MX-GUA,2007,9,2007-09-01,0,5195614.5
MX-GUA,2007,10,2007-10-01,331,5195614.5
MX-GUA,2007,11,2007-11-01,296,5195614.5
MX-GUA,2007,12,2007-12-01,13,5195614.5
MX-GUA,2012,12,2012-12-01,0,5666100.7
MX-GUA,2013,1,2013-01-01,0,5752014.3
MX-GUA,2013,2,2013-02-01,0,5752014.3
MX-GUA,2013,3,2013-03-01,0,5752014.3
MX-GUA,2013,4,2013-04-01,0,5752014.3
MX-GUA,2013,5,2013-05-01,0,5752014.3
MX-GUA,2013,6,2013-06-01,0,5752014.3
MX-GUA,2013,7,2013-07-01,0,5752014.3
MX-GUA,2013,8,2013-08-01,0,5752014.3
MX-GUA,2013,9,2013-09-01,38,5752014.3
MX-GUA,2013,10,2013-10-01,12,5752014.3
MX-GUA,2013,11,2013-11-01,1,5752014.3
MX-GUA,2013,12,2013-12-01,13,5752014.3
MX-GUA,2017,1,2017-01-01,7,6109856.5
MX-GUA,2017,2,2017-02-01,6,6109856.5
MX-GUA,2017,3,2017-03-01,4,6109856.5
MX-GUA,2017,4,2017-04-01,3,6109856.5
MX-GUA,2017,5,2017-05-01,15,6109856.5
MX-GUA,2017,6,2017-06-01,92,6109856.5
MX-GUA,2017,7,2017-07-01,373,6109856.5
MX-GUA,2017,8,2017-08-01,2122,6109856.5
MX-GUA,2017,11,2017-11-01,1282,6109856.5
MX-GUA,2017,12,2017-12-01,222,6109856.5
MX-GUA,2018,1,2018-01-01,32,6202864
MX-GUA,2018,2,2018-02-01,16,6202864
MX-GUA,2018,3,2018-03-01,48,6202864
MX-GUA,2018,4,2018-04-01,137,6202864
MX-GUA,2018,5,2018-05-01,121,6202864
MX-GUA,2018,6,2018-06-01,97,6202864
MX-GUA,2018,7,2018-07-01,90,6202864
MX-GUA,2018,8,2018-08-01,70,6202864
MX-GUA,2018,9,2018-09-01,89,6202864
MX-GUA,2018,10,2018-10-01,93,6202864
MX-GUA,2018,11,2018-11-01,35,6202864
MX-GUA,2018,12,2018-12-01,6,6202864
MX-GUA,2019,1,2019-01-01,4,6295871.5
MX-GUA,2019,2,2019-02-01,8,6295871.5
MX-GUA,2019,3,2019-03-01,17,6295871.5
MX-GUA,2019,4,2019-04-01,25,6295871.5
MX-GUA,2019,5,2019-05-01,44,6295871.5
MX-GUA,2019,6,2019-06-01,105,6295871.5
MX-GUA,2019,7,2019-07-01,163,6295871.5
MX-GUA,2019,8,2019-08-01,188,6295871.5
MX-GUA,2019,9,2019-09-01,349,6295871.5
MX-GUA,2019,10,2019-10-01,810,6295871.5
MX-GUA,2019,11,2019-11-01,566,6295871.5
MX-GUA,2019,12,2019-12-01,119,6295871.5
MX-GUA,2020,1,2020-01-01,23,6388879
MX-GUA,2020,2,2020-02-01,32,6388879
MX-GUA,2020,3,2020-03-01,27,6388879
MX-GUA,2020,4,2020-04-01,17,6388879
MX-GUA,2020,5,2020-05-01,22,6388879
MX-GUA,2020,6,2020-06-01,34,6388879
MX-GUA,2020,7,2020-07-01,50,6388879
MX-GUA,2020,8,2020-08-01,101,6388879
MX-GUA,2020,9,2020-09-01,235,6388879
MX-GUA,2020,10,2020-10-01,360,6388879
MX-GUA,2020,11,2020-11-01,174,6388879
MX-GUA,2020,12,2020-12-01,82,6388879
MX-GUA,2021,1,2021-01-01,10,6454489.4
MX-GUA,2021,2,2021-02-01,6,6454489.4
MX-GUA,2021,3,2021-03-01,21,6454489.4
MX-GUA,2021,4,2021-04-01,16,6454489.4
MX-GUA,2021,5,2021-05-01,31,6454489.4
MX-GUA,2021,6,2021-06-01,38,6454489.4
MX-GUA,2021,7,2021-07-01,63,6454489.4
MX-GUA,2021,8,2021-08-01,30,6454489.4
MX-GUA,2021,9,2021-09-01,30,6454489.4
MX-GUA,2021,10,2021-10-01,23,6454489.4
MX-GUA,2021,11,2021-11-01,16,6454489.4
MX-GUA,2021,12,2021-12-01,4,6454489.4
MX-GUA,2022,1,2022-01-01,3,6520099.8
MX-GUA,2022,2,2022-02-01,3,6520099.8
MX-GUA,2022,3,2022-03-01,12,6520099.8
MX-GUA,2022,4,2022-04-01,19,6520099.8
MX-GUA,2022,5,2022-05-01,15,6520099.8
MX-GUA,2022,6,2022-06-01,22,6520099.8
MX-GUA,2022,7,2022-07-01,14,6520099.8
MX-GUA,2022,8,2022-08-01,7,6520099.8
MX-HID,2002,12,2002-12-01,0,2246177.35
MX-HID,2003,1,2003-01-01,0,2300964.65
MX-HID,2003,2,2003-02-01,0,2300964.65
MX-HID,2003,3,2003-03-01,0,2300964.65
MX-HID,2003,4,2003-04-01,0,2300964.65
MX-HID,2003,5,2003-05-01,0,2300964.65
MX-HID,2003,6,2003-06-01,0,2300964.65
MX-HID,2003,7,2003-07-01,1,2300964.65
MX-HID,2003,8,2003-08-01,1,2300964.65
MX-HID,2003,9,2003-09-01,0,2300964.65
MX-HID,2003,10,2003-10-01,1,2300964.65
MX-HID,2003,11,2003-11-01,0,2300964.65
MX-HID,2003,12,2003-12-01,0,2300964.65
MX-HID,2004,1,2004-01-01,0,2355751.95
MX-HID,2004,2,2004-02-01,0,2355751.95
MX-HID,2004,3,2004-03-01,0,2355751.95
MX-HID,2004,4,2004-04-01,0,2355751.95
MX-HID,2004,5,2004-05-01,0,2355751.95
MX-HID,2004,6,2004-06-01,0,2355751.95
MX-HID,2004,7,2004-07-01,0,2355751.95
MX-HID,2004,8,2004-08-01,0,2355751.95
MX-HID,2004,9,2004-09-01,22,2355751.95
MX-HID,2004,10,2004-10-01,75,2355751.95
MX-HID,2004,11,2004-11-01,16,2355751.95
MX-HID,2004,12,2004-12-01,10,2355751.95
MX-HID,2005,1,2005-01-01,1,2410539.25
MX-HID,2005,2,2005-02-01,0,2410539.25
MX-HID,2005,3,2005-03-01,0,2410539.25
MX-HID,2005,4,2005-04-01,0,2410539.25
MX-HID,2005,5,2005-05-01,0,2410539.25
MX-HID,2005,6,2005-06-01,1,2410539.25
MX-HID,2005,7,2005-07-01,5,2410539.25
MX-HID,2005,8,2005-08-01,48,2410539.25
MX-HID,2005,9,2005-09-01,153,2410539.25
MX-HID,2005,10,2005-10-01,275,2410539.25
MX-HID,2005,11,2005-11-01,173,2410539.25
MX-HID,2005,12,2005-12-01,25,2410539.25
MX-HID,2006,1,2006-01-01,0,2461106.75
MX-HID,2006,2,2006-02-01,2,2461106.75
MX-HID,2006,3,2006-03-01,3,2461106.75
MX-HID,2006,4,2006-04-01,1,2461106.75
MX-HID,2006,5,2006-05-01,3,2461106.75
MX-HID,2006,6,2006-06-01,1,2461106.75
MX-HID,2006,7,2006-07-01,1,2461106.75
MX-HID,2006,8,2006-08-01,1,2461106.75
MX-HID,2006,9,2006-09-01,87,2461106.75
MX-HID,2006,10,2006-10-01,98,2461106.75
MX-HID,2006,11,2006-11-01,11,2461106.75
MX-HID,2006,12,2006-12-01,7,2461106.75
MX-HID,2007,1,2007-01-01,0,2511674.25
MX-HID,2007,2,2007-02-01,0,2511674.25
MX-HID,2007,3,2007-03-01,0,2511674.25
MX-HID,2007,4,2007-04-01,0,2511674.25
MX-HID,2007,5,2007-05-01,0,2511674.25
MX-HID,2007,6,2007-06-01,0,2511674.25
MX-HID,2007,7,2007-07-01,0,2511674.25
MX-HID,2007,8,2007-08-01,0,2511674.25
MX-HID,2007,9,2007-09-01,7,2511674.25
MX-HID,2007,10,2007-10-01,19,2511674.25
MX-HID,2007,11,2007-11-01,6,2511674.25
MX-HID,2007,12,2007-12-01,9,2511674.25
MX-HID,2012,12,2012-12-01,0,2770854.95
MX-HID,2013,1,2013-01-01,0,2824594.05
MX-HID,2013,2,2013-02-01,4,2824594.05
MX-HID,2013,3,2013-03-01,2,2824594.05
MX-HID,2013,4,2013-04-01,2,2824594.05
MX-HID,2013,5,2013-05-01,9,2824594.05
MX-HID,2013,6,2013-06-01,39,2824594.05
MX-HID,2013,7,2013-07-01,105,2824594.05
MX-HID,2013,8,2013-08-01,375,2824594.05
MX-HID,2013,9,2013-09-01,125,2824594.05
MX-HID,2013,10,2013-10-01,153,2824594.05
MX-HID,2013,11,2013-11-01,57,2824594.05
MX-HID,2013,12,2013-12-01,2,2824594.05
MX-HID,2017,1,2017-01-01,9,3091172.35
MX-HID,2017,2,2017-02-01,21,3091172.35
MX-HID,2017,3,2017-03-01,24,3091172.35
MX-HID,2017,4,2017-04-01,9,3091172.35
MX-HID,2017,5,2017-05-01,31,3091172.35
MX-HID,2017,6,2017-06-01,73,3091172.35
MX-HID,2017,7,2017-07-01,68,3091172.35
MX-HID,2017,8,2017-08-01,184,3091172.35
MX-HID,2017,9,2017-09-01,259,3091172.35
MX-HID,2017,10,2017-10-01,190,3091172.35
MX-HID,2017,11,2017-11-01,31,3091172.35
MX-HID,2017,12,2017-12-01,7,3091172.35
MX-HID,2018,1,2018-01-01,4,3170722.4
MX-HID,2018,2,2018-02-01,12,3170722.4
MX-HID,2018,3,2018-03-01,13,3170722.4
MX-HID,2018,4,2018-04-01,14,3170722.4
MX-HID,2018,5,2018-05-01,18,3170722.4
MX-HID,2018,6,2018-06-01,16,3170722.4
MX-HID,2018,7,2018-07-01,16,3170722.4
MX-HID,2018,8,2018-08-01,101,3170722.4
MX-HID,2018,9,2018-09-01,113,3170722.4
MX-HID,2018,10,2018-10-01,53,3170722.4
MX-HID,2018,11,2018-11-01,33,3170722.4
MX-HID,2018,12,2018-12-01,8,3170722.4
MX-HID,2019,1,2019-01-01,11,3250272.45
MX-HID,2019,2,2019-02-01,15,3250272.45
MX-HID,2019,3,2019-03-01,16,3250272.45
MX-HID,2019,4,2019-04-01,14,3250272.45
MX-HID,2019,5,2019-05-01,44,3250272.45
MX-HID,2019,6,2019-06-01,71,3250272.45
MX-HID,2019,7,2019-07-01,85,3250272.45
MX-HID,2019,8,2019-08-01,307,3250272.45
MX-HID,2019,9,2019-09-01,586,3250272.45
MX-HID,2019,10,2019-10-01,791,3250272.45
MX-HID,2019,11,2019-11-01,352,3250272.45
MX-HID,2019,12,2019-12-01,136,3250272.45
MX-HID,2020,1,2020-01-01,29,3329822.5
MX-HID,2020,2,2020-02-01,28,3329822.5
MX-HID,2020,3,2020-03-01,31,3329822.5
MX-HID,2020,4,2020-04-01,48,3329822.5
MX-HID,2020,5,2020-05-01,77,3329822.5
MX-HID,2020,6,2020-06-01,218,3329822.5
MX-HID,2020,7,2020-07-01,325,3329822.5
MX-HID,2020,8,2020-08-01,268,3329822.5
MX-HID,2020,9,2020-09-01,211,3329822.5
MX-HID,2020,10,2020-10-01,252,3329822.5
MX-HID,2020,11,2020-11-01,74,3329822.5
MX-HID,2020,12,2020-12-01,5,3329822.5
MX-HID,2021,1,2021-01-01,3,3374097.7
MX-HID,2021,2,2021-02-01,2,3374097.7
MX-HID,2021,3,2021-03-01,10,3374097.7
MX-HID,2021,4,2021-04-01,4,3374097.7
MX-HID,2021,5,2021-05-01,16,3374097.7
MX-HID,2021,6,2021-06-01,22,3374097.7
MX-HID,2021,7,2021-07-01,36,3374097.7
MX-HID,2021,8,2021-08-01,30,3374097.7
MX-HID,2021,9,2021-09-01,40,3374097.7
MX-HID,2021,10,2021-10-01,22,3374097.7
MX-HID,2021,11,2021-11-01,14,3374097.7
MX-HID,2021,12,2021-12-01,3,3374097.7
MX-HID,2022,1,2022-01-01,3,3418372.9
MX-HID,2022,2,2022-02-01,7,3418372.9
MX-HID,2022,3,2022-03-01,14,3418372.9
MX-HID,2022,4,2022-04-01,21,3418372.9
MX-HID,2022,5,2022-05-01,37,3418372.9
MX-HID,2022,6,2022-06-01,65,3418372.9
MX-HID,2022,7,2022-07-01,27,3418372.9
MX-HID,2022,8,2022-08-01,1,3418372.9
MX-JAL,2002,12,2002-12-01,0,6581786.2
MX-JAL,2003,1,2003-01-01,0,6681625.3
MX-JAL,2003,2,2003-02-01,3,6681625.3
MX-JAL,2003,3,2003-03-01,10,6681625.3
MX-JAL,2003,4,2003-04-01,2,6681625.3
MX-JAL,2003,5,2003-05-01,5,6681625.3
MX-JAL,2003,6,2003-06-01,1,6681625.3
MX-JAL,2003,7,2003-07-01,0,6681625.3
MX-JAL,2003,8,2003-08-01,0,6681625.3
MX-JAL,2003,9,2003-09-01,2,6681625.3
MX-JAL,2003,10,2003-10-01,0,6681625.3
MX-JAL,2003,11,2003-11-01,7,6681625.3
MX-JAL,2003,12,2003-12-01,6,6681625.3
MX-JAL,2004,1,2004-01-01,0,6781464.4
MX-JAL,2004,2,2004-02-01,0,6781464.4
MX-JAL,2004,3,2004-03-01,0,6781464.4
MX-JAL,2004,4,2004-04-01,0,6781464.4
MX-JAL,2004,5,2004-05-01,0,6781464.4
MX-JAL,2004,6,2004-06-01,0,6781464.4
MX-JAL,2004,7,2004-07-01,0,6781464.4
MX-JAL,2004,8,2004-08-01,0,6781464.4
MX-JAL,2004,9,2004-09-01,0,6781464.4
MX-JAL,2004,10,2004-10-01,0,6781464.4
MX-JAL,2004,11,2004-11-01,27,6781464.4
MX-JAL,2004,12,2004-12-01,1,6781464.4
MX-JAL,2005,1,2005-01-01,0,6881303.5
MX-JAL,2005,2,2005-02-01,0,6881303.5
MX-JAL,2005,3,2005-03-01,0,6881303.5
MX-JAL,2005,4,2005-04-01,0,6881303.5
MX-JAL,2005,5,2005-05-01,0,6881303.5
MX-JAL,2005,6,2005-06-01,1,6881303.5
MX-JAL,2005,7,2005-07-01,3,6881303.5
MX-JAL,2005,8,2005-08-01,0,6881303.5
MX-JAL,2005,9,2005-09-01,12,6881303.5
MX-JAL,2005,10,2005-10-01,20,6881303.5
MX-JAL,2005,11,2005-11-01,33,6881303.5
MX-JAL,2005,12,2005-12-01,22,6881303.5
MX-JAL,2006,1,2006-01-01,0,6975940
MX-JAL,2006,2,2006-02-01,0,6975940
MX-JAL,2006,3,2006-03-01,3,6975940
MX-JAL,2006,4,2006-04-01,3,6975940
MX-JAL,2006,5,2006-05-01,1,6975940
MX-JAL,2006,6,2006-06-01,4,6975940
MX-JAL,2006,7,2006-07-01,4,6975940
MX-JAL,2006,8,2006-08-01,47,6975940
MX-JAL,2006,9,2006-09-01,143,6975940
MX-JAL,2006,10,2006-10-01,155,6975940
MX-JAL,2006,11,2006-11-01,533,6975940
MX-JAL,2006,12,2006-12-01,592,6975940
MX-JAL,2007,1,2007-01-01,131,7070576.5
MX-JAL,2007,2,2007-02-01,211,7070576.5
MX-JAL,2007,3,2007-03-01,109,7070576.5
MX-JAL,2007,4,2007-04-01,12,7070576.5
MX-JAL,2007,5,2007-05-01,3,7070576.5
MX-JAL,2007,6,2007-06-01,11,7070576.5
MX-JAL,2007,7,2007-07-01,0,7070576.5
MX-JAL,2007,8,2007-08-01,13,7070576.5
MX-JAL,2007,9,2007-09-01,87,7070576.5
MX-JAL,2007,10,2007-10-01,102,7070576.5
MX-JAL,2007,11,2007-11-01,263,7070576.5
MX-JAL,2007,12,2007-12-01,11,7070576.5
MX-JAL,2012,12,2012-12-01,0,7525302.6
MX-JAL,2013,1,2013-01-01,31,7610710.9
MX-JAL,2013,2,2013-02-01,31,7610710.9
MX-JAL,2013,3,2013-03-01,41,7610710.9
MX-JAL,2013,4,2013-04-01,34,7610710.9
MX-JAL,2013,5,2013-05-01,60,7610710.9
MX-JAL,2013,6,2013-06-01,119,7610710.9
MX-JAL,2013,7,2013-07-01,204,7610710.9
MX-JAL,2013,8,2013-08-01,271,7610710.9
MX-JAL,2013,9,2013-09-01,436,7610710.9
MX-JAL,2013,10,2013-10-01,821,7610710.9
MX-JAL,2013,11,2013-11-01,640,7610710.9
MX-JAL,2013,12,2013-12-01,411,7610710.9
MX-JAL,2017,1,2017-01-01,329,7889488.3
MX-JAL,2017,2,2017-02-01,203,7889488.3
MX-JAL,2017,3,2017-03-01,361,7889488.3
MX-JAL,2017,4,2017-04-01,240,7889488.3
MX-JAL,2017,5,2017-05-01,395,7889488.3
MX-JAL,2017,6,2017-06-01,795,7889488.3
MX-JAL,2017,7,2017-07-01,640,7889488.3
MX-JAL,2017,8,2017-08-01,1060,7889488.3
MX-JAL,2017,9,2017-09-01,1713,7889488.3
MX-JAL,2017,10,2017-10-01,2744,7889488.3
MX-JAL,2017,11,2017-11-01,2757,7889488.3
MX-JAL,2017,12,2017-12-01,503,7889488.3
MX-JAL,2018,1,2018-01-01,227,7943468.7
MX-JAL,2018,2,2018-02-01,154,7943468.7
MX-JAL,2018,3,2018-03-01,174,7943468.7
MX-JAL,2018,4,2018-04-01,248,7943468.7
MX-JAL,2018,5,2018-05-01,363,7943468.7
MX-JAL,2018,6,2018-06-01,565,7943468.7
MX-JAL,2018,7,2018-07-01,820,7943468.7
MX-JAL,2018,8,2018-08-01,1736,7943468.7
MX-JAL,2018,9,2018-09-01,2831,7943468.7
MX-JAL,2018,10,2018-10-01,4148,7943468.7
MX-JAL,2018,11,2018-11-01,2726,7943468.7
MX-JAL,2018,12,2018-12-01,838,7943468.7
MX-JAL,2019,1,2019-01-01,629,7997449.1
MX-JAL,2019,2,2019-02-01,472,7997449.1
MX-JAL,2019,3,2019-03-01,451,7997449.1
MX-JAL,2019,4,2019-04-01,368,7997449.1
MX-JAL,2019,5,2019-05-01,521,7997449.1
MX-JAL,2019,6,2019-06-01,1085,7997449.1
MX-JAL,2019,7,2019-07-01,2175,7997449.1
MX-JAL,2019,8,2019-08-01,323,7997449.1
MX-JAL,2019,12,2019-12-01,1136,7997449.1
MX-JAL,2020,1,2020-01-01,751,8051429.5
MX-JAL,2020,2,2020-02-01,502,8051429.5
MX-JAL,2020,3,2020-03-01,417,8051429.5
MX-JAL,2020,4,2020-04-01,411,8051429.5
MX-JAL,2020,5,2020-05-01,1207,8051429.5
MX-JAL,2020,6,2020-06-01,2182,8051429.5
MX-JAL,2020,7,2020-07-01,2525,8051429.5
MX-JAL,2020,8,2020-08-01,2908,8051429.5
MX-JAL,2020,9,2020-09-01,2258,8051429.5
MX-JAL,2020,11,2020-11-01,2580,8051429.5
MX-JAL,2020,12,2020-12-01,1078,8051429.5
MX-JAL,2021,1,2021-01-01,292,8090854.9
MX-JAL,2021,2,2021-02-01,168,8090854.9
MX-JAL,2021,3,2021-03-01,198,8090854.9
MX-JAL,2021,4,2021-04-01,189,8090854.9
MX-JAL,2021,5,2021-05-01,301,8090854.9
MX-JAL,2021,6,2021-06-01,430,8090854.9
MX-JAL,2021,7,2021-07-01,652,8090854.9
MX-JAL,2021,8,2021-08-01,540,8090854.9
MX-JAL,2021,9,2021-09-01,397,8090854.9
MX-JAL,2021,10,2021-10-01,386,8090854.9
MX-JAL,2021,11,2021-11-01,253,8090854.9
MX-JAL,2021,12,2021-12-01,64,8090854.9
MX-JAL,2022,1,2022-01-01,107,8130280.3
MX-JAL,2022,2,2022-02-01,57,8130280.3
MX-JAL,2022,3,2022-03-01,102,8130280.3
MX-JAL,2022,4,2022-04-01,157,8130280.3
MX-JAL,2022,5,2022-05-01,287,8130280.3
MX-JAL,2022,6,2022-06-01,489,8130280.3
MX-JAL,2022,7,2022-07-01,430,8130280.3
MX-JAL,2022,8,2022-08-01,117,8130280.3
MX-JAL,2022,12,2022-12-01,4,8130280.3
MX-MEX,2002,12,2002-12-01,0,14686569.4
MX-MEX,2003,1,2003-01-01,0,14858501.6
MX-MEX,2003,2,2003-02-01,0,14858501.6
MX-MEX,2003,3,2003-03-01,0,14858501.6
MX-MEX,2003,4,2003-04-01,0,14858501.6
MX-MEX,2003,5,2003-05-01,0,14858501.6
MX-MEX,2003,6,2003-06-01,0,14858501.6
MX-MEX,2003,7,2003-07-01,0,14858501.6
MX-MEX,2003,8,2003-08-01,0,14858501.6
MX-MEX,2003,9,2003-09-01,0,14858501.6
MX-MEX,2003,10,2003-10-01,0,14858501.6
MX-MEX,2003,11,2003-11-01,0,14858501.6
MX-MEX,2003,12,2003-12-01,0,14858501.6
MX-MEX,2004,1,2004-01-01,0,15030433.8
MX-MEX,2004,2,2004-02-01,0,15030433.8
MX-MEX,2004,3,2004-03-01,0,15030433.8
MX-MEX,2004,4,2004-04-01,0,15030433.8
MX-MEX,2004,5,2004-05-01,0,15030433.8
MX-MEX,2004,6,2004-06-01,0,15030433.8
MX-MEX,2004,7,2004-07-01,0,15030433.8
MX-MEX,2004,8,2004-08-01,11,15030433.8
MX-MEX,2004,9,2004-09-01,2,15030433.8
MX-MEX,2004,10,2004-10-01,3,15030433.8
MX-MEX,2004,11,2004-11-01,6,15030433.8
MX-MEX,2004,12,2004-12-01,6,15030433.8
MX-MEX,2005,1,2005-01-01,0,15202366
MX-MEX,2005,2,2005-02-01,0,15202366
MX-MEX,2005,3,2005-03-01,0,15202366
MX-MEX,2005,4,2005-04-01,0,15202366
MX-MEX,2005,5,2005-05-01,0,15202366
MX-MEX,2005,6,2005-06-01,0,15202366
MX-MEX,2005,7,2005-07-01,0,15202366
MX-MEX,2005,8,2005-08-01,0,15202366
MX-MEX,2005,9,2005-09-01,0,15202366
MX-MEX,2005,10,2005-10-01,0,15202366
MX-MEX,2005,11,2005-11-01,0,15202366
MX-MEX,2005,12,2005-12-01,0,15202366
MX-MEX,2006,1,2006-01-01,0,15385287.4
MX-MEX,2006,2,2006-02-01,0,15385287.4
MX-MEX,2006,3,2006-03-01,0,15385287.4
MX-MEX,2006,4,2006-04-01,0,15385287.4
MX-MEX,2006,5,2006-05-01,0,15385287.4
MX-MEX,2006,6,2006-06-01,0,15385287.4
MX-MEX,2006,7,2006-07-01,1,15385287.4
MX-MEX,2006,8,2006-08-01,0,15385287.4
MX-MEX,2006,9,2006-09-01,0,15385287.4
MX-MEX,2006,10,2006-10-01,0,15385287.4
MX-MEX,2006,11,2006-11-01,0,15385287.4
MX-MEX,2006,12,2006-12-01,0,15385287.4
MX-MEX,2007,1,2007-01-01,0,15568208.8
MX-MEX,2007,2,2007-02-01,0,15568208.8
MX-MEX,2007,3,2007-03-01,0,15568208.8
MX-MEX,2007,4,2007-04-01,0,15568208.8
MX-MEX,2007,5,2007-05-01,0,15568208.8
MX-MEX,2007,6,2007-06-01,3,15568208.8
MX-MEX,2007,7,2007-07-01,5,15568208.8
MX-MEX,2007,8,2007-08-01,1,15568208.8
MX-MEX,2007,9,2007-09-01,0,15568208.8
MX-MEX,2007,10,2007-10-01,2,15568208.8
MX-MEX,2007,11,2007-11-01,2,15568208.8
MX-MEX,2007,12,2007-12-01,7,15568208.8
MX-MEX,2012,12,2012-12-01,0,16585838.2
MX-MEX,2013,1,2013-01-01,4,16820270.8
MX-MEX,2013,2,2013-02-01,1,16820270.8
MX-MEX,2013,3,2013-03-01,4,16820270.8
MX-MEX,2013,4,2013-04-01,0,16820270.8
MX-MEX,2013,5,2013-05-01,0,16820270.8
MX-MEX,2013,6,2013-06-01,0,16820270.8
MX-MEX,2013,7,2013-07-01,0,16820270.8
MX-MEX,2013,8,2013-08-01,1,16820270.8
MX-MEX,2013,9,2013-09-01,2,16820270.8
MX-MEX,2013,10,2013-10-01,1,16820270.8
MX-MEX,2013,11,2013-11-01,0,16820270.8
MX-MEX,2013,12,2013-12-01,0,16820270.8
MX-MEX,2017,1,2017-01-01,23,17238977.6
MX-MEX,2017,2,2017-02-01,25,17238977.6
MX-MEX,2017,3,2017-03-01,34,17238977.6
MX-MEX,2017,4,2017-04-01,62,17238977.6
MX-MEX,2017,5,2017-05-01,137,17238977.6
MX-MEX,2017,6,2017-06-01,182,17238977.6
MX-MEX,2017,7,2017-07-01,154,17238977.6
MX-MEX,2017,8,2017-08-01,223,17238977.6
MX-MEX,2017,9,2017-09-01,277,17238977.6
MX-MEX,2017,10,2017-10-01,307,17238977.6
MX-MEX,2017,11,2017-11-01,189,17238977.6
MX-MEX,2017,12,2017-12-01,26,17238977.6
MX-MEX,2018,1,2018-01-01,14,17213898.4
MX-MEX,2018,2,2018-02-01,9,17213898.4
MX-MEX,2018,3,2018-03-01,27,17213898.4
MX-MEX,2018,4,2018-04-01,25,17213898.4
MX-MEX,2018,5,2018-05-01,39,17213898.4
MX-MEX,2018,6,2018-06-01,81,17213898.4
MX-MEX,2018,7,2018-07-01,90,17213898.4
MX-MEX,2018,8,2018-08-01,136,17213898.4
MX-MEX,2018,9,2018-09-01,124,17213898.4
MX-MEX,2018,10,2018-10-01,69,17213898.4
MX-MEX,2018,11,2018-11-01,49,17213898.4
MX-MEX,2018,12,2018-12-01,12,17213898.4
MX-MEX,2019,1,2019-01-01,15,17188819.2
MX-MEX,2019,2,2019-02-01,25,17188819.2
MX-MEX,2019,3,2019-03-01,27,17188819.2
MX-MEX,2019,4,2019-04-01,53,17188819.2
MX-MEX,2019,5,2019-05-01,43,17188819.2
MX-MEX,2019,6,2019-06-01,47,17188819.2
MX-MEX,2019,7,2019-07-01,69,17188819.2
MX-MEX,2019,8,2019-08-01,97,17188819.2
MX-MEX,2019,9,2019-09-01,73,17188819.2
MX-MEX,2019,10,2019-10-01,73,17188819.2
MX-MEX,2019,11,2019-11-01,79,17188819.2
MX-MEX,2019,12,2019-12-01,44,17188819.2
MX-MEX,2020,1,2020-01-01,40,17163740
MX-MEX,2020,2,2020-02-01,55,17163740
MX-MEX,2020,3,2020-03-01,78,17163740
MX-MEX,2020,4,2020-04-01,51,17163740
MX-MEX,2020,5,2020-05-01,65,17163740
MX-MEX,2020,6,2020-06-01,42,17163740
MX-MEX,2020,7,2020-07-01,87,17163740
MX-MEX,2020,8,2020-08-01,109,17163740
MX-MEX,2020,9,2020-09-01,121,17163740
MX-MEX,2020,10,2020-10-01,106,17163740
MX-MEX,2020,11,2020-11-01,50,17163740
MX-MEX,2020,12,2020-12-01,14,17163740
MX-MEX,2021,1,2021-01-01,16,17268640.8
MX-MEX,2021,2,2021-02-01,27,17268640.8
MX-MEX,2021,3,2021-03-01,15,17268640.8
MX-MEX,2021,4,2021-04-01,14,17268640.8
MX-MEX,2021,5,2021-05-01,70,17268640.8
MX-MEX,2021,6,2021-06-01,100,17268640.8
MX-MEX,2021,7,2021-07-01,60,17268640.8
MX-MEX,2021,8,2021-08-01,76,17268640.8
MX-MEX,2021,9,2021-09-01,45,17268640.8
MX-MEX,2021,10,2021-10-01,57,17268640.8
MX-MEX,2021,11,2021-11-01,53,17268640.8
MX-MEX,2021,12,2021-12-01,10,17268640.8
MX-MEX,2022,1,2022-01-01,11,17373541.6
MX-MEX,2022,2,2022-02-01,12,17373541.6
MX-MEX,2022,3,2022-03-01,29,17373541.6
MX-MEX,2022,4,2022-04-01,74,17373541.6
MX-MEX,2022,5,2022-05-01,262,17373541.6
MX-MEX,2022,6,2022-06-01,780,17373541.6
MX-MEX,2022,7,2022-07-01,527,17373541.6
MX-MEX,2022,8,2022-08-01,129,17373541.6
MX-MIC,2002,12,2002-12-01,0,3846228.9
MX-MIC,2003,1,2003-01-01,0,3916878.6
MX-MIC,2003,2,2003-02-01,2,3916878.6
MX-MIC,2003,3,2003-03-01,17,3916878.6
MX-MIC,2003,4,2003-04-01,7,3916878.6
MX-MIC,2003,5,2003-05-01,4,3916878.6
MX-MIC,2003,6,2003-06-01,4,3916878.6
MX-MIC,2003,7,2003-07-01,0,3916878.6
MX-MIC,2003,8,2003-08-01,1,3916878.6
MX-MIC,2003,9,2003-09-01,17,3916878.6
MX-MIC,2003,10,2003-10-01,19,3916878.6
MX-MIC,2003,11,2003-11-01,16,3916878.6
MX-MIC,2003,12,2003-12-01,21,3916878.6
MX-MIC,2004,1,2004-01-01,1,3987528.3
MX-MIC,2004,2,2004-02-01,2,3987528.3
MX-MIC,2004,3,2004-03-01,2,3987528.3
MX-MIC,2004,4,2004-04-01,7,3987528.3
MX-MIC,2004,5,2004-05-01,7,3987528.3
MX-MIC,2004,6,2004-06-01,5,3987528.3
MX-MIC,2004,7,2004-07-01,5,3987528.3
MX-MIC,2004,8,2004-08-01,21,3987528.3
MX-MIC,2004,9,2004-09-01,17,3987528.3
MX-MIC,2004,10,2004-10-01,0,3987528.3
MX-MIC,2004,11,2004-11-01,15,3987528.3
MX-MIC,2004,12,2004-12-01,11,3987528.3
MX-MIC,2005,1,2005-01-01,0,4058178
MX-MIC,2005,2,2005-02-01,0,4058178
MX-MIC,2005,3,2005-03-01,2,4058178
MX-MIC,2005,4,2005-04-01,9,4058178
MX-MIC,2005,5,2005-05-01,0,4058178
MX-MIC,2005,6,2005-06-01,1,4058178
MX-MIC,2005,7,2005-07-01,1,4058178
MX-MIC,2005,8,2005-08-01,3,4058178
MX-MIC,2005,9,2005-09-01,3,4058178
MX-MIC,2005,10,2005-10-01,3,4058178
MX-MIC,2005,11,2005-11-01,6,4058178
MX-MIC,2005,12,2005-12-01,9,4058178
MX-MIC,2006,1,2006-01-01,3,4120014.3
MX-MIC,2006,2,2006-02-01,4,4120014.3
MX-MIC,2006,3,2006-03-01,14,4120014.3
MX-MIC,2006,4,2006-04-01,10,4120014.3
MX-MIC,2006,5,2006-05-01,10,4120014.3
MX-MIC,2006,6,2006-06-01,23,4120014.3
MX-MIC,2006,7,2006-07-01,20,4120014.3
MX-MIC,2006,8,2006-08-01,30,4120014.3
MX-MIC,2006,9,2006-09-01,60,4120014.3
MX-MIC,2006,10,2006-10-01,105,4120014.3
MX-MIC,2006,11,2006-11-01,91,4120014.3
MX-MIC,2006,12,2006-12-01,37,4120014.3
MX-MIC,2007,1,2007-01-01,15,4181850.6
MX-MIC,2007,2,2007-02-01,44,4181850.6
MX-MIC,2007,3,2007-03-01,45,4181850.6
MX-MIC,2007,4,2007-04-01,19,4181850.6
MX-MIC,2007,5,2007-05-01,15,4181850.6
MX-MIC,2007,6,2007-06-01,23,4181850.6
MX-MIC,2007,7,2007-07-01,33,4181850.6
MX-MIC,2007,8,2007-08-01,37,4181850.6
MX-MIC,2007,9,2007-09-01,131,4181850.6
MX-MIC,2007,10,2007-10-01,918,4181850.6
MX-MIC,2007,11,2007-11-01,754,4181850.6
MX-MIC,2007,12,2007-12-01,119,4181850.6
MX-MIC,2012,12,2012-12-01,0,4493430.9
MX-MIC,2013,1,2013-01-01,97,4556466.6
MX-MIC,2013,2,2013-02-01,124,4556466.6
MX-MIC,2013,3,2013-03-01,132,4556466.6
MX-MIC,2013,4,2013-04-01,54,4556466.6
MX-MIC,2013,5,2013-05-01,57,4556466.6
MX-MIC,2013,6,2013-06-01,93,4556466.6
MX-MIC,2013,7,2013-07-01,76,4556466.6
MX-MIC,2013,8,2013-08-01,120,4556466.6
MX-MIC,2013,9,2013-09-01,122,4556466.6
MX-MIC,2013,10,2013-10-01,164,4556466.6
MX-MIC,2013,11,2013-11-01,127,4556466.6
MX-MIC,2013,12,2013-12-01,147,4556466.6
MX-MIC,2017,1,2017-01-01,100,4870326.2
MX-MIC,2017,2,2017-02-01,107,4870326.2
MX-MIC,2017,3,2017-03-01,102,4870326.2
MX-MIC,2017,4,2017-04-01,87,4870326.2
MX-MIC,2017,5,2017-05-01,99,4870326.2
MX-MIC,2017,6,2017-06-01,191,4870326.2
MX-MIC,2017,7,2017-07-01,182,4870326.2
MX-MIC,2017,8,2017-08-01,219,4870326.2
MX-MIC,2017,9,2017-09-01,226,4870326.2
MX-MIC,2017,10,2017-10-01,272,4870326.2
MX-MIC,2017,11,2017-11-01,271,4870326.2
MX-MIC,2017,12,2017-12-01,73,4870326.2
MX-MIC,2018,1,2018-01-01,56,4964220.3
MX-MIC,2018,2,2018-02-01,69,4964220.3
MX-MIC,2018,3,2018-03-01,79,4964220.3
MX-MIC,2018,4,2018-04-01,83,4964220.3
MX-MIC,2018,5,2018-05-01,102,4964220.3
MX-MIC,2018,6,2018-06-01,171,4964220.3
MX-MIC,2018,7,2018-07-01,158,4964220.3
MX-MIC,2018,8,2018-08-01,229,4964220.3
MX-MIC,2018,9,2018-09-01,309,4964220.3
MX-MIC,2018,10,2018-10-01,381,4964220.3
MX-MIC,2018,11,2018-11-01,258,4964220.3
MX-MIC,2018,12,2018-12-01,128,4964220.3
MX-MIC,2019,1,2019-01-01,161,5058114.4
MX-MIC,2019,2,2019-02-01,204,5058114.4
MX-MIC,2019,3,2019-03-01,242,5058114.4
MX-MIC,2019,4,2019-04-01,179,5058114.4
MX-MIC,2019,5,2019-05-01,170,5058114.4
MX-MIC,2019,6,2019-06-01,204,5058114.4
MX-MIC,2019,7,2019-07-01,349,5058114.4
MX-MIC,2019,8,2019-08-01,780,5058114.4
MX-MIC,2019,9,2019-09-01,959,5058114.4
MX-MIC,2019,10,2019-10-01,1096,5058114.4
MX-MIC,2019,11,2019-11-01,826,5058114.4
MX-MIC,2019,12,2019-12-01,303,5058114.4
MX-MIC,2020,1,2020-01-01,256,5152008.5
MX-MIC,2020,2,2020-02-01,213,5152008.5
MX-MIC,2020,3,2020-03-01,205,5152008.5
MX-MIC,2020,4,2020-04-01,206,5152008.5
MX-MIC,2020,5,2020-05-01,757,5152008.5
MX-MIC,2020,6,2020-06-01,1462,5152008.5
MX-MIC,2020,7,2020-07-01,1296,5152008.5
MX-MIC,2020,8,2020-08-01,1418,5152008.5
MX-MIC,2020,9,2020-09-01,1920,5152008.5
MX-MIC,2020,10,2020-10-01,2047,5152008.5
MX-MIC,2020,11,2020-11-01,1249,5152008.5
MX-MIC,2020,12,2020-12-01,492,5152008.5
MX-MIC,2021,1,2021-01-01,160,5192285.8
MX-MIC,2021,2,2021-02-01,113,5192285.8
MX-MIC,2021,3,2021-03-01,113,5192285.8
MX-MIC,2021,4,2021-04-01,116,5192285.8
MX-MIC,2021,5,2021-05-01,112,5192285.8
MX-MIC,2021,6,2021-06-01,116,5192285.8
MX-MIC,2021,7,2021-07-01,194,5192285.8
MX-MIC,2021,8,2021-08-01,140,5192285.8
MX-MIC,2021,9,2021-09-01,137,5192285.8
MX-MIC,2021,10,2021-10-01,147,5192285.8
MX-MIC,2021,11,2021-11-01,187,5192285.8
MX-MIC,2021,12,2021-12-01,45,5192285.8
MX-MIC,2022,1,2022-01-01,90,5232563.1
MX-MIC,2022,2,2022-02-01,77,5232563.1
MX-MIC,2022,3,2022-03-01,62,5232563.1
MX-MIC,2022,4,2022-04-01,75,5232563.1
MX-MIC,2022,5,2022-05-01,80,5232563.1
MX-MIC,2022,6,2022-06-01,87,5232563.1
MX-MIC,2022,7,2022-07-01,162,5232563.1
MX-MIC,2022,8,2022-08-01,42,5232563.1
MX-MIC,2022,12,2022-12-01,4,5232563.1
MX-MOR,2002,12,2002-12-01,0,1591566.625
MX-MOR,2003,1,2003-01-01,1,1616890.375
MX-MOR,2003,2,2003-02-01,1,1616890.375
MX-MOR,2003,3,2003-03-01,0,1616890.375
MX-MOR,2003,4,2003-04-01,2,1616890.375
MX-MOR,2003,5,2003-05-01,0,1616890.375
MX-MOR,2003,6,2003-06-01,12,1616890.375
MX-MOR,2003,7,2003-07-01,5,1616890.375
MX-MOR,2003,8,2003-08-01,12,1616890.375
MX-MOR,2003,9,2003-09-01,8,1616890.375
MX-MOR,2003,10,2003-10-01,19,1616890.375
MX-MOR,2003,11,2003-11-01,14,1616890.375
MX-MOR,2003,12,2003-12-01,12,1616890.375
MX-MOR,2004,1,2004-01-01,0,1642214.125
MX-MOR,2004,2,2004-02-01,0,1642214.125
MX-MOR,2004,3,2004-03-01,0,1642214.125
MX-MOR,2004,4,2004-04-01,0,1642214.125
MX-MOR,2004,5,2004-05-01,0,1642214.125
MX-MOR,2004,6,2004-06-01,0,1642214.125
MX-MOR,2004,7,2004-07-01,3,1642214.125
MX-MOR,2004,8,2004-08-01,17,1642214.125
MX-MOR,2004,9,2004-09-01,18,1642214.125
MX-MOR,2004,10,2004-10-01,25,1642214.125
MX-MOR,2004,11,2004-11-01,15,1642214.125
MX-MOR,2004,12,2004-12-01,3,1642214.125
MX-MOR,2005,1,2005-01-01,0,1667537.875
MX-MOR,2005,2,2005-02-01,0,1667537.875
MX-MOR,2005,3,2005-03-01,3,1667537.875
MX-MOR,2005,4,2005-04-01,4,1667537.875
MX-MOR,2005,5,2005-05-01,32,1667537.875
MX-MOR,2005,6,2005-06-01,31,1667537.875
MX-MOR,2005,7,2005-07-01,27,1667537.875
MX-MOR,2005,8,2005-08-01,36,1667537.875
MX-MOR,2005,9,2005-09-01,17,1667537.875
MX-MOR,2005,10,2005-10-01,50,1667537.875
MX-MOR,2005,11,2005-11-01,49,1667537.875
MX-MOR,2005,12,2005-12-01,18,1667537.875
MX-MOR,2006,1,2006-01-01,1,1694516.025
MX-MOR,2006,2,2006-02-01,2,1694516.025
MX-MOR,2006,3,2006-03-01,7,1694516.025
MX-MOR,2006,4,2006-04-01,1,1694516.025
MX-MOR,2006,5,2006-05-01,6,1694516.025
MX-MOR,2006,6,2006-06-01,55,1694516.025
MX-MOR,2006,7,2006-07-01,171,1694516.025
MX-MOR,2006,8,2006-08-01,370,1694516.025
MX-MOR,2006,9,2006-09-01,407,1694516.025
MX-MOR,2006,10,2006-10-01,589,1694516.025
MX-MOR,2006,11,2006-11-01,872,1694516.025
MX-MOR,2006,12,2006-12-01,304,1694516.025
MX-MOR,2007,1,2007-01-01,13,1721494.175
MX-MOR,2007,2,2007-02-01,9,1721494.175
MX-MOR,2007,3,2007-03-01,18,1721494.175
MX-MOR,2007,4,2007-04-01,12,1721494.175
MX-MOR,2007,5,2007-05-01,14,1721494.175
MX-MOR,2007,6,2007-06-01,47,1721494.175
MX-MOR,2007,7,2007-07-01,164,1721494.175
MX-MOR,2007,8,2007-08-01,170,1721494.175
MX-MOR,2007,9,2007-09-01,219,1721494.175
MX-MOR,2007,10,2007-10-01,271,1721494.175
MX-MOR,2007,11,2007-11-01,265,1721494.175
MX-MOR,2007,12,2007-12-01,99,1721494.175
MX-MOR,2012,12,2012-12-01,0,1860134.825
MX-MOR,2013,1,2013-01-01,5,1888987.925
MX-MOR,2013,2,2013-02-01,13,1888987.925
MX-MOR,2013,3,2013-03-01,5,1888987.925
MX-MOR,2013,4,2013-04-01,5,1888987.925
MX-MOR,2013,5,2013-05-01,25,1888987.925
MX-MOR,2013,6,2013-06-01,288,1888987.925
MX-MOR,2013,7,2013-07-01,573,1888987.925
MX-MOR,2013,8,2013-08-01,902,1888987.925
MX-MOR,2013,9,2013-09-01,742,1888987.925
MX-MOR,2013,10,2013-10-01,498,1888987.925
MX-MOR,2013,11,2013-11-01,140,1888987.925
MX-MOR,2013,12,2013-12-01,31,1888987.925
MX-MOR,2017,1,2017-01-01,144,1982015.425
MX-MOR,2017,2,2017-02-01,121,1982015.425
MX-MOR,2017,3,2017-03-01,191,1982015.425
MX-MOR,2017,4,2017-04-01,114,1982015.425
MX-MOR,2017,5,2017-05-01,145,1982015.425
MX-MOR,2017,6,2017-06-01,352,1982015.425
MX-MOR,2017,7,2017-07-01,421,1982015.425
MX-MOR,2017,8,2017-08-01,668,1982015.425
MX-MOR,2017,9,2017-09-01,411,1982015.425
MX-MOR,2017,10,2017-10-01,411,1982015.425
MX-MOR,2017,11,2017-11-01,290,1982015.425
MX-MOR,2017,12,2017-12-01,67,1982015.425
MX-MOR,2018,1,2018-01-01,52,1999676.075
MX-MOR,2018,2,2018-02-01,89,1999676.075
MX-MOR,2018,3,2018-03-01,75,1999676.075
MX-MOR,2018,4,2018-04-01,82,1999676.075
MX-MOR,2018,5,2018-05-01,132,1999676.075
MX-MOR,2018,6,2018-06-01,106,1999676.075
MX-MOR,2018,7,2018-07-01,138,1999676.075
MX-MOR,2018,8,2018-08-01,167,1999676.075
MX-MOR,2018,9,2018-09-01,202,1999676.075
MX-MOR,2018,10,2018-10-01,242,1999676.075
MX-MOR,2018,11,2018-11-01,187,1999676.075
MX-MOR,2018,12,2018-12-01,84,1999676.075
MX-MOR,2019,1,2019-01-01,74,2017336.725
MX-MOR,2019,2,2019-02-01,68,2017336.725
MX-MOR,2019,3,2019-03-01,77,2017336.725
MX-MOR,2019,4,2019-04-01,100,2017336.725
MX-MOR,2019,5,2019-05-01,240,2017336.725
MX-MOR,2019,6,2019-06-01,574,2017336.725
MX-MOR,2019,7,2019-07-01,1394,2017336.725
MX-MOR,2019,8,2019-08-01,2516,2017336.725
MX-MOR,2019,9,2019-09-01,2626,2017336.725
MX-MOR,2019,10,2019-10-01,1740,2017336.725
MX-MOR,2019,11,2019-11-01,1036,2017336.725
MX-MOR,2019,12,2019-12-01,441,2017336.725
MX-MOR,2020,1,2020-01-01,186,2034997.375
MX-MOR,2020,2,2020-02-01,108,2034997.375
MX-MOR,2020,3,2020-03-01,89,2034997.375
MX-MOR,2020,4,2020-04-01,86,2034997.375
MX-MOR,2020,5,2020-05-01,125,2034997.375
MX-MOR,2020,6,2020-06-01,201,2034997.375
MX-MOR,2020,7,2020-07-01,475,2034997.375
MX-MOR,2020,8,2020-08-01,651,2034997.375
MX-MOR,2020,9,2020-09-01,763,2034997.375
MX-MOR,2020,10,2020-10-01,624,2034997.375
MX-MOR,2020,11,2020-11-01,384,2034997.375
MX-MOR,2020,12,2020-12-01,177,2034997.375
MX-MOR,2021,1,2021-01-01,47,2056086.85
MX-MOR,2021,2,2021-02-01,49,2056086.85
MX-MOR,2021,3,2021-03-01,72,2056086.85
MX-MOR,2021,4,2021-04-01,140,2056086.85
MX-MOR,2021,5,2021-05-01,335,2056086.85
MX-MOR,2021,6,2021-06-01,462,2056086.85
MX-MOR,2021,7,2021-07-01,594,2056086.85
MX-MOR,2021,8,2021-08-01,546,2056086.85
MX-MOR,2021,9,2021-09-01,364,2056086.85
MX-MOR,2021,10,2021-10-01,397,2056086.85
MX-MOR,2021,11,2021-11-01,235,2056086.85
MX-MOR,2021,12,2021-12-01,44,2056086.85
MX-MOR,2022,1,2022-01-01,61,2077176.325
MX-MOR,2022,2,2022-02-01,48,2077176.325
MX-MOR,2022,3,2022-03-01,65,2077176.325
MX-MOR,2022,4,2022-04-01,62,2077176.325
MX-MOR,2022,5,2022-05-01,188,2077176.325
MX-MOR,2022,6,2022-06-01,267,2077176.325
MX-MOR,2022,7,2022-07-01,327,2077176.325
MX-MOR,2022,8,2022-08-01,109,2077176.325
MX-MOR,2022,12,2022-12-01,1,2077176.325
MX-NAY,2002,12,2002-12-01,0,861831.45
MX-NAY,2003,1,2003-01-01,11,882771.1125
MX-NAY,2003,2,2003-02-01,17,882771.1125
MX-NAY,2003,3,2003-03-01,6,882771.1125
MX-NAY,2003,4,2003-04-01,8,882771.1125
MX-NAY,2003,5,2003-05-01,9,882771.1125
MX-NAY,2003,6,2003-06-01,5,882771.1125
MX-NAY,2003,7,2003-07-01,23,882771.1125
MX-NAY,2003,8,2003-08-01,12,882771.1125
MX-NAY,2003,9,2003-09-01,2,882771.1125
MX-NAY,2003,10,2003-10-01,10,882771.1125
MX-NAY,2003,11,2003-11-01,5,882771.1125
MX-NAY,2003,12,2003-12-01,4,882771.1125
MX-NAY,2004,1,2004-01-01,0,903710.775
MX-NAY,2004,2,2004-02-01,0,903710.775
MX-NAY,2004,3,2004-03-01,1,903710.775
MX-NAY,2004,4,2004-04-01,12,903710.775
MX-NAY,2004,5,2004-05-01,6,903710.775
MX-NAY,2004,6,2004-06-01,6,903710.775
MX-NAY,2004,7,2004-07-01,7,903710.775
MX-NAY,2004,8,2004-08-01,58,903710.775
MX-NAY,2004,9,2004-09-01,47,903710.775
MX-NAY,2004,10,2004-10-01,24,903710.775
MX-NAY,2004,11,2004-11-01,11,903710.775
MX-NAY,2004,12,2004-12-01,6,903710.775
MX-NAY,2005,1,2005-01-01,7,924650.4375
MX-NAY,2005,2,2005-02-01,29,924650.4375
MX-NAY,2005,3,2005-03-01,13,924650.4375
MX-NAY,2005,4,2005-04-01,9,924650.4375
MX-NAY,2005,5,2005-05-01,1,924650.4375
MX-NAY,2005,6,2005-06-01,6,924650.4375
MX-NAY,2005,7,2005-07-01,2,924650.4375
MX-NAY,2005,8,2005-08-01,26,924650.4375
MX-NAY,2005,9,2005-09-01,55,924650.4375
MX-NAY,2005,10,2005-10-01,105,924650.4375
MX-NAY,2005,11,2005-11-01,69,924650.4375
MX-NAY,2005,12,2005-12-01,135,924650.4375
MX-NAY,2006,1,2006-01-01,13,945038.7375
MX-NAY,2006,2,2006-02-01,13,945038.7375
MX-NAY,2006,3,2006-03-01,10,945038.7375
MX-NAY,2006,4,2006-04-01,19,945038.7375
MX-NAY,2006,5,2006-05-01,2,945038.7375
MX-NAY,2006,6,2006-06-01,68,945038.7375
MX-NAY,2006,7,2006-07-01,45,945038.7375
MX-NAY,2006,8,2006-08-01,21,945038.7375
MX-NAY,2006,9,2006-09-01,42,945038.7375
MX-NAY,2006,10,2006-10-01,64,945038.7375
MX-NAY,2006,11,2006-11-01,130,945038.7375
MX-NAY,2006,12,2006-12-01,73,945038.7375
MX-NAY,2007,1,2007-01-01,4,965427.0375
MX-NAY,2007,2,2007-02-01,38,965427.0375
MX-NAY,2007,3,2007-03-01,23,965427.0375
MX-NAY,2007,4,2007-04-01,20,965427.0375
MX-NAY,2007,5,2007-05-01,11,965427.0375
MX-NAY,2007,6,2007-06-01,61,965427.0375
MX-NAY,2007,7,2007-07-01,77,965427.0375
MX-NAY,2007,8,2007-08-01,136,965427.0375
MX-NAY,2007,9,2007-09-01,199,965427.0375
MX-NAY,2007,10,2007-10-01,47,965427.0375
MX-NAY,2007,11,2007-11-01,398,965427.0375
MX-NAY,2007,12,2007-12-01,35,965427.0375
MX-NAY,2012,12,2012-12-01,0,1076449.8125
MX-NAY,2013,1,2013-01-01,0,1101378.75
MX-NAY,2013,2,2013-02-01,0,1101378.75
MX-NAY,2013,3,2013-03-01,0,1101378.75
MX-NAY,2013,4,2013-04-01,43,1101378.75
MX-NAY,2013,5,2013-05-01,257,1101378.75
MX-NAY,2013,6,2013-06-01,66,1101378.75
MX-NAY,2013,7,2013-07-01,28,1101378.75
MX-NAY,2013,8,2013-08-01,186,1101378.75
MX-NAY,2013,9,2013-09-01,494,1101378.75
MX-NAY,2013,10,2013-10-01,499,1101378.75
MX-NAY,2013,11,2013-11-01,415,1101378.75
MX-NAY,2013,12,2013-12-01,42,1101378.75
MX-NAY,2017,1,2017-01-01,125,1211335.925
MX-NAY,2017,2,2017-02-01,95,1211335.925
MX-NAY,2017,3,2017-03-01,174,1211335.925
MX-NAY,2017,4,2017-04-01,205,1211335.925
MX-NAY,2017,5,2017-05-01,256,1211335.925
MX-NAY,2017,6,2017-06-01,211,1211335.925
MX-NAY,2017,7,2017-07-01,198,1211335.925
MX-NAY,2017,8,2017-08-01,268,1211335.925
MX-NAY,2017,9,2017-09-01,502,1211335.925
MX-NAY,2017,10,2017-10-01,364,1211335.925
MX-NAY,2017,11,2017-11-01,153,1211335.925
MX-NAY,2017,12,2017-12-01,38,1211335.925
MX-NAY,2018,1,2018-01-01,22,1241385.575
MX-NAY,2018,2,2018-02-01,30,1241385.575
MX-NAY,2018,3,2018-03-01,40,1241385.575
MX-NAY,2018,4,2018-04-01,40,1241385.575
MX-NAY,2018,5,2018-05-01,52,1241385.575
MX-NAY,2018,6,2018-06-01,59,1241385.575
MX-NAY,2018,7,2018-07-01,73,1241385.575
MX-NAY,2018,8,2018-08-01,103,1241385.575
MX-NAY,2018,9,2018-09-01,141,1241385.575
MX-NAY,2018,10,2018-10-01,216,1241385.575
MX-NAY,2018,11,2018-11-01,429,1241385.575
MX-NAY,2018,12,2018-12-01,86,1241385.575
MX-NAY,2019,1,2019-01-01,113,1271435.225
MX-NAY,2019,2,2019-02-01,55,1271435.225
MX-NAY,2019,3,2019-03-01,52,1271435.225
MX-NAY,2019,4,2019-04-01,68,1271435.225
MX-NAY,2019,5,2019-05-01,87,1271435.225
MX-NAY,2019,6,2019-06-01,119,1271435.225
MX-NAY,2019,7,2019-07-01,121,1271435.225
MX-NAY,2019,8,2019-08-01,301,1271435.225
MX-NAY,2019,9,2019-09-01,1072,1271435.225
MX-NAY,2019,10,2019-10-01,2373,1271435.225
MX-NAY,2019,11,2019-11-01,1858,1271435.225
MX-NAY,2019,12,2019-12-01,792,1271435.225
MX-NAY,2020,1,2020-01-01,448,1301484.875
MX-NAY,2020,2,2020-02-01,340,1301484.875
MX-NAY,2020,3,2020-03-01,408,1301484.875
MX-NAY,2020,4,2020-04-01,223,1301484.875
MX-NAY,2020,5,2020-05-01,216,1301484.875
MX-NAY,2020,6,2020-06-01,372,1301484.875
MX-NAY,2020,7,2020-07-01,371,1301484.875
MX-NAY,2020,8,2020-08-01,521,1301484.875
MX-NAY,2020,9,2020-09-01,784,1301484.875
MX-NAY,2020,10,2020-10-01,1549,1301484.875
MX-NAY,2020,11,2020-11-01,1367,1301484.875
MX-NAY,2020,12,2020-12-01,289,1301484.875
MX-NAY,2021,1,2021-01-01,61,1321468.6
MX-NAY,2021,2,2021-02-01,33,1321468.6
MX-NAY,2021,3,2021-03-01,52,1321468.6
MX-NAY,2021,4,2021-04-01,42,1321468.6
MX-NAY,2021,5,2021-05-01,40,1321468.6
MX-NAY,2021,6,2021-06-01,67,1321468.6
MX-NAY,2021,7,2021-07-01,90,1321468.6
MX-NAY,2021,8,2021-08-01,58,1321468.6
MX-NAY,2021,9,2021-09-01,48,1321468.6
MX-NAY,2021,10,2021-10-01,108,1321468.6
MX-NAY,2021,11,2021-11-01,72,1321468.6
MX-NAY,2021,12,2021-12-01,19,1321468.6
MX-NAY,2022,1,2022-01-01,28,1341452.325
MX-NAY,2022,2,2022-02-01,14,1341452.325
MX-NAY,2022,3,2022-03-01,18,1341452.325
MX-NAY,2022,4,2022-04-01,27,1341452.325
MX-NAY,2022,5,2022-05-01,39,1341452.325
MX-NAY,2022,6,2022-06-01,50,1341452.325
MX-NAY,2022,7,2022-07-01,100,1341452.325
MX-NAY,2022,8,2022-08-01,15,1341452.325
MX-NAY,2022,12,2022-12-01,1,1341452.325
MX-NLE,2002,12,2002-12-01,0,4093059.8
MX-NLE,2003,1,2003-01-01,0,4157989.7
MX-NLE,2003,2,2003-02-01,2,4157989.7
MX-NLE,2003,3,2003-03-01,5,4157989.7
MX-NLE,2003,4,2003-04-01,1,4157989.7
MX-NLE,2003,5,2003-05-01,0,4157989.7
MX-NLE,2003,6,2003-06-01,0,4157989.7
MX-NLE,2003,7,2003-07-01,4,4157989.7
MX-NLE,2003,8,2003-08-01,4,4157989.7
MX-NLE,2003,9,2003-09-01,4,4157989.7
MX-NLE,2003,10,2003-10-01,3,4157989.7
MX-NLE,2003,11,2003-11-01,5,4157989.7
MX-NLE,2003,12,2003-12-01,3,4157989.7
MX-NLE,2004,1,2004-01-01,0,4222919.6
MX-NLE,2004,2,2004-02-01,0,4222919.6
MX-NLE,2004,3,2004-03-01,4,4222919.6
MX-NLE,2004,4,2004-04-01,1,4222919.6
MX-NLE,2004,5,2004-05-01,2,4222919.6
MX-NLE,2004,6,2004-06-01,0,4222919.6
MX-NLE,2004,7,2004-07-01,2,4222919.6
MX-NLE,2004,8,2004-08-01,6,4222919.6
MX-NLE,2004,9,2004-09-01,0,4222919.6
MX-NLE,2004,10,2004-10-01,5,4222919.6
MX-NLE,2004,11,2004-11-01,1,4222919.6
MX-NLE,2004,12,2004-12-01,0,4222919.6
MX-NLE,2005,1,2005-01-01,2,4287849.5
MX-NLE,2005,2,2005-02-01,1,4287849.5
MX-NLE,2005,3,2005-03-01,0,4287849.5
MX-NLE,2005,4,2005-04-01,5,4287849.5
MX-NLE,2005,5,2005-05-01,3,4287849.5
MX-NLE,2005,6,2005-06-01,0,4287849.5
MX-NLE,2005,7,2005-07-01,3,4287849.5
MX-NLE,2005,8,2005-08-01,7,4287849.5
MX-NLE,2005,9,2005-09-01,50,4287849.5
MX-NLE,2005,10,2005-10-01,241,4287849.5
MX-NLE,2005,11,2005-11-01,276,4287849.5
MX-NLE,2005,12,2005-12-01,195,4287849.5
MX-NLE,2006,1,2006-01-01,0,4362586.4
MX-NLE,2006,2,2006-02-01,0,4362586.4
MX-NLE,2006,3,2006-03-01,4,4362586.4
MX-NLE,2006,4,2006-04-01,2,4362586.4
MX-NLE,2006,5,2006-05-01,3,4362586.4
MX-NLE,2006,6,2006-06-01,2,4362586.4
MX-NLE,2006,7,2006-07-01,6,4362586.4
MX-NLE,2006,8,2006-08-01,7,4362586.4
MX-NLE,2006,9,2006-09-01,11,4362586.4
MX-NLE,2006,10,2006-10-01,31,4362586.4
MX-NLE,2006,11,2006-11-01,26,4362586.4
MX-NLE,2006,12,2006-12-01,14,4362586.4
MX-NLE,2007,1,2007-01-01,0,4437323.3
MX-NLE,2007,2,2007-02-01,1,4437323.3
MX-NLE,2007,3,2007-03-01,3,4437323.3
MX-NLE,2007,4,2007-04-01,12,4437323.3
MX-NLE,2007,5,2007-05-01,28,4437323.3
MX-NLE,2007,6,2007-06-01,92,4437323.3
MX-NLE,2007,7,2007-07-01,59,4437323.3
MX-NLE,2007,8,2007-08-01,355,4437323.3
MX-NLE,2007,9,2007-09-01,1082,4437323.3
MX-NLE,2007,10,2007-10-01,1205,4437323.3
MX-NLE,2007,11,2007-11-01,302,4437323.3
MX-NLE,2007,12,2007-12-01,28,4437323.3
MX-NLE,2012,12,2012-12-01,0,4838330.2
MX-NLE,2013,1,2013-01-01,42,4926728.3
MX-NLE,2013,2,2013-02-01,78,4926728.3
MX-NLE,2013,3,2013-03-01,75,4926728.3
MX-NLE,2013,4,2013-04-01,148,4926728.3
MX-NLE,2013,5,2013-05-01,131,4926728.3
MX-NLE,2013,6,2013-06-01,166,4926728.3
MX-NLE,2013,7,2013-07-01,237,4926728.3
MX-NLE,2013,8,2013-08-01,311,4926728.3
MX-NLE,2013,9,2013-09-01,772,4926728.3
MX-NLE,2013,10,2013-10-01,1114,4926728.3
MX-NLE,2013,11,2013-11-01,1454,4926728.3
MX-NLE,2013,12,2013-12-01,392,4926728.3
MX-NLE,2017,1,2017-01-01,307,5164090.5
MX-NLE,2017,2,2017-02-01,393,5164090.5
MX-NLE,2017,3,2017-03-01,439,5164090.5
MX-NLE,2017,4,2017-04-01,310,5164090.5
MX-NLE,2017,5,2017-05-01,338,5164090.5
MX-NLE,2017,6,2017-06-01,529,5164090.5
MX-NLE,2017,7,2017-07-01,623,5164090.5
MX-NLE,2017,8,2017-08-01,1112,5164090.5
MX-NLE,2017,9,2017-09-01,1657,5164090.5
MX-NLE,2017,10,2017-10-01,3304,5164090.5
MX-NLE,2017,11,2017-11-01,2742,5164090.5
MX-NLE,2017,12,2017-12-01,430,5164090.5
MX-NLE,2018,1,2018-01-01,41,5194373.5
MX-NLE,2018,2,2018-02-01,62,5194373.5
MX-NLE,2018,3,2018-03-01,92,5194373.5
MX-NLE,2018,4,2018-04-01,105,5194373.5
MX-NLE,2018,5,2018-05-01,168,5194373.5
MX-NLE,2018,6,2018-06-01,173,5194373.5
MX-NLE,2018,7,2018-07-01,264,5194373.5
MX-NLE,2018,8,2018-08-01,737,5194373.5
MX-NLE,2018,9,2018-09-01,1140,5194373.5
MX-NLE,2018,10,2018-10-01,2281,5194373.5
MX-NLE,2018,11,2018-11-01,848,5194373.5
MX-NLE,2018,12,2018-12-01,108,5194373.5
MX-NLE,2019,1,2019-01-01,76,5224656.5
MX-NLE,2019,2,2019-02-01,60,5224656.5
MX-NLE,2019,3,2019-03-01,72,5224656.5
MX-NLE,2019,4,2019-04-01,101,5224656.5
MX-NLE,2019,5,2019-05-01,136,5224656.5
MX-NLE,2019,6,2019-06-01,204,5224656.5
MX-NLE,2019,7,2019-07-01,220,5224656.5
MX-NLE,2019,8,2019-08-01,383,5224656.5
MX-NLE,2019,9,2019-09-01,604,5224656.5
MX-NLE,2019,10,2019-10-01,1450,5224656.5
MX-NLE,2019,11,2019-11-01,571,5224656.5
MX-NLE,2019,12,2019-12-01,147,5224656.5
MX-NLE,2020,1,2020-01-01,60,5254939.5
MX-NLE,2020,2,2020-02-01,51,5254939.5
MX-NLE,2020,3,2020-03-01,45,5254939.5
MX-NLE,2020,4,2020-04-01,20,5254939.5
MX-NLE,2020,5,2020-05-01,35,5254939.5
MX-NLE,2020,6,2020-06-01,68,5254939.5
MX-NLE,2020,7,2020-07-01,109,5254939.5
MX-NLE,2020,8,2020-08-01,237,5254939.5
MX-NLE,2020,9,2020-09-01,909,5254939.5
MX-NLE,2020,10,2020-10-01,2553,5254939.5
MX-NLE,2020,11,2020-11-01,1909,5254939.5
MX-NLE,2020,12,2020-12-01,342,5254939.5
MX-NLE,2021,1,2021-01-01,52,5300540.6
MX-NLE,2021,2,2021-02-01,23,5300540.6
MX-NLE,2021,3,2021-03-01,34,5300540.6
MX-NLE,2021,4,2021-04-01,56,5300540.6
MX-NLE,2021,5,2021-05-01,94,5300540.6
MX-NLE,2021,6,2021-06-01,130,5300540.6
MX-NLE,2021,7,2021-07-01,118,5300540.6
MX-NLE,2021,8,2021-08-01,115,5300540.6
MX-NLE,2021,9,2021-09-01,90,5300540.6
MX-NLE,2021,10,2021-10-01,112,5300540.6
MX-NLE,2021,11,2021-11-01,80,5300540.6
MX-NLE,2021,12,2021-12-01,13,5300540.6
MX-NLE,2022,1,2022-01-01,8,5346141.7
MX-NLE,2022,2,2022-02-01,13,5346141.7
MX-NLE,2022,3,2022-03-01,35,5346141.7
MX-NLE,2022,4,2022-04-01,46,5346141.7
MX-NLE,2022,5,2022-05-01,75,5346141.7
MX-NLE,2022,6,2022-06-01,72,5346141.7
MX-NLE,2022,7,2022-07-01,49,5346141.7
MX-NLE,2022,8,2022-08-01,17,5346141.7
MX-NLE,2022,12,2022-12-01,2,5346141.7
MX-OAX,2002,12,2002-12-01,0,3347693.4
MX-OAX,2003,1,2003-01-01,2,3405569.6
MX-OAX,2003,2,2003-02-01,0,3405569.6
MX-OAX,2003,3,2003-03-01,3,3405569.6
MX-OAX,2003,4,2003-04-01,0,3405569.6
MX-OAX,2003,5,2003-05-01,0,3405569.6
MX-OAX,2003,6,2003-06-01,1,3405569.6
MX-OAX,2003,7,2003-07-01,2,3405569.6
MX-OAX,2003,8,2003-08-01,8,3405569.6
MX-OAX,2003,9,2003-09-01,30,3405569.6
MX-OAX,2003,10,2003-10-01,58,3405569.6
MX-OAX,2003,11,2003-11-01,48,3405569.6
MX-OAX,2003,12,2003-12-01,9,3405569.6
MX-OAX,2004,1,2004-01-01,0,3463445.8
MX-OAX,2004,2,2004-02-01,0,3463445.8
MX-OAX,2004,3,2004-03-01,0,3463445.8
MX-OAX,2004,4,2004-04-01,1,3463445.8
MX-OAX,2004,5,2004-05-01,1,3463445.8
MX-OAX,2004,6,2004-06-01,4,3463445.8
MX-OAX,2004,7,2004-07-01,15,3463445.8
MX-OAX,2004,8,2004-08-01,27,3463445.8
MX-OAX,2004,9,2004-09-01,61,3463445.8
MX-OAX,2004,10,2004-10-01,31,3463445.8
MX-OAX,2004,11,2004-11-01,42,3463445.8
MX-OAX,2004,12,2004-12-01,1,3463445.8
MX-OAX,2005,1,2005-01-01,0,3521322
MX-OAX,2005,2,2005-02-01,0,3521322
MX-OAX,2005,3,2005-03-01,8,3521322
MX-OAX,2005,4,2005-04-01,2,3521322
MX-OAX,2005,5,2005-05-01,10,3521322
MX-OAX,2005,6,2005-06-01,17,3521322
MX-OAX,2005,7,2005-07-01,50,3521322
MX-OAX,2005,8,2005-08-01,121,3521322
MX-OAX,2005,9,2005-09-01,218,3521322
MX-OAX,2005,10,2005-10-01,253,3521322
MX-OAX,2005,11,2005-11-01,216,3521322
MX-OAX,2005,12,2005-12-01,187,3521322
MX-OAX,2006,1,2006-01-01,38,3566447.8
MX-OAX,2006,2,2006-02-01,87,3566447.8
MX-OAX,2006,3,2006-03-01,88,3566447.8
MX-OAX,2006,4,2006-04-01,65,3566447.8
MX-OAX,2006,5,2006-05-01,175,3566447.8
MX-OAX,2006,6,2006-06-01,142,3566447.8
MX-OAX,2006,7,2006-07-01,220,3566447.8
MX-OAX,2006,8,2006-08-01,180,3566447.8
MX-OAX,2006,9,2006-09-01,565,3566447.8
MX-OAX,2006,10,2006-10-01,479,3566447.8
MX-OAX,2006,11,2006-11-01,398,3566447.8
MX-OAX,2006,12,2006-12-01,146,3566447.8
MX-OAX,2007,1,2007-01-01,5,3611573.6
MX-OAX,2007,2,2007-02-01,77,3611573.6
MX-OAX,2007,3,2007-03-01,51,3611573.6
MX-OAX,2007,4,2007-04-01,111,3611573.6
MX-OAX,2007,5,2007-05-01,110,3611573.6
MX-OAX,2007,6,2007-06-01,162,3611573.6
MX-OAX,2007,7,2007-07-01,498,3611573.6
MX-OAX,2007,8,2007-08-01,445,3611573.6
MX-OAX,2007,9,2007-09-01,596,3611573.6
MX-OAX,2007,10,2007-10-01,1406,3611573.6
MX-OAX,2007,11,2007-11-01,1820,3611573.6
MX-OAX,2007,12,2007-12-01,180,3611573.6
MX-OAX,2012,12,2012-12-01,0,3844582.5
MX-OAX,2013,1,2013-01-01,36,3893398.25
MX-OAX,2013,2,2013-02-01,73,3893398.25
MX-OAX,2013,3,2013-03-01,64,3893398.25
MX-OAX,2013,4,2013-04-01,58,3893398.25
MX-OAX,2013,5,2013-05-01,51,3893398.25
MX-OAX,2013,6,2013-06-01,73,3893398.25
MX-OAX,2013,7,2013-07-01,221,3893398.25
MX-OAX,2013,8,2013-08-01,498,3893398.25
MX-OAX,2013,9,2013-09-01,416,3893398.25
MX-OAX,2013,10,2013-10-01,435,3893398.25
MX-OAX,2013,11,2013-11-01,485,3893398.25
MX-OAX,2013,12,2013-12-01,159,3893398.25
MX-OAX,2017,1,2017-01-01,70,4168263.65
MX-OAX,2017,2,2017-02-01,82,4168263.65
MX-OAX,2017,3,2017-03-01,85,4168263.65
MX-OAX,2017,4,2017-04-01,61,4168263.65
MX-OAX,2017,5,2017-05-01,114,4168263.65
MX-OAX,2017,6,2017-06-01,225,4168263.65
MX-OAX,2017,7,2017-07-01,153,4168263.65
MX-OAX,2017,8,2017-08-01,297,4168263.65
MX-OAX,2017,9,2017-09-01,297,4168263.65
MX-OAX,2017,10,2017-10-01,355,4168263.65
MX-OAX,2017,11,2017-11-01,180,4168263.65
MX-OAX,2017,12,2017-12-01,61,4168263.65
MX-OAX,2018,1,2018-01-01,33,4256880.6
MX-OAX,2018,2,2018-02-01,27,4256880.6
MX-OAX,2018,3,2018-03-01,62,4256880.6
MX-OAX,2018,4,2018-04-01,89,4256880.6
MX-OAX,2018,5,2018-05-01,164,4256880.6
MX-OAX,2018,6,2018-06-01,286,4256880.6
MX-OAX,2018,7,2018-07-01,406,4256880.6
MX-OAX,2018,8,2018-08-01,555,4256880.6
MX-OAX,2018,9,2018-09-01,1246,4256880.6
MX-OAX,2018,10,2018-10-01,1247,4256880.6
MX-OAX,2018,11,2018-11-01,605,4256880.6
MX-OAX,2018,12,2018-12-01,246,4256880.6
MX-OAX,2019,1,2019-01-01,220,4345497.55
MX-OAX,2019,2,2019-02-01,138,4345497.55
MX-OAX,2019,3,2019-03-01,213,4345497.55
MX-OAX,2019,4,2019-04-01,158,4345497.55
MX-OAX,2019,5,2019-05-01,364,4345497.55
MX-OAX,2019,6,2019-06-01,807,4345497.55
MX-OAX,2019,7,2019-07-01,1240,4345497.55
MX-OAX,2019,8,2019-08-01,2535,4345497.55
MX-OAX,2019,9,2019-09-01,1890,4345497.55
MX-OAX,2019,10,2019-10-01,2310,4345497.55
MX-OAX,2019,11,2019-11-01,1836,4345497.55
MX-OAX,2019,12,2019-12-01,651,4345497.55
MX-OAX,2020,1,2020-01-01,368,4434114.5
MX-OAX,2020,2,2020-02-01,265,4434114.5
MX-OAX,2020,3,2020-03-01,203,4434114.5
MX-OAX,2020,4,2020-04-01,112,4434114.5
MX-OAX,2020,5,2020-05-01,174,4434114.5
MX-OAX,2020,6,2020-06-01,295,4434114.5
MX-OAX,2020,7,2020-07-01,272,4434114.5
MX-OAX,2020,8,2020-08-01,398,4434114.5
MX-OAX,2020,9,2020-09-01,495,4434114.5
MX-OAX,2020,10,2020-10-01,432,4434114.5
MX-OAX,2020,11,2020-11-01,243,4434114.5
MX-OAX,2020,12,2020-12-01,145,4434114.5
MX-OAX,2021,1,2021-01-01,71,4459859.3
MX-OAX,2021,2,2021-02-01,55,4459859.3
MX-OAX,2021,3,2021-03-01,55,4459859.3
MX-OAX,2021,4,2021-04-01,95,4459859.3
MX-OAX,2021,5,2021-05-01,231,4459859.3
MX-OAX,2021,6,2021-06-01,380,4459859.3
MX-OAX,2021,7,2021-07-01,580,4459859.3
MX-OAX,2021,8,2021-08-01,568,4459859.3
MX-OAX,2021,9,2021-09-01,522,4459859.3
MX-OAX,2021,10,2021-10-01,699,4459859.3
MX-OAX,2021,11,2021-11-01,410,4459859.3
MX-OAX,2021,12,2021-12-01,50,4459859.3
MX-OAX,2022,1,2022-01-01,110,4485604.1
MX-OAX,2022,2,2022-02-01,75,4485604.1
MX-OAX,2022,3,2022-03-01,92,4485604.1
MX-OAX,2022,4,2022-04-01,125,4485604.1
MX-OAX,2022,5,2022-05-01,279,4485604.1
MX-OAX,2022,6,2022-06-01,479,4485604.1
MX-OAX,2022,7,2022-07-01,589,4485604.1
MX-OAX,2022,8,2022-08-01,192,4485604.1
MX-OAX,2022,12,2022-12-01,7,4485604.1
MX-PUE,2002,12,2002-12-01,0,5309896.8
MX-PUE,2003,1,2003-01-01,0,5382687.7
MX-PUE,2003,2,2003-02-01,0,5382687.7
MX-PUE,2003,3,2003-03-01,0,5382687.7
MX-PUE,2003,4,2003-04-01,0,5382687.7
MX-PUE,2003,5,2003-05-01,0,5382687.7
MX-PUE,2003,6,2003-06-01,0,5382687.7
MX-PUE,2003,7,2003-07-01,0,5382687.7
MX-PUE,2003,8,2003-08-01,0,5382687.7
MX-PUE,2003,9,2003-09-01,0,5382687.7
MX-PUE,2003,10,2003-10-01,0,5382687.7
MX-PUE,2003,11,2003-11-01,0,5382687.7
MX-PUE,2003,12,2003-12-01,0,5382687.7
MX-PUE,2004,1,2004-01-01,0,5455478.6
MX-PUE,2004,2,2004-02-01,0,5455478.6
MX-PUE,2004,3,2004-03-01,0,5455478.6
MX-PUE,2004,4,2004-04-01,0,5455478.6
MX-PUE,2004,5,2004-05-01,6,5455478.6
MX-PUE,2004,6,2004-06-01,2,5455478.6
MX-PUE,2004,7,2004-07-01,1,5455478.6
MX-PUE,2004,8,2004-08-01,1,5455478.6
MX-PUE,2004,9,2004-09-01,0,5455478.6
MX-PUE,2004,10,2004-10-01,10,5455478.6
MX-PUE,2004,11,2004-11-01,0,5455478.6
MX-PUE,2004,12,2004-12-01,0,5455478.6
MX-PUE,2005,1,2005-01-01,0,5528269.5
MX-PUE,2005,2,2005-02-01,0,5528269.5
MX-PUE,2005,3,2005-03-01,0,5528269.5
MX-PUE,2005,4,2005-04-01,0,5528269.5
MX-PUE,2005,5,2005-05-01,0,5528269.5
MX-PUE,2005,6,2005-06-01,0,5528269.5
MX-PUE,2005,7,2005-07-01,0,5528269.5
MX-PUE,2005,8,2005-08-01,0,5528269.5
MX-PUE,2005,9,2005-09-01,5,5528269.5
MX-PUE,2005,10,2005-10-01,39,5528269.5
MX-PUE,2005,11,2005-11-01,2,5528269.5
MX-PUE,2005,12,2005-12-01,1,5528269.5
MX-PUE,2006,1,2006-01-01,1,5587584.5
MX-PUE,2006,2,2006-02-01,0,5587584.5
MX-PUE,2006,3,2006-03-01,0,5587584.5
MX-PUE,2006,4,2006-04-01,0,5587584.5
MX-PUE,2006,5,2006-05-01,0,5587584.5
MX-PUE,2006,6,2006-06-01,29,5587584.5
MX-PUE,2006,7,2006-07-01,61,5587584.5
MX-PUE,2006,8,2006-08-01,44,5587584.5
MX-PUE,2006,9,2006-09-01,36,5587584.5
MX-PUE,2006,10,2006-10-01,42,5587584.5
MX-PUE,2006,11,2006-11-01,17,5587584.5
MX-PUE,2006,12,2006-12-01,11,5587584.5
MX-PUE,2007,1,2007-01-01,0,5646899.5
MX-PUE,2007,2,2007-02-01,2,5646899.5
MX-PUE,2007,3,2007-03-01,1,5646899.5
MX-PUE,2007,4,2007-04-01,2,5646899.5
MX-PUE,2007,5,2007-05-01,5,5646899.5
MX-PUE,2007,6,2007-06-01,21,5646899.5
MX-PUE,2007,7,2007-07-01,11,5646899.5
MX-PUE,2007,8,2007-08-01,22,5646899.5
MX-PUE,2007,9,2007-09-01,116,5646899.5
MX-PUE,2007,10,2007-10-01,83,5646899.5
MX-PUE,2007,11,2007-11-01,31,5646899.5
MX-PUE,2007,12,2007-12-01,7,5646899.5
MX-PUE,2012,12,2012-12-01,0,5936674.1
MX-PUE,2013,1,2013-01-01,0,5992588.9
MX-PUE,2013,2,2013-02-01,53,5992588.9
MX-PUE,2013,3,2013-03-01,39,5992588.9
MX-PUE,2013,4,2013-04-01,38,5992588.9
MX-PUE,2013,5,2013-05-01,52,5992588.9
MX-PUE,2013,6,2013-06-01,107,5992588.9
MX-PUE,2013,7,2013-07-01,323,5992588.9
MX-PUE,2013,8,2013-08-01,284,5992588.9
MX-PUE,2013,9,2013-09-01,68,5992588.9
MX-PUE,2013,10,2013-10-01,83,5992588.9
MX-PUE,2013,11,2013-11-01,82,5992588.9
MX-PUE,2013,12,2013-12-01,22,5992588.9
MX-PUE,2017,1,2017-01-01,78,6220980.5
MX-PUE,2017,2,2017-02-01,88,6220980.5
MX-PUE,2017,3,2017-03-01,102,6220980.5
MX-PUE,2017,4,2017-04-01,97,6220980.5
MX-PUE,2017,5,2017-05-01,139,6220980.5
MX-PUE,2017,6,2017-06-01,203,6220980.5
MX-PUE,2017,7,2017-07-01,193,6220980.5
MX-PUE,2017,8,2017-08-01,276,6220980.5
MX-PUE,2017,9,2017-09-01,297,6220980.5
MX-PUE,2017,10,2017-10-01,453,6220980.5
MX-PUE,2017,11,2017-11-01,203,6220980.5
MX-PUE,2017,12,2017-12-01,27,6220980.5
MX-PUE,2018,1,2018-01-01,5,6279261.5
MX-PUE,2018,2,2018-02-01,12,6279261.5
MX-PUE,2018,3,2018-03-01,16,6279261.5
MX-PUE,2018,4,2018-04-01,17,6279261.5
MX-PUE,2018,5,2018-05-01,68,6279261.5
MX-PUE,2018,6,2018-06-01,66,6279261.5
MX-PUE,2018,7,2018-07-01,55,6279261.5
MX-PUE,2018,8,2018-08-01,88,6279261.5
MX-PUE,2018,9,2018-09-01,118,6279261.5
MX-PUE,2018,10,2018-10-01,159,6279261.5
MX-PUE,2018,11,2018-11-01,104,6279261.5
MX-PUE,2018,12,2018-12-01,25,6279261.5
MX-PUE,2019,1,2019-01-01,25,6337542.5
MX-PUE,2019,2,2019-02-01,22,6337542.5
MX-PUE,2019,3,2019-03-01,36,6337542.5
MX-PUE,2019,4,2019-04-01,26,6337542.5
MX-PUE,2019,5,2019-05-01,118,6337542.5
MX-PUE,2019,6,2019-06-01,242,6337542.5
MX-PUE,2019,7,2019-07-01,416,6337542.5
MX-PUE,2019,8,2019-08-01,1287,6337542.5
MX-PUE,2019,9,2019-09-01,2228,6337542.5
MX-PUE,2019,10,2019-10-01,1786,6337542.5
MX-PUE,2019,11,2019-11-01,602,6337542.5
MX-PUE,2019,12,2019-12-01,174,6337542.5
MX-PUE,2020,1,2020-01-01,73,6395823.5
MX-PUE,2020,2,2020-02-01,55,6395823.5
MX-PUE,2020,3,2020-03-01,63,6395823.5
MX-PUE,2020,4,2020-04-01,76,6395823.5
MX-PUE,2020,5,2020-05-01,155,6395823.5
MX-PUE,2020,6,2020-06-01,275,6395823.5
MX-PUE,2020,7,2020-07-01,413,6395823.5
MX-PUE,2020,8,2020-08-01,850,6395823.5
MX-PUE,2020,9,2020-09-01,1156,6395823.5
MX-PUE,2020,10,2020-10-01,799,6395823.5
MX-PUE,2020,11,2020-11-01,249,6395823.5
MX-PUE,2020,12,2020-12-01,70,6395823.5
MX-PUE,2021,1,2021-01-01,33,6418947.7
MX-PUE,2021,2,2021-02-01,13,6418947.7
MX-PUE,2021,3,2021-03-01,13,6418947.7
MX-PUE,2021,4,2021-04-01,26,6418947.7
MX-PUE,2021,5,2021-05-01,44,6418947.7
MX-PUE,2021,6,2021-06-01,104,6418947.7
MX-PUE,2021,7,2021-07-01,179,6418947.7
MX-PUE,2021,8,2021-08-01,175,6418947.7
MX-PUE,2021,9,2021-09-01,75,6418947.7
MX-PUE,2021,10,2021-10-01,94,6418947.7
MX-PUE,2021,11,2021-11-01,67,6418947.7
MX-PUE,2021,12,2021-12-01,9,6418947.7
MX-PUE,2022,1,2022-01-01,16,6442071.9
MX-PUE,2022,2,2022-02-01,12,6442071.9
MX-PUE,2022,3,2022-03-01,14,6442071.9
MX-PUE,2022,4,2022-04-01,27,6442071.9
MX-PUE,2022,5,2022-05-01,41,6442071.9
MX-PUE,2022,6,2022-06-01,61,6442071.9
MX-PUE,2022,7,2022-07-01,129,6442071.9
MX-PUE,2022,8,2022-08-01,20,6442071.9
MX-PUE,2022,12,2022-12-01,1,6442071.9
MX-QUE,2002,12,2002-12-01,0,1520860.9
MX-QUE,2003,1,2003-01-01,0,1560743.475
MX-QUE,2003,2,2003-02-01,0,1560743.475
MX-QUE,2003,3,2003-03-01,0,1560743.475
MX-QUE,2003,4,2003-04-01,0,1560743.475
MX-QUE,2003,5,2003-05-01,0,1560743.475
MX-QUE,2003,6,2003-06-01,0,1560743.475
MX-QUE,2003,7,2003-07-01,0,1560743.475
MX-QUE,2003,8,2003-08-01,0,1560743.475
MX-QUE,2003,9,2003-09-01,0,1560743.475
MX-QUE,2003,10,2003-10-01,0,1560743.475
MX-QUE,2003,11,2003-11-01,0,1560743.475
MX-QUE,2003,12,2003-12-01,0,1560743.475
MX-QUE,2004,1,2004-01-01,0,1600626.05
MX-QUE,2004,2,2004-02-01,0,1600626.05
MX-QUE,2004,3,2004-03-01,0,1600626.05
MX-QUE,2004,4,2004-04-01,0,1600626.05
MX-QUE,2004,5,2004-05-01,0,1600626.05
MX-QUE,2004,6,2004-06-01,0,1600626.05
MX-QUE,2004,7,2004-07-01,0,1600626.05
MX-QUE,2004,8,2004-08-01,0,1600626.05
MX-QUE,2004,9,2004-09-01,0,1600626.05
MX-QUE,2004,10,2004-10-01,0,1600626.05
MX-QUE,2004,11,2004-11-01,0,1600626.05
MX-QUE,2004,12,2004-12-01,0,1600626.05
MX-QUE,2005,1,2005-01-01,0,1640508.625
MX-QUE,2005,2,2005-02-01,0,1640508.625
MX-QUE,2005,3,2005-03-01,0,1640508.625
MX-QUE,2005,4,2005-04-01,0,1640508.625
MX-QUE,2005,5,2005-05-01,0,1640508.625
MX-QUE,2005,6,2005-06-01,0,1640508.625
MX-QUE,2005,7,2005-07-01,0,1640508.625
MX-QUE,2005,8,2005-08-01,0,1640508.625
MX-QUE,2005,9,2005-09-01,0,1640508.625
MX-QUE,2005,10,2005-10-01,0,1640508.625
MX-QUE,2005,11,2005-11-01,0,1640508.625
MX-QUE,2005,12,2005-12-01,0,1640508.625
MX-QUE,2006,1,2006-01-01,0,1680634.8
MX-QUE,2006,2,2006-02-01,0,1680634.8
MX-QUE,2006,3,2006-03-01,0,1680634.8
MX-QUE,2006,4,2006-04-01,0,1680634.8
MX-QUE,2006,5,2006-05-01,0,1680634.8
MX-QUE,2006,6,2006-06-01,0,1680634.8
MX-QUE,2006,7,2006-07-01,0,1680634.8
MX-QUE,2006,8,2006-08-01,0,1680634.8
MX-QUE,2006,9,2006-09-01,0,1680634.8
MX-QUE,2006,10,2006-10-01,20,1680634.8
MX-QUE,2006,11,2006-11-01,61,1680634.8
MX-QUE,2006,12,2006-12-01,29,1680634.8
MX-QUE,2007,1,2007-01-01,0,1720760.975
MX-QUE,2007,2,2007-02-01,0,1720760.975
MX-QUE,2007,3,2007-03-01,0,1720760.975
MX-QUE,2007,4,2007-04-01,1,1720760.975
MX-QUE,2007,5,2007-05-01,1,1720760.975
MX-QUE,2007,6,2007-06-01,1,1720760.975
MX-QUE,2007,7,2007-07-01,0,1720760.975
MX-QUE,2007,8,2007-08-01,0,1720760.975
MX-QUE,2007,9,2007-09-01,0,1720760.975
MX-QUE,2007,10,2007-10-01,1,1720760.975
MX-QUE,2007,11,2007-11-01,0,1720760.975
MX-QUE,2007,12,2007-12-01,1,1720760.975
MX-QUE,2012,12,2012-12-01,0,1913000.7
MX-QUE,2013,1,2013-01-01,0,1948931.3
MX-QUE,2013,2,2013-02-01,0,1948931.3
MX-QUE,2013,3,2013-03-01,0,1948931.3
MX-QUE,2013,4,2013-04-01,0,1948931.3
MX-QUE,2013,5,2013-05-01,0,1948931.3
MX-QUE,2013,6,2013-06-01,0,1948931.3
MX-QUE,2013,7,2013-07-01,1,1948931.3
MX-QUE,2013,8,2013-08-01,0,1948931.3
MX-QUE,2013,9,2013-09-01,2,1948931.3
MX-QUE,2013,10,2013-10-01,5,1948931.3
MX-QUE,2013,11,2013-11-01,5,1948931.3
MX-QUE,2013,12,2013-12-01,0,1948931.3
MX-QUE,2017,1,2017-01-01,5,2091548
MX-QUE,2017,2,2017-02-01,2,2091548
MX-QUE,2017,3,2017-03-01,1,2091548
MX-QUE,2017,4,2017-04-01,1,2091548
MX-QUE,2017,5,2017-05-01,5,2091548
MX-QUE,2017,6,2017-06-01,2,2091548
MX-QUE,2017,7,2017-07-01,4,2091548
MX-QUE,2017,8,2017-08-01,20,2091548
MX-QUE,2017,9,2017-09-01,52,2091548
MX-QUE,2017,10,2017-10-01,54,2091548
MX-QUE,2017,11,2017-11-01,61,2091548
MX-QUE,2017,12,2017-12-01,6,2091548
MX-QUE,2018,1,2018-01-01,1,2126925.75
MX-QUE,2018,2,2018-02-01,2,2126925.75
MX-QUE,2018,3,2018-03-01,1,2126925.75
MX-QUE,2018,5,2018-05-01,1,2126925.75
MX-QUE,2018,6,2018-06-01,0,2126925.75
MX-QUE,2018,7,2018-07-01,2,2126925.75
MX-QUE,2018,9,2018-09-01,8,2126925.75
MX-QUE,2018,11,2018-11-01,1,2126925.75
MX-QUE,2018,12,2018-12-01,2,2126925.75
MX-QUE,2019,1,2019-01-01,3,2162303.5
MX-QUE,2019,4,2019-04-01,1,2162303.5
MX-QUE,2019,5,2019-05-01,3,2162303.5
MX-QUE,2019,6,2019-06-01,4,2162303.5
MX-QUE,2019,7,2019-07-01,3,2162303.5
MX-QUE,2019,8,2019-08-01,10,2162303.5
MX-QUE,2019,9,2019-09-01,23,2162303.5
MX-QUE,2019,10,2019-10-01,44,2162303.5
MX-QUE,2019,11,2019-11-01,38,2162303.5
MX-QUE,2019,12,2019-12-01,8,2162303.5
MX-QUE,2020,1,2020-01-01,7,2197681.25
MX-QUE,2020,2,2020-02-01,1,2197681.25
MX-QUE,2020,3,2020-03-01,1,2197681.25
MX-QUE,2020,4,2020-04-01,10,2197681.25
MX-QUE,2020,5,2020-05-01,73,2197681.25
MX-QUE,2020,6,2020-06-01,24,2197681.25
MX-QUE,2020,7,2020-07-01,107,2197681.25
MX-QUE,2020,8,2020-08-01,148,2197681.25
MX-QUE,2020,9,2020-09-01,101,2197681.25
MX-QUE,2020,10,2020-10-01,105,2197681.25
MX-QUE,2020,11,2020-11-01,22,2197681.25
MX-QUE,2020,12,2020-12-01,4,2197681.25
MX-QUE,2021,2,2021-02-01,1,2225238.85
MX-QUE,2021,3,2021-03-01,1,2225238.85
MX-QUE,2021,4,2021-04-01,0,2225238.85
MX-QUE,2021,5,2021-05-01,7,2225238.85
MX-QUE,2021,6,2021-06-01,6,2225238.85
MX-QUE,2021,7,2021-07-01,9,2225238.85
MX-QUE,2021,8,2021-08-01,2,2225238.85
MX-QUE,2021,9,2021-09-01,5,2225238.85
MX-QUE,2021,10,2021-10-01,3,2225238.85
MX-QUE,2021,11,2021-11-01,1,2225238.85
MX-QUE,2022,1,2022-01-01,1,2252796.45
MX-QUE,2022,2,2022-02-01,2,2252796.45
MX-QUE,2022,3,2022-03-01,3,2252796.45
MX-QUE,2022,4,2022-04-01,4,2252796.45
MX-QUE,2022,5,2022-05-01,8,2252796.45
MX-QUE,2022,6,2022-06-01,3,2252796.45
MX-QUE,2022,7,2022-07-01,6,2252796.45
MX-QUE,2022,8,2022-08-01,1,2252796.45
MX-ROO,2002,12,2002-12-01,0,987809.1875
MX-ROO,2003,1,2003-01-01,4,1016334.625
MX-ROO,2003,2,2003-02-01,4,1016334.625
MX-ROO,2003,3,2003-03-01,7,1016334.625
MX-ROO,2003,4,2003-04-01,1,1016334.625
MX-ROO,2003,5,2003-05-01,1,1016334.625
MX-ROO,2003,6,2003-06-01,2,1016334.625
MX-ROO,2003,7,2003-07-01,1,1016334.625
MX-ROO,2003,8,2003-08-01,4,1016334.625
MX-ROO,2003,9,2003-09-01,7,1016334.625
MX-ROO,2003,10,2003-10-01,12,1016334.625
MX-ROO,2003,11,2003-11-01,25,1016334.625
MX-ROO,2003,12,2003-12-01,28,1016334.625
MX-ROO,2004,1,2004-01-01,14,1044860.0625
MX-ROO,2004,2,2004-02-01,11,1044860.0625
MX-ROO,2004,3,2004-03-01,8,1044860.0625
MX-ROO,2004,4,2004-04-01,14,1044860.0625
MX-ROO,2004,5,2004-05-01,11,1044860.0625
MX-ROO,2004,6,2004-06-01,12,1044860.0625
MX-ROO,2004,7,2004-07-01,26,1044860.0625
MX-ROO,2004,8,2004-08-01,19,1044860.0625
MX-ROO,2004,9,2004-09-01,27,1044860.0625
MX-ROO,2004,10,2004-10-01,40,1044860.0625
MX-ROO,2004,11,2004-11-01,0,1044860.0625
MX-ROO,2004,12,2004-12-01,80,1044860.0625
MX-ROO,2005,1,2005-01-01,10,1073385.5
MX-ROO,2005,2,2005-02-01,16,1073385.5
MX-ROO,2005,3,2005-03-01,19,1073385.5
MX-ROO,2005,4,2005-04-01,11,1073385.5
MX-ROO,2005,5,2005-05-01,40,1073385.5
MX-ROO,2005,6,2005-06-01,50,1073385.5
MX-ROO,2005,7,2005-07-01,94,1073385.5
MX-ROO,2005,8,2005-08-01,172,1073385.5
MX-ROO,2005,9,2005-09-01,177,1073385.5
MX-ROO,2005,10,2005-10-01,131,1073385.5
MX-ROO,2005,11,2005-11-01,82,1073385.5
MX-ROO,2005,12,2005-12-01,23,1073385.5
MX-ROO,2006,1,2006-01-01,8,1103607.95
MX-ROO,2006,2,2006-02-01,22,1103607.95
MX-ROO,2006,3,2006-03-01,15,1103607.95
MX-ROO,2006,4,2006-04-01,13,1103607.95
MX-ROO,2006,5,2006-05-01,18,1103607.95
MX-ROO,2006,6,2006-06-01,14,1103607.95
MX-ROO,2006,7,2006-07-01,98,1103607.95
MX-ROO,2006,8,2006-08-01,228,1103607.95
MX-ROO,2006,9,2006-09-01,340,1103607.95
MX-ROO,2006,10,2006-10-01,468,1103607.95
MX-ROO,2006,11,2006-11-01,560,1103607.95
MX-ROO,2006,12,2006-12-01,227,1103607.95
MX-ROO,2007,1,2007-01-01,273,1133830.4
MX-ROO,2007,2,2007-02-01,467,1133830.4
MX-ROO,2007,3,2007-03-01,325,1133830.4
MX-ROO,2007,4,2007-04-01,263,1133830.4
MX-ROO,2007,5,2007-05-01,476,1133830.4
MX-ROO,2007,6,2007-06-01,504,1133830.4
MX-ROO,2007,7,2007-07-01,407,1133830.4
MX-ROO,2007,8,2007-08-01,313,1133830.4
MX-ROO,2007,9,2007-09-01,349,1133830.4
MX-ROO,2007,10,2007-10-01,473,1133830.4
MX-ROO,2007,11,2007-11-01,398,1133830.4
MX-ROO,2007,12,2007-12-01,68,1133830.4
MX-ROO,2012,12,2012-12-01,0,1279346.1
MX-ROO,2013,1,2013-01-01,80,1306770.275
MX-ROO,2013,2,2013-02-01,115,1306770.275
MX-ROO,2013,3,2013-03-01,133,1306770.275
MX-ROO,2013,4,2013-04-01,115,1306770.275
MX-ROO,2013,5,2013-05-01,111,1306770.275
MX-ROO,2013,6,2013-06-01,171,1306770.275
MX-ROO,2013,7,2013-07-01,239,1306770.275
MX-ROO,2013,8,2013-08-01,388,1306770.275
MX-ROO,2013,9,2013-09-01,509,1306770.275
MX-ROO,2013,10,2013-10-01,387,1306770.275
MX-ROO,2013,11,2013-11-01,377,1306770.275
MX-ROO,2013,12,2013-12-01,151,1306770.275
MX-ROO,2017,1,2017-01-01,45,1404375.725
MX-ROO,2017,2,2017-02-01,60,1404375.725
MX-ROO,2017,3,2017-03-01,75,1404375.725
MX-ROO,2017,4,2017-04-01,42,1404375.725
MX-ROO,2017,5,2017-05-01,69,1404375.725
MX-ROO,2017,6,2017-06-01,128,1404375.725
MX-ROO,2017,7,2017-07-01,139,1404375.725
MX-ROO,2017,8,2017-08-01,78,1404375.725
MX-ROO,2017,9,2017-09-01,75,1404375.725
MX-ROO,2017,10,2017-10-01,64,1404375.725
MX-ROO,2017,11,2017-11-01,73,1404375.725
MX-ROO,2017,12,2017-12-01,39,1404375.725
MX-ROO,2018,1,2018-01-01,50,1425754.275
MX-ROO,2018,2,2018-02-01,55,1425754.275
MX-ROO,2018,3,2018-03-01,57,1425754.275
MX-ROO,2018,4,2018-04-01,74,1425754.275
MX-ROO,2018,5,2018-05-01,92,1425754.275
MX-ROO,2018,6,2018-06-01,150,1425754.275
MX-ROO,2018,7,2018-07-01,173,1425754.275
MX-ROO,2018,8,2018-08-01,114,1425754.275
MX-ROO,2018,9,2018-09-01,129,1425754.275
MX-ROO,2018,10,2018-10-01,232,1425754.275
MX-ROO,2018,11,2018-11-01,256,1425754.275
MX-ROO,2018,12,2018-12-01,207,1425754.275
MX-ROO,2019,1,2019-01-01,271,1447132.825
MX-ROO,2019,2,2019-02-01,223,1447132.825
MX-ROO,2019,3,2019-03-01,239,1447132.825
MX-ROO,2019,4,2019-04-01,189,1447132.825
MX-ROO,2019,5,2019-05-01,399,1447132.825
MX-ROO,2019,6,2019-06-01,440,1447132.825
MX-ROO,2019,7,2019-07-01,459,1447132.825
MX-ROO,2019,8,2019-08-01,955,1447132.825
MX-ROO,2019,9,2019-09-01,1739,1447132.825
MX-ROO,2019,10,2019-10-01,2541,1447132.825
MX-ROO,2019,11,2019-11-01,2112,1447132.825
MX-ROO,2019,12,2019-12-01,1319,1447132.825
MX-ROO,2020,1,2020-01-01,592,1468511.375
MX-ROO,2020,2,2020-02-01,404,1468511.375
MX-ROO,2020,3,2020-03-01,144,1468511.375
MX-ROO,2020,4,2020-04-01,37,1468511.375
MX-ROO,2020,5,2020-05-01,48,1468511.375
MX-ROO,2020,6,2020-06-01,165,1468511.375
MX-ROO,2020,7,2020-07-01,189,1468511.375
MX-ROO,2020,8,2020-08-01,128,1468511.375
MX-ROO,2020,9,2020-09-01,82,1468511.375
MX-ROO,2020,10,2020-10-01,106,1468511.375
MX-ROO,2020,11,2020-11-01,80,1468511.375
MX-ROO,2020,12,2020-12-01,49,1468511.375
MX-ROO,2021,1,2021-01-01,50,1480472.125
MX-ROO,2021,2,2021-02-01,50,1480472.125
MX-ROO,2021,3,2021-03-01,66,1480472.125
MX-ROO,2021,4,2021-04-01,39,1480472.125
MX-ROO,2021,5,2021-05-01,66,1480472.125
MX-ROO,2021,6,2021-06-01,84,1480472.125
MX-ROO,2021,7,2021-07-01,77,1480472.125
MX-ROO,2021,8,2021-08-01,65,1480472.125
MX-ROO,2021,9,2021-09-01,55,1480472.125
MX-ROO,2021,10,2021-10-01,53,1480472.125
MX-ROO,2021,11,2021-11-01,86,1480472.125
MX-ROO,2021,12,2021-12-01,32,1480472.125
MX-ROO,2022,1,2022-01-01,32,1492432.875
MX-ROO,2022,2,2022-02-01,33,1492432.875
MX-ROO,2022,3,2022-03-01,55,1492432.875
MX-ROO,2022,4,2022-04-01,63,1492432.875
MX-ROO,2022,5,2022-05-01,77,1492432.875
MX-ROO,2022,6,2022-06-01,90,1492432.875
MX-ROO,2022,7,2022-07-01,130,1492432.875
MX-ROO,2022,8,2022-08-01,41,1492432.875
MX-ROO,2022,12,2022-12-01,2,1492432.875
MX-SIN,2002,12,2002-12-01,0,2488063.65
MX-SIN,2003,1,2003-01-01,1,2515667.85
MX-SIN,2003,2,2003-02-01,1,2515667.85
MX-SIN,2003,3,2003-03-01,0,2515667.85
MX-SIN,2003,4,2003-04-01,0,2515667.85
MX-SIN,2003,5,2003-05-01,6,2515667.85
MX-SIN,2003,6,2003-06-01,0,2515667.85
MX-SIN,2003,7,2003-07-01,84,2515667.85
MX-SIN,2003,8,2003-08-01,71,2515667.85
MX-SIN,2003,9,2003-09-01,345,2515667.85
MX-SIN,2003,10,2003-10-01,527,2515667.85
MX-SIN,2003,11,2003-11-01,348,2515667.85
MX-SIN,2003,12,2003-12-01,149,2515667.85
MX-SIN,2004,1,2004-01-01,1,2543272.05
MX-SIN,2004,2,2004-02-01,8,2543272.05
MX-SIN,2004,3,2004-03-01,5,2543272.05
MX-SIN,2004,4,2004-04-01,5,2543272.05
MX-SIN,2004,5,2004-05-01,10,2543272.05
MX-SIN,2004,6,2004-06-01,5,2543272.05
MX-SIN,2004,7,2004-07-01,9,2543272.05
MX-SIN,2004,8,2004-08-01,25,2543272.05
MX-SIN,2004,9,2004-09-01,16,2543272.05
MX-SIN,2004,10,2004-10-01,48,2543272.05
MX-SIN,2004,11,2004-11-01,13,2543272.05
MX-SIN,2004,12,2004-12-01,2,2543272.05
MX-SIN,2005,1,2005-01-01,5,2570876.25
MX-SIN,2005,2,2005-02-01,15,2570876.25
MX-SIN,2005,3,2005-03-01,3,2570876.25
MX-SIN,2005,4,2005-04-01,4,2570876.25
MX-SIN,2005,5,2005-05-01,2,2570876.25
MX-SIN,2005,6,2005-06-01,13,2570876.25
MX-SIN,2005,7,2005-07-01,22,2570876.25
MX-SIN,2005,8,2005-08-01,41,2570876.25
MX-SIN,2005,9,2005-09-01,121,2570876.25
MX-SIN,2005,10,2005-10-01,198,2570876.25
MX-SIN,2005,11,2005-11-01,128,2570876.25
MX-SIN,2005,12,2005-12-01,85,2570876.25
MX-SIN,2006,1,2006-01-01,3,2591667.6
MX-SIN,2006,2,2006-02-01,5,2591667.6
MX-SIN,2006,3,2006-03-01,4,2591667.6
MX-SIN,2006,4,2006-04-01,4,2591667.6
MX-SIN,2006,5,2006-05-01,6,2591667.6
MX-SIN,2006,6,2006-06-01,10,2591667.6
MX-SIN,2006,7,2006-07-01,20,2591667.6
MX-SIN,2006,8,2006-08-01,21,2591667.6
MX-SIN,2006,9,2006-09-01,22,2591667.6
MX-SIN,2006,10,2006-10-01,103,2591667.6
MX-SIN,2006,11,2006-11-01,178,2591667.6
MX-SIN,2006,12,2006-12-01,48,2591667.6
MX-SIN,2007,1,2007-01-01,10,2612458.95
MX-SIN,2007,2,2007-02-01,5,2612458.95
MX-SIN,2007,3,2007-03-01,10,2612458.95
MX-SIN,2007,4,2007-04-01,17,2612458.95
MX-SIN,2007,5,2007-05-01,13,2612458.95
MX-SIN,2007,6,2007-06-01,18,2612458.95
MX-SIN,2007,7,2007-07-01,10,2612458.95
MX-SIN,2007,8,2007-08-01,8,2612458.95
MX-SIN,2007,9,2007-09-01,27,2612458.95
MX-SIN,2007,10,2007-10-01,193,2612458.95
MX-SIN,2007,11,2007-11-01,205,2612458.95
MX-SIN,2007,12,2007-12-01,38,2612458.95
MX-SIN,2012,12,2012-12-01,0,2719893.6
MX-SIN,2013,1,2013-01-01,18,2742423.9
MX-SIN,2013,2,2013-02-01,36,2742423.9
MX-SIN,2013,3,2013-03-01,18,2742423.9
MX-SIN,2013,4,2013-04-01,10,2742423.9
MX-SIN,2013,5,2013-05-01,27,2742423.9
MX-SIN,2013,6,2013-06-01,17,2742423.9
MX-SIN,2013,7,2013-07-01,54,2742423.9
MX-SIN,2013,8,2013-08-01,91,2742423.9
MX-SIN,2013,9,2013-09-01,170,2742423.9
MX-SIN,2013,10,2013-10-01,488,2742423.9
MX-SIN,2013,11,2013-11-01,323,2742423.9
MX-SIN,2013,12,2013-12-01,206,2742423.9
MX-SIN,2017,1,2017-01-01,156,2843021.8
MX-SIN,2017,2,2017-02-01,68,2843021.8
MX-SIN,2017,3,2017-03-01,48,2843021.8
MX-SIN,2017,4,2017-04-01,30,2843021.8
MX-SIN,2017,5,2017-05-01,62,2843021.8
MX-SIN,2017,6,2017-06-01,49,2843021.8
MX-SIN,2017,7,2017-07-01,59,2843021.8
MX-SIN,2017,8,2017-08-01,100,2843021.8
MX-SIN,2017,9,2017-09-01,221,2843021.8
MX-SIN,2017,10,2017-10-01,433,2843021.8
MX-SIN,2017,11,2017-11-01,376,2843021.8
MX-SIN,2017,12,2017-12-01,135,2843021.8
MX-SIN,2018,1,2018-01-01,90,2870790.45
MX-SIN,2018,2,2018-02-01,57,2870790.45
MX-SIN,2018,3,2018-03-01,56,2870790.45
MX-SIN,2018,4,2018-04-01,46,2870790.45
MX-SIN,2018,5,2018-05-01,47,2870790.45
MX-SIN,2018,6,2018-06-01,67,2870790.45
MX-SIN,2018,7,2018-07-01,60,2870790.45
MX-SIN,2018,8,2018-08-01,161,2870790.45
MX-SIN,2018,9,2018-09-01,320,2870790.45
MX-SIN,2018,10,2018-10-01,775,2870790.45
MX-SIN,2018,11,2018-11-01,401,2870790.45
MX-SIN,2018,12,2018-12-01,134,2870790.45
MX-SIN,2019,1,2019-01-01,75,2898559.1
MX-SIN,2019,2,2019-02-01,61,2898559.1
MX-SIN,2019,3,2019-03-01,65,2898559.1
MX-SIN,2019,4,2019-04-01,65,2898559.1
MX-SIN,2019,5,2019-05-01,58,2898559.1
MX-SIN,2019,6,2019-06-01,58,2898559.1
MX-SIN,2019,7,2019-07-01,46,2898559.1
MX-SIN,2019,8,2019-08-01,77,2898559.1
MX-SIN,2019,9,2019-09-01,146,2898559.1
MX-SIN,2019,10,2019-10-01,413,2898559.1
MX-SIN,2019,11,2019-11-01,386,2898559.1
MX-SIN,2019,12,2019-12-01,288,2898559.1
MX-SIN,2020,1,2020-01-01,215,2926327.75
MX-SIN,2020,2,2020-02-01,154,2926327.75
MX-SIN,2020,3,2020-03-01,88,2926327.75
MX-SIN,2020,4,2020-04-01,23,2926327.75
MX-SIN,2020,5,2020-05-01,35,2926327.75
MX-SIN,2020,6,2020-06-01,49,2926327.75
MX-SIN,2020,7,2020-07-01,41,2926327.75
MX-SIN,2020,8,2020-08-01,75,2926327.75
MX-SIN,2020,9,2020-09-01,391,2926327.75
MX-SIN,2020,10,2020-10-01,1261,2926327.75
MX-SIN,2020,11,2020-11-01,624,2926327.75
MX-SIN,2020,12,2020-12-01,250,2926327.75
MX-SIN,2021,1,2021-01-01,76,2932412.75
MX-SIN,2021,2,2021-02-01,39,2932412.75
MX-SIN,2021,3,2021-03-01,26,2932412.75
MX-SIN,2021,4,2021-04-01,27,2932412.75
MX-SIN,2021,5,2021-05-01,27,2932412.75
MX-SIN,2021,6,2021-06-01,51,2932412.75
MX-SIN,2021,7,2021-07-01,43,2932412.75
MX-SIN,2021,8,2021-08-01,70,2932412.75
MX-SIN,2021,9,2021-09-01,327,2932412.75
MX-SIN,2021,10,2021-10-01,1558,2932412.75
MX-SIN,2021,11,2021-11-01,1741,2932412.75
MX-SIN,2021,12,2021-12-01,309,2932412.75
MX-SIN,2022,1,2022-01-01,232,2938497.75
MX-SIN,2022,2,2022-02-01,82,2938497.75
MX-SIN,2022,3,2022-03-01,69,2938497.75
MX-SIN,2022,4,2022-04-01,51,2938497.75
MX-SIN,2022,5,2022-05-01,79,2938497.75
MX-SIN,2022,6,2022-06-01,86,2938497.75
MX-SIN,2022,7,2022-07-01,106,2938497.75
MX-SIN,2022,8,2022-08-01,44,2938497.75
MX-SIN,2022,12,2022-12-01,17,2938497.75
MX-SLP,2002,12,2002-12-01,0,2369664.9
MX-SLP,2003,1,2003-01-01,0,2403349.6
MX-SLP,2003,2,2003-02-01,0,2403349.6
MX-SLP,2003,3,2003-03-01,0,2403349.6
MX-SLP,2003,4,2003-04-01,0,2403349.6
MX-SLP,2003,5,2003-05-01,0,2403349.6
MX-SLP,2003,6,2003-06-01,0,2403349.6
MX-SLP,2003,7,2003-07-01,0,2403349.6
MX-SLP,2003,8,2003-08-01,0,2403349.6
MX-SLP,2003,9,2003-09-01,0,2403349.6
MX-SLP,2003,10,2003-10-01,0,2403349.6
MX-SLP,2003,11,2003-11-01,0,2403349.6
MX-SLP,2003,12,2003-12-01,0,2403349.6
MX-SLP,2004,1,2004-01-01,0,2437034.3
MX-SLP,2004,2,2004-02-01,0,2437034.3
MX-SLP,2004,3,2004-03-01,0,2437034.3
MX-SLP,2004,4,2004-04-01,0,2437034.3
MX-SLP,2004,5,2004-05-01,0,2437034.3
MX-SLP,2004,6,2004-06-01,0,2437034.3
MX-SLP,2004,7,2004-07-01,0,2437034.3
MX-SLP,2004,8,2004-08-01,0,2437034.3
MX-SLP,2004,9,2004-09-01,0,2437034.3
MX-SLP,2004,10,2004-10-01,0,2437034.3
MX-SLP,2004,11,2004-11-01,2,2437034.3
MX-SLP,2004,12,2004-12-01,0,2437034.3
MX-SLP,2005,1,2005-01-01,0,2470719
MX-SLP,2005,2,2005-02-01,0,2470719
MX-SLP,2005,3,2005-03-01,0,2470719
MX-SLP,2005,4,2005-04-01,0,2470719
MX-SLP,2005,5,2005-05-01,0,2470719
MX-SLP,2005,6,2005-06-01,0,2470719
MX-SLP,2005,7,2005-07-01,3,2470719
MX-SLP,2005,8,2005-08-01,13,2470719
MX-SLP,2005,9,2005-09-01,56,2470719
MX-SLP,2005,10,2005-10-01,82,2470719
MX-SLP,2005,11,2005-11-01,23,2470719
MX-SLP,2005,12,2005-12-01,7,2470719
MX-SLP,2006,1,2006-01-01,0,2496484.75
MX-SLP,2006,2,2006-02-01,0,2496484.75
MX-SLP,2006,3,2006-03-01,0,2496484.75
MX-SLP,2006,4,2006-04-01,0,2496484.75
MX-SLP,2006,5,2006-05-01,1,2496484.75
MX-SLP,2006,6,2006-06-01,14,2496484.75
MX-SLP,2006,7,2006-07-01,5,2496484.75
MX-SLP,2006,8,2006-08-01,8,2496484.75
MX-SLP,2006,9,2006-09-01,32,2496484.75
MX-SLP,2006,10,2006-10-01,72,2496484.75
MX-SLP,2006,11,2006-11-01,138,2496484.75
MX-SLP,2006,12,2006-12-01,0,2496484.75
MX-SLP,2007,1,2007-01-01,0,2522250.5
MX-SLP,2007,2,2007-02-01,0,2522250.5
MX-SLP,2007,3,2007-03-01,0,2522250.5
MX-SLP,2007,4,2007-04-01,0,2522250.5
MX-SLP,2007,5,2007-05-01,6,2522250.5
MX-SLP,2007,6,2007-06-01,0,2522250.5
MX-SLP,2007,7,2007-07-01,8,2522250.5
MX-SLP,2007,8,2007-08-01,1,2522250.5
MX-SLP,2007,9,2007-09-01,3,2522250.5
MX-SLP,2007,10,2007-10-01,0,2522250.5
MX-SLP,2007,11,2007-11-01,11,2522250.5
MX-SLP,2007,12,2007-12-01,50,2522250.5
MX-SLP,2012,12,2012-12-01,0,2648331.45
MX-SLP,2013,1,2013-01-01,25,2672723.3
MX-SLP,2013,2,2013-02-01,41,2672723.3
MX-SLP,2013,3,2013-03-01,34,2672723.3
MX-SLP,2013,4,2013-04-01,41,2672723.3
MX-SLP,2013,5,2013-05-01,36,2672723.3
MX-SLP,2013,6,2013-06-01,29,2672723.3
MX-SLP,2013,7,2013-07-01,94,2672723.3
MX-SLP,2013,8,2013-08-01,134,2672723.3
MX-SLP,2013,9,2013-09-01,205,2672723.3
MX-SLP,2013,10,2013-10-01,274,2672723.3
MX-SLP,2013,11,2013-11-01,125,2672723.3
MX-SLP,2013,12,2013-12-01,36,2672723.3
MX-SLP,2017,1,2017-01-01,27,2783873.1
MX-SLP,2017,2,2017-02-01,37,2783873.1
MX-SLP,2017,3,2017-03-01,30,2783873.1
MX-SLP,2017,4,2017-04-01,35,2783873.1
MX-SLP,2017,5,2017-05-01,68,2783873.1
MX-SLP,2017,6,2017-06-01,98,2783873.1
MX-SLP,2017,7,2017-07-01,91,2783873.1
MX-SLP,2017,8,2017-08-01,98,2783873.1
MX-SLP,2017,9,2017-09-01,57,2783873.1
MX-SLP,2017,10,2017-10-01,105,2783873.1
MX-SLP,2017,11,2017-11-01,61,2783873.1
MX-SLP,2017,12,2017-12-01,7,2783873.1
MX-SLP,2018,1,2018-01-01,6,2815056.15
MX-SLP,2018,2,2018-02-01,10,2815056.15
MX-SLP,2018,3,2018-03-01,21,2815056.15
MX-SLP,2018,4,2018-04-01,27,2815056.15
MX-SLP,2018,5,2018-05-01,63,2815056.15
MX-SLP,2018,6,2018-06-01,166,2815056.15
MX-SLP,2018,7,2018-07-01,139,2815056.15
MX-SLP,2018,8,2018-08-01,182,2815056.15
MX-SLP,2018,9,2018-09-01,555,2815056.15
MX-SLP,2018,10,2018-10-01,575,2815056.15
MX-SLP,2018,11,2018-11-01,352,2815056.15
MX-SLP,2018,12,2018-12-01,58,2815056.15
MX-SLP,2019,1,2019-01-01,74,2846239.2
MX-SLP,2019,2,2019-02-01,73,2846239.2
MX-SLP,2019,3,2019-03-01,61,2846239.2
MX-SLP,2019,4,2019-04-01,54,2846239.2
MX-SLP,2019,5,2019-05-01,142,2846239.2
MX-SLP,2019,6,2019-06-01,238,2846239.2
MX-SLP,2019,7,2019-07-01,426,2846239.2
MX-SLP,2019,8,2019-08-01,1131,2846239.2
MX-SLP,2019,9,2019-09-01,1754,2846239.2
MX-SLP,2019,10,2019-10-01,3456,2846239.2
MX-SLP,2019,11,2019-11-01,1585,2846239.2
MX-SLP,2019,12,2019-12-01,512,2846239.2
MX-SLP,2020,1,2020-01-01,268,2877422.25
MX-SLP,2020,2,2020-02-01,164,2877422.25
MX-SLP,2020,3,2020-03-01,128,2877422.25
MX-SLP,2020,4,2020-04-01,153,2877422.25
MX-SLP,2020,5,2020-05-01,301,2877422.25
MX-SLP,2020,6,2020-06-01,392,2877422.25
MX-SLP,2020,7,2020-07-01,621,2877422.25
MX-SLP,2020,8,2020-08-01,815,2877422.25
MX-SLP,2020,9,2020-09-01,1612,2877422.25
MX-SLP,2020,10,2020-10-01,1682,2877422.25
MX-SLP,2020,11,2020-11-01,772,2877422.25
MX-SLP,2020,12,2020-12-01,158,2877422.25
MX-SLP,2021,1,2021-01-01,36,2888455.9
MX-SLP,2021,2,2021-02-01,32,2888455.9
MX-SLP,2021,3,2021-03-01,36,2888455.9
MX-SLP,2021,4,2021-04-01,35,2888455.9
MX-SLP,2021,5,2021-05-01,48,2888455.9
MX-SLP,2021,6,2021-06-01,145,2888455.9
MX-SLP,2021,7,2021-07-01,148,2888455.9
MX-SLP,2021,8,2021-08-01,137,2888455.9
MX-SLP,2021,9,2021-09-01,86,2888455.9
MX-SLP,2021,10,2021-10-01,93,2888455.9
MX-SLP,2021,11,2021-11-01,38,2888455.9
MX-SLP,2021,12,2021-12-01,3,2888455.9
MX-SLP,2022,1,2022-01-01,4,2899489.55
MX-SLP,2022,2,2022-02-01,11,2899489.55
MX-SLP,2022,3,2022-03-01,37,2899489.55
MX-SLP,2022,4,2022-04-01,39,2899489.55
MX-SLP,2022,5,2022-05-01,71,2899489.55
MX-SLP,2022,6,2022-06-01,73,2899489.55
MX-SLP,2022,7,2022-07-01,46,2899489.55
MX-SLP,2022,8,2022-08-01,3,2899489.55
MX-SLP,2022,12,2022-12-01,1,2899489.55
MX-SON,2002,12,2002-12-01,0,2227405.4
MX-SON,2003,1,2003-01-01,0,2271595.1
MX-SON,2003,2,2003-02-01,1,2271595.1
MX-SON,2003,3,2003-03-01,0,2271595.1
MX-SON,2003,4,2003-04-01,0,2271595.1
MX-SON,2003,5,2003-05-01,0,2271595.1
MX-SON,2003,6,2003-06-01,5,2271595.1
MX-SON,2003,7,2003-07-01,52,2271595.1
MX-SON,2003,8,2003-08-01,41,2271595.1
MX-SON,2003,9,2003-09-01,108,2271595.1
MX-SON,2003,10,2003-10-01,223,2271595.1
MX-SON,2003,11,2003-11-01,930,2271595.1
MX-SON,2003,12,2003-12-01,146,2271595.1
MX-SON,2004,1,2004-01-01,4,2315784.8
MX-SON,2004,2,2004-02-01,3,2315784.8
MX-SON,2004,3,2004-03-01,1,2315784.8
MX-SON,2004,4,2004-04-01,1,2315784.8
MX-SON,2004,5,2004-05-01,6,2315784.8
MX-SON,2004,6,2004-06-01,5,2315784.8
MX-SON,2004,7,2004-07-01,0,2315784.8
MX-SON,2004,8,2004-08-01,1,2315784.8
MX-SON,2004,9,2004-09-01,1,2315784.8
MX-SON,2004,10,2004-10-01,4,2315784.8
MX-SON,2004,11,2004-11-01,2,2315784.8
MX-SON,2004,12,2004-12-01,1,2315784.8
MX-SON,2005,1,2005-01-01,0,2359974.5
MX-SON,2005,2,2005-02-01,1,2359974.5
MX-SON,2005,3,2005-03-01,3,2359974.5
MX-SON,2005,4,2005-04-01,3,2359974.5
MX-SON,2005,5,2005-05-01,1,2359974.5
MX-SON,2005,6,2005-06-01,0,2359974.5
MX-SON,2005,7,2005-07-01,0,2359974.5
MX-SON,2005,8,2005-08-01,0,2359974.5
MX-SON,2005,9,2005-09-01,2,2359974.5
MX-SON,2005,10,2005-10-01,37,2359974.5
MX-SON,2005,11,2005-11-01,21,2359974.5
MX-SON,2005,12,2005-12-01,6,2359974.5
MX-SON,2006,1,2006-01-01,0,2402330.75
MX-SON,2006,2,2006-02-01,0,2402330.75
MX-SON,2006,3,2006-03-01,1,2402330.75
MX-SON,2006,4,2006-04-01,0,2402330.75
MX-SON,2006,5,2006-05-01,0,2402330.75
MX-SON,2006,6,2006-06-01,0,2402330.75
MX-SON,2006,7,2006-07-01,0,2402330.75
MX-SON,2006,8,2006-08-01,1,2402330.75
MX-SON,2006,9,2006-09-01,4,2402330.75
MX-SON,2006,10,2006-10-01,17,2402330.75
MX-SON,2006,11,2006-11-01,49,2402330.75
MX-SON,2006,12,2006-12-01,18,2402330.75
MX-SON,2007,1,2007-01-01,0,2444687
MX-SON,2007,2,2007-02-01,1,2444687
MX-SON,2007,3,2007-03-01,0,2444687
MX-SON,2007,4,2007-04-01,0,2444687
MX-SON,2007,5,2007-05-01,1,2444687
MX-SON,2007,6,2007-06-01,1,2444687
MX-SON,2007,7,2007-07-01,0,2444687
MX-SON,2007,8,2007-08-01,3,2444687
MX-SON,2007,9,2007-09-01,0,2444687
MX-SON,2007,10,2007-10-01,1,2444687
MX-SON,2007,11,2007-11-01,6,2444687
MX-SON,2007,12,2007-12-01,0,2444687
MX-SON,2012,12,2012-12-01,0,2658902.25
MX-SON,2013,1,2013-01-01,6,2702475.5
MX-SON,2013,2,2013-02-01,8,2702475.5
MX-SON,2013,3,2013-03-01,3,2702475.5
MX-SON,2013,4,2013-04-01,6,2702475.5
MX-SON,2013,5,2013-05-01,4,2702475.5
MX-SON,2013,6,2013-06-01,0,2702475.5
MX-SON,2013,7,2013-07-01,4,2702475.5
MX-SON,2013,8,2013-08-01,9,2702475.5
MX-SON,2013,9,2013-09-01,9,2702475.5
MX-SON,2013,10,2013-10-01,141,2702475.5
MX-SON,2013,11,2013-11-01,245,2702475.5
MX-SON,2013,12,2013-12-01,21,2702475.5
MX-SON,2017,1,2017-01-01,29,2881512.5
MX-SON,2017,2,2017-02-01,45,2881512.5
MX-SON,2017,3,2017-03-01,103,2881512.5
MX-SON,2017,4,2017-04-01,85,2881512.5
MX-SON,2017,5,2017-05-01,124,2881512.5
MX-SON,2017,6,2017-06-01,119,2881512.5
MX-SON,2017,7,2017-07-01,64,2881512.5
MX-SON,2017,8,2017-08-01,103,2881512.5
MX-SON,2017,9,2017-09-01,192,2881512.5
MX-SON,2017,10,2017-10-01,232,2881512.5
MX-SON,2017,11,2017-11-01,188,2881512.5
MX-SON,2017,12,2017-12-01,54,2881512.5
MX-SON,2018,1,2018-01-01,41,2927457.75
MX-SON,2018,2,2018-02-01,31,2927457.75
MX-SON,2018,3,2018-03-01,21,2927457.75
MX-SON,2018,4,2018-04-01,32,2927457.75
MX-SON,2018,5,2018-05-01,36,2927457.75
MX-SON,2018,6,2018-06-01,33,2927457.75
MX-SON,2018,7,2018-07-01,53,2927457.75
MX-SON,2018,8,2018-08-01,54,2927457.75
MX-SON,2018,9,2018-09-01,151,2927457.75
MX-SON,2018,10,2018-10-01,307,2927457.75
MX-SON,2018,11,2018-11-01,157,2927457.75
MX-SON,2018,12,2018-12-01,49,2927457.75
MX-SON,2019,1,2019-01-01,26,2973403
MX-SON,2019,2,2019-02-01,21,2973403
MX-SON,2019,3,2019-03-01,19,2973403
MX-SON,2019,4,2019-04-01,22,2973403
MX-SON,2019,5,2019-05-01,27,2973403
MX-SON,2019,6,2019-06-01,33,2973403
MX-SON,2019,7,2019-07-01,46,2973403
MX-SON,2019,8,2019-08-01,148,2973403
MX-SON,2019,9,2019-09-01,342,2973403
MX-SON,2019,10,2019-10-01,945,2973403
MX-SON,2019,11,2019-11-01,820,2973403
MX-SON,2019,12,2019-12-01,136,2973403
MX-SON,2020,1,2020-01-01,46,3019348.25
MX-SON,2020,2,2020-02-01,30,3019348.25
MX-SON,2020,3,2020-03-01,11,3019348.25
MX-SON,2020,4,2020-04-01,6,3019348.25
MX-SON,2020,5,2020-05-01,19,3019348.25
MX-SON,2020,6,2020-06-01,20,3019348.25
MX-SON,2020,7,2020-07-01,14,3019348.25
MX-SON,2020,8,2020-08-01,5,3019348.25
MX-SON,2020,9,2020-09-01,16,3019348.25
MX-SON,2020,10,2020-10-01,20,3019348.25
MX-SON,2020,11,2020-11-01,15,3019348.25
MX-SON,2020,12,2020-12-01,6,3019348.25
MX-SON,2021,1,2021-01-01,5,3047403.95
MX-SON,2021,2,2021-02-01,2,3047403.95
MX-SON,2021,3,2021-03-01,2,3047403.95
MX-SON,2021,4,2021-04-01,4,3047403.95
MX-SON,2021,5,2021-05-01,11,3047403.95
MX-SON,2021,6,2021-06-01,7,3047403.95
MX-SON,2021,7,2021-07-01,19,3047403.95
MX-SON,2021,8,2021-08-01,28,3047403.95
MX-SON,2021,9,2021-09-01,85,3047403.95
MX-SON,2021,10,2021-10-01,109,3047403.95
MX-SON,2021,11,2021-11-01,136,3047403.95
MX-SON,2021,12,2021-12-01,22,3047403.95
MX-SON,2022,1,2022-01-01,12,3075459.65
MX-SON,2022,2,2022-02-01,7,3075459.65
MX-SON,2022,3,2022-03-01,18,3075459.65
MX-SON,2022,4,2022-04-01,11,3075459.65
MX-SON,2022,5,2022-05-01,31,3075459.65
MX-SON,2022,6,2022-06-01,113,3075459.65
MX-SON,2022,7,2022-07-01,95,3075459.65
MX-SON,2022,8,2022-08-01,61,3075459.65
MX-TAB,2002,12,2002-12-01,0,1843021.25
MX-TAB,2003,1,2003-01-01,0,1885624.375
MX-TAB,2003,2,2003-02-01,0,1885624.375
MX-TAB,2003,3,2003-03-01,6,1885624.375
MX-TAB,2003,4,2003-04-01,0,1885624.375
MX-TAB,2003,5,2003-05-01,1,1885624.375
MX-TAB,2003,6,2003-06-01,0,1885624.375
MX-TAB,2003,7,2003-07-01,8,1885624.375
MX-TAB,2003,8,2003-08-01,20,1885624.375
MX-TAB,2003,9,2003-09-01,26,1885624.375
MX-TAB,2003,10,2003-10-01,36,1885624.375
MX-TAB,2003,11,2003-11-01,7,1885624.375
MX-TAB,2003,12,2003-12-01,0,1885624.375
MX-TAB,2004,1,2004-01-01,0,1928227.5
MX-TAB,2004,2,2004-02-01,0,1928227.5
MX-TAB,2004,3,2004-03-01,4,1928227.5
MX-TAB,2004,4,2004-04-01,0,1928227.5
MX-TAB,2004,5,2004-05-01,0,1928227.5
MX-TAB,2004,6,2004-06-01,0,1928227.5
MX-TAB,2004,7,2004-07-01,1,1928227.5
MX-TAB,2004,8,2004-08-01,5,1928227.5
MX-TAB,2004,9,2004-09-01,4,1928227.5
MX-TAB,2004,10,2004-10-01,20,1928227.5
MX-TAB,2004,11,2004-11-01,27,1928227.5
MX-TAB,2004,12,2004-12-01,11,1928227.5
MX-TAB,2005,1,2005-01-01,4,1970830.625
MX-TAB,2005,2,2005-02-01,3,1970830.625
MX-TAB,2005,3,2005-03-01,5,1970830.625
MX-TAB,2005,4,2005-04-01,5,1970830.625
MX-TAB,2005,5,2005-05-01,18,1970830.625
MX-TAB,2005,6,2005-06-01,43,1970830.625
MX-TAB,2005,7,2005-07-01,61,1970830.625
MX-TAB,2005,8,2005-08-01,100,1970830.625
MX-TAB,2005,9,2005-09-01,82,1970830.625
MX-TAB,2005,10,2005-10-01,45,1970830.625
MX-TAB,2005,11,2005-11-01,18,1970830.625
MX-TAB,2005,12,2005-12-01,3,1970830.625
MX-TAB,2006,1,2006-01-01,2,2011995.45
MX-TAB,2006,2,2006-02-01,2,2011995.45
MX-TAB,2006,3,2006-03-01,4,2011995.45
MX-TAB,2006,4,2006-04-01,0,2011995.45
MX-TAB,2006,5,2006-05-01,2,2011995.45
MX-TAB,2006,6,2006-06-01,6,2011995.45
MX-TAB,2006,7,2006-07-01,5,2011995.45
MX-TAB,2006,8,2006-08-01,20,2011995.45
MX-TAB,2006,9,2006-09-01,62,2011995.45
MX-TAB,2006,10,2006-10-01,27,2011995.45
MX-TAB,2006,11,2006-11-01,21,2011995.45
MX-TAB,2006,12,2006-12-01,7,2011995.45
MX-TAB,2007,1,2007-01-01,1,2053160.275
MX-TAB,2007,2,2007-02-01,10,2053160.275
MX-TAB,2007,3,2007-03-01,5,2053160.275
MX-TAB,2007,4,2007-04-01,14,2053160.275
MX-TAB,2007,5,2007-05-01,24,2053160.275
MX-TAB,2007,6,2007-06-01,28,2053160.275
MX-TAB,2007,7,2007-07-01,55,2053160.275
MX-TAB,2007,8,2007-08-01,148,2053160.275
MX-TAB,2007,9,2007-09-01,347,2053160.275
MX-TAB,2007,10,2007-10-01,528,2053160.275
MX-TAB,2007,11,2007-11-01,328,2053160.275
MX-TAB,2007,12,2007-12-01,253,2053160.275
MX-TAB,2012,12,2012-12-01,0,2257685.95
MX-TAB,2013,1,2013-01-01,56,2298201.55
MX-TAB,2013,2,2013-02-01,101,2298201.55
MX-TAB,2013,3,2013-03-01,165,2298201.55
MX-TAB,2013,4,2013-04-01,354,2298201.55
MX-TAB,2013,5,2013-05-01,695,2298201.55
MX-TAB,2013,6,2013-06-01,670,2298201.55
MX-TAB,2013,7,2013-07-01,1059,2298201.55
MX-TAB,2013,8,2013-08-01,843,2298201.55
MX-TAB,2013,9,2013-09-01,1230,2298201.55
MX-TAB,2013,10,2013-10-01,713,2298201.55
MX-TAB,2013,11,2013-11-01,184,2298201.55
MX-TAB,2013,12,2013-12-01,38,2298201.55
MX-TAB,2017,1,2017-01-01,87,2493500.05
MX-TAB,2017,2,2017-02-01,63,2493500.05
MX-TAB,2017,3,2017-03-01,60,2493500.05
MX-TAB,2017,4,2017-04-01,55,2493500.05
MX-TAB,2017,5,2017-05-01,71,2493500.05
MX-TAB,2017,6,2017-06-01,125,2493500.05
MX-TAB,2017,7,2017-07-01,133,2493500.05
MX-TAB,2017,8,2017-08-01,72,2493500.05
MX-TAB,2017,9,2017-09-01,86,2493500.05
MX-TAB,2017,10,2017-10-01,74,2493500.05
MX-TAB,2017,11,2017-11-01,36,2493500.05
MX-TAB,2017,12,2017-12-01,27,2493500.05
MX-TAB,2018,1,2018-01-01,47,2550633.7
MX-TAB,2018,2,2018-02-01,30,2550633.7
MX-TAB,2018,3,2018-03-01,48,2550633.7
MX-TAB,2018,4,2018-04-01,33,2550633.7
MX-TAB,2018,5,2018-05-01,45,2550633.7
MX-TAB,2018,6,2018-06-01,49,2550633.7
MX-TAB,2018,7,2018-07-01,49,2550633.7
MX-TAB,2018,8,2018-08-01,64,2550633.7
MX-TAB,2018,9,2018-09-01,100,2550633.7
MX-TAB,2018,10,2018-10-01,305,2550633.7
MX-TAB,2018,11,2018-11-01,226,2550633.7
MX-TAB,2018,12,2018-12-01,132,2550633.7
MX-TAB,2019,1,2019-01-01,211,2607767.35
MX-TAB,2019,2,2019-02-01,286,2607767.35
MX-TAB,2019,3,2019-03-01,511,2607767.35
MX-TAB,2019,4,2019-04-01,522,2607767.35
MX-TAB,2019,5,2019-05-01,410,2607767.35
MX-TAB,2019,6,2019-06-01,228,2607767.35
MX-TAB,2019,7,2019-07-01,269,2607767.35
MX-TAB,2019,8,2019-08-01,497,2607767.35
MX-TAB,2019,9,2019-09-01,826,2607767.35
MX-TAB,2019,10,2019-10-01,1556,2607767.35
MX-TAB,2019,11,2019-11-01,1400,2607767.35
MX-TAB,2019,12,2019-12-01,791,2607767.35
MX-TAB,2020,1,2020-01-01,668,2664901
MX-TAB,2020,2,2020-02-01,1057,2664901
MX-TAB,2020,3,2020-03-01,677,2664901
MX-TAB,2020,4,2020-04-01,138,2664901
MX-TAB,2020,5,2020-05-01,78,2664901
MX-TAB,2020,6,2020-06-01,112,2664901
MX-TAB,2020,7,2020-07-01,98,2664901
MX-TAB,2020,8,2020-08-01,48,2664901
MX-TAB,2020,9,2020-09-01,39,2664901
MX-TAB,2020,10,2020-10-01,62,2664901
MX-TAB,2020,11,2020-11-01,83,2664901
MX-TAB,2020,12,2020-12-01,65,2664901
MX-TAB,2021,1,2021-01-01,30,2698215.9
MX-TAB,2021,2,2021-02-01,37,2698215.9
MX-TAB,2021,3,2021-03-01,54,2698215.9
MX-TAB,2021,4,2021-04-01,72,2698215.9
MX-TAB,2021,5,2021-05-01,52,2698215.9
MX-TAB,2021,6,2021-06-01,57,2698215.9
MX-TAB,2021,7,2021-07-01,62,2698215.9
MX-TAB,2021,8,2021-08-01,59,2698215.9
MX-TAB,2021,9,2021-09-01,126,2698215.9
MX-TAB,2021,10,2021-10-01,145,2698215.9
MX-TAB,2021,11,2021-11-01,121,2698215.9
MX-TAB,2021,12,2021-12-01,39,2698215.9
MX-TAB,2022,1,2022-01-01,41,2731530.8
MX-TAB,2022,2,2022-02-01,73,2731530.8
MX-TAB,2022,3,2022-03-01,227,2731530.8
MX-TAB,2022,4,2022-04-01,400,2731530.8
MX-TAB,2022,5,2022-05-01,481,2731530.8
MX-TAB,2022,6,2022-06-01,389,2731530.8
MX-TAB,2022,7,2022-07-01,309,2731530.8
MX-TAB,2022,8,2022-08-01,88,2731530.8
MX-TAM,2002,12,2002-12-01,0,2898443.5
MX-TAM,2003,1,2003-01-01,0,2942688.25
MX-TAM,2003,2,2003-02-01,0,2942688.25
MX-TAM,2003,3,2003-03-01,0,2942688.25
MX-TAM,2003,4,2003-04-01,1,2942688.25
MX-TAM,2003,5,2003-05-01,1,2942688.25
MX-TAM,2003,6,2003-06-01,1,2942688.25
MX-TAM,2003,7,2003-07-01,2,2942688.25
MX-TAM,2003,8,2003-08-01,3,2942688.25
MX-TAM,2003,9,2003-09-01,1,2942688.25
MX-TAM,2003,10,2003-10-01,0,2942688.25
MX-TAM,2003,11,2003-11-01,1,2942688.25
MX-TAM,2003,12,2003-12-01,0,2942688.25
MX-TAM,2004,1,2004-01-01,0,2986933
MX-TAM,2004,2,2004-02-01,0,2986933
MX-TAM,2004,3,2004-03-01,1,2986933
MX-TAM,2004,4,2004-04-01,0,2986933
MX-TAM,2004,5,2004-05-01,0,2986933
MX-TAM,2004,6,2004-06-01,1,2986933
MX-TAM,2004,7,2004-07-01,0,2986933
MX-TAM,2004,8,2004-08-01,0,2986933
MX-TAM,2004,9,2004-09-01,8,2986933
MX-TAM,2004,10,2004-10-01,9,2986933
MX-TAM,2004,11,2004-11-01,19,2986933
MX-TAM,2004,12,2004-12-01,51,2986933
MX-TAM,2005,1,2005-01-01,3,3031177.75
MX-TAM,2005,2,2005-02-01,3,3031177.75
MX-TAM,2005,3,2005-03-01,8,3031177.75
MX-TAM,2005,4,2005-04-01,3,3031177.75
MX-TAM,2005,5,2005-05-01,3,3031177.75
MX-TAM,2005,6,2005-06-01,20,3031177.75
MX-TAM,2005,7,2005-07-01,124,3031177.75
MX-TAM,2005,8,2005-08-01,1054,3031177.75
MX-TAM,2005,9,2005-09-01,1695,3031177.75
MX-TAM,2005,10,2005-10-01,2422,3031177.75
MX-TAM,2005,11,2005-11-01,491,3031177.75
MX-TAM,2005,12,2005-12-01,753,3031177.75
MX-TAM,2006,1,2006-01-01,10,3071228.4
MX-TAM,2006,2,2006-02-01,16,3071228.4
MX-TAM,2006,3,2006-03-01,19,3071228.4
MX-TAM,2006,4,2006-04-01,4,3071228.4
MX-TAM,2006,5,2006-05-01,11,3071228.4
MX-TAM,2006,6,2006-06-01,14,3071228.4
MX-TAM,2006,7,2006-07-01,32,3071228.4
MX-TAM,2006,8,2006-08-01,40,3071228.4
MX-TAM,2006,9,2006-09-01,14,3071228.4
MX-TAM,2006,10,2006-10-01,12,3071228.4
MX-TAM,2006,11,2006-11-01,25,3071228.4
MX-TAM,2006,12,2006-12-01,4,3071228.4
MX-TAM,2007,1,2007-01-01,3,3111279.05
MX-TAM,2007,2,2007-02-01,0,3111279.05
MX-TAM,2007,3,2007-03-01,0,3111279.05
MX-TAM,2007,4,2007-04-01,14,3111279.05
MX-TAM,2007,5,2007-05-01,7,3111279.05
MX-TAM,2007,6,2007-06-01,16,3111279.05
MX-TAM,2007,7,2007-07-01,17,3111279.05
MX-TAM,2007,8,2007-08-01,182,3111279.05
MX-TAM,2007,9,2007-09-01,249,3111279.05
MX-TAM,2007,10,2007-10-01,519,3111279.05
MX-TAM,2007,11,2007-11-01,500,3111279.05
MX-TAM,2007,12,2007-12-01,284,3111279.05
MX-TAM,2012,12,2012-12-01,0,3302874.3
MX-TAM,2013,1,2013-01-01,26,3338595.95
MX-TAM,2013,2,2013-02-01,29,3338595.95
MX-TAM,2013,3,2013-03-01,34,3338595.95
MX-TAM,2013,4,2013-04-01,32,3338595.95
MX-TAM,2013,5,2013-05-01,41,3338595.95
MX-TAM,2013,6,2013-06-01,454,3338595.95
MX-TAM,2013,7,2013-07-01,1560,3338595.95
MX-TAM,2013,8,2013-08-01,1168,3338595.95
MX-TAM,2013,9,2013-09-01,709,3338595.95
MX-TAM,2013,10,2013-10-01,913,3338595.95
MX-TAM,2013,11,2013-11-01,513,3338595.95
MX-TAM,2013,12,2013-12-01,78,3338595.95
MX-TAM,2017,1,2017-01-01,268,3455125.85
MX-TAM,2017,2,2017-02-01,139,3455125.85
MX-TAM,2017,3,2017-03-01,129,3455125.85
MX-TAM,2017,4,2017-04-01,108,3455125.85
MX-TAM,2017,5,2017-05-01,192,3455125.85
MX-TAM,2017,6,2017-06-01,382,3455125.85
MX-TAM,2017,7,2017-07-01,549,3455125.85
MX-TAM,2017,8,2017-08-01,888,3455125.85
MX-TAM,2017,9,2017-09-01,870,3455125.85
MX-TAM,2017,10,2017-10-01,982,3455125.85
MX-TAM,2017,11,2017-11-01,725,3455125.85
MX-TAM,2017,12,2017-12-01,172,3455125.85
MX-TAM,2018,1,2018-01-01,59,3477669.15
MX-TAM,2018,2,2018-02-01,72,3477669.15
MX-TAM,2018,3,2018-03-01,102,3477669.15
MX-TAM,2018,4,2018-04-01,108,3477669.15
MX-TAM,2018,5,2018-05-01,134,3477669.15
MX-TAM,2018,6,2018-06-01,149,3477669.15
MX-TAM,2018,7,2018-07-01,166,3477669.15
MX-TAM,2018,8,2018-08-01,126,3477669.15
MX-TAM,2018,9,2018-09-01,213,3477669.15
MX-TAM,2018,10,2018-10-01,418,3477669.15
MX-TAM,2018,11,2018-11-01,206,3477669.15
MX-TAM,2018,12,2018-12-01,92,3477669.15
MX-TAM,2019,1,2019-01-01,103,3500212.45
MX-TAM,2019,2,2019-02-01,94,3500212.45
MX-TAM,2019,3,2019-03-01,135,3500212.45
MX-TAM,2019,4,2019-04-01,101,3500212.45
MX-TAM,2019,5,2019-05-01,142,3500212.45
MX-TAM,2019,6,2019-06-01,130,3500212.45
MX-TAM,2019,7,2019-07-01,212,3500212.45
MX-TAM,2019,8,2019-08-01,326,3500212.45
MX-TAM,2019,9,2019-09-01,576,3500212.45
MX-TAM,2019,10,2019-10-01,1671,3500212.45
MX-TAM,2019,11,2019-11-01,1662,3500212.45
MX-TAM,2019,12,2019-12-01,1022,3500212.45
MX-TAM,2020,1,2020-01-01,783,3522755.75
MX-TAM,2020,2,2020-02-01,554,3522755.75
MX-TAM,2020,3,2020-03-01,328,3522755.75
MX-TAM,2020,4,2020-04-01,223,3522755.75
MX-TAM,2020,5,2020-05-01,246,3522755.75
MX-TAM,2020,6,2020-06-01,537,3522755.75
MX-TAM,2020,7,2020-07-01,759,3522755.75
MX-TAM,2020,8,2020-08-01,1330,3522755.75
MX-TAM,2020,9,2020-09-01,2412,3522755.75
MX-TAM,2020,10,2020-10-01,948,3522755.75
MX-TAM,2020,11,2020-11-01,2388,3522755.75
MX-TAM,2020,12,2020-12-01,580,3522755.75
MX-TAM,2021,1,2021-01-01,117,3541750.45
MX-TAM,2021,2,2021-02-01,52,3541750.45
MX-TAM,2021,3,2021-03-01,56,3541750.45
MX-TAM,2021,4,2021-04-01,115,3541750.45
MX-TAM,2021,5,2021-05-01,159,3541750.45
MX-TAM,2021,6,2021-06-01,251,3541750.45
MX-TAM,2021,7,2021-07-01,234,3541750.45
MX-TAM,2021,8,2021-08-01,129,3541750.45
MX-TAM,2021,9,2021-09-01,67,3541750.45
MX-TAM,2021,10,2021-10-01,84,3541750.45
MX-TAM,2021,11,2021-11-01,35,3541750.45
MX-TAM,2021,12,2021-12-01,8,3541750.45
MX-TAM,2022,1,2022-01-01,13,3560745.15
MX-TAM,2022,2,2022-02-01,13,3560745.15
MX-TAM,2022,3,2022-03-01,23,3560745.15
MX-TAM,2022,4,2022-04-01,31,3560745.15
MX-TAM,2022,5,2022-05-01,77,3560745.15
MX-TAM,2022,6,2022-06-01,93,3560745.15
MX-TAM,2022,7,2022-07-01,37,3560745.15
MX-TAM,2022,8,2022-08-01,13,3560745.15
MX-TAM,2022,12,2022-12-01,1,3560745.15
MX-TLA,2002,12,2002-12-01,0,1034343.025
MX-TLA,2003,1,2003-01-01,0,1052425.725
MX-TLA,2003,2,2003-02-01,0,1052425.725
MX-TLA,2003,3,2003-03-01,0,1052425.725
MX-TLA,2003,4,2003-04-01,0,1052425.725
MX-TLA,2003,5,2003-05-01,0,1052425.725
MX-TLA,2003,6,2003-06-01,0,1052425.725
MX-TLA,2003,7,2003-07-01,0,1052425.725
MX-TLA,2003,8,2003-08-01,0,1052425.725
MX-TLA,2003,9,2003-09-01,0,1052425.725
MX-TLA,2003,10,2003-10-01,0,1052425.725
MX-TLA,2003,11,2003-11-01,0,1052425.725
MX-TLA,2003,12,2003-12-01,0,1052425.725
MX-TLA,2004,1,2004-01-01,0,1070508.425
MX-TLA,2004,2,2004-02-01,0,1070508.425
MX-TLA,2004,3,2004-03-01,0,1070508.425
MX-TLA,2004,4,2004-04-01,0,1070508.425
MX-TLA,2004,5,2004-05-01,0,1070508.425
MX-TLA,2004,6,2004-06-01,0,1070508.425
MX-TLA,2004,7,2004-07-01,0,1070508.425
MX-TLA,2004,8,2004-08-01,0,1070508.425
MX-TLA,2004,9,2004-09-01,0,1070508.425
MX-TLA,2004,10,2004-10-01,0,1070508.425
MX-TLA,2004,11,2004-11-01,0,1070508.425
MX-TLA,2004,12,2004-12-01,0,1070508.425
MX-TLA,2005,1,2005-01-01,0,1088591.125
MX-TLA,2005,2,2005-02-01,0,1088591.125
MX-TLA,2005,3,2005-03-01,0,1088591.125
MX-TLA,2005,4,2005-04-01,0,1088591.125
MX-TLA,2005,5,2005-05-01,0,1088591.125
MX-TLA,2005,6,2005-06-01,0,1088591.125
MX-TLA,2005,7,2005-07-01,0,1088591.125
MX-TLA,2005,8,2005-08-01,0,1088591.125
MX-TLA,2005,9,2005-09-01,0,1088591.125
MX-TLA,2005,10,2005-10-01,0,1088591.125
MX-TLA,2005,11,2005-11-01,0,1088591.125
MX-TLA,2005,12,2005-12-01,0,1088591.125
MX-TLA,2006,1,2006-01-01,0,1104820.075
MX-TLA,2006,2,2006-02-01,0,1104820.075
MX-TLA,2006,3,2006-03-01,0,1104820.075
MX-TLA,2006,4,2006-04-01,0,1104820.075
MX-TLA,2006,5,2006-05-01,0,1104820.075
MX-TLA,2006,6,2006-06-01,0,1104820.075
MX-TLA,2006,7,2006-07-01,0,1104820.075
MX-TLA,2006,8,2006-08-01,0,1104820.075
MX-TLA,2006,9,2006-09-01,0,1104820.075
MX-TLA,2006,10,2006-10-01,0,1104820.075
MX-TLA,2006,11,2006-11-01,0,1104820.075
MX-TLA,2006,12,2006-12-01,0,1104820.075
MX-TLA,2007,1,2007-01-01,0,1121049.025
MX-TLA,2007,2,2007-02-01,0,1121049.025
MX-TLA,2007,3,2007-03-01,0,1121049.025
MX-TLA,2007,4,2007-04-01,0,1121049.025
MX-TLA,2007,5,2007-05-01,0,1121049.025
MX-TLA,2007,6,2007-06-01,0,1121049.025
MX-TLA,2007,7,2007-07-01,0,1121049.025
MX-TLA,2007,8,2007-08-01,0,1121049.025
MX-TLA,2007,9,2007-09-01,0,1121049.025
MX-TLA,2007,10,2007-10-01,0,1121049.025
MX-TLA,2007,11,2007-11-01,0,1121049.025
MX-TLA,2007,12,2007-12-01,0,1121049.025
MX-TLA,2012,12,2012-12-01,0,1202146.825
MX-TLA,2013,1,2013-01-01,0,1218352.3
MX-TLA,2013,2,2013-02-01,0,1218352.3
MX-TLA,2013,3,2013-03-01,0,1218352.3
MX-TLA,2013,4,2013-04-01,0,1218352.3
MX-TLA,2013,5,2013-05-01,0,1218352.3
MX-TLA,2013,6,2013-06-01,0,1218352.3
MX-TLA,2013,7,2013-07-01,0,1218352.3
MX-TLA,2013,8,2013-08-01,0,1218352.3
MX-TLA,2013,9,2013-09-01,0,1218352.3
MX-TLA,2013,10,2013-10-01,0,1218352.3
MX-TLA,2013,11,2013-11-01,0,1218352.3
MX-TLA,2013,12,2013-12-01,0,1218352.3
MX-TLA,2017,2,2017-02-01,1,1286365.9
MX-TLA,2017,3,2017-03-01,2,1286365.9
MX-TLA,2017,4,2017-04-01,2,1286365.9
MX-TLA,2017,5,2017-05-01,1,1286365.9
MX-TLA,2017,6,2017-06-01,2,1286365.9
MX-TLA,2017,7,2017-07-01,0,1286365.9
MX-TLA,2017,8,2017-08-01,2,1286365.9
MX-TLA,2018,10,2018-10-01,1,1304167.225
MX-TLA,2019,6,2019-06-01,1,1321968.55
MX-TLA,2019,8,2019-08-01,3,1321968.55
MX-TLA,2019,9,2019-09-01,1,1321968.55
MX-TLA,2019,10,2019-10-01,1,1321968.55
MX-TLA,2019,11,2019-11-01,1,1321968.55
MX-TLA,2020,1,2020-01-01,1,1339769.875
MX-TLA,2020,2,2020-02-01,0,1339769.875
MX-TLA,2020,5,2020-05-01,0,1339769.875
MX-TLA,2020,6,2020-06-01,1,1339769.875
MX-TLA,2020,11,2020-11-01,1,1339769.875
MX-TLA,2021,8,2021-08-01,1,1348686.425
MX-TLA,2021,10,2021-10-01,1,1348686.425
MX-TLA,2022,5,2022-05-01,2,1357602.975
MX-VER,2002,12,2002-12-01,0,6893433.9
MX-VER,2003,1,2003-01-01,2,6989635.6
MX-VER,2003,2,2003-02-01,2,6989635.6
MX-VER,2003,3,2003-03-01,6,6989635.6
MX-VER,2003,4,2003-04-01,8,6989635.6
MX-VER,2003,5,2003-05-01,10,6989635.6
MX-VER,2003,6,2003-06-01,24,6989635.6
MX-VER,2003,7,2003-07-01,40,6989635.6
MX-VER,2003,8,2003-08-01,88,6989635.6
MX-VER,2003,9,2003-09-01,210,6989635.6
MX-VER,2003,10,2003-10-01,218,6989635.6
MX-VER,2003,11,2003-11-01,229,6989635.6
MX-VER,2003,12,2003-12-01,248,6989635.6
MX-VER,2004,1,2004-01-01,5,7085837.3
MX-VER,2004,2,2004-02-01,14,7085837.3
MX-VER,2004,3,2004-03-01,17,7085837.3
MX-VER,2004,4,2004-04-01,4,7085837.3
MX-VER,2004,5,2004-05-01,17,7085837.3
MX-VER,2004,6,2004-06-01,75,7085837.3
MX-VER,2004,7,2004-07-01,160,7085837.3
MX-VER,2004,8,2004-08-01,1738,7085837.3
MX-VER,2004,9,2004-09-01,1150,7085837.3
MX-VER,2004,10,2004-10-01,959,7085837.3
MX-VER,2004,11,2004-11-01,1127,7085837.3
MX-VER,2004,12,2004-12-01,335,7085837.3
MX-VER,2005,1,2005-01-01,23,7182039
MX-VER,2005,2,2005-02-01,12,7182039
MX-VER,2005,3,2005-03-01,10,7182039
MX-VER,2005,4,2005-04-01,11,7182039
MX-VER,2005,5,2005-05-01,56,7182039
MX-VER,2005,6,2005-06-01,183,7182039
MX-VER,2005,7,2005-07-01,368,7182039
MX-VER,2005,8,2005-08-01,631,7182039
MX-VER,2005,9,2005-09-01,1282,7182039
MX-VER,2005,10,2005-10-01,834,7182039
MX-VER,2005,11,2005-11-01,814,7182039
MX-VER,2005,12,2005-12-01,286,7182039
MX-VER,2006,1,2006-01-01,17,7259157.5
MX-VER,2006,2,2006-02-01,36,7259157.5
MX-VER,2006,3,2006-03-01,26,7259157.5
MX-VER,2006,4,2006-04-01,18,7259157.5
MX-VER,2006,5,2006-05-01,42,7259157.5
MX-VER,2006,6,2006-06-01,132,7259157.5
MX-VER,2006,7,2006-07-01,461,7259157.5
MX-VER,2006,8,2006-08-01,722,7259157.5
MX-VER,2006,9,2006-09-01,1361,7259157.5
MX-VER,2006,10,2006-10-01,2705,7259157.5
MX-VER,2006,11,2006-11-01,2072,7259157.5
MX-VER,2006,12,2006-12-01,749,7259157.5
MX-VER,2007,1,2007-01-01,52,7336276
MX-VER,2007,2,2007-02-01,64,7336276
MX-VER,2007,3,2007-03-01,89,7336276
MX-VER,2007,4,2007-04-01,176,7336276
MX-VER,2007,5,2007-05-01,276,7336276
MX-VER,2007,6,2007-06-01,473,7336276
MX-VER,2007,7,2007-07-01,874,7336276
MX-VER,2007,8,2007-08-01,1468,7336276
MX-VER,2007,9,2007-09-01,2403,7336276
MX-VER,2007,10,2007-10-01,4232,7336276
MX-VER,2007,11,2007-11-01,3403,7336276
MX-VER,2007,12,2007-12-01,590,7336276
MX-VER,2012,12,2012-12-01,0,7732140.5
MX-VER,2013,1,2013-01-01,114,7814395
MX-VER,2013,2,2013-02-01,136,7814395
MX-VER,2013,3,2013-03-01,129,7814395
MX-VER,2013,4,2013-04-01,121,7814395
MX-VER,2013,5,2013-05-01,218,7814395
MX-VER,2013,6,2013-06-01,324,7814395
MX-VER,2013,7,2013-07-01,704,7814395
MX-VER,2013,8,2013-08-01,1164,7814395
MX-VER,2013,9,2013-09-01,2290,7814395
MX-VER,2013,10,2013-10-01,1609,7814395
MX-VER,2013,11,2013-11-01,1405,7814395
MX-VER,2013,12,2013-12-01,619,7814395
MX-VER,2017,1,2017-01-01,203,8175573.2
MX-VER,2017,2,2017-02-01,161,8175573.2
MX-VER,2017,3,2017-03-01,301,8175573.2
MX-VER,2017,4,2017-04-01,236,8175573.2
MX-VER,2017,5,2017-05-01,289,8175573.2
MX-VER,2017,6,2017-06-01,541,8175573.2
MX-VER,2017,7,2017-07-01,608,8175573.2
MX-VER,2017,8,2017-08-01,860,8175573.2
MX-VER,2017,9,2017-09-01,910,8175573.2
MX-VER,2017,10,2017-10-01,879,8175573.2
MX-VER,2017,11,2017-11-01,580,8175573.2
MX-VER,2017,12,2017-12-01,190,8175573.2
MX-VER,2018,1,2018-01-01,158,8273907.8
MX-VER,2018,2,2018-02-01,227,8273907.8
MX-VER,2018,3,2018-03-01,243,8273907.8
MX-VER,2018,4,2018-04-01,314,8273907.8
MX-VER,2018,5,2018-05-01,368,8273907.8
MX-VER,2018,6,2018-06-01,575,8273907.8
MX-VER,2018,7,2018-07-01,852,8273907.8
MX-VER,2018,8,2018-08-01,1545,8273907.8
MX-VER,2018,9,2018-09-01,3134,8273907.8
MX-VER,2018,10,2018-10-01,1271,8273907.8
MX-VER,2018,11,2018-11-01,2683,8273907.8
MX-VER,2018,12,2018-12-01,1220,8273907.8
MX-VER,2019,1,2019-01-01,839,8372242.4
MX-VER,2019,2,2019-02-01,625,8372242.4
MX-VER,2019,3,2019-03-01,591,8372242.4
MX-VER,2019,4,2019-04-01,505,8372242.4
MX-VER,2019,5,2019-05-01,837,8372242.4
MX-VER,2019,6,2019-06-01,1716,8372242.4
MX-VER,2019,7,2019-07-01,1334,8372242.4
MX-VER,2019,11,2019-11-01,932,8372242.4
MX-VER,2019,12,2019-12-01,1643,8372242.4
MX-VER,2020,1,2020-01-01,1704,8470577
MX-VER,2020,2,2020-02-01,1301,8470577
MX-VER,2020,3,2020-03-01,842,8470577
MX-VER,2020,4,2020-04-01,486,8470577
MX-VER,2020,5,2020-05-01,504,8470577
MX-VER,2020,6,2020-06-01,625,8470577
MX-VER,2020,7,2020-07-01,674,8470577
MX-VER,2020,8,2020-08-01,488,8470577
MX-VER,2020,9,2020-09-01,483,8470577
MX-VER,2020,10,2020-10-01,557,8470577
MX-VER,2020,11,2020-11-01,356,8470577
MX-VER,2020,12,2020-12-01,189,8470577
MX-VER,2021,1,2021-01-01,104,8521769.2
MX-VER,2021,2,2021-02-01,107,8521769.2
MX-VER,2021,3,2021-03-01,120,8521769.2
MX-VER,2021,4,2021-04-01,183,8521769.2
MX-VER,2021,5,2021-05-01,192,8521769.2
MX-VER,2021,6,2021-06-01,314,8521769.2
MX-VER,2021,7,2021-07-01,468,8521769.2
MX-VER,2021,8,2021-08-01,403,8521769.2
MX-VER,2021,9,2021-09-01,494,8521769.2
MX-VER,2021,10,2021-10-01,646,8521769.2
MX-VER,2021,11,2021-11-01,394,8521769.2
MX-VER,2021,12,2021-12-01,75,8521769.2
MX-VER,2022,1,2022-01-01,129,8572961.4
MX-VER,2022,2,2022-02-01,93,8572961.4
MX-VER,2022,3,2022-03-01,136,8572961.4
MX-VER,2022,4,2022-04-01,163,8572961.4
MX-VER,2022,5,2022-05-01,307,8572961.4
MX-VER,2022,6,2022-06-01,355,8572961.4
MX-VER,2022,7,2022-07-01,499,8572961.4
MX-VER,2022,8,2022-08-01,209,8572961.4
MX-VER,2022,12,2022-12-01,7,8572961.4
MX-YUC,2002,12,2002-12-01,0,1770297.6
MX-YUC,2003,1,2003-01-01,1,1795471.525
MX-YUC,2003,2,2003-02-01,0,1795471.525
MX-YUC,2003,3,2003-03-01,0,1795471.525
MX-YUC,2003,4,2003-04-01,0,1795471.525
MX-YUC,2003,5,2003-05-01,0,1795471.525
MX-YUC,2003,6,2003-06-01,0,1795471.525
MX-YUC,2003,7,2003-07-01,2,1795471.525
MX-YUC,2003,8,2003-08-01,1,1795471.525
MX-YUC,2003,9,2003-09-01,3,1795471.525
MX-YUC,2003,10,2003-10-01,9,1795471.525
MX-YUC,2003,11,2003-11-01,10,1795471.525
MX-YUC,2003,12,2003-12-01,0,1795471.525
MX-YUC,2004,1,2004-01-01,1,1820645.45
MX-YUC,2004,2,2004-02-01,6,1820645.45
MX-YUC,2004,3,2004-03-01,2,1820645.45
MX-YUC,2004,4,2004-04-01,2,1820645.45
MX-YUC,2004,5,2004-05-01,4,1820645.45
MX-YUC,2004,6,2004-06-01,0,1820645.45
MX-YUC,2004,7,2004-07-01,4,1820645.45
MX-YUC,2004,8,2004-08-01,5,1820645.45
MX-YUC,2004,9,2004-09-01,5,1820645.45
MX-YUC,2004,10,2004-10-01,18,1820645.45
MX-YUC,2004,11,2004-11-01,9,1820645.45
MX-YUC,2004,12,2004-12-01,2,1820645.45
MX-YUC,2005,1,2005-01-01,1,1845819.375
MX-YUC,2005,2,2005-02-01,2,1845819.375
MX-YUC,2005,3,2005-03-01,0,1845819.375
MX-YUC,2005,4,2005-04-01,1,1845819.375
MX-YUC,2005,5,2005-05-01,1,1845819.375
MX-YUC,2005,6,2005-06-01,1,1845819.375
MX-YUC,2005,7,2005-07-01,6,1845819.375
MX-YUC,2005,8,2005-08-01,33,1845819.375
MX-YUC,2005,9,2005-09-01,23,1845819.375
MX-YUC,2005,10,2005-10-01,56,1845819.375
MX-YUC,2005,11,2005-11-01,35,1845819.375
MX-YUC,2005,12,2005-12-01,8,1845819.375
MX-YUC,2006,1,2006-01-01,3,1866065.65
MX-YUC,2006,2,2006-02-01,15,1866065.65
MX-YUC,2006,3,2006-03-01,6,1866065.65
MX-YUC,2006,4,2006-04-01,4,1866065.65
MX-YUC,2006,5,2006-05-01,3,1866065.65
MX-YUC,2006,6,2006-06-01,6,1866065.65
MX-YUC,2006,7,2006-07-01,14,1866065.65
MX-YUC,2006,8,2006-08-01,31,1866065.65
MX-YUC,2006,9,2006-09-01,130,1866065.65
MX-YUC,2006,10,2006-10-01,209,1866065.65
MX-YUC,2006,11,2006-11-01,147,1866065.65
MX-YUC,2006,12,2006-12-01,41,1866065.65
MX-YUC,2007,1,2007-01-01,31,1886311.925
MX-YUC,2007,2,2007-02-01,80,1886311.925
MX-YUC,2007,3,2007-03-01,93,1886311.925
MX-YUC,2007,4,2007-04-01,58,1886311.925
MX-YUC,2007,5,2007-05-01,56,1886311.925
MX-YUC,2007,6,2007-06-01,47,1886311.925
MX-YUC,2007,7,2007-07-01,67,1886311.925
MX-YUC,2007,8,2007-08-01,111,1886311.925
MX-YUC,2007,9,2007-09-01,225,1886311.925
MX-YUC,2007,10,2007-10-01,452,1886311.925
MX-YUC,2007,11,2007-11-01,404,1886311.925
MX-YUC,2007,12,2007-12-01,144,1886311.925
MX-YUC,2012,12,2012-12-01,0,1989726.5
MX-YUC,2013,1,2013-01-01,87,2011064.375
MX-YUC,2013,2,2013-02-01,76,2011064.375
MX-YUC,2013,3,2013-03-01,68,2011064.375
MX-YUC,2013,4,2013-04-01,31,2011064.375
MX-YUC,2013,5,2013-05-01,69,2011064.375
MX-YUC,2013,6,2013-06-01,93,2011064.375
MX-YUC,2013,7,2013-07-01,183,2011064.375
MX-YUC,2013,8,2013-08-01,341,2011064.375
MX-YUC,2013,9,2013-09-01,401,2011064.375
MX-YUC,2013,10,2013-10-01,584,2011064.375
MX-YUC,2013,11,2013-11-01,480,2011064.375
MX-YUC,2013,12,2013-12-01,345,2011064.375
MX-YUC,2017,1,2017-01-01,77,2100251.875
MX-YUC,2017,2,2017-02-01,50,2100251.875
MX-YUC,2017,3,2017-03-01,63,2100251.875
MX-YUC,2017,4,2017-04-01,62,2100251.875
MX-YUC,2017,5,2017-05-01,82,2100251.875
MX-YUC,2017,6,2017-06-01,168,2100251.875
MX-YUC,2017,7,2017-07-01,251,2100251.875
MX-YUC,2017,8,2017-08-01,210,2100251.875
MX-YUC,2017,9,2017-09-01,198,2100251.875
MX-YUC,2017,10,2017-10-01,131,2100251.875
MX-YUC,2017,11,2017-11-01,68,2100251.875
MX-YUC,2017,12,2017-12-01,36,2100251.875
MX-YUC,2018,1,2018-01-01,42,2123507.75
MX-YUC,2018,2,2018-02-01,51,2123507.75
MX-YUC,2018,3,2018-03-01,55,2123507.75
MX-YUC,2018,4,2018-04-01,49,2123507.75
MX-YUC,2018,5,2018-05-01,93,2123507.75
MX-YUC,2018,6,2018-06-01,145,2123507.75
MX-YUC,2018,7,2018-07-01,193,2123507.75
MX-YUC,2018,8,2018-08-01,84,2123507.75
MX-YUC,2018,9,2018-09-01,99,2123507.75
MX-YUC,2018,10,2018-10-01,158,2123507.75
MX-YUC,2018,11,2018-11-01,96,2123507.75
MX-YUC,2018,12,2018-12-01,67,2123507.75
MX-YUC,2019,1,2019-01-01,63,2146763.625
MX-YUC,2019,2,2019-02-01,56,2146763.625
MX-YUC,2019,3,2019-03-01,88,2146763.625
MX-YUC,2019,4,2019-04-01,98,2146763.625
MX-YUC,2019,5,2019-05-01,177,2146763.625
MX-YUC,2019,6,2019-06-01,276,2146763.625
MX-YUC,2019,7,2019-07-01,251,2146763.625
MX-YUC,2019,8,2019-08-01,332,2146763.625
MX-YUC,2019,9,2019-09-01,726,2146763.625
MX-YUC,2019,10,2019-10-01,1290,2146763.625
MX-YUC,2019,11,2019-11-01,950,2146763.625
MX-YUC,2019,12,2019-12-01,490,2146763.625
MX-YUC,2020,1,2020-01-01,264,2170019.5
MX-YUC,2020,2,2020-02-01,176,2170019.5
MX-YUC,2020,3,2020-03-01,125,2170019.5
MX-YUC,2020,4,2020-04-01,45,2170019.5
MX-YUC,2020,5,2020-05-01,35,2170019.5
MX-YUC,2020,6,2020-06-01,184,2170019.5
MX-YUC,2020,7,2020-07-01,149,2170019.5
MX-YUC,2020,8,2020-08-01,58,2170019.5
MX-YUC,2020,9,2020-09-01,37,2170019.5
MX-YUC,2020,10,2020-10-01,43,2170019.5
MX-YUC,2020,11,2020-11-01,47,2170019.5
MX-YUC,2020,12,2020-12-01,22,2170019.5
MX-YUC,2021,1,2021-01-01,28,2180374.25
MX-YUC,2021,2,2021-02-01,24,2180374.25
MX-YUC,2021,3,2021-03-01,32,2180374.25
MX-YUC,2021,4,2021-04-01,27,2180374.25
MX-YUC,2021,5,2021-05-01,29,2180374.25
MX-YUC,2021,6,2021-06-01,40,2180374.25
MX-YUC,2021,7,2021-07-01,66,2180374.25
MX-YUC,2021,8,2021-08-01,37,2180374.25
MX-YUC,2021,9,2021-09-01,33,2180374.25
MX-YUC,2021,10,2021-10-01,39,2180374.25
MX-YUC,2021,11,2021-11-01,28,2180374.25
MX-YUC,2021,12,2021-12-01,4,2180374.25
MX-YUC,2022,1,2022-01-01,32,2190729
MX-YUC,2022,2,2022-02-01,23,2190729
MX-YUC,2022,3,2022-03-01,28,2190729
MX-YUC,2022,4,2022-04-01,24,2190729
MX-YUC,2022,5,2022-05-01,48,2190729
MX-YUC,2022,6,2022-06-01,86,2190729
MX-YUC,2022,7,2022-07-01,77,2190729
MX-YUC,2022,8,2022-08-01,48,2190729
MX-ZAC,2002,12,2002-12-01,0,1304528.2
MX-ZAC,2003,1,2003-01-01,0,1329292.425
MX-ZAC,2003,2,2003-02-01,0,1329292.425
MX-ZAC,2003,3,2003-03-01,0,1329292.425
MX-ZAC,2003,4,2003-04-01,0,1329292.425
MX-ZAC,2003,5,2003-05-01,0,1329292.425
MX-ZAC,2003,6,2003-06-01,0,1329292.425
MX-ZAC,2003,7,2003-07-01,0,1329292.425
MX-ZAC,2003,8,2003-08-01,0,1329292.425
MX-ZAC,2003,9,2003-09-01,0,1329292.425
MX-ZAC,2003,10,2003-10-01,0,1329292.425
MX-ZAC,2003,11,2003-11-01,0,1329292.425
MX-ZAC,2003,12,2003-12-01,0,1329292.425
MX-ZAC,2004,1,2004-01-01,0,1354056.65
MX-ZAC,2004,2,2004-02-01,0,1354056.65
MX-ZAC,2004,3,2004-03-01,0,1354056.65
MX-ZAC,2004,4,2004-04-01,0,1354056.65
MX-ZAC,2004,5,2004-05-01,0,1354056.65
MX-ZAC,2004,6,2004-06-01,0,1354056.65
MX-ZAC,2004,7,2004-07-01,0,1354056.65
MX-ZAC,2004,8,2004-08-01,0,1354056.65
MX-ZAC,2004,9,2004-09-01,0,1354056.65
MX-ZAC,2004,10,2004-10-01,0,1354056.65
MX-ZAC,2004,11,2004-11-01,0,1354056.65
MX-ZAC,2004,12,2004-12-01,0,1354056.65
MX-ZAC,2005,1,2005-01-01,0,1378820.875
MX-ZAC,2005,2,2005-02-01,0,1378820.875
MX-ZAC,2005,3,2005-03-01,0,1378820.875
MX-ZAC,2005,4,2005-04-01,0,1378820.875
MX-ZAC,2005,5,2005-05-01,0,1378820.875
MX-ZAC,2005,6,2005-06-01,0,1378820.875
MX-ZAC,2005,7,2005-07-01,0,1378820.875
MX-ZAC,2005,8,2005-08-01,0,1378820.875
MX-ZAC,2005,9,2005-09-01,0,1378820.875
MX-ZAC,2005,10,2005-10-01,0,1378820.875
MX-ZAC,2005,11,2005-11-01,0,1378820.875
MX-ZAC,2005,12,2005-12-01,0,1378820.875
MX-ZAC,2006,1,2006-01-01,0,1397942.375
MX-ZAC,2006,2,2006-02-01,0,1397942.375
MX-ZAC,2006,3,2006-03-01,0,1397942.375
MX-ZAC,2006,4,2006-04-01,0,1397942.375
MX-ZAC,2006,5,2006-05-01,0,1397942.375
MX-ZAC,2006,6,2006-06-01,0,1397942.375
MX-ZAC,2006,7,2006-07-01,0,1397942.375
MX-ZAC,2006,8,2006-08-01,0,1397942.375
MX-ZAC,2006,9,2006-09-01,0,1397942.375
MX-ZAC,2006,10,2006-10-01,0,1397942.375
MX-ZAC,2006,11,2006-11-01,0,1397942.375
MX-ZAC,2006,12,2006-12-01,0,1397942.375
MX-ZAC,2007,1,2007-01-01,0,1417063.875
MX-ZAC,2007,2,2007-02-01,0,1417063.875
MX-ZAC,2007,3,2007-03-01,0,1417063.875
MX-ZAC,2007,4,2007-04-01,0,1417063.875
MX-ZAC,2007,5,2007-05-01,0,1417063.875
MX-ZAC,2007,6,2007-06-01,0,1417063.875
MX-ZAC,2007,7,2007-07-01,0,1417063.875
MX-ZAC,2007,8,2007-08-01,0,1417063.875
MX-ZAC,2007,9,2007-09-01,0,1417063.875
MX-ZAC,2007,10,2007-10-01,31,1417063.875
MX-ZAC,2007,11,2007-11-01,28,1417063.875
MX-ZAC,2007,12,2007-12-01,1,1417063.875
MX-ZAC,2012,12,2012-12-01,0,1515403.425
MX-ZAC,2013,1,2013-01-01,0,1535890.95
MX-ZAC,2013,2,2013-02-01,0,1535890.95
MX-ZAC,2013,3,2013-03-01,0,1535890.95
MX-ZAC,2013,4,2013-04-01,0,1535890.95
MX-ZAC,2013,5,2013-05-01,0,1535890.95
MX-ZAC,2013,6,2013-06-01,0,1535890.95
MX-ZAC,2013,7,2013-07-01,0,1535890.95
MX-ZAC,2013,8,2013-08-01,0,1535890.95
MX-ZAC,2013,9,2013-09-01,0,1535890.95
MX-ZAC,2013,10,2013-10-01,1,1535890.95
MX-ZAC,2013,11,2013-11-01,1,1535890.95
MX-ZAC,2013,12,2013-12-01,0,1535890.95
MX-ZAC,2017,1,2017-01-01,1,1647884.35
MX-ZAC,2017,2,2017-02-01,2,1647884.35
MX-ZAC,2017,3,2017-03-01,2,1647884.35
MX-ZAC,2017,4,2017-04-01,3,1647884.35
MX-ZAC,2017,5,2017-05-01,2,1647884.35
MX-ZAC,2017,6,2017-06-01,3,1647884.35
MX-ZAC,2017,7,2017-07-01,1,1647884.35
MX-ZAC,2017,8,2017-08-01,1,1647884.35
MX-ZAC,2017,9,2017-09-01,5,1647884.35
MX-ZAC,2017,10,2017-10-01,7,1647884.35
MX-ZAC,2017,11,2017-11-01,3,1647884.35
MX-ZAC,2017,12,2017-12-01,3,1647884.35
MX-ZAC,2018,1,2018-01-01,2,1683393.525
MX-ZAC,2018,7,2018-07-01,1,1683393.525
MX-ZAC,2018,8,2018-08-01,4,1683393.525
MX-ZAC,2018,9,2018-09-01,7,1683393.525
MX-ZAC,2018,10,2018-10-01,5,1683393.525
MX-ZAC,2018,11,2018-11-01,2,1683393.525
MX-ZAC,2019,3,2019-03-01,1,1718902.7
MX-ZAC,2019,4,2019-04-01,2,1718902.7
MX-ZAC,2019,5,2019-05-01,2,1718902.7
MX-ZAC,2019,6,2019-06-01,1,1718902.7
MX-ZAC,2019,7,2019-07-01,6,1718902.7
MX-ZAC,2019,8,2019-08-01,8,1718902.7
MX-ZAC,2019,9,2019-09-01,17,1718902.7
MX-ZAC,2019,10,2019-10-01,95,1718902.7
MX-ZAC,2019,11,2019-11-01,53,1718902.7
MX-ZAC,2019,12,2019-12-01,8,1718902.7
MX-ZAC,2020,1,2020-01-01,4,1754411.875
MX-ZAC,2020,2,2020-02-01,0,1754411.875
MX-ZAC,2020,3,2020-03-01,1,1754411.875
MX-ZAC,2020,5,2020-05-01,0,1754411.875
MX-ZAC,2020,6,2020-06-01,2,1754411.875
MX-ZAC,2020,7,2020-07-01,2,1754411.875
MX-ZAC,2020,8,2020-08-01,1,1754411.875
MX-ZAC,2020,9,2020-09-01,8,1754411.875
MX-ZAC,2020,10,2020-10-01,23,1754411.875
MX-ZAC,2020,11,2020-11-01,5,1754411.875
MX-ZAC,2021,5,2021-05-01,1,1767635.6
MX-ZAC,2021,6,2021-06-01,2,1767635.6
MX-ZAC,2021,7,2021-07-01,2,1767635.6
MX-ZAC,2021,8,2021-08-01,1,1767635.6
MX-ZAC,2021,9,2021-09-01,1,1767635.6
MX-ZAC,2021,10,2021-10-01,1,1767635.6
MX-ZAC,2021,11,2021-11-01,3,1767635.6
MX-ZAC,2022,5,2022-05-01,1,1780859.325
MX-ZAC,2022,7,2022-07-01,1,1780859.325
