rne_iso_code,year,month,mean_temp_celsius,total_precip_mm,month_start
MX-AGU,1990,1,14.602671701416298,5.690367421043031,1990-01-01
MX-AGU,1990,2,14.523123488580138,9.953637247305172,1990-02-01
MX-AGU,1990,3,17.9006055187122,2.380370561555226,1990-03-01
MX-AGU,1990,4,20.85008358181123,1.3729670952948947,1990-04-01
MX-AGU,1990,5,22.44725597940862,22.422336975813526,1990-05-01
MX-AGU,1990,6,22.150648059347812,24.376620510645537,1990-06-01
MX-AGU,1990,7,19.01528450818667,84.35261623509277,1990-07-01
MX-AGU,1990,8,18.983062205412345,64.49457243247258,1990-08-01
MX-AGU,1990,9,18.382984912591898,46.0218601607928,1990-09-01
MX-AGU,1990,10,17.81298496146001,14.912372812974395,1990-10-01
MX-AGU,1990,11,16.269102526843746,0.6229652009659905,1990-11-01
MX-AGU,1990,12,14.449982304551138,0.2435706467364271,1990-12-01
MX-AGU,1991,1,13.919982844288768,0.5285772160203026,1991-01-01
MX-AGU,1991,2,15.55539311159506,6.7506795468695815,1991-02-01
MX-AGU,1991,3,18.43449400397914,0.0367638019553031,1991-03-01
MX-AGU,1991,4,21.252384005542734,0.08288101365991285,1991-04-01
MX-AGU,1991,5,23.265680108374287,3.2416969442569386,1991-05-01
MX-AGU,1991,6,22.15364907658728,29.81252941972166,1991-06-01
MX-AGU,1991,7,18.19912151629767,143.80733340467128,1991-07-01
MX-AGU,1991,8,19.374766484141603,35.876962246470164,1991-08-01
MX-AGU,1991,9,18.087119712311452,61.95805592937686,1991-09-01
MX-AGU,1991,10,17.077271644832916,15.076420709259574,1991-10-01
MX-AGU,1991,11,15.588939396655169,2.029660142488488,1991-11-01
MX-AGU,1991,12,14.238667081100939,6.101738120420319,1991-12-01
MX-AGU,1992,1,11.880720237687038,59.334877750475485,1992-01-01
MX-AGU,1992,2,12.997348922501896,9.187212366322026,1992-02-01
MX-AGU,1992,3,17.44326806070464,0.8252106182177177,1992-03-01
MX-AGU,1992,4,18.853473279231746,1.6534111393763913,1992-04-01
MX-AGU,1992,5,19.766414903364346,28.633215044124402,1992-05-01
MX-AGU,1992,6,22.59276049858175,16.891616488330772,1992-06-01
MX-AGU,1992,7,20.422957235880506,59.33530588940792,1992-07-01
MX-AGU,1992,8,19.255683718120952,49.80670404700844,1992-08-01
MX-AGU,1992,9,19.230894037165672,27.230390871560523,1992-09-01
MX-AGU,1992,10,16.84433735180178,39.724845945675256,1992-10-01
MX-AGU,1992,11,14.819413008900035,10.530266123009149,1992-11-01
MX-AGU,1992,12,15.397673331936177,1.9097375524822937,1992-12-01
MX-AGU,1993,1,14.010388747311776,10.644572685180504,1993-01-01
MX-AGU,1993,2,14.988759771234777,0.3243867053607925,1993-02-01
MX-AGU,1993,3,16.99406350329595,0.02942582537269018,1993-03-01
MX-AGU,1993,4,19.567140240430316,3.3033201392734712,1993-04-01
MX-AGU,1993,5,21.10598996472365,5.679455201505826,1993-05-01
MX-AGU,1993,6,22.069985309085276,50.448854526194594,1993-06-01
MX-AGU,1993,7,19.29779340190221,68.13107206242007,1993-07-01
MX-AGU,1993,8,20.31672234450525,26.189316536781302,1993-08-01
MX-AGU,1993,9,18.186305137367246,46.42468151547879,1993-09-01
MX-AGU,1993,10,18.813855105945454,13.434130644665764,1993-10-01
MX-AGU,1993,11,17.18784476507917,3.2793739676298164,1993-11-01
MX-AGU,1993,12,15.266627350343153,0.08244736209001623,1993-12-01
MX-AGU,1994,1,14.23538089801529,3.4060797868154666,1994-01-01
MX-AGU,1994,2,16.872010126321427,0.2360300809594693,1994-02-01
MX-AGU,1994,3,19.10746683841878,0.4842184316717941,1994-03-01
MX-AGU,1994,4,20.300457805411135,4.154129564556974,1994-04-01
MX-AGU,1994,5,23.75310277284136,4.477657862774468,1994-05-01
MX-AGU,1994,6,20.860749451235286,59.54578321603574,1994-06-01
MX-AGU,1994,7,20.772138973077357,36.49644478203008,1994-07-01
MX-AGU,1994,8,19.30939186886572,64.2507517686654,1994-08-01
MX-AGU,1994,9,18.923510792647125,39.32518117539452,1994-09-01
MX-AGU,1994,10,19.177434966092044,21.29496472310141,1994-10-01
MX-AGU,1994,11,18.093337611149416,0.1402901921109886,1994-11-01
MX-AGU,1994,12,16.279791663435823,0.7333548031016821,1994-12-01
MX-AGU,1995,1,15.024604740556338,0.3519470418873488,1995-01-01
MX-AGU,1995,2,16.89609233278157,1.392270588503909,1995-02-01
MX-AGU,1995,3,18.88957606481993,0.2550115219175587,1995-03-01
MX-AGU,1995,4,20.64027078796966,0.05710758170044784,1995-04-01
MX-AGU,1995,5,23.479425608763666,18.617269411693123,1995-05-01
MX-AGU,1995,6,22.299606340519873,40.05583706370805,1995-06-01
MX-AGU,1995,7,19.946353564304978,47.44358914262495,1995-07-01
MX-AGU,1995,8,20.05476202023577,65.23388969725745,1995-08-01
MX-AGU,1995,9,19.41821000315641,43.160347270345156,1995-09-01
MX-AGU,1995,10,19.153576687691103,0.9772868605933813,1995-10-01
MX-AGU,1995,11,17.220414935752498,6.812321476711661,1995-11-01
MX-AGU,1995,12,14.420977596186477,4.3566785638639525,1995-12-01
MX-AGU,1996,1,13.737696046267395,0.01126146876318167,1996-01-01
MX-AGU,1996,2,16.654906888933343,1.3378748759999084,1996-02-01
MX-AGU,1996,3,17.229081289791385,0.017871030873510947,1996-03-01
MX-AGU,1996,4,19.866182805929288,4.106184381635835,1996-04-01
MX-AGU,1996,5,23.451563054256088,9.227527045104692,1996-05-01
MX-AGU,1996,6,21.55449730052078,33.76038076086501,1996-06-01
MX-AGU,1996,7,21.226492308691252,35.20599773936771,1996-07-01
MX-AGU,1996,8,20.084024194941396,63.66256837085611,1996-08-01
MX-AGU,1996,9,19.103082909879554,57.38458596390068,1996-09-01
MX-AGU,1996,10,17.86643771863259,35.969026212630354,1996-10-01
MX-AGU,1996,11,15.66836211322211,5.547013844962835,1996-11-01
MX-AGU,1996,12,14.596634897708496,0.5611229238972363,1996-12-01
MX-AGU,1997,1,13.144565672373556,6.981363320501993,1997-01-01
MX-AGU,1997,2,15.593319219304604,1.5690929698855047,1997-02-01
MX-AGU,1997,3,17.49064073401795,5.703753712582557,1997-03-01
MX-AGU,1997,4,17.36898128331976,11.318317833000513,1997-04-01
MX-AGU,1997,5,20.827157625205796,12.828176046491102,1997-05-01
MX-AGU,1997,6,22.50552523870537,30.51554712523698,1997-06-01
MX-AGU,1997,7,20.925765404587242,36.75588995399844,1997-07-01
MX-AGU,1997,8,21.362699517955917,30.4915934079788,1997-08-01
MX-AGU,1997,9,20.310100911135798,21.26998642062413,1997-09-01
MX-AGU,1997,10,18.19025253553714,31.03745634888405,1997-10-01
MX-AGU,1997,11,17.063696294675573,4.605250207602617,1997-11-01
MX-AGU,1997,12,13.267720596984494,0.7359079143577639,1997-12-01
MX-AGU,1998,1,13.609131420652352,0.25390951492689123,1998-01-01
MX-AGU,1998,2,13.991582644550316,0.5052206637872466,1998-02-01
MX-AGU,1998,3,18.293078788151107,0.01199336596124262,1998-03-01
MX-AGU,1998,4,21.772568418914407,0.007091733970226806,1998-04-01
MX-AGU,1998,5,24.48269723776679,1.1277857654622838,1998-05-01
MX-AGU,1998,6,24.224502663932487,28.88266756714205,1998-06-01
MX-AGU,1998,7,21.514575949046797,24.784111318548124,1998-07-01
MX-AGU,1998,8,21.097619877026627,38.4160116396753,1998-08-01
MX-AGU,1998,9,20.11494021136391,52.62982422546464,1998-09-01
MX-AGU,1998,10,18.587506302477998,29.106932502325225,1998-10-01
MX-AGU,1998,11,18.228057089840988,3.7889981687739183,1998-11-01
MX-AGU,1998,12,15.911054591798615,0.015369129810610501,1998-12-01
MX-AGU,1999,1,13.694935285076808,0.12711580071503834,1999-01-01
MX-AGU,1999,2,17.027439116522107,0.41421545115577324,1999-02-01
MX-AGU,1999,3,18.601800358796964,0.7846781792108687,1999-03-01
MX-AGU,1999,4,22.00734253194902,0.8552378656234779,1999-04-01
MX-AGU,1999,5,22.993921891795924,3.86118284056199,1999-05-01
MX-AGU,1999,6,21.883287310408736,44.6839879624959,1999-06-01
MX-AGU,1999,7,19.773648008436858,40.378957007611504,1999-07-01
MX-AGU,1999,8,20.78454282362217,48.067869123787546,1999-08-01
MX-AGU,1999,9,19.98547960903098,19.822646651384126,1999-09-01
MX-AGU,1999,10,18.88378250958714,3.0635144028052608,1999-10-01
MX-AGU,1999,11,15.587086369992935,0.20713507002280027,1999-11-01
MX-AGU,1999,12,12.828081393532047,0.03967354764565943,1999-12-01
MX-AGU,2000,1,14.546519194839075,0.007956622697531576,2000-01-01
MX-AGU,2000,2,16.64539289322344,0.3139102488153926,2000-02-01
MX-AGU,2000,3,19.11818609145304,0.22139092947093278,2000-03-01
MX-AGU,2000,4,21.805490300330614,0.7661127255062009,2000-04-01
MX-AGU,2000,5,22.92390062339236,16.232847619181936,2000-05-01
MX-AGU,2000,6,20.40339778701261,47.93106047648415,2000-06-01
MX-AGU,2000,7,21.271934575034926,21.903826752167646,2000-07-01
MX-AGU,2000,8,20.02548095796968,28.469191228863817,2000-08-01
MX-AGU,2000,9,20.573629820608183,30.375447208283983,2000-09-01
MX-AGU,2000,10,19.859842366231504,10.054557229961873,2000-10-01
MX-AGU,2000,11,17.205231025156984,0.9101085243744584,2000-11-01
MX-AGU,2000,12,13.949804064448942,9.342427704746278,2000-12-01
MX-AGU,2001,1,14.459667608028003,0.21816123015597563,2001-01-01
MX-AGU,2001,2,16.950051072794842,0.8002598192199133,2001-02-01
MX-AGU,2001,3,17.505141594935097,6.38784777052535,2001-03-01
MX-AGU,2001,4,22.245019863022986,7.293423162012999,2001-04-01
MX-AGU,2001,5,22.14633567374494,13.450747737573298,2001-05-01
MX-AGU,2001,6,20.68304967967182,37.93171889855699,2001-06-01
MX-AGU,2001,7,20.94173030989787,41.453172474037885,2001-07-01
MX-AGU,2001,8,20.701272267753435,58.518467268730554,2001-08-01
MX-AGU,2001,9,19.849861939244157,23.752189659602898,2001-09-01
MX-AGU,2001,10,19.133111977491946,6.428683449671091,2001-10-01
MX-AGU,2001,11,15.774983895000895,1.2960316701382426,2001-11-01
MX-AGU,2001,12,14.749975918139725,3.197464858295584,2001-12-01
MX-AGU,2002,1,13.804918281436072,12.662897381039073,2002-01-01
MX-AGU,2002,2,15.09374594950182,8.129025279502994,2002-02-01
MX-AGU,2002,3,19.283716375031123,0.11056429177493196,2002-03-01
MX-AGU,2002,4,22.33184526480039,3.5929781393154174,2002-04-01
MX-AGU,2002,5,23.49413993221823,8.11522757241932,2002-05-01
MX-AGU,2002,6,22.20883107475362,35.10598394185065,2002-06-01
MX-AGU,2002,7,19.546121045185362,69.7419922471937,2002-07-01
MX-AGU,2002,8,20.054542806409987,45.171841270284375,2002-08-01
MX-AGU,2002,9,19.754274055182258,35.2862177208081,2002-09-01
MX-AGU,2002,10,19.758967124161963,7.5428524986269005,2002-10-01
MX-AGU,2002,11,15.550767449458489,9.056646020558038,2002-11-01
MX-AGU,2002,12,13.907780902567856,0.17730170859616207,2002-12-01
MX-AGU,2003,1,13.949724261871118,3.924367705443179,2003-01-01
MX-AGU,2003,2,16.281583171389617,1.3132663908336797,2003-02-01
MX-AGU,2003,3,18.41177464408427,0.022176154302935146,2003-03-01
MX-AGU,2003,4,22.188187309994987,0.5201066152203032,2003-04-01
MX-AGU,2003,5,24.742925000984027,7.643392616252113,2003-05-01
MX-AGU,2003,6,22.185577179578456,35.556289932846596,2003-06-01
MX-AGU,2003,7,20.343957332944484,58.84659401670147,2003-07-01
MX-AGU,2003,8,20.227709357634144,47.06544755859876,2003-08-01
MX-AGU,2003,9,19.570804468740157,67.8609292968436,2003-09-01
MX-AGU,2003,10,18.189201570993283,19.058273806648714,2003-10-01
MX-AGU,2003,11,17.73859486170208,0.16499340955862665,2003-11-01
MX-AGU,2003,12,13.36992138921918,0.019615760634274667,2003-12-01
MX-AGU,2004,1,12.630586110623144,19.371966939698098,2004-01-01
MX-AGU,2004,2,13.978103957877245,0.5696479089485257,2004-02-01
MX-AGU,2004,3,18.137586109446936,12.953162723118533,2004-03-01
MX-AGU,2004,4,19.689077893132403,0.9100620022417422,2004-04-01
MX-AGU,2004,5,21.831149000517666,12.53994506681053,2004-05-01
MX-AGU,2004,6,19.880914252833144,57.42045099363732,2004-06-01
MX-AGU,2004,7,20.071814955502862,41.60695698965618,2004-07-01
MX-AGU,2004,8,20.238486795407038,34.544247853042215,2004-08-01
MX-AGU,2004,9,19.19012518798508,57.34888776995844,2004-09-01
MX-AGU,2004,10,19.19941344054118,10.20702748022693,2004-10-01
MX-AGU,2004,11,15.70661322478811,4.962975073045605,2004-11-01
MX-AGU,2004,12,13.326254215953691,1.2845345969371753,2004-12-01
MX-AGU,2005,1,14.355759249352719,2.575840221325977,2005-01-01
MX-AGU,2005,2,15.491438061958144,9.113214564563734,2005-02-01
MX-AGU,2005,3,17.063480220302484,3.4403398047936276,2005-03-01
MX-AGU,2005,4,21.6538440345116,0.16335203983245433,2005-04-01
MX-AGU,2005,5,22.2671531015748,2.280780562842801,2005-05-01
MX-AGU,2005,6,24.52404444995697,4.321810833060015,2005-06-01
MX-AGU,2005,7,21.15162961117579,49.03060113326213,2005-07-01
MX-AGU,2005,8,19.65097522472186,52.29561621043431,2005-08-01
MX-AGU,2005,9,19.952237119638596,21.351100248579137,2005-09-01
MX-AGU,2005,10,19.338458610357602,7.270776595517593,2005-10-01
MX-AGU,2005,11,16.409636988507977,0.5229545497260559,2005-11-01
MX-AGU,2005,12,14.26273219528091,1.2205108582049464,2005-12-01
MX-AGU,2006,1,13.906519113863778,3.512444507110918,2006-01-01
MX-AGU,2006,2,16.71016748387164,0.0851433526527541,2006-02-01
MX-AGU,2006,3,19.22247600529137,0.6498842784369777,2006-03-01
MX-AGU,2006,4,22.54650604531936,0.9103815583352161,2006-04-01
MX-AGU,2006,5,22.039920980804894,17.759309146294072,2006-05-01
MX-AGU,2006,6,22.654424243693953,10.799473023483493,2006-06-01
MX-AGU,2006,7,21.095277846562883,29.29373353425599,2006-07-01
MX-AGU,2006,8,19.58335299400544,67.18593829700015,2006-08-01
MX-AGU,2006,9,19.24689865934632,47.28420928579729,2006-09-01
MX-AGU,2006,10,18.225942314676125,40.014501973409516,2006-10-01
MX-AGU,2006,11,15.338905870239994,7.376747512349497,2006-11-01
MX-AGU,2006,12,12.959208590719957,6.048439696378491,2006-12-01
MX-AGU,2007,1,14.128300862488652,7.465515005791629,2007-01-01
MX-AGU,2007,2,14.881070103429533,6.8361021747825355,2007-02-01
MX-AGU,2007,3,18.71043220598839,0.1540376394198577,2007-03-01
MX-AGU,2007,4,20.482703138277326,3.1804245466850003,2007-04-01
MX-AGU,2007,5,23.044593230118277,0.5467934099855722,2007-05-01
MX-AGU,2007,6,21.726775577889732,61.491286681172824,2007-06-01
MX-AGU,2007,7,19.8323139856374,70.85530696786076,2007-07-01
MX-AGU,2007,8,20.017095599960093,41.5273031990741,2007-08-01
MX-AGU,2007,9,20.038169622407132,19.751356056165047,2007-09-01
MX-AGU,2007,10,19.06059166388151,2.6294385448346858,2007-10-01
MX-AGU,2007,11,16.308186962005127,2.412986471682874,2007-11-01
MX-AGU,2007,12,15.721361651495526,0.19435754237297181,2007-12-01
MX-AGU,2008,1,14.134473206643063,0.17714498145173696,2008-01-01
MX-AGU,2008,2,16.28497279040428,1.527292489970553,2008-02-01
MX-AGU,2008,3,17.53757726452147,0.04227708660571719,2008-03-01
MX-AGU,2008,4,21.344762481636568,3.6001450887679307,2008-04-01
MX-AGU,2008,5,22.75434371158078,4.167049841937334,2008-05-01
MX-AGU,2008,6,21.999177528356434,39.33836903992685,2008-06-01
MX-AGU,2008,7,19.431638711121003,90.59528075534432,2008-07-01
MX-AGU,2008,8,19.469359375170466,84.03669741671888,2008-08-01
MX-AGU,2008,9,18.723242508280258,42.827754210573545,2008-09-01
MX-AGU,2008,10,17.962911322124793,4.338485985534669,2008-10-01
MX-AGU,2008,11,14.867574577409988,0.02511075845609005,2008-11-01
MX-AGU,2008,12,13.841598536312404,0.011317809344925626,2008-12-01
MX-AGU,2009,1,14.723778449385781,3.176954119415109,2009-01-01
MX-AGU,2009,2,16.38264924933898,0.06663903843200188,2009-02-01
MX-AGU,2009,3,18.84103922805589,1.0735765497923808,2009-03-01
MX-AGU,2009,4,21.14480882719608,1.1017699736416522,2009-04-01
MX-AGU,2009,5,22.98616049146537,7.673354037696037,2009-05-01
MX-AGU,2009,6,23.090035118435427,39.92519372077741,2009-06-01
MX-AGU,2009,7,21.533561052396248,33.41696185681878,2009-07-01
MX-AGU,2009,8,21.85524452006832,32.10572085458558,2009-08-01
MX-AGU,2009,9,19.80627674852583,49.64917279827271,2009-09-01
MX-AGU,2009,10,19.42944742196637,13.10981886381316,2009-10-01
MX-AGU,2009,11,15.673493277169904,1.769585087355856,2009-11-01
MX-AGU,2009,12,13.762687762897738,8.699748288861416,2009-12-01
MX-AGU,2010,1,12.716254033542228,4.684239086010377,2010-01-01
MX-AGU,2010,2,12.778089720062301,34.12301911854336,2010-02-01
MX-AGU,2010,3,17.2896750417224,0.2720951645622189,2010-03-01
MX-AGU,2010,4,20.315885446619838,0.560118924507969,2010-04-01
MX-AGU,2010,5,23.62531921118315,2.164771535514734,2010-05-01
MX-AGU,2010,6,24.060335357977873,10.989800890189176,2010-06-01
MX-AGU,2010,7,20.222113737308174,80.7203250825139,2010-07-01
MX-AGU,2010,8,21.19579051824454,31.261444160035563,2010-08-01
MX-AGU,2010,9,20.505228059938858,44.97806910305503,2010-09-01
MX-AGU,2010,10,18.74684107893002,0.12649827837929148,2010-10-01
MX-AGU,2010,11,15.728816994185058,0.0014224420460688825,2010-11-01
MX-AGU,2010,12,13.324090812958325,0.017035988859426685,2010-12-01
MX-AGU,2011,1,14.006527895156331,0.10320413962991026,2011-01-01
MX-AGU,2011,2,16.579676712596868,0.022324179137054225,2011-02-01
MX-AGU,2011,3,19.743704444016878,0.2852874860741724,2011-03-01
MX-AGU,2011,4,22.791393274917645,0.18063828701746829,2011-04-01
MX-AGU,2011,5,24.607999214861454,0.7891153167854079,2011-05-01
MX-AGU,2011,6,23.59120289505569,16.67791714231626,2011-06-01
MX-AGU,2011,7,21.057634443926563,41.05708747841454,2011-07-01
MX-AGU,2011,8,21.828841114026126,43.05513516432186,2011-08-01
MX-AGU,2011,9,20.476202157698875,29.232655529771037,2011-09-01
MX-AGU,2011,10,18.603790562939157,16.212500418946373,2011-10-01
MX-AGU,2011,11,16.459599679276817,0.32223997667463783,2011-11-01
MX-AGU,2011,12,15.288725386005028,0.049586765233340185,2011-12-01
MX-AGU,2012,1,14.360650045065205,0.6256098492487692,2012-01-01
MX-AGU,2012,2,15.155541973123068,20.257329162673674,2012-02-01
MX-AGU,2012,3,19.52883618485492,0.5819220052843679,2012-03-01
MX-AGU,2012,4,20.82128622134788,0.31488040222448965,2012-04-01
MX-AGU,2012,5,23.43662194133211,3.9143189732863273,2012-05-01
MX-AGU,2012,6,22.768948621858087,28.036037471849298,2012-06-01
MX-AGU,2012,7,19.87737670173236,55.820327013829996,2012-07-01
MX-AGU,2012,8,20.476007701471556,38.01974624308294,2012-08-01
MX-AGU,2012,9,19.525743007554617,32.908457783839495,2012-09-01
MX-AGU,2012,10,20.35769355656232,2.881438913451089,2012-10-01
MX-AGU,2012,11,16.890385227684778,2.6427893158991025,2012-11-01
MX-AGU,2012,12,15.49001775897365,0.2836380260527689,2012-12-01
MX-AGU,2013,1,13.73842739914982,23.402689450151573,2013-01-01
MX-AGU,2013,2,16.666799233714034,8.338430687875104e-4,2013-02-01
MX-AGU,2013,3,17.381599196644878,0.40196442201183635,2013-03-01
MX-AGU,2013,4,21.294865400965616,0.024813708482424354,2013-04-01
MX-AGU,2013,5,22.96287130907474,6.47906068262675,2013-05-01
MX-AGU,2013,6,22.376415951192534,29.712379730208568,2013-06-01
MX-AGU,2013,7,19.945794071099222,69.39321883647817,2013-07-01
MX-AGU,2013,8,20.460772260696814,37.358482026404836,2013-08-01
MX-AGU,2013,9,19.48180800509652,67.89592786768418,2013-09-01
MX-AGU,2013,10,18.496912720177153,15.072867782990228,2013-10-01
MX-AGU,2013,11,15.661964188410982,14.319069206759696,2013-11-01
MX-AGU,2013,12,14.105421930074165,27.909542685722187,2013-12-01
MX-AGU,2014,1,12.326118793130094,3.9043291219771232,2014-01-01
MX-AGU,2014,2,16.57803321537906,0.20689074121016734,2014-02-01
MX-AGU,2014,3,18.401615191221453,1.4067726930423228,2014-03-01
MX-AGU,2014,4,21.204961219107062,0.6324210188110102,2014-04-01
MX-AGU,2014,5,21.482625236760033,25.086988978673723,2014-05-01
MX-AGU,2014,6,21.587132441227563,44.481350223040614,2014-06-01
MX-AGU,2014,7,19.846218340081084,45.0237147463398,2014-07-01
MX-AGU,2014,8,20.471819853141916,34.07573132225919,2014-08-01
MX-AGU,2014,9,19.872509448661503,34.034659915027476,2014-09-01
MX-AGU,2014,10,18.965108885022097,23.11322273796977,2014-10-01
MX-AGU,2014,11,15.244764452217066,8.705340216075154,2014-11-01
MX-AGU,2014,12,14.734146119070921,1.6527358047005918,2014-12-01
MX-AGU,2015,1,14.909324332046365,3.3353270927513767,2015-01-01
MX-AGU,2015,2,15.250071661533076,12.707364562395627,2015-02-01
MX-AGU,2015,3,16.368589893025053,32.4268955037049,2015-03-01
MX-AGU,2015,4,20.392467604996334,5.329734052565284,2015-04-01
MX-AGU,2015,5,21.810535825879537,17.57047835088114,2015-05-01
MX-AGU,2015,6,20.77800610708233,67.3203649502902,2015-06-01
MX-AGU,2015,7,19.719871002873884,45.779808937487836,2015-07-01
MX-AGU,2015,8,20.256422836658864,37.605384742417165,2015-08-01
MX-AGU,2015,9,20.12117804520862,28.17574736221818,2015-09-01
MX-AGU,2015,10,18.770857665428373,36.797737970282284,2015-10-01
MX-AGU,2015,11,18.194797383997134,4.584675146613467,2015-11-01
MX-AGU,2015,12,14.515292089476896,5.60812250155347,2015-12-01
MX-AGU,2016,1,12.63974644800499,3.5970658854251027,2016-01-01
MX-AGU,2016,2,15.645457941933499,2.584952155285607,2016-02-01
MX-AGU,2016,3,17.48524354070769,4.514947227300302,2016-03-01
MX-AGU,2016,4,21.022484771715213,1.1751000386278052,2016-04-01
MX-AGU,2016,5,23.988662092668193,4.679316876459371,2016-05-01
MX-AGU,2016,6,21.74107823841677,38.315210168719986,2016-06-01
MX-AGU,2016,7,20.037116339083333,62.204634351714205,2016-07-01
MX-AGU,2016,8,19.700997829416075,75.22761018090384,2016-08-01
MX-AGU,2016,9,19.96693935527457,26.193833702914635,2016-09-01
MX-AGU,2016,10,18.883279312751007,11.959384626556801,2016-10-01
MX-AGU,2016,11,15.88724534968696,14.391403787456097,2016-11-01
MX-AGU,2016,12,15.730789130429478,0.7733360268632764,2016-12-01
MX-AGU,2017,1,14.671271194736173,0.23887254915703693,2017-01-01
MX-AGU,2017,2,16.354870153276874,1.3881690246057388,2017-02-01
MX-AGU,2017,3,18.59896196003651,5.116562826665174,2017-03-01
MX-AGU,2017,4,20.734302969383553,0.4502459749291577,2017-04-01
MX-AGU,2017,5,24.04273211993574,2.152310860069157,2017-05-01
MX-AGU,2017,6,23.667287848869552,20.6708641194341,2017-06-01
MX-AGU,2017,7,19.70481367211667,68.96023482820381,2017-07-01
MX-AGU,2017,8,21.01115115246093,32.85074950932498,2017-08-01
MX-AGU,2017,9,19.364135945998502,56.39883212138481,2017-09-01
MX-AGU,2017,10,18.663785355626185,7.321720931769712,2017-10-01
MX-AGU,2017,11,17.012000192581617,0.2553575306933574,2017-11-01
MX-AGU,2017,12,13.757107910629804,6.301354906974216,2017-12-01
MX-AGU,2018,1,13.361846451888631,5.458472339094071,2018-01-01
MX-AGU,2018,2,17.096907555536593,5.011830295522214,2018-02-01
MX-AGU,2018,3,20.340640403128386,0.12748089729270778,2018-03-01
MX-AGU,2018,4,21.62477505847182,1.8028567611728339,2018-04-01
MX-AGU,2018,5,22.870626883648026,17.161532221455943,2018-05-01
MX-AGU,2018,6,21.234291657378595,90.38293260901803,2018-06-01
MX-AGU,2018,7,20.422535795162435,35.7644441869679,2018-07-01
MX-AGU,2018,8,20.035043914899074,48.07090388466415,2018-08-01
MX-AGU,2018,9,19.33280688825844,63.04217368543459,2018-09-01
MX-AGU,2018,10,18.474020166940978,25.831950999623803,2018-10-01
MX-AGU,2018,11,15.652862845273823,15.259953400529751,2018-11-01
MX-AGU,2018,12,13.254516695509375,1.3413651748691926,2018-12-01
MX-AGU,2019,1,14.191221490891017,5.674600470974371,2019-01-01
MX-AGU,2019,2,17.71980031776967,0.5112750179953285,2019-02-01
MX-AGU,2019,3,20.064425072889655,0.6565270601733328,2019-03-01
MX-AGU,2019,4,20.87479695470829,0.9103502089870347,2019-04-01
MX-AGU,2019,5,23.669557567654472,0.6547048775190993,2019-05-01
MX-AGU,2019,6,23.51072484606428,15.935808265124324,2019-06-01
MX-AGU,2019,7,20.836451947336418,55.15322310596727,2019-07-01
MX-AGU,2019,8,21.149165427926523,41.19957261295787,2019-08-01
MX-AGU,2019,9,20.4351711597282,26.411601074894875,2019-09-01
MX-AGU,2019,10,19.66339446572019,21.01582147931088,2019-10-01
MX-AGU,2019,11,17.75868513070699,8.86208901777224,2019-11-01
MX-AGU,2019,12,14.612618543362057,3.8932559316626496,2019-12-01
MX-AGU,2020,1,14.386114796482232,9.691813000275783,2020-01-01
MX-AGU,2020,2,16.25095498394477,10.770707986081256,2020-02-01
MX-AGU,2020,3,21.08368078002335,1.6886078348078215,2020-03-01
MX-AGU,2020,4,22.794070781217215,0.6525873538947394,2020-04-01
MX-AGU,2020,5,22.322037099560507,6.6335274308113386,2020-05-01
MX-AGU,2020,6,22.699095319717852,32.62687235394118,2020-06-01
MX-AGU,2020,7,20.504004199494418,69.31281067493175,2020-07-01
MX-AGU,2020,8,20.50471911343357,29.430212450052803,2020-08-01
MX-AGU,2020,9,20.015458466795348,29.266820591282322,2020-09-01
MX-AGU,2020,10,20.072043769463864,1.0900484313596954,2020-10-01
MX-AGU,2020,11,17.54624525654736,0.01965631398704172,2020-11-01
MX-AGU,2020,12,14.904389815129887,1.2363719094359178,2020-12-01
MX-AGU,2021,1,14.445708746605,1.2422474087055786,2021-01-01
MX-AGU,2021,2,16.867021922935468,0.012305793647062725,2021-02-01
MX-AGU,2021,3,19.906285766582087,0.04682980605768213,2021-03-01
MX-AGU,2021,4,21.683311863137217,0.4500475234569332,2021-04-01
MX-AGU,2021,5,22.619441458379715,6.3910060061301985,2021-05-01
MX-AGU,2021,6,20.46965656987618,59.48895726654642,2021-06-01
MX-AGU,2021,7,19.70172376967384,72.92096864341615,2021-07-01
MX-AGU,2021,8,20.024719484333314,44.505580505108966,2021-08-01
MX-AGU,2021,9,18.99738509585586,51.301249118539396,2021-09-01
MX-AGU,2021,10,18.788515140269443,16.185684382714257,2021-10-01
MX-AGU,2021,11,16.448065496902473,0.5501351012621067,2021-11-01
MX-AGU,2021,12,15.416816861841458,0.14781014399967424,2021-12-01
MX-AGU,2022,1,14.956302728546635,0.3028527358010577,2022-01-01
MX-AGU,2022,2,16.025583800516774,0.5107225443369369,2022-02-01
MX-AGU,2022,3,18.75594358923081,0.001121289835120793,2022-03-01
MX-AGU,2022,4,21.6698995460553,3.652033873629034,2022-04-01
MX-AGU,2022,5,24.147956050007675,2.2569327778061243,2022-05-01
MX-AGU,2022,6,22.45306916656723,12.677992577958728,2022-06-01
MX-AGU,2022,7,21.07273684186423,59.60792135968151,2022-07-01
MX-AGU,2022,8,20.188596257625104,57.99523149260353,2022-08-01
MX-AGU,2022,9,19.116511364447334,39.54367926694844,2022-09-01
MX-AGU,2022,10,18.67297233884991,12.19210845583047,2022-10-01
MX-AGU,2022,11,17.21015148845213,4.017353142953422,2022-11-01
MX-AGU,2022,12,15.057090655129866,0.1514564344219069,2022-12-01
MX-AGU,2023,1,14.752707417888985,0.06011260427922549,2023-01-01
MX-AGU,2023,2,16.86696685378424,0.00812848656537595,2023-02-01
MX-AGU,2023,3,19.744478336104404,0.043875856083046144,2023-03-01
MX-AGU,2023,4,20.890467912694408,1.709004127902829,2023-04-01
MX-AGU,2023,5,22.26132097561276,4.00930048693768,2023-05-01
MX-AGU,2023,6,25.842244422576073,7.297352937888621,2023-06-01
MX-AGU,2023,7,22.16095250098492,36.40373988197406,2023-07-01
MX-AGU,2023,8,21.152557031676107,53.10574605659903,2023-08-01
MX-AGU,2023,9,22.627942982412662,8.465455537890879,2023-09-01
MX-AGU,2023,10,19.94410860070514,17.901891512350602,2023-10-01
MX-AGU,2023,11,17.289801644627563,14.885593240367534,2023-11-01
MX-AGU,2023,12,13.362352395876385,12.363086883259593,2023-12-01
MX-AGU,2024,1,15.497578877224992,0.2848717094150517,2024-01-01
MX-AGU,2024,2,16.50688981664026,12.5570151523426,2024-02-01
MX-AGU,2024,3,19.679219757318414,0.11085332444117568,2024-03-01
MX-AGU,2024,4,22.503157539787843,0.016654781424330193,2024-04-01
MX-AGU,2024,5,26.53442187187068,0.33522262445189016,2024-05-01
MX-AGU,2024,6,24.558200916883948,45.56196576796663,2024-06-01
MX-AGU,2024,7,20.231393087650993,84.72858856174955,2024-07-01
MX-AGU,2024,8,21.005250263283283,30.654475552672277,2024-08-01
MX-AGU,2024,9,20.638907852576242,37.10095798649338,2024-09-01
MX-AGU,2024,10,18.903954667928467,8.038209715758756,2024-10-01
MX-AGU,2024,11,18.722215097802835,0.1429099670383195,2024-11-01
MX-AGU,2024,12,15.482582907495454,0.6496955727806967,2024-12-01
MX-AGU,2025,1,15.086593250764318,2.8149616346633315,2025-01-01
MX-AGU,2025,2,18.165013841872394,0.04422140797632482,2025-02-01
MX-AGU,2025,3,19.309615097220235,0.041181702306891284,2025-03-01
MX-AGU,2025,4,21.46230931905676,0.014395561339284485,2025-04-01
MX-AGU,2025,5,23.923105097964847,8.61455930248419,2025-05-01
MX-AGU,2025,6,21.386663334892422,46.442451711691966,2025-06-01
MX-AGU,2025,7,19.582106716555025,58.37118368095781,2025-07-01
MX-AGU,2025,8,20.458949367254366,56.348409976362795,2025-08-01
MX-AGU,2025,9,20.423414771261164,48.4196872863254,2025-09-01
MX-AGU,2025,10,19.63911119689643,13.128998690463222,2025-10-01
MX-AGU,2025,11,17.498925888035153,0.08807266115837672,2025-11-01
MX-AGU,2025,12,15.967695465817119,1.8913143751562638,2025-12-01
MX-BCN,1990,1,11.832950125541611,7.839666199902589,1990-01-01
MX-BCN,1990,2,11.665133967370164,3.6675016120621513,1990-02-01
MX-BCN,1990,3,14.92509727222399,2.065944334864765,1990-03-01
MX-BCN,1990,4,17.587829080111337,3.58448075155314,1990-04-01
MX-BCN,1990,5,19.745991694840512,0.8272526870806493,1990-05-01
MX-BCN,1990,6,25.415097466297205,2.4967152999596034,1990-06-01
MX-BCN,1990,7,27.351437953238065,4.780714946416542,1990-07-01
MX-BCN,1990,8,25.539040479711662,4.64263009784467,1990-08-01
MX-BCN,1990,9,24.994147033950608,5.56138643170918,1990-09-01
MX-BCN,1990,10,21.795930535197677,1.1686754832705184,1990-10-01
MX-BCN,1990,11,16.533067108141086,2.2530484534390878,1990-11-01
MX-BCN,1990,12,11.588071582278364,6.457522111188102,1990-12-01
MX-BCN,1991,1,12.151102313695253,3.7086037746893528,1991-01-01
MX-BCN,1991,2,15.520318313881116,12.439250713920392,1991-02-01
MX-BCN,1991,3,12.373711366377377,28.9093740695356,1991-03-01
MX-BCN,1991,4,16.635132045560656,0.29242218870924197,1991-04-01
MX-BCN,1991,5,18.695613974283614,0.23645658361101346,1991-05-01
MX-BCN,1991,6,21.513909810427723,0.1527155355896503,1991-06-01
MX-BCN,1991,7,24.61622738744957,2.9737899927713456,1991-07-01
MX-BCN,1991,8,25.77355768119026,2.8674570038395326,1991-08-01
MX-BCN,1991,9,24.547135597003976,5.106525291451248,1991-09-01
MX-BCN,1991,10,22.38624538262076,2.695006199458613,1991-10-01
MX-BCN,1991,11,16.42229663607974,2.2350519268681848,1991-11-01
MX-BCN,1991,12,12.021974979411894,13.583873110499331,1991-12-01
MX-BCN,1992,1,12.334108592687471,14.3093413820965,1992-01-01
MX-BCN,1992,2,14.344007989734978,17.23607443425794,1992-02-01
MX-BCN,1992,3,13.908582016165285,22.528180005236806,1992-03-01
MX-BCN,1992,4,19.2366980221734,6.555881951450139,1992-04-01
MX-BCN,1992,5,20.755146026654568,1.0013991768285688,1992-05-01
MX-BCN,1992,6,23.82430552441119,0.2764319241828057,1992-06-01
MX-BCN,1992,7,26.39865122880864,2.534478594684252,1992-07-01
MX-BCN,1992,8,26.769728454458704,14.58683773358002,1992-08-01
MX-BCN,1992,9,26.75351353123348,0.9182516938800871,1992-09-01
MX-BCN,1992,10,21.416872081671023,2.99684743987618,1992-10-01
MX-BCN,1992,11,15.629791140352602,0.3780302925443359,1992-11-01
MX-BCN,1992,12,11.267502598847521,23.741741571997743,1992-12-01
MX-BCN,1993,1,12.614338299209008,48.13642516792109,1993-01-01
MX-BCN,1993,2,12.470032975189596,29.289039212454053,1993-02-01
MX-BCN,1993,3,16.032120985099482,4.960136044793436,1993-03-01
MX-BCN,1993,4,18.736816884634386,0.09765925578760856,1993-04-01
MX-BCN,1993,5,20.74812386466385,0.491346934007282,1993-05-01
MX-BCN,1993,6,23.972898279449435,0.9593222557383834,1993-06-01
MX-BCN,1993,7,24.582890525114973,0.2833387083337226,1993-07-01
MX-BCN,1993,8,26.11722754309024,8.786432728014615,1993-08-01
MX-BCN,1993,9,24.59374700972543,1.0703157719713823,1993-09-01
MX-BCN,1993,10,21.466436368689,2.480380559554026,1993-10-01
MX-BCN,1993,11,16.05533936625989,4.25117618217976,1993-11-01
MX-BCN,1993,12,13.099306667366527,4.9577186009726555,1993-12-01
MX-BCN,1994,1,13.896151282343583,1.984258638722387,1994-01-01
MX-BCN,1994,2,12.161802832962763,12.56474815528235,1994-02-01
MX-BCN,1994,3,15.450548477882148,8.488917483138357,1994-03-01
MX-BCN,1994,4,17.341016255983575,2.7133109403634337,1994-04-01
MX-BCN,1994,5,18.74337335456445,0.4180154371977728,1994-05-01
MX-BCN,1994,6,25.07990969052186,0.37611937574437665,1994-06-01
MX-BCN,1994,7,26.430421193912768,0.8448039217912522,1994-07-01
MX-BCN,1994,8,27.46091592556784,5.504825596654657,1994-08-01
MX-BCN,1994,9,25.909030980113826,1.4253367584355356,1994-09-01
MX-BCN,1994,10,19.679916947291364,1.1188950862928222,1994-10-01
MX-BCN,1994,11,13.304862934468112,7.400289797829351,1994-11-01
MX-BCN,1994,12,11.8071198823025,28.155836364331996,1994-12-01
MX-BCN,1995,1,11.861834482067247,23.34812317536701,1995-01-01
MX-BCN,1995,2,15.269088934902735,13.428116369828972,1995-02-01
MX-BCN,1995,3,15.490515342423848,10.567355825362323,1995-03-01
MX-BCN,1995,4,16.66306329592995,4.432937427625751,1995-04-01
MX-BCN,1995,5,17.746654760975147,1.8851457244141863,1995-05-01
MX-BCN,1995,6,22.17762497134633,1.0716034770438077,1995-06-01
MX-BCN,1995,7,26.951624847469585,0.6407977467557668,1995-07-01
MX-BCN,1995,8,27.781453714761856,5.891796434465293,1995-08-01
MX-BCN,1995,9,26.363458190507465,3.2013155746050312,1995-09-01
MX-BCN,1995,10,21.404714256961643,0.28278725244141745,1995-10-01
MX-BCN,1995,11,18.480739988431743,3.1021789097901302,1995-11-01
MX-BCN,1995,12,14.149375971621632,2.353532247393946,1995-12-01
MX-BCN,1996,1,14.0902947536563,2.761708524212721,1996-01-01
MX-BCN,1996,2,14.87986390891155,8.467200638540575,1996-02-01
MX-BCN,1996,3,15.773753469774741,5.599733664836379,1996-03-01
MX-BCN,1996,4,19.414096594251966,0.2522423042771353,1996-04-01
MX-BCN,1996,5,21.896345701097044,0.10098748325403438,1996-05-01
MX-BCN,1996,6,24.769084079648128,0.14180933264068435,1996-06-01
MX-BCN,1996,7,27.679742113174715,2.3511555785869818,1996-07-01
MX-BCN,1996,8,27.443755341831707,7.742688987234881,1996-08-01
MX-BCN,1996,9,23.941065662956465,1.7765449895872882,1996-09-01
MX-BCN,1996,10,20.383196045442922,2.3305043938724954,1996-10-01
MX-BCN,1996,11,16.41968862223952,1.7672835184841447,1996-11-01
MX-BCN,1996,12,13.867482092664082,1.2808655165376661,1996-12-01
MX-BCN,1997,1,12.870717829726322,7.878079614606012,1997-01-01
MX-BCN,1997,2,13.388967387012514,3.686014052940724,1997-02-01
MX-BCN,1997,3,17.416272788674597,0.10500275278559273,1997-03-01
MX-BCN,1997,4,17.09266650930711,2.732935524909717,1997-04-01
MX-BCN,1997,5,23.01192019810257,0.8063746774908235,1997-05-01
MX-BCN,1997,6,22.96672787387364,0.37128959963051594,1997-06-01
MX-BCN,1997,7,26.372191770218684,0.4258846082212143,1997-07-01
MX-BCN,1997,8,28.02027988426498,1.8108799902063355,1997-08-01
MX-BCN,1997,9,26.403897768982755,36.13922430456046,1997-09-01
MX-BCN,1997,10,20.166517735014807,0.42738001040900453,1997-10-01
MX-BCN,1997,11,17.356648961052834,3.8317588145418493,1997-11-01
MX-BCN,1997,12,11.811993540853777,16.303039928198213,1997-12-01
MX-BCN,1998,1,13.293462546705952,2.636828816010873,1998-01-01
MX-BCN,1998,2,11.808211515273113,31.1653967436221,1998-02-01
MX-BCN,1998,3,14.068902922025362,10.137569985635373,1998-03-01
MX-BCN,1998,4,15.475463034935895,4.510713105201302,1998-04-01
MX-BCN,1998,5,17.92025147147701,1.7863750705402983,1998-05-01
MX-BCN,1998,6,22.725201270932498,0.2055379368486533,1998-06-01
MX-BCN,1998,7,27.26456812410591,3.2272060369271127,1998-07-01
MX-BCN,1998,8,28.205062801724388,4.355644989287224,1998-08-01
MX-BCN,1998,9,24.71312418040458,1.5547323270514584,1998-09-01
MX-BCN,1998,10,19.60978246546575,0.477933398978021,1998-10-01
MX-BCN,1998,11,15.773820506454461,3.3055696125532665,1998-11-01
MX-BCN,1998,12,11.809557142984106,2.418142269920764,1998-12-01
MX-BCN,1999,1,13.289088065550972,3.020100103507505,1999-01-01
MX-BCN,1999,2,13.406868949374646,3.7831755710213937,1999-02-01
MX-BCN,1999,3,13.25006808225999,4.664609230016129,1999-03-01
MX-BCN,1999,4,14.549530028036616,6.91583609114747,1999-04-01
MX-BCN,1999,5,18.456383374823773,0.3489168424382232,1999-05-01
MX-BCN,1999,6,22.431664783373,1.1559508001923313,1999-06-01
MX-BCN,1999,7,25.508757768958677,9.436013835136853,1999-07-01
MX-BCN,1999,8,26.133230027781483,2.568232944610824,1999-08-01
MX-BCN,1999,9,24.611835044529283,3.3032750196251306,1999-09-01
MX-BCN,1999,10,22.94491642326056,0.13540551471687823,1999-10-01
MX-BCN,1999,11,17.360532343737606,0.037001045787532,1999-11-01
MX-BCN,1999,12,12.985683708253159,0.5003959385668644,1999-12-01
MX-BCN,2000,1,14.02160630372854,0.41873739578175156,2000-01-01
MX-BCN,2000,2,13.411169852105953,6.622231833135686,2000-02-01
MX-BCN,2000,3,13.873876940263475,8.608354710052167,2000-03-01
MX-BCN,2000,4,18.41766602521752,1.1724967805669382,2000-04-01
MX-BCN,2000,5,21.433021202889705,0.24894599716491708,2000-05-01
MX-BCN,2000,6,24.889303646592353,1.6986023970181554,2000-06-01
MX-BCN,2000,7,26.79749077197973,0.5233046628386697,2000-07-01
MX-BCN,2000,8,26.77225857394623,4.228363152060636,2000-08-01
MX-BCN,2000,9,25.317760332597423,0.8793046094118993,2000-09-01
MX-BCN,2000,10,18.469744346522944,7.458141814467371,2000-10-01
MX-BCN,2000,11,13.56041059885619,2.312111106008954,2000-11-01
MX-BCN,2000,12,14.478807580399609,0.19666877921088058,2000-12-01
MX-BCN,2001,1,11.130678429062971,7.775849679093353,2001-01-01
MX-BCN,2001,2,11.506243782489856,12.748249113830845,2001-02-01
MX-BCN,2001,3,14.488873655609957,8.187597796683084,2001-03-01
MX-BCN,2001,4,16.078509713695674,3.573553954854477,2001-04-01
MX-BCN,2001,5,21.88596044657148,0.34156962439358785,2001-05-01
MX-BCN,2001,6,24.46175393386618,0.7960207347042968,2001-06-01
MX-BCN,2001,7,26.26742674486974,2.85993635073461,2001-07-01
MX-BCN,2001,8,27.02383294293282,1.833089019558013,2001-08-01
MX-BCN,2001,9,25.859702432183802,5.0859416277308895,2001-09-01
MX-BCN,2001,10,21.469631794244908,7.721407562326502,2001-10-01
MX-BCN,2001,11,16.786936423274444,1.1339521681862206,2001-11-01
MX-BCN,2001,12,11.978486121099484,2.204422279615292,2001-12-01
MX-BCN,2002,1,12.284292345208492,0.9587968749749086,2002-01-01
MX-BCN,2002,2,14.02152600563407,0.9799523820770574,2002-02-01
MX-BCN,2002,3,13.75277978225787,1.8267212798142045,2002-03-01
MX-BCN,2002,4,16.93913923445023,1.354584307600991,2002-04-01
MX-BCN,2002,5,19.188429677108893,0.16334416514252073,2002-05-01
MX-BCN,2002,6,24.3913127206193,0.19414075609715628,2002-06-01
MX-BCN,2002,7,26.090568912704384,0.7449815829679536,2002-07-01
MX-BCN,2002,8,26.446518956972934,0.2009452212423267,2002-08-01
MX-BCN,2002,9,25.7975654299171,5.487643891732794,2002-09-01
MX-BCN,2002,10,18.555368581129393,0.5357019862719754,2002-10-01
MX-BCN,2002,11,16.77536588769549,7.455707898688739,2002-11-01
MX-BCN,2002,12,11.677294651995632,6.27304929425113,2002-12-01
MX-BCN,2003,1,15.610654096033038,0.283370918028127,2003-01-01
MX-BCN,2003,2,13.299966050921446,20.765739998083017,2003-02-01
MX-BCN,2003,3,14.839542281861561,5.88228943733182,2003-03-01
MX-BCN,2003,4,15.24861202317035,3.1393560837778742,2003-04-01
MX-BCN,2003,5,20.11634175597051,0.5883478664932847,2003-05-01
MX-BCN,2003,6,22.136047847265598,0.3132730688488026,2003-06-01
MX-BCN,2003,7,27.031620543560894,3.870005623735904,2003-07-01
MX-BCN,2003,8,27.019740422807505,9.240276441921049,2003-08-01
MX-BCN,2003,9,25.466591846108212,11.517540250874777,2003-09-01
MX-BCN,2003,10,22.58499742167143,3.5106345734615405,2003-10-01
MX-BCN,2003,11,14.368265960190651,5.6912833626611405,2003-11-01
MX-BCN,2003,12,12.640375271179618,2.52544629627858,2003-12-01
MX-BCN,2004,1,11.801879723292432,2.212386654642598,2004-01-01
MX-BCN,2004,2,11.54077557913246,11.871198532757703,2004-02-01
MX-BCN,2004,3,17.77219730357139,4.660793851649124,2004-03-01
MX-BCN,2004,4,17.868548655469244,3.199015543368114,2004-04-01
MX-BCN,2004,5,21.716716162527415,0.12574180097792054,2004-05-01
MX-BCN,2004,6,23.27159938962496,0.20705670875240825,2004-06-01
MX-BCN,2004,7,26.327172817901506,1.701667557467751,2004-07-01
MX-BCN,2004,8,26.111427747641596,1.1058789176409618,2004-08-01
MX-BCN,2004,9,25.0825594600318,3.7070172054092136,2004-09-01
MX-BCN,2004,10,19.035432050187776,17.23192053734444,2004-10-01
MX-BCN,2004,11,14.087004348449982,3.7166340798300843,2004-11-01
MX-BCN,2004,12,12.854285336749642,13.480953335948866,2004-12-01
MX-BCN,2005,1,13.070121313918817,17.088002893725857,2005-01-01
MX-BCN,2005,2,12.774397757680749,23.289957873321466,2005-02-01
MX-BCN,2005,3,14.969445564186502,3.41283007932984,2005-03-01
MX-BCN,2005,4,17.38677560583853,1.1743713635543995,2005-04-01
MX-BCN,2005,5,21.03981528258649,0.3683520977193596,2005-05-01
MX-BCN,2005,6,23.132022884764044,0.44238052031701924,2005-06-01
MX-BCN,2005,7,27.08851577590438,5.642491154655218,2005-07-01
MX-BCN,2005,8,26.20115893714711,9.315195282791747,2005-08-01
MX-BCN,2005,9,25.421430746622303,0.600918609167016,2005-09-01
MX-BCN,2005,10,20.71535970075732,2.946534702220451,2005-10-01
MX-BCN,2005,11,17.54147513246755,0.3712083046425665,2005-11-01
MX-BCN,2005,12,13.955325749332825,0.9586146039269835,2005-12-01
MX-BCN,2006,1,13.08980328391327,0.5040390373289528,2006-01-01
MX-BCN,2006,2,14.491769660819136,1.1042800641623614,2006-02-01
MX-BCN,2006,3,13.085859964168826,9.56565775187868,2006-03-01
MX-BCN,2006,4,16.854366931683803,2.8283952479333503,2006-04-01
MX-BCN,2006,5,20.95289497440377,1.3607375840297624,2006-05-01
MX-BCN,2006,6,25.90015359641409,2.6508360700803673,2006-06-01
MX-BCN,2006,7,28.161297485521295,3.5736527003680667,2006-07-01
MX-BCN,2006,8,26.546916113546963,2.7155221941838805,2006-08-01
MX-BCN,2006,9,24.518475120369462,7.662514466403996,2006-09-01
MX-BCN,2006,10,19.94019889382165,2.150128005510025,2006-10-01
MX-BCN,2006,11,18.03842070504617,0.2069322714717666,2006-11-01
MX-BCN,2006,12,12.679153820538463,1.752512881509336,2006-12-01
MX-BCN,2007,1,10.703613778530874,3.057083414741807,2007-01-01
MX-BCN,2007,2,13.601239469276782,3.0739974539654265,2007-02-01
MX-BCN,2007,3,16.422294888667416,2.0870637689312574,2007-03-01
MX-BCN,2007,4,17.055317498766907,1.1110416475460427,2007-04-01
MX-BCN,2007,5,20.061368862954644,0.7975899619614641,2007-05-01
MX-BCN,2007,6,23.971358882699125,0.13138025746683446,2007-06-01
MX-BCN,2007,7,26.383399443663247,3.7024150814019983,2007-07-01
MX-BCN,2007,8,27.306314472750454,2.1184791402729495,2007-08-01
MX-BCN,2007,9,24.797599335280438,1.6753961570539757,2007-09-01
MX-BCN,2007,10,20.957020421104406,2.0023461543606733,2007-10-01
MX-BCN,2007,11,17.3981179072367,12.418948783280431,2007-11-01
MX-BCN,2007,12,11.053368406095993,10.269877255917311,2007-12-01
MX-BCN,2008,1,11.43592099220121,16.702797626731385,2008-01-01
MX-BCN,2008,2,13.030143561798274,4.7366901728958055,2008-02-01
MX-BCN,2008,3,15.855943532858252,1.690095923142152,2008-03-01
MX-BCN,2008,4,18.367549574142732,0.11902155365491257,2008-04-01
MX-BCN,2008,5,19.37514867551145,1.5094219507844366,2008-05-01
MX-BCN,2008,6,25.167296881999473,0.15485917728475695,2008-06-01
MX-BCN,2008,7,26.34590597570284,3.9570155703944843,2008-07-01
MX-BCN,2008,8,26.51191321448212,7.9101697859786455,2008-08-01
MX-BCN,2008,9,26.008438971064916,1.5626082641454349,2008-09-01
MX-BCN,2008,10,22.720053714437093,0.17331447948771783,2008-10-01
MX-BCN,2008,11,18.35475542080146,5.288327336951355,2008-11-01
MX-BCN,2008,12,12.774322085212262,16.039676521759116,2008-12-01
MX-BCN,2009,1,14.499181457761862,1.0469552644227655,2009-01-01
MX-BCN,2009,2,13.870781943487275,8.471527344414577,2009-02-01
MX-BCN,2009,3,15.595080396894724,0.22802667016585107,2009-03-01
MX-BCN,2009,4,16.953144029016734,1.6431808594990602,2009-04-01
MX-BCN,2009,5,22.024343577337,0.4393768031854767,2009-05-01
MX-BCN,2009,6,22.375307368877568,1.5968027553964903,2009-06-01
MX-BCN,2009,7,27.697945316488845,2.7314785428459945,2009-07-01
MX-BCN,2009,8,27.317379922923788,2.6771779352470393,2009-08-01
MX-BCN,2009,9,26.54294104976482,4.02221021349539,2009-09-01
MX-BCN,2009,10,19.998830470642236,2.1330791276957908,2009-10-01
MX-BCN,2009,11,16.94031343722234,1.9970963874731047,2009-11-01
MX-BCN,2009,12,12.228586054054139,7.2814252034721045,2009-12-01
MX-BCN,2010,1,13.549074126701877,38.16266033580106,2010-01-01
MX-BCN,2010,2,13.128478801171307,8.482936359917975,2010-02-01
MX-BCN,2010,3,15.16247380702148,8.356925930403664,2010-03-01
MX-BCN,2010,4,16.339821503502154,4.579137050506418,2010-04-01
MX-BCN,2010,5,19.29056499153798,0.13295420128216137,2010-05-01
MX-BCN,2010,6,23.064760275615818,0.23271889902325116,2010-06-01
MX-BCN,2010,7,25.74289208407013,0.535718403754962,2010-07-01
MX-BCN,2010,8,27.056811612816517,2.6687568954577516,2010-08-01
MX-BCN,2010,9,25.67132467966334,1.6951947399922653,2010-09-01
MX-BCN,2010,10,20.01874589240017,6.084463657977192,2010-10-01
MX-BCN,2010,11,15.684597130632321,1.9991797124289008,2010-11-01
MX-BCN,2010,12,14.296783482041425,10.18522903582715,2010-12-01
MX-BCN,2011,1,13.291472211698961,0.4452467202863003,2011-01-01
MX-BCN,2011,2,11.675236782208247,11.006051075897958,2011-02-01
MX-BCN,2011,3,16.05941288851618,3.753674734175071,2011-03-01
MX-BCN,2011,4,18.439655470454923,2.600369898389088,2011-04-01
MX-BCN,2011,5,19.29401933747374,1.4425954800607388,2011-05-01
MX-BCN,2011,6,23.514381605731263,0.1611843986121955,2011-06-01
MX-BCN,2011,7,25.925236376268437,5.214847237000799,2011-07-01
MX-BCN,2011,8,27.22435722655908,1.5753889261609688,2011-08-01
MX-BCN,2011,9,25.265741636186,2.7298813871311336,2011-09-01
MX-BCN,2011,10,21.39550125799751,0.9125474277302702,2011-10-01
MX-BCN,2011,11,15.352473478665903,8.487327624980528,2011-11-01
MX-BCN,2011,12,11.109442532651054,8.274723885108967,2011-12-01
MX-BCN,2012,1,14.663642150113194,0.9689608443200087,2012-01-01
MX-BCN,2012,2,13.157016209917462,5.145682317286669,2012-02-01
MX-BCN,2012,3,14.836932498181508,5.6079008984336545,2012-03-01
MX-BCN,2012,4,17.89106254467032,3.347967661916217,2012-04-01
MX-BCN,2012,5,21.30810667114727,0.27460261407029707,2012-05-01
MX-BCN,2012,6,24.134791639540442,0.1463447225539075,2012-06-01
MX-BCN,2012,7,25.989984140823516,2.997938659545011,2012-07-01
MX-BCN,2012,8,27.257197278118557,13.059693223849312,2012-08-01
MX-BCN,2012,9,26.34586463552023,10.87778324420523,2012-09-01
MX-BCN,2012,10,22.05093320725481,1.6125712667457193,2012-10-01
MX-BCN,2012,11,17.40329298870779,1.417323742131528,2012-11-01
MX-BCN,2012,12,12.977438491629375,9.174704463434418,2012-12-01
MX-BCN,2013,1,11.32830807822879,11.33132989739322,2013-01-01
MX-BCN,2013,2,12.128120237441179,3.246860946501433,2013-02-01
MX-BCN,2013,3,16.936721073603724,3.744726186342446,2013-03-01
MX-BCN,2013,4,17.951049744165857,0.32548987516468925,2013-04-01
MX-BCN,2013,5,21.033130914692617,0.8919675744902978,2013-05-01
MX-BCN,2013,6,24.63357372483008,0.29404744638214536,2013-06-01
MX-BCN,2013,7,26.547658063200046,6.020744018093178,2013-07-01
MX-BCN,2013,8,26.28078511995888,15.266537622122573,2013-08-01
MX-BCN,2013,9,24.44871588717763,6.387636640238292,2013-09-01
MX-BCN,2013,10,19.386158549788693,1.5281832283481107,2013-10-01
MX-BCN,2013,11,16.027176263492454,5.789773593583182,2013-11-01
MX-BCN,2013,12,12.630760224907542,2.5851691081018315,2013-12-01
MX-BCN,2014,1,15.133226965589843,0.6139459351388605,2014-01-01
MX-BCN,2014,2,15.493369677555778,2.4539815026324128,2014-02-01
MX-BCN,2014,3,16.64030455994434,4.607239308679411,2014-03-01
MX-BCN,2014,4,18.313016532068634,0.9621072119770896,2014-04-01
MX-BCN,2014,5,21.64831503013666,0.4133034953438557,2014-05-01
MX-BCN,2014,6,25.193171125855944,0.06675612615784429,2014-06-01
MX-BCN,2014,7,26.664539259553166,5.327572011506931,2014-07-01
MX-BCN,2014,8,26.64850550507514,5.649987532424645,2014-08-01
MX-BCN,2014,9,26.08918406234761,20.46572270871609,2014-09-01
MX-BCN,2014,10,22.211748687812605,14.2619732765101,2014-10-01
MX-BCN,2014,11,17.30844627651953,0.5220712710050066,2014-11-01
MX-BCN,2014,12,14.00370118960267,7.248190939509821,2014-12-01
MX-BCN,2015,1,13.793204344524282,8.467968951519985,2015-01-01
MX-BCN,2015,2,16.79085057832567,2.3513665834078328,2015-02-01
MX-BCN,2015,3,18.430412453764593,8.598086991017546,2015-03-01
MX-BCN,2015,4,18.331499498938538,1.1892991182207457,2015-04-01
MX-BCN,2015,5,18.542642681499625,5.047604388339638,2015-05-01
MX-BCN,2015,6,25.071432242560043,5.981548135730987,2015-06-01
MX-BCN,2015,7,25.688714550635197,4.454112898250805,2015-07-01
MX-BCN,2015,8,27.91908555765268,2.6040011853550236,2015-08-01
MX-BCN,2015,9,26.154743967316445,18.30035290816452,2015-09-01
MX-BCN,2015,10,22.465941583868624,3.227827395767879,2015-10-01
MX-BCN,2015,11,15.911408366276895,2.388231356642677,2015-11-01
MX-BCN,2015,12,12.484253872884725,2.7458755738087524,2015-12-01
MX-BCN,2016,1,12.684911253190917,13.883081207195282,2016-01-01
MX-BCN,2016,2,16.88660303951384,3.2097082471595426,2016-02-01
MX-BCN,2016,3,16.913671621448625,2.16061541732279,2016-03-01
MX-BCN,2016,4,18.38693768688582,4.899933335117155,2016-04-01
MX-BCN,2016,5,18.963377781507198,1.621230822051968,2016-05-01
MX-BCN,2016,6,25.51059102113808,0.6555266128808761,2016-06-01
MX-BCN,2016,7,27.432249652563197,2.101289710642891,2016-07-01
MX-BCN,2016,8,26.76422918122463,1.8805423608173955,2016-08-01
MX-BCN,2016,9,24.13010750292921,11.538147909891295,2016-09-01
MX-BCN,2016,10,22.64662726586917,0.095208442556223,2016-10-01
MX-BCN,2016,11,17.803305553248173,1.7160535028473969,2016-11-01
MX-BCN,2016,12,13.383408898670293,16.62492565779785,2016-12-01
MX-BCN,2017,1,11.935837408981246,16.630054137816398,2017-01-01
MX-BCN,2017,2,14.289580427823969,13.845990567679165,2017-02-01
MX-BCN,2017,3,17.656154019731503,0.5563921184134148,2017-03-01
MX-BCN,2017,4,19.40974762980994,0.152524909848886,2017-04-01
MX-BCN,2017,5,19.7191906730366,5.623991730675086,2017-05-01
MX-BCN,2017,6,24.610257895722626,0.35955676359428335,2017-06-01
MX-BCN,2017,7,26.785382472858494,5.512871346803191,2017-07-01
MX-BCN,2017,8,27.138228411670553,3.057329574921836,2017-08-01
MX-BCN,2017,9,23.55724185076701,14.655139235411577,2017-09-01
MX-BCN,2017,10,22.683125733927742,0.15515033951405144,2017-10-01
MX-BCN,2017,11,19.27017907501239,0.5970320458498154,2017-11-01
MX-BCN,2017,12,14.853517132903407,0.9505534193643277,2017-12-01
MX-BCN,2018,1,15.725721673960418,3.8364724706987356,2018-01-01
MX-BCN,2018,2,13.661356402307758,5.5037866394204364,2018-02-01
MX-BCN,2018,3,15.457804689452367,1.1704833385911735,2018-03-01
MX-BCN,2018,4,18.917917296900313,0.10368796453305498,2018-04-01
MX-BCN,2018,5,19.596975652146398,0.40453520051023695,2018-05-01
MX-BCN,2018,6,23.868781722798282,0.7435251393446523,2018-06-01
MX-BCN,2018,7,27.24453484228139,7.365689019291123,2018-07-01
MX-BCN,2018,8,27.17807496812247,4.988190271890684,2018-08-01
MX-BCN,2018,9,25.972890444862895,1.039388989808384,2018-09-01
MX-BCN,2018,10,19.536827607889673,21.920473737467056,2018-10-01
MX-BCN,2018,11,16.39198292284475,1.981215543911261,2018-11-01
MX-BCN,2018,12,13.235497205030242,9.91341274950009,2018-12-01
MX-BCN,2019,1,12.711008054884454,8.756185280294162,2019-01-01
MX-BCN,2019,2,10.963505511853345,17.051400948713173,2019-02-01
MX-BCN,2019,3,14.87801536305316,6.489727350087876,2019-03-01
MX-BCN,2019,4,18.388229476003662,1.245535585246326,2019-04-01
MX-BCN,2019,5,17.62471035536646,3.651809423284376,2019-05-01
MX-BCN,2019,6,22.901739363624294,0.39189554588962383,2019-06-01
MX-BCN,2019,7,26.54891334909909,3.276134677260819,2019-07-01
MX-BCN,2019,8,27.567767455630687,1.2626934237976044,2019-08-01
MX-BCN,2019,9,24.89618147656328,4.942968580800934,2019-09-01
MX-BCN,2019,10,20.84119176309526,0.0686968165281874,2019-10-01
MX-BCN,2019,11,17.07668264588207,19.887602619416622,2019-11-01
MX-BCN,2019,12,12.582935925572091,12.64349679264804,2019-12-01
MX-BCN,2020,1,12.980597566036288,1.3234880917569773,2020-01-01
MX-BCN,2020,2,14.065486087587754,3.454865665337336,2020-02-01
MX-BCN,2020,3,13.513282892880438,27.689456118300697,2020-03-01
MX-BCN,2020,4,17.464744932576785,6.5495326430792495,2020-04-01
MX-BCN,2020,5,22.429123335747573,0.43309111280337403,2020-05-01
MX-BCN,2020,6,23.888687505514334,0.28752723640338723,2020-06-01
MX-BCN,2020,7,27.465826193083128,0.5671518216847662,2020-07-01
MX-BCN,2020,8,28.93469119362841,2.061053600961307,2020-08-01
MX-BCN,2020,9,27.382645014200296,0.11177115983420227,2020-09-01
MX-BCN,2020,10,23.633477079428086,0.11563093919840702,2020-10-01
MX-BCN,2020,11,17.285353572655247,1.0303325447826759,2020-11-01
MX-BCN,2020,12,13.239244041126693,2.1386170151408557,2020-12-01
MX-BCN,2021,1,12.887760997130508,15.719792302817503,2021-01-01
MX-BCN,2021,2,14.10145267046211,0.4312056582366394,2021-02-01
MX-BCN,2021,3,13.944247137946988,4.748073754079718,2021-03-01
MX-BCN,2021,4,18.944439772437416,1.0666502779334457,2021-04-01
MX-BCN,2021,5,20.134819730674582,0.2354042808330654,2021-05-01
MX-BCN,2021,6,24.921269786026233,0.6864677757489709,2021-06-01
MX-BCN,2021,7,26.857384077789014,2.6154267343393984,2021-07-01
MX-BCN,2021,8,27.20968600219236,3.881667203132354,2021-08-01
MX-BCN,2021,9,25.475273205337253,2.220910651658864,2021-09-01
MX-BCN,2021,10,19.84595215794862,1.1946401260539818,2021-10-01
MX-BCN,2021,11,18.523738535860222,0.1472550529461835,2021-11-01
MX-BCN,2021,12,13.189808064446181,14.876170478362218,2021-12-01
MX-BCN,2022,1,13.450630417567709,0.755276241190541,2022-01-01
MX-BCN,2022,2,13.194726285812285,3.2713275901692684,2022-02-01
MX-BCN,2022,3,15.741989039255671,4.299704305919871,2022-03-01
MX-BCN,2022,4,18.611462670591514,0.3028465370965653,2022-04-01
MX-BCN,2022,5,20.394603298494737,0.22709250959409774,2022-05-01
MX-BCN,2022,6,25.09918488361243,1.2870444218799357,2022-06-01
MX-BCN,2022,7,26.402820116952793,1.3816680391670322,2022-07-01
MX-BCN,2022,8,27.000789970685776,8.40189478757739,2022-08-01
MX-BCN,2022,9,25.265850036326736,28.372772538287656,2022-09-01
MX-BCN,2022,10,20.373370585542194,1.538120599484722,2022-10-01
MX-BCN,2022,11,14.085375809672295,2.058396825231662,2022-11-01
MX-BCN,2022,12,12.358166058505201,5.160891826680936,2022-12-01
MX-BCN,2023,1,11.257997975093932,14.263782771818967,2023-01-01
MX-BCN,2023,2,10.860075760366312,8.435926134191053,2023-02-01
MX-BCN,2023,3,13.321981844394307,11.310258705778773,2023-03-01
MX-BCN,2023,4,17.228017063412086,0.2376255412313102,2023-04-01
MX-BCN,2023,5,18.75981301929187,0.5897755820527776,2023-05-01
MX-BCN,2023,6,22.016057653827975,0.26122659220301714,2023-06-01
MX-BCN,2023,7,27.978390041548092,1.506095878405136,2023-07-01
MX-BCN,2023,8,27.117090767542205,18.75666351777333,2023-08-01
MX-BCN,2023,9,24.675728074511873,2.200164978034334,2023-09-01
MX-BCN,2023,10,21.581427450783966,0.47121680491992857,2023-10-01
MX-BCN,2023,11,16.973000106226415,4.276881165259535,2023-11-01
MX-BCN,2023,12,14.218222095239755,9.071774588271209,2023-12-01
MX-BCN,2024,1,12.325993944761024,10.887565694993981,2024-01-01
MX-BCN,2024,2,12.789696761687377,14.205520807970457,2024-02-01
MX-BCN,2024,3,13.71027254069723,11.652322599074736,2024-03-01
MX-BCN,2024,4,16.367858138715167,3.315513901268988,2024-04-01
MX-BCN,2024,5,19.64788684397105,0.28265844145433733,2024-05-01
MX-BCN,2024,6,24.19140978004833,1.0926138939761323,2024-06-01
MX-BCN,2024,7,27.775264634215173,1.488695547718738,2024-07-01
MX-BCN,2024,8,27.855703457192828,2.174305929749756,2024-08-01
MX-BCN,2024,9,25.710264924390152,0.19279657877958659,2024-09-01
MX-BCN,2024,10,22.926923712063463,0.21987661633367617,2024-10-01
MX-BCN,2024,11,15.219175659298275,0.4758005067405073,2024-11-01
MX-BCN,2024,12,14.836777927144773,0.06211448570516319,2024-12-01
MX-BCN,2025,1,11.826456744144108,1.1435033620610313,2025-01-01
MX-BCN,2025,2,15.523233192074226,1.048960883340128,2025-02-01
MX-BCN,2025,3,14.81552855048848,10.230651046415774,2025-03-01
MX-BCN,2025,4,16.900524490000777,0.9092435031139305,2025-04-01
MX-BCN,2025,5,20.03784841141647,0.732310817281821,2025-05-01
MX-BCN,2025,6,23.709809728151928,2.19120615171225,2025-06-01
MX-BCN,2025,7,25.67082118714838,0.4270777926317661,2025-07-01
MX-BCN,2025,8,27.14367023613611,3.5048908589926815,2025-08-01
MX-BCN,2025,9,25.06726788236474,7.825588764226941,2025-09-01
MX-BCN,2025,10,21.208144452622843,0.875488341308061,2025-10-01
MX-BCN,2025,11,17.388225767766624,12.26950916714147,2025-11-01
MX-BCN,2025,12,16.179425164062287,6.484219925076319,2025-12-01
MX-BCS,1990,1,16.025696410658583,0.9926100830184175,1990-01-01
MX-BCS,1990,2,15.401153387694436,1.546853229758088,1990-02-01
MX-BCS,1990,3,18.273612413558148,0.20017882666088885,1990-03-01
MX-BCS,1990,4,20.85200961216827,0.1122615125423305,1990-04-01
MX-BCS,1990,5,22.90120900053274,0.03787899843003739,1990-05-01
MX-BCS,1990,6,27.099575460989154,0.5214315538575437,1990-06-01
MX-BCS,1990,7,27.946715084662056,12.810058247320404,1990-07-01
MX-BCS,1990,8,27.72561626446486,15.86509624561278,1990-08-01
MX-BCS,1990,9,27.449713595455577,17.4956000866313,1990-09-01
MX-BCS,1990,10,25.322648556734716,3.719780065098057,1990-10-01
MX-BCS,1990,11,20.714491102062222,12.202332711899619,1990-11-01
MX-BCS,1990,12,16.6781345018587,22.894732239734136,1990-12-01
MX-BCS,1991,1,15.58755906582433,5.562841777342977,1991-01-01
MX-BCS,1991,2,18.629507991247973,6.8315143259835835,1991-02-01
MX-BCS,1991,3,17.39120394671446,0.7474391184717554,1991-03-01
MX-BCS,1991,4,20.52245972770002,0.05906824511253164,1991-04-01
MX-BCS,1991,5,21.3822602364246,0.016830138183423368,1991-05-01
MX-BCS,1991,6,23.87271008408989,0.2033603978131622,1991-06-01
MX-BCS,1991,7,25.69991173593145,1.336407610705752,1991-07-01
MX-BCS,1991,8,27.85758266698979,3.3404855314209856,1991-08-01
MX-BCS,1991,9,27.151628198521287,10.768133521685973,1991-09-01
MX-BCS,1991,10,25.651843556386197,3.2793647257957272,1991-10-01
MX-BCS,1991,11,19.916270307702213,9.805235855070658,1991-11-01
MX-BCS,1991,12,15.982182174128997,17.345725325394195,1991-12-01
MX-BCS,1992,1,15.424958912796477,19.07522544750433,1992-01-01
MX-BCS,1992,2,17.313970564124382,6.091448981195249,1992-02-01
MX-BCS,1992,3,17.673415859696735,9.655108709406367,1992-03-01
MX-BCS,1992,4,21.399819405588357,1.464157600646051,1992-04-01
MX-BCS,1992,5,23.030746543778186,0.14058376325945118,1992-05-01
MX-BCS,1992,6,26.221841796832464,0.09049309861620847,1992-06-01
MX-BCS,1992,7,28.05498908324298,8.938505088556756,1992-07-01
MX-BCS,1992,8,27.948455490014915,24.62143991737738,1992-08-01
MX-BCS,1992,9,28.421855461081755,9.369222249594438,1992-09-01
MX-BCS,1992,10,25.303101455141395,1.9525800923089929,1992-10-01
MX-BCS,1992,11,19.59408545871287,1.2895144149524584,1992-11-01
MX-BCS,1992,12,16.829111692647896,11.468943128682232,1992-12-01
MX-BCS,1993,1,17.44117733589423,8.587291583757377,1993-01-01
MX-BCS,1993,2,16.724272073800712,9.27900378969598,1993-02-01
MX-BCS,1993,3,19.67824154980598,0.15562009989675107,1993-03-01
MX-BCS,1993,4,21.491139802906087,0.19866161591708315,1993-04-01
MX-BCS,1993,5,22.205362579779962,0.3951130371749216,1993-05-01
MX-BCS,1993,6,25.604865134135988,0.2811206743242216,1993-06-01
MX-BCS,1993,7,26.59648990829492,2.0295013752616886,1993-07-01
MX-BCS,1993,8,27.667508331719254,21.312322884946543,1993-08-01
MX-BCS,1993,9,25.847215749405887,21.637358301308073,1993-09-01
MX-BCS,1993,10,25.3293180041835,3.5234429890798746,1993-10-01
MX-BCS,1993,11,20.575071359689968,5.301292612004885,1993-11-01
MX-BCS,1993,12,17.85667799891076,4.952441335909656,1993-12-01
MX-BCS,1994,1,17.539625548865377,0.1204355699308511,1994-01-01
MX-BCS,1994,2,17.004513227371838,0.29865028299112817,1994-02-01
MX-BCS,1994,3,19.11613850706774,0.9035358405715935,1994-03-01
MX-BCS,1994,4,20.728618668617077,0.04285622441667503,1994-04-01
MX-BCS,1994,5,22.007874428435404,0.0867190325870473,1994-05-01
MX-BCS,1994,6,25.998502850350594,0.1736475945725332,1994-06-01
MX-BCS,1994,7,27.753407090037488,1.033195663187871,1994-07-01
MX-BCS,1994,8,28.02715179968257,15.183471957909664,1994-08-01
MX-BCS,1994,9,28.222776022456227,7.026102899206738,1994-09-01
MX-BCS,1994,10,24.037686043320235,1.9125975763743672,1994-10-01
MX-BCS,1994,11,19.193422175403512,12.961230814332554,1994-11-01
MX-BCS,1994,12,16.358624565950883,25.643076686412606,1994-12-01
MX-BCS,1995,1,15.93275433578841,2.034455884222957,1995-01-01
MX-BCS,1995,2,19.000560845031675,6.589055652800206,1995-02-01
MX-BCS,1995,3,19.543438627044644,0.14789468758208435,1995-03-01
MX-BCS,1995,4,20.252894924906165,0.013023282704375645,1995-04-01
MX-BCS,1995,5,21.2033703815689,0.1594053136207729,1995-05-01
MX-BCS,1995,6,24.474695582348144,0.0703049191253293,1995-06-01
MX-BCS,1995,7,28.27274722326644,1.342308171111771,1995-07-01
MX-BCS,1995,8,27.836339887620976,15.33461511397167,1995-08-01
MX-BCS,1995,9,27.833961769693996,17.869233812248936,1995-09-01
MX-BCS,1995,10,24.6399268910633,0.20033117663694316,1995-10-01
MX-BCS,1995,11,21.72305917749112,12.186532079219736,1995-11-01
MX-BCS,1995,12,17.725594689783314,0.23693276258057575,1995-12-01
MX-BCS,1996,1,17.773502960817066,0.07032845094828008,1996-01-01
MX-BCS,1996,2,18.676683225721664,4.640203259140064,1996-02-01
MX-BCS,1996,3,19.18100217143242,0.028659232434011733,1996-03-01
MX-BCS,1996,4,21.94414573183106,0.074764475218166,1996-04-01
MX-BCS,1996,5,24.1487349298627,0.013300139710712727,1996-05-01
MX-BCS,1996,6,26.96517073109879,0.20246210380937607,1996-06-01
MX-BCS,1996,7,28.185969543221084,3.808885056620194,1996-07-01
MX-BCS,1996,8,27.98965279234448,28.54729957861202,1996-08-01
MX-BCS,1996,9,25.56148673380218,19.14316476803076,1996-09-01
MX-BCS,1996,10,24.111928017984823,0.6960598941617601,1996-10-01
MX-BCS,1996,11,20.1434195785726,1.235501549128939,1996-11-01
MX-BCS,1996,12,17.660679694987053,0.08077315834380992,1996-12-01
MX-BCS,1997,1,16.222601789846255,5.114385642076917,1997-01-01
MX-BCS,1997,2,16.613308214659142,0.5983967645817461,1997-02-01
MX-BCS,1997,3,20.337453060022334,0.37661647005369164,1997-03-01
MX-BCS,1997,4,19.317566954987434,0.7256487454451319,1997-04-01
MX-BCS,1997,5,24.61632170958612,1.2083378696718756,1997-05-01
MX-BCS,1997,6,25.781247086004424,1.3142031205448605,1997-06-01
MX-BCS,1997,7,29.086101529958924,5.188392542780486,1997-07-01
MX-BCS,1997,8,29.66937468973644,13.053443277062174,1997-08-01
MX-BCS,1997,9,28.38008871159706,32.67403921017961,1997-09-01
MX-BCS,1997,10,24.976002988352214,0.6267287610942579,1997-10-01
MX-BCS,1997,11,21.809876992542026,4.203090814165901,1997-11-01
MX-BCS,1997,12,16.53015636576021,5.127055862091465,1997-12-01
MX-BCS,1998,1,17.606241270546725,0.12447451952009417,1998-01-01
MX-BCS,1998,2,16.522278441948178,3.1953170628193406,1998-02-01
MX-BCS,1998,3,18.30250577035333,0.5142598079816207,1998-03-01
MX-BCS,1998,4,19.860529220425445,0.012075293020361116,1998-04-01
MX-BCS,1998,5,22.703997218594477,0.0032776987270359244,1998-05-01
MX-BCS,1998,6,26.689526559831993,1.5886617819020392,1998-06-01
MX-BCS,1998,7,28.665226222837006,12.08924111825934,1998-07-01
MX-BCS,1998,8,29.259375019324047,12.923187010939536,1998-08-01
MX-BCS,1998,9,27.042992378021896,16.812196304513765,1998-09-01
MX-BCS,1998,10,24.788894537512252,2.1345014911708966,1998-10-01
MX-BCS,1998,11,20.231494410149608,0.5613553095380139,1998-11-01
MX-BCS,1998,12,16.307135829564047,0.20004994096022335,1998-12-01
MX-BCS,1999,1,16.975483214534233,0.04170806697594398,1999-01-01
MX-BCS,1999,2,18.186635791172495,0.0664197040129965,1999-02-01
MX-BCS,1999,3,17.659994790215222,0.06955096778676338,1999-03-01
MX-BCS,1999,4,19.030012405038516,0.16306808239434578,1999-04-01
MX-BCS,1999,5,21.597482969771104,0.01639922955951033,1999-05-01
MX-BCS,1999,6,24.93563885425921,2.842082679189243,1999-06-01
MX-BCS,1999,7,27.067708976196453,7.8436551169347775,1999-07-01
MX-BCS,1999,8,28.193164275756743,10.209729051398234,1999-08-01
MX-BCS,1999,9,26.771496969497534,10.290344697185635,1999-09-01
MX-BCS,1999,10,25.77708751204707,0.35116991964791966,1999-10-01
MX-BCS,1999,11,21.391726537206374,0.03281718677652698,1999-11-01
MX-BCS,1999,12,16.935778161693957,0.041481882215122924,1999-12-01
MX-BCS,2000,1,17.831927077438376,0.08838213245621808,2000-01-01
MX-BCS,2000,2,18.017404275665143,0.19382454569857546,2000-02-01
MX-BCS,2000,3,17.893431380653297,1.5771700454436477,2000-03-01
MX-BCS,2000,4,21.31284696345104,0.013285149369090593,2000-04-01
MX-BCS,2000,5,22.50762219556394,0.06779580487248059,2000-05-01
MX-BCS,2000,6,26.259891066268633,1.797935734503635,2000-06-01
MX-BCS,2000,7,28.109096529632257,2.738812112008637,2000-07-01
MX-BCS,2000,8,28.502166483698694,6.769995535166062,2000-08-01
MX-BCS,2000,9,27.22788860818714,12.417318743164937,2000-09-01
MX-BCS,2000,10,22.820146484475647,11.196694515920365,2000-10-01
MX-BCS,2000,11,18.015486228240885,1.490906327989574,2000-11-01
MX-BCS,2000,12,18.110923880518744,0.4916601266592165,2000-12-01
MX-BCS,2001,1,15.594139528023797,0.9820294984623592,2001-01-01
MX-BCS,2001,2,16.682893832182103,0.5226269470299159,2001-02-01
MX-BCS,2001,3,17.37177901616763,1.1318127601449344,2001-03-01
MX-BCS,2001,4,19.833025222579796,0.8910823208546851,2001-04-01
MX-BCS,2001,5,22.784520087576652,0.35042234314399834,2001-05-01
MX-BCS,2001,6,26.313379271126017,0.5743107552111056,2001-06-01
MX-BCS,2001,7,28.282916259335643,4.235650251678098,2001-07-01
MX-BCS,2001,8,28.695861349736028,5.8923817884674685,2001-08-01
MX-BCS,2001,9,27.881484833924446,69.90016786575505,2001-09-01
MX-BCS,2001,10,24.08375512005828,1.9407928106658527,2001-10-01
MX-BCS,2001,11,20.860304594222967,0.39098171736222065,2001-11-01
MX-BCS,2001,12,16.27304685050584,0.2619977217327463,2001-12-01
MX-BCS,2002,1,16.30280979229419,0.7352532682452098,2002-01-01
MX-BCS,2002,2,17.63632274521238,5.289905928474133,2002-02-01
MX-BCS,2002,3,17.851594125371836,0.030421364411678295,2002-03-01
MX-BCS,2002,4,20.678939051398842,0.060552690380143145,2002-04-01
MX-BCS,2002,5,23.209155233184187,0.01847515168792572,2002-05-01
MX-BCS,2002,6,25.7024428625624,0.0163928057497803,2002-06-01
MX-BCS,2002,7,27.896604654489284,2.4332475099306015,2002-07-01
MX-BCS,2002,8,28.29033920909234,1.2057539590922621,2002-08-01
MX-BCS,2002,9,28.03018210063079,13.40129633779871,2002-09-01
MX-BCS,2002,10,22.46217744274803,1.209739390663403,2002-10-01
MX-BCS,2002,11,20.580257071058995,4.854607188798354,2002-11-01
MX-BCS,2002,12,16.338187468528417,5.166668538038152,2002-12-01
MX-BCS,2003,1,19.06413150335628,0.7544067025053581,2003-01-01
MX-BCS,2003,2,17.669391139926567,7.4905494773325065,2003-02-01
MX-BCS,2003,3,18.58668716575715,0.22350291339536196,2003-03-01
MX-BCS,2003,4,19.940527290288433,0.6177963513711661,2003-04-01
MX-BCS,2003,5,23.114433355616637,0.014009620759383204,2003-05-01
MX-BCS,2003,6,23.64860241586349,0.020565492483259035,2003-06-01
MX-BCS,2003,7,27.583101336153664,4.312247993042168,2003-07-01
MX-BCS,2003,8,28.241453627068772,23.686510060679336,2003-08-01
MX-BCS,2003,9,26.83036700648896,34.25441425243751,2003-09-01
MX-BCS,2003,10,24.92255359135827,4.666642007259859,2003-10-01
MX-BCS,2003,11,20.1735098310815,2.3138701606620518,2003-11-01
MX-BCS,2003,12,17.367560639626234,0.5201979627885541,2003-12-01
MX-BCS,2004,1,15.540106069555431,6.374426530907348,2004-01-01
MX-BCS,2004,2,15.727303575434503,2.08288877795994,2004-02-01
MX-BCS,2004,3,20.131528473084625,1.831737767122642,2004-03-01
MX-BCS,2004,4,20.332667092785833,0.7054392856526231,2004-04-01
MX-BCS,2004,5,23.713387776205014,0.024841861875513266,2004-05-01
MX-BCS,2004,6,25.585837059954883,0.043158803375014744,2004-06-01
MX-BCS,2004,7,28.004576342869747,4.370096152897105,2004-07-01
MX-BCS,2004,8,28.61936179443722,3.773338664000202,2004-08-01
MX-BCS,2004,9,27.17803332369782,20.509989725559556,2004-09-01
MX-BCS,2004,10,23.449459550479116,6.902671721016834,2004-10-01
MX-BCS,2004,11,18.890541069187176,2.3560505824802287,2004-11-01
MX-BCS,2004,12,17.35592655885666,5.503532944505227,2004-12-01
MX-BCS,2005,1,17.423468441690293,8.711414300106107,2005-01-01
MX-BCS,2005,2,16.87239468192574,11.070606406943268,2005-02-01
MX-BCS,2005,3,18.2971646339927,1.3118747737612086,2005-03-01
MX-BCS,2005,4,21.067632996397915,0.09162036310341379,2005-04-01
MX-BCS,2005,5,22.639047435887928,1.2953925598667289,2005-05-01
MX-BCS,2005,6,24.465736777120448,0.09554772124386786,2005-06-01
MX-BCS,2005,7,27.71478293871671,3.7516583016367084,2005-07-01
MX-BCS,2005,8,28.256767720503273,6.209710178253779,2005-08-01
MX-BCS,2005,9,28.946621577756762,3.5583251997930025,2005-09-01
MX-BCS,2005,10,23.9807001137409,3.617074078260369,2005-10-01
MX-BCS,2005,11,21.096137580633982,0.08141790751904444,2005-11-01
MX-BCS,2005,12,17.945775650527615,0.9446655608810857,2005-12-01
MX-BCS,2006,1,17.237301503168947,0.5810457893155967,2006-01-01
MX-BCS,2006,2,18.051891765410534,0.383317827451823,2006-02-01
MX-BCS,2006,3,17.729703969696747,0.08457321151326895,2006-03-01
MX-BCS,2006,4,21.02043416527958,0.005063675118455222,2006-04-01
MX-BCS,2006,5,22.611683058268962,0.04366902662491329,2006-05-01
MX-BCS,2006,6,26.579557065650103,2.192828084524001,2006-06-01
MX-BCS,2006,7,28.552619227567234,8.683750681830253,2006-07-01
MX-BCS,2006,8,28.48053553650845,8.520274797275201,2006-08-01
MX-BCS,2006,9,26.98624353653751,41.51192198231968,2006-09-01
MX-BCS,2006,10,24.47430706790337,14.688279496454394,2006-10-01
MX-BCS,2006,11,21.738698281296653,0.07737095664184064,2006-11-01
MX-BCS,2006,12,17.205976697990536,0.30202957019101656,2006-12-01
MX-BCS,2007,1,14.958457006417023,3.481026548607228,2007-01-01
MX-BCS,2007,2,16.98000983280863,0.3758689338589031,2007-02-01
MX-BCS,2007,3,19.482709886876314,0.32537484907317976,2007-03-01
MX-BCS,2007,4,19.915497639885142,0.03854714857872763,2007-04-01
MX-BCS,2007,5,22.187079828023645,0.03452078202584171,2007-05-01
MX-BCS,2007,6,25.8628960780669,0.3487961587668154,2007-06-01
MX-BCS,2007,7,27.40635713027293,3.2434771432048137,2007-07-01
MX-BCS,2007,8,28.240921143216045,7.1494046382050085,2007-08-01
MX-BCS,2007,9,27.60753414738076,16.8641497430876,2007-09-01
MX-BCS,2007,10,24.80956574807337,2.87750570907764,2007-10-01
MX-BCS,2007,11,20.851937965728748,6.1349880991564145,2007-11-01
MX-BCS,2007,12,15.790786007024117,7.027684012065299,2007-12-01
MX-BCS,2008,1,16.17621474660748,1.3071137425991064,2008-01-01
MX-BCS,2008,2,16.97245302607714,0.15446938651333694,2008-02-01
MX-BCS,2008,3,18.686731670961997,0.24311825233123466,2008-03-01
MX-BCS,2008,4,21.272087579193567,0.0060847399251493335,2008-04-01
MX-BCS,2008,5,21.972130800808976,0.195465367592284,2008-05-01
MX-BCS,2008,6,25.776429742255786,0.0759843445876189,2008-06-01
MX-BCS,2008,7,27.96106814700393,3.4612877069268415,2008-07-01
MX-BCS,2008,8,27.803169757735876,26.634664168784337,2008-08-01
MX-BCS,2008,9,27.598674077244194,19.272238140639693,2008-09-01
MX-BCS,2008,10,26.336792185935717,9.249726260259404,2008-10-01
MX-BCS,2008,11,21.8308222017372,4.906672008472512,2008-11-01
MX-BCS,2008,12,17.70083067554486,0.6594424347482986,2008-12-01
MX-BCS,2009,1,17.84797524670847,1.219634054151676,2009-01-01
MX-BCS,2009,2,18.477319896433357,0.18201929360770322,2009-02-01
MX-BCS,2009,3,19.41028987997967,0.8035082719174906,2009-03-01
MX-BCS,2009,4,20.094044764460246,0.10251196915446009,2009-04-01
MX-BCS,2009,5,24.012182302977497,0.21905786073416741,2009-05-01
MX-BCS,2009,6,25.25706758092121,2.0460320248174084,2009-06-01
MX-BCS,2009,7,29.17592525975564,2.313162279558514,2009-07-01
MX-BCS,2009,8,29.479811996630403,9.727501757216487,2009-08-01
MX-BCS,2009,9,28.063814720226194,34.32404858421776,2009-09-01
MX-BCS,2009,10,24.011700856331657,12.739101972935623,2009-10-01
MX-BCS,2009,11,20.786340314440487,0.582565206543606,2009-11-01
MX-BCS,2009,12,16.72325772148825,1.239613899297446,2009-12-01
MX-BCS,2010,1,17.420518148509835,3.502166040947363,2010-01-01
MX-BCS,2010,2,17.011932547024674,2.5939937746028505,2010-02-01
MX-BCS,2010,3,19.03744649354864,0.8497579629583641,2010-03-01
MX-BCS,2010,4,19.994531803398438,0.08953664733128044,2010-04-01
MX-BCS,2010,5,22.4285441965085,0.03056231235672577,2010-05-01
MX-BCS,2010,6,24.89112590628005,0.03521066616731573,2010-06-01
MX-BCS,2010,7,26.80922852145614,1.043231074948731,2010-07-01
MX-BCS,2010,8,29.08957439382588,9.261346148288427,2010-08-01
MX-BCS,2010,9,27.67392541894332,14.220607426565214,2010-09-01
MX-BCS,2010,10,23.209638670715087,0.8589778097185359,2010-10-01
MX-BCS,2010,11,19.606664887182617,0.02880520744401801,2010-11-01
MX-BCS,2010,12,17.731458625580988,0.3015516696226684,2010-12-01
MX-BCS,2011,1,16.45544758580332,0.2114836917800046,2011-01-01
MX-BCS,2011,2,15.941803490426027,0.051030185496420334,2011-02-01
MX-BCS,2011,3,19.56836073969603,0.0066804054067078275,2011-03-01
MX-BCS,2011,4,21.04780141785088,0.09286861791623692,2011-04-01
MX-BCS,2011,5,22.483576697181828,0.021547631377186276,2011-05-01
MX-BCS,2011,6,25.949472478764953,0.05149995354011559,2011-06-01
MX-BCS,2011,7,27.80320914793448,7.46541601990991,2011-07-01
MX-BCS,2011,8,28.949679887905177,5.155859242574564,2011-08-01
MX-BCS,2011,9,28.51410242576641,4.574025262156426,2011-09-01
MX-BCS,2011,10,25.439803077187886,0.29306799051161564,2011-10-01
MX-BCS,2011,11,19.522161198957534,10.428973436523155,2011-11-01
MX-BCS,2011,12,15.577661250478545,0.725799809389595,2011-12-01
MX-BCS,2012,1,17.945974085990706,0.038213100974904046,2012-01-01
MX-BCS,2012,2,16.397062062367038,3.740379924998539,2012-02-01
MX-BCS,2012,3,18.42248298904709,0.10746829588147265,2012-03-01
MX-BCS,2012,4,20.310366804427986,0.009235415464397899,2012-04-01
MX-BCS,2012,5,23.580596435715123,0.02392139911267734,2012-05-01
MX-BCS,2012,6,25.884771881405268,0.22587160425500194,2012-06-01
MX-BCS,2012,7,27.977727859229613,4.6988433835276595,2012-07-01
MX-BCS,2012,8,28.57824730671261,28.542002264792778,2012-08-01
MX-BCS,2012,9,27.927268202188387,29.951955094146182,2012-09-01
MX-BCS,2012,10,24.58272791417543,15.20145095984383,2012-10-01
MX-BCS,2012,11,21.64302977265003,0.07454723079267765,2012-11-01
MX-BCS,2012,12,17.803887879365714,2.4793978470214206,2012-12-01
MX-BCS,2013,1,15.730437089388248,1.8135751190026799,2013-01-01
MX-BCS,2013,2,16.345250364159103,0.12853216994781025,2013-02-01
MX-BCS,2013,3,20.21979673559707,0.02994541305043009,2013-03-01
MX-BCS,2013,4,20.361483095899352,0.032816148978712954,2013-04-01
MX-BCS,2013,5,22.72205993240513,0.17822993030564113,2013-05-01
MX-BCS,2013,6,26.019074083944155,0.43665417252701966,2013-06-01
MX-BCS,2013,7,27.742592154044782,3.2882137855253015,2013-07-01
MX-BCS,2013,8,28.570243753223995,19.856709069315205,2013-08-01
MX-BCS,2013,9,26.660408922621286,12.834760386670675,2013-09-01
MX-BCS,2013,10,23.80678842308551,19.274917542641926,2013-10-01
MX-BCS,2013,11,20.894357424869447,4.078677939364064,2013-11-01
MX-BCS,2013,12,17.47290816144575,1.6906227416807622,2013-12-01
MX-BCS,2014,1,18.79550119211019,0.4293636288744839,2014-01-01
MX-BCS,2014,2,19.117480356501385,0.015544219814054128,2014-02-01
MX-BCS,2014,3,20.118491412473897,0.12785141579026751,2014-03-01
MX-BCS,2014,4,21.762250493788315,0.024913815797756526,2014-04-01
MX-BCS,2014,5,24.83004534266363,0.13500086532796368,2014-05-01
MX-BCS,2014,6,28.06939980642246,0.48985135516054296,2014-06-01
MX-BCS,2014,7,29.022563401275292,12.767101293870702,2014-07-01
MX-BCS,2014,8,29.337694284136923,14.858698340596586,2014-08-01
MX-BCS,2014,9,27.582972801886807,54.329331276711955,2014-09-01
MX-BCS,2014,10,25.293291886974316,7.6961033278184265,2014-10-01
MX-BCS,2014,11,21.28264180868958,0.5677743184052558,2014-11-01
MX-BCS,2014,12,18.469827575636064,0.5007660323449692,2014-12-01
MX-BCS,2015,1,17.94272877422838,8.68998087045481,2015-01-01
MX-BCS,2015,2,19.568983902077452,4.36236606169052,2015-02-01
MX-BCS,2015,3,20.90209054908801,5.436434975574979,2015-03-01
MX-BCS,2015,4,21.57661116304497,3.2524315292632755,2015-04-01
MX-BCS,2015,5,21.98936702509685,0.3972977103433377,2015-05-01
MX-BCS,2015,6,26.658175603541274,13.42493630455042,2015-06-01
MX-BCS,2015,7,28.091518108951224,7.7137781106892955,2015-07-01
MX-BCS,2015,8,29.380565866384234,7.72064508316508,2015-08-01
MX-BCS,2015,9,28.47975762797903,30.913036683179282,2015-09-01
MX-BCS,2015,10,25.41779659534629,8.942967877588263,2015-10-01
MX-BCS,2015,11,21.516358714270662,1.44823893722735,2015-11-01
MX-BCS,2015,12,17.5812351611837,0.2964040816546071,2015-12-01
MX-BCS,2016,1,17.041945469730177,0.84507768992368415,2016-01-01
MX-BCS,2016,2,20.50210312852053,0.15864491055277086,2016-02-01
MX-BCS,2016,3,20.163339423285848,1.0132277796313915,2016-03-01
MX-BCS,2016,4,21.296087927678467,0.3263844601634274,2016-04-01
MX-BCS,2016,5,22.15424379163039,0.41812766666405854,2016-05-01
MX-BCS,2016,6,26.520961244256643,0.3931153278423378,2016-06-01
MX-BCS,2016,7,28.85627792768082,4.901627477150552,2016-07-01
MX-BCS,2016,8,27.877046368946175,9.44262633561339,2016-08-01
MX-BCS,2016,9,26.773308779782347,28.08684717292855,2016-09-01
MX-BCS,2016,10,26.38751083146446,1.0213039047435475,2016-10-01
MX-BCS,2016,11,22.016512461653654,0.4559672825936377,2016-11-01
MX-BCS,2016,12,17.7284892658662,6.429800730386157,2016-12-01
MX-BCS,2017,1,16.409527938324928,1.9886487338262437,2017-01-01
MX-BCS,2017,2,18.31462015449364,5.2376998043641345,2017-02-01
MX-BCS,2017,3,20.797624903858004,0.12860961056890852,2017-03-01
MX-BCS,2017,4,22.040928255228074,0.0564684218330399,2017-04-01
MX-BCS,2017,5,21.89671134964901,0.15484424173485448,2017-05-01
MX-BCS,2017,6,25.02273462741706,0.1818532482527275,2017-06-01
MX-BCS,2017,7,28.48075060571376,5.065009521042058,2017-07-01
MX-BCS,2017,8,29.387700254653726,13.164169998284834,2017-08-01
MX-BCS,2017,9,26.312544787268674,34.61204928175052,2017-09-01
MX-BCS,2017,10,26.468437639394477,0.8671080855565947,2017-10-01
MX-BCS,2017,11,23.08016473907026,0.2839621138653386,2017-11-01
MX-BCS,2017,12,19.071439202405145,1.4540958295851163,2017-12-01
MX-BCS,2018,1,18.854456882891697,0.1275763892632262,2018-01-01
MX-BCS,2018,2,18.266704372593807,5.768454947811631,2018-02-01
MX-BCS,2018,3,19.944688653523855,0.03335736178276254,2018-03-01
MX-BCS,2018,4,21.974188461309684,0.020986574160691416,2018-04-01
MX-BCS,2018,5,23.063153154611047,0.01619537680889136,2018-05-01
MX-BCS,2018,6,25.907191702211623,5.25560071826175,2018-06-01
MX-BCS,2018,7,28.915097406247646,3.426109730358922,2018-07-01
MX-BCS,2018,8,28.638379327189245,10.957773386680607,2018-08-01
MX-BCS,2018,9,28.25532784911409,19.15734665104076,2018-09-01
MX-BCS,2018,10,23.435377559234166,9.561849749581937,2018-10-01
MX-BCS,2018,11,20.30612726445795,0.2301921952750063,2018-11-01
MX-BCS,2018,12,17.55597672615991,3.549149173941953,2018-12-01
MX-BCS,2019,1,16.787831302624344,4.745596962949308,2019-01-01
MX-BCS,2019,2,16.4375721643189,1.279351898269458,2019-02-01
MX-BCS,2019,3,19.224609643772283,1.1722876729584417,2019-03-01
MX-BCS,2019,4,21.436931098291993,0.010736263622413172,2019-04-01
MX-BCS,2019,5,20.791913339065655,0.03409957419367897,2019-05-01
MX-BCS,2019,6,25.083828034582435,0.047513826382394514,2019-06-01
MX-BCS,2019,7,28.415982110874356,3.7860438840633117,2019-07-01
MX-BCS,2019,8,29.162517409829896,8.445083374970949,2019-08-01
MX-BCS,2019,9,27.31959664545534,11.396723193172367,2019-09-01
MX-BCS,2019,10,24.416454997545383,11.782670447917543,2019-10-01
MX-BCS,2019,11,21.30240662914449,23.873873042790105,2019-11-01
MX-BCS,2019,12,17.12334918716553,4.052282581221789,2019-12-01
MX-BCS,2020,1,16.681218089081785,1.4657299253646001,2020-01-01
MX-BCS,2020,2,17.62116326265287,2.4790100713960888,2020-02-01
MX-BCS,2020,3,18.087364504455902,11.647795488624658,2020-03-01
MX-BCS,2020,4,20.828940857494498,0.1937178864664849,2020-04-01
MX-BCS,2020,5,23.564571482558257,0.03144528616642675,2020-05-01
MX-BCS,2020,6,26.36650510235422,0.9595571289716113,2020-06-01
MX-BCS,2020,7,28.719786647139284,2.6978081300160017,2020-07-01
MX-BCS,2020,8,29.40372259555175,12.452239375906903,2020-08-01
MX-BCS,2020,9,29.02358307030437,5.826053594657697,2020-09-01
MX-BCS,2020,10,26.591311662510506,1.6026318300771067,2020-10-01
MX-BCS,2020,11,22.092982066450887,0.3396066162290476,2020-11-01
MX-BCS,2020,12,16.98471500290079,3.5945580890510525,2020-12-01
MX-BCS,2021,1,16.396212478542818,4.758747280803996,2021-01-01
MX-BCS,2021,2,17.516696491595802,0.055715145372473046,2021-02-01
MX-BCS,2021,3,18.143651941378042,0.01097606003196799,2021-03-01
MX-BCS,2021,4,21.603224513661562,0.014503518347110023,2021-04-01
MX-BCS,2021,5,22.840358377313887,0.05388212069045249,2021-05-01
MX-BCS,2021,6,25.93889257043987,2.025015977043873,2021-06-01
MX-BCS,2021,7,27.669506474173705,5.6452344943547565,2021-07-01
MX-BCS,2021,8,28.602513371801592,16.793670350182367,2021-08-01
MX-BCS,2021,9,27.312343574909487,15.89329812199881,2021-09-01
MX-BCS,2021,10,24.31522206714903,2.2469389691481454,2021-10-01
MX-BCS,2021,11,21.98551494779625,1.2507538047368516,2021-11-01
MX-BCS,2021,12,18.423175614756335,9.382938564816321,2021-12-01
MX-BCS,2022,1,18.038585540149295,0.16579616587632737,2022-01-01
MX-BCS,2022,2,17.015539454712677,0.16659567746196702,2022-02-01
MX-BCS,2022,3,19.156962702279134,0.04281776194769928,2022-03-01
MX-BCS,2022,4,21.30348322821304,0.032161219901034786,2022-04-01
MX-BCS,2022,5,22.62881721896518,0.023243123335179788,2022-05-01
MX-BCS,2022,6,26.238915657849045,2.0574019089511872,2022-06-01
MX-BCS,2022,7,28.28319717014024,2.8517322401018257,2022-07-01
MX-BCS,2022,8,28.32916662348064,10.855556230039458,2022-08-01
MX-BCS,2022,9,26.679235283379963,52.04156868405453,2022-09-01
MX-BCS,2022,10,23.234191717284727,0.9728555255819132,2022-10-01
MX-BCS,2022,11,18.516495185923866,0.13613312934187924,2022-11-01
MX-BCS,2022,12,17.374051172122247,1.7977798133015597,2022-12-01
MX-BCS,2023,1,15.66758922446373,0.9941026406096994,2023-01-01
MX-BCS,2023,2,15.590631750553415,2.7443879733499275,2023-02-01
MX-BCS,2023,3,18.27511078707001,0.5478288640329249,2023-03-01
MX-BCS,2023,4,20.197327669278593,0.023236516816485368,2023-04-01
MX-BCS,2023,5,20.76754993033542,0.06141664570515378,2023-05-01
MX-BCS,2023,6,25.497221293641555,0.08973503387022992,2023-06-01
MX-BCS,2023,7,29.27591346728491,3.0612904155976173,2023-07-01
MX-BCS,2023,8,29.633733335842386,19.535334333969505,2023-08-01
MX-BCS,2023,9,28.571461462506537,3.1961163185760446,2023-09-01
MX-BCS,2023,10,25.34271999802244,9.53360198398504,2023-10-01
MX-BCS,2023,11,22.046617189437185,2.3702876583938646,2023-11-01
MX-BCS,2023,12,18.839678053871136,0.17281355046254884,2023-12-01
MX-BCS,2024,1,16.733300040298225,0.41795161689338156,2024-01-01
MX-BCS,2024,2,17.335684962050994,1.1172753782900793,2024-02-01
MX-BCS,2024,3,18.193495320703416,0.5067896246488242,2024-03-01
MX-BCS,2024,4,20.32992172264154,0.10445051382094951,2024-04-01
MX-BCS,2024,5,22.74628502107745,0.008371852684049977,2024-05-01
MX-BCS,2024,6,25.303009898791824,1.1220853011622118,2024-06-01
MX-BCS,2024,7,28.329859908386855,2.842583324398276,2024-07-01
MX-BCS,2024,8,29.54134841095689,5.3085594855368905,2024-08-01
MX-BCS,2024,9,27.66309472006048,3.6090838534109815,2024-09-01
MX-BCS,2024,10,26.2589060169203,0.34046103385929,2024-10-01
MX-BCS,2024,11,19.51773662779036,0.1411727894370682,2024-11-01
MX-BCS,2024,12,18.875313188449837,0.04042031093981189,2024-12-01
MX-BCS,2025,1,15.766071649525061,0.18990653293280751,2025-01-01
MX-BCS,2025,2,18.466705401610888,0.01093560056102955,2025-02-01
MX-BCS,2025,3,18.58154555624547,0.05198268238588008,2025-03-01
MX-BCS,2025,4,20.605744351796073,0.020190433829666753,2025-04-01
MX-BCS,2025,5,22.485184366457393,0.3228659521596494,2025-05-01
MX-BCS,2025,6,25.685042013328392,1.4291087579148547,2025-06-01
MX-BCS,2025,7,27.586765184329447,3.02782553536674,2025-07-01
MX-BCS,2025,8,29.292545044623004,11.518341752137346,2025-08-01
MX-BCS,2025,9,28.167677198629296,31.834630961527612,2025-09-01
MX-BCS,2025,10,25.33845292001922,3.9154029574952807,2025-10-01
MX-BCS,2025,11,21.943283891090907,0.42069968072398595,2025-11-01
MX-BCS,2025,12,20.616744850930576,6.2492940477394585,2025-12-01
MX-CAM,1990,1,24.421726936494554,8.66698593332145,1990-01-01
MX-CAM,1990,2,25.373523840773203,6.071634450012944,1990-02-01
MX-CAM,1990,3,25.704514056819583,18.342889432876156,1990-03-01
MX-CAM,1990,4,27.76820538376811,17.39723150591833,1990-04-01
MX-CAM,1990,5,29.38246520841604,29.000037686653922,1990-05-01
MX-CAM,1990,6,28.19240680063384,36.8275076290477,1990-06-01
MX-CAM,1990,7,28.160760469345295,29.102048647760526,1990-07-01
MX-CAM,1990,8,27.956452809965434,39.716196054306835,1990-08-01
MX-CAM,1990,9,27.178840920662477,53.7355449868321,1990-09-01
MX-CAM,1990,10,26.50099992127705,21.980082818748517,1990-10-01
MX-CAM,1990,11,25.176454062260746,19.93876420726472,1990-11-01
MX-CAM,1990,12,23.830660858865976,16.15528007634497,1990-12-01
MX-CAM,1991,1,25.06767282597783,10.910285086997568,1991-01-01
MX-CAM,1991,2,24.943282489000207,5.799895589070533,1991-02-01
MX-CAM,1991,3,27.87154328072502,1.2543946938148813,1991-03-01
MX-CAM,1991,4,29.67296995758802,4.744187575428731,1991-04-01
MX-CAM,1991,5,29.271143404237087,26.179021789456343,1991-05-01
MX-CAM,1991,6,29.142914850862876,23.314840464134072,1991-06-01
MX-CAM,1991,7,28.450345125804137,27.58928816471824,1991-07-01
MX-CAM,1991,8,28.373012564308752,31.310391655424063,1991-08-01
MX-CAM,1991,9,26.810800725743558,57.552669658097514,1991-09-01
MX-CAM,1991,10,25.87330739898501,33.026881959500244,1991-10-01
MX-CAM,1991,11,24.06846866960691,17.138712115237755,1991-11-01
MX-CAM,1991,12,23.51661950988614,38.67773532149375,1991-12-01
MX-CAM,1992,1,23.30455705009876,9.122121268192732,1992-01-01
MX-CAM,1992,2,23.9193389749437,3.7571033127004014,1992-02-01
MX-CAM,1992,3,26.793921464207326,9.095191286123503,1992-03-01
MX-CAM,1992,4,27.682671784634575,20.44958970094671,1992-04-01
MX-CAM,1992,5,28.08912458583615,12.36756286590909,1992-05-01
MX-CAM,1992,6,28.78036627440883,50.98910472270288,1992-06-01
MX-CAM,1992,7,27.887575118198736,26.896405255333026,1992-07-01
MX-CAM,1992,8,28.121069832908283,40.176673970174676,1992-08-01
MX-CAM,1992,9,27.270658189502676,50.316792092435854,1992-09-01
MX-CAM,1992,10,25.918376453559905,39.908337373074254,1992-10-01
MX-CAM,1992,11,25.651895567806424,32.60411914198383,1992-11-01
MX-CAM,1992,12,24.667715508598704,4.683861854937473,1992-12-01
MX-CAM,1993,1,24.818453048018505,13.386400457029273,1993-01-01
MX-CAM,1993,2,25.28246955670227,1.7143772451725334,1993-02-01
MX-CAM,1993,3,26.009004707798482,14.883688001868169,1993-03-01
MX-CAM,1993,4,28.44855874540565,15.034728512793448,1993-04-01
MX-CAM,1993,5,28.776226695891946,26.249988213424317,1993-05-01
MX-CAM,1993,6,28.191334604737172,51.56536657338614,1993-06-01
MX-CAM,1993,7,28.673376079008655,22.54026994372654,1993-07-01
MX-CAM,1993,8,28.45386757664904,28.613581235164595,1993-08-01
MX-CAM,1993,9,27.11902213773961,64.61863324728152,1993-09-01
MX-CAM,1993,10,26.389042687608253,37.58576609356651,1993-10-01
MX-CAM,1993,11,25.558940407290248,8.061450874516702,1993-11-01
MX-CAM,1993,12,24.67114013997578,6.884183909596522,1993-12-01
MX-CAM,1994,1,23.734220227548494,17.743685837873198,1994-01-01
MX-CAM,1994,2,26.075850194198463,8.470127584858185,1994-02-01
MX-CAM,1994,3,27.00703953995622,6.075210794757303,1994-03-01
MX-CAM,1994,4,28.994532808724305,8.737778538172648,1994-04-01
MX-CAM,1994,5,30.203738717986834,9.625845847504658,1994-05-01
MX-CAM,1994,6,28.49524068198922,38.69841811285312,1994-06-01
MX-CAM,1994,7,29.049867528866272,18.11477198291372,1994-07-01
MX-CAM,1994,8,28.369967620810367,49.5643500345555,1994-08-01
MX-CAM,1994,9,26.87835875267157,50.93760710981039,1994-09-01
MX-CAM,1994,10,27.775607245247294,20.538868756480404,1994-10-01
MX-CAM,1994,11,26.158423215499496,11.59873186775362,1994-11-01
MX-CAM,1994,12,25.039543030011153,4.8025939970317095,1994-12-01
MX-CAM,1995,1,25.089927715576714,5.174550174874716,1995-01-01
MX-CAM,1995,2,25.661325216035863,1.0766942605361174,1995-02-01
MX-CAM,1995,3,27.357952002202925,6.196267761968833,1995-03-01
MX-CAM,1995,4,29.34577865424535,15.523369683893177,1995-04-01
MX-CAM,1995,5,31.34008326058688,6.0996339079399,1995-05-01
MX-CAM,1995,6,28.92411780141133,45.53776220023569,1995-06-01
MX-CAM,1995,7,28.408019447066657,36.37433641443912,1995-07-01
MX-CAM,1995,8,28.305736168485836,50.408179689429055,1995-08-01
MX-CAM,1995,9,26.935536113164154,88.29587976529675,1995-09-01
MX-CAM,1995,10,25.355603801772187,98.72450205742743,1995-10-01
MX-CAM,1995,11,25.22917418996294,7.096583801541781,1995-11-01
MX-CAM,1995,12,24.14008696053869,13.072156312079347,1995-12-01
MX-CAM,1996,1,22.820508542202205,4.38619238327991,1996-01-01
MX-CAM,1996,2,24.88712651881847,1.2277384026374758,1996-02-01
MX-CAM,1996,3,25.52996672448256,5.4545159806226895,1996-03-01
MX-CAM,1996,4,28.220150568732432,14.227897679582508,1996-04-01
MX-CAM,1996,5,29.013444785756814,22.074736109986123,1996-05-01
MX-CAM,1996,6,28.515144268848804,41.84997035624708,1996-06-01
MX-CAM,1996,7,28.24510733351865,39.700493493724295,1996-07-01
MX-CAM,1996,8,27.641829206276665,62.00181738721437,1996-08-01
MX-CAM,1996,9,28.990090968199624,21.14396145158761,1996-09-01
MX-CAM,1996,10,26.876819796111082,31.631408776600278,1996-10-01
MX-CAM,1996,11,25.391729793601613,12.48209751330367,1996-11-01
MX-CAM,1996,12,24.827671580205788,10.276978191065904,1996-12-01
MX-CAM,1997,1,24.302262513445537,14.353658990369743,1997-01-01
MX-CAM,1997,2,25.76640264263307,11.236285383161231,1997-02-01
MX-CAM,1997,3,28.117162606260447,5.121884480020483,1997-03-01
MX-CAM,1997,4,29.152650464466493,19.775984533964184,1997-04-01
MX-CAM,1997,5,30.169162838240403,8.679280625591353,1997-05-01
MX-CAM,1997,6,29.051787337753357,34.88798061451694,1997-06-01
MX-CAM,1997,7,28.868928387678075,22.222329854254777,1997-07-01
MX-CAM,1997,8,28.886784988010888,32.50451421019526,1997-08-01
MX-CAM,1997,9,27.19648805518168,65.42757109375609,1997-09-01
MX-CAM,1997,10,26.345716633105535,32.67335921883636,1997-10-01
MX-CAM,1997,11,25.9654107666635,32.21828903656876,1997-11-01
MX-CAM,1997,12,23.70858188450787,10.73177198664407,1997-12-01
MX-CAM,1998,1,24.629921572893224,8.568401950875668,1998-01-01
MX-CAM,1998,2,25.797826677760334,3.1069434403051948,1998-02-01
MX-CAM,1998,3,26.51957781545639,2.466271938360136,1998-03-01
MX-CAM,1998,4,29.015330374192292,8.905298637081632,1998-04-01
MX-CAM,1998,5,30.173379800512162,19.363919494050684,1998-05-01
MX-CAM,1998,6,30.328249288564976,24.627210263248877,1998-06-01
MX-CAM,1998,7,28.620409751816595,41.71024114811723,1998-07-01
MX-CAM,1998,8,28.765983000286994,57.39676712269357,1998-08-01
MX-CAM,1998,9,27.919632459468243,69.29722718445562,1998-09-01
MX-CAM,1998,10,26.87936893704618,38.46754095430785,1998-10-01
MX-CAM,1998,11,25.291759417119305,27.80008470431586,1998-11-01
MX-CAM,1998,12,24.249495754520343,5.898936369241174,1998-12-01
MX-CAM,1999,1,24.155511917226505,5.769931915797957,1999-01-01
MX-CAM,1999,2,25.332273614997405,2.8323931135413405,1999-02-01
MX-CAM,1999,3,27.02998037909311,6.126862208182368,1999-03-01
MX-CAM,1999,4,29.354502810831285,6.875097207568282,1999-04-01
MX-CAM,1999,5,30.311174928480202,14.220123725862932,1999-05-01
MX-CAM,1999,6,27.6985451961202,59.97330003946091,1999-06-01
MX-CAM,1999,7,27.271209780203325,45.59572444737227,1999-07-01
MX-CAM,1999,8,28.45929634393824,44.22705891545746,1999-08-01
MX-CAM,1999,9,27.169782251473816,64.70287438551489,1999-09-01
MX-CAM,1999,10,25.1260094189678,63.892112963607275,1999-10-01
MX-CAM,1999,11,22.807556847637564,19.42369216658647,1999-11-01
MX-CAM,1999,12,22.76890497609169,14.536854332443495,1999-12-01
MX-CAM,2000,1,23.30165777183562,2.8694418728941264,2000-01-01
MX-CAM,2000,2,24.858844676653156,1.4970621293081332,2000-02-01
MX-CAM,2000,3,27.585620320076366,1.6862150326231142,2000-03-01
MX-CAM,2000,4,28.736788468269143,3.705995482699668,2000-04-01
MX-CAM,2000,5,29.144533354638988,24.467099343263584,2000-05-01
MX-CAM,2000,6,27.782523469104376,35.43510873888411,2000-06-01
MX-CAM,2000,7,29.240290371435172,11.646024562289918,2000-07-01
MX-CAM,2000,8,27.4911726319043,50.10275746157606,2000-08-01
MX-CAM,2000,9,27.088224828978657,67.84226754668096,2000-09-01
MX-CAM,2000,10,25.64866298565904,57.19837322377283,2000-10-01
MX-CAM,2000,11,25.921890506131,17.942812035742627,2000-11-01
MX-CAM,2000,12,23.444956918881612,5.617690790763565,2000-12-01
MX-CAM,2001,1,23.053852981272176,2.678905153614849,2001-01-01
MX-CAM,2001,2,26.34497815038939,5.6632167946287275,2001-02-01
MX-CAM,2001,3,26.918197387632755,4.339238875020339,2001-03-01
MX-CAM,2001,4,28.42800417963013,12.320765484230188,2001-04-01
MX-CAM,2001,5,27.922403927382984,43.15809085791943,2001-05-01
MX-CAM,2001,6,28.3422184257502,33.035507758376,2001-06-01
MX-CAM,2001,7,28.63719192424476,28.47006801048604,2001-07-01
MX-CAM,2001,8,28.201063509825687,48.858351872570076,2001-08-01
MX-CAM,2001,9,27.875763652514554,46.490859601889795,2001-09-01
MX-CAM,2001,10,26.952968177024044,31.943233820087855,2001-10-01
MX-CAM,2001,11,25.341939410260178,12.483301617837597,2001-11-01
MX-CAM,2001,12,24.939897773666885,21.599154476405506,2001-12-01
MX-CAM,2002,1,24.181304346845117,5.535361064163465,2002-01-01
MX-CAM,2002,2,24.55096544962301,16.399894741921763,2002-02-01
MX-CAM,2002,3,27.10101762013464,5.941845022845322,2002-03-01
MX-CAM,2002,4,29.63633372723607,1.4195476282453166,2002-04-01
MX-CAM,2002,5,29.73888270601453,22.95414891918962,2002-05-01
MX-CAM,2002,6,28.038700491047198,61.17018539102138,2002-06-01
MX-CAM,2002,7,29.260510747141947,21.714975391792873,2002-07-01
MX-CAM,2002,8,29.403241961463994,21.50102834122328,2002-08-01
MX-CAM,2002,9,27.269549203318867,123.66372244601115,2002-09-01
MX-CAM,2002,10,26.891096935591303,22.654778149879387,2002-10-01
MX-CAM,2002,11,25.34009149839783,8.238149476033573,2002-11-01
MX-CAM,2002,12,24.187122847586014,8.140404373119278,2002-12-01
MX-CAM,2003,1,21.93658354783409,7.678582529330512,2003-01-01
MX-CAM,2003,2,26.594397437531786,2.786962646582384,2003-02-01
MX-CAM,2003,3,28.65344643115395,9.946774242397424,2003-03-01
MX-CAM,2003,4,28.080171805799363,5.8712293064556365,2003-04-01
MX-CAM,2003,5,30.53985054893285,14.793628626516886,2003-05-01
MX-CAM,2003,6,29.20342953519101,52.2691157571898,2003-06-01
MX-CAM,2003,7,28.70121980306574,20.512636175003024,2003-07-01
MX-CAM,2003,8,29.058892660069517,30.22980408621759,2003-08-01
MX-CAM,2003,9,28.659520274754186,37.26921421172261,2003-09-01
MX-CAM,2003,10,27.30417402295586,33.31026530040463,2003-10-01
MX-CAM,2003,11,25.460656311571377,28.745124307396214,2003-11-01
MX-CAM,2003,12,22.498515962082173,9.441827556431937,2003-12-01
MX-CAM,2004,1,24.50072167503537,2.3314842924195043,2004-01-01
MX-CAM,2004,2,25.318300097908534,4.905316239595351,2004-02-01
MX-CAM,2004,3,27.373665954307356,3.0878570567473815,2004-03-01
MX-CAM,2004,4,28.156515512846546,14.822545796942274,2004-04-01
MX-CAM,2004,5,27.886633602497795,49.33335135186317,2004-05-01
MX-CAM,2004,6,29.414956781078107,21.290291235987116,2004-06-01
MX-CAM,2004,7,28.931557873936512,26.2591780167766,2004-07-01
MX-CAM,2004,8,29.396807935414994,30.295458497686568,2004-08-01
MX-CAM,2004,9,27.84624392656589,48.94887119208518,2004-09-01
MX-CAM,2004,10,27.189809688491167,33.124982540191745,2004-10-01
MX-CAM,2004,11,25.997794248192978,9.43196048507557,2004-11-01
MX-CAM,2004,12,24.377309405188367,3.7726324351117544,2004-12-01
MX-CAM,2005,1,24.280802312614167,1.4413941024685333,2005-01-01
MX-CAM,2005,2,25.9389444339895,1.5851756514814888,2005-02-01
MX-CAM,2005,3,28.423428885010633,4.683532455055882,2005-03-01
MX-CAM,2005,4,28.774962351950148,11.235928461228863,2005-04-01
MX-CAM,2005,5,29.94344171777645,16.771123920337807,2005-05-01
MX-CAM,2005,6,28.98713910445232,48.16996766921669,2005-06-01
MX-CAM,2005,7,28.88987968047503,34.97480808778198,2005-07-01
MX-CAM,2005,8,28.485166131502,50.503020677136114,2005-08-01
MX-CAM,2005,9,27.801502166128845,56.46662912946064,2005-09-01
MX-CAM,2005,10,25.645523323071526,48.64669934608784,2005-10-01
MX-CAM,2005,11,25.04696514423134,12.71484667195377,2005-11-01
MX-CAM,2005,12,24.708870173145574,7.996983952999183,2005-12-01
MX-CAM,2006,1,24.231649457908773,10.438134624648256,2006-01-01
MX-CAM,2006,2,24.60978863127496,3.3998473139788583,2006-02-01
MX-CAM,2006,3,27.37857154289133,3.0867546829700827,2006-03-01
MX-CAM,2006,4,29.336220890227242,1.6486512697859954,2006-04-01
MX-CAM,2006,5,28.97652465514612,27.832016697448704,2006-05-01
MX-CAM,2006,6,27.693789049045357,65.49359397179953,2006-06-01
MX-CAM,2006,7,28.304616892970706,35.70954048757752,2006-07-01
MX-CAM,2006,8,28.680112853271932,44.30764825991584,2006-08-01
MX-CAM,2006,9,28.454591635708358,46.05044366081449,2006-09-01
MX-CAM,2006,10,27.50020404788208,41.87081964556704,2006-10-01
MX-CAM,2006,11,24.674415923112726,22.65928278519505,2006-11-01
MX-CAM,2006,12,24.155457933708583,21.187820005078454,2006-12-01
MX-CAM,2007,1,24.84638570230873,9.77247995925542,2007-01-01
MX-CAM,2007,2,25.38909775435286,11.789254361172935,2007-02-01
MX-CAM,2007,3,27.124212841925765,3.9354259407710566,2007-03-01
MX-CAM,2007,4,29.155670748514602,2.8338983937545286,2007-04-01
MX-CAM,2007,5,29.856305861375866,13.982371435595411,2007-05-01
MX-CAM,2007,6,29.08340203342358,27.432847482239193,2007-06-01
MX-CAM,2007,7,29.778729184710134,14.48904944196475,2007-07-01
MX-CAM,2007,8,28.137524557522127,77.88128224957646,2007-08-01
MX-CAM,2007,9,27.446283051546843,47.11905844881731,2007-09-01
MX-CAM,2007,10,25.879297661812725,69.54310845065147,2007-10-01
MX-CAM,2007,11,24.211751823109594,14.178921061994323,2007-11-01
MX-CAM,2007,12,24.579930970038554,2.0311822647035536,2007-12-01
MX-CAM,2008,1,24.674784917662905,4.879231472284287,2008-01-01
MX-CAM,2008,2,26.252768339968817,11.77121121160838,2008-02-01
MX-CAM,2008,3,26.244624486247933,11.306059554684586,2008-03-01
MX-CAM,2008,4,28.44414248760075,6.910117568947693,2008-04-01
MX-CAM,2008,5,30.06550639488371,22.425928447614375,2008-05-01
MX-CAM,2008,6,27.13378875836103,68.3760911165088,2008-06-01
MX-CAM,2008,7,28.360851527490013,23.264850739229594,2008-07-01
MX-CAM,2008,8,29.26221851367278,25.529482975593897,2008-08-01
MX-CAM,2008,9,27.626729262594367,78.75153612442529,2008-09-01
MX-CAM,2008,10,25.24719700225265,57.32367960415846,2008-10-01
MX-CAM,2008,11,23.37668376728938,1.286978117368119,2008-11-01
MX-CAM,2008,12,23.915991116230483,3.803195426490422,2008-12-01
MX-CAM,2009,1,23.494206249886496,9.280289976960105,2009-01-01
MX-CAM,2009,2,24.972122077886045,1.4174297456013065,2009-02-01
MX-CAM,2009,3,26.15954521110846,1.9045636001226103,2009-03-01
MX-CAM,2009,4,28.682029416366436,3.7581402724403477,2009-04-01
MX-CAM,2009,5,30.059233515601765,6.1602260944610405,2009-05-01
MX-CAM,2009,6,29.481317612793593,37.13003312433624,2009-06-01
MX-CAM,2009,7,29.692115514445206,21.30909494409173,2009-07-01
MX-CAM,2009,8,29.26164541039053,36.61028821262615,2009-08-01
MX-CAM,2009,9,28.836323585239587,44.69159929913653,2009-09-01
MX-CAM,2009,10,28.958698980612386,14.749864554678865,2009-10-01
MX-CAM,2009,11,24.517152492530354,39.85027945283218,2009-11-01
MX-CAM,2009,12,24.955972271720594,13.045643573333525,2009-12-01
MX-CAM,2010,1,22.890981681663202,14.209790675985374,2010-01-01
MX-CAM,2010,2,23.525877217150562,3.9398545064959647,2010-02-01
MX-CAM,2010,3,25.134654037909275,3.558488697746735,2010-03-01
MX-CAM,2010,4,29.08115312879319,15.706474273894447,2010-04-01
MX-CAM,2010,5,30.170847261771673,18.586371812710773,2010-05-01
MX-CAM,2010,6,30.17759869583819,64.27625223568872,2010-06-01
MX-CAM,2010,7,28.20440554878906,52.56693545136864,2010-07-01
MX-CAM,2010,8,28.704745524437925,56.503064800002605,2010-08-01
MX-CAM,2010,9,27.78133748452653,77.2864817564914,2010-09-01
MX-CAM,2010,10,26.21260573514733,14.412842853348746,2010-10-01
MX-CAM,2010,11,25.24447951620288,12.92570723121474,2010-11-01
MX-CAM,2010,12,22.62286847572531,1.6397090159279415,2010-12-01
MX-CAM,2011,1,24.354102987418383,10.608190024995773,2011-01-01
MX-CAM,2011,2,25.2929995950395,9.911264709490004,2011-02-01
MX-CAM,2011,3,27.629326505635536,4.383816408036745,2011-03-01
MX-CAM,2011,4,30.218474937659842,2.912095306602515,2011-04-01
MX-CAM,2011,5,31.15263524428352,1.7789261024576466,2011-05-01
MX-CAM,2011,6,28.86981498617971,54.03657992776418,2011-06-01
MX-CAM,2011,7,28.19279767380559,45.13147126321979,2011-07-01
MX-CAM,2011,8,29.11873715189906,61.023453014902486,2011-08-01
MX-CAM,2011,9,27.42666828607928,63.03754755926021,2011-09-01
MX-CAM,2011,10,25.418482192289005,55.651403013917616,2011-10-01
MX-CAM,2011,11,25.27191920552191,10.010314960815807,2011-11-01
MX-CAM,2011,12,24.42515998527569,4.819493656359328,2011-12-01
MX-CAM,2012,1,25.010205307161122,9.33767319385817,2012-01-01
MX-CAM,2012,2,26.1407972482407,8.185567062324496,2012-02-01
MX-CAM,2012,3,27.76230192604014,3.2520820203990475,2012-03-01
MX-CAM,2012,4,28.53995819305639,11.642847164972418,2012-04-01
MX-CAM,2012,5,29.295105656670106,42.95427504484468,2012-05-01
MX-CAM,2012,6,27.691933036790374,67.31555855327956,2012-06-01
MX-CAM,2012,7,28.16083315421776,28.05761708032027,2012-07-01
MX-CAM,2012,8,28.39015156189252,65.26978259850861,2012-08-01
MX-CAM,2012,9,28.455163395525883,29.587777037597238,2012-09-01
MX-CAM,2012,10,26.773001201319143,33.218626763359055,2012-10-01
MX-CAM,2012,11,24.943121026416655,1.1722134052111852,2012-11-01
MX-CAM,2012,12,25.516650636457637,2.543688856023692,2012-12-01
MX-CAM,2013,1,24.647401458920175,21.02060127042851,2013-01-01
MX-CAM,2013,2,26.297789542205432,3.313836522709309,2013-02-01
MX-CAM,2013,3,25.68990537885761,2.6063680610450097,2013-03-01
MX-CAM,2013,4,29.351032316922154,6.323786016599622,2013-04-01
MX-CAM,2013,5,29.40896991865271,22.42862905757837,2013-05-01
MX-CAM,2013,6,27.816422745258638,65.85416787702951,2013-06-01
MX-CAM,2013,7,27.902510219549068,44.87274152328458,2013-07-01
MX-CAM,2013,8,27.85193559485609,53.772417023770124,2013-08-01
MX-CAM,2013,9,26.968976013028335,77.67624846604946,2013-09-01
MX-CAM,2013,10,27.036819481915767,57.446424189139194,2013-10-01
MX-CAM,2013,11,24.98657809393739,39.05630641679025,2013-11-01
MX-CAM,2013,12,24.83206905925759,14.653696794707544,2013-12-01
MX-CAM,2014,1,22.563000482037737,17.107217827536335,2014-01-01
MX-CAM,2014,2,26.090827041061118,5.349009342637315,2014-02-01
MX-CAM,2014,3,28.223692860584944,5.107034904736403,2014-03-01
MX-CAM,2014,4,29.584328779787803,9.111621134673982,2014-04-01
MX-CAM,2014,5,27.96242527721242,49.04530297330451,2014-05-01
MX-CAM,2014,6,28.257631030462854,46.36428804250879,2014-06-01
MX-CAM,2014,7,29.720907580612256,14.47650311858532,2014-07-01
MX-CAM,2014,8,29.34424831235309,25.403435133132106,2014-08-01
MX-CAM,2014,9,27.23695720347007,65.58002185560795,2014-09-01
MX-CAM,2014,10,26.722153018980663,47.2475220097125,2014-10-01
MX-CAM,2014,11,24.21316487446217,10.769692554164958,2014-11-01
MX-CAM,2014,12,24.169631180233775,4.060573448328669,2014-12-01
MX-CAM,2015,1,23.91537040663034,5.404354844198215,2015-01-01
MX-CAM,2015,2,24.375492768332894,4.13395945451409,2015-02-01
MX-CAM,2015,3,27.521308545576968,8.104053178934896,2015-03-01
MX-CAM,2015,4,30.07035785514068,5.877030849918169,2015-04-01
MX-CAM,2015,5,29.84354123429057,5.231473916480153,2015-05-01
MX-CAM,2015,6,28.49479944803395,34.11064138779776,2015-06-01
MX-CAM,2015,7,29.72528471669195,12.970996695876709,2015-07-01
MX-CAM,2015,8,29.5444753830482,24.630675387483986,2015-08-01
MX-CAM,2015,9,28.733414603087258,38.8270884399961,2015-09-01
MX-CAM,2015,10,27.245506040704008,45.72817414712345,2015-10-01
MX-CAM,2015,11,26.642922851566354,24.41270954007492,2015-11-01
MX-CAM,2015,12,26.323257578237367,13.165288852437941,2015-12-01
MX-CAM,2016,1,23.69916328538413,8.627912757177493,2016-01-01
MX-CAM,2016,2,23.278222941808306,9.183227479120346,2016-02-01
MX-CAM,2016,3,27.36100595163235,12.891962879384103,2016-03-01
MX-CAM,2016,4,29.30476977556967,6.52517976193592,2016-04-01
MX-CAM,2016,5,30.79732768176932,3.246769269950615,2016-05-01
MX-CAM,2016,6,28.77106451706355,43.34027990281773,2016-06-01
MX-CAM,2016,7,29.429713612993275,18.672689816790992,2016-07-01
MX-CAM,2016,8,28.721501436365397,41.65482655202785,2016-08-01
MX-CAM,2016,9,28.12804652133841,46.598821323081665,2016-09-01
MX-CAM,2016,10,27.437030024784924,19.130178119832614,2016-10-01
MX-CAM,2016,11,26.185537679133557,14.849421268646187,2016-11-01
MX-CAM,2016,12,26.544762889565714,5.432861750855504,2016-12-01
MX-CAM,2017,1,25.044817747820154,3.546887503177412,2017-01-01
MX-CAM,2017,2,26.70847852356987,1.4270478169848944,2017-02-01
MX-CAM,2017,3,27.28162487194084,1.9318894314137665,2017-03-01
MX-CAM,2017,4,29.125028800146257,12.079143096996493,2017-04-01
MX-CAM,2017,5,30.025530384689787,11.004138451350485,2017-05-01
MX-CAM,2017,6,28.047236793869153,64.56600949738652,2017-06-01
MX-CAM,2017,7,28.52249534330212,28.199228286207056,2017-07-01
MX-CAM,2017,8,28.57789308694432,42.6456225933818,2017-08-01
MX-CAM,2017,9,28.1096303957266,57.376576650859256,2017-09-01
MX-CAM,2017,10,25.96333982153478,46.22218652964704,2017-10-01
MX-CAM,2017,11,24.681950210859206,9.544378343592102,2017-11-01
MX-CAM,2017,12,24.039314425848563,6.365355409641204,2017-12-01
MX-CAM,2018,1,22.3119752231078,18.90293053224825,2018-01-01
MX-CAM,2018,2,25.986308684844378,3.0920898605630525,2018-02-01
MX-CAM,2018,3,27.655542340319325,2.667158771402849,2018-03-01
MX-CAM,2018,4,28.64451330775058,9.410652800352642,2018-04-01
MX-CAM,2018,5,29.343925344828488,12.562778765082363,2018-05-01
MX-CAM,2018,6,28.25434648595518,32.12274364280803,2018-06-01
MX-CAM,2018,7,28.859245600117184,19.785827507514433,2018-07-01
MX-CAM,2018,8,27.87320956576571,28.12899714979133,2018-08-01
MX-CAM,2018,9,27.99296921375735,30.308316296249544,2018-09-01
MX-CAM,2018,10,27.12179492783757,33.41928234461483,2018-10-01
MX-CAM,2018,11,25.862917847629735,17.5983011400216,2018-11-01
MX-CAM,2018,12,24.686818135180786,4.1311996834186635,2018-12-01
MX-CAM,2019,1,23.857874433787753,6.717815085802638,2019-01-01
MX-CAM,2019,2,26.972886341686472,2.928680168181618,2019-02-01
MX-CAM,2019,3,27.6008893241074,3.051060291036059,2019-03-01
MX-CAM,2019,4,28.90506596068491,6.200318604305337,2019-04-01
MX-CAM,2019,5,30.807518346410536,14.656463666556395,2019-05-01
MX-CAM,2019,6,29.500394119408377,40.01184638643164,2019-06-01
MX-CAM,2019,7,29.226035802895773,16.015370096405853,2019-07-01
MX-CAM,2019,8,29.770757277979303,19.177755003018504,2019-08-01
MX-CAM,2019,9,28.58083952519725,36.123198567859085,2019-09-01
MX-CAM,2019,10,27.456199048734813,44.93913099536634,2019-10-01
MX-CAM,2019,11,25.487481447194433,14.612919967007226,2019-11-01
MX-CAM,2019,12,24.190997174045812,18.040668025120244,2019-12-01
MX-CAM,2020,1,24.732819707554327,4.468593550124268,2020-01-01
MX-CAM,2020,2,26.290749878513594,2.6385227231837636,2020-02-01
MX-CAM,2020,3,28.012206618811366,2.1822049004752984,2020-03-01
MX-CAM,2020,4,31.127879264895032,1.110539360551144,2020-04-01
MX-CAM,2020,5,29.958659964498178,32.77059227055064,2020-05-01
MX-CAM,2020,6,27.75142190956673,124.3632403254258,2020-06-01
MX-CAM,2020,7,28.919495958459834,21.799419717364678,2020-07-01
MX-CAM,2020,8,28.68359091086495,39.39235585889729,2020-08-01
MX-CAM,2020,9,27.849692622104786,68.17053337550612,2020-09-01
MX-CAM,2020,10,26.2751367805175,65.22676172809942,2020-10-01
MX-CAM,2020,11,25.2833247633407,26.03930605741207,2020-11-01
MX-CAM,2020,12,23.557396916318147,7.465918830872442,2020-12-01
MX-CAM,2021,1,23.758452777728845,15.163693277806296,2021-01-01
MX-CAM,2021,2,25.233519349113667,3.263182845089449,2021-02-01
MX-CAM,2021,3,27.571202396382184,4.823118378017878,2021-03-01
MX-CAM,2021,4,29.621279373354046,4.696182075898563,2021-04-01
MX-CAM,2021,5,29.71760128866919,17.76882487421437,2021-05-01
MX-CAM,2021,6,28.491298965921782,50.701526016636066,2021-06-01
MX-CAM,2021,7,28.728776181568204,21.851175751787462,2021-07-01
MX-CAM,2021,8,28.79574073253813,26.577668567238593,2021-08-01
MX-CAM,2021,9,28.033114850421047,40.2525890061762,2021-09-01
MX-CAM,2021,10,28.09210011232242,25.82291142239096,2021-10-01
MX-CAM,2021,11,25.315247478747747,15.073247959002481,2021-11-01
MX-CAM,2021,12,25.95564363208649,6.165085442276175,2021-12-01
MX-CAM,2022,1,23.924399595974077,16.00044080473984,2022-01-01
MX-CAM,2022,2,25.07518429778184,13.108079333403012,2022-02-01
MX-CAM,2022,3,27.40533051537567,6.6643013117532055,2022-03-01
MX-CAM,2022,4,29.161624453475703,14.834979870285375,2022-04-01
MX-CAM,2022,5,29.924811974777253,28.81102918578257,2022-05-01
MX-CAM,2022,6,27.706713241213077,44.75829993697389,2022-06-01
MX-CAM,2022,7,28.738063235610028,18.124692102462898,2022-07-01
MX-CAM,2022,8,27.844838468504022,38.157448383623766,2022-08-01
MX-CAM,2022,9,26.96890855767509,58.83845067041309,2022-09-01
MX-CAM,2022,10,26.783887255435364,33.946469400363085,2022-10-01
MX-CAM,2022,11,26.315114025403627,22.245559673704516,2022-11-01
MX-CAM,2022,12,25.2207730887927,9.752426588785234,2022-12-01
MX-CAM,2023,1,25.47815345954873,5.10640287674359,2023-01-01
MX-CAM,2023,2,26.14177301751757,3.7758512271247224,2023-02-01
MX-CAM,2023,3,28.21055111042372,7.164769894937856,2023-03-01
MX-CAM,2023,4,29.450287018225033,1.805538282173909,2023-04-01
MX-CAM,2023,5,29.72575641268893,6.965306888480682,2023-05-01
MX-CAM,2023,6,30.846261594555894,17.13356978298515,2023-06-01
MX-CAM,2023,7,29.43447379422374,32.00129151981769,2023-07-01
MX-CAM,2023,8,29.023159400619594,35.64410203717058,2023-08-01
MX-CAM,2023,9,28.462856857518478,53.89769043871561,2023-09-01
MX-CAM,2023,10,27.809569961655413,28.008034169560663,2023-10-01
MX-CAM,2023,11,25.941204703178762,26.007530591286432,2023-11-01
MX-CAM,2023,12,24.28949560916171,14.259360314153527,2023-12-01
MX-CAM,2024,1,25.191212302050182,11.469068335142557,2024-01-01
MX-CAM,2024,2,24.345173528995005,4.280760999018737,2024-02-01
MX-CAM,2024,3,28.84456461724366,2.022421876099396,2024-03-01
MX-CAM,2024,4,30.031528824207886,1.776774626371168,2024-04-01
MX-CAM,2024,5,32.551307913327236,0.969058815354345,2024-05-01
MX-CAM,2024,6,28.73824085321902,104.24689832533339,2024-06-01
MX-CAM,2024,7,28.09557592661114,33.27491589239802,2024-07-01
MX-CAM,2024,8,27.925081902743553,44.46305306418913,2024-08-01
MX-CAM,2024,9,28.56409695231535,46.67629910965665,2024-09-01
MX-CAM,2024,10,25.94857238304815,60.661931945055436,2024-10-01
MX-CAM,2024,11,25.615543223913747,15.869517704517337,2024-11-01
MX-CAM,2024,12,24.085093712395388,12.895489356508746,2024-12-01
MX-CAM,2025,1,24.418215610750583,6.83530648981893,2025-01-01
MX-CAM,2025,2,25.754971179195184,10.830077282813182,2025-02-01
MX-CAM,2025,3,27.65666632505457,1.594384382579495,2025-03-01
MX-CAM,2025,4,28.234996492767063,2.3664039070294716,2025-04-01
MX-CAM,2025,5,30.884103187497843,6.223969597854317,2025-05-01
MX-CAM,2025,6,28.892371417464275,38.71398110540946,2025-06-01
MX-CAM,2025,7,28.896428890437427,15.642222891860603,2025-07-01
MX-CAM,2025,8,28.323115045755227,36.908015461212614,2025-08-01
MX-CAM,2025,9,27.739186255708052,55.63582922266854,2025-09-01
MX-CAM,2025,10,26.68985222445583,39.71850898469834,2025-10-01
MX-CAM,2025,11,25.409405599722888,10.099595298869522,2025-11-01
MX-CAM,2025,12,25.203023013042618,17.05538023907855,2025-12-01
MX-CHH,1990,1,8.424610143186795,2.8120910327324404,1990-01-01
MX-CHH,1990,2,9.53616888725119,6.855552777273381,1990-02-01
MX-CHH,1990,3,13.937361240606133,5.944811838866731,1990-03-01
MX-CHH,1990,4,18.65255835978433,2.216526254634586,1990-04-01
MX-CHH,1990,5,22.248760297560416,3.4823910059479886,1990-05-01
MX-CHH,1990,6,26.80936829291317,12.40731149581969,1990-06-01
MX-CHH,1990,7,22.382593151332674,67.8906085992769,1990-07-01
MX-CHH,1990,8,21.295288539568926,42.650027373610726,1990-08-01
MX-CHH,1990,9,20.50269879009396,36.27430078816434,1990-09-01
MX-CHH,1990,10,16.776667743226643,13.428953202960356,1990-10-01
MX-CHH,1990,11,13.06851934351139,9.82860866881801,1990-11-01
MX-CHH,1990,12,9.052232922009093,15.139272646316543,1990-12-01
MX-CHH,1991,1,8.00676925907388,6.787638713559077,1991-01-01
MX-CHH,1991,2,10.574300002741792,10.749085001969044,1991-02-01
MX-CHH,1991,3,13.307182022371089,3.3986406332759236,1991-03-01
MX-CHH,1991,4,17.479880633863715,2.066518029137465,1991-04-01
MX-CHH,1991,5,22.13114811803913,2.4423356369030413,1991-05-01
MX-CHH,1991,6,23.937889313938793,9.51379034620851,1991-06-01
MX-CHH,1991,7,21.488138039541603,77.4664410583841,1991-07-01
MX-CHH,1991,8,21.68214723424605,58.121980705748356,1991-08-01
MX-CHH,1991,9,19.441238287390668,37.410126711305985,1991-09-01
MX-CHH,1991,10,17.54140984499288,2.0854106794805407,1991-10-01
MX-CHH,1991,11,10.803143493801038,13.967581021545266,1991-11-01
MX-CHH,1991,12,7.976165551186377,20.66812823839808,1991-12-01
MX-CHH,1992,1,5.977785395463968,23.255884009175702,1992-01-01
MX-CHH,1992,2,8.88693859267011,12.40124503395276,1992-02-01
MX-CHH,1992,3,12.764633911706595,6.725648625609242,1992-03-01
MX-CHH,1992,4,17.390794053430877,6.846480036824758,1992-04-01
MX-CHH,1992,5,19.382816585965934,18.513490926261106,1992-05-01
MX-CHH,1992,6,25.403464550958493,4.473157898234956,1992-06-01
MX-CHH,1992,7,24.83670070291393,30.656289506775906,1992-07-01
MX-CHH,1992,8,22.963619214020714,30.459974941985124,1992-08-01
MX-CHH,1992,9,22.265887603155495,12.0064375563455,1992-09-01
MX-CHH,1992,10,18.579062263055704,7.630565329824891,1992-10-01
MX-CHH,1992,11,10.186769214927244,5.580391036570331,1992-11-01
MX-CHH,1992,12,9.95397634925841,11.862826068808808,1992-12-01
MX-CHH,1993,1,10.059151849912418,14.146632144452374,1993-01-01
MX-CHH,1993,2,10.930912150012004,9.888131397840363,1993-02-01
MX-CHH,1993,3,13.916929998742297,1.2749541320750153,1993-03-01
MX-CHH,1993,4,17.93701489018505,3.1608365729241035,1993-04-01
MX-CHH,1993,5,21.430373202068004,5.437260840295397,1993-05-01
MX-CHH,1993,6,25.339118015409728,10.51906791310525,1993-06-01
MX-CHH,1993,7,23.57739958340237,52.05085989720298,1993-07-01
MX-CHH,1993,8,23.948311841133545,35.23717935682243,1993-08-01
MX-CHH,1993,9,20.379244588955178,32.56832033724798,1993-09-01
MX-CHH,1993,10,17.429188532538678,5.984179911875839,1993-10-01
MX-CHH,1993,11,12.531399572766645,7.873730726002648,1993-11-01
MX-CHH,1993,12,10.036664469595795,7.929236835633502,1993-12-01
MX-CHH,1994,1,8.925105370702608,2.254493949086664,1994-01-01
MX-CHH,1994,2,11.339917544673526,3.1888502111504318,1994-02-01
MX-CHH,1994,3,14.116242790277878,7.153277754527556,1994-03-01
MX-CHH,1994,4,18.388706444659842,3.138381983942514,1994-04-01
MX-CHH,1994,5,22.53841704727741,5.186354687637926,1994-05-01
MX-CHH,1994,6,26.207927515085423,17.97927660078886,1994-06-01
MX-CHH,1994,7,25.635214924692917,30.00813302499717,1994-07-01
MX-CHH,1994,8,25.054585883841877,24.904556612138176,1994-08-01
MX-CHH,1994,9,22.20865822188206,18.20189591293343,1994-09-01
MX-CHH,1994,10,18.348373005791167,6.29552301072533,1994-10-01
MX-CHH,1994,11,14.143016727784438,10.57762801459748,1994-11-01
MX-CHH,1994,12,10.15783233385648,18.2185756433299,1994-12-01
MX-CHH,1995,1,8.8345576534297,3.250476997052986,1995-01-01
MX-CHH,1995,2,12.957036544110379,10.032390770680378,1995-02-01
MX-CHH,1995,3,14.896134258916303,2.2834878182330236,1995-03-01
MX-CHH,1995,4,17.532084159139462,1.5685890851065878,1995-04-01
MX-CHH,1995,5,22.391001741567138,2.9322642099257856,1995-05-01
MX-CHH,1995,6,25.30891166882412,7.208782857409657,1995-06-01
MX-CHH,1995,7,25.306338377537127,22.3109608453176,1995-07-01
MX-CHH,1995,8,24.681717327831098,30.679254896671594,1995-08-01
MX-CHH,1995,9,21.84413343977889,31.61439820651945,1995-09-01
MX-CHH,1995,10,19.11475956538889,3.1208224877115036,1995-10-01
MX-CHH,1995,11,13.940326660831433,5.565401643098573,1995-11-01
MX-CHH,1995,12,9.455697076089136,3.1105383534478537,1995-12-01
MX-CHH,1996,1,9.632146771454977,2.3146036182987215,1996-01-01
MX-CHH,1996,2,13.50974462933677,2.511751775884057,1996-02-01
MX-CHH,1996,3,13.797825778269345,0.3166044271267079,1996-03-01
MX-CHH,1996,4,18.340768029099575,2.3664148104265057,1996-04-01
MX-CHH,1996,5,24.993718411889294,1.6993977531792268,1996-05-01
MX-CHH,1996,6,25.667647447887216,19.90461033984929,1996-06-01
MX-CHH,1996,7,25.035650502504275,33.473970104993164,1996-07-01
MX-CHH,1996,8,22.753174507068444,57.51627317235195,1996-08-01
MX-CHH,1996,9,20.635782772079974,27.83483481583417,1996-09-01
MX-CHH,1996,10,17.820453905421427,4.256473026898476,1996-10-01
MX-CHH,1996,11,13.175142351530988,6.601221045756136,1996-11-01
MX-CHH,1996,12,8.945229488346536,0.2271975646566749,1996-12-01
MX-CHH,1997,1,8.152740767548487,3.8122884648657793,1997-01-01
MX-CHH,1997,2,9.862132428021042,5.492679774902124,1997-02-01
MX-CHH,1997,3,14.568684098185335,8.657575020890215,1997-03-01
MX-CHH,1997,4,15.018966902611057,12.334669316800468,1997-04-01
MX-CHH,1997,5,21.60207599541366,10.450231447845471,1997-05-01
MX-CHH,1997,6,24.98356712193625,12.53408955262502,1997-06-01
MX-CHH,1997,7,24.364536711587707,36.93562882447388,1997-07-01
MX-CHH,1997,8,23.722236857996222,28.80878220977803,1997-08-01
MX-CHH,1997,9,23.29033506833485,16.627891616636827,1997-09-01
MX-CHH,1997,10,17.52867954829022,2.4238063859438856,1997-10-01
MX-CHH,1997,11,12.889933408742305,7.11615805529083,1997-11-01
MX-CHH,1997,12,5.709493002932592,16.43017737370739,1997-12-01
MX-CHH,1998,1,9.039809356842373,0.18625134963960394,1998-01-01
MX-CHH,1998,2,8.843591686330214,7.575511131600642,1998-02-01
MX-CHH,1998,3,12.968702748627582,4.460833076111959,1998-03-01
MX-CHH,1998,4,16.65778764497186,0.5393170298716562,1998-04-01
MX-CHH,1998,5,23.253675687083792,0.3313932758938485,1998-05-01
MX-CHH,1998,6,26.801406934550677,8.121767933945703,1998-06-01
MX-CHH,1998,7,25.21694033476483,34.29670158899559,1998-07-01
MX-CHH,1998,8,23.579990796508643,31.394845628523758,1998-08-01
MX-CHH,1998,9,23.456269907392944,12.50450471711963,1998-09-01
MX-CHH,1998,10,19.38714402479872,15.053273350415662,1998-10-01
MX-CHH,1998,11,13.710511704805674,5.385757100508924,1998-11-01
MX-CHH,1998,12,9.462859409710196,2.7963935886153175,1998-12-01
MX-CHH,1999,1,9.844751337204784,0.2940222697264577,1999-01-01
MX-CHH,1999,2,13.268213125025003,0.2308757364983931,1999-02-01
MX-CHH,1999,3,14.943412592701902,2.611792802273937,1999-03-01
MX-CHH,1999,4,18.61705520203327,1.359680576080775,1999-04-01
MX-CHH,1999,5,22.71396736985101,1.6297432765180153,1999-05-01
MX-CHH,1999,6,24.607886728617704,22.307319852246884,1999-06-01
MX-CHH,1999,7,23.167038898393393,44.83076100489755,1999-07-01
MX-CHH,1999,8,23.856285606162587,31.820768053274477,1999-08-01
MX-CHH,1999,9,22.778315978791042,13.797462703768492,1999-09-01
MX-CHH,1999,10,18.06014842262529,0.6923721858179996,1999-10-01
MX-CHH,1999,11,13.964142810937766,0.3173416552135706,1999-11-01
MX-CHH,1999,12,7.854822791595239,2.8609621091704884,1999-12-01
MX-CHH,2000,1,10.738885781166129,0.5549808708198506,2000-01-01
MX-CHH,2000,2,13.303979042294852,0.712006109065167,2000-02-01
MX-CHH,2000,3,15.187359967673483,3.045321638761308,2000-03-01
MX-CHH,2000,4,19.947319365406926,1.161888304627001,2000-04-01
MX-CHH,2000,5,24.3295813216351,4.206444848765844,2000-05-01
MX-CHH,2000,6,23.83720646940685,36.41173769386132,2000-06-01
MX-CHH,2000,7,25.181224705090028,22.626887047000636,2000-07-01
MX-CHH,2000,8,23.454223702904915,25.83029747539885,2000-08-01
MX-CHH,2000,9,23.429497824059087,7.489919044163392,2000-09-01
MX-CHH,2000,10,16.89703134445627,22.916579410771394,2000-10-01
MX-CHH,2000,11,10.14994008394846,9.40648806652299,2000-11-01
MX-CHH,2000,12,9.047938284812576,1.4991545279038172,2000-12-01
MX-CHH,2001,1,7.539134904430095,6.907246315035042,2001-01-01
MX-CHH,2001,2,11.44744330495835,6.147974106524735,2001-02-01
MX-CHH,2001,3,13.68918432658269,3.9314902501795594,2001-03-01
MX-CHH,2001,4,19.468676838248516,3.249130370801193,2001-04-01
MX-CHH,2001,5,22.96912600053346,4.349312448300997,2001-05-01
MX-CHH,2001,6,25.604282755587594,11.229813786921579,2001-06-01
MX-CHH,2001,7,24.598971464924777,39.28708445959941,2001-07-01
MX-CHH,2001,8,24.054676661206148,21.943435354166255,2001-08-01
MX-CHH,2001,9,23.026183803614853,9.910167841459817,2001-09-01
MX-CHH,2001,10,19.17987641551347,2.427237411187836,2001-10-01
MX-CHH,2001,11,13.735747805214404,4.472922718833641,2001-11-01
MX-CHH,2001,12,8.30090462474386,3.367694242781403,2001-12-01
MX-CHH,2002,1,9.734830415711015,3.22535014834993,2002-01-01
MX-CHH,2002,2,9.707900674584506,9.434749279831438,2002-02-01
MX-CHH,2002,3,14.529132352737049,0.9720498222792021,2002-03-01
MX-CHH,2002,4,20.93726171025703,1.4583436506191065,2002-04-01
MX-CHH,2002,5,23.716931268684817,3.1876771785779954,2002-05-01
MX-CHH,2002,6,26.816143516933376,7.593195795251864,2002-06-01
MX-CHH,2002,7,23.97563155824984,40.37986496420726,2002-07-01
MX-CHH,2002,8,24.278917560606267,26.932519836516622,2002-08-01
MX-CHH,2002,9,22.96406508848895,6.7889151747512635,2002-09-01
MX-CHH,2002,10,17.929791111150347,13.67885216983254,2002-10-01
MX-CHH,2002,11,12.51821490384274,1.9608674619985234,2002-11-01
MX-CHH,2002,12,8.244988246828072,8.019389421802556,2002-12-01
MX-CHH,2003,1,10.441749520270099,2.838266064632597,2003-01-01
MX-CHH,2003,2,11.340980387317028,12.217134754096767,2003-02-01
MX-CHH,2003,3,13.271821575146623,2.716331211152156,2003-03-01
MX-CHH,2003,4,18.30974234669136,2.1887575623571967,2003-04-01
MX-CHH,2003,5,23.69542562411974,4.027856060263325,2003-05-01
MX-CHH,2003,6,25.276208867722215,11.432132506155325,2003-06-01
MX-CHH,2003,7,24.630561529373942,26.447902636375442,2003-07-01
MX-CHH,2003,8,24.817404651045454,20.880153668655833,2003-08-01
MX-CHH,2003,9,22.335161739261135,18.316770853213963,2003-09-01
MX-CHH,2003,10,18.41937329312363,21.67114213761882,2003-10-01
MX-CHH,2003,11,14.516388075509925,3.0225032337192586,2003-11-01
MX-CHH,2003,12,9.390055110899192,0.1865865109955033,2003-12-01
MX-CHH,2004,1,8.885411847176485,17.006133325796984,2004-01-01
MX-CHH,2004,2,9.101146369672435,6.712155625007299,2004-02-01
MX-CHH,2004,3,15.322428691741653,14.473984186920728,2004-03-01
MX-CHH,2004,4,17.120081178079975,10.435927439726457,2004-04-01
MX-CHH,2004,5,22.883336810646842,1.7494330967984413,2004-05-01
MX-CHH,2004,6,24.946960226933054,8.18222267100525,2004-06-01
MX-CHH,2004,7,25.029241157987432,29.094249737407626,2004-07-01
MX-CHH,2004,8,23.422646801362664,23.129594473928865,2004-08-01
MX-CHH,2004,9,21.273748136504345,23.487284473710474,2004-09-01
MX-CHH,2004,10,18.087534049552524,16.669621416201014,2004-10-01
MX-CHH,2004,11,10.563818634646065,18.35696739637609,2004-11-01
MX-CHH,2004,12,7.8672676390027565,8.94264240369333,2004-12-01
MX-CHH,2005,1,10.408618098218856,11.673129428903248,2005-01-01
MX-CHH,2005,2,10.31633607556994,17.959861460582314,2005-02-01
MX-CHH,2005,3,13.079016027262442,2.8947425271219225,2005-03-01
MX-CHH,2005,4,18.303306341434624,0.9805495878827277,2005-04-01
MX-CHH,2005,5,22.313829254999604,10.87152508874886,2005-05-01
MX-CHH,2005,6,26.397455327060097,1.8591305984985698,2005-06-01
MX-CHH,2005,7,26.157202744749156,28.77259558241546,2005-07-01
MX-CHH,2005,8,23.261459425909546,33.88001913769976,2005-08-01
MX-CHH,2005,9,24.03773093063581,9.184567647956895,2005-09-01
MX-CHH,2005,10,18.721740542298896,11.598708007378795,2005-10-01
MX-CHH,2005,11,13.901567505565971,0.46679958459164816,2005-11-01
MX-CHH,2005,12,10.164984246738927,2.7194846591095585,2005-12-01
MX-CHH,2006,1,10.232051680781064,2.112437304653362,2006-01-01
MX-CHH,2006,2,12.938573105504814,1.7429817981303768,2006-02-01
MX-CHH,2006,3,15.808846285488828,1.0952353076083174,2006-03-01
MX-CHH,2006,4,21.036010859634164,0.6472298880154709,2006-04-01
MX-CHH,2006,5,23.987471998434806,4.517484492111313,2006-05-01
MX-CHH,2006,6,25.776483141444935,14.482604262788653,2006-06-01
MX-CHH,2006,7,24.520208395614805,36.45571920774998,2006-07-01
MX-CHH,2006,8,22.486341675797878,50.663120926124584,2006-08-01
MX-CHH,2006,9,21.15023017286961,24.88883467086717,2006-09-01
MX-CHH,2006,10,18.202890131515723,11.89616739436192,2006-10-01
MX-CHH,2006,11,13.924583904999695,0.10217667386782789,2006-11-01
MX-CHH,2006,12,7.522958339620294,10.509790008182588,2006-12-01
MX-CHH,2007,1,6.504800024508504,19.91312226321749,2007-01-01
MX-CHH,2007,2,10.759312038838502,1.8835881642060015,2007-02-01
MX-CHH,2007,3,15.270383343261205,2.9949037761448425,2007-03-01
MX-CHH,2007,4,18.286493768496484,3.0878945230005623,2007-04-01
MX-CHH,2007,5,21.939953117831273,5.903354101380986,2007-05-01
MX-CHH,2007,6,25.13076886911903,13.532354789991661,2007-06-01
MX-CHH,2007,7,23.927410535461238,46.40458360137716,2007-07-01
MX-CHH,2007,8,23.955493131614638,31.077053680291616,2007-08-01
MX-CHH,2007,9,22.347982206457026,19.56684666880962,2007-09-01
MX-CHH,2007,10,18.955614459997054,4.853877620354807,2007-10-01
MX-CHH,2007,11,13.820532073946078,5.724053546870351,2007-11-01
MX-CHH,2007,12,9.32029464412812,9.734109144327347,2007-12-01
MX-CHH,2008,1,8.986405132036985,5.036280705022232,2008-01-01
MX-CHH,2008,2,12.206910391338711,1.31555596561253,2008-02-01
MX-CHH,2008,3,14.455879367080932,1.3819510846888163,2008-03-01
MX-CHH,2008,4,19.161437907045038,0.4508047812157172,2008-04-01
MX-CHH,2008,5,22.31044829456127,5.20440673759421,2008-05-01
MX-CHH,2008,6,27.37906603992333,7.361644432142765,2008-06-01
MX-CHH,2008,7,23.625227407342063,55.04959127061088,2008-07-01
MX-CHH,2008,8,22.93354844514826,54.05606774036292,2008-08-01
MX-CHH,2008,9,19.948988296401954,37.193140216664524,2008-09-01
MX-CHH,2008,10,18.350745786354267,7.551514126374806,2008-10-01
MX-CHH,2008,11,13.064680567618783,1.566301238521531,2008-11-01
MX-CHH,2008,12,10.897834582228127,1.2909370966159937,2008-12-01
MX-CHH,2009,1,10.414816652755444,2.666037262951083,2009-01-01
MX-CHH,2009,2,13.056279797064319,1.1690896149581809,2009-02-01
MX-CHH,2009,3,15.762355553341344,3.9481373757299156,2009-03-01
MX-CHH,2009,4,18.568543815497225,0.6007260417991505,2009-04-01
MX-CHH,2009,5,23.24322383593047,10.932103011439912,2009-05-01
MX-CHH,2009,6,25.265088874110678,17.517997815807412,2009-06-01
MX-CHH,2009,7,25.986517924969622,25.295043235875138,2009-07-01
MX-CHH,2009,8,24.245306947115427,25.697132297358785,2009-08-01
MX-CHH,2009,9,21.42503165781512,20.985001351243824,2009-09-01
MX-CHH,2009,10,18.26239519185773,20.93646891180827,2009-10-01
MX-CHH,2009,11,13.047771330059751,5.20983930453146,2009-11-01
MX-CHH,2009,12,7.955362587327681,6.022392013240197,2009-12-01
MX-CHH,2010,1,7.691648193660237,12.801352181236826,2010-01-01
MX-CHH,2010,2,9.291453236617102,7.999645456335805,2010-02-01
MX-CHH,2010,3,12.993737729052643,1.2920628984709819,2010-03-01
MX-CHH,2010,4,17.735761958989354,7.938022929967089,2010-04-01
MX-CHH,2010,5,22.64051143881489,2.8531321395006235,2010-05-01
MX-CHH,2010,6,26.49764089975105,9.596957657397377,2010-06-01
MX-CHH,2010,7,23.905253950498995,61.42622515235513,2010-07-01
MX-CHH,2010,8,25.371945920902334,20.426801510489575,2010-08-01
MX-CHH,2010,9,22.825474901453685,31.568789398874397,2010-09-01
MX-CHH,2010,10,18.884767169354937,1.3146347164226284,2010-10-01
MX-CHH,2010,11,12.68127914229124,0.04474923330742138,2010-11-01
MX-CHH,2010,12,10.684350808188672,1.702304499975652,2010-12-01
MX-CHH,2011,1,8.791761149115155,1.1171836534047264,2011-01-01
MX-CHH,2011,2,10.019852627023727,0.37556564872350034,2011-02-01
MX-CHH,2011,3,17.664742997815246,0.04835529924284794,2011-03-01
MX-CHH,2011,4,21.316611784265145,0.05760913093910939,2011-04-01
MX-CHH,2011,5,23.169338649863484,0.25227430189897654,2011-05-01
MX-CHH,2011,6,28.65349925346896,1.8496740297349819,2011-06-01
MX-CHH,2011,7,25.59615170305401,35.07036746811876,2011-07-01
MX-CHH,2011,8,26.033154139567532,21.14166824171379,2011-08-01
MX-CHH,2011,9,23.462422863046587,8.268125781885798,2011-09-01
MX-CHH,2011,10,19.400885592795447,2.673046468358609,2011-10-01
MX-CHH,2011,11,12.82742563886715,8.860437519798754,2011-11-01
MX-CHH,2011,12,7.461260704101073,5.354125822416276,2011-12-01
MX-CHH,2012,1,9.942564912193474,1.2570781527726684,2012-01-01
MX-CHH,2012,2,11.48949312874392,4.639737185479024,2012-02-01
MX-CHH,2012,3,15.510132789528297,2.206567450483342,2012-03-01
MX-CHH,2012,4,20.69228481988974,1.1227184615612724,2012-04-01
MX-CHH,2012,5,23.805576017819607,5.974555541859998,2012-05-01
MX-CHH,2012,6,27.60664468127959,6.091390632153605,2012-06-01
MX-CHH,2012,7,23.901570142049728,40.20852391276008,2012-07-01
MX-CHH,2012,8,25.066652017420182,24.13586349907785,2012-08-01
MX-CHH,2012,9,21.921039456038976,20.5401267692958,2012-09-01
MX-CHH,2012,10,19.52391624646198,5.411661868142871,2012-10-01
MX-CHH,2012,11,14.784738928039898,2.209115779261773,2012-11-01
MX-CHH,2012,12,10.682828230759451,5.288812295461785,2012-12-01
MX-CHH,2013,1,7.4436831212768855,6.609637967164283,2013-01-01
MX-CHH,2013,2,10.459378651337223,1.4734006442205245,2013-02-01
MX-CHH,2013,3,15.71587930445296,0.7934607670897325,2013-03-01
MX-CHH,2013,4,19.34595313341556,0.8212807267123944,2013-04-01
MX-CHH,2013,5,22.47251316113698,3.9002762500112653,2013-05-01
MX-CHH,2013,6,27.231130610591425,10.48410804083172,2013-06-01
MX-CHH,2013,7,23.936047080335825,61.37125467343804,2013-07-01
MX-CHH,2013,8,24.207816609276087,21.38716029758203,2013-08-01
MX-CHH,2013,9,21.994958351627222,32.44079427991539,2013-09-01
MX-CHH,2013,10,18.22117859300602,6.779011296746532,2013-10-01
MX-CHH,2013,11,12.214744874028911,14.610305352754832,2013-11-01
MX-CHH,2013,12,9.01662246711255,10.923588667164813,2013-12-01
MX-CHH,2014,1,9.563845759977825,1.0637555114081876,2014-01-01
MX-CHH,2014,2,13.63218404130561,0.5419500244099612,2014-02-01
MX-CHH,2014,3,15.214916690885165,4.113758084529984,2014-03-01
MX-CHH,2014,4,18.982884332186647,0.873500303924726,2014-04-01
MX-CHH,2014,5,22.209421595114538,1.0735627994430195,2014-05-01
MX-CHH,2014,6,27.444617460114614,8.23206465997566,2014-06-01
MX-CHH,2014,7,25.162767552285334,26.102388602438758,2014-07-01
MX-CHH,2014,8,23.258352748779352,45.58056753239529,2014-08-01
MX-CHH,2014,9,21.838315413495142,42.10396372266002,2014-09-01
MX-CHH,2014,10,19.713243618512042,4.541518414074242,2014-10-01
MX-CHH,2014,11,11.91530125480739,13.14912768495364,2014-11-01
MX-CHH,2014,12,10.429397070357009,2.5441703617300058,2014-12-01
MX-CHH,2015,1,8.383049880162337,11.786131897507218,2015-01-01
MX-CHH,2015,2,12.545917069682798,6.7093094791046886,2015-02-01
MX-CHH,2015,3,14.14190274911057,18.012902581993483,2015-03-01
MX-CHH,2015,4,18.127079863117846,7.888658725510507,2015-04-01
MX-CHH,2015,5,21.61633682723982,3.66431228824094,2015-05-01
MX-CHH,2015,6,25.76664341183818,17.385080238449753,2015-06-01
MX-CHH,2015,7,25.14908076343438,35.024539784556126,2015-07-01
MX-CHH,2015,8,25.534013773695246,18.6428327225176,2015-08-01
MX-CHH,2015,9,23.992467314351998,16.387650739403274,2015-09-01
MX-CHH,2015,10,19.029534176054877,15.047796143692949,2015-10-01
MX-CHH,2015,11,13.721897177035396,11.205083062652749,2015-11-01
MX-CHH,2015,12,9.164539131892308,4.290920407223075,2015-12-01
MX-CHH,2016,1,7.8918110390663,3.234340818420821,2016-01-01
MX-CHH,2016,2,12.809992872584058,0.6984858394826857,2016-02-01
MX-CHH,2016,3,16.265293551830723,4.062051949718909,2016-03-01
MX-CHH,2016,4,18.825240072546208,2.9397945321857932,2016-04-01
MX-CHH,2016,5,22.35706461153329,6.463710505806196,2016-05-01
MX-CHH,2016,6,25.71817338736558,17.185628055745667,2016-06-01
MX-CHH,2016,7,26.161452743863727,28.216926912649818,2016-07-01
MX-CHH,2016,8,22.71853662133611,61.34550562445551,2016-08-01
MX-CHH,2016,9,22.227879768707655,22.593264632698677,2016-09-01
MX-CHH,2016,10,20.29519046780277,3.796750501807923,2016-10-01
MX-CHH,2016,11,14.297199248980865,3.832662788551597,2016-11-01
MX-CHH,2016,12,11.090092673878983,11.200215020731019,2016-12-01
MX-CHH,2017,1,10.317848015688982,7.494589573158641,2017-01-01
MX-CHH,2017,2,13.391862754455817,4.660238268316005,2017-02-01
MX-CHH,2017,3,17.653487473693414,2.4583255973552753,2017-03-01
MX-CHH,2017,4,20.189515097500326,2.6579650657037797,2017-04-01
MX-CHH,2017,5,22.741615827231666,4.062668381193016,2017-05-01
MX-CHH,2017,6,27.343586317035548,6.927984188126072,2017-06-01
MX-CHH,2017,7,24.275225386084315,45.58643459201429,2017-07-01
MX-CHH,2017,8,23.25074864674352,35.50174505723308,2017-08-01
MX-CHH,2017,9,22.78417090479621,13.790505312641715,2017-09-01
MX-CHH,2017,10,20.01067613373452,6.553026027011069,2017-10-01
MX-CHH,2017,11,16.127413787993856,0.3373497009169862,2017-11-01
MX-CHH,2017,12,9.695017201304502,12.629486114515073,2017-12-01
MX-CHH,2018,1,9.430443215608435,0.4823168120845778,2018-01-01
MX-CHH,2018,2,14.009818606972335,7.348037945920763,2018-02-01
MX-CHH,2018,3,16.36943955305108,1.2611652517587482,2018-03-01
MX-CHH,2018,4,20.605419855619225,1.2166576889717426,2018-04-01
MX-CHH,2018,5,25.045430864448807,1.28706752285948,2018-05-01
MX-CHH,2018,6,27.205388367840083,14.375850645429496,2018-06-01
MX-CHH,2018,7,25.49922967381849,27.5065823122085,2018-07-01
MX-CHH,2018,8,24.36080213070783,29.804814707424544,2018-08-01
MX-CHH,2018,9,21.63943803239964,31.351344260729146,2018-09-01
MX-CHH,2018,10,17.473123351762677,15.14295950240068,2018-10-01
MX-CHH,2018,11,12.047342234948974,1.3336017849079,2018-11-01
MX-CHH,2018,12,8.953738538364826,10.650104900228502,2018-12-01
MX-CHH,2019,1,9.39034925601008,5.453913286500477,2019-01-01
MX-CHH,2019,2,11.984448163098964,5.640528516073545,2019-02-01
MX-CHH,2019,3,15.617241577721853,5.021496437201781,2019-03-01
MX-CHH,2019,4,19.001231269238442,1.7820906686741331,2019-04-01
MX-CHH,2019,5,22.16101239387691,1.3296145799058843,2019-05-01
MX-CHH,2019,6,26.06652471047824,9.776211782686893,2019-06-01
MX-CHH,2019,7,26.00958788173833,23.053342851874206,2019-07-01
MX-CHH,2019,8,26.041954469492627,25.048765393072646,2019-08-01
MX-CHH,2019,9,22.758135050641688,33.34195198133185,2019-09-01
MX-CHH,2019,10,18.561341719394903,15.415810886035647,2019-10-01
MX-CHH,2019,11,13.765146889456329,24.78021100349357,2019-11-01
MX-CHH,2019,12,9.935454664221187,5.734222761103223,2019-12-01
MX-CHH,2020,1,9.944102457365336,3.398788658499109,2020-01-01
MX-CHH,2020,2,11.100773270347812,7.448848579292755,2020-02-01
MX-CHH,2020,3,16.41037769668905,11.642413271455762,2020-03-01
MX-CHH,2020,4,19.994204712278794,1.3141668283632388,2020-04-01
MX-CHH,2020,5,24.426720732596902,2.2383212053617556,2020-05-01
MX-CHH,2020,6,26.751619498137437,5.341914946352379,2020-06-01
MX-CHH,2020,7,26.016999123029404,30.891108165120194,2020-07-01
MX-CHH,2020,8,27.22388065096827,7.905430191371103,2020-08-01
MX-CHH,2020,9,22.17118782437009,17.33477516859734,2020-09-01
MX-CHH,2020,10,20.130180931074037,0.557968450387459,2020-10-01
MX-CHH,2020,11,15.637560695667815,1.1304555090543194,2020-11-01
MX-CHH,2020,12,8.178118602757705,5.658664339125909,2020-12-01
MX-CHH,2021,1,8.425031842758793,7.948038405292995,2021-01-01
MX-CHH,2021,2,12.109649158456422,4.464617267891866,2021-02-01
MX-CHH,2021,3,15.059284886418189,0.5658838770488971,2021-03-01
MX-CHH,2021,4,19.498060046458217,1.8906179950304218,2021-04-01
MX-CHH,2021,5,23.47744802621009,2.2395270146647035,2021-05-01
MX-CHH,2021,6,26.69852545711361,18.778777952492852,2021-06-01
MX-CHH,2021,7,24.120163986029365,36.27214977429972,2021-07-01
MX-CHH,2021,8,23.94865299100536,36.23616338767618,2021-08-01
MX-CHH,2021,9,23.014557764344982,17.32451479954037,2021-09-01
MX-CHH,2021,10,19.77858559821869,3.7722391146463803,2021-10-01
MX-CHH,2021,11,14.667813719477497,4.028919920493159,2021-11-01
MX-CHH,2021,12,12.98825491262484,8.2295635520138255,2021-12-01
MX-CHH,2022,1,9.346444883670628,2.0507874173572556,2022-01-01
MX-CHH,2022,2,9.931752035128342,2.023330388465155,2022-02-01
MX-CHH,2022,3,14.584323378215574,0.40276310664004894,2022-03-01
MX-CHH,2022,4,20.911285484708312,0.5493479257142856,2022-04-01
MX-CHH,2022,5,24.912367669968468,0.8641365062672869,2022-05-01
MX-CHH,2022,6,26.36394975127761,17.509654040016592,2022-06-01
MX-CHH,2022,7,25.54551400612701,32.02481461552004,2022-07-01
MX-CHH,2022,8,23.408308072693334,70.36902437638781,2022-08-01
MX-CHH,2022,9,21.901457668942488,20.71856871843438,2022-09-01
MX-CHH,2022,10,17.18272472124352,12.559339184824404,2022-10-01
MX-CHH,2022,11,11.910107975429895,0.8109919996579185,2022-11-01
MX-CHH,2022,12,10.649656369621399,3.3884829283558253,2022-12-01
MX-CHH,2023,1,10.08863647223622,2.697756348322173,2023-01-01
MX-CHH,2023,2,10.857299648925911,6.7126118423488865,2023-02-01
MX-CHH,2023,3,15.302096685083486,7.522090539008842,2023-03-01
MX-CHH,2023,4,18.93077096223791,0.4588561557268798,2023-04-01
MX-CHH,2023,5,22.04965874217069,5.40070184477156,2023-05-01
MX-CHH,2023,6,27.708415287307634,2.318822222652995,2023-06-01
MX-CHH,2023,7,28.079018834278774,11.31322417905017,2023-07-01
MX-CHH,2023,8,26.2761700409194,15.23306279674166,2023-08-01
MX-CHH,2023,9,25.925724920231353,6.350802703210309,2023-09-01
MX-CHH,2023,10,19.99707550489266,9.441159361916366,2023-10-01
MX-CHH,2023,11,14.235221970391127,5.103486921226077,2023-11-01
MX-CHH,2023,12,10.311240970950985,1.6362469492384424,2023-12-01
MX-CHH,2024,1,9.484068057357224,4.596178679259419,2024-01-01
MX-CHH,2024,2,12.60289529865129,6.152517681354601,2024-02-01
MX-CHH,2024,3,14.721750541678706,2.282596250366929,2024-03-01
MX-CHH,2024,4,19.371412593198002,1.7334754684151845,2024-04-01
MX-CHH,2024,5,24.85956569075262,0.06034288356327645,2024-05-01
MX-CHH,2024,6,28.304155743487946,11.89180542218131,2024-06-01
MX-CHH,2024,7,25.84618745278563,25.31562709243173,2024-07-01
MX-CHH,2024,8,26.24858193402802,16.53466350433992,2024-08-01
MX-CHH,2024,9,23.44915736052277,11.722464082992426,2024-09-01
MX-CHH,2024,10,21.386225845178878,1.0142077082226746,2024-10-01
MX-CHH,2024,11,14.485233691859191,2.1719092132359568,2024-11-01
MX-CHH,2024,12,11.971022417153712,0.2132522280636296,2024-12-01
MX-CHH,2025,1,7.898068954501936,4.478787430477439,2025-01-01
MX-CHH,2025,2,14.701249640854863,0.04242791388369428,2025-02-01
MX-CHH,2025,3,16.054244613947475,0.8707670652931608,2025-03-01
MX-CHH,2025,4,19.93692897307344,1.0385693114352705,2025-04-01
MX-CHH,2025,5,23.304677606444972,2.6969891697937354,2025-05-01
MX-CHH,2025,6,26.788485581816772,21.64760348514777,2025-06-01
MX-CHH,2025,7,24.53524103540227,33.236006526261605,2025-07-01
MX-CHH,2025,8,25.158094508136795,22.751364159894493,2025-08-01
MX-CHH,2025,9,22.804980008242577,24.35893556442141,2025-09-01
MX-CHH,2025,10,20.76332358306813,7.818231962944623,2025-10-01
MX-CHH,2025,11,15.54207516683467,2.0767702122920846,2025-11-01
MX-CHH,2025,12,12.973723091812426,0.7492323221173554,2025-12-01
MX-CHP,1990,1,21.011227705367627,20.48915612789498,1990-01-01
MX-CHP,1990,2,21.13404293537874,17.741424235083315,1990-02-01
MX-CHP,1990,3,22.410589359122458,28.007298704222894,1990-03-01
MX-CHP,1990,4,24.297056027040792,25.286007451766046,1990-04-01
MX-CHP,1990,5,24.901307624825662,49.47110065801051,1990-05-01
MX-CHP,1990,6,23.927971808498544,92.55630308521067,1990-06-01
MX-CHP,1990,7,23.60442501014723,68.63701802443829,1990-07-01
MX-CHP,1990,8,23.995424199423514,56.16763698301725,1990-08-01
MX-CHP,1990,9,23.420699738591008,90.92137211289474,1990-09-01
MX-CHP,1990,10,23.012545259664893,54.931879695805556,1990-10-01
MX-CHP,1990,11,21.907432722275107,44.09268512675105,1990-11-01
MX-CHP,1990,12,20.760854995613776,34.52028012624249,1990-12-01
MX-CHP,1991,1,21.8114557635137,21.17577869683158,1991-01-01
MX-CHP,1991,2,21.169022338744213,22.498064023502106,1991-02-01
MX-CHP,1991,3,23.765157320870372,8.795423263079766,1991-03-01
MX-CHP,1991,4,25.353634296465696,12.821969421752609,1991-04-01
MX-CHP,1991,5,25.11305489499738,52.479759410486224,1991-05-01
MX-CHP,1991,6,24.370801587301766,92.39876848260516,1991-06-01
MX-CHP,1991,7,23.89194464532118,47.4290589971456,1991-07-01
MX-CHP,1991,8,23.99648342130656,62.15598273117396,1991-08-01
MX-CHP,1991,9,23.433481999905634,84.46128783228558,1991-09-01
MX-CHP,1991,10,22.670684102910897,64.24370607903093,1991-10-01
MX-CHP,1991,11,20.996403008429304,36.6713487042362,1991-11-01
MX-CHP,1991,12,21.15536824081079,31.24507804735287,1991-12-01
MX-CHP,1992,1,20.651588567040555,28.85066558625138,1992-01-01
MX-CHP,1992,2,21.149582976987137,14.163079470353804,1992-02-01
MX-CHP,1992,3,23.588940151747536,21.561525248389948,1992-03-01
MX-CHP,1992,4,24.482201103395543,20.37152232127161,1992-04-01
MX-CHP,1992,5,24.228095209128433,48.30991650701033,1992-05-01
MX-CHP,1992,6,24.595303463276956,119.06362931916053,1992-06-01
MX-CHP,1992,7,23.664420663926883,75.55565566867742,1992-07-01
MX-CHP,1992,8,23.768539356753102,75.82392927586815,1992-08-01
MX-CHP,1992,9,23.257641310204583,104.53682008762163,1992-09-01
MX-CHP,1992,10,22.943565030434424,51.899590781524964,1992-10-01
MX-CHP,1992,11,22.362748997665793,54.69618467210773,1992-11-01
MX-CHP,1992,12,21.782174280839403,15.143986679097592,1992-12-01
MX-CHP,1993,1,21.29792914157862,17.69848415357056,1993-01-01
MX-CHP,1993,2,22.1568027557301,11.075819408456667,1993-02-01
MX-CHP,1993,3,22.769056722616472,17.3062198501992,1993-03-01
MX-CHP,1993,4,24.853299164783085,26.804946233060406,1993-04-01
MX-CHP,1993,5,25.10428853678789,33.59577546219319,1993-05-01
MX-CHP,1993,6,24.56212271158852,140.22228481445185,1993-06-01
MX-CHP,1993,7,24.032625150928034,64.86950489537716,1993-07-01
MX-CHP,1993,8,23.498810832826,97.3398763955654,1993-08-01
MX-CHP,1993,9,22.938404120313052,92.50578195168848,1993-09-01
MX-CHP,1993,10,23.059632016454817,67.59938780199104,1993-10-01
MX-CHP,1993,11,21.966182358514267,12.129442731125605,1993-11-01
MX-CHP,1993,12,21.270947150031255,19.927841591128473,1993-12-01
MX-CHP,1994,1,20.65665041928182,24.185914960220813,1994-01-01
MX-CHP,1994,2,21.818077820734125,21.554944036712936,1994-02-01
MX-CHP,1994,3,22.910148779220084,20.705297341080325,1994-03-01
MX-CHP,1994,4,24.675609880997992,13.288328894504842,1994-04-01
MX-CHP,1994,5,25.277664893416812,28.33511111226908,1994-05-01
MX-CHP,1994,6,24.40858168222776,51.453504341310854,1994-06-01
MX-CHP,1994,7,24.131993342443096,38.66016472061723,1994-07-01
MX-CHP,1994,8,23.659078677628813,71.15599632202101,1994-08-01
MX-CHP,1994,9,23.50158409553968,83.40883037824675,1994-09-01
MX-CHP,1994,10,23.61120565354172,59.09997415369639,1994-10-01
MX-CHP,1994,11,22.746856925524416,19.165637598809397,1994-11-01
MX-CHP,1994,12,21.816103395745937,16.164286398411974,1994-12-01
MX-CHP,1995,1,21.601945021930145,18.865965075484766,1995-01-01
MX-CHP,1995,2,22.135065792776004,11.366643138161187,1995-02-01
MX-CHP,1995,3,23.587706299600512,12.689881651514895,1995-03-01
MX-CHP,1995,4,24.806022908745657,48.02421119703725,1995-04-01
MX-CHP,1995,5,25.490343830941807,41.00187962968091,1995-05-01
MX-CHP,1995,6,24.408631351207323,123.55679050001002,1995-06-01
MX-CHP,1995,7,23.885171049952145,79.21101636029539,1995-07-01
MX-CHP,1995,8,23.719995956442283,131.62805241028536,1995-08-01
MX-CHP,1995,9,23.278985977994157,117.1623503478846,1995-09-01
MX-CHP,1995,10,22.534429655611547,77.41999320748036,1995-10-01
MX-CHP,1995,11,22.399394034459032,27.26568945547303,1995-11-01
MX-CHP,1995,12,21.406902542707506,30.813367585286358,1995-12-01
MX-CHP,1996,1,19.7389628846559,23.642614686663926,1996-01-01
MX-CHP,1996,2,21.306020546926206,9.746770461163889,1996-02-01
MX-CHP,1996,3,21.92637212300261,18.31425161739164,1996-03-01
MX-CHP,1996,4,24.227365454677365,40.84989511249267,1996-04-01
MX-CHP,1996,5,24.5810526436098,59.240545007283266,1996-05-01
MX-CHP,1996,6,24.00481049092607,100.28953840190425,1996-06-01
MX-CHP,1996,7,23.89461009014367,90.98128106177981,1996-07-01
MX-CHP,1996,8,23.652932778050676,94.35419648536083,1996-08-01
MX-CHP,1996,9,24.38657116869778,73.3451089003552,1996-09-01
MX-CHP,1996,10,23.35667450387859,53.132037915887395,1996-10-01
MX-CHP,1996,11,22.03092707710731,46.59773956480886,1996-11-01
MX-CHP,1996,12,21.55482032565623,20.816738508246235,1996-12-01
MX-CHP,1997,1,21.086070235297633,22.355908155091107,1997-01-01
MX-CHP,1997,2,21.77148165535973,27.848658668366873,1997-02-01
MX-CHP,1997,3,23.737768383667216,12.60125442406095,1997-03-01
MX-CHP,1997,4,24.616183600265824,23.181505098193583,1997-04-01
MX-CHP,1997,5,25.023786265244084,42.459409131579456,1997-05-01
MX-CHP,1997,6,24.49244336119098,88.21903097577416,1997-06-01
MX-CHP,1997,7,24.624842975320558,59.00968484600224,1997-07-01
MX-CHP,1997,8,24.659203933356345,50.92969115986361,1997-08-01
MX-CHP,1997,9,23.686669893093736,107.47774847963858,1997-09-01
MX-CHP,1997,10,22.8457968863789,96.11239706443729,1997-10-01
MX-CHP,1997,11,22.783080918409656,66.5286620202629,1997-11-01
MX-CHP,1997,12,20.511837248048302,25.79455009720132,1997-12-01
MX-CHP,1998,1,21.594370792371453,19.905691534064022,1998-01-01
MX-CHP,1998,2,22.043747217302837,6.869914997265663,1998-02-01
MX-CHP,1998,3,23.59713425477103,8.402079847496019,1998-03-01
MX-CHP,1998,4,25.466641330532415,17.582820672458954,1998-04-01
MX-CHP,1998,5,26.71418100118739,6.293812542423863,1998-05-01
MX-CHP,1998,6,26.135776775632557,65.90318224698463,1998-06-01
MX-CHP,1998,7,24.151021439683745,94.86120208456548,1998-07-01
MX-CHP,1998,8,24.533297434996683,84.32674062124794,1998-08-01
MX-CHP,1998,9,24.205221408106073,155.69073570278718,1998-09-01
MX-CHP,1998,10,23.50942845718412,89.1562761315408,1998-10-01
MX-CHP,1998,11,22.47622626375806,104.10356289448784,1998-11-01
MX-CHP,1998,12,20.962508429947952,23.777038089839202,1998-12-01
MX-CHP,1999,1,20.744817928772452,15.897195041127928,1999-01-01
MX-CHP,1999,2,21.457225550058038,18.229148416343577,1999-02-01
MX-CHP,1999,3,23.113841378593033,9.58572108444535,1999-03-01
MX-CHP,1999,4,25.28241976123831,20.988815329132713,1999-04-01
MX-CHP,1999,5,25.562391460798022,34.257401474986494,1999-05-01
MX-CHP,1999,6,24.12043809244845,99.37626784151401,1999-06-01
MX-CHP,1999,7,23.727198905831344,78.82335035771084,1999-07-01
MX-CHP,1999,8,24.097319035876392,77.83804093538888,1999-08-01
MX-CHP,1999,9,23.21508456274684,140.12929410409598,1999-09-01
MX-CHP,1999,10,21.949815780636623,94.35901083544921,1999-10-01
MX-CHP,1999,11,20.689028876459354,35.62877067037003,1999-11-01
MX-CHP,1999,12,20.18089870654774,28.60019898574523,1999-12-01
MX-CHP,2000,1,20.82195975874515,16.679478188354004,2000-01-01
MX-CHP,2000,2,21.569462600330073,10.216195767995227,2000-02-01
MX-CHP,2000,3,24.31732113114981,4.403498005737623,2000-03-01
MX-CHP,2000,4,25.01017717374278,12.779339325854929,2000-04-01
MX-CHP,2000,5,24.66731172827497,98.90400865206949,2000-05-01
MX-CHP,2000,6,23.971863083557114,87.27216037614163,2000-06-01
MX-CHP,2000,7,24.292910673747823,43.7085944258664,2000-07-01
MX-CHP,2000,8,23.694564639849702,87.73985043022022,2000-08-01
MX-CHP,2000,9,23.52359510883172,117.85608202124195,2000-09-01
MX-CHP,2000,10,22.74407004625207,62.063542667941064,2000-10-01
MX-CHP,2000,11,23.026425756413737,32.11493324108419,2000-11-01
MX-CHP,2000,12,20.478212365938486,27.469833767859257,2000-12-01
MX-CHP,2001,1,20.058099033009253,12.068576492669608,2001-01-01
MX-CHP,2001,2,22.1158275610246,24.065075920648177,2001-02-01
MX-CHP,2001,3,23.028375162946052,8.976605594813192,2001-03-01
MX-CHP,2001,4,24.946724677455805,19.142593025215287,2001-04-01
MX-CHP,2001,5,24.74879214169504,65.3848303109632,2001-05-01
MX-CHP,2001,6,24.302233434422593,56.16332606536175,2001-06-01
MX-CHP,2001,7,24.40488458202311,63.231166108875136,2001-07-01
MX-CHP,2001,8,24.39846294922054,89.80643998218021,2001-08-01
MX-CHP,2001,9,23.528646872140698,106.546520202768,2001-09-01
MX-CHP,2001,10,23.09412743454862,72.34890539167534,2001-10-01
MX-CHP,2001,11,21.709359743564264,19.100496939535013,2001-11-01
MX-CHP,2001,12,21.46520958150638,39.30134008275622,2001-12-01
MX-CHP,2002,1,20.924858242740473,21.652497131055913,2002-01-01
MX-CHP,2002,2,20.798797451001768,40.3049278638448,2002-02-01
MX-CHP,2002,3,22.966348463049204,18.442525308839276,2002-03-01
MX-CHP,2002,4,25.024169250749946,11.13383776625667,2002-04-01
MX-CHP,2002,5,25.634067675092687,32.0028462366623,2002-05-01
MX-CHP,2002,6,24.351589166631264,115.35722870802833,2002-06-01
MX-CHP,2002,7,24.477115533015937,58.405746691077326,2002-07-01
MX-CHP,2002,8,24.70373927564878,62.387886499956075,2002-08-01
MX-CHP,2002,9,23.855889194252736,132.8832326142431,2002-09-01
MX-CHP,2002,10,23.81875738194557,50.370644747644555,2002-10-01
MX-CHP,2002,11,21.63557840897511,52.106216230856894,2002-11-01
MX-CHP,2002,12,21.16629960195312,31.423293346345087,2002-12-01
MX-CHP,2003,1,19.581684065723486,18.77192662269685,2003-01-01
MX-CHP,2003,2,22.446584295117297,8.070759220722373,2003-02-01
MX-CHP,2003,3,24.24171201033255,17.291307444232963,2003-03-01
MX-CHP,2003,4,25.202567946082755,8.744849178692364,2003-04-01
MX-CHP,2003,5,26.30425524407072,47.53778097235897,2003-05-01
MX-CHP,2003,6,24.718082528155733,95.65398977928342,2003-06-01
MX-CHP,2003,7,24.3499006230285,57.61922664320141,2003-07-01
MX-CHP,2003,8,24.4577455541019,70.43846685050939,2003-08-01
MX-CHP,2003,9,24.149272692735213,85.47711740176315,2003-09-01
MX-CHP,2003,10,23.38851301706571,63.17307772312394,2003-10-01
MX-CHP,2003,11,22.24621481897268,59.579611626379894,2003-11-01
MX-CHP,2003,12,19.48818963056608,23.787010086972554,2003-12-01
MX-CHP,2004,1,20.738864377822466,23.571954016060396,2004-01-01
MX-CHP,2004,2,21.398813901653686,21.636645782403672,2004-02-01
MX-CHP,2004,3,23.128459862501348,19.13195761641233,2004-03-01
MX-CHP,2004,4,23.858260760386596,21.571007110557517,2004-04-01
MX-CHP,2004,5,23.905674942637116,65.3118788795867,2004-05-01
MX-CHP,2004,6,24.293191523965753,62.73310807672315,2004-06-01
MX-CHP,2004,7,24.182489166787857,61.59738471205891,2004-07-01
MX-CHP,2004,8,24.609001169107035,53.62045262778637,2004-08-01
MX-CHP,2004,9,23.948883446264322,91.75425299815667,2004-09-01
MX-CHP,2004,10,23.802601496414976,64.41784363775082,2004-10-01
MX-CHP,2004,11,22.272287891683536,33.64365106896779,2004-11-01
MX-CHP,2004,12,20.473973266573136,19.14644757283204,2004-12-01
MX-CHP,2005,1,20.335871368674916,8.1005523955591,2005-01-01
MX-CHP,2005,2,21.986703147075254,8.335362177461228,2005-02-01
MX-CHP,2005,3,24.652854573701433,13.923386324170826,2005-03-01
MX-CHP,2005,4,24.755112572014095,22.562922028446668,2005-04-01
MX-CHP,2005,5,25.427486558148612,50.29760386934453,2005-05-01
MX-CHP,2005,6,25.192892718709007,119.81805908020648,2005-06-01
MX-CHP,2005,7,24.3628282700871,93.94966794047154,2005-07-01
MX-CHP,2005,8,24.24071345650436,89.295741737345,2005-08-01
MX-CHP,2005,9,23.973305410381407,89.98634709975107,2005-09-01
MX-CHP,2005,10,22.609762113615393,75.97433850608621,2005-10-01
MX-CHP,2005,11,21.65247100935646,27.289444120902605,2005-11-01
MX-CHP,2005,12,21.556247225398995,28.823706391161195,2005-12-01
MX-CHP,2006,1,21.023407616100872,31.815142268470254,2006-01-01
MX-CHP,2006,2,21.161689684169453,20.442641700455003,2006-02-01
MX-CHP,2006,3,23.064397744205408,14.026525909950514,2006-03-01
MX-CHP,2006,4,24.651345633736906,9.005753191694058,2006-04-01
MX-CHP,2006,5,24.716425517341246,66.1373915637461,2006-05-01
MX-CHP,2006,6,23.906829490795936,105.18488541935439,2006-06-01
MX-CHP,2006,7,24.544422305680637,97.82006058079239,2006-07-01
MX-CHP,2006,8,24.761732192810058,75.87261671017217,2006-08-01
MX-CHP,2006,9,24.433780652519378,76.094506232964,2006-09-01
MX-CHP,2006,10,24.243059940055417,84.47066753645132,2006-10-01
MX-CHP,2006,11,22.00422840975715,40.09372421152101,2006-11-01
MX-CHP,2006,12,21.949844142237307,40.73716928776074,2006-12-01
MX-CHP,2007,1,21.489338062634626,44.35379209280554,2007-01-01
MX-CHP,2007,2,22.25905307744203,18.306500897711494,2007-02-01
MX-CHP,2007,3,23.44939717030259,16.84068698871849,2007-03-01
MX-CHP,2007,4,25.331622430056413,12.782316973676664,2007-04-01
MX-CHP,2007,5,25.91291597540542,34.09155649471821,2007-05-01
MX-CHP,2007,6,25.249974496909022,65.61539223890053,2007-06-01
MX-CHP,2007,7,24.986255507587995,67.22013218217101,2007-07-01
MX-CHP,2007,8,24.36932264680493,111.85807468780695,2007-08-01
MX-CHP,2007,9,23.974610736202166,89.1581266214507,2007-09-01
MX-CHP,2007,10,22.65788542965299,144.1987422595604,2007-10-01
MX-CHP,2007,11,21.93015295959373,19.856109653641816,2007-11-01
MX-CHP,2007,12,21.83911249112724,8.177879839727089,2007-12-01
MX-CHP,2008,1,21.371855925729957,28.290981415691775,2008-01-01
MX-CHP,2008,2,22.759292070648,18.480557233939162,2008-02-01
MX-CHP,2008,3,22.81213215128078,19.26441530018891,2008-03-01
MX-CHP,2008,4,24.831373796637855,19.878192743379262,2008-04-01
MX-CHP,2008,5,25.697170170574417,47.193911432874486,2008-05-01
MX-CHP,2008,6,23.85643819326474,143.11101799884912,2008-06-01
MX-CHP,2008,7,23.873075705033443,93.48304724201458,2008-07-01
MX-CHP,2008,8,24.296558776944646,74.96359541439836,2008-08-01
MX-CHP,2008,9,23.92403627987635,135.22292111598927,2008-09-01
MX-CHP,2008,10,22.668657371003153,79.14163817908957,2008-10-01
MX-CHP,2008,11,20.90129654194693,13.373813423813305,2008-11-01
MX-CHP,2008,12,21.12214536360893,14.342562903903316,2008-12-01
MX-CHP,2009,1,20.858793963832714,23.206453859176815,2009-01-01
MX-CHP,2009,2,21.663691273907798,10.199796671097722,2009-02-01
MX-CHP,2009,3,22.646894845177556,9.380384823556591,2009-03-01
MX-CHP,2009,4,25.110166421462623,16.722523468193682,2009-04-01
MX-CHP,2009,5,25.403064807861274,44.134062281286504,2009-05-01
MX-CHP,2009,6,24.820732355604303,104.34828904090503,2009-06-01
MX-CHP,2009,7,25.197345612247524,49.94977028586203,2009-07-01
MX-CHP,2009,8,24.920991041311577,71.00721316758559,2009-08-01
MX-CHP,2009,9,24.968581486367984,80.11568806461153,2009-09-01
MX-CHP,2009,10,24.507240349497756,54.24675162502219,2009-10-01
MX-CHP,2009,11,21.936758606739065,50.47470478168677,2009-11-01
MX-CHP,2009,12,21.86820570024249,26.69130358705495,2009-12-01
MX-CHP,2010,1,20.27373849491844,28.286487255392814,2010-01-01
MX-CHP,2010,2,21.890318808469623,16.77989715933364,2010-02-01
MX-CHP,2010,3,22.98582555907533,16.647711523655182,2010-03-01
MX-CHP,2010,4,25.81086023318244,26.23260369820242,2010-04-01
MX-CHP,2010,5,26.306590741052062,56.833501723794676,2010-05-01
MX-CHP,2010,6,25.301263928371306,117.89804162663988,2010-06-01
MX-CHP,2010,7,24.700010889866352,118.11188149735116,2010-07-01
MX-CHP,2010,8,24.416778955263023,167.95418465432923,2010-08-01
MX-CHP,2010,9,24.091033109865847,188.99642816093677,2010-09-01
MX-CHP,2010,10,23.004261098246822,24.281928714628073,2010-10-01
MX-CHP,2010,11,22.004267312992322,26.310859390284715,2010-11-01
MX-CHP,2010,12,19.59877669352409,25.16308561646833,2010-12-01
MX-CHP,2011,1,21.515123394859252,27.716332835298086,2011-01-01
MX-CHP,2011,2,21.9942899572778,20.141681783664456,2011-02-01
MX-CHP,2011,3,23.603407628781483,17.217818071536726,2011-03-01
MX-CHP,2011,4,25.750828401769052,17.456004508068027,2011-04-01
MX-CHP,2011,5,26.71096248220886,25.336396858643067,2011-05-01
MX-CHP,2011,6,24.973353952432134,110.44632921627523,2011-06-01
MX-CHP,2011,7,24.306352834573364,119.4674873832432,2011-07-01
MX-CHP,2011,8,24.724417858928888,115.62843764122783,2011-08-01
MX-CHP,2011,9,23.955615755272365,116.30602965290242,2011-09-01
MX-CHP,2011,10,22.35331856144144,115.60093692301082,2011-10-01
MX-CHP,2011,11,22.257957240880494,24.994332711913568,2011-11-01
MX-CHP,2011,12,21.20841522563913,18.75183827717685,2011-12-01
MX-CHP,2012,1,21.71656735494238,33.17082519713926,2012-01-01
MX-CHP,2012,2,22.682014108590245,18.66429518146792,2012-02-01
MX-CHP,2012,3,23.62393652737955,16.021742565455245,2012-03-01
MX-CHP,2012,4,24.854373767011467,15.604763187866002,2012-04-01
MX-CHP,2012,5,25.513941605752787,65.55456154985758,2012-05-01
MX-CHP,2012,6,24.532360601856617,100.17176284346375,2012-06-01
MX-CHP,2012,7,24.4920838957144,56.145467372110524,2012-07-01
MX-CHP,2012,8,24.381499523075497,104.14880514058235,2012-08-01
MX-CHP,2012,9,24.293082056452256,79.00050244087095,2012-09-01
MX-CHP,2012,10,23.602162753370894,40.84783986784592,2012-10-01
MX-CHP,2012,11,21.659950297819773,10.387548937794763,2012-11-01
MX-CHP,2012,12,21.89356368811766,22.9130333909133,2012-12-01
MX-CHP,2013,1,21.54784551397091,37.399316833842384,2013-01-01
MX-CHP,2013,2,22.893362483458752,14.386322223517894,2013-02-01
MX-CHP,2013,3,22.497161361548134,16.675852378646837,2013-03-01
MX-CHP,2013,4,25.721268857492827,11.545688936574972,2013-04-01
MX-CHP,2013,5,25.60323030981081,61.72984099226424,2013-05-01
MX-CHP,2013,6,24.7313225535459,108.19412116074932,2013-06-01
MX-CHP,2013,7,24.509088365784507,77.09893638811299,2013-07-01
MX-CHP,2013,8,24.410314560563602,90.6750425940671,2013-08-01
MX-CHP,2013,9,24.02733258885987,110.46472732637179,2013-09-01
MX-CHP,2013,10,24.032546649101494,99.50448740350377,2013-10-01
MX-CHP,2013,11,22.504122794728058,63.83970774577487,2013-11-01
MX-CHP,2013,12,21.671874349079953,48.48065658488403,2013-12-01
MX-CHP,2014,1,20.002675370870225,32.61926854755675,2014-01-01
MX-CHP,2014,2,22.73129836166573,14.377896911226019,2014-02-01
MX-CHP,2014,3,24.422339325320575,13.294330440264138,2014-03-01
MX-CHP,2014,4,25.44607724779291,19.489227211725467,2014-04-01
MX-CHP,2014,5,24.545808491394165,83.28368538402222,2014-05-01
MX-CHP,2014,6,24.584612828691714,118.31518462860615,2014-06-01
MX-CHP,2014,7,25.235113536105885,38.04071840615193,2014-07-01
MX-CHP,2014,8,25.044825532731508,66.69660431681892,2014-08-01
MX-CHP,2014,9,23.99780881281694,120.22971257513714,2014-09-01
MX-CHP,2014,10,23.482091827510835,98.03345558640318,2014-10-01
MX-CHP,2014,11,21.698069429320505,34.822788055241425,2014-11-01
MX-CHP,2014,12,21.269265881679743,15.409028114254696,2014-12-01
MX-CHP,2015,1,20.684272866159862,39.341991260912174,2015-01-01
MX-CHP,2015,2,21.189825255824434,20.94022877831543,2015-02-01
MX-CHP,2015,3,23.160058635928785,28.300933931700044,2015-03-01
MX-CHP,2015,4,25.95645738772713,15.49495716540665,2015-04-01
MX-CHP,2015,5,25.57974772896066,35.43102203859746,2015-05-01
MX-CHP,2015,6,24.945373408148168,83.77214474139826,2015-06-01
MX-CHP,2015,7,25.103579214049702,44.27153174910581,2015-07-01
MX-CHP,2015,8,25.479793529219844,51.01287078101808,2015-08-01
MX-CHP,2015,9,24.497664441398022,96.87452186039238,2015-09-01
MX-CHP,2015,10,24.264776009253076,81.89044753107673,2015-10-01
MX-CHP,2015,11,23.90917120709837,54.48138770238145,2015-11-01
MX-CHP,2015,12,23.000656547066374,43.69228924175393,2015-12-01
MX-CHP,2016,1,21.00214637035027,19.850680025585035,2016-01-01
MX-CHP,2016,2,20.87740708353844,25.300397580213442,2016-02-01
MX-CHP,2016,3,24.676393513896063,16.221709172450353,2016-03-01
MX-CHP,2016,4,26.058858226017765,18.64210322256865,2016-04-01
MX-CHP,2016,5,26.704064437559648,26.41079522163188,2016-05-01
MX-CHP,2016,6,24.86518172114426,88.88458237592451,2016-06-01
MX-CHP,2016,7,25.10684670495637,55.988963389057666,2016-07-01
MX-CHP,2016,8,24.799640184875987,88.93157714903737,2016-08-01
MX-CHP,2016,9,24.102576490341377,98.02122180953747,2016-09-01
MX-CHP,2016,10,23.644306384034085,37.39688383231992,2016-10-01
MX-CHP,2016,11,22.378039178064334,32.065792608746136,2016-11-01
MX-CHP,2016,12,22.548714251127944,23.93456538887249,2016-12-01
MX-CHP,2017,1,21.199503909222276,24.534564969021076,2017-01-01
MX-CHP,2017,2,22.817219520785027,5.231707744350935,2017-02-01
MX-CHP,2017,3,23.498839324864424,11.979020755005322,2017-03-01
MX-CHP,2017,4,25.283459990312085,15.46572241183246,2017-04-01
MX-CHP,2017,5,25.743424564039998,51.09799666277635,2017-05-01
MX-CHP,2017,6,24.461389931228315,122.81325249912891,2017-06-01
MX-CHP,2017,7,24.507480657420178,61.20710708745781,2017-07-01
MX-CHP,2017,8,24.63133304062384,70.2638977622631,2017-08-01
MX-CHP,2017,9,24.389173932529204,115.79053074298228,2017-09-01
MX-CHP,2017,10,23.421425546929846,90.04826126133612,2017-10-01
MX-CHP,2017,11,22.144788524729044,16.86710156801442,2017-11-01
MX-CHP,2017,12,21.063752935480505,13.134631592225988,2017-12-01
MX-CHP,2018,1,19.48925275568911,46.12819231920451,2018-01-01
MX-CHP,2018,2,22.597174657967706,8.159663068239409,2018-02-01
MX-CHP,2018,3,24.202795988513074,12.196292942454345,2018-03-01
MX-CHP,2018,4,24.696122517927467,32.16304323058324,2018-04-01
MX-CHP,2018,5,25.6130574011198,31.79065253376502,2018-05-01
MX-CHP,2018,6,24.59693080607116,77.44224131238657,2018-06-01
MX-CHP,2018,7,25.254492917474224,31.125267002342817,2018-07-01
MX-CHP,2018,8,24.51392912826608,77.46765796252761,2018-08-01
MX-CHP,2018,9,24.422916448037803,73.46718701812196,2018-09-01
MX-CHP,2018,10,23.849633265773615,84.74327757430343,2018-10-01
MX-CHP,2018,11,22.79270418925946,37.40620477265164,2018-11-01
MX-CHP,2018,12,21.503104179506348,19.876461673366283,2018-12-01
MX-CHP,2019,1,21.09629360249436,23.401414358551953,2019-01-01
MX-CHP,2019,2,23.158297315405722,9.53584602595137,2019-02-01
MX-CHP,2019,3,23.49734291277023,16.44494348073077,2019-03-01
MX-CHP,2019,4,25.25527529388948,11.017857200747637,2019-04-01
MX-CHP,2019,5,26.781354772729905,39.526990367594124,2019-05-01
MX-CHP,2019,6,25.651540910460927,76.33521256603285,2019-06-01
MX-CHP,2019,7,25.21491311454908,45.685402120080546,2019-07-01
MX-CHP,2019,8,25.523305883514997,53.141105677845324,2019-08-01
MX-CHP,2019,9,24.61226617518314,95.89529984919024,2019-09-01
MX-CHP,2019,10,23.9957063004947,111.8284701092781,2019-10-01
MX-CHP,2019,11,22.757194038940103,26.769915187025052,2019-11-01
MX-CHP,2019,12,21.6823113940294,32.93012937793623,2019-12-01
MX-CHP,2020,1,21.984166098398813,18.413899882129336,2020-01-01
MX-CHP,2020,2,22.829310418064708,24.955248451822683,2020-02-01
MX-CHP,2020,3,24.24637725896564,9.15552385045483,2020-03-01
MX-CHP,2020,4,27.05672608891585,8.300375275896103,2020-04-01
MX-CHP,2020,5,26.410207778183594,70.01954472347337,2020-05-01
MX-CHP,2020,6,24.843126900087075,116.98900858886992,2020-06-01
MX-CHP,2020,7,25.232231238692314,60.464737400612506,2020-07-01
MX-CHP,2020,8,24.85969887989065,95.32997465561174,2020-08-01
MX-CHP,2020,9,24.436817090550004,101.05227619280214,2020-09-01
MX-CHP,2020,10,23.543418235364644,96.12130553454685,2020-10-01
MX-CHP,2020,11,22.799357984696975,85.732636924398,2020-11-01
MX-CHP,2020,12,20.98012031080205,28.004504459050874,2020-12-01
MX-CHP,2021,1,21.682177448648822,19.13246279200094,2021-01-01
MX-CHP,2021,2,22.079047581609846,13.978580377093053,2021-02-01
MX-CHP,2021,3,23.644950056224403,16.062840130051892,2021-03-01
MX-CHP,2021,4,25.455922004824572,13.218716490025276,2021-04-01
MX-CHP,2021,5,25.321732351452592,65.85194603996679,2021-05-01
MX-CHP,2021,6,24.637844031718668,89.42578102821872,2021-06-01
MX-CHP,2021,7,24.935288021953443,54.280008757792345,2021-07-01
MX-CHP,2021,8,24.616422116369137,80.61448970458245,2021-08-01
MX-CHP,2021,9,24.41239260949168,90.54407011804281,2021-09-01
MX-CHP,2021,10,24.401332250957033,63.93083018636958,2021-10-01
MX-CHP,2021,11,21.91223564356236,23.590520651596776,2021-11-01
MX-CHP,2021,12,22.32283138335425,12.72883477926805,2021-12-01
MX-CHP,2022,1,20.951817584707285,33.88060060899263,2022-01-01
MX-CHP,2022,2,21.31627579804299,36.26885550559896,2022-02-01
MX-CHP,2022,3,23.185838451288998,19.843217805271017,2022-03-01
MX-CHP,2022,4,25.21489387136008,25.90400233397575,2022-04-01
MX-CHP,2022,5,25.819299075497984,46.520894936275965,2022-05-01
MX-CHP,2022,6,23.90350176464078,107.88758998225313,2022-06-01
MX-CHP,2022,7,24.638833436547326,56.671897084242204,2022-07-01
MX-CHP,2022,8,24.41947137409348,82.30349352916294,2022-08-01
MX-CHP,2022,9,23.612116302703537,151.63689518529014,2022-09-01
MX-CHP,2022,10,23.460465793851387,78.64373660418252,2022-10-01
MX-CHP,2022,11,22.952975313811432,47.74328861314809,2022-11-01
MX-CHP,2022,12,21.771930285575902,17.44258586093004,2022-12-01
MX-CHP,2023,1,21.91854890171685,19.455543170395142,2023-01-01
MX-CHP,2023,2,22.041700965393034,32.776944326071906,2023-02-01
MX-CHP,2023,3,24.46765508222907,16.576398431502746,2023-03-01
MX-CHP,2023,4,25.39588345249088,9.810969729511088,2023-04-01
MX-CHP,2023,5,26.009156781093708,19.695004451854906,2023-05-01
MX-CHP,2023,6,26.66254377619561,55.31280976363096,2023-06-01
MX-CHP,2023,7,25.203813149220643,84.3678147915298,2023-07-01
MX-CHP,2023,8,25.316372516879387,70.01004972256621,2023-08-01
MX-CHP,2023,9,25.282342194998776,57.70879578858887,2023-09-01
MX-CHP,2023,10,24.55730441289031,69.22654563762612,2023-10-01
MX-CHP,2023,11,23.054584996537024,59.38558113841045,2023-11-01
MX-CHP,2023,12,21.6616796963941,32.66653065606119,2023-12-01
MX-CHP,2024,1,22.4172302399221,22.088098717569675,2024-01-01
MX-CHP,2024,2,21.888224377019604,11.23218946329489,2024-02-01
MX-CHP,2024,3,25.632028728975236,7.268850500184341,2024-03-01
MX-CHP,2024,4,26.60938112268842,9.162515246221998,2024-04-01
MX-CHP,2024,5,28.870820911309472,17.45172191748269,2024-05-01
MX-CHP,2024,6,25.789184557890955,162.46814024696567,2024-06-01
MX-CHP,2024,7,25.166092740279627,81.98562064926257,2024-07-01
MX-CHP,2024,8,25.085878693070732,73.69836903683552,2024-08-01
MX-CHP,2024,9,25.0836113164484,112.50959087569004,2024-09-01
MX-CHP,2024,10,23.691446761026327,108.28799363466773,2024-10-01
MX-CHP,2024,11,23.183562199664138,34.356033046891234,2024-11-01
MX-CHP,2024,12,21.643614538140092,23.799025064601214,2024-12-01
MX-CHP,2025,1,21.828180026506256,26.581054547772908,2025-01-01
MX-CHP,2025,2,23.263206337595623,20.17075181674403,2025-02-01
MX-CHP,2025,3,24.459522482729657,14.413693685348253,2025-03-01
MX-CHP,2025,4,24.93147004689869,17.17777814252143,2025-04-01
MX-CHP,2025,5,27.005102214866557,25.49974301744867,2025-05-01
MX-CHP,2025,6,24.97558487992872,117.19706546050138,2025-06-01
MX-CHP,2025,7,25.113298901417952,44.456963015839605,2025-07-01
MX-CHP,2025,8,25.00203965459557,64.39637816124578,2025-08-01
MX-CHP,2025,9,24.48698355749991,115.94402950307605,2025-09-01
MX-CHP,2025,10,23.836601738085584,68.01165485795161,2025-10-01
MX-CHP,2025,11,22.699253012077836,23.30891193663939,2025-11-01
MX-CHP,2025,12,22.317363425631285,39.76909201069154,2025-12-01
MX-COA,1990,1,12.935905096097121,7.285978702254127,1990-01-01
MX-COA,1990,2,15.00138832399062,7.930292685486286,1990-02-01
MX-COA,1990,3,17.401865462906105,12.475772339043923,1990-03-01
MX-COA,1990,4,20.769398297867397,17.682483058579397,1990-04-01
MX-COA,1990,5,24.77976069645297,20.18449984625969,1990-05-01
MX-COA,1990,6,27.78174497537716,6.043828905509017,1990-06-01
MX-COA,1990,7,24.462011288857816,43.62752589438234,1990-07-01
MX-COA,1990,8,24.294555724113657,30.450565799545025,1990-08-01
MX-COA,1990,9,22.031915726697537,42.59563782068532,1990-09-01
MX-COA,1990,10,19.058598892700367,12.356582316240468,1990-10-01
MX-COA,1990,11,16.29722923437236,5.842652019975503,1990-11-01
MX-COA,1990,12,13.101547705512633,1.735081000425569,1990-12-01
MX-COA,1991,1,11.560820380819541,5.30766005688716,1991-01-01
MX-COA,1991,2,14.012561162604003,7.1645048337523916,1991-02-01
MX-COA,1991,3,19.743864093185213,1.0514937439296081,1991-03-01
MX-COA,1991,4,22.401278160126004,12.383667559721255,1991-04-01
MX-COA,1991,5,25.062999433075284,13.870442175265076,1991-05-01
MX-COA,1991,6,25.91041864967185,26.548215825760128,1991-06-01
MX-COA,1991,7,24.097249434433543,46.145667123146204,1991-07-01
MX-COA,1991,8,25.893258017593464,20.451798464301945,1991-08-01
MX-COA,1991,9,21.4639250660589,48.07107099284697,1991-09-01
MX-COA,1991,10,20.667898802930594,5.705097249672959,1991-10-01
MX-COA,1991,11,13.676771007691725,6.529690962976653,1991-11-01
MX-COA,1991,12,12.315750051867735,21.571422659875285,1991-12-01
MX-COA,1992,1,9.55070712904037,25.653542504691647,1992-01-01
MX-COA,1992,2,13.072013580541249,11.667316668012363,1992-02-01
MX-COA,1992,3,17.763271152111976,4.181139466562181,1992-03-01
MX-COA,1992,4,19.654174414091788,17.270575065945714,1992-04-01
MX-COA,1992,5,21.76507690231069,30.038689139034986,1992-05-01
MX-COA,1992,6,26.984601990119423,9.62498150190843,1992-06-01
MX-COA,1992,7,26.20855962104931,19.891277438379305,1992-07-01
MX-COA,1992,8,25.1216127486276,17.493865150983524,1992-08-01
MX-COA,1992,9,23.841508705050842,11.581115364637348,1992-09-01
MX-COA,1992,10,20.701140187989214,6.260634467951823,1992-10-01
MX-COA,1992,11,13.664879383546836,5.651803517639597,1992-11-01
MX-COA,1992,12,13.567857561990946,8.465024193714012,1992-12-01
MX-COA,1993,1,12.448091352232082,6.091243972055775,1993-01-01
MX-COA,1993,2,14.275908822005224,3.9968496138462504,1993-02-01
MX-COA,1993,3,17.051651750380884,6.212825602550079,1993-03-01
MX-COA,1993,4,21.13579224036899,8.975486344675135,1993-04-01
MX-COA,1993,5,23.213581744573084,14.57288875919617,1993-05-01
MX-COA,1993,6,25.19381722201955,33.03254173838823,1993-06-01
MX-COA,1993,7,26.63237631717974,14.2514556060394,1993-07-01
MX-COA,1993,8,26.513704905626533,14.136967578255348,1993-08-01
MX-COA,1993,9,22.415395548874827,30.650694531735734,1993-09-01
MX-COA,1993,10,20.15025591723852,6.252693681888265,1993-10-01
MX-COA,1993,11,14.785428716284608,5.81987466244587,1993-11-01
MX-COA,1993,12,13.697194502990511,4.189526253651954,1993-12-01
MX-COA,1994,1,12.491717427822266,10.33396109515176,1994-01-01
MX-COA,1994,2,14.41445392113617,4.097984357792288,1994-02-01
MX-COA,1994,3,18.180897203201077,12.01289128664507,1994-03-01
MX-COA,1994,4,21.731817722096423,7.567609833781813,1994-04-01
MX-COA,1994,5,24.46901289091402,14.827097576073523,1994-05-01
MX-COA,1994,6,27.277854448315384,16.86829511619509,1994-06-01
MX-COA,1994,7,27.43536231969665,18.463906725681944,1994-07-01
MX-COA,1994,8,26.18099152476247,14.304124257806997,1994-08-01
MX-COA,1994,9,23.227952186579284,20.070012900667766,1994-09-01
MX-COA,1994,10,20.886424847011288,17.876730379527203,1994-10-01
MX-COA,1994,11,18.197721846493906,5.170572601402767,1994-11-01
MX-COA,1994,12,13.82042723678765,11.908294237658454,1994-12-01
MX-COA,1995,1,12.499290926738484,1.3883269153009288,1995-01-01
MX-COA,1995,2,16.101377389780428,5.2283218143222925,1995-02-01
MX-COA,1995,3,17.459700682171675,6.962004438174685,1995-03-01
MX-COA,1995,4,21.627871095223917,5.958019073805995,1995-04-01
MX-COA,1995,5,26.007758178599612,19.95914104589743,1995-05-01
MX-COA,1995,6,26.323153695286706,10.272842199788306,1995-06-01
MX-COA,1995,7,27.268798421670702,11.927879263118735,1995-07-01
MX-COA,1995,8,26.097376248337504,23.614820938267982,1995-08-01
MX-COA,1995,9,24.349269663449146,22.377433793942323,1995-09-01
MX-COA,1995,10,20.97121374337825,5.944631344676148,1995-10-01
MX-COA,1995,11,16.56068784304792,8.917943970350771,1995-11-01
MX-COA,1995,12,12.656668788183689,4.3309025067696965,1995-12-01
MX-COA,1996,1,12.537828428633444,1.585108738923568,1996-01-01
MX-COA,1996,2,15.953699027360777,5.316476551531111,1996-02-01
MX-COA,1996,3,16.06092662740136,1.3590518892321288,1996-03-01
MX-COA,1996,4,21.32699943944038,9.186817389633118,1996-04-01
MX-COA,1996,5,27.155133109724645,10.912772250679065,1996-05-01
MX-COA,1996,6,27.368758667146455,10.096270669041525,1996-06-01
MX-COA,1996,7,27.707319448815262,14.052005168992396,1996-07-01
MX-COA,1996,8,25.750738530509455,33.351699887644024,1996-08-01
MX-COA,1996,9,24.048005385968068,21.567122923671825,1996-09-01
MX-COA,1996,10,20.34692998379426,20.386841442556154,1996-10-01
MX-COA,1996,11,16.432816410487913,6.020999093888837,1996-11-01
MX-COA,1996,12,12.38358731410661,2.988041328857222,1996-12-01
MX-COA,1997,1,10.587539062247478,6.661969288411724,1997-01-01
MX-COA,1997,2,12.985986080182427,9.296860183915825,1997-02-01
MX-COA,1997,3,17.86875448598174,20.656840804643398,1997-03-01
MX-COA,1997,4,18.199781562130532,18.577724573239756,1997-04-01
MX-COA,1997,5,23.07104983487185,20.806546192418217,1997-05-01
MX-COA,1997,6,25.66788216225998,26.008085266659204,1997-06-01
MX-COA,1997,7,26.91194653164479,16.690948366810524,1997-07-01
MX-COA,1997,8,27.03510597073397,12.677898501459056,1997-08-01
MX-COA,1997,9,24.740806762706665,20.38227336885419,1997-09-01
MX-COA,1997,10,19.682021966998935,14.592048247218628,1997-10-01
MX-COA,1997,11,15.17910561025115,6.899108214194735,1997-11-01
MX-COA,1997,12,10.26613261154522,4.2522070946445565,1997-12-01
MX-COA,1998,1,13.476305272952748,3.1091312726940874,1998-01-01
MX-COA,1998,2,14.09704677218196,6.202102608118295,1998-02-01
MX-COA,1998,3,17.0537603289343,7.18913629910107,1998-03-01
MX-COA,1998,4,21.692080017643722,2.808533405496695,1998-04-01
MX-COA,1998,5,27.795600954855107,4.306775261229441,1998-05-01
MX-COA,1998,6,29.240534537605527,12.789205165609562,1998-06-01
MX-COA,1998,7,28.453138906608338,7.430815239639203,1998-07-01
MX-COA,1998,8,25.52711801079338,51.010649952694564,1998-08-01
MX-COA,1998,9,24.448490521290275,22.724316028207816,1998-09-01
MX-COA,1998,10,20.864413181559527,22.249371246717892,1998-10-01
MX-COA,1998,11,16.815167960849426,11.004593661759603,1998-11-01
MX-COA,1998,12,12.814761376514786,2.96861037307499,1998-12-01
MX-COA,1999,1,13.641490524046253,0.30868264456228167,1999-01-01
MX-COA,1999,2,17.219641828637844,1.155303552366655,1999-02-01
MX-COA,1999,3,18.60223972612916,11.901449416710932,1999-03-01
MX-COA,1999,4,23.71778158967535,7.420298187986415,1999-04-01
MX-COA,1999,5,25.67626210740187,13.992257523701644,1999-05-01
MX-COA,1999,6,25.96095873825951,30.09724587952064,1999-06-01
MX-COA,1999,7,25.63839367828003,19.856967736863304,1999-07-01
MX-COA,1999,8,26.960280354293456,25.506153196413138,1999-08-01
MX-COA,1999,9,24.28969399066177,7.371364630614824,1999-09-01
MX-COA,1999,10,19.621673848052964,11.678799328215508,1999-10-01
MX-COA,1999,11,16.3850601017044,0.7799726965253333,1999-11-01
MX-COA,1999,12,11.48840050672269,3.4013332749093856,1999-12-01
MX-COA,2000,1,14.103068386020848,1.8629698917154207,2000-01-01
MX-COA,2000,2,17.14929125274255,6.997594127761523,2000-02-01
MX-COA,2000,3,20.574084799580206,6.618748922670409,2000-03-01
MX-COA,2000,4,23.11260122070938,6.196285960753678,2000-04-01
MX-COA,2000,5,26.571595090585365,14.931652458332254,2000-05-01
MX-COA,2000,6,25.54679165838845,28.505605794206843,2000-06-01
MX-COA,2000,7,28.215779044998435,7.688653830241552,2000-07-01
MX-COA,2000,8,26.205718931471168,13.048723873201492,2000-08-01
MX-COA,2000,9,25.199179063787536,15.93491363270129,2000-09-01
MX-COA,2000,10,19.168659690154616,24.86737983733856,2000-10-01
MX-COA,2000,11,14.093533410341502,16.976717925476922,2000-11-01
MX-COA,2000,12,10.342425519642623,4.888821134491773,2000-12-01
MX-COA,2001,1,11.056910763770846,5.7290120449018564,2001-01-01
MX-COA,2001,2,15.35235579639539,7.831894954514014,2001-02-01
MX-COA,2001,3,15.900987943956991,12.10210395931694,2001-03-01
MX-COA,2001,4,22.68009521080175,9.928505553773753,2001-04-01
MX-COA,2001,5,25.51332615322077,9.802982185382682,2001-05-01
MX-COA,2001,6,27.42763071964867,10.097374285032574,2001-06-01
MX-COA,2001,7,27.830393526526844,9.148199246450687,2001-07-01
MX-COA,2001,8,27.163043708549,15.47813666705113,2001-08-01
MX-COA,2001,9,23.762015169575132,21.113366881589574,2001-09-01
MX-COA,2001,10,20.823382358187462,7.2334954651689936,2001-10-01
MX-COA,2001,11,16.420853234039427,16.343983366744062,2001-11-01
MX-COA,2001,12,12.221948282220264,7.291853471348338,2001-12-01
MX-COA,2002,1,13.533359680776186,0.9100974465704954,2002-01-01
MX-COA,2002,2,12.61523310019453,3.690030863650018,2002-02-01
MX-COA,2002,3,18.19121246997189,2.4151638272183558,2002-03-01
MX-COA,2002,4,24.25320977940437,7.43420506124458,2002-04-01
MX-COA,2002,5,26.19093099033972,12.080327855489164,2002-05-01
MX-COA,2002,6,27.378694816184613,13.00933776359695,2002-06-01
MX-COA,2002,7,25.29104784731788,38.445764496457,2002-07-01
MX-COA,2002,8,27.03111100803337,14.906449082681577,2002-08-01
MX-COA,2002,9,23.755552271041022,23.90893942368967,2002-09-01
MX-COA,2002,10,21.2781160447554,25.669826393170926,2002-10-01
MX-COA,2002,11,14.611948916284375,7.609168666419541,2002-11-01
MX-COA,2002,12,12.509860180656917,2.6559802446098963,2002-12-01
MX-COA,2003,1,11.550987062939354,5.230159191893929,2003-01-01
MX-COA,2003,2,14.062056242316974,8.390947613042908,2003-02-01
MX-COA,2003,3,18.128863447564644,5.946513684300018,2003-03-01
MX-COA,2003,4,22.815833580575454,6.5912214264122975,2003-04-01
MX-COA,2003,5,27.435357974065763,11.380349981063583,2003-05-01
MX-COA,2003,6,27.006320773135243,18.557440274350256,2003-06-01
MX-COA,2003,7,25.213417165013976,36.926850280512014,2003-07-01
MX-COA,2003,8,26.3754085419267,18.25848249866404,2003-08-01
MX-COA,2003,9,22.616068439806863,48.91650906743583,2003-09-01
MX-COA,2003,10,19.87370628725531,35.03949343320657,2003-10-01
MX-COA,2003,11,17.074794566872,6.001843712589413,2003-11-01
MX-COA,2003,12,12.156224836440124,1.0818311959432156,2003-12-01
MX-COA,2004,1,12.085110550018488,10.416006328583435,2004-01-01
MX-COA,2004,2,13.08097115224631,4.839002027632566,2004-02-01
MX-COA,2004,3,18.338600111470477,22.948227857367982,2004-03-01
MX-COA,2004,4,19.698040594139034,19.265925631454532,2004-04-01
MX-COA,2004,5,24.073080069962966,9.20559926694292,2004-05-01
MX-COA,2004,6,25.799071999958965,24.00105754626446,2004-06-01
MX-COA,2004,7,26.00803377828938,16.94280056010193,2004-07-01
MX-COA,2004,8,25.481697688400104,27.62081660996142,2004-08-01
MX-COA,2004,9,22.74704259924712,31.540332968965288,2004-09-01
MX-COA,2004,10,21.99699604224711,14.733070547695096,2004-10-01
MX-COA,2004,11,14.676128763052908,15.640903209802655,2004-11-01
MX-COA,2004,12,11.076805157312004,1.5782079838417151,2004-12-01
MX-COA,2005,1,13.58495724636284,6.790371610625537,2005-01-01
MX-COA,2005,2,13.011863595435784,14.08934129106921,2005-02-01
MX-COA,2005,3,17.248676279796648,9.364995257419531,2005-03-01
MX-COA,2005,4,21.651302093799185,4.178243004492663,2005-04-01
MX-COA,2005,5,23.889928885026062,16.36316152588364,2005-05-01
MX-COA,2005,6,27.770969343337196,5.039964702114845,2005-06-01
MX-COA,2005,7,26.873292422517657,28.17814268252976,2005-07-01
MX-COA,2005,8,26.05549973008731,17.776569121636893,2005-08-01
MX-COA,2005,9,25.983409972344948,8.588040266997393,2005-09-01
MX-COA,2005,10,20.520505322898387,24.999286865064363,2005-10-01
MX-COA,2005,11,16.671494984003775,1.3847714471641286,2005-11-01
MX-COA,2005,12,12.578344722213137,1.1893818765774573,2005-12-01
MX-COA,2006,1,13.96711207453435,3.3997334871747418,2006-01-01
MX-COA,2006,2,14.633041326721537,2.1967895380064864,2006-02-01
MX-COA,2006,3,20.211510058196684,3.8524997927049287,2006-03-01
MX-COA,2006,4,24.801077925192075,4.828998014219569,2006-04-01
MX-COA,2006,5,26.26121328596206,9.323316034869503,2006-05-01
MX-COA,2006,6,27.35470128898304,8.241430252613881,2006-06-01
MX-COA,2006,7,26.85402398948136,15.16115894130125,2006-07-01
MX-COA,2006,8,26.912218017379672,18.68192602507885,2006-08-01
MX-COA,2006,9,24.439376960287365,27.319632817138956,2006-09-01
MX-COA,2006,10,21.564202832881605,13.78240681651081,2006-10-01
MX-COA,2006,11,17.37652320349545,1.8144357002268363,2006-11-01
MX-COA,2006,12,11.361448756710383,13.820434667986195,2006-12-01
MX-COA,2007,1,9.59943705355045,13.81162263969739,2007-01-01
MX-COA,2007,2,14.774635888609655,2.007918359358344,2007-02-01
MX-COA,2007,3,19.191574588558623,10.28452169371504,2007-03-01
MX-COA,2007,4,20.954469923200424,10.929303540065096,2007-04-01
MX-COA,2007,5,23.852799849022198,22.899254314217202,2007-05-01
MX-COA,2007,6,25.95317460959688,29.527230041975848,2007-06-01
MX-COA,2007,7,24.60217622932799,55.66649702667252,2007-07-01
MX-COA,2007,8,25.991813707465216,13.937147376678272,2007-08-01
MX-COA,2007,9,24.341098535394387,25.4988374351729,2007-09-01
MX-COA,2007,10,21.741180035178516,2.8498430669679036,2007-10-01
MX-COA,2007,11,16.58508004150651,5.009091999257382,2007-11-01
MX-COA,2007,12,14.395360175645338,1.060247736681039,2007-12-01
MX-COA,2008,1,11.887397855921757,2.8147433022835417,2008-01-01
MX-COA,2008,2,17.097558595336878,1.3598176414991117,2008-02-01
MX-COA,2008,3,18.587261885975067,4.40969909074014,2008-03-01
MX-COA,2008,4,23.00845542750077,6.179990259277715,2008-04-01
MX-COA,2008,5,25.94598536180019,18.61878810663285,2008-05-01
MX-COA,2008,6,28.42548702192039,4.766903037948233,2008-06-01
MX-COA,2008,7,25.50324718631282,40.77972199705132,2008-07-01
MX-COA,2008,8,25.342222123602244,56.97459631947899,2008-08-01
MX-COA,2008,9,22.27426270673093,27.202347031406447,2008-09-01
MX-COA,2008,10,20.34806617286463,5.923433182166317,2008-10-01
MX-COA,2008,11,15.969916874652663,0.5785364563251821,2008-11-01
MX-COA,2008,12,13.491909387305864,1.653860976207627,2008-12-01
MX-COA,2009,1,13.925222104011787,2.54314179482058,2009-01-01
MX-COA,2009,2,16.87266872562396,1.0723532579720476,2009-02-01
MX-COA,2009,3,19.03513746642372,6.024273779266646,2009-03-01
MX-COA,2009,4,22.95897421301977,4.614136932151919,2009-04-01
MX-COA,2009,5,25.52520274189054,16.839643637126038,2009-05-01
MX-COA,2009,6,27.95856396797012,13.494536021412843,2009-06-01
MX-COA,2009,7,28.924691083124365,6.15170251740372,2009-07-01
MX-COA,2009,8,27.822257053103502,7.47879971935912,2009-08-01
MX-COA,2009,9,23.007250635115806,35.98792122999568,2009-09-01
MX-COA,2009,10,21.357728624488946,15.049993084155252,2009-10-01
MX-COA,2009,11,15.976447762402408,5.587131559339468,2009-11-01
MX-COA,2009,12,10.958927951775243,10.954526600539628,2009-12-01
MX-COA,2010,1,10.591303540195732,12.569193131689488,2010-01-01
MX-COA,2010,2,11.49889852156782,12.169474021581507,2010-02-01
MX-COA,2010,3,16.578133361783895,3.0192437734711586,2010-03-01
MX-COA,2010,4,21.090611238387016,25.046641574596478,2010-04-01
MX-COA,2010,5,25.511636956028656,14.240133755134165,2010-05-01
MX-COA,2010,6,27.574605894632477,20.39027569887955,2010-06-01
MX-COA,2010,7,24.95666826129381,75.1901652217443,2010-07-01
MX-COA,2010,8,27.298722708923428,8.528292525941106,2010-08-01
MX-COA,2010,9,24.362468105325423,32.23176884613044,2010-09-01
MX-COA,2010,10,20.97953643985635,1.1819939699432587,2010-10-01
MX-COA,2010,11,16.562154197419424,0.15992957281652764,2010-11-01
MX-COA,2010,12,13.06679888883868,0.42375556437569484,2010-12-01
MX-COA,2011,1,12.072863214779977,3.5589109832096613,2011-01-01
MX-COA,2011,2,14.040271807734442,0.31149062766339475,2011-02-01
MX-COA,2011,3,21.102263982773735,1.3842254209323355,2011-03-01
MX-COA,2011,4,25.772219035696626,1.6324268486711078,2011-04-01
MX-COA,2011,5,26.93992321524514,4.53949470178097,2011-05-01
MX-COA,2011,6,28.98072697946429,2.390879527227992,2011-06-01
MX-COA,2011,7,27.66292314533714,14.692106790633579,2011-07-01
MX-COA,2011,8,28.959214320030146,7.778067559412936,2011-08-01
MX-COA,2011,9,26.01567791153744,8.212287835871514,2011-09-01
MX-COA,2011,10,21.574873420847993,6.322369011224248,2011-10-01
MX-COA,2011,11,16.935860119982053,3.9075677506299265,2011-11-01
MX-COA,2011,12,11.361873874886433,6.480928800000546,2011-12-01
MX-COA,2012,1,13.566713636539573,3.8819668262133273,2012-01-01
MX-COA,2012,2,14.529675085931832,10.736432791813932,2012-02-01
MX-COA,2012,3,19.900520028803033,7.278203814947066,2012-03-01
MX-COA,2012,4,23.96232680772523,6.114576385780179,2012-04-01
MX-COA,2012,5,25.275317991256628,17.539053475735923,2012-05-01
MX-COA,2012,6,27.912944047771525,8.722639666830077,2012-06-01
MX-COA,2012,7,26.480516762534666,20.211040035871,2012-07-01
MX-COA,2012,8,27.884201734735367,8.393279374873455,2012-08-01
MX-COA,2012,9,24.48269924726629,23.004623973896262,2012-09-01
MX-COA,2012,10,21.805701443024162,5.486427073189325,2012-10-01
MX-COA,2012,11,17.24719283464092,3.68713339367281,2012-11-01
MX-COA,2012,12,14.562960538238862,0.5339781787563126,2012-12-01
MX-COA,2013,1,12.05687804022802,8.520184678867976,2013-01-01
MX-COA,2013,2,15.865403684881258,2.0436175068086437,2013-02-01
MX-COA,2013,3,18.093678404704487,1.5747576577438753,2013-03-01
MX-COA,2013,4,21.82716126828375,6.353297778370467,2013-04-01
MX-COA,2013,5,24.418183329392892,20.575192729256216,2013-05-01
MX-COA,2013,6,27.21421188739433,18.622088421829478,2013-06-01
MX-COA,2013,7,26.01985775513582,30.674688355174172,2013-07-01
MX-COA,2013,8,27.121980404507433,11.060783036437183,2013-08-01
MX-COA,2013,9,23.70484185519708,41.693943455718845,2013-09-01
MX-COA,2013,10,20.999283020454058,12.834824177994195,2013-10-01
MX-COA,2013,11,13.939478759592165,14.353563147772377,2013-11-01
MX-COA,2013,12,11.780812012862885,8.421115461711757,2013-12-01
MX-COA,2014,1,10.95033202771961,2.8483977418706914,2014-01-01
MX-COA,2014,2,15.170152636938464,2.7456410200290273,2014-02-01
MX-COA,2014,3,17.461306249184,7.0888350026734415,2014-03-01
MX-COA,2014,4,22.581934911785506,2.809429933463082,2014-04-01
MX-COA,2014,5,24.146556903878043,14.062502216235908,2014-05-01
MX-COA,2014,6,27.01554771688777,21.915249836375757,2014-06-01
MX-COA,2014,7,26.776959858496397,14.070610169824887,2014-07-01
MX-COA,2014,8,27.020369206119334,16.195257181985376,2014-08-01
MX-COA,2014,9,23.57590889360907,35.47501615339197,2014-09-01
MX-COA,2014,10,21.963273464827168,9.228237524091218,2014-10-01
MX-COA,2014,11,13.305720214256196,19.591589243381794,2014-11-01
MX-COA,2014,12,13.405552601448425,5.453299993187893,2014-12-01
MX-COA,2015,1,10.379772166788594,8.724532294902097,2015-01-01
MX-COA,2015,2,13.24766617054818,9.166483780514332,2015-02-01
MX-COA,2015,3,15.875176608280118,26.516275170059103,2015-03-01
MX-COA,2015,4,21.74589317633369,18.579302560526212,2015-04-01
MX-COA,2015,5,23.981813552126926,37.422059522304906,2015-05-01
MX-COA,2015,6,25.066251092472264,27.816052037226335,2015-06-01
MX-COA,2015,7,27.29821593182994,9.170413740908806,2015-07-01
MX-COA,2015,8,27.886867078436403,5.314976490874235,2015-08-01
MX-COA,2015,9,25.722524598881296,7.43111811060773,2015-09-01
MX-COA,2015,10,22.050580793897407,24.61976960766038,2015-10-01
MX-COA,2015,11,17.23480398070025,6.712883470063252,2015-11-01
MX-COA,2015,12,14.063161571586994,2.464376161283808,2015-12-01
MX-COA,2016,1,10.958193790354104,6.908540133051339,2016-01-01
MX-COA,2016,2,15.867384585912793,1.154021061338411,2016-02-01
MX-COA,2016,3,19.04211175270631,19.20993242747813,2016-03-01
MX-COA,2016,4,22.305520556982774,12.922855556794618,2016-04-01
MX-COA,2016,5,24.49474555973929,27.928098380594424,2016-05-01
MX-COA,2016,6,26.335925224931295,15.415225245684425,2016-06-01
MX-COA,2016,7,28.249673693545873,15.029436324028811,2016-07-01
MX-COA,2016,8,25.829158830810954,48.06275366718954,2016-08-01
MX-COA,2016,9,24.339133620786015,28.504267155040775,2016-09-01
MX-COA,2016,10,21.955531404898213,6.428881912888226,2016-10-01
MX-COA,2016,11,17.45883340610466,11.498695361962232,2016-11-01
MX-COA,2016,12,13.937344192375248,13.747977851964338,2016-12-01
MX-COA,2017,1,14.498101850819978,3.563495820706633,2017-01-01
MX-COA,2017,2,17.862390307425787,3.954736424667809,2017-02-01
MX-COA,2017,3,19.77617641110609,10.596170300109069,2017-03-01
MX-COA,2017,4,22.577671142215042,8.533066073888108,2017-04-01
MX-COA,2017,5,25.22783486074096,20.729981037068576,2017-05-01
MX-COA,2017,6,27.538123303579944,6.66575291772764,2017-06-01
MX-COA,2017,7,26.90229886770508,14.733820050836991,2017-07-01
MX-COA,2017,8,26.310023175945112,16.848581421478645,2017-08-01
MX-COA,2017,9,24.48306542616753,43.49365198686403,2017-09-01
MX-COA,2017,10,20.305183650479144,7.394623262648051,2017-10-01
MX-COA,2017,11,17.52590245098896,1.0847990594134118,2017-11-01
MX-COA,2017,12,11.593924623077864,15.631712160953292,2017-12-01
MX-COA,2018,1,10.011823798682977,1.7943473094489844,2018-01-01
MX-COA,2018,2,17.009564287458254,5.97996830658627,2018-02-01
MX-COA,2018,3,20.038530634748145,2.450854239318515,2018-03-01
MX-COA,2018,4,21.633324620742194,9.307214624031122,2018-04-01
MX-COA,2018,5,26.641041146695898,9.141196287552932,2018-05-01
MX-COA,2018,6,28.049889608932915,15.077760771944138,2018-06-01
MX-COA,2018,7,27.700011038862403,16.01890322939299,2018-07-01
MX-COA,2018,8,27.172354240697572,13.655512230631997,2018-08-01
MX-COA,2018,9,22.96941470227028,59.1321483421797,2018-09-01
MX-COA,2018,10,19.160680820326895,37.16655585209167,2018-10-01
MX-COA,2018,11,13.986561174253188,4.718875787916245,2018-11-01
MX-COA,2018,12,12.087825464655413,8.90159513525595,2018-12-01
MX-COA,2019,1,12.073611381128968,3.737870011144689,2019-01-01
MX-COA,2019,2,16.276543844064253,1.676456259868325,2019-02-01
MX-COA,2019,3,17.344076645118804,8.118772520466818,2019-03-01
MX-COA,2019,4,22.085988970726188,4.759510678095089,2019-04-01
MX-COA,2019,5,25.26904262594688,18.26796342631291,2019-05-01
MX-COA,2019,6,27.137605114403534,12.678036418822636,2019-06-01
MX-COA,2019,7,27.32105719219812,9.69371688625968,2019-07-01
MX-COA,2019,8,28.85025666942882,6.990069575440476,2019-08-01
MX-COA,2019,9,25.59292217857786,25.3571721067817,2019-09-01
MX-COA,2019,10,21.533870356813065,8.675015068349424,2019-10-01
MX-COA,2019,11,16.34475732642069,8.070494264901155,2019-11-01
MX-COA,2019,12,14.073661687255672,1.7441753434764904,2019-12-01
MX-COA,2020,1,13.53263664901702,6.654475756356293,2020-01-01
MX-COA,2020,2,14.497394255691345,2.819790087265907,2020-02-01
MX-COA,2020,3,21.058862561128954,9.890301578357038,2020-03-01
MX-COA,2020,4,23.34328541381667,6.565941114947182,2020-04-01
MX-COA,2020,5,25.763597184959536,14.02766159216237,2020-05-01
MX-COA,2020,6,26.895238963947623,12.957077825172846,2020-06-01
MX-COA,2020,7,27.644617941595282,29.86077482552116,2020-07-01
MX-COA,2020,8,27.68447328715653,2.598538057938859,2020-08-01
MX-COA,2020,9,23.01931814493686,25.49268588660374,2020-09-01
MX-COA,2020,10,21.66523303876464,1.1593181976356395,2020-10-01
MX-COA,2020,11,18.37400665339312,1.691371960844338,2020-11-01
MX-COA,2020,12,12.114511320649202,5.888396426191829,2020-12-01
MX-COA,2021,1,11.955148836349897,2.399622910201171,2021-01-01
MX-COA,2021,2,13.74101912866311,6.295744343404122,2021-02-01
MX-COA,2021,3,19.233122400423355,0.7800383350008553,2021-03-01
MX-COA,2021,4,22.224977861443872,6.101356942485545,2021-04-01
MX-COA,2021,5,24.957997743562004,17.275128368520104,2021-05-01
MX-COA,2021,6,26.78365475143922,16.559135207401884,2021-06-01
MX-COA,2021,7,25.883803127629417,26.42372161996748,2021-07-01
MX-COA,2021,8,26.18503225325833,25.508957108095153,2021-08-01
MX-COA,2021,9,25.80508031997838,7.211341578720041,2021-09-01
MX-COA,2021,10,22.813191506368767,7.841326314616715,2021-10-01
MX-COA,2021,11,16.9856115735304,3.577772317627675,2021-11-01
MX-COA,2021,12,17.543398265909033,2.2917083182729354,2021-12-01
MX-COA,2022,1,11.881081532276427,2.103230690104362,2022-01-01
MX-COA,2022,2,12.805592044184193,2.34004966829449,2022-02-01
MX-COA,2022,3,18.29030743835665,0.3373701493698847,2022-03-01
MX-COA,2022,4,23.739893824895272,9.629790603881478,2022-04-01
MX-COA,2022,5,27.67603416172584,8.555407044509037,2022-05-01
MX-COA,2022,6,28.186549301855976,5.331381432288293,2022-06-01
MX-COA,2022,7,28.57001781714846,7.868840434805645,2022-07-01
MX-COA,2022,8,26.3287594623238,50.52225872391799,2022-08-01
MX-COA,2022,9,23.49815438688654,22.256571473557802,2022-09-01
MX-COA,2022,10,19.815704576457517,13.287204829406205,2022-10-01
MX-COA,2022,11,14.965001635576478,5.197908987057931,2022-11-01
MX-COA,2022,12,13.47721777099741,1.044861867261918,2022-12-01
MX-COA,2023,1,14.725566418367805,1.2614021581027517,2023-01-01
MX-COA,2023,2,15.630401687502365,1.0257002680864054,2023-02-01
MX-COA,2023,3,19.788238763833732,5.818435962847697,2023-03-01
MX-COA,2023,4,21.5438064047493,9.907743470310699,2023-04-01
MX-COA,2023,5,23.681920958640625,22.802928779159686,2023-05-01
MX-COA,2023,6,29.587759940855435,6.417493744911172,2023-06-01
MX-COA,2023,7,28.54262049263583,11.489417486367742,2023-07-01
MX-COA,2023,8,28.92177351505922,12.458896809278226,2023-08-01
MX-COA,2023,9,27.517333491077714,6.9525064176311835,2023-09-01
MX-COA,2023,10,21.076696044767203,24.451741944835536,2023-10-01
MX-COA,2023,11,15.226895313006734,12.766298834621313,2023-11-01
MX-COA,2023,12,13.352246939669529,4.8292674813708425,2023-12-01
MX-COA,2024,1,11.783152715394252,3.60131306517789,2024-01-01
MX-COA,2024,2,16.536720382164255,7.622672075662249,2024-02-01
MX-COA,2024,3,19.274152880100225,5.633389194818425,2024-03-01
MX-COA,2024,4,23.643937393786505,3.100334798093934,2024-04-01
MX-COA,2024,5,28.66747130903958,11.957605298391202,2024-05-01
MX-COA,2024,6,28.130360037275615,28.47950108837993,2024-06-01
MX-COA,2024,7,26.375309763723084,23.185539384093687,2024-07-01
MX-COA,2024,8,28.256418926568703,11.342629170206829,2024-08-01
MX-COA,2024,9,24.0948443301716,33.86287745212431,2024-09-01
MX-COA,2024,10,22.211999972601422,4.029840812758389,2024-10-01
MX-COA,2024,11,19.010796685298036,2.710129026969871,2024-11-01
MX-COA,2024,12,15.114658295401066,2.7721111589250276,2024-12-01
MX-COA,2025,1,10.357892854832748,2.727557503507517,2025-01-01
MX-COA,2025,2,16.42811297096707,0.8433639772450705,2025-02-01
MX-COA,2025,3,20.92095626728099,4.302359979727746,2025-03-01
MX-COA,2025,4,24.06024709374268,4.102964151994193,2025-04-01
MX-COA,2025,5,26.37073131063047,18.254706084654647,2025-05-01
MX-COA,2025,6,27.783070724264274,10.027761572919209,2025-06-01
MX-COA,2025,7,25.92706240392768,33.465736630073515,2025-07-01
MX-COA,2025,8,27.482845475605963,12.360542707706701,2025-08-01
MX-COA,2025,9,24.906488054179103,20.06285876271017,2025-09-01
MX-COA,2025,10,22.878686376669783,1.6041732896868597,2025-10-01
MX-COA,2025,11,18.8786130770345,2.5952755000493504,2025-11-01
MX-COA,2025,12,15.19233825258702,2.138274453070783,2025-12-01
MX-COL,1990,1,23.809560482783084,0.8996103666351787,1990-01-01
MX-COL,1990,2,23.96327180053113,4.147889211112677,1990-02-01
MX-COL,1990,3,24.498738957516142,0.6398125323507042,1990-03-01
MX-COL,1990,4,25.996538823162457,2.040685325032884,1990-04-01
MX-COL,1990,5,27.11673975026007,11.408896338743,1990-05-01
MX-COL,1990,6,26.648212426726694,94.1299221128954,1990-06-01
MX-COL,1990,7,25.91347096483423,76.53030944834607,1990-07-01
MX-COL,1990,8,26.096752732163534,75.37056950932045,1990-08-01
MX-COL,1990,9,25.417533382153497,105.63499370660837,1990-09-01
MX-COL,1990,10,25.289052970285894,49.77221000887905,1990-10-01
MX-COL,1990,11,25.439565790619795,7.426165260212505,1990-11-01
MX-COL,1990,12,23.923591196771124,2.8268863403864923,1990-12-01
MX-COL,1991,1,23.119458051655677,0.41533157441411966,1991-01-01
MX-COL,1991,2,24.33138309207692,0.780575056284502,1991-02-01
MX-COL,1991,3,23.787701112762203,0.3507237978457633,1991-03-01
MX-COL,1991,4,24.74603191661452,0.04306745889429573,1991-04-01
MX-COL,1991,5,25.711661758453154,1.4292061456920016,1991-05-01
MX-COL,1991,6,26.245118835949476,53.37598359093261,1991-06-01
MX-COL,1991,7,26.185316433896222,65.8890013024609,1991-07-01
MX-COL,1991,8,26.408994715715476,71.01875337598683,1991-08-01
MX-COL,1991,9,25.442021284094103,82.228772251045,1991-09-01
MX-COL,1991,10,25.268755356721226,58.7014102900987,1991-10-01
MX-COL,1991,11,24.568413467462065,28.946075686400285,1991-11-01
MX-COL,1991,12,24.00783824386533,6.380221610524743,1991-12-01
MX-COL,1992,1,22.20198674461464,113.03220533794983,1992-01-01
MX-COL,1992,2,21.91704940608095,19.22089517640922,1992-02-01
MX-COL,1992,3,24.759994573331515,0.35410862062899673,1992-03-01
MX-COL,1992,4,25.54644215598211,1.058583115557259,1992-04-01
MX-COL,1992,5,26.95995276530971,8.07433774079109,1992-05-01
MX-COL,1992,6,27.31151906633775,33.10578893258364,1992-06-01
MX-COL,1992,7,26.156029452432325,80.96134810788885,1992-07-01
MX-COL,1992,8,25.981189142679025,86.00505079098448,1992-08-01
MX-COL,1992,9,25.65438514752824,105.44504233473856,1992-09-01
MX-COL,1992,10,25.505183057712962,76.67498233404066,1992-10-01
MX-COL,1992,11,24.42768600325348,10.619631784333013,1992-11-01
MX-COL,1992,12,23.970739808685845,20.59294807870424,1992-12-01
MX-COL,1993,1,23.38277535833165,8.724243232595352,1993-01-01
MX-COL,1993,2,23.274566797838173,2.0024073115654684,1993-02-01
MX-COL,1993,3,24.032766883355407,0.0368988262345348,1993-03-01
MX-COL,1993,4,24.66587813100813,0.12963092325568795,1993-04-01
MX-COL,1993,5,25.76804312408432,0.5546499536183337,1993-05-01
MX-COL,1993,6,26.186444302951994,102.59953529831026,1993-06-01
MX-COL,1993,7,26.07815907263832,132.98063385168135,1993-07-01
MX-COL,1993,8,25.923256939893417,132.759886046556,1993-08-01
MX-COL,1993,9,25.081044254558428,94.36861306176522,1993-09-01
MX-COL,1993,10,25.787539275011643,47.441025439652144,1993-10-01
MX-COL,1993,11,24.864499481210487,10.609231706665934,1993-11-01
MX-COL,1993,12,23.47280916080105,1.0640645269705173,1993-12-01
MX-COL,1994,1,23.57657833152554,0.49122201473471827,1994-01-01
MX-COL,1994,2,23.800281460136343,0.9927499285078403,1994-02-01
MX-COL,1994,3,24.33801228203921,0.03391662327153563,1994-03-01
MX-COL,1994,4,25.312817885943012,0.007051329429322862,1994-04-01
MX-COL,1994,5,26.431045349098675,1.0764402697607882,1994-05-01
MX-COL,1994,6,26.762101896824706,43.31143762220277,1994-06-01
MX-COL,1994,7,27.091775362583252,47.63792509718546,1994-07-01
MX-COL,1994,8,26.053815961841497,55.917902211792686,1994-08-01
MX-COL,1994,9,26.29807235868318,85.38737926630318,1994-09-01
MX-COL,1994,10,25.431847972073125,51.44893672614755,1994-10-01
MX-COL,1994,11,25.42675179272168,6.838521990453781,1994-11-01
MX-COL,1994,12,24.900256858058615,3.174455698323557,1994-12-01
MX-COL,1995,1,24.13088946781946,1.194951493963482,1995-01-01
MX-COL,1995,2,25.08293466906124,1.9739347480749474,1995-02-01
MX-COL,1995,3,24.43890967814398,0.04503284531987287,1995-03-01
MX-COL,1995,4,24.958849676097113,0.10350874812132692,1995-04-01
MX-COL,1995,5,25.968295785984342,2.2246471520342395,1995-05-01
MX-COL,1995,6,26.356644408464057,95.61928460016635,1995-06-01
MX-COL,1995,7,26.0040922898518,89.37565951057194,1995-07-01
MX-COL,1995,8,25.5143354043015,107.23984990162037,1995-08-01
MX-COL,1995,9,25.378562183840298,125.60563799213153,1995-09-01
MX-COL,1995,10,25.783854162809714,25.012933167616662,1995-10-01
MX-COL,1995,11,25.458441551149566,9.913762747118511,1995-11-01
MX-COL,1995,12,23.763098742718412,7.669934719044848,1995-12-01
MX-COL,1996,1,22.461341071579326,0.12093246447424895,1996-01-01
MX-COL,1996,2,23.606019885173495,0.7680845275252985,1996-02-01
MX-COL,1996,3,23.623403748718843,0.2800392583088901,1996-03-01
MX-COL,1996,4,24.876803987512083,0.02613029244730795,1996-04-01
MX-COL,1996,5,26.721192375175796,0.9361633615789723,1996-05-01
MX-COL,1996,6,26.44570071526125,121.56433274395502,1996-06-01
MX-COL,1996,7,26.052946393422943,74.5524588476937,1996-07-01
MX-COL,1996,8,25.56840338345471,147.01314250548825,1996-08-01
MX-COL,1996,9,25.938923353832426,67.38527292084184,1996-09-01
MX-COL,1996,10,25.603177440697046,134.57532608373648,1996-10-01
MX-COL,1996,11,25.321209040182914,6.834540230921371,1996-11-01
MX-COL,1996,12,23.852747427481827,2.9519905967354685,1996-12-01
MX-COL,1997,1,22.445215890237616,3.3713231332816305,1997-01-01
MX-COL,1997,2,23.85254003740613,0.170679733851791,1997-02-01
MX-COL,1997,3,24.657217938014128,3.391203745693541,1997-03-01
MX-COL,1997,4,25.21742706137237,2.4868278543086784,1997-04-01
MX-COL,1997,5,27.381891915172492,12.478709256102237,1997-05-01
MX-COL,1997,6,26.623725437982852,75.71902768067325,1997-06-01
MX-COL,1997,7,27.246255851150664,71.61014996895709,1997-07-01
MX-COL,1997,8,26.819124428566813,52.56508775038633,1997-08-01
MX-COL,1997,9,25.670963665592506,113.04753669405643,1997-09-01
MX-COL,1997,10,25.20181962060517,64.38223035463156,1997-10-01
MX-COL,1997,11,25.002851756094916,24.311260930812857,1997-11-01
MX-COL,1997,12,22.929658343850402,11.689552262250764,1997-12-01
MX-COL,1998,1,22.462946463475273,0.12168265393960043,1998-01-01
MX-COL,1998,2,21.680614249575658,0.6754161396709231,1998-02-01
MX-COL,1998,3,23.622326690316605,0.5175818792385014,1998-03-01
MX-COL,1998,4,24.527729536973485,0.1685895413210355,1998-04-01
MX-COL,1998,5,25.78208255466755,0.5000575566089854,1998-05-01
MX-COL,1998,6,27.38011882070276,41.47765010027444,1998-06-01
MX-COL,1998,7,26.3813145345194,116.12497682243027,1998-07-01
MX-COL,1998,8,26.459279528441538,92.87111108901995,1998-08-01
MX-COL,1998,9,25.371489955527295,185.09183024189718,1998-09-01
MX-COL,1998,10,26.191896225736635,74.34659302999286,1998-10-01
MX-COL,1998,11,25.74170822805614,14.27045650452415,1998-11-01
MX-COL,1998,12,24.328108421245933,1.3156606488286982,1998-12-01
MX-COL,1999,1,22.586417412443918,0.10160515771414565,1999-01-01
MX-COL,1999,2,23.717665892673722,1.0925555778362321,1999-02-01
MX-COL,1999,3,24.035004815542155,0.4235833860491572,1999-03-01
MX-COL,1999,4,25.044198604539158,0.09214552965100685,1999-04-01
MX-COL,1999,5,25.99264480314592,0.3467854888358174,1999-05-01
MX-COL,1999,6,26.326324779211845,107.50041155101665,1999-06-01
MX-COL,1999,7,26.143820473494205,104.48983014713997,1999-07-01
MX-COL,1999,8,25.85049432690258,123.27355807586343,1999-08-01
MX-COL,1999,9,25.665986404968763,184.99543399998961,1999-09-01
MX-COL,1999,10,25.426310314473966,51.387781001905424,1999-10-01
MX-COL,1999,11,24.56730959288018,3.6018814777742403,1999-11-01
MX-COL,1999,12,22.35966790515151,0.2547759648625174,1999-12-01
MX-COL,2000,1,22.680699541098615,0.2769538432185867,2000-01-01
MX-COL,2000,2,23.374323218599866,0.8309967373720273,2000-02-01
MX-COL,2000,3,23.539004160981793,0.4655231103269067,2000-03-01
MX-COL,2000,4,24.68490357249003,0.05909285773973806,2000-04-01
MX-COL,2000,5,25.72404489951025,7.772221509302257,2000-05-01
MX-COL,2000,6,26.35389819534399,71.20437947161842,2000-06-01
MX-COL,2000,7,26.533117113412132,70.17011113167466,2000-07-01
MX-COL,2000,8,26.164293394738706,69.95961401624538,2000-08-01
MX-COL,2000,9,25.352219508295107,137.08265695134787,2000-09-01
MX-COL,2000,10,26.010440839138717,51.279911671427406,2000-10-01
MX-COL,2000,11,24.962410596550466,2.79279193009077,2000-11-01
MX-COL,2000,12,24.19526742409088,6.0593627357856,2000-12-01
MX-COL,2001,1,23.425898480552835,3.5632408989776874,2001-01-01
MX-COL,2001,2,24.285079333243523,0.25271852089137703,2001-02-01
MX-COL,2001,3,22.49451372788856,24.290194570582983,2001-03-01
MX-COL,2001,4,24.611370843563854,0.017394924777933623,2001-04-01
MX-COL,2001,5,26.524707592927935,2.923191106457728,2001-05-01
MX-COL,2001,6,26.958223917211853,44.988792380173464,2001-06-01
MX-COL,2001,7,26.363487956028493,64.49747110591467,2001-07-01
MX-COL,2001,8,26.833757230706542,95.03720334417957,2001-08-01
MX-COL,2001,9,25.82066594084944,95.66106796091303,2001-09-01
MX-COL,2001,10,26.348390278852815,31.66222090193684,2001-10-01
MX-COL,2001,11,24.589250527948806,1.623373410104312,2001-11-01
MX-COL,2001,12,23.863233280285804,0.7973384839848404,2001-12-01
MX-COL,2002,1,22.839325366334805,6.100640704296587,2002-01-01
MX-COL,2002,2,24.112861237547772,12.735358476902354,2002-02-01
MX-COL,2002,3,24.569915077676107,0.4925866751799267,2002-03-01
MX-COL,2002,4,25.977787341770547,0.12585210397245664,2002-04-01
MX-COL,2002,5,27.55085775490514,3.031879993261975,2002-05-01
MX-COL,2002,6,26.832456806385107,44.66028653605647,2002-06-01
MX-COL,2002,7,26.696975637960772,75.95270396900068,2002-07-01
MX-COL,2002,8,27.012571296936475,61.89360237255939,2002-08-01
MX-COL,2002,9,26.155149668647724,74.52546166354085,2002-09-01
MX-COL,2002,10,25.95423341462135,37.073056120333206,2002-10-01
MX-COL,2002,11,24.76453044784994,55.459635636294905,2002-11-01
MX-COL,2002,12,23.490807778867843,0.5044265028125297,2002-12-01
MX-COL,2003,1,24.31284612428072,1.0888804348191004,2003-01-01
MX-COL,2003,2,23.72205457471055,0.3228723116424005,2003-02-01
MX-COL,2003,3,23.076282485255184,0.40607842911892195,2003-03-01
MX-COL,2003,4,25.348449100687173,0.6860831886669326,2003-04-01
MX-COL,2003,5,26.676439326909943,0.505668819746992,2003-05-01
MX-COL,2003,6,25.980806866015246,147.7389525809506,2003-06-01
MX-COL,2003,7,26.82330054796877,54.34473724434236,2003-07-01
MX-COL,2003,8,26.36217341753871,76.62071751753199,2003-08-01
MX-COL,2003,9,25.748691685359866,114.98750446228713,2003-09-01
MX-COL,2003,10,25.699921767728945,71.72175644971637,2003-10-01
MX-COL,2003,11,25.87203787514643,4.572661275198963,2003-11-01
MX-COL,2003,12,23.412912989879217,0.5594394804245897,2003-12-01
MX-COL,2004,1,22.823451830845393,30.669786952309654,2004-01-01
MX-COL,2004,2,22.59267806622237,0.06063238506545311,2004-02-01
MX-COL,2004,3,25.324115701686395,3.000203082329971,2004-03-01
MX-COL,2004,4,25.09562613673261,0.42534628700809435,2004-04-01
MX-COL,2004,5,26.46182501043327,12.96675030322764,2004-05-01
MX-COL,2004,6,26.486622517918434,79.61418564561984,2004-06-01
MX-COL,2004,7,26.426931201101063,71.70957469754323,2004-07-01
MX-COL,2004,8,26.55124114359722,84.52209662225638,2004-08-01
MX-COL,2004,9,25.85011853060193,86.8487499912577,2004-09-01
MX-COL,2004,10,26.226590406617774,40.93915758878799,2004-10-01
MX-COL,2004,11,24.650986965329423,3.007028647634485,2004-11-01
MX-COL,2004,12,23.487579544883122,0.5661283514178242,2004-12-01
MX-COL,2005,1,23.618725108124732,5.097243907673048,2005-01-01
MX-COL,2005,2,24.120341498826935,3.9897968400386317,2005-02-01
MX-COL,2005,3,22.336597515898355,11.804075638260182,2005-03-01
MX-COL,2005,4,24.83603217083656,0.6867157590171558,2005-04-01
MX-COL,2005,5,25.384048881591276,0.3179549480381418,2005-05-01
MX-COL,2005,6,25.691328397816157,33.49552467524271,2005-06-01
MX-COL,2005,7,26.442048425217962,100.86290008463317,2005-07-01
MX-COL,2005,8,26.29576140982414,99.3402998488409,2005-08-01
MX-COL,2005,9,26.48332099517679,97.54631661817783,2005-09-01
MX-COL,2005,10,25.685070481800004,45.786052564992254,2005-10-01
MX-COL,2005,11,24.73043790740068,6.0213298350763145,2005-11-01
MX-COL,2005,12,23.115234422037027,0.34545612955748223,2005-12-01
MX-COL,2006,1,23.600875005742814,0.4257468249227257,2006-01-01
MX-COL,2006,2,23.556453672509427,0.15218355747423606,2006-02-01
MX-COL,2006,3,23.99129967672585,0.44637018936566364,2006-03-01
MX-COL,2006,4,24.766495459115998,0.47980381678461725,2006-04-01
MX-COL,2006,5,26.190714905544038,3.5541558211268502,2006-05-01
MX-COL,2006,6,26.705699677947738,54.1667392232459,2006-06-01
MX-COL,2006,7,26.60177881773985,138.95340604741583,2006-07-01
MX-COL,2006,8,26.54360959318931,88.88159077687683,2006-08-01
MX-COL,2006,9,25.984468517895937,98.4440074296227,2006-09-01
MX-COL,2006,10,26.2902735175169,84.21932650205947,2006-10-01
MX-COL,2006,11,25.145014273254123,18.79979706915369,2006-11-01
MX-COL,2006,12,23.87432128088838,0.9281613465128918,2006-12-01
MX-COL,2007,1,24.092881976421904,3.6566296536860534,2007-01-01
MX-COL,2007,2,23.650329109779413,1.0663362114111647,2007-02-01
MX-COL,2007,3,24.25931665835643,0.07317559810722704,2007-03-01
MX-COL,2007,4,24.98905778293635,0.13674411547016868,2007-04-01
MX-COL,2007,5,25.690100239364334,1.2124252012653358,2007-05-01
MX-COL,2007,6,26.98923931861566,33.444745756375355,2007-06-01
MX-COL,2007,7,26.777155687707886,80.95306102769874,2007-07-01
MX-COL,2007,8,26.14040662624915,151.56510457642423,2007-08-01
MX-COL,2007,9,25.990519996524064,112.69591584618402,2007-09-01
MX-COL,2007,10,25.684622055564713,54.87858964457794,2007-10-01
MX-COL,2007,11,25.04688000056506,3.8974125819000123,2007-11-01
MX-COL,2007,12,23.416576047503092,6.925508747884057,2007-12-01
MX-COL,2008,1,22.70473296641849,0.13112352281986617,2008-01-01
MX-COL,2008,2,22.629618773047476,0.20171498089386822,2008-02-01
MX-COL,2008,3,22.921090765421983,0.009976362510976963,2008-03-01
MX-COL,2008,4,24.650029898637612,1.1854619682636314,2008-04-01
MX-COL,2008,5,25.941456827097703,6.757790547763286,2008-05-01
MX-COL,2008,6,26.363339395426102,49.1852031462013,2008-06-01
MX-COL,2008,7,25.707673703033695,150.43497220300335,2008-07-01
MX-COL,2008,8,25.963094953464942,86.53096586133019,2008-08-01
MX-COL,2008,9,25.76599310574453,117.72001309056553,2008-09-01
MX-COL,2008,10,25.907091227252934,64.12310332444986,2008-10-01
MX-COL,2008,11,24.440165107721498,4.236361033942824,2008-11-01
MX-COL,2008,12,22.736942209663614,0.4152413111626898,2008-12-01
MX-COL,2009,1,23.218318064790285,4.628644712192245,2009-01-01
MX-COL,2009,2,23.629410125588542,0.0912955156869399,2009-02-01
MX-COL,2009,3,23.78909047265338,0.746466510836196,2009-03-01
MX-COL,2009,4,24.072206163975473,0.15708983725975423,2009-04-01
MX-COL,2009,5,26.17868219154728,3.5664504590124837,2009-05-01
MX-COL,2009,6,26.65853396079855,53.20138556883607,2009-06-01
MX-COL,2009,7,27.13047293951228,54.04155139754112,2009-07-01
MX-COL,2009,8,26.808625493132062,93.30365562431558,2009-08-01
MX-COL,2009,9,26.57882876582033,78.46095638596721,2009-09-01
MX-COL,2009,10,26.116671014171853,57.800678533634674,2009-10-01
MX-COL,2009,11,25.0819359702664,2.500523320051629,2009-11-01
MX-COL,2009,12,23.50947236488549,14.26725542483832,2009-12-01
MX-COL,2010,1,23.07129931260194,5.329904915110934,2010-01-01
MX-COL,2010,2,22.503476560574068,41.558497241533,2010-02-01
MX-COL,2010,3,23.21110345729935,0.2966460140236214,2010-03-01
MX-COL,2010,4,24.03753379097752,0.18828110171590084,2010-04-01
MX-COL,2010,5,24.948672574852466,0.23861131237418076,2010-05-01
MX-COL,2010,6,26.132284533093582,48.90017157965517,2010-06-01
MX-COL,2010,7,25.925896769198342,110.54053007763616,2010-07-01
MX-COL,2010,8,26.21305501257307,148.73830463113958,2010-08-01
MX-COL,2010,9,25.88620239040936,161.45445988144607,2010-09-01
MX-COL,2010,10,25.916393667580188,15.19802358210984,2010-10-01
MX-COL,2010,11,23.96302328749658,1.0692271669210565,2010-11-01
MX-COL,2010,12,22.17760818666513,0.6899395547322814,2010-12-01
MX-COL,2011,1,22.293379997476947,0.10755198737750443,2011-01-01
MX-COL,2011,2,22.972682798473976,0.561706734583674,2011-02-01
MX-COL,2011,3,23.483237079332795,0.3148504890795206,2011-03-01
MX-COL,2011,4,24.66853022325557,0.39175083912943764,2011-04-01
MX-COL,2011,5,26.730058103244616,3.052718106296548,2011-05-01
MX-COL,2011,6,27.12827700011942,75.67018397113483,2011-06-01
MX-COL,2011,7,26.125593778761942,173.8795780310794,2011-07-01
MX-COL,2011,8,26.427348375437457,121.66924145077283,2011-08-01
MX-COL,2011,9,26.254323201124176,111.59434888976088,2011-09-01
MX-COL,2011,10,25.720170802334664,139.00889314828046,2011-10-01
MX-COL,2011,11,24.901371953837405,3.6174198472696033,2011-11-01
MX-COL,2011,12,23.538951884859504,0.39958833438317626,2011-12-01
MX-COL,2012,1,23.338598990882954,0.8275920836184605,2012-01-01
MX-COL,2012,2,23.575938140457072,22.195840758873477,2012-02-01
MX-COL,2012,3,23.9510100022511,0.2630379483027214,2012-03-01
MX-COL,2012,4,23.189930853062574,0.3008660174643867,2012-04-01
MX-COL,2012,5,25.8542481593466,12.278670443899761,2012-05-01
MX-COL,2012,6,26.168082141142353,132.57789134793327,2012-06-01
MX-COL,2012,7,26.855301160748983,53.732188753119345,2012-07-01
MX-COL,2012,8,26.268779602826495,97.13367612179243,2012-08-01
MX-COL,2012,9,26.292795710596017,64.42214093893884,2012-09-01
MX-COL,2012,10,26.382847659834486,35.70539558307078,2012-10-01
MX-COL,2012,11,25.136404689236816,23.633175027479492,2012-11-01
MX-COL,2012,12,23.920904204729915,2.9872972657755543,2012-12-01
MX-COL,2013,1,23.900256820175848,9.954035975057364,2013-01-01
MX-COL,2013,2,23.49903159451707,0.22137665055719535,2013-02-01
MX-COL,2013,3,24.194598488748763,1.8594925417617714,2013-03-01
MX-COL,2013,4,24.481207448891457,0.19390260951772384,2013-04-01
MX-COL,2013,5,25.4391830647101,1.5310571115247225,2013-05-01
MX-COL,2013,6,26.896366264671716,39.28990058681579,2013-06-01
MX-COL,2013,7,26.508346650074902,77.64144709431206,2013-07-01
MX-COL,2013,8,26.42754531633569,75.87717105769521,2013-08-01
MX-COL,2013,9,25.586027391218312,238.08808544240733,2013-09-01
MX-COL,2013,10,26.40925624543826,56.87212488413414,2013-10-01
MX-COL,2013,11,25.524549232112008,21.34648244573054,2013-11-01
MX-COL,2013,12,24.516763965789977,8.01167483403992,2013-12-01
MX-COL,2014,1,23.848733210576857,1.6552017543510138,2014-01-01
MX-COL,2014,2,23.950956708641133,0.5518811446024516,2014-02-01
MX-COL,2014,3,24.486610706345367,0.35615209470167447,2014-03-01
MX-COL,2014,4,25.55004098572095,1.9299251430958466,2014-04-01
MX-COL,2014,5,26.98387833128639,31.445360788258043,2014-05-01
MX-COL,2014,6,26.71792462214847,137.822014311321,2014-06-01
MX-COL,2014,7,27.28324116187844,62.52137602653873,2014-07-01
MX-COL,2014,8,26.766744196093097,79.21219116586424,2014-08-01
MX-COL,2014,9,25.64565293110741,136.153446621849,2014-09-01
MX-COL,2014,10,26.22112493746404,53.88837520043285,2014-10-01
MX-COL,2014,11,25.005463561234283,29.952889084064623,2014-11-01
MX-COL,2014,12,23.853299068812614,4.062471233187609,2014-12-01
MX-COL,2015,1,24.44018119888269,1.5654203863526024,2015-01-01
MX-COL,2015,2,23.422461826043513,17.826042329975298,2015-02-01
MX-COL,2015,3,24.298369331653102,49.32494184191294,2015-03-01
MX-COL,2015,4,25.63482644443899,1.3897808502396525,2015-04-01
MX-COL,2015,5,27.12039007137925,9.747782532222741,2015-05-01
MX-COL,2015,6,27.419938441865956,73.0944288044973,2015-06-01
MX-COL,2015,7,27.03740745473867,53.347568380426615,2015-07-01
MX-COL,2015,8,27.197348328709293,55.0704539429656,2015-08-01
MX-COL,2015,9,26.599964526922303,92.32566341357898,2015-09-01
MX-COL,2015,10,26.65101209825808,95.00283409884813,2015-10-01
MX-COL,2015,11,26.462542632098053,15.240593670181207,2015-11-01
MX-COL,2015,12,24.83790772415553,19.77941905134539,2015-12-01
MX-COL,2016,1,22.992359635220694,9.36438433675074,2016-01-01
MX-COL,2016,2,24.12032812721097,0.5297552715973604,2016-02-01
MX-COL,2016,3,23.791598193108168,6.546959873135598,2016-03-01
MX-COL,2016,4,25.17185310801489,0.18065383087633904,2016-04-01
MX-COL,2016,5,26.41774062521981,2.1296196790661623,2016-05-01
MX-COL,2016,6,27.03253412130372,46.5157894866655,2016-06-01
MX-COL,2016,7,26.968021356097946,69.65448366643699,2016-07-01
MX-COL,2016,8,26.667734045998053,94.60643417497397,2016-08-01
MX-COL,2016,9,26.36209628644124,99.30162401516569,2016-09-01
MX-COL,2016,10,26.640355942425124,41.36428266573227,2016-10-01
MX-COL,2016,11,25.30527424595799,20.522158530915455,2016-11-01
MX-COL,2016,12,24.42355800945267,4.425393775570306,2016-12-01
MX-COL,2017,1,23.339828403227735,0.8429219133332706,2017-01-01
MX-COL,2017,2,23.402960126063313,3.32566351189915,2017-02-01
MX-COL,2017,3,24.72707025095229,0.9976329992929446,2017-03-01
MX-COL,2017,4,24.20433193862869,0.05555702620457162,2017-04-01
MX-COL,2017,5,25.13299339982968,1.2526758394322108,2017-05-01
MX-COL,2017,6,26.55280964679942,71.2915868713953,2017-06-01
MX-COL,2017,7,26.819717846911395,66.68415520099481,2017-07-01
MX-COL,2017,8,26.55448553045562,162.1264701704146,2017-08-01
MX-COL,2017,9,26.027050163552175,138.7904270286776,2017-09-01
MX-COL,2017,10,26.548384868805968,51.24606868097976,2017-10-01
MX-COL,2017,11,25.654202797923592,5.065318302427035,2017-11-01
MX-COL,2017,12,24.28315904775278,2.6803634667536604,2017-12-01
MX-COL,2018,1,23.835679397926096,1.6429748359642167,2018-01-01
MX-COL,2018,2,24.763828607614908,3.033595636198999,2018-02-01
MX-COL,2018,3,24.479738587610218,0.2764304133277167,2018-03-01
MX-COL,2018,4,24.99947228341169,0.05946977359601918,2018-04-01
MX-COL,2018,5,27.054983276792083,6.8176868239575175,2018-05-01
MX-COL,2018,6,26.48374491197391,101.51332599685611,2018-06-01
MX-COL,2018,7,27.60554264608509,42.335517686257674,2018-07-01
MX-COL,2018,8,26.607724279671285,68.16579277873498,2018-08-01
MX-COL,2018,9,26.360980221800173,55.55405177118166,2018-09-01
MX-COL,2018,10,25.827994185131057,124.31562175139237,2018-10-01
MX-COL,2018,11,24.59315207327488,33.85002203305335,2018-11-01
MX-COL,2018,12,23.738696037423164,1.0389595773397018,2018-12-01
MX-COL,2019,1,23.869918775258284,1.4817843182134816,2019-01-01
MX-COL,2019,2,23.6079355717147,1.0090113407510801,2019-02-01
MX-COL,2019,3,24.524494649761316,0.17674180059065367,2019-03-01
MX-COL,2019,4,23.931358832457544,0.022101557401883895,2019-04-01
MX-COL,2019,5,25.001821956359187,0.6279099754201711,2019-05-01
MX-COL,2019,6,27.336709445379338,17.569156218623764,2019-06-01
MX-COL,2019,7,27.118060539184288,69.68451147039188,2019-07-01
MX-COL,2019,8,27.11883414475073,70.8657708046088,2019-08-01
MX-COL,2019,9,26.450172573256513,150.03577534300075,2019-09-01
MX-COL,2019,10,26.014759191023288,111.12751968971196,2019-10-01
MX-COL,2019,11,26.068824579403227,17.83370608892255,2019-11-01
MX-COL,2019,12,24.657544383130137,9.542115200132153,2019-12-01
MX-COL,2020,1,23.98501491348406,15.242661036846142,2020-01-01
MX-COL,2020,2,24.020382985798634,4.170708857712886,2020-02-01
MX-COL,2020,3,25.233441152189258,0.6760020577324501,2020-03-01
MX-COL,2020,4,25.184764700270588,0.0220639643451841,2020-04-01
MX-COL,2020,5,25.61533282919289,0.8422483637868965,2020-05-01
MX-COL,2020,6,26.562401443541148,20.657434103100968,2020-06-01
MX-COL,2020,7,27.09800556511183,83.0072191977753,2020-07-01
MX-COL,2020,8,26.50412528954891,144.88423564492425,2020-08-01
MX-COL,2020,9,26.392705696864063,84.52430869713399,2020-09-01
MX-COL,2020,10,26.513121816339165,25.621636064017505,2020-10-01
MX-COL,2020,11,25.47661272981076,1.7227306232904862,2020-11-01
MX-COL,2020,12,23.737242655893706,0.9950196626684411,2020-12-01
MX-COL,2021,1,23.177306931866863,0.20475273161371518,2021-01-01
MX-COL,2021,2,22.56830507735838,0.8918148846088838,2021-02-01
MX-COL,2021,3,23.55296430573353,0.0262154281090799,2021-03-01
MX-COL,2021,4,24.53935477712747,0.0297721956577131,2021-04-01
MX-COL,2021,5,26.27739204505239,2.660167175006259,2021-05-01
MX-COL,2021,6,26.42476941523657,144.180736075925,2021-06-01
MX-COL,2021,7,26.884105413016663,86.9958044073142,2021-07-01
MX-COL,2021,8,26.285308960974362,157.15539142477485,2021-08-01
MX-COL,2021,9,25.901123172024768,99.20568581069807,2021-09-01
MX-COL,2021,10,26.485316394966254,42.8054157293063,2021-10-01
MX-COL,2021,11,24.93211369737427,7.537874010993687,2021-11-01
MX-COL,2021,12,24.11872969910348,3.0720322576313954,2021-12-01
MX-COL,2022,1,23.719384851608577,1.7782031452763454,2022-01-01
MX-COL,2022,2,23.994127641928035,0.6934639360863952,2022-02-01
MX-COL,2022,3,23.373860320085544,0.022553947604569538,2022-03-01
MX-COL,2022,4,23.925567212712156,0.1355995988392908,2022-04-01
MX-COL,2022,5,25.189907069891294,0.466695660165896,2022-05-01
MX-COL,2022,6,26.09113911318062,75.6653883318052,2022-06-01
MX-COL,2022,7,26.65191347907113,63.57891337671277,2022-07-01
MX-COL,2022,8,26.317716824702956,87.59910580088552,2022-08-01
MX-COL,2022,9,25.86026751049532,126.82275706451394,2022-09-01
MX-COL,2022,10,25.853794466510394,68.12472357216339,2022-10-01
MX-COL,2022,11,25.029878450364972,2.9934472148533398,2022-11-01
MX-COL,2022,12,23.926813491403433,2.9465610718711317,2022-12-01
MX-COL,2023,1,23.349827704261095,0.1431726907536182,2023-01-01
MX-COL,2023,2,24.005502924486706,0.21415988179261114,2023-02-01
MX-COL,2023,3,23.845376143261692,0.6283491876398842,2023-03-01
MX-COL,2023,4,24.862223080165016,0.3604942028946341,2023-04-01
MX-COL,2023,5,27.01011227719192,1.7009415945995623,2023-05-01
MX-COL,2023,6,27.53371518691916,21.388930135616746,2023-06-01
MX-COL,2023,7,27.606643707440305,83.57201854857297,2023-07-01
MX-COL,2023,8,27.273415684093557,84.42671040352643,2023-08-01
MX-COL,2023,9,27.26010521836091,63.97502847975496,2023-09-01
MX-COL,2023,10,26.19272497028431,97.1204067351507,2023-10-01
MX-COL,2023,11,26.337138225420496,15.391361414077396,2023-11-01
MX-COL,2023,12,24.836908979598487,3.4001260015384935,2023-12-01
MX-COL,2024,1,23.871034263258665,1.9938464706937178,2024-01-01
MX-COL,2024,2,23.6429758498077,6.9868010291876,2024-02-01
MX-COL,2024,3,23.656782420004024,0.0259568443032841,2024-03-01
MX-COL,2024,4,24.75949037969157,0.07606448904985663,2024-04-01
MX-COL,2024,5,25.86741596449258,0.028712426886041992,2024-05-01
MX-COL,2024,6,26.36047009941743,30.013580412824947,2024-06-01
MX-COL,2024,7,27.102267896204335,79.00588179450372,2024-07-01
MX-COL,2024,8,27.2945006929633,69.49442095631979,2024-08-01
MX-COL,2024,9,26.90218673328996,134.13249386967817,2024-09-01
MX-COL,2024,10,26.82358364036841,38.48083905036744,2024-10-01
MX-COL,2024,11,25.776954187845195,9.333834650636117,2024-11-01
MX-COL,2024,12,24.61014050524329,2.4401719079624646,2024-12-01
MX-COL,2025,1,23.713180205772797,6.428909127710106,2025-01-01
MX-COL,2025,2,24.58884077325094,1.4547734454994672,2025-02-01
MX-COL,2025,3,24.183104762306744,0.10355291716480818,2025-03-01
MX-COL,2025,4,24.57491213397277,0.029305401620825205,2025-04-01
MX-COL,2025,5,27.031353591465418,6.696785693737173,2025-05-01
MX-COL,2025,6,26.81499509947274,105.61632847290204,2025-06-01
MX-COL,2025,7,27.38451391251598,52.3668458614175,2025-07-01
MX-COL,2025,8,27.0916347005363,52.52866303333677,2025-08-01
MX-COL,2025,9,26.72979223217802,84.47690934544245,2025-09-01
MX-COL,2025,10,26.58389361277872,58.136197907621096,2025-10-01
MX-COL,2025,11,25.883380200763373,4.257274674129175,2025-11-01
MX-COL,2025,12,24.909902596829816,6.8941508836735075,2025-12-01
MX-DIF,1990,1,11.453363588431204,12.7218188352137,1990-01-01
MX-DIF,1990,2,12.220880588322599,14.875448238651202,1990-02-01
MX-DIF,1990,3,13.727069253195449,10.634043703105165,1990-03-01
MX-DIF,1990,4,14.72247452868124,43.845804272446934,1990-04-01
MX-DIF,1990,5,16.211082248731703,56.50477665138272,1990-05-01
MX-DIF,1990,6,15.630836940370044,102.4725758888487,1990-06-01
MX-DIF,1990,7,14.842403190875396,111.69764141582108,1990-07-01
MX-DIF,1990,8,14.859933457490145,101.59975341372562,1990-08-01
MX-DIF,1990,9,14.641662037732594,69.23748407257636,1990-09-01
MX-DIF,1990,10,13.87223433593885,61.80899231398285,1990-10-01
MX-DIF,1990,11,12.618587129529601,7.634123083129651,1990-11-01
MX-DIF,1990,12,10.895690008775905,7.634160082879867,1990-12-01
MX-DIF,1991,1,11.228165344520923,2.255215017362009,1991-01-01
MX-DIF,1991,2,13.032737244236317,8.97074084806018,1991-02-01
MX-DIF,1991,3,15.963601986536263,2.453650966410009,1991-03-01
MX-DIF,1991,4,16.581003956513573,10.483754793526918,1991-04-01
MX-DIF,1991,5,16.211247622769033,46.04915310075334,1991-05-01
MX-DIF,1991,6,15.7671423088745,111.84634636462324,1991-06-01
MX-DIF,1991,7,14.501621336835631,112.76494625179652,1991-07-01
MX-DIF,1991,8,14.910353509087345,94.06315737423719,1991-08-01
MX-DIF,1991,9,14.27892478887562,76.97152083519667,1991-09-01
MX-DIF,1991,10,13.152165900091477,52.02701954813462,1991-10-01
MX-DIF,1991,11,11.237744350053996,13.334562657487389,1991-11-01
MX-DIF,1991,12,11.064082295904413,9.620192941446057,1991-12-01
MX-DIF,1992,1,10.26308855036661,32.334566466981556,1992-01-01
MX-DIF,1992,2,10.673266705179731,12.72002135544549,1992-02-01
MX-DIF,1992,3,14.747831982327606,2.457326536627835,1992-03-01
MX-DIF,1992,4,14.257865581828773,24.390125100680606,1992-04-01
MX-DIF,1992,5,14.245430662391072,78.35299559817965,1992-05-01
MX-DIF,1992,6,16.207684407551934,47.598758192915774,1992-06-01
MX-DIF,1992,7,14.716963925882503,100.76594372778966,1992-07-01
MX-DIF,1992,8,14.564130654620497,119.98274289820029,1992-08-01
MX-DIF,1992,9,14.256650256923374,74.02651367996035,1992-09-01
MX-DIF,1992,10,13.230827794747443,58.544835049180726,1992-10-01
MX-DIF,1992,11,11.77432807549814,31.839173343671217,1992-11-01
MX-DIF,1992,12,11.684174041889573,1.3576475401897177,1992-12-01
MX-DIF,1993,1,11.645369045424946,7.342862725126391,1993-01-01
MX-DIF,1993,2,12.822858733454792,6.938457816640645,1993-02-01
MX-DIF,1993,3,13.732067174084381,1.6975477820835498,1993-03-01
MX-DIF,1993,4,15.527086810177714,15.727536898037874,1993-04-01
MX-DIF,1993,5,15.949776332710394,16.178130951800405,1993-05-01
MX-DIF,1993,6,16.738444324357157,80.03302445665896,1993-06-01
MX-DIF,1993,7,14.843256720660893,101.95814541986537,1993-07-01
MX-DIF,1993,8,14.812891161676621,88.17148809206846,1993-08-01
MX-DIF,1993,9,13.841905829695088,105.67567387309629,1993-09-01
MX-DIF,1993,10,13.849710647146065,21.177717139577233,1993-10-01
MX-DIF,1993,11,12.88980993220185,16.66652693516937,1993-11-01
MX-DIF,1993,12,11.350374036419264,0.37782661851797095,1993-12-01
MX-DIF,1994,1,11.155635983952637,7.927106525220153,1994-01-01
MX-DIF,1994,2,13.333018993320831,5.801822446433277,1994-02-01
MX-DIF,1994,3,15.19424984938116,10.046364065167054,1994-03-01
MX-DIF,1994,4,15.24304882815363,29.95383262733348,1994-04-01
MX-DIF,1994,5,16.601016552853274,32.79472756700055,1994-05-01
MX-DIF,1994,6,15.284438201415405,98.0459424588273,1994-06-01
MX-DIF,1994,7,14.647173776177056,67.10943202084117,1994-07-01
MX-DIF,1994,8,14.52750351035638,127.31851252406376,1994-08-01
MX-DIF,1994,9,14.272354631429558,70.6002006603861,1994-09-01
MX-DIF,1994,10,14.342592194644759,44.03374744189711,1994-10-01
MX-DIF,1994,11,13.1496137467115,2.137821767916617,1994-11-01
MX-DIF,1994,12,12.665455265873701,4.840042631828324,1994-12-01
MX-DIF,1995,1,12.15485706874222,13.32477675440689,1995-01-01
MX-DIF,1995,2,12.430638075777642,19.55560969613104,1995-02-01
MX-DIF,1995,3,14.143138214094943,12.667255401147449,1995-03-01
MX-DIF,1995,4,16.108294771350383,17.990596057748814,1995-04-01
MX-DIF,1995,5,16.670671416312505,55.63054986567467,1995-05-01
MX-DIF,1995,6,16.1564822935053,94.06751235320752,1995-06-01
MX-DIF,1995,7,14.850966979343239,101.53066703954131,1995-07-01
MX-DIF,1995,8,15.106498195712916,130.71184147727118,1995-08-01
MX-DIF,1995,9,14.717288216037902,73.37719935634226,1995-09-01
MX-DIF,1995,10,13.125242214378188,21.459845138947898,1995-10-01
MX-DIF,1995,11,12.71397792066148,25.167224652636936,1995-11-01
MX-DIF,1995,12,11.20007901555296,16.014540725667914,1995-12-01
MX-DIF,1996,1,10.317262329818641,0.7611280752257154,1996-01-01
MX-DIF,1996,2,12.8027169516264,6.887929899839917,1996-02-01
MX-DIF,1996,3,13.545998115377532,6.058925517364847,1996-03-01
MX-DIF,1996,4,15.371432807562131,18.160624468248876,1996-04-01
MX-DIF,1996,5,16.72515114578237,26.848248228485893,1996-05-01
MX-DIF,1996,6,15.187916825822992,83.33640003670446,1996-06-01
MX-DIF,1996,7,15.089549245870366,84.60328186179098,1996-07-01
MX-DIF,1996,8,14.701461738912428,85.3092045144263,1996-08-01
MX-DIF,1996,9,15.244873201163303,76.05463671215301,1996-09-01
MX-DIF,1996,10,14.220834324802148,37.304592121270204,1996-10-01
MX-DIF,1996,11,12.101061383278427,4.746190667771189,1996-11-01
MX-DIF,1996,12,11.544156736286098,16.042442915118098,1996-12-01
MX-DIF,1997,1,10.200038774770853,3.3119865153311343,1997-01-01
MX-DIF,1997,2,12.93423420583506,2.8373447655823325,1997-02-01
MX-DIF,1997,3,13.97798429837942,26.41569561156287,1997-03-01
MX-DIF,1997,4,14.182274660762284,48.9188326170977,1997-04-01
MX-DIF,1997,5,14.707658307398578,66.51295926800377,1997-05-01
MX-DIF,1997,6,16.292148396316716,61.36136533934675,1997-06-01
MX-DIF,1997,7,15.318266519290967,94.07803719252382,1997-07-01
MX-DIF,1997,8,14.737208214979225,75.76107209828332,1997-08-01
MX-DIF,1997,9,14.901806482025394,96.38173035296087,1997-09-01
MX-DIF,1997,10,13.436144264751311,53.4716270566101,1997-10-01
MX-DIF,1997,11,12.608441618260432,22.58794701734279,1997-11-01
MX-DIF,1997,12,10.985048630684053,9.848919041448312,1997-12-01
MX-DIF,1998,1,9.682955627278593,2.5106373340392136,1998-01-01
MX-DIF,1998,2,11.05142963204641,0.5134186736979414,1998-02-01
MX-DIF,1998,3,14.438044826991682,0.1899427384008255,1998-03-01
MX-DIF,1998,4,17.57273137443262,1.8873282105016005,1998-04-01
MX-DIF,1998,5,18.975207631796614,4.655552612605672,1998-05-01
MX-DIF,1998,6,17.808796444907014,48.59994104537931,1998-06-01
MX-DIF,1998,7,15.869302022417346,88.1728175535579,1998-07-01
MX-DIF,1998,8,15.420184650563078,97.06606164210103,1998-08-01
MX-DIF,1998,9,15.461434430555244,131.4992234924245,1998-09-01
MX-DIF,1998,10,14.300191539793358,66.769011543164,1998-10-01
MX-DIF,1998,11,13.526407633494044,8.194035300375573,1998-11-01
MX-DIF,1998,12,11.875871122500799,0.35787677140498775,1998-12-01
MX-DIF,1999,1,10.463317353172258,1.2797528302435188,1999-01-01
MX-DIF,1999,2,12.346330727258744,4.574736321291711,1999-02-01
MX-DIF,1999,3,14.257893894193419,8.485297799213567,1999-03-01
MX-DIF,1999,4,16.877055628196402,13.275616435219364,1999-04-01
MX-DIF,1999,5,16.649505007255733,26.146944949090013,1999-05-01
MX-DIF,1999,6,17.05457214856004,52.03292707851783,1999-06-01
MX-DIF,1999,7,14.803500447729373,82.11297592686442,1999-07-01
MX-DIF,1999,8,15.261558757050189,118.39441377948056,1999-08-01
MX-DIF,1999,9,14.595476530093267,46.522331048386604,1999-09-01
MX-DIF,1999,10,12.55391271001208,40.25398493781424,1999-10-01
MX-DIF,1999,11,10.896880234045959,7.509519228871677,1999-11-01
MX-DIF,1999,12,9.584731727568295,1.8242782085602818,1999-12-01
MX-DIF,2000,1,11.081648125084271,0.23062479160302068,2000-01-01
MX-DIF,2000,2,12.606221840426244,6.564066541408577,2000-02-01
MX-DIF,2000,3,14.641763327795879,6.08689117651768,2000-03-01
MX-DIF,2000,4,16.490243880791667,12.575159435070319,2000-04-01
MX-DIF,2000,5,16.106864338967974,52.39643633619349,2000-05-01
MX-DIF,2000,6,15.357016048968783,101.8626597114712,2000-06-01
MX-DIF,2000,7,14.978673383247756,70.47094242863298,2000-07-01
MX-DIF,2000,8,14.429625413747383,88.01374349641465,2000-08-01
MX-DIF,2000,9,14.878771787684814,65.63792440438905,2000-09-01
MX-DIF,2000,10,14.011594199204774,27.979815004554272,2000-10-01
MX-DIF,2000,11,12.965689690827004,14.921987536782847,2000-11-01
MX-DIF,2000,12,10.222772556059825,5.69379577824945,2000-12-01
MX-DIF,2001,1,11.160214240750042,4.193483100790993,2001-01-01
MX-DIF,2001,2,12.58861155130882,9.507388063291618,2001-02-01
MX-DIF,2001,3,13.455315970295363,9.174922364967403,2001-03-01
MX-DIF,2001,4,16.2987130743493,28.59918643591734,2001-04-01
MX-DIF,2001,5,15.687452598884356,38.290997426950526,2001-05-01
MX-DIF,2001,6,15.094601257755507,93.80166083220212,2001-06-01
MX-DIF,2001,7,14.70771796036325,118.87139301860486,2001-07-01
MX-DIF,2001,8,15.16449759846044,83.56498363455097,2001-08-01
MX-DIF,2001,9,14.867206027200375,74.10043047970376,2001-09-01
MX-DIF,2001,10,13.247225984514694,29.22928257748995,2001-10-01
MX-DIF,2001,11,11.439036618751858,6.329489976892531,2001-11-01
MX-DIF,2001,12,11.275007302836531,6.9683143626857875,2001-12-01
MX-DIF,2002,1,11.006125375281377,8.92379482215964,2002-01-01
MX-DIF,2002,2,12.413162995111183,3.7936614056325646,2002-02-01
MX-DIF,2002,3,14.908266557796745,9.515944217218486,2002-03-01
MX-DIF,2002,4,16.09105392194928,25.0540356977424,2002-04-01
MX-DIF,2002,5,17.30242262625271,22.00298070777661,2002-05-01
MX-DIF,2002,6,16.179000648453577,61.529547374435495,2002-06-01
MX-DIF,2002,7,14.968107231950501,94.65603866123416,2002-07-01
MX-DIF,2002,8,14.862960937756462,68.29215595881996,2002-08-01
MX-DIF,2002,9,15.175721811144342,86.39090498438694,2002-09-01
MX-DIF,2002,10,14.62167480015957,35.871976103914434,2002-10-01
MX-DIF,2002,11,11.66266264857165,28.084151053237765,2002-11-01
MX-DIF,2002,12,10.719314691603687,3.5739282350554786,2002-12-01
MX-DIF,2003,1,10.972416227917039,5.642536400963194,2003-01-01
MX-DIF,2003,2,12.956513473021191,1.3144739939331098,2003-02-01
MX-DIF,2003,3,14.286928789422186,6.580934511936363,2003-03-01
MX-DIF,2003,4,16.417761235856787,16.265515183784785,2003-04-01
MX-DIF,2003,5,17.629807955186042,23.03184146218638,2003-05-01
MX-DIF,2003,6,15.66939640568842,104.95387056452635,2003-06-01
MX-DIF,2003,7,14.929836116813076,94.44362103016338,2003-07-01
MX-DIF,2003,8,14.709494232942543,90.23948324499014,2003-08-01
MX-DIF,2003,9,15.077685308267267,91.95399898071945,2003-09-01
MX-DIF,2003,10,14.239668327461665,58.392663153338475,2003-10-01
MX-DIF,2003,11,12.794171140662264,8.311981350985281,2003-11-01
MX-DIF,2003,12,9.588846683990361,0.742767774829416,2003-12-01
MX-DIF,2004,1,9.822954271097396,11.791891254075782,2004-01-01
MX-DIF,2004,2,11.073892146726322,1.1213773653197618,2004-02-01
MX-DIF,2004,3,13.817697629803801,19.9084255199828,2004-03-01
MX-DIF,2004,4,15.215557464820003,19.288409253761618,2004-04-01
MX-DIF,2004,5,15.355733671515358,51.65373475437705,2004-05-01
MX-DIF,2004,6,15.043295487483412,107.46269367617604,2004-06-01
MX-DIF,2004,7,14.852528643089707,82.79016232264014,2004-07-01
MX-DIF,2004,8,15.17930443267236,72.89298855994289,2004-08-01
MX-DIF,2004,9,14.890322256637432,118.63796481469254,2004-09-01
MX-DIF,2004,10,14.860449937179528,54.19243245626624,2004-10-01
MX-DIF,2004,11,12.51693850422206,3.8256955723434425,2004-11-01
MX-DIF,2004,12,10.764991584477585,1.4355016633346285,2004-12-01
MX-DIF,2005,1,11.16817167278065,5.762769908612297,2005-01-01
MX-DIF,2005,2,13.156950431069133,5.91580664363261,2005-02-01
MX-DIF,2005,3,14.357916517651978,8.24011934343521,2005-03-01
MX-DIF,2005,4,16.71156328562867,16.38423619265845,2005-04-01
MX-DIF,2005,5,16.37824824484761,22.830733487292942,2005-05-01
MX-DIF,2005,6,17.71169509142265,68.76540271114189,2005-06-01
MX-DIF,2005,7,15.95663527561361,91.13687969512937,2005-07-01
MX-DIF,2005,8,15.180732211163205,111.59276665444496,2005-08-01
MX-DIF,2005,9,15.278879904187873,56.70229709120972,2005-09-01
MX-DIF,2005,10,14.23821742415427,78.9152652880127,2005-10-01
MX-DIF,2005,11,12.265486605915779,12.369411719456515,2005-11-01
MX-DIF,2005,12,11.377061178240702,4.587764102338626,2005-12-01
MX-DIF,2006,1,11.022029631876533,6.575027160963904,2006-01-01
MX-DIF,2006,2,13.094762242662853,2.7248549182258386,2006-02-01
MX-DIF,2006,3,14.55326408578592,13.214395107656134,2006-03-01
MX-DIF,2006,4,16.14565641126996,20.779884639296927,2006-04-01
MX-DIF,2006,5,15.532858435046201,46.41614618613556,2006-05-01
MX-DIF,2006,6,15.55142131606599,73.48900888055452,2006-06-01
MX-DIF,2006,7,14.94744922812981,98.99172546672315,2006-07-01
MX-DIF,2006,8,14.827828127693223,116.05954762443369,2006-08-01
MX-DIF,2006,9,15.177243782178758,91.72718679638268,2006-09-01
MX-DIF,2006,10,14.65716552512304,40.70865147857357,2006-10-01
MX-DIF,2006,11,11.647601244259613,18.10777155996387,2006-11-01
MX-DIF,2006,12,10.789940665924174,2.0473562771542664,2006-12-01
MX-DIF,2007,1,12.10091263701599,9.154705446016418,2007-01-01
MX-DIF,2007,2,12.842695066674187,9.895604858932137,2007-02-01
MX-DIF,2007,3,14.47295248862934,11.108960039399397,2007-03-01
MX-DIF,2007,4,15.603371777105842,20.98035272316578,2007-04-01
MX-DIF,2007,5,15.608687618524355,40.57671926463161,2007-05-01
MX-DIF,2007,6,15.840747416019969,82.81816072878121,2007-06-01
MX-DIF,2007,7,15.122197864949351,110.57915774724931,2007-07-01
MX-DIF,2007,8,15.271728691099383,123.1105882779463,2007-08-01
MX-DIF,2007,9,14.533720620627928,67.8489911142938,2007-09-01
MX-DIF,2007,10,13.148908239058024,26.198097063688298,2007-10-01
MX-DIF,2007,11,12.134425479281708,15.665618436610826,2007-11-01
MX-DIF,2007,12,12.001341754476941,4.230835234873729,2007-12-01
MX-DIF,2008,1,11.350252813494574,3.4148167699444056,2008-01-01
MX-DIF,2008,2,13.299346542498451,6.105533888797472,2008-02-01
MX-DIF,2008,3,14.403469806495577,6.289568395280549,2008-03-01
MX-DIF,2008,4,16.215389930392003,31.08748033664706,2008-04-01
MX-DIF,2008,5,16.65583774422745,18.10549253427121,2008-05-01
MX-DIF,2008,6,15.611803211501305,80.33309923836542,2008-06-01
MX-DIF,2008,7,14.99485602182625,105.20686361874439,2008-07-01
MX-DIF,2008,8,15.503224691075514,115.1291379709912,2008-08-01
MX-DIF,2008,9,15.092077394586125,92.48106770000417,2008-09-01
MX-DIF,2008,10,13.713303004051191,27.587266852629707,2008-10-01
MX-DIF,2008,11,11.840786101849488,0.5261330118593924,2008-11-01
MX-DIF,2008,12,11.134339076276786,0.38582866327514737,2008-12-01
MX-DIF,2009,1,11.712819226069522,7.95981782068939,2009-01-01
MX-DIF,2009,2,12.9728858885082,4.560853072293049,2009-02-01
MX-DIF,2009,3,15.001559329083893,7.065138377998379,2009-03-01
MX-DIF,2009,4,17.121738556349108,8.186272013997863,2009-04-01
MX-DIF,2009,5,17.287074230088304,32.75405498827428,2009-05-01
MX-DIF,2009,6,16.748313895266282,69.32092878858178,2009-06-01
MX-DIF,2009,7,15.64034010582137,78.49862606325843,2009-07-01
MX-DIF,2009,8,15.48351446660053,96.50003650412289,2009-08-01
MX-DIF,2009,9,15.416416315960312,115.42465903926036,2009-09-01
MX-DIF,2009,10,15.235574734478577,43.44228674265211,2009-10-01
MX-DIF,2009,11,12.092270195582778,2.406627374459252,2009-11-01
MX-DIF,2009,12,11.516433064952318,9.282138665339012,2009-12-01
MX-DIF,2010,1,10.328619454632369,33.51513309164661,2010-01-01
MX-DIF,2010,2,11.219112311673149,42.95451118554143,2010-02-01
MX-DIF,2010,3,14.744699158560238,1.0950979206821188,2010-03-01
MX-DIF,2010,4,15.570165171290316,11.115062698578345,2010-04-01
MX-DIF,2010,5,18.024111635530357,28.014814451664513,2010-05-01
MX-DIF,2010,6,17.267765407817496,69.7141187817135,2010-06-01
MX-DIF,2010,7,15.578949143125483,141.763777113815,2010-07-01
MX-DIF,2010,8,15.95090397160583,99.1527313974774,2010-08-01
MX-DIF,2010,9,15.527452350570508,103.71452501751145,2010-09-01
MX-DIF,2010,10,13.941978884331062,2.937376866506551,2010-10-01
MX-DIF,2010,11,12.519862813543746,1.5338997475388239,2010-11-01
MX-DIF,2010,12,10.410678736409926,0.4433850349312809,2010-12-01
MX-DIF,2011,1,11.709355853466038,1.6623077732181035,2011-01-01
MX-DIF,2011,2,13.821624251682215,2.1049244361237025,2011-02-01
MX-DIF,2011,3,15.285594605025612,8.546063305969229,2011-03-01
MX-DIF,2011,4,16.998887312188327,23.949718664998603,2011-04-01
MX-DIF,2011,5,18.063694338649423,20.723863195774385,2011-05-01
MX-DIF,2011,6,17.218989352789173,60.93449196176366,2011-06-01
MX-DIF,2011,7,15.234873522260077,131.83690159338965,2011-07-01
MX-DIF,2011,8,15.978181182321364,97.02701075082184,2011-08-01
MX-DIF,2011,9,15.082133599474732,41.071136408286755,2011-09-01
MX-DIF,2011,10,13.254854951909486,34.105646753859965,2011-10-01
MX-DIF,2011,11,12.72382260618002,17.878655809395116,2011-11-01
MX-DIF,2011,12,11.970744498289932,2.1456265070200233,2011-12-01
MX-DIF,2012,1,11.528640547060666,9.569344224756072,2012-01-01
MX-DIF,2012,2,12.38762103591359,19.599294590975745,2012-02-01
MX-DIF,2012,3,14.665877890649153,16.632466932513008,2012-03-01
MX-DIF,2012,4,15.36386958234211,11.465806855746171,2012-04-01
MX-DIF,2012,5,16.86139314920941,25.293581547365452,2012-05-01
MX-DIF,2012,6,16.094580638018268,85.86469050349797,2012-06-01
MX-DIF,2012,7,14.93450471451058,121.44943555901892,2012-07-01
MX-DIF,2012,8,15.352803260452434,99.28255680580372,2012-08-01
MX-DIF,2012,9,15.33644273805761,40.09072735266351,2012-09-01
MX-DIF,2012,10,14.591448277102897,8.991950624465867,2012-10-01
MX-DIF,2012,11,12.788498381488898,8.940807589113149,2012-11-01
MX-DIF,2012,12,12.506796806480883,0.14025664220802367,2012-12-01
MX-DIF,2013,1,12.1739301678761,7.833711813163194,2013-01-01
MX-DIF,2013,2,14.82021142461054,0.8525008562128782,2013-02-01
MX-DIF,2013,3,14.125211981902444,11.753299334599753,2013-03-01
MX-DIF,2013,4,17.401915699600135,14.387354965566624,2013-04-01
MX-DIF,2013,5,16.85008442873769,40.14434154033548,2013-05-01
MX-DIF,2013,6,16.560510760210583,79.1000037732913,2013-06-01
MX-DIF,2013,7,15.583824951816883,92.23637060332877,2013-07-01
MX-DIF,2013,8,15.398799543764747,70.51118842048837,2013-08-01
MX-DIF,2013,9,15.263867050884972,136.4667511439347,2013-09-01
MX-DIF,2013,10,14.865219010660514,46.820237232940976,2013-10-01
MX-DIF,2013,11,13.015257401398166,24.530970067898313,2013-11-01
MX-DIF,2013,12,11.932685945655754,8.831752907591518,2013-12-01
MX-DIF,2014,1,10.80367760252398,8.483589446056872,2014-01-01
MX-DIF,2014,2,14.380247575539077,2.197777662868574,2014-02-01
MX-DIF,2014,3,15.843776032361387,9.430745172071028,2014-03-01
MX-DIF,2014,4,16.89323306858394,15.49017840289127,2014-04-01
MX-DIF,2014,5,16.3250085886593,56.93068112470142,2014-05-01
MX-DIF,2014,6,16.030460458700812,112.68930671219444,2014-06-01
MX-DIF,2014,7,15.194583063177387,86.78931539405636,2014-07-01
MX-DIF,2014,8,15.312418086180454,80.27650323298258,2014-08-01
MX-DIF,2014,9,15.445355872779453,84.19487450796032,2014-09-01
MX-DIF,2014,10,14.213633367529185,62.90884464087729,2014-10-01
MX-DIF,2014,11,12.959365957515876,12.336441486711355,2014-11-01
MX-DIF,2014,12,11.747234106996192,7.732336500385673,2014-12-01
MX-DIF,2015,1,11.826382299947511,5.432317059146922,2015-01-01
MX-DIF,2015,2,13.039798312623281,9.13900104529943,2015-02-01
MX-DIF,2015,3,14.214057036387219,24.480520894228402,2015-03-01
MX-DIF,2015,4,16.849039252936347,23.02042894642792,2015-04-01
MX-DIF,2015,5,16.021366234498824,71.79221473579007,2015-05-01
MX-DIF,2015,6,15.885562157125602,77.33354425110078,2015-06-01
MX-DIF,2015,7,15.27836975005756,85.65706644935368,2015-07-01
MX-DIF,2015,8,15.537719975129933,84.35074818516695,2015-08-01
MX-DIF,2015,9,15.456097507258793,85.95607888028985,2015-09-01
MX-DIF,2015,10,15.08331713686688,36.9688963004335,2015-10-01
MX-DIF,2015,11,14.56532019580531,24.5187142727448,2015-11-01
MX-DIF,2015,12,12.354789240075098,16.328309568087,2015-12-01
MX-DIF,2016,1,10.50496829882635,11.25207772142284,2016-01-01
MX-DIF,2016,2,12.92637094233828,4.351375057052805,2016-02-01
MX-DIF,2016,3,13.84029799113099,24.469950003848467,2016-03-01
MX-DIF,2016,4,16.650610476702408,14.671093129363552,2016-04-01
MX-DIF,2016,5,17.397633936503375,48.6040602210181,2016-05-01
MX-DIF,2016,6,15.788385095873513,115.52115237979532,2016-06-01
MX-DIF,2016,7,15.656051158161317,111.8807117552522,2016-07-01
MX-DIF,2016,8,15.838195994431768,118.95125804107097,2016-08-01
MX-DIF,2016,9,15.440582831532703,101.49740136824866,2016-09-01
MX-DIF,2016,10,14.236737943901677,33.13162025225963,2016-10-01
MX-DIF,2016,11,12.351314511775103,31.297961026946094,2016-11-01
MX-DIF,2016,12,12.569488455382048,10.93592851597853,2016-12-01
MX-DIF,2017,1,11.744309479568535,0.6091285323118437,2017-01-01
MX-DIF,2017,2,13.394030000602038,1.8466146762411904,2017-02-01
MX-DIF,2017,3,14.387085003411894,17.55779404724071,2017-03-01
MX-DIF,2017,4,16.00659243730498,14.710751453941949,2017-04-01
MX-DIF,2017,5,17.74279877823397,35.217297868840404,2017-05-01
MX-DIF,2017,6,17.430012022781398,62.29174204295097,2017-06-01
MX-DIF,2017,7,15.104499075018808,131.6528134513137,2017-07-01
MX-DIF,2017,8,15.922851390741641,104.43044058500793,2017-08-01
MX-DIF,2017,9,15.396090043703031,100.51452774641957,2017-09-01
MX-DIF,2017,10,14.471331390475747,25.721896402290586,2017-10-01
MX-DIF,2017,11,12.398203303917763,2.1666211628398053,2017-11-01
MX-DIF,2017,12,11.151412837796443,0.24292476620611042,2017-12-01
MX-DIF,2018,1,10.617071190146284,19.902366401729072,2018-01-01
MX-DIF,2018,2,13.656983173143221,12.55083112892382,2018-02-01
MX-DIF,2018,3,15.836915671453557,8.012207109650435,2018-03-01
MX-DIF,2018,4,16.073612296785157,22.77736047712972,2018-04-01
MX-DIF,2018,5,17.136893317920975,35.17905064043844,2018-05-01
MX-DIF,2018,6,16.14269825156726,98.5805785057665,2018-06-01
MX-DIF,2018,7,15.349258814368193,67.67540508814862,2018-07-01
MX-DIF,2018,8,14.756451209068972,125.84392322595583,2018-08-01
MX-DIF,2018,9,15.39304177228558,99.90748641848921,2018-09-01
MX-DIF,2018,10,14.822409312336129,60.56126356148553,2018-10-01
MX-DIF,2018,11,12.76910080269338,33.727921628470966,2018-11-01
MX-DIF,2018,12,11.32473428543931,7.650382655024194,2018-12-01
MX-DIF,2019,1,11.520267423050566,2.921672919833379,2019-01-01
MX-DIF,2019,2,14.081812110064078,4.536237157773882,2019-02-01
MX-DIF,2019,3,15.698230061543521,7.587959594663103,2019-03-01
MX-DIF,2019,4,16.62974652671328,7.748686809505213,2019-04-01
MX-DIF,2019,5,17.985615852283267,15.379346085901272,2019-05-01
MX-DIF,2019,6,16.7646471664665,56.980873322384994,2019-06-01
MX-DIF,2019,7,15.145223379491002,128.25403044602277,2019-07-01
MX-DIF,2019,8,15.709842660536275,80.2357651154164,2019-08-01
MX-DIF,2019,9,15.334239310302534,92.97734127364372,2019-09-01
MX-DIF,2019,10,15.266323305124148,60.82095286945436,2019-10-01
MX-DIF,2019,11,14.084424376158063,23.378885356564346,2019-11-01
MX-DIF,2019,12,11.962660025859524,2.6032474499581504,2019-12-01
MX-DIF,2020,1,11.863231627307787,6.770565607864538,2020-01-01
MX-DIF,2020,2,14.1190249084626,11.149968123667795,2020-02-01
MX-DIF,2020,3,16.54000678458779,9.18615057663533,2020-03-01
MX-DIF,2020,4,17.973922360762252,15.697161933848479,2020-04-01
MX-DIF,2020,5,17.194986471661636,15.093837289339604,2020-05-01
MX-DIF,2020,6,17.202378346603716,51.11085522315679,2020-06-01
MX-DIF,2020,7,16.018671930629825,109.74575417452931,2020-07-01
MX-DIF,2020,8,15.579989019581427,112.28216663944958,2020-08-01
MX-DIF,2020,9,15.15018616394345,106.36015819785561,2020-09-01
MX-DIF,2020,10,13.804675480650356,11.064261285295183,2020-10-01
MX-DIF,2020,11,13.300186382930466,4.167739701822505,2020-11-01
MX-DIF,2020,12,12.060972481132557,5.609295213388211,2020-12-01
MX-DIF,2021,1,12.139426979729132,8.972629304288008,2021-01-01
MX-DIF,2021,2,13.402857930421435,0.6588030903715216,2021-02-01
MX-DIF,2021,3,16.24664275862645,6.865578624435733,2021-03-01
MX-DIF,2021,4,16.64991804059666,16.27232272805025,2021-04-01
MX-DIF,2021,5,16.87737565045921,29.905062203066493,2021-05-01
MX-DIF,2021,6,15.265736692491016,108.86352455653355,2021-06-01
MX-DIF,2021,7,15.364566714514309,101.0569774335614,2021-07-01
MX-DIF,2021,8,15.234654508104482,132.7095322330715,2021-08-01
MX-DIF,2021,9,15.182781765139737,105.23716498539856,2021-09-01
MX-DIF,2021,10,14.796394964558987,36.98000818132534,2021-10-01
MX-DIF,2021,11,12.11575796963677,3.860739174421682,2021-11-01
MX-DIF,2021,12,12.26887300361409,1.451123706260509,2021-12-01
MX-DIF,2022,1,11.697138931775205,9.897729721425444,2022-01-01
MX-DIF,2022,2,12.92399187870826,6.054587940974578,2022-02-01
MX-DIF,2022,3,15.071625717291775,5.818776506796048,2022-03-01
MX-DIF,2022,4,16.61717547012846,11.325819843674859,2022-04-01
MX-DIF,2022,5,17.877871108415526,10.51984459267181,2022-05-01
MX-DIF,2022,6,15.827373882775685,79.61159508324629,2022-06-01
MX-DIF,2022,7,15.48319053730811,114.65302411356107,2022-07-01
MX-DIF,2022,8,15.099253330175225,104.18008723188274,2022-08-01
MX-DIF,2022,9,15.094853955159795,72.71171550787017,2022-09-01
MX-DIF,2022,10,14.602098791981906,39.73869822111303,2022-10-01
MX-DIF,2022,11,13.525605820719964,11.87940977836838,2022-11-01
MX-DIF,2022,12,11.094350229911843,7.239526133580192,2022-12-01
MX-DIF,2023,1,11.489209444042705,2.347746000656755,2023-01-01
MX-DIF,2023,2,13.464957935745606,1.5025582155526236,2023-02-01
MX-DIF,2023,3,15.101479858488858,19.04009986604408,2023-03-01
MX-DIF,2023,4,16.113561763928637,12.858971674908528,2023-04-01
MX-DIF,2023,5,15.628474424077751,48.22935246515123,2023-05-01
MX-DIF,2023,6,18.761512876907457,26.87180029534313,2023-06-01
MX-DIF,2023,7,15.89292369299953,116.38000904181936,2023-07-01
MX-DIF,2023,8,15.747020271902606,83.15947647523679,2023-08-01
MX-DIF,2023,9,15.902024358438378,49.09769566890483,2023-09-01
MX-DIF,2023,10,15.144394923915664,51.038160434264626,2023-10-01
MX-DIF,2023,11,13.674779212610863,19.9285581179164,2023-11-01
MX-DIF,2023,12,11.01614208357075,14.775164492975332,2023-12-01
MX-DIF,2024,1,12.083943776679515,2.927550853536833,2024-01-01
MX-DIF,2024,2,13.86689861874407,5.511201422576625,2024-02-01
MX-DIF,2024,3,16.554698204756594,0.1795811643619391,2024-03-01
MX-DIF,2024,4,17.970411792695966,5.292677187467934,2024-04-01
MX-DIF,2024,5,20.024225375346113,8.397133969112048,2024-05-01
MX-DIF,2024,6,18.06029738455501,55.11888235505058,2024-06-01
MX-DIF,2024,7,16.10596592899254,128.04257382206737,2024-07-01
MX-DIF,2024,8,15.973707333452573,122.59777388322435,2024-08-01
MX-DIF,2024,9,16.08611754407915,112.951998936651,2024-09-01
MX-DIF,2024,10,13.893983466752509,38.68206434916542,2024-10-01
MX-DIF,2024,11,13.290365995096192,6.8964006199804615,2024-11-01
MX-DIF,2024,12,11.803424503284454,5.634291021574194,2024-12-01
MX-DIF,2025,1,12.136478263202878,8.475951236462365,2025-01-01
MX-DIF,2025,2,14.010431324327225,15.837600584358917,2025-02-01
MX-DIF,2025,3,15.818320962848807,8.152575031516825,2025-03-01
MX-DIF,2025,4,16.88662975484366,1.5495184800301478,2025-04-01
MX-DIF,2025,5,17.629965086337354,44.01681388128894,2025-05-01
MX-DIF,2025,6,15.56166294286061,129.63045405746695,2025-06-01
MX-DIF,2025,7,15.23044548289432,83.13493912240087,2025-07-01
MX-DIF,2025,8,15.32371652042522,104.56230854227266,2025-08-01
MX-DIF,2025,9,15.789157559012041,92.99440277530012,2025-09-01
MX-DIF,2025,10,14.575020167588496,43.88902183064425,2025-10-01
MX-DIF,2025,11,12.975862523196323,1.9996831150865293,2025-11-01
MX-DIF,2025,12,12.259899434736452,15.834739483386912,2025-12-01
MX-DUR,1990,1,10.646772173874297,7.628328966555756,1990-01-01
MX-DUR,1990,2,10.94160552652591,7.681573462026911,1990-02-01
MX-DUR,1990,3,15.320906961677561,1.4977367298359745,1990-03-01
MX-DUR,1990,4,18.166176105959213,1.170021069923361,1990-04-01
MX-DUR,1990,5,21.418702091569997,5.646678500409441,1990-05-01
MX-DUR,1990,6,23.138257774720426,25.346058466783937,1990-06-01
MX-DUR,1990,7,19.362099671950318,95.86269492600933,1990-07-01
MX-DUR,1990,8,19.189129910712595,66.75718294942172,1990-08-01
MX-DUR,1990,9,18.278757018481336,57.63235831007207,1990-09-01
MX-DUR,1990,10,16.487997894234486,26.713304489702722,1990-10-01
MX-DUR,1990,11,14.19890573252532,3.687730150819528,1990-11-01
MX-DUR,1990,12,11.624316283709836,8.907326810501399,1990-12-01
MX-DUR,1991,1,10.237504272041956,3.1948034775504017,1991-01-01
MX-DUR,1991,2,11.765764113476207,6.585017426284231,1991-02-01
MX-DUR,1991,3,15.2596233972486,0.42793815713196476,1991-03-01
MX-DUR,1991,4,18.04879767464977,1.0624175429364633,1991-04-01
MX-DUR,1991,5,21.029300416133502,2.817797448364359,1991-05-01
MX-DUR,1991,6,21.905400073328543,17.18104713144887,1991-06-01
MX-DUR,1991,7,18.407735025809906,115.91376260732463,1991-07-01
MX-DUR,1991,8,19.487474608869956,72.40145576874724,1991-08-01
MX-DUR,1991,9,17.76683682804998,65.4315793574836,1991-09-01
MX-DUR,1991,10,16.070710855482304,13.798122781505922,1991-10-01
MX-DUR,1991,11,12.179780215874326,19.144367257267184,1991-11-01
MX-DUR,1991,12,10.271956884524245,22.230191272566316,1991-12-01
MX-DUR,1992,1,7.808294462219551,47.94111784072991,1992-01-01
MX-DUR,1992,2,9.506292216328223,5.892276682180948,1992-02-01
MX-DUR,1992,3,13.482356652123775,6.887864756339017,1992-03-01
MX-DUR,1992,4,16.405400538282485,6.982238001766587,1992-04-01
MX-DUR,1992,5,18.424621228000465,14.923202354725683,1992-05-01
MX-DUR,1992,6,23.419948323448434,8.823878350323032,1992-06-01
MX-DUR,1992,7,21.56587391240544,50.80584608990713,1992-07-01
MX-DUR,1992,8,20.110336351292826,57.34572760655148,1992-08-01
MX-DUR,1992,9,19.460085478458957,28.460520293665915,1992-09-01
MX-DUR,1992,10,17.618489831423595,10.751393462609935,1992-10-01
MX-DUR,1992,11,12.384548368883618,3.6804098237181515,1992-11-01
MX-DUR,1992,12,12.884189417187219,11.78466299143958,1992-12-01
MX-DUR,1993,1,11.574360466973626,6.427073328291716,1993-01-01
MX-DUR,1993,2,12.644985835756222,1.8811557453746557,1993-02-01
MX-DUR,1993,3,14.568758916739856,1.5067290809955398,1993-03-01
MX-DUR,1993,4,17.800583260994276,1.270634105211338,1993-04-01
MX-DUR,1993,5,19.63780268274219,7.890379109496256,1993-05-01
MX-DUR,1993,6,22.681232774484677,39.10612288744635,1993-06-01
MX-DUR,1993,7,21.028861316732158,64.22671687776449,1993-07-01
MX-DUR,1993,8,21.3511574840176,44.03064724464593,1993-08-01
MX-DUR,1993,9,17.797201338083557,73.72657921962505,1993-09-01
MX-DUR,1993,10,17.24074167569084,8.66976417802159,1993-10-01
MX-DUR,1993,11,14.189405688724646,10.360901691248992,1993-11-01
MX-DUR,1993,12,12.561064479204102,2.1010061305992913,1993-12-01
MX-DUR,1994,1,11.216945588436554,1.8668353875923474,1994-01-01
MX-DUR,1994,2,13.627796960204256,0.4136293314376518,1994-02-01
MX-DUR,1994,3,15.617827384750926,4.977173318448206,1994-03-01
MX-DUR,1994,4,18.22693846640851,4.297522855209152,1994-04-01
MX-DUR,1994,5,22.059513465098657,3.5456414472544586,1994-05-01
MX-DUR,1994,6,21.954398561095378,42.62534943072628,1994-06-01
MX-DUR,1994,7,21.790900471320963,48.77801580300923,1994-07-01
MX-DUR,1994,8,20.593229087179534,62.346094594663846,1994-08-01
MX-DUR,1994,9,19.566560258211055,31.774747112181846,1994-09-01
MX-DUR,1994,10,17.53185327422813,22.456049277410262,1994-10-01
MX-DUR,1994,11,16.241098187848785,3.3656062973497396,1994-11-01
MX-DUR,1994,12,12.58609864016221,8.28636843523945,1994-12-01
MX-DUR,1995,1,10.92812344997997,2.2894119281124494,1995-01-01
MX-DUR,1995,2,13.796709469518031,3.9692588801247637,1995-02-01
MX-DUR,1995,3,15.75020212114603,1.2574493437282377,1995-03-01
MX-DUR,1995,4,17.63104393333977,0.038437013846050354,1995-04-01
MX-DUR,1995,5,21.980402170118893,1.1065270257297513,1995-05-01
MX-DUR,1995,6,22.894555865810663,25.553083887264872,1995-06-01
MX-DUR,1995,7,21.578995147699708,41.70160196652364,1995-07-01
MX-DUR,1995,8,20.656625143811652,68.1756710576387,1995-08-01
MX-DUR,1995,9,19.637427646555803,47.088507698647696,1995-09-01
MX-DUR,1995,10,17.963284841379796,2.557087369805543,1995-10-01
MX-DUR,1995,11,15.237802036737046,1.4416283606121132,1995-11-01
MX-DUR,1995,12,11.163998607220558,4.741581709937426,1995-12-01
MX-DUR,1996,1,10.979701058027922,1.0981090104348374,1996-01-01
MX-DUR,1996,2,14.202727075246266,1.1890679213486228,1996-02-01
MX-DUR,1996,3,14.409153389785581,0.13497593373157396,1996-03-01
MX-DUR,1996,4,17.3815780275381,4.849140399512197,1996-04-01
MX-DUR,1996,5,22.56059926858922,6.219470085602638,1996-05-01
MX-DUR,1996,6,21.71372139408026,39.778657440981505,1996-06-01
MX-DUR,1996,7,21.454022270975443,47.114122679094784,1996-07-01
MX-DUR,1996,8,19.781953490540964,81.96808334301646,1996-08-01
MX-DUR,1996,9,19.263969294396247,35.43789773516673,1996-09-01
MX-DUR,1996,10,16.473169794967845,19.695395100855333,1996-10-01
MX-DUR,1996,11,13.858763593099528,8.261003455701417,1996-11-01
MX-DUR,1996,12,10.720192637254875,1.694327409153861,1996-12-01
MX-DUR,1997,1,9.138773796857395,11.155347364806369,1997-01-01
MX-DUR,1997,2,11.421864339351927,7.55293739739217,1997-02-01
MX-DUR,1997,3,14.438372873878423,12.14948614749125,1997-03-01
MX-DUR,1997,4,14.550136030797363,14.179088677716766,1997-04-01
MX-DUR,1997,5,19.33356187290736,15.296878695682228,1997-05-01
MX-DUR,1997,6,22.037583525274634,30.57129321947013,1997-06-01
MX-DUR,1997,7,21.25781326100775,45.96900997590335,1997-07-01
MX-DUR,1997,8,21.05614355033202,40.809801721089514,1997-08-01
MX-DUR,1997,9,20.264792440540237,36.111377257571526,1997-09-01
MX-DUR,1997,10,16.661802049228776,8.858729931328712,1997-10-01
MX-DUR,1997,11,14.205272320077311,10.513985440384078,1997-11-01
MX-DUR,1997,12,8.244463067276845,4.564759463674728,1997-12-01
MX-DUR,1998,1,10.037164500498397,0.09545645193145254,1998-01-01
MX-DUR,1998,2,10.519614377488363,1.8130705868332142,1998-02-01
MX-DUR,1998,3,14.485290897330046,0.7159562102077331,1998-03-01
MX-DUR,1998,4,18.191632967202413,0.5669842792603895,1998-04-01
MX-DUR,1998,5,23.06815895211014,0.8190779396104154,1998-05-01
MX-DUR,1998,6,24.595694149362085,17.254845257229068,1998-06-01
MX-DUR,1998,7,22.719027324514173,37.42868730122471,1998-07-01
MX-DUR,1998,8,20.856354689857636,59.67482633781599,1998-08-01
MX-DUR,1998,9,20.629298003897443,33.9527768458739,1998-09-01
MX-DUR,1998,10,19.100487726299814,18.880960137078958,1998-10-01
MX-DUR,1998,11,15.17699697303945,2.32381098554551,1998-11-01
MX-DUR,1998,12,12.424763948048813,0.3275090021666522,1998-12-01
MX-DUR,1999,1,10.958644283661588,0.4822933181133337,1999-01-01
MX-DUR,1999,2,14.50826258866939,0.2870533532817817,1999-02-01
MX-DUR,1999,3,15.81994519608933,0.9718977937332977,1999-03-01
MX-DUR,1999,4,19.693344148954512,0.7144583166823979,1999-04-01
MX-DUR,1999,5,21.66622996421513,3.215086730436769,1999-05-01
MX-DUR,1999,6,21.931660441745233,57.09530624990661,1999-06-01
MX-DUR,1999,7,20.57555370876035,61.897736790437726,1999-07-01
MX-DUR,1999,8,21.49241994735765,43.153684489560256,1999-08-01
MX-DUR,1999,9,21.05130983534952,26.100998040546738,1999-09-01
MX-DUR,1999,10,17.59408063960944,3.491276374763963,1999-10-01
MX-DUR,1999,11,13.92937719207413,2.0795303019198945,1999-11-01
MX-DUR,1999,12,9.7340448594245,2.5358370335297766,1999-12-01
MX-DUR,2000,1,11.872237731254609,0.0764595659599462,2000-01-01
MX-DUR,2000,2,14.277056708945372,0.6459978458311847,2000-02-01
MX-DUR,2000,3,16.47974868671325,0.6402043670855061,2000-03-01
MX-DUR,2000,4,19.635859153725004,2.3262069351512844,2000-04-01
MX-DUR,2000,5,22.039238585981455,13.707610714648474,2000-05-01
MX-DUR,2000,6,20.64373684669375,58.756917486228836,2000-06-01
MX-DUR,2000,7,21.698992640309406,38.11123392684926,2000-07-01
MX-DUR,2000,8,20.290963714937266,43.00620603962781,2000-08-01
MX-DUR,2000,9,20.27153167228831,37.108055406579446,2000-09-01
MX-DUR,2000,10,16.76406655885595,24.85693584711978,2000-10-01
MX-DUR,2000,11,13.023659419011711,9.610896669506866,2000-11-01
MX-DUR,2000,12,11.150408167851056,1.3429879382344934,2000-12-01
MX-DUR,2001,1,10.945827869629765,3.0773372489937807,2001-01-01
MX-DUR,2001,2,13.545630091058152,2.667673597312278,2001-02-01
MX-DUR,2001,3,13.840842987492964,9.998954129958065,2001-03-01
MX-DUR,2001,4,20.078694744472006,5.797962884481946,2001-04-01
MX-DUR,2001,5,20.680302985198598,11.889296181433618,2001-05-01
MX-DUR,2001,6,22.312198751128555,21.759647686536333,2001-06-01
MX-DUR,2001,7,21.48835999830775,57.92944321141219,2001-07-01
MX-DUR,2001,8,21.430875883972238,40.91696632943053,2001-08-01
MX-DUR,2001,9,20.57253961363625,28.52873876995963,2001-09-01
MX-DUR,2001,10,18.104824915293047,10.101378196902434,2001-10-01
MX-DUR,2001,11,14.409106929241469,3.179129767133211,2001-11-01
MX-DUR,2001,12,11.147881442961134,7.597856095787967,2001-12-01
MX-DUR,2002,1,11.333756641216642,1.8815084294286764,2002-01-01
MX-DUR,2002,2,11.55555283431165,10.822178373150352,2002-02-01
MX-DUR,2002,3,15.827439239673119,0.43837070792812904,2002-03-01
MX-DUR,2002,4,20.55680471272199,2.7664812870472457,2002-04-01
MX-DUR,2002,5,22.660841234866115,8.271161157573424,2002-05-01
MX-DUR,2002,6,22.93826502177732,26.504672224875872,2002-06-01
MX-DUR,2002,7,20.833996464267297,58.70240681897166,2002-07-01
MX-DUR,2002,8,21.089998946495363,49.18787745056594,2002-08-01
MX-DUR,2002,9,20.11436762747217,30.058625866929116,2002-09-01
MX-DUR,2002,10,18.15680469588412,16.345743914322565,2002-10-01
MX-DUR,2002,11,13.789676433007287,10.879761522015135,2002-11-01
MX-DUR,2002,12,10.209079130403836,2.0851566176827223,2002-12-01
MX-DUR,2003,1,11.367721972452761,4.158988281213455,2003-01-01
MX-DUR,2003,2,12.462521456679527,7.407315676184706,2003-02-01
MX-DUR,2003,3,14.633641594184756,0.32394255545954875,2003-03-01
MX-DUR,2003,4,18.57202087780515,1.670019530709096,2003-04-01
MX-DUR,2003,5,22.885613715281167,11.191690558730851,2003-05-01
MX-DUR,2003,6,22.401396249083163,32.64661713750329,2003-06-01
MX-DUR,2003,7,20.30996604897794,62.15067104886807,2003-07-01
MX-DUR,2003,8,20.752350735842796,49.05237127622435,2003-08-01
MX-DUR,2003,9,19.215369258080607,62.85152319256148,2003-09-01
MX-DUR,2003,10,17.295863582717224,21.678363324745003,2003-10-01
MX-DUR,2003,11,15.657335474505228,1.7759075137100284,2003-11-01
MX-DUR,2003,12,10.917637516948567,0.3012945806131695,2003-12-01
MX-DUR,2004,1,9.86730441238082,20.370920105560607,2004-01-01
MX-DUR,2004,2,11.065352932385789,3.443232609428591,2004-02-01
MX-DUR,2004,3,15.642625703972092,16.68412609899182,2004-03-01
MX-DUR,2004,4,16.8899494948487,4.601268964962263,2004-04-01
MX-DUR,2004,5,20.599091314953153,4.7076770790597955,2004-05-01
MX-DUR,2004,6,21.446541763398134,27.698035859958768,2004-06-01
MX-DUR,2004,7,21.22605416553079,48.08546098589465,2004-07-01
MX-DUR,2004,8,20.392606249492026,50.99706005168757,2004-08-01
MX-DUR,2004,9,18.87857980781811,54.10591717060276,2004-09-01
MX-DUR,2004,10,17.776856989370334,10.223911626328832,2004-10-01
MX-DUR,2004,11,12.54533676064875,9.77727152629889,2004-11-01
MX-DUR,2004,12,10.445969941468723,2.9509989533564025,2004-12-01
MX-DUR,2005,1,11.796361851341363,5.767838753015232,2005-01-01
MX-DUR,2005,2,11.881642785862681,14.4191599248304,2005-02-01
MX-DUR,2005,3,13.119311243061997,3.360200810647468,2005-03-01
MX-DUR,2005,4,18.354602030807563,0.8415929007684085,2005-04-01
MX-DUR,2005,5,20.648680195176688,4.925871396719713,2005-05-01
MX-DUR,2005,6,23.937642309498628,3.9784861390881687,2005-06-01
MX-DUR,2005,7,22.00301985806379,60.151602713421134,2005-07-01
MX-DUR,2005,8,20.418002416782407,50.355580790395095,2005-08-01
MX-DUR,2005,9,21.45640015543266,19.939213499498436,2005-09-01
MX-DUR,2005,10,18.748861834387718,15.56648662108836,2005-10-01
MX-DUR,2005,11,14.229366659682546,1.8524929784354727,2005-11-01
MX-DUR,2005,12,11.120033955633307,0.2528307479314558,2005-12-01
MX-DUR,2006,1,11.197307743725034,3.5295426483110335,2006-01-01
MX-DUR,2006,2,13.869592951294136,0.2658887582848246,2006-02-01
MX-DUR,2006,3,16.221912911753723,1.0771511310294075,2006-03-01
MX-DUR,2006,4,20.64963062359935,0.7284094862187701,2006-04-01
MX-DUR,2006,5,21.503407371256106,10.09234772965835,2006-05-01
MX-DUR,2006,6,22.147647894786314,32.71754695759416,2006-06-01
MX-DUR,2006,7,21.014024981301148,53.18632483126895,2006-07-01
MX-DUR,2006,8,20.258032994055025,66.4755610237847,2006-08-01
MX-DUR,2006,9,19.847703359005763,45.1090340502603,2006-09-01
MX-DUR,2006,10,17.81743491855643,19.298273456485617,2006-10-01
MX-DUR,2006,11,14.429736253693363,0.5260235566389666,2006-11-01
MX-DUR,2006,12,9.721820739381675,11.732831391158525,2006-12-01
MX-DUR,2007,1,9.677327944044592,10.180692114790958,2007-01-01
MX-DUR,2007,2,12.184192220337692,0.629613882384099,2007-02-01
MX-DUR,2007,3,15.953997846524942,0.5479662387718911,2007-03-01
MX-DUR,2007,4,18.262757687183566,1.3923496085207598,2007-04-01
MX-DUR,2007,5,20.814036040164204,3.4771441888013572,2007-05-01
MX-DUR,2007,6,21.622202901972937,35.856964005927594,2007-06-01
MX-DUR,2007,7,20.73018942334877,70.55302625216974,2007-07-01
MX-DUR,2007,8,21.088032317724554,49.48796815379192,2007-08-01
MX-DUR,2007,9,20.199925383329205,37.18021119986201,2007-09-01
MX-DUR,2007,10,17.741854448180298,8.949046181909202,2007-10-01
MX-DUR,2007,11,14.68885115755185,3.4458377845985346,2007-11-01
MX-DUR,2007,12,12.044892949319555,1.9246901037091049,2007-12-01
MX-DUR,2008,1,10.66241608360791,0.3672317994142823,2008-01-01
MX-DUR,2008,2,13.307847550929155,0.7620528315051361,2008-02-01
MX-DUR,2008,3,14.604238308132377,0.6218018028936462,2008-03-01
MX-DUR,2008,4,19.36272008725301,2.452647401024836,2008-04-01
MX-DUR,2008,5,21.10323783631839,5.595169070385939,2008-05-01
MX-DUR,2008,6,23.84186699910149,21.210152225533687,2008-06-01
MX-DUR,2008,7,21.037308320099257,79.04068025421405,2008-07-01
MX-DUR,2008,8,20.051916155747396,94.35557391082705,2008-08-01
MX-DUR,2008,9,18.403605843992917,65.10967441225395,2008-09-01
MX-DUR,2008,10,17.508823139210904,12.558166225318304,2008-10-01
MX-DUR,2008,11,13.444422267986136,0.4044058308822917,2008-11-01
MX-DUR,2008,12,12.0811517894411,0.4733919358787563,2008-12-01
MX-DUR,2009,1,12.260244838295865,3.2815753071330844,2009-01-01
MX-DUR,2009,2,14.148724763097972,0.02892364982268696,2009-02-01
MX-DUR,2009,3,16.484557536290716,2.2804257248074675,2009-03-01
MX-DUR,2009,4,18.344027151095013,1.111088178589289,2009-04-01
MX-DUR,2009,5,21.435868647282046,12.893067285050803,2009-05-01
MX-DUR,2009,6,22.630709331456327,38.301432273190784,2009-06-01
MX-DUR,2009,7,22.95659905507187,33.40951836688346,2009-07-01
MX-DUR,2009,8,21.835464097084213,39.3075699737229,2009-08-01
MX-DUR,2009,9,19.326618236103666,56.15028837333591,2009-09-01
MX-DUR,2009,10,18.350956565042825,15.778145578378918,2009-10-01
MX-DUR,2009,11,13.44343307509316,3.0778125293531615,2009-11-01
MX-DUR,2009,12,10.477857103010939,9.071476117394699,2009-12-01
MX-DUR,2010,1,9.755466567008389,4.446902795480543,2010-01-01
MX-DUR,2010,2,10.285812781441638,14.950291904987326,2010-02-01
MX-DUR,2010,3,13.605241803922478,3.3464286143400908,2010-03-01
MX-DUR,2010,4,17.455199474522935,4.914127402432964,2010-04-01
MX-DUR,2010,5,21.603277921645304,4.627643554982924,2010-05-01
MX-DUR,2010,6,23.254817707109737,24.738659802982877,2010-06-01
MX-DUR,2010,7,20.62252674420592,92.18986067806229,2010-07-01
MX-DUR,2010,8,22.1051814714371,34.47161489324191,2010-08-01
MX-DUR,2010,9,20.334041420897247,61.96151676493869,2010-09-01
MX-DUR,2010,10,17.414868718758715,2.529739478241234,2010-10-01
MX-DUR,2010,11,13.257847316727808,0.007251763161502122,2010-11-01
MX-DUR,2010,12,11.114060022020693,0.056201643828166475,2010-12-01
MX-DUR,2011,1,10.591963830485296,1.1667939505271183,2011-01-01
MX-DUR,2011,2,12.379503572862898,0.016426418493689414,2011-02-01
MX-DUR,2011,3,17.439465662207812,0.2243897215537892,2011-03-01
MX-DUR,2011,4,20.546462187204853,0.07793952136525709,2011-04-01
MX-DUR,2011,5,22.32207056528441,2.111659689295578,2011-05-01
MX-DUR,2011,6,25.00156975295068,6.892238470511424,2011-06-01
MX-DUR,2011,7,22.0849560657527,48.6921835465132,2011-07-01
MX-DUR,2011,8,22.951704887558222,35.07898025726231,2011-08-01
MX-DUR,2011,9,20.909958121705145,25.39659877691864,2011-09-01
MX-DUR,2011,10,18.801023734607806,5.565495695958805,2011-10-01
MX-DUR,2011,11,14.037851467039575,1.8926515939866213,2011-11-01
MX-DUR,2011,12,10.88214760655733,0.8378466771611113,2011-12-01
MX-DUR,2012,1,11.333616096327495,2.049118888881133,2012-01-01
MX-DUR,2012,2,12.272608709999703,7.4564128174189745,2012-02-01
MX-DUR,2012,3,16.281892767134615,0.9786418403394233,2012-03-01
MX-DUR,2012,4,19.506085991813165,2.9332489987380352,2012-04-01
MX-DUR,2012,5,22.0174220879693,5.821732409221108,2012-05-01
MX-DUR,2012,6,23.524933913116865,20.130105033445233,2012-06-01
MX-DUR,2012,7,20.84032260921838,62.103786225288516,2012-07-01
MX-DUR,2012,8,21.521209616581622,43.506307437609145,2012-08-01
MX-DUR,2012,9,19.56352508764519,33.827876023295865,2012-09-01
MX-DUR,2012,10,18.987736484045598,9.07083135291872,2012-10-01
MX-DUR,2012,11,15.02207044388678,3.845147922840817,2012-11-01
MX-DUR,2012,12,12.242850410832672,7.300187985150185,2012-12-01
MX-DUR,2013,1,10.130008394170645,4.590036065566118,2013-01-01
MX-DUR,2013,2,12.875682569468944,0.25384255315229554,2013-02-01
MX-DUR,2013,3,14.97175504996363,0.45041162751635927,2013-03-01
MX-DUR,2013,4,18.615202564602427,0.10737706240382412,2013-04-01
MX-DUR,2013,5,20.948593273602572,5.891442088702035,2013-05-01
MX-DUR,2013,6,23.656551811642817,15.402667920993533,2013-06-01
MX-DUR,2013,7,20.682530539002194,65.8485734217111,2013-07-01
MX-DUR,2013,8,21.031604135541357,49.11444091059194,2013-08-01
MX-DUR,2013,9,19.417308140748773,66.34190985778349,2013-09-01
MX-DUR,2013,10,18.316700068124064,12.316250260373428,2013-10-01
MX-DUR,2013,11,13.559761646736336,18.11336888048841,2013-11-01
MX-DUR,2013,12,11.471719996754844,9.07971091737349,2013-12-01
MX-DUR,2014,1,10.422194629493756,4.346265647117304,2014-01-01
MX-DUR,2014,2,14.377285226870159,0.11092507424336817,2014-02-01
MX-DUR,2014,3,15.579476842034596,3.4597438901531863,2014-03-01
MX-DUR,2014,4,18.84005842575421,0.46792181124639315,2014-04-01
MX-DUR,2014,5,20.494179375075813,5.945870465033914,2014-05-01
MX-DUR,2014,6,23.11669093419285,28.41703037456038,2014-06-01
MX-DUR,2014,7,21.174209907610894,46.968298940010875,2014-07-01
MX-DUR,2014,8,20.863600209793084,54.80065498655253,2014-08-01
MX-DUR,2014,9,19.89161757506146,54.28042079717648,2014-09-01
MX-DUR,2014,10,18.902919834320386,8.983566969289395,2014-10-01
MX-DUR,2014,11,12.227280239519756,24.39967545198039,2014-11-01
MX-DUR,2014,12,11.55490567132117,2.224844612859515,2014-12-01
MX-DUR,2015,1,10.69184166970478,15.56827432006072,2015-01-01
MX-DUR,2015,2,12.592600109402438,17.66662080843883,2015-02-01
MX-DUR,2015,3,13.271375167328374,29.043294315969035,2015-03-01
MX-DUR,2015,4,17.733172320374607,5.507947263499721,2015-04-01
MX-DUR,2015,5,20.40017699398017,6.339404167837808,2015-05-01
MX-DUR,2015,6,21.617063359578857,48.086165578231615,2015-06-01
MX-DUR,2015,7,21.164888319480944,47.36357699314164,2015-07-01
MX-DUR,2015,8,22.101255346236425,26.58178348651418,2015-08-01
MX-DUR,2015,9,21.210511375004437,29.97377629154398,2015-09-01
MX-DUR,2015,10,18.321811196432776,24.28298401339294,2015-10-01
MX-DUR,2015,11,15.91690148428351,5.006669601677346,2015-11-01
MX-DUR,2015,12,11.786289252585373,5.219852478518548,2015-12-01
MX-DUR,2016,1,9.039105250417887,4.247880596515019,2016-01-01
MX-DUR,2016,2,13.896150185665155,2.440767299184011,2016-02-01
MX-DUR,2016,3,14.9684784451994,8.73511481506231,2016-03-01
MX-DUR,2016,4,18.150661448141644,3.178753331583111,2016-04-01
MX-DUR,2016,5,21.43774355826983,8.324936956396337,2016-05-01
MX-DUR,2016,6,22.465690069936752,27.19227720631242,2016-06-01
MX-DUR,2016,7,21.809167526215727,54.20366498570383,2016-07-01
MX-DUR,2016,8,19.93582662672403,96.79129330670713,2016-08-01
MX-DUR,2016,9,19.831325137489195,46.183413950697535,2016-09-01
MX-DUR,2016,10,18.638768295217602,8.566909204228088,2016-10-01
MX-DUR,2016,11,14.70872248284343,4.548446581762332,2016-11-01
MX-DUR,2016,12,12.810991951243675,11.708045893386581,2016-12-01
MX-DUR,2017,1,11.856614195474945,1.9061701067931482,2017-01-01
MX-DUR,2017,2,13.42451649715631,6.1033783742055405,2017-02-01
MX-DUR,2017,3,16.212626511013344,8.293198895055015,2017-03-01
MX-DUR,2017,4,19.12219954134622,2.2496462188491058,2017-04-01
MX-DUR,2017,5,21.808419876293303,2.0202325605648563,2017-05-01
MX-DUR,2017,6,24.232364565027783,8.176695994971169,2017-06-01
MX-DUR,2017,7,21.162233316408766,58.517867888076204,2017-07-01
MX-DUR,2017,8,20.810141889627225,53.67318826456405,2017-08-01
MX-DUR,2017,9,19.64306150523758,45.96835068592544,2017-09-01
MX-DUR,2017,10,18.253599884979366,18.70382459728274,2017-10-01
MX-DUR,2017,11,15.845277821666546,0.1317848351184642,2017-11-01
MX-DUR,2017,12,11.112057199041477,15.429853404658447,2017-12-01
MX-DUR,2018,1,10.444617006889642,1.237067194079023,2018-01-01
MX-DUR,2018,2,14.360659241922104,7.735083612806938,2018-02-01
MX-DUR,2018,3,17.09168143021656,0.17005594465440624,2018-03-01
MX-DUR,2018,4,19.521004631628276,2.2471930980301824,2018-04-01
MX-DUR,2018,5,22.786343262090742,8.047761039847968,2018-05-01
MX-DUR,2018,6,23.05178437961372,37.368928149716666,2018-06-01
MX-DUR,2018,7,21.762273397054038,40.762062517069275,2018-07-01
MX-DUR,2018,8,21.577679091719247,32.77059422494992,2018-08-01
MX-DUR,2018,9,19.0143437837493,63.25732889936219,2018-09-01
MX-DUR,2018,10,17.171495923634872,39.757708776345225,2018-10-01
MX-DUR,2018,11,12.791270682837006,5.206704307355387,2018-11-01
MX-DUR,2018,12,10.692533055788042,6.899184368458983,2018-12-01
MX-DUR,2019,1,11.780430269843315,3.1668721432671774,2019-01-01
MX-DUR,2019,2,14.500855614195393,0.9420277700887715,2019-02-01
MX-DUR,2019,3,16.787753974125156,1.0942426806107863,2019-03-01
MX-DUR,2019,4,18.60267515159914,0.09970438557774494,2019-04-01
MX-DUR,2019,5,21.456782600982926,0.8468805795755172,2019-05-01
MX-DUR,2019,6,23.291487413965434,16.409253508927975,2019-06-01
MX-DUR,2019,7,22.119995963027097,38.16121411934016,2019-07-01
MX-DUR,2019,8,23.07956976935736,29.3787586855478,2019-08-01
MX-DUR,2019,9,20.32014468749632,51.099491369863216,2019-09-01
MX-DUR,2019,10,18.96935444705775,13.088180104044328,2019-10-01
MX-DUR,2019,11,15.419985543814155,19.289482575263268,2019-11-01
MX-DUR,2019,12,12.213128560265488,2.5746612098324584,2019-12-01
MX-DUR,2020,1,11.349171236354046,13.882870751795117,2020-01-01
MX-DUR,2020,2,13.354554022706795,9.994395040766936,2020-02-01
MX-DUR,2020,3,18.00149771319896,2.9491190393579614,2020-03-01
MX-DUR,2020,4,20.01159941754106,1.2230396505996715,2020-04-01
MX-DUR,2020,5,21.836856764406935,4.964533085281244,2020-05-01
MX-DUR,2020,6,23.483142479550605,15.037183843093102,2020-06-01
MX-DUR,2020,7,21.82583713621128,69.92403679964852,2020-07-01
MX-DUR,2020,8,22.8090011059347,20.7016588084564,2020-08-01
MX-DUR,2020,9,19.430241836505267,59.1216023398443,2020-09-01
MX-DUR,2020,10,18.842987574989213,1.1676591965183751,2020-10-01
MX-DUR,2020,11,15.80947243112794,0.1920046701415192,2020-11-01
MX-DUR,2020,12,10.244629638438726,3.0169953222006103,2020-12-01
MX-DUR,2021,1,10.53896411823267,2.7375683221089817,2021-01-01
MX-DUR,2021,2,13.947806753066816,0.3067712766695279,2021-02-01
MX-DUR,2021,3,16.231964482815705,0.005585891511572308,2021-03-01
MX-DUR,2021,4,19.25361049561662,2.864218634342751,2021-04-01
MX-DUR,2021,5,21.587674794014898,6.292982131243772,2021-05-01
MX-DUR,2021,6,22.769208811898405,34.07377087636131,2021-06-01
MX-DUR,2021,7,20.373229325340116,66.52423056907554,2021-07-01
MX-DUR,2021,8,20.646035275522976,70.15616576815925,2021-08-01
MX-DUR,2021,9,20.143084711063313,34.75204686020006,2021-09-01
MX-DUR,2021,10,18.548401846973782,20.344417306951996,2021-10-01
MX-DUR,2021,11,15.04981808417935,3.0909424367650944,2021-11-01
MX-DUR,2021,12,13.616234952213864,2.0794290176982027,2021-12-01
MX-DUR,2022,1,11.602288985721737,1.1656734447591015,2022-01-01
MX-DUR,2022,2,12.198253679378109,1.2201918216798047,2022-02-01
MX-DUR,2022,3,15.539224983103013,2.2500916088296694e-4,2022-03-01
MX-DUR,2022,4,20.02673946629575,3.318357045366274,2022-04-01
MX-DUR,2022,5,23.20445417612248,2.2031001324578443,2022-05-01
MX-DUR,2022,6,22.993889347358195,25.342974442362035,2022-06-01
MX-DUR,2022,7,22.25099784127011,43.713557859499645,2022-07-01
MX-DUR,2022,8,20.79343358239301,80.52508931212806,2022-08-01
MX-DUR,2022,9,19.411970383767862,47.15094284850338,2022-09-01
MX-DUR,2022,10,17.032143277298353,17.65307001505733,2022-10-01
MX-DUR,2022,11,13.984524289226604,0.23663324343340164,2022-11-01
MX-DUR,2022,12,12.473799957286078,0.35055080879478934,2022-12-01
MX-DUR,2023,1,11.898674026970712,0.29776784570369264,2023-01-01
MX-DUR,2023,2,13.40253693926545,1.1887739661381063,2023-02-01
MX-DUR,2023,3,16.924544394073642,1.1451073793613649,2023-03-01
MX-DUR,2023,4,18.46621178365402,1.7972264808470357,2023-04-01
MX-DUR,2023,5,20.14114334095699,6.004855045473073,2023-05-01
MX-DUR,2023,6,25.701864721753147,5.0312546686830295,2023-06-01
MX-DUR,2023,7,23.171285916614682,44.00139686697034,2023-07-01
MX-DUR,2023,8,23.114559831350448,25.397841323236953,2023-08-01
MX-DUR,2023,9,23.306981126242718,18.02185404130491,2023-09-01
MX-DUR,2023,10,18.317507943030442,26.50371404750474,2023-10-01
MX-DUR,2023,11,14.642833547619231,12.123557238094785,2023-11-01
MX-DUR,2023,12,11.658253101774088,1.452259795513335,2023-12-01
MX-DUR,2024,1,11.671104762642008,1.7106115966522384,2024-01-01
MX-DUR,2024,2,13.73363070396788,9.384360729161722,2024-02-01
MX-DUR,2024,3,15.900145146476573,0.7181349131413729,2024-03-01
MX-DUR,2024,4,19.629526830274987,0.30646189437775884,2024-04-01
MX-DUR,2024,5,24.413731492005528,0.5197680962896194,2024-05-01
MX-DUR,2024,6,24.84280994812695,27.843348399484874,2024-06-01
MX-DUR,2024,7,21.370218506000885,71.3313287773933,2024-07-01
MX-DUR,2024,8,22.610479935310163,27.61609959065419,2024-08-01
MX-DUR,2024,9,20.79668273626299,38.52851819697714,2024-09-01
MX-DUR,2024,10,19.15685731715925,1.8646197606429538,2024-10-01
MX-DUR,2024,11,16.40884056593535,0.964507209099088,2024-11-01
MX-DUR,2024,12,13.4348695978443,2.4647071867941976,2024-12-01
MX-DUR,2025,1,11.042931973789134,6.936433121693188,2025-01-01
MX-DUR,2025,2,15.352729128962716,0.10733531679001444,2025-02-01
MX-DUR,2025,3,16.84558963773057,0.19221669146118844,2025-03-01
MX-DUR,2025,4,19.674033085491534,0.22611359452860097,2025-04-01
MX-DUR,2025,5,22.410138431302418,6.577369206146361,2025-05-01
MX-DUR,2025,6,23.603996772427728,35.97069385497595,2025-06-01
MX-DUR,2025,7,20.58324829989528,61.35821530380303,2025-07-01
MX-DUR,2025,8,21.43598233802637,47.61920857678959,2025-08-01
MX-DUR,2025,9,20.247920984164498,62.70101500964316,2025-09-01
MX-DUR,2025,10,19.44812556424326,7.286815709891597,2025-10-01
MX-DUR,2025,11,15.542365471155337,0.425202451136576,2025-11-01
MX-DUR,2025,12,13.490603871034589,5.147548253498183,2025-12-01
MX-GRO,1990,1,22.944386140117203,3.4205417173445674,1990-01-01
MX-GRO,1990,2,23.496002404510055,5.041058042085017,1990-02-01
MX-GRO,1990,3,24.732755398153408,1.1380568964894153,1990-03-01
MX-GRO,1990,4,26.194627587515,6.290500789505924,1990-04-01
MX-GRO,1990,5,25.69121809282749,42.08109348296449,1990-05-01
MX-GRO,1990,6,24.586740199161625,106.54649021421065,1990-06-01
MX-GRO,1990,7,23.787780392008663,92.52215443425098,1990-07-01
MX-GRO,1990,8,24.487394503389087,98.1836147283201,1990-08-01
MX-GRO,1990,9,23.703539491244722,91.60643085163176,1990-09-01
MX-GRO,1990,10,23.65035669212876,65.20601234856842,1990-10-01
MX-GRO,1990,11,23.44497467426767,10.999586181773411,1990-11-01
MX-GRO,1990,12,22.5537850287819,4.323798338614907,1990-12-01
MX-GRO,1991,1,22.384141771911388,1.1325492470104646,1991-01-01
MX-GRO,1991,2,23.866252035820462,2.3218818098521723,1991-02-01
MX-GRO,1991,3,24.626847613166554,0.16084277917907555,1991-03-01
MX-GRO,1991,4,25.79069018089296,0.6928318231482321,1991-04-01
MX-GRO,1991,5,26.25063056166038,13.519849693662685,1991-05-01
MX-GRO,1991,6,25.109888195332292,90.7407649823864,1991-06-01
MX-GRO,1991,7,23.956339242633483,82.56824411096741,1991-07-01
MX-GRO,1991,8,24.586160139975576,69.60623834081028,1991-08-01
MX-GRO,1991,9,23.311663923821893,99.79547448188237,1991-09-01
MX-GRO,1991,10,22.98870687192431,67.2481432979555,1991-10-01
MX-GRO,1991,11,22.782990119861697,15.051928713068921,1991-11-01
MX-GRO,1991,12,22.429290566839892,7.229657993211859,1991-12-01
MX-GRO,1992,1,21.40278047855657,40.86493132701065,1992-01-01
MX-GRO,1992,2,21.139397962088477,6.82697869310326,1992-02-01
MX-GRO,1992,3,24.58743502181162,0.42602737720880335,1992-03-01
MX-GRO,1992,4,25.609906532112667,8.878589384246961,1992-04-01
MX-GRO,1992,5,25.883805513149348,24.288963481652925,1992-05-01
MX-GRO,1992,6,25.132071773403602,71.75089976449296,1992-06-01
MX-GRO,1992,7,24.032734587830802,82.697789832507425,1992-07-01
MX-GRO,1992,8,23.89569663459278,95.29823388474516,1992-08-01
MX-GRO,1992,9,23.507977766359527,100.25684675414294,1992-09-01
MX-GRO,1992,10,23.257773788673617,71.85652576528113,1992-10-01
MX-GRO,1992,11,22.683973381559138,21.39662469509072,1992-11-01
MX-GRO,1992,12,22.71119897290318,5.101473029862918,1992-12-01
MX-GRO,1993,1,22.642311908216328,2.6824177396029207,1993-01-01
MX-GRO,1993,2,23.313396822870224,1.480736294146402,1993-02-01
MX-GRO,1993,3,24.00400803098054,0.2278057840433202,1993-03-01
MX-GRO,1993,4,25.292046833781214,1.590413679337087,1993-04-01
MX-GRO,1993,5,26.234453452228344,2.7556267478568355,1993-05-01
MX-GRO,1993,6,25.469260067325862,117.10912989292963,1993-06-01
MX-GRO,1993,7,24.02933461213207,101.18357889079233,1993-07-01
MX-GRO,1993,8,24.27573341158474,81.54162009678686,1993-08-01
MX-GRO,1993,9,22.76211521318022,99.19661883962497,1993-09-01
MX-GRO,1993,10,23.81314349634267,47.89870926501267,1993-10-01
MX-GRO,1993,11,23.290288855064585,8.945539142795521,1993-11-01
MX-GRO,1993,12,22.1372146333893,0.44382905921813026,1993-12-01
MX-GRO,1994,1,22.249669759310837,1.3780318911685325,1994-01-01
MX-GRO,1994,2,23.423031264041565,0.3084408562588786,1994-02-01
MX-GRO,1994,3,24.737078891126973,1.5295686324107882,1994-03-01
MX-GRO,1994,4,25.840009166757888,1.426860193594957,1994-04-01
MX-GRO,1994,5,26.7188006513936,8.151100109045736,1994-05-01
MX-GRO,1994,6,24.859707085005926,63.39774224888807,1994-06-01
MX-GRO,1994,7,25.17545043507952,47.63122563802723,1994-07-01
MX-GRO,1994,8,24.262999078076014,74.60108122170463,1994-08-01
MX-GRO,1994,9,24.359046114072765,68.89262546567433,1994-09-01
MX-GRO,1994,10,23.654210078224725,52.706978564972246,1994-10-01
MX-GRO,1994,11,23.646802815236825,13.010711639543395,1994-11-01
MX-GRO,1994,12,23.4952317976184,3.311847462473623,1994-12-01
MX-GRO,1995,1,22.900810106139488,6.301602631933882,1995-01-01
MX-GRO,1995,2,23.66953629604532,4.593437701539764,1995-02-01
MX-GRO,1995,3,24.799778305776634,1.3848963376870442,1995-03-01
MX-GRO,1995,4,25.65979098785749,6.229550478428931,1995-04-01
MX-GRO,1995,5,25.846314995919528,33.61367534151353,1995-05-01
MX-GRO,1995,6,24.768066818643682,96.16974242359481,1995-06-01
MX-GRO,1995,7,23.86467988984658,96.24522385030384,1995-07-01
MX-GRO,1995,8,23.318457674966727,118.89383874781235,1995-08-01
MX-GRO,1995,9,23.23448060494205,99.45371376826701,1995-09-01
MX-GRO,1995,10,23.510588133048653,50.76604866099437,1995-10-01
MX-GRO,1995,11,23.33749688257332,11.627464081711674,1995-11-01
MX-GRO,1995,12,22.215186053027892,18.984876686519918,1995-12-01
MX-GRO,1996,1,20.77277903291259,0.5663133247746047,1996-01-01
MX-GRO,1996,2,22.956268406101003,0.7887406559766222,1996-02-01
MX-GRO,1996,3,23.668088257855352,0.8435684880941852,1996-03-01
MX-GRO,1996,4,25.42546318854715,3.8885539354515846,1996-04-01
MX-GRO,1996,5,26.16365130665713,21.23609113135439,1996-05-01
MX-GRO,1996,6,24.029698528536038,136.43841270731002,1996-06-01
MX-GRO,1996,7,24.05724410262895,95.27861474719742,1996-07-01
MX-GRO,1996,8,23.74951981331603,111.86732578469451,1996-08-01
MX-GRO,1996,9,24.193148366982573,71.43882363252592,1996-09-01
MX-GRO,1996,10,23.62277138677396,70.60361777219488,1996-10-01
MX-GRO,1996,11,23.216272685016758,7.797814793779604,1996-11-01
MX-GRO,1996,12,22.585389573926367,5.307593477719708,1996-12-01
MX-GRO,1997,1,21.691215628940135,4.6194680133548145,1997-01-01
MX-GRO,1997,2,23.60985043054011,0.16128634965351446,1997-02-01
MX-GRO,1997,3,24.64634668479411,2.780880334749965,1997-03-01
MX-GRO,1997,4,25.160760899726906,4.621202814028135,1997-04-01
MX-GRO,1997,5,26.374217766370425,21.783046744261245,1997-05-01
MX-GRO,1997,6,24.837951715992926,89.1544465361865,1997-06-01
MX-GRO,1997,7,25.325885321268824,72.2640707380024,1997-07-01
MX-GRO,1997,8,24.991002376832547,62.219622433817946,1997-08-01
MX-GRO,1997,9,23.710326896185432,88.98750076413272,1997-09-01
MX-GRO,1997,10,23.095329761306733,101.51790698049415,1997-10-01
MX-GRO,1997,11,23.248150003400095,32.879330310665814,1997-11-01
MX-GRO,1997,12,21.832984613615427,15.346325845521179,1997-12-01
MX-GRO,1998,1,20.98334230691074,0.25829763353498403,1998-01-01
MX-GRO,1998,2,21.299556258881914,0.7942041210062135,1998-02-01
MX-GRO,1998,3,24.09972582526181,0.36807008684537257,1998-03-01
MX-GRO,1998,4,25.821486165169897,0.8784286467189618,1998-04-01
MX-GRO,1998,5,26.778984450672894,1.7608863311096405,1998-05-01
MX-GRO,1998,6,26.105316468329352,57.90016285840592,1998-06-01
MX-GRO,1998,7,24.41763425653343,117.27842113238991,1998-07-01
MX-GRO,1998,8,24.44274136408703,96.30626312997161,1998-08-01
MX-GRO,1998,9,23.47606717590964,112.65869996598684,1998-09-01
MX-GRO,1998,10,23.866056457966913,70.72271693945667,1998-10-01
MX-GRO,1998,11,23.91520858476081,21.48958006423543,1998-11-01
MX-GRO,1998,12,22.710716107057284,1.876510017702529,1998-12-01
MX-GRO,1999,1,21.626535531238968,0.06042404037733667,1999-01-01
MX-GRO,1999,2,23.1542662603772,1.0215299110375982,1999-02-01
MX-GRO,1999,3,24.355548528223764,0.61599703283283,1999-03-01
MX-GRO,1999,4,26.125337832934424,0.36405460159521963,1999-04-01
MX-GRO,1999,5,26.352668675371206,15.674058818140233,1999-05-01
MX-GRO,1999,6,24.856696741801304,85.5035993482145,1999-06-01
MX-GRO,1999,7,24.00089757361442,86.37001649160477,1999-07-01
MX-GRO,1999,8,24.055866018663203,100.08629583758918,1999-08-01
MX-GRO,1999,9,23.606884658299812,127.65083827834857,1999-09-01
MX-GRO,1999,10,22.84791304480442,74.63947092114167,1999-10-01
MX-GRO,1999,11,22.55914557703022,6.962036805601135,1999-11-01
MX-GRO,1999,12,21.11755738146199,1.6050101566289903,1999-12-01
MX-GRO,2000,1,21.544594541773883,0.17566195590380218,2000-01-01
MX-GRO,2000,2,22.616269332236765,0.4905893225768931,2000-02-01
MX-GRO,2000,3,24.153250607011767,0.5775887251139499,2000-03-01
MX-GRO,2000,4,25.769239600104537,0.4708345023354961,2000-04-01
MX-GRO,2000,5,25.512824874698445,39.2955098384651,2000-05-01
MX-GRO,2000,6,24.11039264105693,91.10901041881257,2000-06-01
MX-GRO,2000,7,24.768451980141773,66.48559848803397,2000-07-01
MX-GRO,2000,8,24.203300382285878,82.35787086521304,2000-08-01
MX-GRO,2000,9,23.561724769683533,120.58889778106212,2000-09-01
MX-GRO,2000,10,23.960548854753938,37.415711189521886,2000-10-01
MX-GRO,2000,11,23.772712707944727,6.685971018543346,2000-11-01
MX-GRO,2000,12,22.35348743369092,2.918346034930313,2000-12-01
MX-GRO,2001,1,22.44665993593295,3.412130114262152,2001-01-01
MX-GRO,2001,2,24.04519569652435,0.8105905631886643,2001-02-01
MX-GRO,2001,3,23.587057735022857,8.24821365318679,2001-03-01
MX-GRO,2001,4,25.90232402200693,4.846303107336953,2001-04-01
MX-GRO,2001,5,25.99290531694476,32.313555664535706,2001-05-01
MX-GRO,2001,6,24.84428156256797,65.67023702952943,2001-06-01
MX-GRO,2001,7,24.404864218802473,86.96834206879738,2001-07-01
MX-GRO,2001,8,24.95323874101271,79.85100953718903,2001-08-01
MX-GRO,2001,9,23.779092792182333,117.04479986319889,2001-09-01
MX-GRO,2001,10,24.491360647663473,23.940615890784642,2001-10-01
MX-GRO,2001,11,22.895379573231345,2.9722636925387738,2001-11-01
MX-GRO,2001,12,22.577000122673223,3.127733406055191,2001-12-01
MX-GRO,2002,1,22.131175466123018,8.137294352704037,2002-01-01
MX-GRO,2002,2,23.476905892374184,2.2104539933066523,2002-02-01
MX-GRO,2002,3,25.104623637829263,0.735820596995787,2002-03-01
MX-GRO,2002,4,26.610136827998083,0.961155217472845,2002-04-01
MX-GRO,2002,5,27.151972468696165,16.17557047687945,2002-05-01
MX-GRO,2002,6,24.973335953055237,86.96174139642851,2002-06-01
MX-GRO,2002,7,24.695193762222498,79.03018217294998,2002-07-01
MX-GRO,2002,8,25.11601476784902,63.73074528834754,2002-08-01
MX-GRO,2002,9,23.89896147949427,126.1274520858765,2002-09-01
MX-GRO,2002,10,24.252113156071154,40.97842753659482,2002-10-01
MX-GRO,2002,11,22.739532480282843,42.89477067503512,2002-11-01
MX-GRO,2002,12,22.51239668084553,0.9814955588330945,2002-12-01
MX-GRO,2003,1,22.942838068454346,1.7902299450168935,2003-01-01
MX-GRO,2003,2,23.14772676618832,0.8352722641686664,2003-02-01
MX-GRO,2003,3,23.703187157865194,0.43276526342539745,2003-03-01
MX-GRO,2003,4,26.348482914956048,0.8693804037359736,2003-04-01
MX-GRO,2003,5,26.963614553105455,6.535474670534737,2003-05-01
MX-GRO,2003,6,23.933762192825455,108.88244146512191,2003-06-01
MX-GRO,2003,7,24.36687576429074,71.74133169408128,2003-07-01
MX-GRO,2003,8,24.106078265891913,78.9183008107303,2003-08-01
MX-GRO,2003,9,23.576038751584566,97.73018747624555,2003-09-01
MX-GRO,2003,10,23.519655184097164,65.68580616487412,2003-10-01
MX-GRO,2003,11,23.662069683336718,8.485677537947147,2003-11-01
MX-GRO,2003,12,21.167688561169474,1.17519170072149,2003-12-01
MX-GRO,2004,1,21.110417609735123,10.252552404333704,2004-01-01
MX-GRO,2004,2,22.185648706654366,0.17693859030322406,2004-02-01
MX-GRO,2004,3,24.85934368568299,1.6368347460960078,2004-03-01
MX-GRO,2004,4,25.50637648676907,1.7997243025722693,2004-04-01
MX-GRO,2004,5,26.03966682011615,27.21324707877749,2004-05-01
MX-GRO,2004,6,24.18659355097359,70.78174331462588,2004-06-01
MX-GRO,2004,7,24.416637194995744,65.69263597378357,2004-07-01
MX-GRO,2004,8,24.664073371360722,79.29080648059612,2004-08-01
MX-GRO,2004,9,23.591327113691598,101.40076876007787,2004-09-01
MX-GRO,2004,10,24.032096006230354,60.301461446950746,2004-10-01
MX-GRO,2004,11,23.00937901314656,3.949403616701429,2004-11-01
MX-GRO,2004,12,21.92747746557304,0.9998505540597985,2004-12-01
MX-GRO,2005,1,21.90919584638543,3.246422688378149,2005-01-01
MX-GRO,2005,2,23.52818508646726,0.5409290704998111,2005-02-01
MX-GRO,2005,3,23.886705555225902,5.332076466839064,2005-03-01
MX-GRO,2005,4,26.632852961289725,0.338955459058863,2005-04-01
MX-GRO,2005,5,26.373553591030408,5.331979332558383,2005-05-01
MX-GRO,2005,6,26.031149969245106,64.31215258155642,2005-06-01
MX-GRO,2005,7,24.434111415727436,109.19589671322161,2005-07-01
MX-GRO,2005,8,24.197233306229702,113.54202762616309,2005-08-01
MX-GRO,2005,9,24.25164721117541,104.29780851938254,2005-09-01
MX-GRO,2005,10,23.894467771054636,79.04012486309922,2005-10-01
MX-GRO,2005,11,23.60055086580781,7.239599352793717,2005-11-01
MX-GRO,2005,12,22.56490585178205,2.5293328103388917,2005-12-01
MX-GRO,2006,1,22.38792200087336,1.7436163243069214,2006-01-01
MX-GRO,2006,2,23.42575246462704,0.8574066494759338,2006-02-01
MX-GRO,2006,3,24.33575882392444,1.2447605551641552,2006-03-01
MX-GRO,2006,4,25.916764502443524,1.7599960536885702,2006-04-01
MX-GRO,2006,5,25.76020406487078,32.10056584542899,2006-05-01
MX-GRO,2006,6,24.50280298652763,100.65142088678678,2006-06-01
MX-GRO,2006,7,24.299258825732508,109.01169639814078,2006-07-01
MX-GRO,2006,8,23.976278109170583,93.94361999108962,2006-08-01
MX-GRO,2006,9,23.70068711054792,95.29307334633741,2006-09-01
MX-GRO,2006,10,23.92540216296149,84.11364935475405,2006-10-01
MX-GRO,2006,11,22.107760820892064,30.199462770159407,2006-11-01
MX-GRO,2006,12,21.903953510304753,0.7455527288703686,2006-12-01
MX-GRO,2007,1,22.83497623497206,2.2658698866773563,2007-01-01
MX-GRO,2007,2,22.952974077617817,2.0487682685604542,2007-02-01
MX-GRO,2007,3,24.375648130757416,0.6684737601504919,2007-03-01
MX-GRO,2007,4,25.50570202505436,3.3689130565144696,2007-04-01
MX-GRO,2007,5,26.306411590367713,14.691117928819917,2007-05-01
MX-GRO,2007,6,24.977388753153672,64.20357724033148,2007-06-01
MX-GRO,2007,7,24.243623601251006,96.41630857892702,2007-07-01
MX-GRO,2007,8,23.668984605185734,140.3574419944878,2007-08-01
MX-GRO,2007,9,23.38999291543781,97.0409254908349,2007-09-01
MX-GRO,2007,10,23.34923505026572,58.61357340227225,2007-10-01
MX-GRO,2007,11,22.93088304620663,6.286416549482246,2007-11-01
MX-GRO,2007,12,22.36611164441577,4.416419246447572,2007-12-01
MX-GRO,2008,1,21.909040229966145,0.6706185526607154,2008-01-01
MX-GRO,2008,2,22.990682798839845,0.3985521914963375,2008-02-01
MX-GRO,2008,3,23.847330076486198,0.39467534327187553,2008-03-01
MX-GRO,2008,4,25.538050958480827,5.798610656911004,2008-04-01
MX-GRO,2008,5,26.028584574704716,7.201952405808498,2008-05-01
MX-GRO,2008,6,24.876431066694284,69.97381371225559,2008-06-01
MX-GRO,2008,7,23.607071557005646,94.80975252396152,2008-07-01
MX-GRO,2008,8,23.877929440349142,94.50786195922198,2008-08-01
MX-GRO,2008,9,23.69276262982537,129.62742021159454,2008-09-01
MX-GRO,2008,10,23.823731073937537,60.289884884721914,2008-10-01
MX-GRO,2008,11,22.352825946494377,7.167075601395003,2008-11-01
MX-GRO,2008,12,21.315776017035866,0.8903926649735988,2008-12-01
MX-GRO,2009,1,22.065227218535867,4.865373013583983,2009-01-01
MX-GRO,2009,2,23.050117507288263,1.0791559707091343,2009-02-01
MX-GRO,2009,3,24.00092801861535,0.46556918236190103,2009-03-01
MX-GRO,2009,4,25.478084947826158,1.0205040733718878,2009-04-01
MX-GRO,2009,5,25.71025073483185,30.22333188123396,2009-05-01
MX-GRO,2009,6,25.04736032760696,62.427285003533925,2009-06-01
MX-GRO,2009,7,25.328192011598002,56.97491393883969,2009-07-01
MX-GRO,2009,8,25.131864847738225,75.15465795422043,2009-08-01
MX-GRO,2009,9,24.21240675370526,97.20271549877484,2009-09-01
MX-GRO,2009,10,24.334275863356694,57.416661486191146,2009-10-01
MX-GRO,2009,11,23.008846825636958,11.706316785869797,2009-11-01
MX-GRO,2009,12,22.59386226324957,2.7475395794924107,2009-12-01
MX-GRO,2010,1,21.784351123251266,16.176297021728995,2010-01-01
MX-GRO,2010,2,21.81097755525538,37.9655721775935,2010-02-01
MX-GRO,2010,3,23.96592353766135,0.3871094794362979,2010-03-01
MX-GRO,2010,4,25.103545326637573,0.7817863113023049,2010-04-01
MX-GRO,2010,5,26.690098901524145,6.839890488748414,2010-05-01
MX-GRO,2010,6,25.38607728507941,84.34598649590423,2010-06-01
MX-GRO,2010,7,23.815228103661564,126.6035922793659,2010-07-01
MX-GRO,2010,8,23.846804147105665,157.14952906314906,2010-08-01
MX-GRO,2010,9,23.542543806854745,168.64017417298882,2010-09-01
MX-GRO,2010,10,24.045351479511716,15.004213108831944,2010-10-01
MX-GRO,2010,11,22.546423438077834,4.9674871502632,2010-11-01
MX-GRO,2010,12,20.94329503975228,1.0034987318109125,2010-12-01
MX-GRO,2011,1,21.988571531932877,0.7750501787152623,2011-01-01
MX-GRO,2011,2,23.344400785055125,0.37553461099286656,2011-02-01
MX-GRO,2011,3,24.229441339267332,0.7371120008151792,2011-03-01
MX-GRO,2011,4,25.91625815909394,5.162867260981607,2011-04-01
MX-GRO,2011,5,27.12336984045412,8.612836948859705,2011-05-01
MX-GRO,2011,6,25.35417773697454,89.79028747235101,2011-06-01
MX-GRO,2011,7,23.598585575921234,155.9447415437058,2011-07-01
MX-GRO,2011,8,24.07713736556731,131.7738467488637,2011-08-01
MX-GRO,2011,9,23.986423508154935,95.22071452625197,2011-09-01
MX-GRO,2011,10,23.445741024025708,56.76556099505111,2011-10-01
MX-GRO,2011,11,23.128806675941146,10.275230557123605,2011-11-01
MX-GRO,2011,12,21.979801557819773,0.6601343420384533,2011-12-01
MX-GRO,2012,1,22.226190720716335,1.0583850427249377,2012-01-01
MX-GRO,2012,2,23.268832923081998,7.518813182747077,2012-02-01
MX-GRO,2012,3,24.806785691079934,1.4319583608395587,2012-03-01
MX-GRO,2012,4,25.105781298502514,0.823166744652094,2012-04-01
MX-GRO,2012,5,26.09038121898431,22.864213343953764,2012-05-01
MX-GRO,2012,6,24.617058005763564,100.69317851581465,2012-06-01
MX-GRO,2012,7,24.532623506487337,68.6330165351534,2012-07-01
MX-GRO,2012,8,23.949089856028817,117.36091441526703,2012-08-01
MX-GRO,2012,9,24.310849447512464,73.36553241473823,2012-09-01
MX-GRO,2012,10,24.319357446396676,45.81342072197738,2012-10-01
MX-GRO,2012,11,23.14312437691924,7.979645716664644,2012-11-01
MX-GRO,2012,12,22.55929157127485,1.755427972289225,2012-12-01
MX-GRO,2013,1,22.884002309213187,2.5651344679461103,2013-01-01
MX-GRO,2013,2,23.706333382572534,0.3504538510093915,2013-02-01
MX-GRO,2013,3,24.146554228639506,6.107297750476842,2013-03-01
MX-GRO,2013,4,25.75999402634169,3.1577252001332754,2013-04-01
MX-GRO,2013,5,25.97751215472874,22.30098220159729,2013-05-01
MX-GRO,2013,6,24.99670554508316,77.85136733510228,2013-06-01
MX-GRO,2013,7,24.215826681410928,91.10092243500695,2013-07-01
MX-GRO,2013,8,24.29609777484912,92.74045979639436,2013-08-01
MX-GRO,2013,9,23.171046383852097,162.14490587521834,2013-09-01
MX-GRO,2013,10,23.876401129681494,69.08676984004121,2013-10-01
MX-GRO,2013,11,23.443410100373736,25.19680965718729,2013-11-01
MX-GRO,2013,12,22.81805287586946,7.037307144886889,2013-12-01
MX-GRO,2014,1,22.036128709252736,3.5049858193758996,2014-01-01
MX-GRO,2014,2,23.44471580105266,0.4142117927261376,2014-02-01
MX-GRO,2014,3,25.08434608933852,1.268143659179282,2014-03-01
MX-GRO,2014,4,26.472721202101518,3.553858641330888,2014-04-01
MX-GRO,2014,5,25.357483965306958,58.85737924392167,2014-05-01
MX-GRO,2014,6,24.39151359559333,101.95544202611416,2014-06-01
MX-GRO,2014,7,25.153846796322995,52.10651668004354,2014-07-01
MX-GRO,2014,8,24.61657842958089,80.06943808453283,2014-08-01
MX-GRO,2014,9,23.845427807957474,97.73391478530851,2014-09-01
MX-GRO,2014,10,23.801115800136476,97.41244892526831,2014-10-01
MX-GRO,2014,11,23.426659838280088,18.841744150717954,2014-11-01
MX-GRO,2014,12,22.181344715566578,4.761038998188865,2014-12-01
MX-GRO,2015,1,22.83287141395464,1.8626279479832506,2015-01-01
MX-GRO,2015,2,23.111114430335054,4.300309862885622,2015-02-01
MX-GRO,2015,3,24.20611294736282,15.986289351631086,2015-03-01
MX-GRO,2015,4,26.374335924213558,1.1301417021471756,2015-04-01
MX-GRO,2015,5,26.225589875878956,43.285742826065295,2015-05-01
MX-GRO,2015,6,25.15043418847284,74.00833221821405,2015-06-01
MX-GRO,2015,7,24.980655862567577,66.57349696744416,2015-07-01
MX-GRO,2015,8,25.45201301480835,62.89473951336197,2015-08-01
MX-GRO,2015,9,24.081962912216387,120.41464666704367,2015-09-01
MX-GRO,2015,10,24.660531281354846,65.43801012335757,2015-10-01
MX-GRO,2015,11,24.528590031376744,32.28070866118716,2015-11-01
MX-GRO,2015,12,23.34220665161499,7.476209414390963,2015-12-01
MX-GRO,2016,1,21.68347515503749,11.414279292498113,2016-01-01
MX-GRO,2016,2,23.49194343922404,1.1180727738241056,2016-02-01
MX-GRO,2016,3,23.834677554280074,25.772081578383823,2016-03-01
MX-GRO,2016,4,26.004017615340203,4.727862770791327,2016-04-01
MX-GRO,2016,5,26.881080158373837,21.11159413588919,2016-05-01
MX-GRO,2016,6,25.068161426228873,80.9541094477872,2016-06-01
MX-GRO,2016,7,24.712885936657425,87.40851885376867,2016-07-01
MX-GRO,2016,8,24.581658712353974,131.11753969852325,2016-08-01
MX-GRO,2016,9,23.82101469965029,104.76783717079847,2016-09-01
MX-GRO,2016,10,24.379127363956368,44.647160065531,2016-10-01
MX-GRO,2016,11,23.47675939485555,11.781545780377565,2016-11-01
MX-GRO,2016,12,23.484434697115862,4.061186645239725,2016-12-01
MX-GRO,2017,1,22.027615061107173,0.6964752271193483,2017-01-01
MX-GRO,2017,2,23.064854782240072,0.3698314054774428,2017-02-01
MX-GRO,2017,3,24.59868601602379,1.797446156443364,2017-03-01
MX-GRO,2017,4,25.22816966429259,1.2027142118807734,2017-04-01
MX-GRO,2017,5,26.224494909285657,27.848350961029006,2017-05-01
MX-GRO,2017,6,24.67756457841836,103.70895839282787,2017-06-01
MX-GRO,2017,7,24.07913904134916,85.2070185207933,2017-07-01
MX-GRO,2017,8,24.10594134499262,130.23829458289256,2017-08-01
MX-GRO,2017,9,23.54054074272337,147.61847054944735,2017-09-01
MX-GRO,2017,10,23.833278002877748,63.721427658896474,2017-10-01
MX-GRO,2017,11,22.95556423545657,7.752772267154066,2017-11-01
MX-GRO,2017,12,21.82297807621051,0.7045618032495357,2017-12-01
MX-GRO,2018,1,21.93277844415976,3.5117017909072312,2018-01-01
MX-GRO,2018,2,23.48539897645802,2.8539343587289823,2018-02-01
MX-GRO,2018,3,24.729328661813437,1.1181900054719556,2018-03-01
MX-GRO,2018,4,25.345713095477958,6.044050146176599,2018-04-01
MX-GRO,2018,5,25.729903482758118,33.337682015371776,2018-05-01
MX-GRO,2018,6,23.727118593778773,118.43628604034417,2018-06-01
MX-GRO,2018,7,24.8090605581441,51.667891778085526,2018-07-01
MX-GRO,2018,8,23.784046296967905,97.81835446517113,2018-08-01
MX-GRO,2018,9,23.832428451380256,78.20097121100012,2018-09-01
MX-GRO,2018,10,23.525528325090978,97.47272193328092,2018-10-01
MX-GRO,2018,11,22.79337835930591,33.296577696449,2018-11-01
MX-GRO,2018,12,21.704354888120317,6.665803754809436,2018-12-01
MX-GRO,2019,1,22.09447811622779,2.214533493120409,2019-01-01
MX-GRO,2019,2,23.174553369916868,0.9461615343820821,2019-02-01
MX-GRO,2019,3,24.62954410098269,0.8510434656611294,2019-03-01
MX-GRO,2019,4,24.990373905015097,0.25394367567871007,2019-04-01
MX-GRO,2019,5,25.70621935527259,14.178273256696698,2019-05-01
MX-GRO,2019,6,24.988727105902136,69.19789512948334,2019-06-01
MX-GRO,2019,7,24.41221511381507,72.8691072073213,2019-07-01
MX-GRO,2019,8,24.614684230583048,81.7016962750825,2019-08-01
MX-GRO,2019,9,23.916291600941754,130.85229587403697,2019-09-01
MX-GRO,2019,10,23.48927160832992,107.13810022108152,2019-10-01
MX-GRO,2019,11,23.669033066691288,25.065356043052468,2019-11-01
MX-GRO,2019,12,22.45267700661441,3.182745793027435,2019-12-01
MX-GRO,2020,1,22.63061799102063,2.2587510296033546,2020-01-01
MX-GRO,2020,2,23.58119287129188,4.317136790848992,2020-02-01
MX-GRO,2020,3,25.092280000989646,1.9200622419130697,2020-03-01
MX-GRO,2020,4,26.283986962486914,1.1871868735166957,2020-04-01
MX-GRO,2020,5,26.198107825723216,2.456222540666844,2020-05-01
MX-GRO,2020,6,25.238508719849825,54.736638571594064,2020-06-01
MX-GRO,2020,7,24.446551423295663,84.83889771103924,2020-07-01
MX-GRO,2020,8,24.03318225155156,136.82513814263808,2020-08-01
MX-GRO,2020,9,23.711267951321297,111.58512037097873,2020-09-01
MX-GRO,2020,10,23.887631927820234,33.155069868152424,2020-10-01
MX-GRO,2020,11,23.638940638379015,3.043021387722565,2020-11-01
MX-GRO,2020,12,22.411525877347884,3.6025435600641,2020-12-01
MX-GRO,2021,1,22.473687696580832,3.7221549682174966,2021-01-01
MX-GRO,2021,2,22.398622347002725,0.28797414258209403,2021-02-01
MX-GRO,2021,3,24.209577693389072,0.7536655903013303,2021-03-01
MX-GRO,2021,4,25.540373716835553,0.350660112099884,2021-04-01
MX-GRO,2021,5,25.86154353593742,23.571070476259592,2021-05-01
MX-GRO,2021,6,23.619988824889642,117.93089662175724,2021-06-01
MX-GRO,2021,7,24.254968591627872,95.93067000893913,2021-07-01
MX-GRO,2021,8,23.564935922833147,131.6265925585344,2021-08-01
MX-GRO,2021,9,23.507047285303535,121.55728695767286,2021-09-01
MX-GRO,2021,10,23.8017900578642,77.07829610945049,2021-10-01
MX-GRO,2021,11,22.396361687853734,7.40696573010334,2021-11-01
MX-GRO,2021,12,22.35314472954191,1.4725867835769775,2021-12-01
MX-GRO,2022,1,22.43026951571508,3.6546254914175695,2022-01-01
MX-GRO,2022,2,23.182591060067207,1.7817096061025435,2022-02-01
MX-GRO,2022,3,24.13443251167058,0.47425829660571006,2022-03-01
MX-GRO,2022,4,25.45103911981221,2.3041593854115137,2022-04-01
MX-GRO,2022,5,25.88169669125638,9.808828097044056,2022-05-01
MX-GRO,2022,6,23.805354906220167,105.24144648404882,2022-06-01
MX-GRO,2022,7,24.150598244305222,96.0206108889543,2022-07-01
MX-GRO,2022,8,23.762244615824926,89.75487108406145,2022-08-01
MX-GRO,2022,9,23.272301064628802,145.97281191489142,2022-09-01
MX-GRO,2022,10,23.770423486562404,63.75693205732626,2022-10-01
MX-GRO,2022,11,23.42021529055936,10.853505539654918,2022-11-01
MX-GRO,2022,12,21.759517714454656,2.478539006434573,2022-12-01
MX-GRO,2023,1,22.07325982931535,0.6121986095585334,2023-01-01
MX-GRO,2023,2,23.3407923035631,0.19666542808134105,2023-02-01
MX-GRO,2023,3,24.02255321221491,2.5345702872250704,2023-03-01
MX-GRO,2023,4,25.431949316516473,2.54002313596628,2023-04-01
MX-GRO,2023,5,26.490246436949857,15.026844248823817,2023-05-01
MX-GRO,2023,6,26.905170506432455,39.48445980032203,2023-06-01
MX-GRO,2023,7,25.13593784706061,74.1700480411068,2023-07-01
MX-GRO,2023,8,24.856044655707862,97.48398658230158,2023-08-01
MX-GRO,2023,9,25.040867001925054,63.43254401009925,2023-09-01
MX-GRO,2023,10,24.016483460204565,122.68143772032322,2023-10-01
MX-GRO,2023,11,24.181401649383318,21.48891523102001,2023-11-01
MX-GRO,2023,12,22.50471566201486,7.426921684684019,2023-12-01
MX-GRO,2024,1,22.958510222301893,1.0585049197286835,2024-01-01
MX-GRO,2024,2,23.19278467917284,4.1395940198569905,2024-02-01
MX-GRO,2024,3,24.462072153773725,0.09454478883516959,2024-03-01
MX-GRO,2024,4,26.239570924306438,0.20516977322648167,2024-04-01
MX-GRO,2024,5,27.37661778790657,0.8507195428898537,2024-05-01
MX-GRO,2024,6,26.025040908329085,53.96201537849345,2024-06-01
MX-GRO,2024,7,24.95772152199654,98.15346130627937,2024-07-01
MX-GRO,2024,8,24.71164923397902,106.06853417761667,2024-08-01
MX-GRO,2024,9,24.156816160930923,245.74894914632486,2024-09-01
MX-GRO,2024,10,24.28942731134323,49.99485815645619,2024-10-01
MX-GRO,2024,11,24.04537539710003,12.62016953609502,2024-11-01
MX-GRO,2024,12,22.925042581230468,1.8148401821720648,2024-12-01
MX-GRO,2025,1,22.975274135109412,7.725035341321393,2025-01-01
MX-GRO,2025,2,24.382808454708528,4.393282861640687,2025-02-01
MX-GRO,2025,3,24.956342113328116,0.4099660876035471,2025-03-01
MX-GRO,2025,4,25.418118849709185,1.6793610534824601,2025-04-01
MX-GRO,2025,5,26.430904786015898,19.16188708835125,2025-05-01
MX-GRO,2025,6,24.207602952969694,135.1745603291333,2025-06-01
MX-GRO,2025,7,24.650290013010892,66.30858870570616,2025-07-01
MX-GRO,2025,8,24.589851625403185,75.25606465247925,2025-08-01
MX-GRO,2025,9,24.278815304533374,96.42286916525497,2025-09-01
MX-GRO,2025,10,24.028407214888855,81.15296886447304,2025-10-01
MX-GRO,2025,11,23.679246034545518,3.793878821268223,2025-11-01
MX-GRO,2025,12,23.34803335304081,5.798192958848044,2025-12-01
MX-GUA,1990,1,14.594117445391314,5.5971344182295155,1990-01-01
MX-GUA,1990,2,14.951779099371972,9.47673615178476,1990-02-01
MX-GUA,1990,3,17.640725411081643,6.210507156721649,1990-03-01
MX-GUA,1990,4,20.206505243503397,6.485930696799875,1990-04-01
MX-GUA,1990,5,21.20921966468868,35.02660917160214,1990-05-01
MX-GUA,1990,6,20.532956766069105,30.467038683093538,1990-06-01
MX-GUA,1990,7,18.436605043972715,74.7105579507949,1990-07-01
MX-GUA,1990,8,18.493123216606094,52.88817170751611,1990-08-01
MX-GUA,1990,9,18.184765665766122,39.02822489983178,1990-09-01
MX-GUA,1990,10,17.12740714182062,19.26472431020768,1990-10-01
MX-GUA,1990,11,15.878904926287696,1.2365468308062124,1990-11-01
MX-GUA,1990,12,14.384320514352762,1.1180482753064884,1990-12-01
MX-GUA,1991,1,14.598028835111295,2.214338499769076,1991-01-01
MX-GUA,1991,2,15.58352521136395,7.654726589932021,1991-02-01
MX-GUA,1991,3,19.39611237338866,0.3350853695535604,1991-03-01
MX-GUA,1991,4,21.45807016156153,2.682700237720485,1991-04-01
MX-GUA,1991,5,22.02465719694435,16.841153017209265,1991-05-01
MX-GUA,1991,6,20.5674197354944,45.921323835749405,1991-06-01
MX-GUA,1991,7,17.62494789212924,115.53767763774158,1991-07-01
MX-GUA,1991,8,18.891709021983512,27.372079983079555,1991-08-01
MX-GUA,1991,9,17.464171936395093,54.68628425335181,1991-09-01
MX-GUA,1991,10,16.244850013065083,20.158981655198744,1991-10-01
MX-GUA,1991,11,14.522854590463067,6.221457776303159,1991-11-01
MX-GUA,1991,12,14.055132646021285,7.168724538429253,1991-12-01
MX-GUA,1992,1,12.27091257195179,42.497927251939466,1992-01-01
MX-GUA,1992,2,13.480394785628636,16.8009550119218,1992-02-01
MX-GUA,1992,3,17.62796740656712,6.934535109568456,1992-03-01
MX-GUA,1992,4,18.212868407410195,9.278416142536205,1992-04-01
MX-GUA,1992,5,18.8124342780437,36.6653425046184,1992-05-01
MX-GUA,1992,6,20.85708596351865,21.66050179906392,1992-06-01
MX-GUA,1992,7,19.07464600414803,54.358499833638376,1992-07-01
MX-GUA,1992,8,18.499025404504103,45.20990980475024,1992-08-01
MX-GUA,1992,9,18.152159596534066,39.667393348446076,1992-09-01
MX-GUA,1992,10,16.189302728579264,37.21365120082615,1992-10-01
MX-GUA,1992,11,14.737165330687834,13.063138402769482,1992-11-01
MX-GUA,1992,12,14.72241272817613,4.480787037514834,1992-12-01
MX-GUA,1993,1,14.102537682162957,7.516892692939294,1993-01-01
MX-GUA,1993,2,15.616320233405006,1.5404023896028693,1993-02-01
MX-GUA,1993,3,16.91653088309777,1.6123365299878776,1993-03-01
MX-GUA,1993,4,19.530573748585887,4.135926523592609,1993-04-01
MX-GUA,1993,5,20.526368296602797,10.26045438649117,1993-05-01
MX-GUA,1993,6,20.764967616917247,53.85460989084559,1993-06-01
MX-GUA,1993,7,18.635702005350037,59.86473698715537,1993-07-01
MX-GUA,1993,8,18.865223503659198,35.170446167566645,1993-08-01
MX-GUA,1993,9,17.350934026046552,58.33855670262078,1993-09-01
MX-GUA,1993,10,17.572537308044428,9.585564394199043,1993-10-01
MX-GUA,1993,11,16.462535494265435,4.6805286326421065,1993-11-01
MX-GUA,1993,12,14.5956159004382,0.49526502576587955,1993-12-01
MX-GUA,1994,1,13.954321767619756,3.769305108664807,1994-01-01
MX-GUA,1994,2,16.531446022114796,0.8853239754305811,1994-02-01
MX-GUA,1994,3,18.98551097061087,1.1502985088037254,1994-03-01
MX-GUA,1994,4,19.795448537762642,11.46008608556316,1994-04-01
MX-GUA,1994,5,21.88695930659195,13.424287699077976,1994-05-01
MX-GUA,1994,6,19.743424491005378,65.2334549948842,1994-06-01
MX-GUA,1994,7,19.48451618505989,34.24041944435341,1994-07-01
MX-GUA,1994,8,18.8114445140624,56.11424626354502,1994-08-01
MX-GUA,1994,9,18.210170332763898,37.134968567698714,1994-09-01
MX-GUA,1994,10,18.48261496773466,17.915497980306256,1994-10-01
MX-GUA,1994,11,17.356617954662173,0.6465116054641102,1994-11-01
MX-GUA,1994,12,16.029523068189885,1.6968150378857507,1994-12-01
MX-GUA,1995,1,14.936082124658414,3.5281506985749402,1995-01-01
MX-GUA,1995,2,16.242982071030234,3.748526031719796,1995-02-01
MX-GUA,1995,3,18.577466893628817,1.5203756226495757,1995-03-01
MX-GUA,1995,4,20.700793669731812,1.649841272068867,1995-04-01
MX-GUA,1995,5,22.489964232909482,31.733382918513367,1995-05-01
MX-GUA,1995,6,20.7365239030795,36.89936664266874,1995-06-01
MX-GUA,1995,7,18.90021434626286,45.8674841371159,1995-07-01
MX-GUA,1995,8,19.03805079896377,63.999791986718805,1995-08-01
MX-GUA,1995,9,18.583088719183046,30.04539415585734,1995-09-01
MX-GUA,1995,10,17.822399166660624,4.863248577064011,1995-10-01
MX-GUA,1995,11,16.332420108398082,11.907773074064208,1995-11-01
MX-GUA,1995,12,14.57176102525852,7.180007798888835,1995-12-01
MX-GUA,1996,1,13.612994236581953,0.10544451768098759,1996-01-01
MX-GUA,1996,2,16.2317603782425,1.3442375707208571,1996-02-01
MX-GUA,1996,3,17.17546363006594,0.5975489995068296,1996-03-01
MX-GUA,1996,4,19.649273321245726,3.7395122105503225,1996-04-01
MX-GUA,1996,5,22.31815225028513,9.114058496746178,1996-05-01
MX-GUA,1996,6,20.146877369449587,39.527815715108154,1996-06-01
MX-GUA,1996,7,19.834968906595694,33.925049627279314,1996-07-01
MX-GUA,1996,8,18.83455831404111,60.89444109963809,1996-08-01
MX-GUA,1996,9,18.603171843807733,62.97699848987921,1996-09-01
MX-GUA,1996,10,17.39175384307268,25.276552848113198,1996-10-01
MX-GUA,1996,11,15.21590898333332,1.9892140225577137,1996-11-01
MX-GUA,1996,12,14.779588702629226,4.565930455167474,1996-12-01
MX-GUA,1997,1,13.356268370304516,3.9559028783493724,1997-01-01
MX-GUA,1997,2,15.939533672927414,1.0459269383086311,1997-02-01
MX-GUA,1997,3,17.492463511848786,14.800496221929139,1997-03-01
MX-GUA,1997,4,17.639263883297282,22.87549445388486,1997-04-01
MX-GUA,1997,5,19.278081373665042,28.065329445299646,1997-05-01
MX-GUA,1997,6,20.764961420651478,44.94027415583454,1997-06-01
MX-GUA,1997,7,19.71799602783107,35.581424320944905,1997-07-01
MX-GUA,1997,8,19.592794285523226,24.216140700241255,1997-08-01
MX-GUA,1997,9,19.208828675113264,18.324379516793684,1997-09-01
MX-GUA,1997,10,17.336616067242748,22.882972109341715,1997-10-01
MX-GUA,1997,11,16.44148307330908,9.437844928035258,1997-11-01
MX-GUA,1997,12,13.94264072286151,1.0065085398954638,1997-12-01
MX-GUA,1998,1,13.467886154448873,3.448528697101247,1998-01-01
MX-GUA,1998,2,14.64676487282075,1.2401189616287716,1998-02-01
MX-GUA,1998,3,18.218236678084978,0.45277948069331225,1998-03-01
MX-GUA,1998,4,21.772545332138826,0.6472053781071444,1998-04-01
MX-GUA,1998,5,23.77057304208689,3.1541092061486564,1998-05-01
MX-GUA,1998,6,22.810447182776713,27.555633023470453,1998-06-01
MX-GUA,1998,7,20.227439321242414,26.366165488857675,1998-07-01
MX-GUA,1998,8,19.53948823697621,46.4771290544605,1998-08-01
MX-GUA,1998,9,19.09474776023628,77.92775563541758,1998-09-01
MX-GUA,1998,10,17.430001715552404,31.121420767131525,1998-10-01
MX-GUA,1998,11,17.128398747991234,3.150454153913092,1998-11-01
MX-GUA,1998,12,14.942163298292776,0.4076478641426071,1998-12-01
MX-GUA,1999,1,13.24866164806644,0.20772636615150242,1999-01-01
MX-GUA,1999,2,16.044943206698562,1.6456341812030906,1999-02-01
MX-GUA,1999,3,18.211053154924787,4.01181796312739,1999-03-01
MX-GUA,1999,4,21.127622612839037,3.8812490360836014,1999-04-01
MX-GUA,1999,5,22.14598410833854,4.694397056568234,1999-05-01
MX-GUA,1999,6,21.23357008105267,37.8842545717282,1999-06-01
MX-GUA,1999,7,18.832944998812803,46.064398879904445,1999-07-01
MX-GUA,1999,8,19.455245444474325,51.395967339529946,1999-08-01
MX-GUA,1999,9,18.600353805274267,24.160903005480517,1999-09-01
MX-GUA,1999,10,16.410052844073935,11.645738555410745,1999-10-01
MX-GUA,1999,11,14.399913799727079,0.9801518124244901,1999-11-01
MX-GUA,1999,12,12.538271748321154,0.554253360089519,1999-12-01
MX-GUA,2000,1,13.800224652096151,0.5969022056663966,2000-01-01
MX-GUA,2000,2,15.930457005648782,0.8847079557026977,2000-02-01
MX-GUA,2000,3,18.692406010069437,2.1811623118495564,2000-03-01
MX-GUA,2000,4,20.83869128058173,2.88365409429906,2000-04-01
MX-GUA,2000,5,21.517319038152788,25.750887914487592,2000-05-01
MX-GUA,2000,6,19.5032436111449,53.10752633964564,2000-06-01
MX-GUA,2000,7,19.531002800375294,30.2169519203324,2000-07-01
MX-GUA,2000,8,18.852464938523138,25.37717354914655,2000-08-01
MX-GUA,2000,9,19.32979056276046,25.241365216733286,2000-09-01
MX-GUA,2000,10,18.097688252946632,9.186068380381409,2000-10-01
MX-GUA,2000,11,16.778028184915588,5.36271289180408,2000-11-01
MX-GUA,2000,12,13.258014827489674,4.6939094432023865,2000-12-01
MX-GUA,2001,1,14.189981662472952,2.2750888733620624,2001-01-01
MX-GUA,2001,2,15.973241198352014,3.0465448495089897,2001-02-01
MX-GUA,2001,3,17.470064515832554,4.568694109073365,2001-03-01
MX-GUA,2001,4,20.983360254618237,11.462298089968007,2001-04-01
MX-GUA,2001,5,20.838696789873726,12.638583436240292,2001-05-01
MX-GUA,2001,6,19.806158782559503,47.20939858552463,2001-06-01
MX-GUA,2001,7,19.449602819612593,41.1705258208163,2001-07-01
MX-GUA,2001,8,19.593673502047803,43.27544551064223,2001-08-01
MX-GUA,2001,9,18.480787955888832,31.34700890126494,2001-09-01
MX-GUA,2001,10,16.87327654707129,11.342347590965081,2001-10-01
MX-GUA,2001,11,14.84906223737921,3.023836521367557,2001-11-01
MX-GUA,2001,12,14.324174725863418,1.1383468040273579,2001-12-01
MX-GUA,2002,1,13.581023403509324,8.699181286633594,2002-01-01
MX-GUA,2002,2,14.887866144383604,4.441419675154124,2002-02-01
MX-GUA,2002,3,18.78298787660411,1.0854042952880119,2002-03-01
MX-GUA,2002,4,20.80702446613108,9.284000013863762,2002-04-01
MX-GUA,2002,5,22.166747985211323,8.593888389374191,2002-05-01
MX-GUA,2002,6,21.077308164486826,30.982869860613874,2002-06-01
MX-GUA,2002,7,18.88385230136126,63.475383603743026,2002-07-01
MX-GUA,2002,8,19.44983347231602,28.328512413690575,2002-08-01
MX-GUA,2002,9,18.611655382308303,55.61532236264422,2002-09-01
MX-GUA,2002,10,18.456470484659086,16.821883496127512,2002-10-01
MX-GUA,2002,11,14.252233364106221,17.51986069124138,2002-11-01
MX-GUA,2002,12,13.63209416432987,0.735333121734034,2002-12-01
MX-GUA,2003,1,13.080435963025113,4.908253292214523,2003-01-01
MX-GUA,2003,2,16.364438553130945,1.4529423404983728,2003-02-01
MX-GUA,2003,3,18.336598019619238,0.588001856401938,2003-03-01
MX-GUA,2003,4,21.63634364117915,3.8180276305291327,2003-04-01
MX-GUA,2003,5,23.36024587890644,11.285794393319811,2003-05-01
MX-GUA,2003,6,20.987471412605224,34.99969491178768,2003-06-01
MX-GUA,2003,7,19.178486640865994,57.90935515223003,2003-07-01
MX-GUA,2003,8,19.036996096809297,44.17896164416244,2003-08-01
MX-GUA,2003,9,18.8400859043063,67.87915460740204,2003-09-01
MX-GUA,2003,10,17.320647138708704,26.4882304543052,2003-10-01
MX-GUA,2003,11,16.250600096004515,1.3903524222916634,2003-11-01
MX-GUA,2003,12,12.41295933703879,1.0375656339735613,2003-12-01
MX-GUA,2004,1,12.587863938304325,13.18619808402579,2004-01-01
MX-GUA,2004,2,14.068754171018297,0.256400311762601,2004-02-01
MX-GUA,2004,3,17.380098759115857,14.087625320533283,2004-03-01
MX-GUA,2004,4,19.564691779640302,3.1306511633389276,2004-04-01
MX-GUA,2004,5,20.464412881836843,26.44943655860888,2004-05-01
MX-GUA,2004,6,19.14477638470872,60.274262860336975,2004-06-01
MX-GUA,2004,7,19.212652186940446,36.231678699708375,2004-07-01
MX-GUA,2004,8,19.269059233942304,28.74682740911048,2004-08-01
MX-GUA,2004,9,18.60537569140429,41.93093778601668,2004-09-01
MX-GUA,2004,10,18.4957099030318,14.670618993623584,2004-10-01
MX-GUA,2004,11,15.704168692969,2.3491144235314194,2004-11-01
MX-GUA,2004,12,13.064720177104052,3.4823264670263523,2004-12-01
MX-GUA,2005,1,13.872756945755826,3.5977870085965713,2005-01-01
MX-GUA,2005,2,15.850978424318429,7.600619248203476,2005-02-01
MX-GUA,2005,3,17.206143019632485,8.454707021995274,2005-03-01
MX-GUA,2005,4,21.24681311770915,3.6408643981885787,2005-04-01
MX-GUA,2005,5,21.856761838545918,7.44788747360517,2005-05-01
MX-GUA,2005,6,23.15824105367889,8.568550357870922,2005-06-01
MX-GUA,2005,7,20.24152360403294,47.69479973728243,2005-07-01
MX-GUA,2005,8,19.204058537334262,53.660416327040096,2005-08-01
MX-GUA,2005,9,19.333397543484896,18.096995602395225,2005-09-01
MX-GUA,2005,10,18.188225406634324,13.261448827573757,2005-10-01
MX-GUA,2005,11,15.786473434464227,0.9003262423710652,2005-11-01
MX-GUA,2005,12,14.43305142234416,0.5671264259815684,2005-12-01
MX-GUA,2006,1,13.788019498837352,2.8838193964676537,2006-01-01
MX-GUA,2006,2,16.367041735076075,0.30328592735370846,2006-02-01
MX-GUA,2006,3,18.658342414695,5.15844494805018,2006-03-01
MX-GUA,2006,4,21.472450599812575,6.1890333053083575,2006-04-01
MX-GUA,2006,5,20.674536399919866,32.0222579609669,2006-05-01
MX-GUA,2006,6,20.608494249743043,13.167013268600046,2006-06-01
MX-GUA,2006,7,19.586491669712917,44.86416490621062,2006-07-01
MX-GUA,2006,8,18.987002636810082,57.46142002467772,2006-08-01
MX-GUA,2006,9,18.931240847435937,47.11137155727062,2006-09-01
MX-GUA,2006,10,17.817008139010746,31.956236744562464,2006-10-01
MX-GUA,2006,11,14.794684018465295,7.466144086756238,2006-11-01
MX-GUA,2006,12,13.18919470180169,2.6863200986378026,2006-12-01
MX-GUA,2007,1,14.073929614569762,6.889440399969896,2007-01-01
MX-GUA,2007,2,15.461331814482975,8.095173712581504,2007-02-01
MX-GUA,2007,3,18.140384106481392,2.3465921135489523,2007-03-01
MX-GUA,2007,4,20.03849485853851,7.823976404465471,2007-04-01
MX-GUA,2007,5,21.69031763522453,11.752886569765783,2007-05-01
MX-GUA,2007,6,20.43855377825834,63.30626393994486,2007-06-01
MX-GUA,2007,7,19.27732784722105,64.55253986456445,2007-07-01
MX-GUA,2007,8,19.108616351572252,46.47351688553483,2007-08-01
MX-GUA,2007,9,18.45357796942829,35.00503502539168,2007-09-01
MX-GUA,2007,10,17.010780859374293,9.050871055090928,2007-10-01
MX-GUA,2007,11,15.272138375442326,6.33935668026918,2007-11-01
MX-GUA,2007,12,15.344204118505948,1.2116497764365268,2007-12-01
MX-GUA,2008,1,13.858161064676858,0.9795009305112565,2008-01-01
MX-GUA,2008,2,16.353145842776822,2.4343932566304396,2008-02-01
MX-GUA,2008,3,17.71992395358094,0.3316615690302383,2008-03-01
MX-GUA,2008,4,21.176152310596397,2.747775041594628,2008-04-01
MX-GUA,2008,5,21.958146603943387,10.104172256898458,2008-05-01
MX-GUA,2008,6,20.53079833691106,35.42657811375075,2008-06-01
MX-GUA,2008,7,18.755525435012274,91.41206009339443,2008-07-01
MX-GUA,2008,8,19.258935035548067,76.70420122022334,2008-08-01
MX-GUA,2008,9,18.035060053821837,50.64098026614801,2008-09-01
MX-GUA,2008,10,16.78248576670565,7.650031192218362,2008-10-01
MX-GUA,2008,11,14.505576139680027,0.6548538992586455,2008-11-01
MX-GUA,2008,12,13.656329232301097,0.2283735919614545,2008-12-01
MX-GUA,2009,1,14.46765691149304,4.149738066351855,2009-01-01
MX-GUA,2009,2,16.030868294994292,0.4722421750988752,2009-02-01
MX-GUA,2009,3,18.404749163153014,2.750549404658292,2009-03-01
MX-GUA,2009,4,21.007056040693147,1.7946141329950809,2009-04-01
MX-GUA,2009,5,21.93653835837301,16.523310758999077,2009-05-01
MX-GUA,2009,6,21.813623517255966,34.99009424059876,2009-06-01
MX-GUA,2009,7,20.40561820225051,28.527470116070837,2009-07-01
MX-GUA,2009,8,20.669065842704523,29.545184507800055,2009-08-01
MX-GUA,2009,9,19.097381715556267,59.359045997812416,2009-09-01
MX-GUA,2009,10,18.360544206667832,29.98352886881504,2009-10-01
MX-GUA,2009,11,14.559453751680998,1.4675059205982073,2009-11-01
MX-GUA,2009,12,14.463577279635311,6.235716794522386,2009-12-01
MX-GUA,2010,1,12.617883388081465,9.805143492903182,2010-01-01
MX-GUA,2010,2,13.102355025562918,39.99982618507049,2010-02-01
MX-GUA,2010,3,17.400379395410678,0.4858085848379333,2010-03-01
MX-GUA,2010,4,19.631758715878764,6.624550416114191,2010-04-01
MX-GUA,2010,5,22.521876338293886,7.085297405216794,2010-05-01
MX-GUA,2010,6,22.11739135051173,20.21965010422893,2010-06-01
MX-GUA,2010,7,19.331525651054672,88.79278737405588,2010-07-01
MX-GUA,2010,8,19.88217953452674,36.51617826193258,2010-08-01
MX-GUA,2010,9,19.465631781234205,39.97609884628433,2010-09-01
MX-GUA,2010,10,17.486161901879246,0.6188628493277872,2010-10-01
MX-GUA,2010,11,15.36133355456782,0.20257559189563687,2010-11-01
MX-GUA,2010,12,12.684615844614848,0.16860349792871185,2010-12-01
MX-GUA,2011,1,14.23422308157287,1.061550396979803,2011-01-01
MX-GUA,2011,2,16.78073061659227,0.2214671597066954,2011-02-01
MX-GUA,2011,3,18.958436535896713,1.3851511931345692,2011-03-01
MX-GUA,2011,4,22.23545098801021,3.4468174633196136,2011-04-01
MX-GUA,2011,5,23.68570514302442,3.263039229837018,2011-05-01
MX-GUA,2011,6,21.85237987835398,28.783477282284778,2011-06-01
MX-GUA,2011,7,19.52334138182992,61.94656858519889,2011-07-01
MX-GUA,2011,8,20.331981940130987,30.470380913675292,2011-08-01
MX-GUA,2011,9,19.16287403996065,27.68051659443776,2011-09-01
MX-GUA,2011,10,17.27230416626198,17.740187778071878,2011-10-01
MX-GUA,2011,11,15.944444319146095,2.215877161117017,2011-11-01
MX-GUA,2011,12,15.01634359492007,0.8272119267744948,2011-12-01
MX-GUA,2012,1,14.089773079547573,3.311332580448784,2012-01-01
MX-GUA,2012,2,15.014428136767334,25.723274621473415,2012-02-01
MX-GUA,2012,3,18.543249507601413,4.49801124261902,2012-03-01
MX-GUA,2012,4,20.17011392587279,2.862294975255677,2012-04-01
MX-GUA,2012,5,22.039953868506746,7.312644426469339,2012-05-01
MX-GUA,2012,6,21.042767750548794,41.83424703634559,2012-06-01
MX-GUA,2012,7,19.14329451619766,51.07687793733098,2012-07-01
MX-GUA,2012,8,19.466924460681543,45.59479907643933,2012-08-01
MX-GUA,2012,9,19.060874222291886,33.05997687565812,2012-09-01
MX-GUA,2012,10,18.796468043900934,1.9123393790775147,2012-10-01
MX-GUA,2012,11,15.491521962649168,7.668886893022162,2012-11-01
MX-GUA,2012,12,14.810538199592823,0.6480845559960965,2012-12-01
MX-GUA,2013,1,14.505728042368869,6.994263828817582,2013-01-01
MX-GUA,2013,2,17.213166417467495,0.2470209822143003,2013-02-01
MX-GUA,2013,3,16.8902455079387,1.9888344717278281,2013-03-01
MX-GUA,2013,4,21.381274087726656,1.5616105394207895,2013-04-01
MX-GUA,2013,5,21.659311439361517,12.530328168275501,2013-05-01
MX-GUA,2013,6,21.107941529908885,44.70475273654377,2013-06-01
MX-GUA,2013,7,19.551718764559954,55.87351164964788,2013-07-01
MX-GUA,2013,8,19.457340618214477,31.49274054476883,2013-08-01
MX-GUA,2013,9,18.870948752528516,68.2879292643665,2013-09-01
MX-GUA,2013,10,18.274821390867938,15.879957240033214,2013-10-01
MX-GUA,2013,11,15.779722678376386,17.76185176682172,2013-11-01
MX-GUA,2013,12,14.189721288505703,13.11089007129369,2013-12-01
MX-GUA,2014,1,13.041422950723877,2.938076244258865,2014-01-01
MX-GUA,2014,2,17.152753548405403,0.339441342827854,2014-02-01
MX-GUA,2014,3,18.727171815652667,4.514821238664545,2014-03-01
MX-GUA,2014,4,20.753279154574763,7.858524338313038,2014-04-01
MX-GUA,2014,5,20.0252012915995,34.31485363654614,2014-05-01
MX-GUA,2014,6,20.437175067443103,56.83813155741854,2014-06-01
MX-GUA,2014,7,19.06920473139265,44.413238423416374,2014-07-01
MX-GUA,2014,8,19.318675172410323,35.43889459075157,2014-08-01
MX-GUA,2014,9,19.05614039759407,36.325939791103295,2014-09-01
MX-GUA,2014,10,17.608781056664725,22.948296791654283,2014-10-01
MX-GUA,2014,11,15.289061016117872,11.965631035769402,2014-11-01
MX-GUA,2014,12,14.488550162810814,2.194283887515065,2014-12-01
MX-GUA,2015,1,14.217692087318444,4.969594614576354,2015-01-01
MX-GUA,2015,2,15.468323370810298,5.586284125751083,2015-02-01
MX-GUA,2015,3,16.10559293753213,43.03995558320865,2015-03-01
MX-GUA,2015,4,20.246049979698057,12.86970216493854,2015-04-01
MX-GUA,2015,5,20.36782258658072,36.6584818871484,2015-05-01
MX-GUA,2015,6,19.88041637391635,56.53735554546302,2015-06-01
MX-GUA,2015,7,19.1670064091151,43.50924755680773,2015-07-01
MX-GUA,2015,8,19.607060682849372,39.87459162408912,2015-08-01
MX-GUA,2015,9,19.413330681079664,32.739682950774224,2015-09-01
MX-GUA,2015,10,18.511842689031877,34.11176937129201,2015-10-01
MX-GUA,2015,11,17.541404204708588,5.894752219498101,2015-11-01
MX-GUA,2015,12,14.871736955447572,5.59956836596397,2015-12-01
MX-GUA,2016,1,13.28616425382378,3.2200285044111534,2016-01-01
MX-GUA,2016,2,14.887239482668676,1.9763300941165944,2016-02-01
MX-GUA,2016,3,17.48100942968502,9.802155225602785,2016-03-01
MX-GUA,2016,4,20.73397837097925,8.86623701334002,2016-04-01
MX-GUA,2016,5,22.56005106132725,24.156235947525506,2016-05-01
MX-GUA,2016,6,20.281956286059184,38.33251652782992,2016-06-01
MX-GUA,2016,7,19.632798285492445,51.615966613914274,2016-07-01
MX-GUA,2016,8,19.408846418771773,63.30925256649304,2016-08-01
MX-GUA,2016,9,19.099503049347746,30.43046396089912,2016-09-01
MX-GUA,2016,10,17.997448111350913,7.743259695664181,2016-10-01
MX-GUA,2016,11,15.341748576618254,11.974622358998474,2016-11-01
MX-GUA,2016,12,15.566971721089883,1.1610705060284607,2016-12-01
MX-GUA,2017,1,14.408532574357466,0.3421305839104506,2017-01-01
MX-GUA,2017,2,16.538964497447285,0.8773066595770702,2017-02-01
MX-GUA,2017,3,17.891307105177322,10.126162423059434,2017-03-01
MX-GUA,2017,4,20.268741149846143,2.862476208010486,2017-04-01
MX-GUA,2017,5,23.05236635685552,9.300346059951673,2017-05-01
MX-GUA,2017,6,21.887364493327347,35.56162808290837,2017-06-01
MX-GUA,2017,7,19.170647392571688,58.71355665097252,2017-07-01
MX-GUA,2017,8,20.14132992428741,44.75331681260654,2017-08-01
MX-GUA,2017,9,18.832152346665097,60.191249691646604,2017-09-01
MX-GUA,2017,10,17.610710816911794,11.253640060492556,2017-10-01
MX-GUA,2017,11,15.773635590345387,0.5954054457384154,2017-11-01
MX-GUA,2017,12,13.65030790539049,0.6186492335133029,2017-12-01
MX-GUA,2018,1,12.699101495302921,3.4302216959690024,2018-01-01
MX-GUA,2018,2,16.791334152387225,7.245613965164337,2018-02-01
MX-GUA,2018,3,19.863458811021363,0.8731050593195377,2018-03-01
MX-GUA,2018,4,20.887157441449055,5.246792574953411,2018-04-01
MX-GUA,2018,5,21.723841388525457,28.41398104149743,2018-05-01
MX-GUA,2018,6,20.271869077821428,92.94923381299645,2018-06-01
MX-GUA,2018,7,19.569530408141148,29.127014020820262,2018-07-01
MX-GUA,2018,8,19.19495651938027,50.333043522380066,2018-08-01
MX-GUA,2018,9,18.91514448764151,61.74952896524141,2018-09-01
MX-GUA,2018,10,18.024941008858157,29.231652442767615,2018-10-01
MX-GUA,2018,11,14.883210501876409,26.20502254875505,2018-11-01
MX-GUA,2018,12,13.23479343398272,0.7661305032070909,2018-12-01
MX-GUA,2019,1,14.191869182621168,3.7686048961196743,2019-01-01
MX-GUA,2019,2,17.36327429013212,1.1949177489716285,2019-02-01
MX-GUA,2019,3,19.41974998954021,2.098478006567938,2019-03-01
MX-GUA,2019,4,20.755491840103694,1.0373800360393433,2019-04-01
MX-GUA,2019,5,23.35624114450923,3.0350013308789734,2019-05-01
MX-GUA,2019,6,21.525247919500885,36.22183484373232,2019-06-01
MX-GUA,2019,7,19.633878456912683,49.77118906403863,2019-07-01
MX-GUA,2019,8,20.48230526412378,37.1669234287648,2019-08-01
MX-GUA,2019,9,19.648038642351928,32.55932748030881,2019-09-01
MX-GUA,2019,10,18.780610368947436,26.73249980840462,2019-10-01
MX-GUA,2019,11,17.342780910370788,6.202530043614414,2019-11-01
MX-GUA,2019,12,14.451643575769221,5.062120948923753,2019-12-01
MX-GUA,2020,1,14.419985203567014,2.812892815469129,2020-01-01
MX-GUA,2020,2,16.648874487251497,5.206929878481793,2020-02-01
MX-GUA,2020,3,20.046619064816685,8.153010346548644,2020-03-01
MX-GUA,2020,4,22.845519647605762,3.1626025757794585,2020-04-01
MX-GUA,2020,5,21.705108152055022,14.170705963443034,2020-05-01
MX-GUA,2020,6,21.30710756663351,33.88963306164411,2020-06-01
MX-GUA,2020,7,20.39691421526804,49.76363248586067,2020-07-01
MX-GUA,2020,8,19.671951450441362,40.51395719644701,2020-08-01
MX-GUA,2020,9,19.01159578017253,32.672858345203785,2020-09-01
MX-GUA,2020,10,18.38702732147259,1.7451421057242211,2020-10-01
MX-GUA,2020,11,16.70595635980325,0.8880303243579856,2020-11-01
MX-GUA,2020,12,14.989345388551776,1.0484566716826507,2020-12-01
MX-GUA,2021,1,14.834558037931407,1.807945917002725,2021-01-01
MX-GUA,2021,2,16.711868311468542,0.27840692777656606,2021-02-01
MX-GUA,2021,3,19.809270018312596,0.5065967301876152,2021-03-01
MX-GUA,2021,4,21.480168759906302,1.4266212264142486,2021-04-01
MX-GUA,2021,5,21.305465214477877,25.595099725016777,2021-05-01
MX-GUA,2021,6,19.74378868680914,60.24099337683881,2021-06-01
MX-GUA,2021,7,19.126036087860697,60.07367424456872,2021-07-01
MX-GUA,2021,8,19.190167811995263,57.26066587600733,2021-08-01
MX-GUA,2021,9,18.31884953688145,72.58569433432746,2021-09-01
MX-GUA,2021,10,17.97722939749693,26.697669624970445,2021-10-01
MX-GUA,2021,11,14.956386371994812,0.7593817251567445,2021-11-01
MX-GUA,2021,12,14.792925737500548,1.091716747541797,2021-12-01
MX-GUA,2022,1,14.634912651871536,0.7290457013499866,2022-01-01
MX-GUA,2022,2,15.751846732442562,1.2782709571067563,2022-02-01
MX-GUA,2022,3,18.542921050629502,0.32657542231490244,2022-03-01
MX-GUA,2022,4,21.232901215240094,4.404990970711298,2022-04-01
MX-GUA,2022,5,23.290912325912753,2.875682584200186,2022-05-01
MX-GUA,2022,6,20.71672632215713,19.821615609709824,2022-06-01
MX-GUA,2022,7,20.150882882862994,44.31824564608733,2022-07-01
MX-GUA,2022,8,19.57997830307746,51.75556805927475,2022-08-01
MX-GUA,2022,9,18.39822145529232,29.153324366439396,2022-09-01
MX-GUA,2022,10,17.92866030503055,14.348648860099019,2022-10-01
MX-GUA,2022,11,17.04708574109482,4.940716986709456,2022-11-01
MX-GUA,2022,12,14.325971084564474,4.070059549148257,2022-12-01
MX-GUA,2023,1,14.48527398541147,0.3048619146253414,2023-01-01
MX-GUA,2023,2,16.482680689572838,0.38808007457174376,2023-02-01
MX-GUA,2023,3,19.605783091376882,4.289661090917554,2023-03-01
MX-GUA,2023,4,20.69264432455785,4.765537486652604,2023-04-01
MX-GUA,2023,5,20.95691492847218,13.476508360301105,2023-05-01
MX-GUA,2023,6,24.256430853449427,7.198708372106266,2023-06-01
MX-GUA,2023,7,20.869099974172325,39.31695072495145,2023-07-01
MX-GUA,2023,8,20.31284419471895,41.88036762213147,2023-08-01
MX-GUA,2023,9,20.9664464501485,13.299065429865394,2023-09-01
MX-GUA,2023,10,18.7011241435439,20.783972942294096,2023-10-01
MX-GUA,2023,11,16.42235575814463,10.977372953149665,2023-11-01
MX-GUA,2023,12,13.337831371996174,15.524671032690275,2023-12-01
MX-GUA,2024,1,15.391216112905097,0.6354224187833618,2024-01-01
MX-GUA,2024,2,17.1657106127559,7.027247162619259,2024-02-01
MX-GUA,2024,3,20.25608709938122,0.27461921327080213,2024-03-01
MX-GUA,2024,4,22.421217532216286,0.5615892030646884,2024-04-01
MX-GUA,2024,5,25.99381274798467,3.4226529679448197,2024-05-01
MX-GUA,2024,6,23.05990537164587,38.372932347701926,2024-06-01
MX-GUA,2024,7,19.705309889912044,77.56618011151724,2024-07-01
MX-GUA,2024,8,20.097546544711417,35.82474550775915,2024-08-01
MX-GUA,2024,9,19.80305118472119,58.17518686021746,2024-09-01
MX-GUA,2024,10,17.488222270144487,6.194971027983835,2024-10-01
MX-GUA,2024,11,17.73534162182789,1.2253089990898656,2024-11-01
MX-GUA,2024,12,14.913954165256937,2.117566694524357,2024-12-01
MX-GUA,2025,1,15.08405235750241,3.051127863705736,2025-01-01
MX-GUA,2025,2,17.714241210478374,2.5508865784142754,2025-02-01
MX-GUA,2025,3,19.7544457603727,0.4411406126257884,2025-03-01
MX-GUA,2025,4,21.11582948817797,0.3248778119879321,2025-04-01
MX-GUA,2025,5,23.030055056040027,18.70047556588409,2025-05-01
MX-GUA,2025,6,19.794087579770558,78.44978576898299,2025-06-01
MX-GUA,2025,7,18.855731444472955,63.98984733150334,2025-07-01
MX-GUA,2025,8,19.57400941930263,46.926492237071045,2025-08-01
MX-GUA,2025,9,19.67212416276349,47.60542930336171,2025-09-01
MX-GUA,2025,10,18.406633897420843,15.95564368000568,2025-10-01
MX-GUA,2025,11,16.479154566621744,0.5088837501932155,2025-11-01
MX-GUA,2025,12,15.541602500399181,4.334015551246224,2025-12-01
MX-HID,1990,1,14.193659984196584,14.176408051488297,1990-01-01
MX-HID,1990,2,14.518108928075268,23.091785109500318,1990-02-01
MX-HID,1990,3,16.425606897742465,17.880284472820787,1990-03-01
MX-HID,1990,4,18.886549426397167,27.641840272354646,1990-04-01
MX-HID,1990,5,20.59649047526257,31.458869327434506,1990-05-01
MX-HID,1990,6,19.49516255943984,34.81490661177874,1990-06-01
MX-HID,1990,7,18.494029815121547,64.97056095967689,1990-07-01
MX-HID,1990,8,18.440175099256603,66.77123787259278,1990-08-01
MX-HID,1990,9,18.22340298062665,49.086530091299984,1990-09-01
MX-HID,1990,10,16.615317084585016,36.55906153861277,1990-10-01
MX-HID,1990,11,15.435474508029944,17.387121795540462,1990-11-01
MX-HID,1990,12,13.196263939053116,7.298902008600968,1990-12-01
MX-HID,1991,1,14.462240804481644,16.39766141966665,1991-01-01
MX-HID,1991,2,14.404575880681035,14.375450626874843,1991-02-01
MX-HID,1991,3,18.792208191183274,6.7639033800957975,1991-03-01
MX-HID,1991,4,20.434987368270722,18.041212143649375,1991-04-01
MX-HID,1991,5,20.787546601128245,23.20476935659938,1991-05-01
MX-HID,1991,6,19.616300528311672,64.1690497546603,1991-06-01
MX-HID,1991,7,18.066096864700285,75.43350418060429,1991-07-01
MX-HID,1991,8,18.876637627780593,23.17794061846215,1991-08-01
MX-HID,1991,9,17.42118045563583,71.08861543424935,1991-09-01
MX-HID,1991,10,16.299101326307486,58.4966423591871,1991-10-01
MX-HID,1991,11,13.678060433402559,24.46273714684021,1991-11-01
MX-HID,1991,12,13.857617920844461,19.197096141383142,1991-12-01
MX-HID,1992,1,12.326175799800657,35.702749516459896,1992-01-01
MX-HID,1992,2,14.06378417001072,17.276097996575643,1992-02-01
MX-HID,1992,3,17.2248335537095,26.793907084829605,1992-03-01
MX-HID,1992,4,17.391228579937767,33.93170428127717,1992-04-01
MX-HID,1992,5,17.897788689494924,65.77846924631855,1992-05-01
MX-HID,1992,6,19.899872879081894,33.74802940082226,1992-06-01
MX-HID,1992,7,18.48025330645055,47.2439395476705,1992-07-01
MX-HID,1992,8,18.419172451927405,39.61986210239004,1992-08-01
MX-HID,1992,9,17.858100207671818,48.91151400302328,1992-09-01
MX-HID,1992,10,16.27146461717339,67.50002752001417,1992-10-01
MX-HID,1992,11,14.858958983504412,27.804831040040106,1992-11-01
MX-HID,1992,12,15.1218664427662,6.421956779498366,1992-12-01
MX-HID,1993,1,14.443748307809456,12.712484661188366,1993-01-01
MX-HID,1993,2,15.51178374008706,11.920338350825752,1993-02-01
MX-HID,1993,3,16.35186560513193,10.156491628892876,1993-03-01
MX-HID,1993,4,18.63381644971157,18.141166915031537,1993-04-01
MX-HID,1993,5,19.121815693431714,43.56775437714245,1993-05-01
MX-HID,1993,6,19.430073675937265,96.19502865719312,1993-06-01
MX-HID,1993,7,18.813722230454847,46.047704992506716,1993-07-01
MX-HID,1993,8,18.601942695791035,32.48010413715525,1993-08-01
MX-HID,1993,9,17.344185421695148,101.83955966621957,1993-09-01
MX-HID,1993,10,16.784612237152498,20.252085417864542,1993-10-01
MX-HID,1993,11,15.343234235620393,20.122269511732515,1993-11-01
MX-HID,1993,12,13.822796957700561,5.646994350839781,1993-12-01
MX-HID,1994,1,13.211419983461118,9.988160831200021,1994-01-01
MX-HID,1994,2,15.14456884016307,11.211550337420457,1994-02-01
MX-HID,1994,3,17.312852937149998,9.135998152083094,1994-03-01
MX-HID,1994,4,18.546499038309555,37.59545596791189,1994-04-01
MX-HID,1994,5,19.967503713284334,30.387166850341718,1994-05-01
MX-HID,1994,6,19.341426190553538,52.566857984215126,1994-06-01
MX-HID,1994,7,19.102799856453366,21.941575375503362,1994-07-01
MX-HID,1994,8,18.698642746139907,50.40929223127711,1994-08-01
MX-HID,1994,9,17.901129636157748,46.9011843340563,1994-09-01
MX-HID,1994,10,17.906607992748178,31.790011926526496,1994-10-01
MX-HID,1994,11,16.67775410620106,9.451222157566175,1994-11-01
MX-HID,1994,12,15.043157189281025,15.7476209676494,1994-12-01
MX-HID,1995,1,14.239008642482531,14.348560290388086,1995-01-01
MX-HID,1995,2,15.480235240185506,16.63065837917561,1995-02-01
MX-HID,1995,3,17.221967907324334,18.414497549633314,1995-03-01
MX-HID,1995,4,19.44709872390264,13.16830596753629,1995-04-01
MX-HID,1995,5,21.90732747560043,30.215248722055897,1995-05-01
MX-HID,1995,6,20.135878891824213,36.38088625082361,1995-06-01
MX-HID,1995,7,18.689301296101714,49.316939881557225,1995-07-01
MX-HID,1995,8,18.96081744958455,66.6175683515265,1995-08-01
MX-HID,1995,9,18.408189574336486,37.527558841749354,1995-09-01
MX-HID,1995,10,16.97246783143253,33.74747247952021,1995-10-01
MX-HID,1995,11,15.628847846209204,31.716098935438175,1995-11-01
MX-HID,1995,12,13.981708852575954,15.493264448450498,1995-12-01
MX-HID,1996,1,12.514151712206521,3.7349943908162557,1996-01-01
MX-HID,1996,2,14.864017649348211,7.9647152272867405,1996-02-01
MX-HID,1996,3,15.90996379912935,6.8567995320015624,1996-03-01
MX-HID,1996,4,18.360060802534218,23.922527329247224,1996-04-01
MX-HID,1996,5,20.567121482809448,10.58336983365161,1996-05-01
MX-HID,1996,6,19.28572099162776,57.00191815257945,1996-06-01
MX-HID,1996,7,19.096834324916184,25.752163466489094,1996-07-01
MX-HID,1996,8,18.39922774899485,78.92358612231843,1996-08-01
MX-HID,1996,9,18.98027296751409,50.13579838174691,1996-09-01
MX-HID,1996,10,17.530695454110187,31.87163237057801,1996-10-01
MX-HID,1996,11,14.504528756534226,12.274595375191435,1996-11-01
MX-HID,1996,12,13.919466899978715,17.650846637371192,1996-12-01
MX-HID,1997,1,13.274727287416344,6.915527947751829,1997-01-01
MX-HID,1997,2,14.819371373525785,8.396098961716996,1997-02-01
MX-HID,1997,3,16.916011719938243,33.92877928241477,1997-03-01
MX-HID,1997,4,17.7221914564872,46.91354277633102,1997-04-01
MX-HID,1997,5,18.578542464929903,45.09061068788832,1997-05-01
MX-HID,1997,6,20.44056062310004,31.65774756964499,1997-06-01
MX-HID,1997,7,19.305130887908923,28.6683356192309,1997-07-01
MX-HID,1997,8,18.984197820292525,19.598824125428287,1997-08-01
MX-HID,1997,9,18.41771195715328,33.41620835254114,1997-09-01
MX-HID,1997,10,16.483431168929503,73.1274512910746,1997-10-01
MX-HID,1997,11,15.97783472451737,21.82858179440449,1997-11-01
MX-HID,1997,12,12.98004655749533,8.150075476495081,1997-12-01
MX-HID,1998,1,13.620394810191314,12.534729594472275,1998-01-01
MX-HID,1998,2,14.972543822845024,6.377630184380986,1998-02-01
MX-HID,1998,3,16.783826965163474,10.470946244530435,1998-03-01
MX-HID,1998,4,20.079202761263524,9.314960600227467,1998-04-01
MX-HID,1998,5,22.087327825393302,4.417882673111774,1998-05-01
MX-HID,1998,6,21.689865415288963,23.996222163987206,1998-06-01
MX-HID,1998,7,19.424114485005298,35.03039703381883,1998-07-01
MX-HID,1998,8,19.068008433685485,45.049863598875895,1998-08-01
MX-HID,1998,9,18.94600422780985,115.88053713183015,1998-09-01
MX-HID,1998,10,17.032206901443764,76.17672727385546,1998-10-01
MX-HID,1998,11,16.62070619326439,26.439812385654676,1998-11-01
MX-HID,1998,12,13.79757070201934,6.331362688246921,1998-12-01
MX-HID,1999,1,12.730454541809907,4.280025225902215,1999-01-01
MX-HID,1999,2,14.885103186771175,6.817465545061873,1999-02-01
MX-HID,1999,3,17.507335392958655,10.163313036475873,1999-03-01
MX-HID,1999,4,20.098675375386893,11.29248082495057,1999-04-01
MX-HID,1999,5,20.93898315033755,9.376095121922088,1999-05-01
MX-HID,1999,6,20.329080100123395,31.002901869857922,1999-06-01
MX-HID,1999,7,18.45836105037042,70.99464413865606,1999-07-01
MX-HID,1999,8,19.09881704735415,50.25724366279889,1999-08-01
MX-HID,1999,9,18.013635284451023,53.64322367641687,1999-09-01
MX-HID,1999,10,15.045195928746672,59.55038040000365,1999-10-01
MX-HID,1999,11,13.320535596833766,9.36843043561192,1999-11-01
MX-HID,1999,12,11.803570685115405,7.249188538714285,1999-12-01
MX-HID,2000,1,13.129685613630954,5.464566085696956,2000-01-01
MX-HID,2000,2,14.767364005145161,9.014742306757388,2000-02-01
MX-HID,2000,3,18.074707728640803,9.330485072995712,2000-03-01
MX-HID,2000,4,19.017270102987315,15.834719235689734,2000-04-01
MX-HID,2000,5,20.109567966702844,27.709114898452373,2000-05-01
MX-HID,2000,6,18.960891559226926,60.68371782078851,2000-06-01
MX-HID,2000,7,18.987060320460674,21.92456044032562,2000-07-01
MX-HID,2000,8,18.311302875442195,38.59308886116279,2000-08-01
MX-HID,2000,9,18.37659485842007,33.04597915781144,2000-09-01
MX-HID,2000,10,16.73430771940988,19.803279313073276,2000-10-01
MX-HID,2000,11,16.178822018391273,15.878224203276027,2000-11-01
MX-HID,2000,12,11.896241088406784,10.032289764147771,2000-12-01
MX-HID,2001,1,13.119337009882857,6.735070315892092,2001-01-01
MX-HID,2001,2,14.627066265611617,11.193634045661252,2001-02-01
MX-HID,2001,3,16.72669312016937,11.977507942794308,2001-03-01
MX-HID,2001,4,19.153262598211064,22.897347741411295,2001-04-01
MX-HID,2001,5,19.304956659856472,28.335799371311282,2001-05-01
MX-HID,2001,6,19.39806443703405,36.02430531738068,2001-06-01
MX-HID,2001,7,18.98778612481998,46.66727576307796,2001-07-01
MX-HID,2001,8,18.94681633204861,58.60983394941645,2001-08-01
MX-HID,2001,9,18.193978660157125,82.7974860359033,2001-09-01
MX-HID,2001,10,15.998388564306774,40.013772474365304,2001-10-01
MX-HID,2001,11,14.546668269754297,11.149320570980645,2001-11-01
MX-HID,2001,12,13.400265811713378,8.504057082742902,2001-12-01
MX-HID,2002,1,12.849619215543651,12.307395015343674,2002-01-01
MX-HID,2002,2,12.992953276348782,13.730976357321952,2002-02-01
MX-HID,2002,3,16.812265551328455,7.386346263619341,2002-03-01
MX-HID,2002,4,18.953807623930377,13.33703244273928,2002-04-01
MX-HID,2002,5,19.94610999835601,16.284028224163922,2002-05-01
MX-HID,2002,6,19.614287130736734,49.70254304105116,2002-06-01
MX-HID,2002,7,18.839188327742676,46.49959919317255,2002-07-01
MX-HID,2002,8,18.987728612138664,21.8119661100083,2002-08-01
MX-HID,2002,9,18.463407021920883,62.32646311543941,2002-09-01
MX-HID,2002,10,18.65982792875795,22.853697659049647,2002-10-01
MX-HID,2002,11,13.939937060791458,48.766204510756126,2002-11-01
MX-HID,2002,12,13.218288227158238,7.113033388716351,2002-12-01
MX-HID,2003,1,11.767815253028576,15.700334370118268,2003-01-01
MX-HID,2003,2,15.72094333901903,8.431955415121715,2003-02-01
MX-HID,2003,3,17.93681863690848,10.299469424302032,2003-03-01
MX-HID,2003,4,19.986425273398243,19.375939117652415,2003-04-01
MX-HID,2003,5,21.766582688097493,13.171066614563614,2003-05-01
MX-HID,2003,6,20.145245563863742,38.73849136671016,2003-06-01
MX-HID,2003,7,18.885314611781915,33.14120999710077,2003-07-01
MX-HID,2003,8,18.943227705637597,28.603689706875574,2003-08-01
MX-HID,2003,9,18.85625496036462,87.75509497027139,2003-09-01
MX-HID,2003,10,17.44648436056414,36.250094577173435,2003-10-01
MX-HID,2003,11,15.342220712978836,19.91706034129512,2003-11-01
MX-HID,2003,12,11.48031825065251,6.6281365031338755,2003-12-01
MX-HID,2004,1,12.716169353130173,14.32954213224563,2004-01-01
MX-HID,2004,2,13.691783700151468,5.653453529472965,2004-02-01
MX-HID,2004,3,16.4671236750293,29.048885173803058,2004-03-01
MX-HID,2004,4,18.380432481886398,20.760949056116775,2004-04-01
MX-HID,2004,5,19.283234196779272,33.660340115619626,2004-05-01
MX-HID,2004,6,19.131547721428397,64.62072338259357,2004-06-01
MX-HID,2004,7,19.20695205739866,34.87899180424907,2004-07-01
MX-HID,2004,8,19.140791060025702,26.850495055526906,2004-08-01
MX-HID,2004,9,18.539609703356533,39.71091343161197,2004-09-01
MX-HID,2004,10,18.387282382796947,38.46513297796112,2004-10-01
MX-HID,2004,11,15.416943903373717,5.6283806406714705,2004-11-01
MX-HID,2004,12,12.587954782468831,9.198719742385249,2004-12-01
MX-HID,2005,1,13.681049730705782,11.301860164406865,2005-01-01
MX-HID,2005,2,15.066868920775567,15.393368425855135,2005-02-01
MX-HID,2005,3,17.488977124923483,12.788618821963231,2005-03-01
MX-HID,2005,4,19.611292617921602,8.950654402083583,2005-04-01
MX-HID,2005,5,20.33345165445772,24.667026502169648,2005-05-01
MX-HID,2005,6,21.297660086658805,42.15818913344437,2005-06-01
MX-HID,2005,7,19.92058580311541,34.772803342574356,2005-07-01
MX-HID,2005,8,19.29656077021166,59.18037907150114,2005-08-01
MX-HID,2005,9,18.789642179153088,27.03905903290366,2005-09-01
MX-HID,2005,10,17.249066855248362,67.19118223391213,2005-10-01
MX-HID,2005,11,14.701439160931667,10.32325345008033,2005-11-01
MX-HID,2005,12,13.718127875053524,8.47175220954638,2005-12-01
MX-HID,2006,1,12.905495513463416,7.795185622839598,2006-01-01
MX-HID,2006,2,14.637850515556147,7.937262753371207,2006-02-01
MX-HID,2006,3,17.37059952145384,13.594180475837655,2006-03-01
MX-HID,2006,4,19.563711616729226,11.874672785940028,2006-04-01
MX-HID,2006,5,19.703620111743405,33.494731075545104,2006-05-01
MX-HID,2006,6,19.094723931318537,22.05832517514039,2006-06-01
MX-HID,2006,7,18.874760101407208,52.831466450102745,2006-07-01
MX-HID,2006,8,18.949082591375422,41.086606983236145,2006-08-01
MX-HID,2006,9,19.114328716673807,47.37455691058602,2006-09-01
MX-HID,2006,10,18.020849164974983,56.7330835444092,2006-10-01
MX-HID,2006,11,14.90029835298419,24.17514867927056,2006-11-01
MX-HID,2006,12,13.561281935901958,15.91978445256068,2006-12-01
MX-HID,2007,1,13.407319370799636,11.334282905051683,2007-01-01
MX-HID,2007,2,14.851801516886725,19.819559063576147,2007-02-01
MX-HID,2007,3,16.67263689577536,14.525462922005929,2007-03-01
MX-HID,2007,4,18.649630167116076,28.44000843134865,2007-04-01
MX-HID,2007,5,19.95565724781524,19.195504753524872,2007-05-01
MX-HID,2007,6,20.122528150808694,36.24576224624038,2007-06-01
MX-HID,2007,7,19.43088989030041,53.78842129139418,2007-07-01
MX-HID,2007,8,19.0521309570191,92.38219211194816,2007-08-01
MX-HID,2007,9,18.484700068310215,57.13209707156817,2007-09-01
MX-HID,2007,10,16.52935933794764,37.50686522493681,2007-10-01
MX-HID,2007,11,14.859068178451192,14.282584232823027,2007-11-01
MX-HID,2007,12,15.172041213642965,8.417373563443201,2007-12-01
MX-HID,2008,1,13.250234999322235,15.560290113480791,2008-01-01
MX-HID,2008,2,15.769711797480257,10.063453699151813,2008-02-01
MX-HID,2008,3,16.807351191352705,7.304573817451699,2008-03-01
MX-HID,2008,4,19.666153013226953,26.067498683882587,2008-04-01
MX-HID,2008,5,20.793543664613033,23.836373210715777,2008-05-01
MX-HID,2008,6,19.098773015389853,104.84438085932398,2008-06-01
MX-HID,2008,7,18.702749207896957,107.28145648821351,2008-07-01
MX-HID,2008,8,19.559485063307154,57.5183110249138,2008-08-01
MX-HID,2008,9,17.93030107880706,121.00588714958772,2008-09-01
MX-HID,2008,10,16.099089932455016,40.66051930125471,2008-10-01
MX-HID,2008,11,14.423592310976051,10.218737937482068,2008-11-01
MX-HID,2008,12,13.528146980432188,5.272370181347414,2008-12-01
MX-HID,2009,1,13.587203501394892,9.454410965191634,2009-01-01
MX-HID,2009,2,14.79690436626323,11.082556239203244,2009-02-01
MX-HID,2009,3,16.887960108860103,10.804729177928099,2009-03-01
MX-HID,2009,4,19.714859224096745,12.964577901227138,2009-04-01
MX-HID,2009,5,20.495877072209673,21.10744698519093,2009-05-01
MX-HID,2009,6,20.42748197166186,30.472937124155187,2009-06-01
MX-HID,2009,7,19.796553363693807,34.8635167065733,2009-07-01
MX-HID,2009,8,19.650590167665616,34.932863994182654,2009-08-01
MX-HID,2009,9,18.91272773049338,91.40587471459236,2009-09-01
MX-HID,2009,10,18.64198820988242,64.21141485978632,2009-10-01
MX-HID,2009,11,14.202165417509548,15.961348141585296,2009-11-01
MX-HID,2009,12,14.246230201695779,14.125558907566955,2009-12-01
MX-HID,2010,1,11.975066578370633,23.625392486038606,2010-01-01
MX-HID,2010,2,12.888200675432403,32.67806345346272,2010-02-01
MX-HID,2010,3,15.776634284530399,7.471256097663576,2010-03-01
MX-HID,2010,4,18.64951520467918,25.53609553363252,2010-04-01
MX-HID,2010,5,21.00089803829488,13.880651133322512,2010-05-01
MX-HID,2010,6,20.973969171653586,28.95880222240588,2010-06-01
MX-HID,2010,7,19.329676685286127,179.99518021458675,2010-07-01
MX-HID,2010,8,19.343644372195577,44.572761880118975,2010-08-01
MX-HID,2010,9,18.907213028319234,80.10792245995577,2010-09-01
MX-HID,2010,10,16.19971769115238,10.527938121158225,2010-10-01
MX-HID,2010,11,14.28728477663204,7.636553717238188,2010-11-01
MX-HID,2010,12,11.77492195675868,3.9091166489493543,2010-12-01
MX-HID,2011,1,13.865542629422958,8.429323315940634,2011-01-01
MX-HID,2011,2,15.037880090085375,4.244664347734125,2011-02-01
MX-HID,2011,3,17.38092638520912,9.918513501561137,2011-03-01
MX-HID,2011,4,20.810817243773826,12.063878988093323,2011-04-01
MX-HID,2011,5,21.865255253051693,14.601732836594325,2011-05-01
MX-HID,2011,6,19.994782701529576,58.843921273181124,2011-06-01
MX-HID,2011,7,19.13097992865853,70.52836550307116,2011-07-01
MX-HID,2011,8,19.816808780521377,31.21762476207896,2011-08-01
MX-HID,2011,9,18.594021392110495,31.893774748689406,2011-09-01
MX-HID,2011,10,16.29465295383164,20.319798262187113,2011-10-01
MX-HID,2011,11,15.284426967046384,19.69209067860028,2011-11-01
MX-HID,2011,12,14.041148356352835,9.342643892182707,2011-12-01
MX-HID,2012,1,13.781074475053689,15.000072439179604,2012-01-01
MX-HID,2012,2,14.95441713324583,27.456969048043728,2012-02-01
MX-HID,2012,3,17.441042563629164,12.782086433273188,2012-03-01
MX-HID,2012,4,18.64743832723848,19.197037517619236,2012-04-01
MX-HID,2012,5,20.395384003685127,19.633483164531217,2012-05-01
MX-HID,2012,6,20.09990449054093,53.707804171562024,2012-06-01
MX-HID,2012,7,18.89426788150161,50.65055423118514,2012-07-01
MX-HID,2012,8,19.20052715449586,76.85856067142562,2012-08-01
MX-HID,2012,9,18.79631200305045,40.4945226396269,2012-09-01
MX-HID,2012,10,17.509976222327595,10.132534939739724,2012-10-01
MX-HID,2012,11,14.912563208718511,17.789696114052674,2012-11-01
MX-HID,2012,12,14.391157657841779,5.935393948196621,2012-12-01
MX-HID,2013,1,13.824285316501783,6.540791423365803,2013-01-01
MX-HID,2013,2,16.730591402369125,8.015588273569364,2013-02-01
MX-HID,2013,3,15.440028838578955,9.123630082153618,2013-03-01
MX-HID,2013,4,20.30096108657836,12.442401579520796,2013-04-01
MX-HID,2013,5,20.39600035983468,30.74679636576063,2013-05-01
MX-HID,2013,6,20.127868392230592,73.40654671364541,2013-06-01
MX-HID,2013,7,19.636320149424513,42.62384789485766,2013-07-01
MX-HID,2013,8,19.225442014953448,49.197460935847914,2013-08-01
MX-HID,2013,9,18.888612637824007,134.12219426149946,2013-09-01
MX-HID,2013,10,17.986736677598643,61.50298553884028,2013-10-01
MX-HID,2013,11,14.940412090189561,39.169501467312756,2013-11-01
MX-HID,2013,12,13.60221122647113,12.223961399190012,2013-12-01
MX-HID,2014,1,11.784506525214615,10.233584028155414,2014-01-01
MX-HID,2014,2,16.017741940165823,5.627097893812368,2014-02-01
MX-HID,2014,3,17.547844891955734,19.444821132344508,2014-03-01
MX-HID,2014,4,19.68557960270795,19.7404397654982,2014-04-01
MX-HID,2014,5,18.571049553929033,40.29710926090434,2014-05-01
MX-HID,2014,6,19.777789397235914,76.30993210271312,2014-06-01
MX-HID,2014,7,19.16711034479899,53.48830960447472,2014-07-01
MX-HID,2014,8,19.394060477119336,34.98228295476756,2014-08-01
MX-HID,2014,9,18.9381575931187,68.82586074376623,2014-09-01
MX-HID,2014,10,17.28749513682791,55.96900423876399,2014-10-01
MX-HID,2014,11,14.444474823525983,16.0673156237278,2014-11-01
MX-HID,2014,12,14.392566323081109,14.039989252104498,2014-12-01
MX-HID,2015,1,12.644481158030613,14.067493140013022,2015-01-01
MX-HID,2015,2,14.121597612227466,11.863026942033354,2015-02-01
MX-HID,2015,3,15.522470217501883,53.7501522052828,2015-03-01
MX-HID,2015,4,19.655724017122484,35.83447008756748,2015-04-01
MX-HID,2015,5,19.730000239316656,38.5654961286143,2015-05-01
MX-HID,2015,6,19.360742841354753,49.31479069876907,2015-06-01
MX-HID,2015,7,19.32427931974959,40.16908822070501,2015-07-01
MX-HID,2015,8,19.665381376063813,36.897253230142056,2015-08-01
MX-HID,2015,9,19.22013385953218,54.16271537212401,2015-09-01
MX-HID,2015,10,18.24570488797479,45.73851524014908,2015-10-01
MX-HID,2015,11,17.178892806093653,29.688664175946403,2015-11-01
MX-HID,2015,12,14.865980759464696,7.398680221342068,2015-12-01
MX-HID,2016,1,12.340463695949339,8.012362882479474,2016-01-01
MX-HID,2016,2,13.520509163473047,5.589892215853853,2016-02-01
MX-HID,2016,3,17.693277646736547,14.797707142838474,2016-03-01
MX-HID,2016,4,19.786963668779364,24.357841701869223,2016-04-01
MX-HID,2016,5,21.391799432030727,40.80967779544074,2016-05-01
MX-HID,2016,6,19.807479494822147,72.49376455898704,2016-06-01
MX-HID,2016,7,19.616798560214214,41.354622492363724,2016-07-01
MX-HID,2016,8,19.732276357994113,82.41398813497035,2016-08-01
MX-HID,2016,9,18.972551105200413,77.06909476029968,2016-09-01
MX-HID,2016,10,17.40811000571096,41.08245984963072,2016-10-01
MX-HID,2016,11,14.999526129867201,28.138610979051837,2016-11-01
MX-HID,2016,12,15.329968425218189,12.910575497693516,2016-12-01
MX-HID,2017,1,14.159494275889134,3.7973051629158254,2017-01-01
MX-HID,2017,2,16.18339955563537,6.888387087602387,2017-02-01
MX-HID,2017,3,16.958993092385686,20.883902870260314,2017-03-01
MX-HID,2017,4,19.171347153774505,12.043478618338188,2017-04-01
MX-HID,2017,5,21.326359562645326,36.1760424447432,2017-05-01
MX-HID,2017,6,20.696429655688128,48.78173132608043,2017-06-01
MX-HID,2017,7,19.11173677014733,54.518680025186136,2017-07-01
MX-HID,2017,8,20.125333743931986,48.72232773162999,2017-08-01
MX-HID,2017,9,18.781788118077213,87.06090113501574,2017-09-01
MX-HID,2017,10,17.168710830227607,55.03249305733243,2017-10-01
MX-HID,2017,11,15.337059511515738,5.187861831431609,2017-11-01
MX-HID,2017,12,12.892166605316417,4.209868318726783,2017-12-01
MX-HID,2018,1,11.100330437836933,16.320042064913263,2018-01-01
MX-HID,2018,2,16.49019562060544,12.156861230344923,2018-02-01
MX-HID,2018,3,18.174525903371787,13.778977548247418,2018-03-01
MX-HID,2018,4,19.13916045695521,38.1067695386645,2018-04-01
MX-HID,2018,5,20.781321004698963,14.038629011606597,2018-05-01
MX-HID,2018,6,19.875431912747658,71.77818571722977,2018-06-01
MX-HID,2018,7,19.656800927259933,20.39241787304015,2018-07-01
MX-HID,2018,8,19.16096528594259,50.45976928612472,2018-08-01
MX-HID,2018,9,19.448419061775052,48.39948126729161,2018-09-01
MX-HID,2018,10,18.004104210089668,65.69732042832223,2018-10-01
MX-HID,2018,11,14.982439145671096,30.51358587974668,2018-11-01
MX-HID,2018,12,13.772980631099767,7.749335258026364,2018-12-01
MX-HID,2019,1,13.70047709932707,10.635207284423439,2019-01-01
MX-HID,2019,2,17.0707675968541,6.995079803773923,2019-02-01
MX-HID,2019,3,17.431645830647632,9.769224829838969,2019-03-01
MX-HID,2019,4,19.682727184783666,6.517658184945618,2019-04-01
MX-HID,2019,5,22.29106019563452,18.472880059958687,2019-05-01
MX-HID,2019,6,20.696866503393185,51.76377556060133,2019-06-01
MX-HID,2019,7,19.535655372463644,39.31975999142556,2019-07-01
MX-HID,2019,8,20.500475356969847,22.89742215855817,2019-08-01
MX-HID,2019,9,19.65770378313542,40.40790609083704,2019-09-01
MX-HID,2019,10,18.549941945043532,74.16370023634472,2019-10-01
MX-HID,2019,11,16.509412427856187,12.566278537861761,2019-11-01
MX-HID,2019,12,13.940097039903192,9.558758394404117,2019-12-01
MX-HID,2020,1,14.105306586042413,19.89054808942437,2020-01-01
MX-HID,2020,2,15.559575865627892,8.10000942746064,2020-02-01
MX-HID,2020,3,18.973095652693175,9.239818656537267,2020-03-01
MX-HID,2020,4,21.78479521180146,20.09441263791854,2020-04-01
MX-HID,2020,5,20.838247585759028,25.57698055718018,2020-05-01
MX-HID,2020,6,20.256834660046753,45.64850824080345,2020-06-01
MX-HID,2020,7,20.336872394760256,37.531311449388575,2020-07-01
MX-HID,2020,8,19.486439391064142,58.124486697123345,2020-08-01
MX-HID,2020,9,18.573641219869106,74.79957403414964,2020-09-01
MX-HID,2020,10,16.917313032185767,6.9586938874409165,2020-10-01
MX-HID,2020,11,15.492615791161288,15.527350654608014,2020-11-01
MX-HID,2020,12,13.707395726039925,4.269139454629567,2020-12-01
MX-HID,2021,1,14.314126387324587,6.708237010931697,2021-01-01
MX-HID,2021,2,15.511948280397894,6.7835373764973195,2021-02-01
MX-HID,2021,3,17.89533286006484,6.165107334914817,2021-03-01
MX-HID,2021,4,19.945185821811744,16.78028297606832,2021-04-01
MX-HID,2021,5,20.58991546822424,39.61528523294435,2021-05-01
MX-HID,2021,6,19.317783581357382,68.07545527105857,2021-06-01
MX-HID,2021,7,19.247667765329034,58.06862828264196,2021-07-01
MX-HID,2021,8,19.1407046564173,65.9034580812412,2021-08-01
MX-HID,2021,9,18.861478816559565,65.2612239922099,2021-09-01
MX-HID,2021,10,18.327683494209356,30.16996450039904,2021-10-01
MX-HID,2021,11,14.809463731650734,19.883971064993574,2021-11-01
MX-HID,2021,12,15.147927777549935,3.1845005234716974,2021-12-01
MX-HID,2022,1,13.559973989069782,8.945197879891788,2022-01-01
MX-HID,2022,2,14.069071199031267,8.661735914699658,2022-02-01
MX-HID,2022,3,17.10784340732159,5.8833741325865025,2022-03-01
MX-HID,2022,4,20.186621855272854,12.716388489241313,2022-04-01
MX-HID,2022,5,21.82296160490535,9.263325577727338,2022-05-01
MX-HID,2022,6,19.569428340121497,41.11116673996329,2022-06-01
MX-HID,2022,7,19.80626662130905,25.82800598224539,2022-07-01
MX-HID,2022,8,19.716115264766717,35.48150642037844,2022-08-01
MX-HID,2022,9,18.110019048398353,57.769367038262516,2022-09-01
MX-HID,2022,10,17.37516442695167,27.040882219249415,2022-10-01
MX-HID,2022,11,16.717362228028026,10.191873134992989,2022-11-01
MX-HID,2022,12,13.931730174991207,15.406405088317603,2022-12-01
MX-HID,2023,1,14.57632402881625,5.412727240676672,2023-01-01
MX-HID,2023,2,15.1205909129517,5.405716958907981,2023-02-01
MX-HID,2023,3,18.42868954899263,18.10459223197797,2023-03-01
MX-HID,2023,4,19.320547281832933,34.320759385426285,2023-04-01
MX-HID,2023,5,19.799249669835945,30.90031284524613,2023-05-01
MX-HID,2023,6,22.69472361305525,11.19085026368295,2023-06-01
MX-HID,2023,7,20.370851180595555,33.42196490031546,2023-07-01
MX-HID,2023,8,19.982863481789355,30.872665393658398,2023-08-01
MX-HID,2023,9,20.561107981353004,8.652130046237822,2023-09-01
MX-HID,2023,10,18.314342400300617,50.70532224112252,2023-10-01
MX-HID,2023,11,15.629353492527274,12.098507738525157,2023-11-01
MX-HID,2023,12,13.582455312853533,23.83059742700152,2023-12-01
MX-HID,2024,1,14.992514311523548,6.620211793308749,2024-01-01
MX-HID,2024,2,16.340513734581716,10.148381093445527,2024-02-01
MX-HID,2024,3,19.490744128691706,8.301651061144405,2024-03-01
MX-HID,2024,4,20.92569049695544,10.350484759137613,2024-04-01
MX-HID,2024,5,24.9885153050599,8.624982109995582,2024-05-01
MX-HID,2024,6,21.832352580756417,63.889426794442656,2024-06-01
MX-HID,2024,7,19.79407922070956,95.3291289105816,2024-07-01
MX-HID,2024,8,19.70973796727619,31.69297689455264,2024-08-01
MX-HID,2024,9,19.689582575922817,56.242773340164966,2024-09-01
MX-HID,2024,10,16.855383573082726,33.44206970581995,2024-10-01
MX-HID,2024,11,17.121011137955414,14.962637616455487,2024-11-01
MX-HID,2024,12,14.351298611614292,11.162293842738023,2024-12-01
MX-HID,2025,1,13.691963960901349,7.882652539124729,2025-01-01
MX-HID,2025,2,16.26855048900412,12.730268503382044,2025-02-01
MX-HID,2025,3,18.95802765686982,5.7126971701704,2025-03-01
MX-HID,2025,4,19.316940932512715,6.444762844422363,2025-04-01
MX-HID,2025,5,21.502529585536713,37.685142153355216,2025-05-01
MX-HID,2025,6,19.341964741655485,134.21580131005757,2025-06-01
MX-HID,2025,7,19.09628730327206,51.35697429850612,2025-07-01
MX-HID,2025,8,19.57419694254021,29.05197385221324,2025-08-01
MX-HID,2025,9,19.32701035198805,66.92043018248984,2025-09-01
MX-HID,2025,10,17.718197789780945,80.97855543278344,2025-10-01
MX-HID,2025,11,15.43407383400028,15.07826075262659,2025-11-01
MX-HID,2025,12,14.867386809750721,19.616300361148674,2025-12-01
MX-JAL,1990,1,17.172158451080914,3.927950050899489,1990-01-01
MX-JAL,1990,2,17.148723542161676,11.516976072813366,1990-02-01
MX-JAL,1990,3,19.6171744903127,1.4550726107790442,1990-03-01
MX-JAL,1990,4,21.936367254255508,1.0640123214400699,1990-04-01
MX-JAL,1990,5,23.171965111527985,17.56581032439691,1990-05-01
MX-JAL,1990,6,22.371548484630072,73.9803024227383,1990-06-01
MX-JAL,1990,7,20.648226465678082,97.29787530193526,1990-07-01
MX-JAL,1990,8,20.92501325013746,86.6841447816056,1990-08-01
MX-JAL,1990,9,20.511909064419942,66.79327207226805,1990-09-01
MX-JAL,1990,10,20.01366702712201,39.561562130460885,1990-10-01
MX-JAL,1990,11,19.07703227753951,1.8717674485424127,1990-11-01
MX-JAL,1990,12,17.493343224259668,1.0416400256368297,1990-12-01
MX-JAL,1991,1,16.717843835322796,0.669802526980768,1991-01-01
MX-JAL,1991,2,18.280854257625354,3.4434034039181576,1991-02-01
MX-JAL,1991,3,20.09906909835373,0.16646604579098925,1991-03-01
MX-JAL,1991,4,21.941138481793548,0.30319569722841194,1991-04-01
MX-JAL,1991,5,23.163473378507764,1.8766155459095988,1991-05-01
MX-JAL,1991,6,22.68785681962463,63.297495303616074,1991-06-01
MX-JAL,1991,7,20.337987565924763,114.64192896211613,1991-07-01
MX-JAL,1991,8,21.17893148315044,72.37594907122215,1991-08-01
MX-JAL,1991,9,20.33334330068897,83.75657929859031,1991-09-01
MX-JAL,1991,10,19.719285471611798,29.92688374485236,1991-10-01
MX-JAL,1991,11,18.180329048943545,15.809782044004045,1991-11-01
MX-JAL,1991,12,17.073380502419873,6.746361503144052,1991-12-01
MX-JAL,1992,1,14.916884710635312,81.17536016175377,1992-01-01
MX-JAL,1992,2,15.511061759788765,15.570361670342816,1992-02-01
MX-JAL,1992,3,19.475868585624916,0.9726831115948699,1992-03-01
MX-JAL,1992,4,20.494249603463928,4.277709951363848,1992-04-01
MX-JAL,1992,5,21.87660293673089,18.378289296248912,1992-05-01
MX-JAL,1992,6,23.466558065348618,37.54305017171164,1992-06-01
MX-JAL,1992,7,21.23685661439162,93.94569505929786,1992-07-01
MX-JAL,1992,8,20.81723714493562,90.65092405392014,1992-08-01
MX-JAL,1992,9,20.704129426003597,68.50466613154839,1992-09-01
MX-JAL,1992,10,19.5480657106946,52.59368033822052,1992-10-01
MX-JAL,1992,11,17.53397514748591,8.738999194901629,1992-11-01
MX-JAL,1992,12,17.759445684333485,11.294610241723875,1992-12-01
MX-JAL,1993,1,16.71968700109555,25.1556250335015,1993-01-01
MX-JAL,1993,2,17.14803418913551,0.1600827471852154,1993-02-01
MX-JAL,1993,3,18.761323687127497,0.14548991213575455,1993-03-01
MX-JAL,1993,4,20.906909197200253,1.4037693905624937,1993-04-01
MX-JAL,1993,5,21.993312828492677,2.5051608785123487,1993-05-01
MX-JAL,1993,6,23.019789050704784,85.42762324151938,1993-06-01
MX-JAL,1993,7,21.037193767845626,93.49008126819834,1993-07-01
MX-JAL,1993,8,21.20163593928639,81.11710695203797,1993-08-01
MX-JAL,1993,9,20.061408731779952,67.26031622060533,1993-09-01
MX-JAL,1993,10,20.707415348094106,27.010814242633177,1993-10-01
MX-JAL,1993,11,19.107037073062315,8.90688068404282,1993-11-01
MX-JAL,1993,12,17.62770852416482,0.22713865849119508,1993-12-01
MX-JAL,1994,1,17.159191373106655,1.5714088706973919,1994-01-01
MX-JAL,1994,2,18.77016079695744,0.6680291571344824,1994-02-01
MX-JAL,1994,3,20.34909723473665,0.35813378812035446,1994-03-01
MX-JAL,1994,4,21.810092062336448,1.5233505155889389,1994-04-01
MX-JAL,1994,5,23.858293470258474,5.882551200067821,1994-05-01
MX-JAL,1994,6,22.173059845485284,64.290187499696,1994-06-01
MX-JAL,1994,7,21.913521531792238,57.42634702543542,1994-07-01
MX-JAL,1994,8,20.903957097511064,86.65381380174891,1994-08-01
MX-JAL,1994,9,21.1744701417191,58.007844934030636,1994-09-01
MX-JAL,1994,10,20.679320236343322,40.5920945503759,1994-10-01
MX-JAL,1994,11,19.973268173999024,4.08098024964381,1994-11-01
MX-JAL,1994,12,18.62375448284613,1.7029944877289314,1994-12-01
MX-JAL,1995,1,17.722720330694543,1.0531238421637594,1995-01-01
MX-JAL,1995,2,19.276238922576535,2.1643566243921124,1995-02-01
MX-JAL,1995,3,20.236902155692178,0.1564289695463179,1995-03-01
MX-JAL,1995,4,21.490894094845835,0.2597970350728723,1995-04-01
MX-JAL,1995,5,23.584081639872803,9.514058766575758,1995-05-01
MX-JAL,1995,6,22.829489274886036,71.6733386975131,1995-06-01
MX-JAL,1995,7,21.285220174067533,95.48282134593275,1995-07-01
MX-JAL,1995,8,21.14895628903113,102.31182543368634,1995-08-01
MX-JAL,1995,9,21.01348254331949,97.03819761389498,1995-09-01
MX-JAL,1995,10,20.85553139244898,10.05717743822807,1995-10-01
MX-JAL,1995,11,19.603818992022912,8.930593179413364,1995-11-01
MX-JAL,1995,12,17.196476356333413,5.822837024385107,1995-12-01
MX-JAL,1996,1,16.582517716446215,0.045498480574441114,1996-01-01
MX-JAL,1996,2,18.884699755754472,1.012263069024832,1996-02-01
MX-JAL,1996,3,19.00755863250904,0.34350657661170997,1996-03-01
MX-JAL,1996,4,21.117773468728153,1.6436812109624175,1996-04-01
MX-JAL,1996,5,23.780967266438623,6.345559427201724,1996-05-01
MX-JAL,1996,6,22.16776551271145,76.81972678688835,1996-06-01
MX-JAL,1996,7,21.71478456316673,74.52992198848602,1996-07-01
MX-JAL,1996,8,21.086378994886722,112.60244195338421,1996-08-01
MX-JAL,1996,9,20.93577858887159,67.58701025726123,1996-09-01
MX-JAL,1996,10,20.1950797119239,65.20662782923938,1996-10-01
MX-JAL,1996,11,18.68493602856466,5.1018441918481345,1996-11-01
MX-JAL,1996,12,17.498808386797453,1.5522068687119184,1996-12-01
MX-JAL,1997,1,15.668213959920546,6.903566233406858,1997-01-01
MX-JAL,1997,2,17.94339779029354,2.0504768420192985,1997-02-01
MX-JAL,1997,3,19.44433367194232,6.783578020776898,1997-03-01
MX-JAL,1997,4,19.134991231434377,18.92531821965092,1997-04-01
MX-JAL,1997,5,22.491450611662398,16.243458726409344,1997-05-01
MX-JAL,1997,6,22.549724609072985,66.107816875757635,1997-06-01
MX-JAL,1997,7,22.014259285535157,73.15190779307255,1997-07-01
MX-JAL,1997,8,21.782765492606586,64.98555125528974,1997-08-01
MX-JAL,1997,9,21.472434212882778,75.92769371580789,1997-09-01
MX-JAL,1997,10,20.01425261867833,40.000328113197305,1997-10-01
MX-JAL,1997,11,19.073571330625384,11.326034345949518,1997-11-01
MX-JAL,1997,12,15.922106098543436,4.309903816438571,1997-12-01
MX-JAL,1998,1,15.92381213727397,0.9819768933513351,1998-01-01
MX-JAL,1998,2,16.041831694603765,0.9411603900740393,1998-02-01
MX-JAL,1998,3,19.447695471402447,0.15186937006819923,1998-03-01
MX-JAL,1998,4,22.052424262886785,0.026792264018582063,1998-04-01
MX-JAL,1998,5,24.12115098260122,1.442022144557129,1998-05-01
MX-JAL,1998,6,23.9126178442139,50.59017184269893,1998-06-01
MX-JAL,1998,7,22.103306816545807,91.1043878565767,1998-07-01
MX-JAL,1998,8,21.938949489453307,86.91200987057573,1998-08-01
MX-JAL,1998,9,21.276986359112957,114.82469754992772,1998-09-01
MX-JAL,1998,10,20.935924656121863,41.16374875178335,1998-10-01
MX-JAL,1998,11,20.10912971854922,4.938461066274987,1998-11-01
MX-JAL,1998,12,18.510861419723046,0.15162001602134798,1998-12-01
MX-JAL,1999,1,16.349577751748857,0.25293076834932915,1999-01-01
MX-JAL,1999,2,18.79155861216437,0.5553384458999868,1999-02-01
MX-JAL,1999,3,19.7218868226206,1.2155675246202067,1999-03-01
MX-JAL,1999,4,22.21655664048119,1.0744984637595485,1999-04-01
MX-JAL,1999,5,23.092847395104393,3.4005737301822037,1999-05-01
MX-JAL,1999,6,22.575312312621737,83.04961666630582,1999-06-01
MX-JAL,1999,7,21.21506727709496,84.66702948503232,1999-07-01
MX-JAL,1999,8,21.417626447513552,98.33952014008824,1999-08-01
MX-JAL,1999,9,21.48005596828592,81.28504240570643,1999-09-01
MX-JAL,1999,10,20.583408264353917,29.607899690645045,1999-10-01
MX-JAL,1999,11,18.2601933585983,1.4345531035773216,1999-11-01
MX-JAL,1999,12,15.777834793818315,0.3755588039467431,1999-12-01
MX-JAL,2000,1,16.8859557159309,0.03981711739377211,2000-01-01
MX-JAL,2000,2,18.38743592334253,1.0073099099546166,2000-02-01
MX-JAL,2000,3,19.82470779646223,0.424403114495125,2000-03-01
MX-JAL,2000,4,22.105342573936557,0.6011113598508784,2000-04-01
MX-JAL,2000,5,22.909906810538153,19.348687902291303,2000-05-01
MX-JAL,2000,6,21.750412316161224,78.95493852715806,2000-06-01
MX-JAL,2000,7,21.650887790443722,58.740083952079075,2000-07-01
MX-JAL,2000,8,21.257318200391374,65.02262450100766,2000-08-01
MX-JAL,2000,9,21.344985501998167,83.06524009278502,2000-09-01
MX-JAL,2000,10,21.10709747835644,26.431838900734594,2000-10-01
MX-JAL,2000,11,19.046217675385833,1.9909101819694777,2000-11-01
MX-JAL,2000,12,17.244284809320728,7.339755645082748,2000-12-01
MX-JAL,2001,1,17.09437898081445,1.0211078516147862,2001-01-01
MX-JAL,2001,2,18.888220421105196,0.981234744942997,2001-02-01
MX-JAL,2001,3,18.558198339979167,9.498668193811033,2001-03-01
MX-JAL,2001,4,22.465854726210747,2.6091087743793553,2001-04-01
MX-JAL,2001,5,23.342200161746224,9.73028657220096,2001-05-01
MX-JAL,2001,6,22.045889161055864,56.32478342655613,2001-06-01
MX-JAL,2001,7,21.511791404629562,81.34384870398972,2001-07-01
MX-JAL,2001,8,22.0485588666033,85.71297491968367,2001-08-01
MX-JAL,2001,9,21.31426800736118,63.03171021780465,2001-09-01
MX-JAL,2001,10,20.79073629280338,23.52468673517794,2001-10-01
MX-JAL,2001,11,18.28041658404937,1.118607494444369,2001-11-01
MX-JAL,2001,12,17.518284220981446,1.624541422111379,2001-12-01
MX-JAL,2002,1,16.769722138865216,4.297297182485827,2002-01-01
MX-JAL,2002,2,17.918256107008883,22.56436596394963,2002-02-01
MX-JAL,2002,3,20.554403896134414,0.3742826848268094,2002-03-01
MX-JAL,2002,4,22.694141999843964,2.3212228728648716,2002-04-01
MX-JAL,2002,5,23.9741325086145,9.71071524359246,2002-05-01
MX-JAL,2002,6,22.937107182260075,52.98347843309338,2002-06-01
MX-JAL,2002,7,21.524650362782985,88.27428970638641,2002-07-01
MX-JAL,2002,8,22.072529183190785,60.27852662173527,2002-08-01
MX-JAL,2002,9,21.544079145325142,67.31082331596231,2002-09-01
MX-JAL,2002,10,21.182889450418816,26.942245827412492,2002-10-01
MX-JAL,2002,11,18.221660886865504,29.994750226820653,2002-11-01
MX-JAL,2002,12,16.516265203352262,0.39480424789532054,2002-12-01
MX-JAL,2003,1,17.366347686081987,2.759184361402261,2003-01-01
MX-JAL,2003,2,18.194044721918228,1.4358886372029673,2003-02-01
MX-JAL,2003,3,19.63100471182041,0.1134235051285307,2003-03-01
MX-JAL,2003,4,22.751144836352772,0.827231782489927,2003-04-01
MX-JAL,2003,5,24.43092592839598,4.915051531170301,2003-05-01
MX-JAL,2003,6,22.550675247370556,108.5049455779755,2003-06-01
MX-JAL,2003,7,21.811218984455337,70.37731386598058,2003-07-01
MX-JAL,2003,8,21.511559533101874,82.54487146162852,2003-08-01
MX-JAL,2003,9,21.15971332979264,98.00070397688803,2003-09-01
MX-JAL,2003,10,20.451921315540893,34.44007102290085,2003-10-01
MX-JAL,2003,11,20.231468808630016,2.19969225712075,2003-11-01
MX-JAL,2003,12,16.650184365922755,0.22681826724619425,2003-12-01
MX-JAL,2004,1,15.663056642424081,29.021682222327584,2004-01-01
MX-JAL,2004,2,16.585567060856736,0.20401655819621603,2004-02-01
MX-JAL,2004,3,20.458135683275817,6.2447564734476,2004-03-01
MX-JAL,2004,4,20.814217286109905,1.269036622807304,2004-04-01
MX-JAL,2004,5,22.40360329589453,16.19943867406889,2004-05-01
MX-JAL,2004,6,21.508958966772386,95.34647716218927,2004-06-01
MX-JAL,2004,7,21.5201266425302,72.42793754335636,2004-07-01
MX-JAL,2004,8,21.57571583663857,80.09170691684491,2004-08-01
MX-JAL,2004,9,20.927352653203904,81.5910767967154,2004-09-01
MX-JAL,2004,10,21.158068087522864,23.652996925150433,2004-10-01
MX-JAL,2004,11,18.64174159648328,2.26998645537673,2004-11-01
MX-JAL,2004,12,16.67809499900664,2.3255936913628514,2004-12-01
MX-JAL,2005,1,17.221730816380816,3.2752090786307364,2005-01-01
MX-JAL,2005,2,17.996797088807615,8.791674892847041,2005-02-01
MX-JAL,2005,3,18.05233959131599,4.684978941692285,2005-03-01
MX-JAL,2005,4,22.056035450885254,0.19886585751310226,2005-04-01
MX-JAL,2005,5,22.33385862563398,1.2928060029519344,2005-05-01
MX-JAL,2005,6,23.94067231145255,25.153152111551762,2005-06-01
MX-JAL,2005,7,22.07458090923758,96.57821401926805,2005-07-01
MX-JAL,2005,8,21.426825047859044,84.31447808154711,2005-08-01
MX-JAL,2005,9,21.7682486238829,60.77524248633924,2005-09-01
MX-JAL,2005,10,21.05741453072358,22.851645092360133,2005-10-01
MX-JAL,2005,11,18.926242962215657,1.6542464698078008,2005-11-01
MX-JAL,2005,12,17.27384959212678,0.679879780853022,2005-12-01
MX-JAL,2006,1,17.252390688655975,1.885815678222208,2006-01-01
MX-JAL,2006,2,18.70304332172623,0.41500409198066435,2006-02-01
MX-JAL,2006,3,20.03332944941554,0.6984949002131982,2006-03-01
MX-JAL,2006,4,22.377582453404937,1.3392065987153603,2006-04-01
MX-JAL,2006,5,22.721918824852963,10.325066144140123,2006-05-01
MX-JAL,2006,6,22.821214028871783,60.82981784598271,2006-06-01
MX-JAL,2006,7,21.985235063112604,80.13340983317923,2006-07-01
MX-JAL,2006,8,21.345577171013996,96.6795511548181,2006-08-01
MX-JAL,2006,9,21.030726670460233,93.20792283770956,2006-09-01
MX-JAL,2006,10,20.70670106030621,46.566614620096665,2006-10-01
MX-JAL,2006,11,18.528219054028952,10.046843330304895,2006-11-01
MX-JAL,2006,12,16.290839313070837,3.7996745047245923,2006-12-01
MX-JAL,2007,1,16.882979848644318,8.222250586960042,2007-01-01
MX-JAL,2007,2,17.337610200314185,4.912527400942088,2007-02-01
MX-JAL,2007,3,20.11355383606215,0.17897927795086843,2007-03-01
MX-JAL,2007,4,21.093986013545283,1.7829378313149076,2007-04-01
MX-JAL,2007,5,22.949578450659047,2.0015043717756926,2007-05-01
MX-JAL,2007,6,22.600371108437063,65.78570705132036,2007-06-01
MX-JAL,2007,7,21.515786361189367,87.38476339978489,2007-07-01
MX-JAL,2007,8,21.51851171762293,105.20794417868332,2007-08-01
MX-JAL,2007,9,21.306110858115815,78.60830415135489,2007-09-01
MX-JAL,2007,10,20.59627004614605,29.461101611922093,2007-10-01
MX-JAL,2007,11,18.8367129877563,3.4369860068101925,2007-11-01
MX-JAL,2007,12,17.748751486872692,2.229290436139716,2007-12-01
MX-JAL,2008,1,16.631774571674942,0.18503379354395125,2008-01-01
MX-JAL,2008,2,17.842704104146137,1.0382498696537583,2008-02-01
MX-JAL,2008,3,18.602266434037663,0.03025948728747478,2008-03-01
MX-JAL,2008,4,21.892534431559422,2.1693482848943515,2008-04-01
MX-JAL,2008,5,22.769886605818346,5.457797596898953,2008-05-01
MX-JAL,2008,6,22.29127562129984,69.22579088671871,2008-06-01
MX-JAL,2008,7,21.045462296299174,117.60921263633536,2008-07-01
MX-JAL,2008,8,21.218097668688092,93.27778124666297,2008-08-01
MX-JAL,2008,9,21.112447272234682,81.77036555917904,2008-09-01
MX-JAL,2008,10,20.506417575788983,30.132299834171548,2008-10-01
MX-JAL,2008,11,18.149018685887164,0.9088857793848208,2008-11-01
MX-JAL,2008,12,16.806567281232468,0.20317470291809134,2008-12-01
MX-JAL,2009,1,17.52239007847081,3.71096284702778,2009-01-01
MX-JAL,2009,2,18.520186423863038,0.05574953047070295,2009-02-01
MX-JAL,2009,3,20.114418617573097,0.682265039363294,2009-03-01
MX-JAL,2009,4,21.474474541587142,0.42475058923572107,2009-04-01
MX-JAL,2009,5,22.73909538753425,15.266515294731299,2009-05-01
MX-JAL,2009,6,22.954746278481586,57.61545197177629,2009-06-01
MX-JAL,2009,7,22.418231768048802,73.24990804219469,2009-07-01
MX-JAL,2009,8,22.401967798626966,71.55272291552298,2009-08-01
MX-JAL,2009,9,21.844027309739424,83.34983910300319,2009-09-01
MX-JAL,2009,10,21.044041822177853,32.019594078479365,2009-10-01
MX-JAL,2009,11,18.391382542168838,2.0354253581014907,2009-11-01
MX-JAL,2009,12,16.596904577285187,9.883754303878348,2009-12-01
MX-JAL,2010,1,15.967569128505982,4.875219414981721,2010-01-01
MX-JAL,2010,2,15.707899497637522,44.08480192331644,2010-02-01
MX-JAL,2010,3,18.78557049393796,0.2042743075114392,2010-03-01
MX-JAL,2010,4,20.562761028795066,0.7837287432809427,2010-04-01
MX-JAL,2010,5,23.11995433662212,1.1673068321765765,2010-05-01
MX-JAL,2010,6,23.37139095506904,52.34375374720078,2010-06-01
MX-JAL,2010,7,21.47170413994345,136.07153348797684,2010-07-01
MX-JAL,2010,8,22.19911433664343,111.68266619730973,2010-08-01
MX-JAL,2010,9,21.79748447932202,99.1618839133174,2010-09-01
MX-JAL,2010,10,20.584345756475553,5.805114996011637,2010-10-01
MX-JAL,2010,11,18.049198790788363,0.40064460014992026,2010-11-01
MX-JAL,2010,12,16.02858701614912,0.18219306669741153,2010-12-01
MX-JAL,2011,1,16.31674322561847,0.3384732534972699,2011-01-01
MX-JAL,2011,2,18.137072983527965,0.294113543906042,2011-02-01
MX-JAL,2011,3,20.15971546831176,0.34944369313370477,2011-03-01
MX-JAL,2011,4,22.34547255522708,0.7996248297017123,2011-04-01
MX-JAL,2011,5,24.029877198304902,3.220413103310642,2011-05-01
MX-JAL,2011,6,23.767387464950783,46.01495682442571,2011-06-01
MX-JAL,2011,7,21.784786742773246,117.66195863417491,2011-07-01
MX-JAL,2011,8,22.26547620382956,91.43657652083925,2011-08-01
MX-JAL,2011,9,21.960662994871413,57.42604201915494,2011-09-01
MX-JAL,2011,10,20.680396666624993,53.14747266439733,2011-10-01
MX-JAL,2011,11,18.950107544235138,1.3159075427906295,2011-11-01
MX-JAL,2011,12,17.621571423943834,0.23401262052590371,2011-12-01
MX-JAL,2012,1,17.061226287890754,1.4631493876988109,2012-01-01
MX-JAL,2012,2,17.30078448271857,23.8561104876449,2012-02-01
MX-JAL,2012,3,19.936197886211772,1.1949253537174072,2012-03-01
MX-JAL,2012,4,20.697002875784293,0.3757678217770301,2012-04-01
MX-JAL,2012,5,23.173479826304366,9.032724633894322,2012-05-01
MX-JAL,2012,6,22.944937439397805,49.20347759238604,2012-06-01
MX-JAL,2012,7,21.550954534858253,88.25557364633313,2012-07-01
MX-JAL,2012,8,21.665231291349603,102.14267472811656,2012-08-01
MX-JAL,2012,9,21.46366370671495,53.1270588862496,2012-09-01
MX-JAL,2012,10,21.76563108558427,21.40524628425552,2012-10-01
MX-JAL,2012,11,19.447567993858875,9.983349746413337,2012-11-01
MX-JAL,2012,12,18.009682768697708,1.5796205490537352,2012-12-01
MX-JAL,2013,1,16.892177634468695,28.777776867803063,2013-01-01
MX-JAL,2013,2,18.547314657674043,0.06680082767727197,2013-02-01
MX-JAL,2013,3,19.16833487169172,1.908688184996995,2013-03-01
MX-JAL,2013,4,21.52652721796096,0.12979101278032668,2013-04-01
MX-JAL,2013,5,22.742368288957778,5.42799900128847,2013-05-01
MX-JAL,2013,6,22.98875863011029,50.118776092791286,2013-06-01
MX-JAL,2013,7,21.41733230188257,92.99412416706876,2013-07-01
MX-JAL,2013,8,21.65081542872585,71.92313282287523,2013-08-01
MX-JAL,2013,9,21.047217797409825,129.58666502775452,2013-09-01
MX-JAL,2013,10,21.021232255453974,33.37196648502784,2013-10-01
MX-JAL,2013,11,18.90538524225907,19.957558125473476,2013-11-01
MX-JAL,2013,12,17.296008104990374,25.76911308966796,2013-12-01
MX-JAL,2014,1,16.152174389791735,4.347317332814445,2014-01-01
MX-JAL,2014,2,18.703396797170203,0.13857202411590872,2014-02-01
MX-JAL,2014,3,19.729176747347907,1.2300249034282376,2014-03-01
MX-JAL,2014,4,21.902018124150853,2.2876501186186755,2014-04-01
MX-JAL,2014,5,22.55357583330858,35.18800352656012,2014-05-01
MX-JAL,2014,6,22.590203599123,82.7359935683031,2014-06-01
MX-JAL,2014,7,21.731311690805647,69.97041939372797,2014-07-01
MX-JAL,2014,8,21.658618113203037,76.20060095916547,2014-08-01
MX-JAL,2014,9,21.159607002049718,92.3216406963518,2014-09-01
MX-JAL,2014,10,21.089923654014676,41.3256754620578,2014-10-01
MX-JAL,2014,11,18.102781737745946,22.454812046512476,2014-11-01
MX-JAL,2014,12,17.325653332482123,3.400575966027942,2014-12-01
MX-JAL,2015,1,17.70453379705871,3.4133025843940477,2015-01-01
MX-JAL,2015,2,17.603581226652828,17.022936617917328,2015-02-01
MX-JAL,2015,3,18.437509699184588,39.951382413112285,2015-03-01
MX-JAL,2015,4,21.576434860410988,4.278662277116814,2015-04-01
MX-JAL,2015,5,22.742053605195757,16.975453543555783,2015-05-01
MX-JAL,2015,6,22.618852268811874,63.33806654131271,2015-06-01
MX-JAL,2015,7,21.75120672480969,59.95247754801182,2015-07-01
MX-JAL,2015,8,22.166684636038866,63.25516225831984,2015-08-01
MX-JAL,2015,9,21.81551061005126,72.76143598050699,2015-09-01
MX-JAL,2015,10,21.234363334214844,55.021430600617485,2015-10-01
MX-JAL,2015,11,20.70392101015384,12.405458829731506,2015-11-01
MX-JAL,2015,12,17.820199004577503,15.053317732986178,2015-12-01
MX-JAL,2016,1,15.908721224900427,2.7875242039521595,2016-01-01
MX-JAL,2016,2,18.590030093603943,1.2788100163023979,2016-02-01
MX-JAL,2016,3,18.959575147622967,8.173743056270062,2016-03-01
MX-JAL,2016,4,21.85991671486457,0.9319214373680632,2016-04-01
MX-JAL,2016,5,23.857503642201216,8.283059900950098,2016-05-01
MX-JAL,2016,6,22.735122455418058,59.757600111952094,2016-06-01
MX-JAL,2016,7,21.656287360939437,83.36848638193655,2016-07-01
MX-JAL,2016,8,21.66993644800568,86.54209820137035,2016-08-01
MX-JAL,2016,9,21.789708840866172,77.34065676231974,2016-09-01
MX-JAL,2016,10,21.392333139933513,28.11642240172794,2016-10-01
MX-JAL,2016,11,19.126443566188467,11.78875943728714,2016-11-01
MX-JAL,2016,12,18.445863209889367,3.6637885213651735,2016-12-01
MX-JAL,2017,1,17.458349817631365,0.6268247656497871,2017-01-01
MX-JAL,2017,2,18.377517783114076,1.030263060906501,2017-02-01
MX-JAL,2017,3,20.348499584505184,4.283724008296312,2017-03-01
MX-JAL,2017,4,21.366371739938906,0.4815159190987228,2017-04-01
MX-JAL,2017,5,23.596377346754075,2.245963830240913,2017-05-01
MX-JAL,2017,6,23.61584638575051,38.82364557242242,2017-06-01
MX-JAL,2017,7,21.66968904225077,86.32414919982894,2017-07-01
MX-JAL,2017,8,22.19882279546786,113.07938542780609,2017-08-01
MX-JAL,2017,9,21.402005571263278,94.19374511172256,2017-09-01
MX-JAL,2017,10,21.087905833192032,32.17866250103447,2017-10-01
MX-JAL,2017,11,19.862183516984995,2.122842476049053,2017-11-01
MX-JAL,2017,12,17.222778199299373,6.820033917677315,2017-12-01
MX-JAL,2018,1,16.64212352514836,5.79887712349101,2018-01-01
MX-JAL,2018,2,18.927520091763395,7.914646054575053,2018-02-01
MX-JAL,2018,3,20.8316576539663,0.18591400227439406,2018-03-01
MX-JAL,2018,4,21.758199893394373,0.8086020709847161,2018-04-01
MX-JAL,2018,5,23.33557282666302,21.68193464074114,2018-05-01
MX-JAL,2018,6,22.332821588162968,83.54216732001653,2018-06-01
MX-JAL,2018,7,22.084588635210302,59.15907424127677,2018-07-01
MX-JAL,2018,8,21.560732659653027,83.30383392473932,2018-08-01
MX-JAL,2018,9,21.255083790988433,85.18869840818736,2018-09-01
MX-JAL,2018,10,20.651829397728044,60.47959070083364,2018-10-01
MX-JAL,2018,11,18.300582606668392,20.662825727581016,2018-11-01
MX-JAL,2018,12,16.553121931421412,2.1235086086330206,2018-12-01
MX-JAL,2019,1,17.40421211238594,3.7012896599163523,2019-01-01
MX-JAL,2019,2,19.094769442549048,0.6085405857000552,2019-02-01
MX-JAL,2019,3,20.749922666170754,0.434383534461269,2019-03-01
MX-JAL,2019,4,21.331725395340086,0.13904754973586617,2019-04-01
MX-JAL,2019,5,23.28793625278515,1.4212940259847706,2019-05-01
MX-JAL,2019,6,23.558874429251556,30.439192689944168,2019-06-01
MX-JAL,2019,7,21.853704503798372,80.73171227450354,2019-07-01
MX-JAL,2019,8,22.324695219623752,70.09430372303979,2019-08-01
MX-JAL,2019,9,21.80599490594847,108.43731822809143,2019-09-01
MX-JAL,2019,10,21.147692976431777,59.23301483922037,2019-10-01
MX-JAL,2019,11,20.053512087706007,14.149651779956683,2019-11-01
MX-JAL,2019,12,17.80235041999598,3.563828479032278,2019-12-01
MX-JAL,2020,1,17.24952909636085,16.471421701871,2020-01-01
MX-JAL,2020,2,18.374163780892903,19.480714497743357,2020-02-01
MX-JAL,2020,3,21.38731637979452,2.06485675401853,2020-03-01
MX-JAL,2020,4,22.46268830877079,0.9134557639286243,2020-04-01
MX-JAL,2020,5,22.68800034326385,6.7254734046810976,2020-05-01
MX-JAL,2020,6,23.200887084823346,42.10860507748063,2020-06-01
MX-JAL,2020,7,22.14712785332978,87.70268225368632,2020-07-01
MX-JAL,2020,8,21.821146118066704,106.74708935002737,2020-08-01
MX-JAL,2020,9,21.708922126292144,84.03426598962866,2020-09-01
MX-JAL,2020,10,21.735568185925185,14.422796510242465,2020-10-01
MX-JAL,2020,11,20.077523399865743,0.5294231653215897,2020-11-01
MX-JAL,2020,12,17.371881985948324,5.78757667871667,2020-12-01
MX-JAL,2021,1,17.04845234188852,1.1945697171269447,2021-01-01
MX-JAL,2021,2,18.297649455178583,0.1298399448947029,2021-02-01
MX-JAL,2021,3,20.505486284118412,0.08320708752930467,2021-03-01
MX-JAL,2021,4,21.8770419261113,0.4652289524242181,2021-04-01
MX-JAL,2021,5,22.76240054824289,10.156123070370814,2021-05-01
MX-JAL,2021,6,21.98846420094373,98.38393056076696,2021-06-01
MX-JAL,2021,7,21.62360268915789,105.09947282997597,2021-07-01
MX-JAL,2021,8,21.5299255843925,107.84227015337942,2021-08-01
MX-JAL,2021,9,20.951360832888916,90.63675770239705,2021-09-01
MX-JAL,2021,10,21.169603160474924,29.882499529890108,2021-10-01
MX-JAL,2021,11,19.052895706236182,4.013561302821083,2021-11-01
MX-JAL,2021,12,18.198982444311206,1.0685376650207943,2021-12-01
MX-JAL,2022,1,17.80089549191901,0.7154835356781584,2022-01-01
MX-JAL,2022,2,18.37608629860858,0.5241806259998778,2022-02-01
MX-JAL,2022,3,19.684708823485675,0.20229437018246926,2022-03-01
MX-JAL,2022,4,21.914066821416494,1.6484327157736738,2022-04-01
MX-JAL,2022,5,23.675750089036097,1.8385105454227182,2022-05-01
MX-JAL,2022,6,22.409207171268328,58.83368511146387,2022-06-01
MX-JAL,2022,7,21.953774496472455,95.93168265059435,2022-07-01
MX-JAL,2022,8,21.440191066181246,95.85574477934968,2022-08-01
MX-JAL,2022,9,21.366326667213958,70.59273039226748,2022-09-01
MX-JAL,2022,10,20.76975420260602,33.40075283298461,2022-10-01
MX-JAL,2022,11,19.367904185969255,1.9689633467373853,2022-11-01
MX-JAL,2022,12,17.649850948603277,2.1853719984419944,2022-12-01
MX-JAL,2023,1,17.142720996221737,0.40766447395128025,2023-01-01
MX-JAL,2023,2,18.752884180024427,0.061811473690043105,2023-02-01
MX-JAL,2023,3,20.27032932736633,0.3529469034471953,2023-03-01
MX-JAL,2023,4,21.48869913458889,0.9828336933001283,2023-04-01
MX-JAL,2023,5,23.01877859448617,2.6706842441996494,2023-05-01
MX-JAL,2023,6,25.285332697170574,22.874640310903917,2023-06-01
MX-JAL,2023,7,22.901783593767636,85.6182347826724,2023-07-01
MX-JAL,2023,8,22.499944383203875,74.75671743999067,2023-08-01
MX-JAL,2023,9,23.093748079126613,49.32467870826303,2023-09-01
MX-JAL,2023,10,21.251169723467097,61.746091965175715,2023-10-01
MX-JAL,2023,11,20.20590086022177,13.74442421291087,2023-11-01
MX-JAL,2023,12,17.25806484420901,10.822604680402343,2023-12-01
MX-JAL,2024,1,17.78248404186019,0.8931508346823458,2024-01-01
MX-JAL,2024,2,18.686590298226175,9.658182639666,2024-02-01
MX-JAL,2024,3,20.465868091452236,0.021015135950554036,2024-03-01
MX-JAL,2024,4,22.51181624543771,0.11879588916622896,2024-04-01
MX-JAL,2024,5,25.066319347822017,0.6138809651977256,2024-05-01
MX-JAL,2024,6,24.12150570165351,50.26795897203324,2024-06-01
MX-JAL,2024,7,22.05375490266181,118.39089809586508,2024-07-01
MX-JAL,2024,8,22.125458431623915,86.54497261363355,2024-08-01
MX-JAL,2024,9,22.34791020788344,80.79742410659749,2024-09-01
MX-JAL,2024,10,21.3648857065333,23.822865720275722,2024-10-01
MX-JAL,2024,11,20.581783028205088,3.7505394612088883,2024-11-01
MX-JAL,2024,12,18.31592425850956,1.7763680576208818,2024-12-01
MX-JAL,2025,1,17.659105650001617,4.224356215792103,2025-01-01
MX-JAL,2025,2,19.780394498457927,0.6309271219142765,2025-02-01
MX-JAL,2025,3,20.460309262160788,0.029504929011285676,2025-03-01
MX-JAL,2025,4,21.734114485696086,0.10357607746200471,2025-04-01
MX-JAL,2025,5,23.862924686653404,7.5968204339836,2025-05-01
MX-JAL,2025,6,22.562408027259934,96.74679385391903,2025-06-01
MX-JAL,2025,7,21.738027179205183,76.1507220723069,2025-07-01
MX-JAL,2025,8,21.8188464005286,80.55451407969956,2025-08-01
MX-JAL,2025,9,22.014785792615104,84.05399617360392,2025-09-01
MX-JAL,2025,10,21.719374576479076,27.62084955337872,2025-10-01
MX-JAL,2025,11,19.975176831273036,1.428677800482034,2025-11-01
MX-JAL,2025,12,18.573457268687,5.708586300867847,2025-12-01
MX-MEX,1990,1,12.15333382221562,10.287315240877712,1990-01-01
MX-MEX,1990,2,12.981442169658914,12.604932794231924,1990-02-01
MX-MEX,1990,3,14.729810304113558,9.385977260446115,1990-03-01
MX-MEX,1990,4,16.08452396548661,26.855793195477283,1990-04-01
MX-MEX,1990,5,16.95211817864779,55.15090094665075,1990-05-01
MX-MEX,1990,6,16.13166652271147,105.90367351577261,1990-06-01
MX-MEX,1990,7,15.255990845006863,119.77431577296271,1990-07-01
MX-MEX,1990,8,15.406626861550913,106.1395218229185,1990-08-01
MX-MEX,1990,9,15.081249668832617,80.65235635360331,1990-09-01
MX-MEX,1990,10,14.565401038297916,61.901951909689096,1990-10-01
MX-MEX,1990,11,13.496099720897682,8.890477073086688,1990-11-01
MX-MEX,1990,12,11.931097478456572,6.794235479037174,1990-12-01
MX-MEX,1991,1,11.914993453880639,2.184440467358394,1991-01-01
MX-MEX,1991,2,13.716871327137913,5.502415549280191,1991-02-01
MX-MEX,1991,3,16.530156474868093,1.8501254682053465,1991-03-01
MX-MEX,1991,4,17.58991548365038,6.212044177922353,1991-04-01
MX-MEX,1991,5,17.336885251680037,41.92745291291261,1991-05-01
MX-MEX,1991,6,16.45179294740551,133.11973051243146,1991-06-01
MX-MEX,1991,7,15.041108948572546,110.81982847557293,1991-07-01
MX-MEX,1991,8,15.452079016204413,92.48651349147244,1991-08-01
MX-MEX,1991,9,14.773782797110437,91.93891103034599,1991-09-01
MX-MEX,1991,10,13.922665605059173,60.31063110244918,1991-10-01
MX-MEX,1991,11,12.396604703324831,12.316689759320246,1991-11-01
MX-MEX,1991,12,11.912491359868238,8.931030193308022,1991-12-01
MX-MEX,1992,1,10.797179280400504,42.694834575821375,1992-01-01
MX-MEX,1992,2,11.275403462484997,10.55947243786245,1992-02-01
MX-MEX,1992,3,15.163443202164595,2.068091817801063,1992-03-01
MX-MEX,1992,4,15.22828829057579,20.8483320834754,1992-04-01
MX-MEX,1992,5,15.33161068613723,61.21252156122627,1992-05-01
MX-MEX,1992,6,16.957364339336753,54.1209164765029,1992-06-01
MX-MEX,1992,7,15.24715991171749,105.60839271345823,1992-07-01
MX-MEX,1992,8,15.116808737169457,122.11039215208915,1992-08-01
MX-MEX,1992,9,14.831745593622847,92.24868297449345,1992-09-01
MX-MEX,1992,10,14.010864389252038,61.17914853367273,1992-10-01
MX-MEX,1992,11,12.522973579068159,27.873527040156755,1992-11-01
MX-MEX,1992,12,12.577752333244565,3.3582495171162137,1992-12-01
MX-MEX,1993,1,12.247067784425976,6.959533501165468,1993-01-01
MX-MEX,1993,2,13.500976411610079,3.0613562441918694,1993-02-01
MX-MEX,1993,3,14.295931908372681,1.765539014750984,1993-03-01
MX-MEX,1993,4,16.21080874346325,12.665441497693744,1993-04-01
MX-MEX,1993,5,16.80049916816709,10.720812761767403,1993-05-01
MX-MEX,1993,6,17.35249473556163,83.24030750602662,1993-06-01
MX-MEX,1993,7,15.35862377114562,93.27704873716863,1993-07-01
MX-MEX,1993,8,15.316256998367146,92.66201292187239,1993-08-01
MX-MEX,1993,9,14.38681688275318,103.17273245788621,1993-09-01
MX-MEX,1993,10,14.646533716646696,34.352191112811745,1993-10-01
MX-MEX,1993,11,13.721665240313477,12.564444155361308,1993-11-01
MX-MEX,1993,12,12.229544905495334,0.46500583334050594,1993-12-01
MX-MEX,1994,1,12.00379446181251,5.23357999593176,1994-01-01
MX-MEX,1994,2,13.809242000370414,2.9973728519762313,1994-02-01
MX-MEX,1994,3,15.80443157146853,7.369473202284884,1994-03-01
MX-MEX,1994,4,16.21849733438165,19.810877519478794,1994-04-01
MX-MEX,1994,5,17.619859075056343,24.037277306358433,1994-05-01
MX-MEX,1994,6,15.954886145473065,99.93552885619354,1994-06-01
MX-MEX,1994,7,15.363077930252146,83.45913849498132,1994-07-01
MX-MEX,1994,8,15.126082187244581,127.37369713743838,1994-08-01
MX-MEX,1994,9,14.929313944788541,87.51008297718086,1994-09-01
MX-MEX,1994,10,14.936856679259575,50.464311022088644,1994-10-01
MX-MEX,1994,11,13.857517410208542,5.043205530831066,1994-11-01
MX-MEX,1994,12,13.27626970416127,6.909025236283746,1994-12-01
MX-MEX,1995,1,12.724056482754651,9.366228941164612,1995-01-01
MX-MEX,1995,2,13.5827016616099,12.363865579464358,1995-02-01
MX-MEX,1995,3,15.419946971478435,6.536090649388461,1995-03-01
MX-MEX,1995,4,16.99860120361861,11.374516717844289,1995-04-01
MX-MEX,1995,5,17.551516614585896,63.44566774113816,1995-05-01
MX-MEX,1995,6,16.57440247988435,119.14123199560856,1995-06-01
MX-MEX,1995,7,15.310174876691525,114.91872799363095,1995-07-01
MX-MEX,1995,8,15.557733350624456,122.00977795944766,1995-08-01
MX-MEX,1995,9,15.285237785854122,86.4705661289932,1995-09-01
MX-MEX,1995,10,14.118560463476802,27.889422756278318,1995-10-01
MX-MEX,1995,11,13.444736443240059,20.222066697130536,1995-11-01
MX-MEX,1995,12,11.973844115127955,14.017600241082784,1995-12-01
MX-MEX,1996,1,11.262486670331677,0.4769323421456782,1996-01-01
MX-MEX,1996,2,13.59248552226605,3.7961106580552224,1996-02-01
MX-MEX,1996,3,14.339861220269873,3.2197269668022357,1996-03-01
MX-MEX,1996,4,16.140067346705116,11.633808678171318,1996-04-01
MX-MEX,1996,5,17.401524712347243,34.731556300713926,1996-05-01
MX-MEX,1996,6,15.49170684610588,100.8838092481947,1996-06-01
MX-MEX,1996,7,15.582714611881666,95.47842129822247,1996-07-01
MX-MEX,1996,8,15.137971880478233,95.73842776151209,1996-08-01
MX-MEX,1996,9,15.699559220449498,81.11497192816219,1996-09-01
MX-MEX,1996,10,14.949698923620947,49.1417533807921,1996-10-01
MX-MEX,1996,11,12.992702404930446,3.739164577937821,1996-11-01
MX-MEX,1996,12,12.17438534471126,14.655058126208488,1996-12-01
MX-MEX,1997,1,10.871218216008433,6.438338638739252,1997-01-01
MX-MEX,1997,2,13.421666089670998,3.130926445799571,1997-02-01
MX-MEX,1997,3,14.742524962968039,19.53794803752379,1997-03-01
MX-MEX,1997,4,15.296320698777395,24.417167802777136,1997-04-01
MX-MEX,1997,5,16.027605723537526,52.78485460125389,1997-05-01
MX-MEX,1997,6,16.7329914932643,73.6585077423114,1997-06-01
MX-MEX,1997,7,15.925380196925536,103.95413545522025,1997-07-01
MX-MEX,1997,8,15.330184087413892,79.81358644314425,1997-08-01
MX-MEX,1997,9,15.305240256586071,102.53018938257847,1997-09-01
MX-MEX,1997,10,14.218013987418026,55.157094279288344,1997-10-01
MX-MEX,1997,11,13.374683214024921,23.783129889503602,1997-11-01
MX-MEX,1997,12,11.808573956175836,8.506588728747788,1997-12-01
MX-MEX,1998,1,10.63107492843068,2.998339613963972,1998-01-01
MX-MEX,1998,2,11.601989658988801,1.2452052489973915,1998-02-01
MX-MEX,1998,3,15.200554901349417,0.09857790209429387,1998-03-01
MX-MEX,1998,4,18.144713641712357,1.2269284133061902,1998-04-01
MX-MEX,1998,5,19.377230582914958,9.38851898731065,1998-05-01
MX-MEX,1998,6,18.037915175863137,60.60952993469848,1998-06-01
MX-MEX,1998,7,16.260989474482063,108.13619192436171,1998-07-01
MX-MEX,1998,8,15.859635789996725,126.71249090454425,1998-08-01
MX-MEX,1998,9,15.967076975212585,135.04915211257617,1998-09-01
MX-MEX,1998,10,15.097507079625668,76.42889525582952,1998-10-01
MX-MEX,1998,11,14.313600750520688,15.552429126415536,1998-11-01
MX-MEX,1998,12,12.834575778509736,1.049337827154963,1998-12-01
MX-MEX,1999,1,11.306826127765744,2.038217996543131,1999-01-01
MX-MEX,1999,2,13.293509298954202,6.313696670822308,1999-02-01
MX-MEX,1999,3,15.00939328575507,8.67473673094807,1999-03-01
MX-MEX,1999,4,17.609356503923056,7.924163074911366,1999-04-01
MX-MEX,1999,5,17.49139595312442,28.268261656695366,1999-05-01
MX-MEX,1999,6,17.168532156312917,75.21278066198144,1999-06-01
MX-MEX,1999,7,15.364489012903645,103.64928407816836,1999-07-01
MX-MEX,1999,8,15.714311268139376,115.32109161809007,1999-08-01
MX-MEX,1999,9,15.382849941906654,72.05675012974872,1999-09-01
MX-MEX,1999,10,13.639757736738485,47.644237102009825,1999-10-01
MX-MEX,1999,11,11.968542466965065,6.455992572769223,1999-11-01
MX-MEX,1999,12,10.474247948967232,1.5681953762490717,1999-12-01
MX-MEX,2000,1,11.849966114918278,0.4334113268693103,2000-01-01
MX-MEX,2000,2,13.259289249600645,6.147807976250559,2000-02-01
MX-MEX,2000,3,15.330833410952117,4.928121641159193,2000-03-01
MX-MEX,2000,4,17.302090639598667,7.494334373072191,2000-04-01
MX-MEX,2000,5,17.15237856753147,57.2758188888581,2000-05-01
MX-MEX,2000,6,15.877315830461551,107.36671777144343,2000-06-01
MX-MEX,2000,7,15.572637418016704,78.09220154362546,2000-07-01
MX-MEX,2000,8,15.037707031963096,97.25639705668145,2000-08-01
MX-MEX,2000,9,15.334756487173548,88.02812514552502,2000-09-01
MX-MEX,2000,10,14.75333146314929,36.10190900028613,2000-10-01
MX-MEX,2000,11,13.624107796810186,12.985098819685415,2000-11-01
MX-MEX,2000,12,11.328411201173196,3.6187505585316027,2000-12-01
MX-MEX,2001,1,12.072124414160927,3.226830340451259,2001-01-01
MX-MEX,2001,2,13.58538719284466,7.934311663879672,2001-02-01
MX-MEX,2001,3,14.122288884601035,10.69913777312675,2001-03-01
MX-MEX,2001,4,17.005203206566645,25.597583395780255,2001-04-01
MX-MEX,2001,5,16.480553617773545,43.9653071906229,2001-05-01
MX-MEX,2001,6,15.721902481088387,98.95436087152768,2001-06-01
MX-MEX,2001,7,15.293551151001644,109.44456227649668,2001-07-01
MX-MEX,2001,8,15.81091597290481,98.94843905064603,2001-08-01
MX-MEX,2001,9,15.472078402883833,97.1131382320215,2001-09-01
MX-MEX,2001,10,14.327670408973958,31.741209418510053,2001-10-01
MX-MEX,2001,11,12.417375430341343,5.140359775721968,2001-11-01
MX-MEX,2001,12,11.97659147365328,6.256179222547064,2001-12-01
MX-MEX,2002,1,11.746979841910997,9.301469294097249,2002-01-01
MX-MEX,2002,2,13.105093527839642,4.75737686379708,2002-02-01
MX-MEX,2002,3,15.914351356449707,8.633814053307859,2002-03-01
MX-MEX,2002,4,17.194936573803602,16.225450356448878,2002-04-01
MX-MEX,2002,5,17.953469217607385,26.759763730023515,2002-05-01
MX-MEX,2002,6,16.756595875755476,74.53676621897982,2002-06-01
MX-MEX,2002,7,15.629129712184653,105.91459237223268,2002-07-01
MX-MEX,2002,8,15.635164271276821,83.05609236189031,2002-08-01
MX-MEX,2002,9,15.673416109240076,106.7813575835263,2002-09-01
MX-MEX,2002,10,15.143240463320467,42.98450482451302,2002-10-01
MX-MEX,2002,11,12.773355113299226,30.360657238922073,2002-11-01
MX-MEX,2002,12,11.673864529211823,2.927770296959904,2002-12-01
MX-MEX,2003,1,12.046272744269611,5.570803570775917,2003-01-01
MX-MEX,2003,2,13.671182370357524,1.5419539840445287,2003-02-01
MX-MEX,2003,3,15.090011034206581,5.772587219015939,2003-03-01
MX-MEX,2003,4,17.62512569822631,12.41364352228956,2003-04-01
MX-MEX,2003,5,18.56201049064471,22.768578025617103,2003-05-01
MX-MEX,2003,6,16.244914783249335,120.025407105947,2003-06-01
MX-MEX,2003,7,15.512262843363366,91.74053198949191,2003-07-01
MX-MEX,2003,8,15.32659516943142,107.99148612560678,2003-08-01
MX-MEX,2003,9,15.583576620035053,100.15154938435319,2003-09-01
MX-MEX,2003,10,14.922651677258646,56.001608211696414,2003-10-01
MX-MEX,2003,11,13.845160433779064,9.92784795249176,2003-11-01
MX-MEX,2003,12,10.787904440434229,0.47083693592893244,2003-12-01
MX-MEX,2004,1,10.648924254852052,16.021297210357105,2004-01-01
MX-MEX,2004,2,11.940245803275024,0.5763603494336839,2004-02-01
MX-MEX,2004,3,14.750363713472382,17.028913077329175,2004-03-01
MX-MEX,2004,4,16.30496526630802,12.17719759504198,2004-04-01
MX-MEX,2004,5,16.719040382792585,38.21519857495003,2004-05-01
MX-MEX,2004,6,15.686968453383466,105.33673760561123,2004-06-01
MX-MEX,2004,7,15.53740192797133,90.2302226315455,2004-07-01
MX-MEX,2004,8,15.707983691555304,104.99712608034166,2004-08-01
MX-MEX,2004,9,15.382204049865216,110.56174607754467,2004-09-01
MX-MEX,2004,10,15.546416156037866,49.177019995863276,2004-10-01
MX-MEX,2004,11,13.356788869985271,3.049620802192551,2004-11-01
MX-MEX,2004,12,11.720777960726277,1.4115367096345832,2004-12-01
MX-MEX,2005,1,12.233919946241315,5.10020879672583,2005-01-01
MX-MEX,2005,2,13.87717553572979,4.06847172945023,2005-02-01
MX-MEX,2005,3,14.784341626964954,9.58812388246078,2005-03-01
MX-MEX,2005,4,17.907622545978093,12.992897066791457,2005-04-01
MX-MEX,2005,5,17.637595412895184,17.827650793535465,2005-05-01
MX-MEX,2005,6,18.39988232886213,67.32075303042588,2005-06-01
MX-MEX,2005,7,16.36853959160113,101.79311295175475,2005-07-01
MX-MEX,2005,8,15.776889038420771,117.33769812535581,2005-08-01
MX-MEX,2005,9,15.902866520719064,70.62866491749536,2005-09-01
MX-MEX,2005,10,14.965256354469279,62.301685193395144,2005-10-01
MX-MEX,2005,11,13.145290476373967,12.484187404402832,2005-11-01
MX-MEX,2005,12,12.046566477705145,4.31542993251192,2005-12-01
MX-MEX,2006,1,11.910302392937355,5.838650719028311,2006-01-01
MX-MEX,2006,2,13.911636924790903,4.530403646676923,2006-02-01
MX-MEX,2006,3,15.362065233190416,9.48529296763849,2006-03-01
MX-MEX,2006,4,17.141434347775665,17.14882459000848,2006-04-01
MX-MEX,2006,5,16.530374024817547,48.38808206893236,2006-05-01
MX-MEX,2006,6,16.076106211665273,72.05255132147784,2006-06-01
MX-MEX,2006,7,15.53164075539608,106.9567930029953,2006-07-01
MX-MEX,2006,8,15.356851112576736,108.14618281545937,2006-08-01
MX-MEX,2006,9,15.656181291382591,102.83104027353762,2006-09-01
MX-MEX,2006,10,15.235124753097375,70.83759388762404,2006-10-01
MX-MEX,2006,11,12.575978753909958,21.876003125373924,2006-11-01
MX-MEX,2006,12,11.461596071674856,2.393948449645595,2006-12-01
MX-MEX,2007,1,12.671896793756826,7.7643954666714095,2007-01-01
MX-MEX,2007,2,13.450966884333818,8.293572836054286,2007-02-01
MX-MEX,2007,3,15.44925195167438,8.449459278596226,2007-03-01
MX-MEX,2007,4,16.378114299282093,13.150800971069508,2007-04-01
MX-MEX,2007,5,17.124580051090003,35.82534652777048,2007-05-01
MX-MEX,2007,6,16.486704270521425,78.72482232544453,2007-06-01
MX-MEX,2007,7,15.74002085403519,116.41100769223148,2007-07-01
MX-MEX,2007,8,15.707615539654077,131.77960367569935,2007-08-01
MX-MEX,2007,9,15.093113679873474,87.83504445126695,2007-09-01
MX-MEX,2007,10,14.185363169665653,37.24743745096223,2007-10-01
MX-MEX,2007,11,13.018875288584612,15.6859503442202,2007-11-01
MX-MEX,2007,12,12.681425688017049,4.945351620773896,2007-12-01
MX-MEX,2008,1,11.85438737509437,1.959888093280837,2008-01-01
MX-MEX,2008,2,13.692010168759388,4.963295188336653,2008-02-01
MX-MEX,2008,3,14.872824424776011,3.4211229576878757,2008-03-01
MX-MEX,2008,4,16.909374140396405,24.290972119494462,2008-04-01
MX-MEX,2008,5,17.370532593078618,22.061951207916593,2008-05-01
MX-MEX,2008,6,16.289347148918342,83.20487653482711,2008-06-01
MX-MEX,2008,7,15.521056794357554,117.67056678800556,2008-07-01
MX-MEX,2008,8,15.96071385789093,120.42473503584591,2008-08-01
MX-MEX,2008,9,15.832412220385054,114.29201118107324,2008-09-01
MX-MEX,2008,10,14.643206655194742,35.729831190883374,2008-10-01
MX-MEX,2008,11,12.742430386327966,1.143261033336912,2008-11-01
MX-MEX,2008,12,11.873861210893061,0.4163716878295169,2008-12-01
MX-MEX,2009,1,12.472487832170243,8.18254197733302,2009-01-01
MX-MEX,2009,2,13.692868585171519,4.261165852323623,2009-02-01
MX-MEX,2009,3,15.416312529722294,6.795364510104432,2009-03-01
MX-MEX,2009,4,17.553891013179996,4.885792132028686,2009-04-01
MX-MEX,2009,5,17.525869080328132,42.31190386908763,2009-05-01
MX-MEX,2009,6,17.02487199410752,65.5275624342377,2009-06-01
MX-MEX,2009,7,16.257226633924308,89.46617874019029,2009-07-01
MX-MEX,2009,8,16.02091772893804,107.12452790014252,2009-08-01
MX-MEX,2009,9,15.966199514617612,121.40933292913603,2009-09-01
MX-MEX,2009,10,15.871400916442552,46.64704603142961,2009-10-01
MX-MEX,2009,11,12.950214739829029,3.5181209836071328,2009-11-01
MX-MEX,2009,12,12.14273485993743,8.121603501992835,2009-12-01
MX-MEX,2010,1,11.209976579945927,27.648240312862367,2010-01-01
MX-MEX,2010,2,11.678526310965267,46.15309205873961,2010-02-01
MX-MEX,2010,3,14.910356374309538,0.7773413785197715,2010-03-01
MX-MEX,2010,4,16.172143214932653,6.5387219636266884,2010-04-01
MX-MEX,2010,5,18.608318714458225,18.952545249270642,2010-05-01
MX-MEX,2010,6,17.566734601243738,81.44063663374429,2010-06-01
MX-MEX,2010,7,16.041719497297514,163.874691976849,2010-07-01
MX-MEX,2010,8,16.408786139457188,128.40072419668516,2010-08-01
MX-MEX,2010,9,16.130186231319026,113.37883552673732,2010-09-01
MX-MEX,2010,10,14.824445807379119,7.431063912128259,2010-10-01
MX-MEX,2010,11,12.976031475702486,3.8404053556744384,2010-11-01
MX-MEX,2010,12,11.149696890654756,0.4558761734811685,2010-12-01
MX-MEX,2011,1,12.203718914772002,2.29118409619654,2011-01-01
MX-MEX,2011,2,14.138857694222589,1.9610465634336514,2011-02-01
MX-MEX,2011,3,15.883536463051865,4.793291877592665,2011-03-01
MX-MEX,2011,4,17.648286853663947,19.170402883362325,2011-04-01
MX-MEX,2011,5,18.616289608568188,21.08353627743509,2011-05-01
MX-MEX,2011,6,17.547000307417232,64.92254296048873,2011-06-01
MX-MEX,2011,7,15.734416360797184,153.22772199523874,2011-07-01
MX-MEX,2011,8,16.379614129444164,108.38225732796616,2011-08-01
MX-MEX,2011,9,15.730534330198164,62.53132813495238,2011-09-01
MX-MEX,2011,10,14.22051617645173,40.951730196146215,2011-10-01
MX-MEX,2011,11,13.618155633501551,13.883531232238912,2011-11-01
MX-MEX,2011,12,12.629759481006548,1.8973687750259072,2011-12-01
MX-MEX,2012,1,11.958131122358166,8.315178713902714,2012-01-01
MX-MEX,2012,2,13.007465093987376,18.33993565964449,2012-02-01
MX-MEX,2012,3,15.270281041951694,13.233526867886699,2012-03-01
MX-MEX,2012,4,16.418228613680107,8.890097009096644,2012-04-01
MX-MEX,2012,5,17.71345953197199,28.104271322941173,2012-05-01
MX-MEX,2012,6,16.692346301753616,77.81500362157317,2012-06-01
MX-MEX,2012,7,15.508464562751074,112.23115302414719,2012-07-01
MX-MEX,2012,8,15.867549248457442,101.14852129770186,2012-08-01
MX-MEX,2012,9,15.794459068676632,72.54656205949979,2012-09-01
MX-MEX,2012,10,15.179637970838614,22.474637611301315,2012-10-01
MX-MEX,2012,11,13.13908315369157,11.36055032821872,2012-11-01
MX-MEX,2012,12,12.59910714861251,0.2648579961198546,2012-12-01
MX-MEX,2013,1,12.516023928399532,6.184423257428185,2013-01-01
MX-MEX,2013,2,14.901124438580855,0.9834248399860853,2013-02-01
MX-MEX,2013,3,14.666502697902969,12.341229289287023,2013-03-01
MX-MEX,2013,4,17.642398087092598,11.334685738833224,2013-04-01
MX-MEX,2013,5,17.34105813169077,45.79129174890797,2013-05-01
MX-MEX,2013,6,17.038339512559048,79.84650685504963,2013-06-01
MX-MEX,2013,7,15.962563623134725,105.80815949180877,2013-07-01
MX-MEX,2013,8,15.771179870494732,93.99745982910065,2013-08-01
MX-MEX,2013,9,15.742975795827359,132.76109619371266,2013-09-01
MX-MEX,2013,10,15.52987166743786,47.23632236643285,2013-10-01
MX-MEX,2013,11,13.878339673816633,27.875471366723882,2013-11-01
MX-MEX,2013,12,12.787358911814541,9.560972118142132,2013-12-01
MX-MEX,2014,1,11.736717883397079,4.989128189894956,2014-01-01
MX-MEX,2014,2,14.696338531975865,2.1337488736239516,2014-02-01
MX-MEX,2014,3,16.209074093248642,6.236298867261105,2014-03-01
MX-MEX,2014,4,17.405030656450176,19.686594708058987,2014-04-01
MX-MEX,2014,5,16.842643129432997,64.34071090505168,2014-05-01
MX-MEX,2014,6,16.513758263480888,103.45874009400549,2014-06-01
MX-MEX,2014,7,15.877422991628226,95.38730042009573,2014-07-01
MX-MEX,2014,8,15.782095444423478,91.47056927484121,2014-08-01
MX-MEX,2014,9,15.82491322515059,108.10893678232,2014-09-01
MX-MEX,2014,10,14.998910737517598,68.33916896582157,2014-10-01
MX-MEX,2014,11,13.791485395074606,9.470700585361264,2014-11-01
MX-MEX,2014,12,12.43482638401172,8.693172648300312,2014-12-01
MX-MEX,2015,1,12.690470419685177,4.467903625111417,2015-01-01
MX-MEX,2015,2,13.614471594387368,10.092957958091999,2015-02-01
MX-MEX,2015,3,14.741564207726219,26.750325501323392,2015-03-01
MX-MEX,2015,4,17.311698574674686,18.43264887728477,2015-04-01
MX-MEX,2015,5,16.843001836762173,71.5377688129451,2015-05-01
MX-MEX,2015,6,16.531486857830163,99.12148698611423,2015-06-01
MX-MEX,2015,7,15.848291463378743,89.21555568918288,2015-07-01
MX-MEX,2015,8,16.159225574007948,89.02703239496606,2015-08-01
MX-MEX,2015,9,15.966849147822236,96.81967103892124,2015-09-01
MX-MEX,2015,10,15.790743129132577,49.53896015964047,2015-10-01
MX-MEX,2015,11,15.444183804466332,25.495243894281685,2015-11-01
MX-MEX,2015,12,13.196604622751666,10.543196401141808,2015-12-01
MX-MEX,2016,1,11.170815902583339,8.550396002032707,2016-01-01
MX-MEX,2016,2,14.025686232457877,4.294725885255491,2016-02-01
MX-MEX,2016,3,14.495153624794996,26.77163461645375,2016-03-01
MX-MEX,2016,4,17.551284535659388,7.708038339837675,2016-04-01
MX-MEX,2016,5,18.401592325240003,52.532441251663464,2016-05-01
MX-MEX,2016,6,16.55294569201314,113.21848979464207,2016-06-01
MX-MEX,2016,7,16.08559023999089,119.13558901479759,2016-07-01
MX-MEX,2016,8,16.304770449023238,122.4266176563146,2016-08-01
MX-MEX,2016,9,15.849771716222335,107.28458463004979,2016-09-01
MX-MEX,2016,10,14.945350952683784,41.09117121303342,2016-10-01
MX-MEX,2016,11,13.268205625327521,21.29949749641526,2016-11-01
MX-MEX,2016,12,13.426776742370002,7.465628276222588,2016-12-01
MX-MEX,2017,1,12.343686852704495,0.5117209749905253,2017-01-01
MX-MEX,2017,2,13.692605104764917,1.3631442189840173,2017-02-01
MX-MEX,2017,3,14.983395636453636,13.306355257162132,2017-03-01
MX-MEX,2017,4,16.728671145585324,8.21779284271122,2017-04-01
MX-MEX,2017,5,18.357320056581557,38.37668585188151,2017-05-01
MX-MEX,2017,6,17.36395254150835,77.06889625312623,2017-06-01
MX-MEX,2017,7,15.589100158268431,127.4272677026016,2017-07-01
MX-MEX,2017,8,16.320210995014087,121.41871800106027,2017-08-01
MX-MEX,2017,9,15.985729397286564,107.72685736361662,2017-09-01
MX-MEX,2017,10,15.134542319300035,37.637165251312915,2017-10-01
MX-MEX,2017,11,13.504025745793621,2.9254024536227505,2017-11-01
MX-MEX,2017,12,12.09484037254732,0.609455311007473,2017-12-01
MX-MEX,2018,1,11.497501990290742,10.737134038350737,2018-01-01
MX-MEX,2018,2,14.09060900187953,10.168477170911848,2018-02-01
MX-MEX,2018,3,16.315118504887145,6.5323223498881315,2018-03-01
MX-MEX,2018,4,16.811408807961502,22.13373666305064,2018-04-01
MX-MEX,2018,5,17.34817348667979,45.20295886244853,2018-05-01
MX-MEX,2018,6,16.30055005864848,101.21626558142772,2018-06-01
MX-MEX,2018,7,15.754930468511153,86.91284856828804,2018-07-01
MX-MEX,2018,8,15.214343858010295,136.67851751783863,2018-08-01
MX-MEX,2018,9,15.700896578446391,99.33822398951526,2018-09-01
MX-MEX,2018,10,15.30308772222127,65.43901904293811,2018-10-01
MX-MEX,2018,11,13.3352476772785,32.654798642968665,2018-11-01
MX-MEX,2018,12,11.849362479396193,6.440309361735245,2018-12-01
MX-MEX,2019,1,12.29431361664636,4.703264846593738,2019-01-01
MX-MEX,2019,2,14.674110376151626,5.6916280030313535,2019-02-01
MX-MEX,2019,3,16.251570968715956,5.521296666965446,2019-03-01
MX-MEX,2019,4,17.062237789783172,6.9518438974685495,2019-04-01
MX-MEX,2019,5,18.428244431750954,18.376443478707998,2019-05-01
MX-MEX,2019,6,17.008637279123153,93.85505270226766,2019-06-01
MX-MEX,2019,7,15.60663251094626,131.40695450372075,2019-07-01
MX-MEX,2019,8,16.20219321225866,100.7675420523492,2019-08-01
MX-MEX,2019,9,15.767902696127061,103.56430887100304,2019-09-01
MX-MEX,2019,10,15.710195391993995,68.47485639621532,2019-10-01
MX-MEX,2019,11,14.63437548590806,35.460745548974224,2019-11-01
MX-MEX,2019,12,12.519191944671553,2.9918557455066064,2019-12-01
MX-MEX,2020,1,12.42963036421389,6.30884537853312,2020-01-01
MX-MEX,2020,2,14.638489423013487,6.485597511259233,2020-02-01
MX-MEX,2020,3,16.728576610502923,11.077946032291859,2020-03-01
MX-MEX,2020,4,18.0402713935025,14.994663075134564,2020-04-01
MX-MEX,2020,5,17.6219251705993,15.544595459921283,2020-05-01
MX-MEX,2020,6,17.478341838843836,52.11739593118792,2020-06-01
MX-MEX,2020,7,16.35403352717787,119.76751821857684,2020-07-01
MX-MEX,2020,8,15.953254067410613,124.13607543925343,2020-08-01
MX-MEX,2020,9,15.718005052239823,110.12984465205577,2020-09-01
MX-MEX,2020,10,14.684125260756208,13.655236272308173,2020-10-01
MX-MEX,2020,11,14.26223534759237,4.500819490681652,2020-11-01
MX-MEX,2020,12,12.686917020061237,5.016756785967017,2020-12-01
MX-MEX,2021,1,12.767180469645167,6.238142263780295,2021-01-01
MX-MEX,2021,2,13.93924340374633,0.32498476223700573,2021-02-01
MX-MEX,2021,3,16.607733684750627,6.298470174761399,2021-03-01
MX-MEX,2021,4,17.365163942061507,10.148376465155073,2021-04-01
MX-MEX,2021,5,17.314841093540707,33.582778909529075,2021-05-01
MX-MEX,2021,6,15.777541804805896,104.1720528383576,2021-06-01
MX-MEX,2021,7,15.771580995774773,118.18268926678469,2021-07-01
MX-MEX,2021,8,15.613554448664692,139.0925738846515,2021-08-01
MX-MEX,2021,9,15.607437976696737,110.5583052931701,2021-09-01
MX-MEX,2021,10,15.389115746800497,48.18300783040146,2021-10-01
MX-MEX,2021,11,12.879671947750776,8.090066637382117,2021-11-01
MX-MEX,2021,12,12.830815744959473,1.4111410474028332,2021-12-01
MX-MEX,2022,1,12.375838722969673,6.271912240020804,2022-01-01
MX-MEX,2022,2,13.644089453643359,4.2896988447158435,2022-02-01
MX-MEX,2022,3,15.666229788671632,4.384864636293271,2022-03-01
MX-MEX,2022,4,17.376508157940457,13.45533463479152,2022-04-01
MX-MEX,2022,5,18.399835737860695,12.89177805019045,2022-05-01
MX-MEX,2022,6,16.182773790220093,82.86206891562942,2022-06-01
MX-MEX,2022,7,15.919074379114914,109.7946370580331,2022-07-01
MX-MEX,2022,8,15.525685573808504,107.79571879796629,2022-08-01
MX-MEX,2022,9,15.555004009151727,93.26693792384734,2022-09-01
MX-MEX,2022,10,15.26285300111532,43.08152398423503,2022-10-01
MX-MEX,2022,11,14.022673143859597,15.37587288289289,2022-11-01
MX-MEX,2022,12,11.824659026954878,5.438558148405795,2022-12-01
MX-MEX,2023,1,12.169042314707816,1.5203917524529595,2023-01-01
MX-MEX,2023,2,14.147786777274684,2.1757148889313536,2023-02-01
MX-MEX,2023,3,15.714833958983874,10.964370138914827,2023-03-01
MX-MEX,2023,4,16.904064192688217,8.435614867065526,2023-04-01
MX-MEX,2023,5,16.691558760497717,33.90460782951861,2023-05-01
MX-MEX,2023,6,19.433675023567677,28.013828974567286,2023-06-01
MX-MEX,2023,7,16.468944532953767,105.86458601878067,2023-07-01
MX-MEX,2023,8,16.243806510909952,103.35856516341468,2023-08-01
MX-MEX,2023,9,16.45848436784246,57.37427361055041,2023-09-01
MX-MEX,2023,10,15.731812970524306,69.00432741696977,2023-10-01
MX-MEX,2023,11,14.51043861207961,24.778436828952138,2023-11-01
MX-MEX,2023,12,11.932901979170502,16.262310659935675,2023-12-01
MX-MEX,2024,1,12.780539193411297,2.390845192837936,2024-01-01
MX-MEX,2024,2,14.425981470407194,5.710997716778588,2024-02-01
MX-MEX,2024,3,16.91334964356247,0.13986554841827217,2024-03-01
MX-MEX,2024,4,18.62156542000296,5.595112232767654,2024-04-01
MX-MEX,2024,5,20.497574468720483,9.15244757273037,2024-05-01
MX-MEX,2024,6,18.522033650373267,69.08642571488066,2024-06-01
MX-MEX,2024,7,16.573974855195118,129.92572023402437,2024-07-01
MX-MEX,2024,8,16.327827813784605,121.05282463257349,2024-08-01
MX-MEX,2024,9,16.565895711784588,124.8480927691089,2024-09-01
MX-MEX,2024,10,14.95656426653554,47.533622999826086,2024-10-01
MX-MEX,2024,11,14.41160493927102,8.25339546123996,2024-11-01
MX-MEX,2024,12,12.957071607422343,4.069643014769191,2024-12-01
MX-MEX,2025,1,12.998784062348463,11.837711371253793,2025-01-01
MX-MEX,2025,2,14.765537027477874,15.215701342192084,2025-02-01
MX-MEX,2025,3,16.676724049244726,5.483466524381747,2025-03-01
MX-MEX,2025,4,17.518432978134896,1.506863413384038,2025-04-01
MX-MEX,2025,5,18.347181247336795,41.372221596276006,2025-05-01
MX-MEX,2025,6,16.15190257662265,134.27810913955915,2025-06-01
MX-MEX,2025,7,15.802889227584426,85.81885050811023,2025-07-01
MX-MEX,2025,8,15.902966683225165,106.65675502053062,2025-08-01
MX-MEX,2025,9,16.297818671081107,105.43210682583378,2025-09-01
MX-MEX,2025,10,15.559428643099135,51.40340482342504,2025-10-01
MX-MEX,2025,11,14.005235130888535,2.7377655530956266,2025-11-01
MX-MEX,2025,12,13.114144676036195,13.542595985368738,2025-12-01
MX-MIC,1990,1,20.793237556408126,2.279834143245268,1990-01-01
MX-MIC,1990,2,21.64047964769436,4.535056955766745,1990-02-01
MX-MIC,1990,3,23.590288951641675,1.192054671853255,1990-03-01
MX-MIC,1990,4,25.485335951635975,3.3293015973790014,1990-04-01
MX-MIC,1990,5,25.588314502912723,27.75931646955412,1990-05-01
MX-MIC,1990,6,24.08578546604215,74.90411870394368,1990-06-01
MX-MIC,1990,7,22.682899846721554,82.88590934094283,1990-07-01
MX-MIC,1990,8,23.52547625981615,69.26347697186505,1990-08-01
MX-MIC,1990,9,22.730004468545708,60.67268153651143,1990-09-01
MX-MIC,1990,10,22.568472640529098,42.82040541168441,1990-10-01
MX-MIC,1990,11,22.18857830679311,4.8413642419658895,1990-11-01
MX-MIC,1990,12,20.61211313437803,2.5301429992547293,1990-12-01
MX-MIC,1991,1,20.316073462537748,0.3841530047550609,1991-01-01
MX-MIC,1991,2,22.193442209227264,1.5685126343805158,1991-02-01
MX-MIC,1991,3,23.924426824718747,0.3316735707863701,1991-03-01
MX-MIC,1991,4,25.458919153051838,0.3199146726290722,1991-04-01
MX-MIC,1991,5,26.322016804100752,4.90191881254283,1991-05-01
MX-MIC,1991,6,24.863665496694406,71.86451896401663,1991-06-01
MX-MIC,1991,7,22.512137648511246,88.13227047868737,1991-07-01
MX-MIC,1991,8,23.653998341421957,56.32124989310712,1991-08-01
MX-MIC,1991,9,22.180630008227872,79.55944254209402,1991-09-01
MX-MIC,1991,10,21.833427286052295,38.379200113383924,1991-10-01
MX-MIC,1991,11,21.203339315921713,10.642325651788246,1991-11-01
MX-MIC,1991,12,20.55016808800313,2.94896027302216,1991-12-01
MX-MIC,1992,1,18.306203692004114,80.11092972549758,1992-01-01
MX-MIC,1992,2,18.466757282668713,19.21903846838138,1992-02-01
MX-MIC,1992,3,22.940951839874426,0.6688470519127043,1992-03-01
MX-MIC,1992,4,24.095682877661535,5.372162648736133,1992-04-01
MX-MIC,1992,5,25.075213810213477,15.502918921256393,1992-05-01
MX-MIC,1992,6,25.69466592445857,26.05908827110593,1992-06-01
MX-MIC,1992,7,23.404470729427775,68.6813828968505,1992-07-01
MX-MIC,1992,8,22.97818122521073,78.75580363581987,1992-08-01
MX-MIC,1992,9,22.664955297363402,73.82515711247002,1992-09-01
MX-MIC,1992,10,21.87690813210214,44.30001890485966,1992-10-01
MX-MIC,1992,11,20.966664690705592,11.492110377951837,1992-11-01
MX-MIC,1992,12,20.50149653238018,11.665554237076659,1992-12-01
MX-MIC,1993,1,20.249334411216473,3.604659022170364,1993-01-01
MX-MIC,1993,2,21.403165178443732,0.5869840436115327,1993-02-01
MX-MIC,1993,3,22.46968992338739,0.09237744792753268,1993-03-01
MX-MIC,1993,4,24.466617882796346,0.8353188986951412,1993-04-01
MX-MIC,1993,5,25.66633599948965,1.627016235919854,1993-05-01
MX-MIC,1993,6,25.27338113681413,89.4769753666324,1993-06-01
MX-MIC,1993,7,22.85484281945915,71.91952751492488,1993-07-01
MX-MIC,1993,8,23.20824475974398,74.05281849813865,1993-08-01
MX-MIC,1993,9,21.679570120232622,85.70146601614864,1993-09-01
MX-MIC,1993,10,22.343660903365624,30.859283547202228,1993-10-01
MX-MIC,1993,11,21.88950622276868,6.85206312499913,1993-11-01
MX-MIC,1993,12,20.071304531487552,0.12285909855277019,1993-12-01
MX-MIC,1994,1,20.247542182659963,1.4404194473308927,1994-01-01
MX-MIC,1994,2,21.991701791610655,0.5894684988586842,1994-02-01
MX-MIC,1994,3,23.82368650241722,0.13188721651057853,1994-03-01
MX-MIC,1994,4,25.220810011715,0.8409335462805553,1994-04-01
MX-MIC,1994,5,26.69952452893077,4.546342622331953,1994-05-01
MX-MIC,1994,6,24.67391106478359,47.58281968739399,1994-06-01
MX-MIC,1994,7,24.57668956647227,38.31759426087743,1994-07-01
MX-MIC,1994,8,23.565219406144067,66.19202205042357,1994-08-01
MX-MIC,1994,9,23.455802073321266,50.03365508848204,1994-09-01
MX-MIC,1994,10,23.0704500351208,29.468407235445397,1994-10-01
MX-MIC,1994,11,22.676084822131838,3.734995337773992,1994-11-01
MX-MIC,1994,12,21.93402761706437,1.8184648460188582,1994-12-01
MX-MIC,1995,1,21.050561734225795,2.312252898763785,1995-01-01
MX-MIC,1995,2,22.4595694589561,2.877165597160673,1995-02-01
MX-MIC,1995,3,23.826411406275238,0.48172605904710986,1995-03-01
MX-MIC,1995,4,25.197205253494122,1.008034810986877,1995-04-01
MX-MIC,1995,5,26.22078754118144,21.40272520379144,1995-05-01
MX-MIC,1995,6,24.485294111594893,72.19298320627145,1995-06-01
MX-MIC,1995,7,23.00287632566636,79.42570405024487,1995-07-01
MX-MIC,1995,8,22.720809570788877,90.50346483927116,1995-08-01
MX-MIC,1995,9,22.50606472506055,74.05772419672195,1995-09-01
MX-MIC,1995,10,22.528216979167308,20.38123861375351,1995-10-01
MX-MIC,1995,11,22.029348806159472,10.40768433524,1995-11-01
MX-MIC,1995,12,20.221549632140214,9.377583561469775,1995-12-01
MX-MIC,1996,1,19.042838237232726,0.1333018773518984,1996-01-01
MX-MIC,1996,2,21.71768714608758,0.5134267727499542,1996-02-01
MX-MIC,1996,3,22.370270333035005,0.2728111418423868,1996-03-01
MX-MIC,1996,4,24.59998495363663,1.5197416269933133,1996-04-01
MX-MIC,1996,5,26.300906703878212,11.192913298623012,1996-05-01
MX-MIC,1996,6,23.681178161821396,83.04653034647409,1996-06-01
MX-MIC,1996,7,23.14482965025731,80.48976223993057,1996-07-01
MX-MIC,1996,8,22.64406847215682,93.47328183206119,1996-08-01
MX-MIC,1996,9,23.00532462860771,60.807012434435755,1996-09-01
MX-MIC,1996,10,22.331376413991666,59.19092155669026,1996-10-01
MX-MIC,1996,11,21.651037313102734,3.1868048079178535,1996-11-01
MX-MIC,1996,12,20.621357285917743,5.685995738117041,1996-12-01
MX-MIC,1997,1,19.356181896155725,1.922194338596252,1997-01-01
MX-MIC,1997,2,22.03905029540521,0.18257051646482675,1997-02-01
MX-MIC,1997,3,23.3626059781981,3.543157798069057,1997-03-01
MX-MIC,1997,4,23.89176793045718,5.064290079915142,1997-04-01
MX-MIC,1997,5,25.814929959848975,14.068410957933564,1997-05-01
MX-MIC,1997,6,24.535782590732993,61.13246290270547,1997-06-01
MX-MIC,1997,7,24.47266505838554,63.270782674754045,1997-07-01
MX-MIC,1997,8,23.926884113336804,53.47597184642036,1997-08-01
MX-MIC,1997,9,23.096045683007432,61.88389433450282,1997-09-01
MX-MIC,1997,10,21.735250076989896,56.06037839011185,1997-10-01
MX-MIC,1997,11,21.80412425178709,17.522690173181342,1997-11-01
MX-MIC,1997,12,19.47208669153505,6.216406948491248,1997-12-01
MX-MIC,1998,1,18.74404337442089,0.8667702819188082,1998-01-01
MX-MIC,1998,2,19.222498248875183,1.092095189919502,1998-02-01
MX-MIC,1998,3,22.856149306504445,0.16357566215648603,1998-03-01
MX-MIC,1998,4,25.326870516120017,0.04249323890948395,1998-04-01
MX-MIC,1998,5,26.888935058063336,1.5388304777291186,1998-05-01
MX-MIC,1998,6,26.423949003697384,43.07306984365056,1998-06-01
MX-MIC,1998,7,23.734473175510256,81.11477608800058,1998-07-01
MX-MIC,1998,8,23.69403043967167,83.42792625024566,1998-08-01
MX-MIC,1998,9,22.702599415792374,115.94804050987103,1998-09-01
MX-MIC,1998,10,22.953983103250017,46.81864344378609,1998-10-01
MX-MIC,1998,11,22.53174060718289,11.678037457838935,1998-11-01
MX-MIC,1998,12,21.154816049048346,0.46210638877575516,1998-12-01
MX-MIC,1999,1,19.160005945062032,0.16085215870976743,1999-01-01
MX-MIC,1999,2,21.881993613263766,0.7579112480658704,1999-02-01
MX-MIC,1999,3,23.33011979517685,0.4951327273818387,1999-03-01
MX-MIC,1999,4,25.691274166800195,0.5694046687226777,1999-04-01
MX-MIC,1999,5,26.39189019599586,4.7582284273342745,1999-05-01
MX-MIC,1999,6,24.811772403565595,66.8026243350236,1999-06-01
MX-MIC,1999,7,23.19323094468997,82.38569484321243,1999-07-01
MX-MIC,1999,8,23.31269256503789,79.61654449892008,1999-08-01
MX-MIC,1999,9,23.09122535142275,78.58703314803621,1999-09-01
MX-MIC,1999,10,22.290913610342177,30.487298672183773,1999-10-01
MX-MIC,1999,11,21.330697746076016,1.3041540036624875,1999-11-01
MX-MIC,1999,12,18.83482869058212,0.22364889623558856,1999-12-01
MX-MIC,2000,1,19.703446613103115,0.05325486068299285,2000-01-01
MX-MIC,2000,2,21.27959582403595,0.7422046449964833,2000-02-01
MX-MIC,2000,3,23.13648077755876,0.5809544913380634,2000-03-01
MX-MIC,2000,4,25.390801571094247,0.3376872504708819,2000-04-01
MX-MIC,2000,5,25.605271903543514,20.151608552108073,2000-05-01
MX-MIC,2000,6,23.612379922387852,75.92542683678498,2000-06-01
MX-MIC,2000,7,23.70276395070487,54.976105022960674,2000-07-01
MX-MIC,2000,8,23.32811133873863,59.55717908184011,2000-08-01
MX-MIC,2000,9,22.975111519481988,72.90538917493257,2000-09-01
MX-MIC,2000,10,23.197826707045717,27.90328758081872,2000-10-01
MX-MIC,2000,11,22.155423569371933,3.147250639605995,2000-11-01
MX-MIC,2000,12,20.231741728713455,3.4264988715282723,2000-12-01
MX-MIC,2001,1,20.258184677650352,2.3563814008376456,2001-01-01
MX-MIC,2001,2,22.29242659303213,0.5998235503486989,2001-02-01
MX-MIC,2001,3,21.831493612899067,13.83726307947593,2001-03-01
MX-MIC,2001,4,25.462072962962772,1.8895132805009967,2001-04-01
MX-MIC,2001,5,25.936597061842576,16.957026808426857,2001-05-01
MX-MIC,2001,6,24.379950866188558,58.40586773792022,2001-06-01
MX-MIC,2001,7,23.849673581987748,55.75311168565061,2001-07-01
MX-MIC,2001,8,24.340878093382365,68.0417405639826,2001-08-01
MX-MIC,2001,9,23.06015537672737,73.70969295689265,2001-09-01
MX-MIC,2001,10,23.277012687449044,16.580356369391666,2001-10-01
MX-MIC,2001,11,21.388842717616413,1.155085710407175,2001-11-01
MX-MIC,2001,12,20.437039258492888,1.1544327587980405,2001-12-01
MX-MIC,2002,1,19.36641294672985,9.89499806469423,2002-01-01
MX-MIC,2002,2,21.760504138272854,2.844316477304082,2002-02-01
MX-MIC,2002,3,24.3090021276931,0.2850806300375834,2002-03-01
MX-MIC,2002,4,26.209008311428786,1.136318603631533,2002-04-01
MX-MIC,2002,5,27.019232746019917,10.088507873182788,2002-05-01
MX-MIC,2002,6,24.92926280246717,54.42654849411441,2002-06-01
MX-MIC,2002,7,24.007609785764995,60.89900523081183,2002-07-01
MX-MIC,2002,8,24.49110826254549,53.100070268981526,2002-08-01
MX-MIC,2002,9,23.253107004933803,85.14122687268171,2002-09-01
MX-MIC,2002,10,23.197178444293787,30.362866870422135,2002-10-01
MX-MIC,2002,11,20.751848265593427,38.05149072806016,2002-11-01
MX-MIC,2002,12,19.81849443035472,0.32003990158672685,2002-12-01
MX-MIC,2003,1,20.7586503494058,1.2183364095246598,2003-01-01
MX-MIC,2003,2,21.55923808774392,0.5271133332139415,2003-02-01
MX-MIC,2003,3,22.78707208622518,0.3755389408776524,2003-03-01
MX-MIC,2003,4,26.091357350293244,0.4497563868597698,2003-04-01
MX-MIC,2003,5,27.106269276786207,3.7649435999806533,2003-05-01
MX-MIC,2003,6,23.926917475226954,94.27999511869737,2003-06-01
MX-MIC,2003,7,23.800514384585362,60.697477495228256,2003-07-01
MX-MIC,2003,8,23.556881367226392,64.53582113860291,2003-08-01
MX-MIC,2003,9,23.391365420851272,70.14681564483737,2003-09-01
MX-MIC,2003,10,22.747737224904622,39.81228427788994,2003-10-01
MX-MIC,2003,11,23.00754817274176,4.350433635472005,2003-11-01
MX-MIC,2003,12,19.407989799312375,0.12159706060719587,2003-12-01
MX-MIC,2004,1,18.842877572653713,13.612335419565092,2004-01-01
MX-MIC,2004,2,20.30952578724141,0.12199997519088289,2004-02-01
MX-MIC,2004,3,24.14487622220762,3.715087221538026,2004-03-01
MX-MIC,2004,4,24.958087403060564,0.9357820672476946,2004-04-01
MX-MIC,2004,5,25.98086381792551,10.999911361803122,2004-05-01
MX-MIC,2004,6,23.982114237452734,58.4655203153197,2004-06-01
MX-MIC,2004,7,24.073392386963757,56.85811750144786,2004-07-01
MX-MIC,2004,8,23.88805181364005,64.95044771560659,2004-08-01
MX-MIC,2004,9,23.06764938651774,75.34789174599295,2004-09-01
MX-MIC,2004,10,23.65123755654002,32.789233690809596,2004-10-01
MX-MIC,2004,11,21.81871842656954,1.348972698518173,2004-11-01
MX-MIC,2004,12,19.94954562457839,1.0348825956905092,2004-12-01
MX-MIC,2005,1,20.212406630670113,3.6630826732451665,2005-01-01
MX-MIC,2005,2,22.09699753253496,2.163483469719526,2005-02-01
MX-MIC,2005,3,21.951912070397956,13.424926456741105,2005-03-01
MX-MIC,2005,4,26.205491638373967,0.5520673168004251,2005-04-01
MX-MIC,2005,5,26.185659033181167,1.105691516251997,2005-05-01
MX-MIC,2005,6,26.510599357010104,36.995523590741676,2005-06-01
MX-MIC,2005,7,23.834136209240658,82.43889172700008,2005-07-01
MX-MIC,2005,8,23.4194491644997,92.47476371007498,2005-08-01
MX-MIC,2005,9,23.76969409402732,57.19171171959379,2005-09-01
MX-MIC,2005,10,22.906123886695536,39.225474805168865,2005-10-01
MX-MIC,2005,11,22.14784707721502,3.6034508366117586,2005-11-01
MX-MIC,2005,12,20.42512182849751,0.492978345418938,2005-12-01
MX-MIC,2006,1,20.335373673050363,1.5248546363609703,2006-01-01
MX-MIC,2006,2,22.30762926711346,0.5210386875050935,2006-02-01
MX-MIC,2006,3,23.532707885322406,0.8147394217825992,2006-03-01
MX-MIC,2006,4,25.734277949938186,1.3771693383836168,2006-04-01
MX-MIC,2006,5,25.795163407482754,14.69328966329371,2006-05-01
MX-MIC,2006,6,24.613081615522162,55.199146765870026,2006-06-01
MX-MIC,2006,7,23.66493276473636,81.87969967830638,2006-07-01
MX-MIC,2006,8,23.1652143347247,72.81578249550488,2006-08-01
MX-MIC,2006,9,23.003245868718295,71.40507776838759,2006-09-01
MX-MIC,2006,10,22.60162979562103,63.74499990999168,2006-10-01
MX-MIC,2006,11,20.4962682364134,12.983859053492136,2006-11-01
MX-MIC,2006,12,19.318944429494525,1.230027352743412,2006-12-01
MX-MIC,2007,1,20.537099480865972,3.518812755918878,2007-01-01
MX-MIC,2007,2,21.25888703982989,2.4032157649008448,2007-02-01
MX-MIC,2007,3,23.555289174239967,0.29577211789427954,2007-03-01
MX-MIC,2007,4,24.80415271686764,1.1156441449112833,2007-04-01
MX-MIC,2007,5,26.312765354520344,6.556652478400674,2007-05-01
MX-MIC,2007,6,24.862345587323723,43.184356343661065,2007-06-01
MX-MIC,2007,7,23.905000942726044,80.24589521340445,2007-07-01
MX-MIC,2007,8,23.02984287781267,123.08090668535728,2007-08-01
MX-MIC,2007,9,22.562575468916844,72.1450392031373,2007-09-01
MX-MIC,2007,10,22.266531612189198,28.39057551063514,2007-10-01
MX-MIC,2007,11,21.769677296453878,3.016618544160462,2007-11-01
MX-MIC,2007,12,20.644924404763756,3.6959026641499317,2007-12-01
MX-MIC,2008,1,20.030374195000732,0.1848500157010813,2008-01-01
MX-MIC,2008,2,21.417729059086067,0.3618946323070122,2008-02-01
MX-MIC,2008,3,22.70664762051631,0.10770063762083887,2008-03-01
MX-MIC,2008,4,25.32682205343956,2.770373783832674,2008-04-01
MX-MIC,2008,5,26.087799530025904,3.9802764873434002,2008-05-01
MX-MIC,2008,6,24.84368734892106,48.182478154259684,2008-06-01
MX-MIC,2008,7,23.313206021773297,80.39699586858903,2008-07-01
MX-MIC,2008,8,23.58378387256423,68.06972922538345,2008-08-01
MX-MIC,2008,9,23.075164432106604,106.28238291407139,2008-09-01
MX-MIC,2008,10,22.971543579390946,27.486088089451606,2008-10-01
MX-MIC,2008,11,21.016626997291745,2.040542870967481,2008-11-01
MX-MIC,2008,12,19.2752770132048,0.14809653021619693,2008-12-01
MX-MIC,2009,1,20.466008413124367,2.3167113280186458,2009-01-01
MX-MIC,2009,2,21.806702513639493,0.4277303605586712,2009-02-01
MX-MIC,2009,3,23.296629726259585,0.8260621068505892,2009-03-01
MX-MIC,2009,4,24.988387331735648,0.2088090033028457,2009-04-01
MX-MIC,2009,5,25.624547589427667,22.63106362792201,2009-05-01
MX-MIC,2009,6,25.386890037012655,32.14521178732812,2009-06-01
MX-MIC,2009,7,24.985223160023104,47.53326276238125,2009-07-01
MX-MIC,2009,8,24.59197374922082,59.98266271972203,2009-08-01
MX-MIC,2009,9,23.66752957739127,82.8601862462683,2009-09-01
MX-MIC,2009,10,23.49745175948307,32.228652964007566,2009-10-01
MX-MIC,2009,11,21.608207418759715,3.9089887050272907,2009-11-01
MX-MIC,2009,12,20.272288667947784,4.635099841078618,2009-12-01
MX-MIC,2010,1,19.121652507669676,12.586769416519182,2010-01-01
MX-MIC,2010,2,18.933168156114935,49.382228948247246,2010-02-01
MX-MIC,2010,3,22.384616310134728,0.1934123691870184,2010-03-01
MX-MIC,2010,4,24.041208502716252,0.5032896411699951,2010-04-01
MX-MIC,2010,5,26.445320499232345,1.119613948529183,2010-05-01
MX-MIC,2010,6,25.461768466485104,56.93124070062369,2010-06-01
MX-MIC,2010,7,23.008310703747096,155.5059900717912,2010-07-01
MX-MIC,2010,8,23.4562791562527,104.99238820622365,2010-08-01
MX-MIC,2010,9,23.12242613351412,106.5652695556106,2010-09-01
MX-MIC,2010,10,22.744972535249204,7.07481895513697,2010-10-01
MX-MIC,2010,11,20.60517044165606,2.799556714873284,2010-11-01
MX-MIC,2010,12,18.724715478263356,0.14301323908102043,2010-12-01
MX-MIC,2011,1,19.559046427564116,0.5120179891036758,2011-01-01
MX-MIC,2011,2,21.719552808339248,0.15340881482653068,2011-02-01
MX-MIC,2011,3,23.41983718909726,0.36579449374745554,2011-03-01
MX-MIC,2011,4,25.608591511292115,1.3799119955263954,2011-04-01
MX-MIC,2011,5,27.12078238105733,3.3048654340905874,2011-05-01
MX-MIC,2011,6,25.609845410292962,65.05216616975237,2011-06-01
MX-MIC,2011,7,23.03241929870127,124.18590739926265,2011-07-01
MX-MIC,2011,8,23.60309376647262,80.29320574155204,2011-08-01
MX-MIC,2011,9,23.205615219266125,61.99549104829832,2011-09-01
MX-MIC,2011,10,22.23280801061709,35.754468232502795,2011-10-01
MX-MIC,2011,11,21.703560846855037,4.831930962408343,2011-11-01
MX-MIC,2011,12,20.17341615457602,0.30154174777036946,2011-12-01
MX-MIC,2012,1,19.926044565083583,1.179697539165563,2012-01-01
MX-MIC,2012,2,21.10537445312576,16.744536639174516,2012-02-01
MX-MIC,2012,3,23.631031844483477,1.3622449242761592,2012-03-01
MX-MIC,2012,4,24.398795005214506,0.5694676867681372,2012-04-01
MX-MIC,2012,5,26.203683534110056,8.261145713957,2012-05-01
MX-MIC,2012,6,24.711093887206214,64.68654288088196,2012-06-01
MX-MIC,2012,7,23.69989564053264,57.981981410615575,2012-07-01
MX-MIC,2012,8,23.409543338472407,86.59281191242826,2012-08-01
MX-MIC,2012,9,23.56379737101118,50.87019422338816,2012-09-01
MX-MIC,2012,10,23.681694720033505,22.743324250768737,2012-10-01
MX-MIC,2012,11,21.72904632083042,9.232754352325806,2012-11-01
MX-MIC,2012,12,20.480101762714998,0.719173211179616,2012-12-01
MX-MIC,2013,1,20.909454955642214,3.388800292988919,2013-01-01
MX-MIC,2013,2,22.18330894480593,0.14876821550889016,2013-02-01
MX-MIC,2013,3,22.677525325811143,5.954734945678227,2013-03-01
MX-MIC,2013,4,25.097445775075585,0.5494925874842508,2013-04-01
MX-MIC,2013,5,25.902607618195347,6.289570666967109,2013-05-01
MX-MIC,2013,6,25.249087360965305,47.8300190163596,2013-06-01
MX-MIC,2013,7,23.644787043937196,67.49030668446709,2013-07-01
MX-MIC,2013,8,23.812611968333698,62.27192648489752,2013-08-01
MX-MIC,2013,9,22.65188188376588,127.47564017886027,2013-09-01
MX-MIC,2013,10,23.12519032398168,32.15154445207267,2013-10-01
MX-MIC,2013,11,22.21570494626923,16.169472804722275,2013-11-01
MX-MIC,2013,12,20.826754346580334,4.250695935921314,2013-12-01
MX-MIC,2014,1,20.259420027618457,1.7055452266261208,2014-01-01
MX-MIC,2014,2,22.095375092158214,0.22173555575642356,2014-02-01
MX-MIC,2014,3,23.77153053715628,0.6821597057809128,2014-03-01
MX-MIC,2014,4,25.827485671340856,2.4664808304103105,2014-04-01
MX-MIC,2014,5,25.12993819920186,31.49254176144469,2014-05-01
MX-MIC,2014,6,24.121601474231163,82.31141879291539,2014-06-01
MX-MIC,2014,7,24.38800469888099,48.41834340660319,2014-07-01
MX-MIC,2014,8,24.031016974385597,61.633757086691475,2014-08-01
MX-MIC,2014,9,22.975358838300373,82.85408884147577,2014-09-01
MX-MIC,2014,10,22.979071383742298,42.29847860653921,2014-10-01
MX-MIC,2014,11,21.91339987360174,12.633127563436966,2014-11-01
MX-MIC,2014,12,20.327019778571312,5.047015451575775,2014-12-01
MX-MIC,2015,1,21.09217278580047,1.1673036843285336,2015-01-01
MX-MIC,2015,2,21.47544981443594,5.146924329731849,2015-02-01
MX-MIC,2015,3,22.36020090313967,37.383688438733195,2015-03-01
MX-MIC,2015,4,25.35870942737181,2.238605847359612,2015-04-01
MX-MIC,2015,5,25.801369287220005,22.40909850055765,2015-05-01
MX-MIC,2015,6,25.004995739821762,47.590018984722136,2015-06-01
MX-MIC,2015,7,24.17368897698202,58.43470722685556,2015-07-01
MX-MIC,2015,8,24.658570688293036,47.435799696942404,2015-08-01
MX-MIC,2015,9,23.841140035145994,58.53218670368918,2015-09-01
MX-MIC,2015,10,23.764243526203888,66.57547209956758,2015-10-01
MX-MIC,2015,11,23.355305351412213,14.854991315337656,2015-11-01
MX-MIC,2015,12,21.16677534149316,8.768125584864833,2015-12-01
MX-MIC,2016,1,19.19585193675724,5.409364159097577,2016-01-01
MX-MIC,2016,2,22.009923851807265,0.9728303771700603,2016-02-01
MX-MIC,2016,3,22.47799099461862,15.18158221392992,2016-03-01
MX-MIC,2016,4,25.508991749903732,1.0712352478676015,2016-04-01
MX-MIC,2016,5,27.124117664349196,10.037850308226648,2016-05-01
MX-MIC,2016,6,25.104354028254193,57.46467900528765,2016-06-01
MX-MIC,2016,7,24.01463822654322,65.20723784937557,2016-07-01
MX-MIC,2016,8,23.761839584002573,82.74942057043795,2016-08-01
MX-MIC,2016,9,23.24997973905712,77.07971215631193,2016-09-01
MX-MIC,2016,10,23.11863801603952,37.141149332245746,2016-10-01
MX-MIC,2016,11,21.788212455107622,9.658027195976727,2016-11-01
MX-MIC,2016,12,21.65909369397522,2.9678322762199394,2016-12-01
MX-MIC,2017,1,20.07080090074253,0.19280999652451974,2017-01-01
MX-MIC,2017,2,21.646416432028676,0.4752000833120898,2017-02-01
MX-MIC,2017,3,23.7848262268059,3.5114336102370785,2017-03-01
MX-MIC,2017,4,24.725807031870968,0.34503299650921093,2017-04-01
MX-MIC,2017,5,26.623252093009857,12.118334693212002,2017-05-01
MX-MIC,2017,6,24.95057788486388,63.818904270282054,2017-06-01
MX-MIC,2017,7,23.35743608076505,80.7430705543106,2017-07-01
MX-MIC,2017,8,23.591161328312197,110.0830589367994,2017-08-01
MX-MIC,2017,9,22.921272036107357,103.59724836047897,2017-09-01
MX-MIC,2017,10,22.632035252232782,42.381676969312664,2017-10-01
MX-MIC,2017,11,21.472328669181994,2.8781319831263126,2017-11-01
MX-MIC,2017,12,19.787310809514594,0.2815750494950852,2017-12-01
MX-MIC,2018,1,19.968641307340626,2.3290683261771465,2018-01-01
MX-MIC,2018,2,22.22630901218343,4.731933057619707,2018-02-01
MX-MIC,2018,3,24.307114934404144,0.4345943513135874,2018-03-01
MX-MIC,2018,4,25.25504285522232,1.0651037761114346,2018-04-01
MX-MIC,2018,5,25.76155794324336,29.932716508279423,2018-05-01
MX-MIC,2018,6,23.68457838386058,86.12547642185875,2018-06-01
MX-MIC,2018,7,23.92194262979637,58.97294300457333,2018-07-01
MX-MIC,2018,8,23.208672939725652,75.5440882312534,2018-08-01
MX-MIC,2018,9,23.12161746678772,67.31231455320973,2018-09-01
MX-MIC,2018,10,22.638817610950603,70.47554990955044,2018-10-01
MX-MIC,2018,11,20.422631587140554,36.05947444933876,2018-11-01
MX-MIC,2018,12,19.027954956054785,2.498562463228758,2018-12-01
MX-MIC,2019,1,20.19578148292043,2.3525422726734537,2019-01-01
MX-MIC,2019,2,22.05771411268387,0.40394215345229506,2019-02-01
MX-MIC,2019,3,24.01704817138944,0.21089035388598057,2019-03-01
MX-MIC,2019,4,24.539528192451666,0.10169660541310957,2019-04-01
MX-MIC,2019,5,26.003470419926916,5.1334651872597075,2019-05-01
MX-MIC,2019,6,25.18231061045223,45.76045357880094,2019-06-01
MX-MIC,2019,7,23.681845566705086,75.55861479835787,2019-07-01
MX-MIC,2019,8,24.064253854360846,67.04539755760983,2019-08-01
MX-MIC,2019,9,23.23363306568192,90.37169191574482,2019-09-01
MX-MIC,2019,10,22.672195149827807,72.23059477380936,2019-10-01
MX-MIC,2019,11,22.089454869316633,26.9434512113317,2019-11-01
MX-MIC,2019,12,20.156697668441208,2.4107780060494943,2019-12-01
MX-MIC,2020,1,20.225360341008734,3.9113200958740286,2020-01-01
MX-MIC,2020,2,21.99485722533748,5.499819281429209,2020-02-01
MX-MIC,2020,3,24.556204105112254,2.627001547541081,2020-03-01
MX-MIC,2020,4,26.095088544461685,1.105444740689752,2020-04-01
MX-MIC,2020,5,26.209326773623186,3.115285903490188,2020-05-01
MX-MIC,2020,6,25.64357160119717,29.12878415030844,2020-06-01
MX-MIC,2020,7,24.27929266708482,69.91587955316125,2020-07-01
MX-MIC,2020,8,23.43036837148853,92.02967237051072,2020-08-01
MX-MIC,2020,9,23.353962436733482,67.84529306441057,2020-09-01
MX-MIC,2020,10,23.56818235827144,11.665989496206098,2020-10-01
MX-MIC,2020,11,22.848663701090974,1.6347137056190468,2020-11-01
MX-MIC,2020,12,20.82162924633757,1.1395936893755205,2020-12-01
MX-MIC,2021,1,20.644370133034624,0.626698387728687,2021-01-01
MX-MIC,2021,2,21.246270997771685,0.16977330095217918,2021-02-01
MX-MIC,2021,3,23.900937396796866,0.18123471852208392,2021-03-01
MX-MIC,2021,4,25.17562251974402,0.6362610415043444,2021-04-01
MX-MIC,2021,5,25.83554624626067,14.137045119326825,2021-05-01
MX-MIC,2021,6,23.63634034725541,90.0355081432989,2021-06-01
MX-MIC,2021,7,23.38749215547047,93.49375705396105,2021-07-01
MX-MIC,2021,8,22.9791809173703,110.74327014468031,2021-08-01
MX-MIC,2021,9,22.56441411162543,92.61305565882088,2021-09-01
MX-MIC,2021,10,22.755616034482493,45.908156826528156,2021-10-01
MX-MIC,2021,11,20.67058237372059,3.8614862305868947,2021-11-01
MX-MIC,2021,12,20.269564723722436,0.9182028632175846,2021-12-01
MX-MIC,2022,1,20.595902172683843,1.1453978014007455,2022-01-01
MX-MIC,2022,2,21.77481152860164,0.48680170820385404,2022-02-01
MX-MIC,2022,3,23.215193315399898,0.08501209155196796,2022-03-01
MX-MIC,2022,4,25.20821972188963,0.7175180121033925,2022-04-01
MX-MIC,2022,5,26.196220029830425,3.8799650183241856,2022-05-01
MX-MIC,2022,6,24.215492213909805,51.582646295505896,2022-06-01
MX-MIC,2022,7,23.382208289549805,79.53446259216075,2022-07-01
MX-MIC,2022,8,23.36547645942914,67.95311432236956,2022-08-01
MX-MIC,2022,9,22.96312929342398,88.33318236235559,2022-09-01
MX-MIC,2022,10,23.055977407941803,30.46440291452866,2022-10-01
MX-MIC,2022,11,22.361826704891662,3.4211140539262894,2022-11-01
MX-MIC,2022,12,20.19514304686713,2.0679215841051306,2022-12-01
MX-MIC,2023,1,20.07250884266907,0.21068434624655738,2023-01-01
MX-MIC,2023,2,21.98394468309226,0.07669594630570634,2023-02-01
MX-MIC,2023,3,23.394305785966846,0.5729527836505109,2023-03-01
MX-MIC,2023,4,24.848119025795214,1.2596598784448927,2023-04-01
MX-MIC,2023,5,25.987167654855202,5.361676824274004,2023-05-01
MX-MIC,2023,6,27.374763729624775,13.45381196334062,2023-06-01
MX-MIC,2023,7,24.85933450716084,57.554409212065124,2023-07-01
MX-MIC,2023,8,24.40452598375551,70.27376919538032,2023-08-01
MX-MIC,2023,9,24.656926788878323,38.19187970085943,2023-09-01
MX-MIC,2023,10,23.17216406011227,63.99881729222454,2023-10-01
MX-MIC,2023,11,23.115412382308374,15.48963677616322,2023-11-01
MX-MIC,2023,12,20.41232315699977,7.5489730247597215,2023-12-01
MX-MIC,2024,1,20.900665979859838,0.26745733378634623,2024-01-01
MX-MIC,2024,2,21.856380689624846,6.447577600972458,2024-02-01
MX-MIC,2024,3,23.88168818083794,0.026122979813551713,2024-03-01
MX-MIC,2024,4,26.182549199851778,0.1489538338163692,2024-04-01
MX-MIC,2024,5,27.884305292907978,0.7089412767693817,2024-05-01
MX-MIC,2024,6,26.462590932354328,28.523694991793512,2024-06-01
MX-MIC,2024,7,24.345787782726415,90.25540591315216,2024-07-01
MX-MIC,2024,8,23.985399883212626,86.84948503615273,2024-08-01
MX-MIC,2024,9,23.84094546501697,111.74694167749031,2024-09-01
MX-MIC,2024,10,23.571956221977707,22.622179849000453,2024-10-01
MX-MIC,2024,11,23.13253035571797,4.042021312313772,2024-11-01
MX-MIC,2024,12,21.40097480295388,0.9915508191998278,2024-12-01
MX-MIC,2025,1,20.912183587466995,9.617852696269,2025-01-01
MX-MIC,2025,2,23.26338112223709,1.1516522704336905,2025-02-01
MX-MIC,2025,3,24.247288175547514,0.11046069665579991,2025-03-01
MX-MIC,2025,4,25.143195798917873,0.12978074904352355,2025-04-01
MX-MIC,2025,5,26.58075518873627,10.713416855323802,2025-05-01
MX-MIC,2025,6,24.20875570106434,99.15662806808002,2025-06-01
MX-MIC,2025,7,23.92938401552987,57.12326587011583,2025-07-01
MX-MIC,2025,8,24.354934709480666,61.989781990829165,2025-08-01
MX-MIC,2025,9,24.144827067036648,64.4837386573682,2025-09-01
MX-MIC,2025,10,23.703847743959592,40.89417371631029,2025-10-01
MX-MIC,2025,11,22.749497030595467,1.5983305355597486,2025-11-01
MX-MIC,2025,12,21.95047013291694,4.358237226422164,2025-12-01
MX-MOR,1990,1,22.159140398782025,0.3667922546510994,1990-01-01
MX-MOR,1990,2,22.963719955180462,7.526877392559499,1990-02-01
MX-MOR,1990,3,25.082494972285257,1.093313874785272,1990-03-01
MX-MOR,1990,4,26.420608806478647,12.012875427329286,1990-04-01
MX-MOR,1990,5,25.574841897073906,56.36274681779834,1990-05-01
MX-MOR,1990,6,24.539032917296957,88.95388031501754,1990-06-01
MX-MOR,1990,7,23.638604267275817,100.11574838898461,1990-07-01
MX-MOR,1990,8,25.006424951908926,46.952286077438544,1990-08-01
MX-MOR,1990,9,23.84534410323763,75.20669271876478,1990-09-01
MX-MOR,1990,10,23.518879414722775,53.093189158631965,1990-10-01
MX-MOR,1990,11,22.700255359537845,7.019506393527132,1990-11-01
MX-MOR,1990,12,21.1540495357207,3.277007010361655,1990-12-01
MX-MOR,1991,1,21.724621609709065,0.19189345207114714,1991-01-01
MX-MOR,1991,2,23.724900856643096,0.41898725325408603,1991-02-01
MX-MOR,1991,3,26.166958251542308,0.05633867548927967,1991-03-01
MX-MOR,1991,4,27.909528497535124,1.0587588405036867,1991-04-01
MX-MOR,1991,5,26.729787943032008,37.13143543707671,1991-05-01
MX-MOR,1991,6,24.635773265875308,118.91681120967317,1991-06-01
MX-MOR,1991,7,23.20901143632831,88.97476526953695,1991-07-01
MX-MOR,1991,8,24.47434334155608,70.49048398181989,1991-08-01
MX-MOR,1991,9,22.772899653614008,82.12632593619932,1991-09-01
MX-MOR,1991,10,22.28018972708471,56.67012065301436,1991-10-01
MX-MOR,1991,11,21.476479858021047,8.72445046812985,1991-11-01
MX-MOR,1991,12,21.23052420470823,1.9823069343835527,1991-12-01
MX-MOR,1992,1,20.22289055288221,25.593134727951778,1992-01-01
MX-MOR,1992,2,20.533526298528425,6.729043957071555,1992-02-01
MX-MOR,1992,3,25.230974447959913,0.07172327017093316,1992-03-01
MX-MOR,1992,4,26.062278536301204,4.757019014014311,1992-04-01
MX-MOR,1992,5,25.342577089628836,31.509060576713523,1992-05-01
MX-MOR,1992,6,25.327403768740947,68.61215891871603,1992-06-01
MX-MOR,1992,7,23.975596356026873,82.80835759614554,1992-07-01
MX-MOR,1992,8,23.883170997431414,103.4955122608336,1992-08-01
MX-MOR,1992,9,23.263358469041766,68.94604829244183,1992-09-01
MX-MOR,1992,10,23.091858664063516,30.73949591247253,1992-10-01
MX-MOR,1992,11,21.960168936538015,22.504957884719172,1992-11-01
MX-MOR,1992,12,21.56193399992712,0.4392014740816497,1992-12-01
MX-MOR,1993,1,21.757008599732167,1.0584751223016982,1993-01-01
MX-MOR,1993,2,22.906621482440546,3.9484410785991915,1993-02-01
MX-MOR,1993,3,24.36579491242171,0.19482708310006142,1993-03-01
MX-MOR,1993,4,26.538138553798476,2.723227733567616,1993-04-01
MX-MOR,1993,5,27.712958231559597,2.955389769990002,1993-05-01
MX-MOR,1993,6,25.85073931972389,87.54340556419659,1993-06-01
MX-MOR,1993,7,24.187197024054324,56.41647229437552,1993-07-01
MX-MOR,1993,8,25.16983955359471,55.73450443747085,1993-08-01
MX-MOR,1993,9,22.498869484993463,107.09681499507275,1993-09-01
MX-MOR,1993,10,23.508022750910808,28.70010714708576,1993-10-01
MX-MOR,1993,11,22.61527386111114,7.3168613136740595,1993-11-01
MX-MOR,1993,12,21.087025412134643,0.32725834682719046,1993-12-01
MX-MOR,1994,1,21.5336306594489,0.28597362682647753,1994-01-01
MX-MOR,1994,2,23.550759998727273,0.09525606004284184,1994-02-01
MX-MOR,1994,3,26.018861006382817,0.28268257164751526,1994-03-01
MX-MOR,1994,4,27.209378327049862,2.3880759818341937,1994-04-01
MX-MOR,1994,5,28.098475203246966,8.502944848898828,1994-05-01
MX-MOR,1994,6,24.666667093117532,72.71782425814807,1994-06-01
MX-MOR,1994,7,25.336484190680604,33.099232932699444,1994-07-01
MX-MOR,1994,8,23.67248748259042,107.26967593396394,1994-08-01
MX-MOR,1994,9,23.783000468160687,60.32880378856113,1994-09-01
MX-MOR,1994,10,23.797476604971962,38.80919337646731,1994-10-01
MX-MOR,1994,11,23.254420391852577,3.33117211255962,1994-11-01
MX-MOR,1994,12,22.73425123666879,0.29946720318010783,1994-12-01
MX-MOR,1995,1,22.42003215089775,12.21776190686089,1995-01-01
MX-MOR,1995,2,23.29587871351494,1.9256149259025523,1995-02-01
MX-MOR,1995,3,25.55494077881775,0.892263850006314,1995-03-01
MX-MOR,1995,4,27.400295964151475,2.8470701795805446,1995-04-01
MX-MOR,1995,5,27.130069703857515,52.10021589853676,1995-05-01
MX-MOR,1995,6,24.861199329322616,94.97664972859151,1995-06-01
MX-MOR,1995,7,23.663191588531742,98.34866917698129,1995-07-01
MX-MOR,1995,8,23.02837497172119,118.42212060023074,1995-08-01
MX-MOR,1995,9,23.22786752500352,77.28259297161608,1995-09-01
MX-MOR,1995,10,23.200546313066557,18.718205836812306,1995-10-01
MX-MOR,1995,11,22.825472769653775,15.475857877687009,1995-11-01
MX-MOR,1995,12,21.2135273680344,12.968745875743469,1995-12-01
MX-MOR,1996,1,19.919092180447546,0.025211026156111458,1996-01-01
MX-MOR,1996,2,22.75955633796147,0.24315500233091636,1996-02-01
MX-MOR,1996,3,24.310859592803883,0.1358367797802369,1996-03-01
MX-MOR,1996,4,26.741587944732206,2.59653020877462,1996-04-01
MX-MOR,1996,5,27.321815900277432,14.392238884020163,1996-05-01
MX-MOR,1996,6,24.14381299609401,78.03952206745562,1996-06-01
MX-MOR,1996,7,24.48404271154781,52.661532988907595,1996-07-01
MX-MOR,1996,8,24.069241985480435,84.06509554932815,1996-08-01
MX-MOR,1996,9,24.657305871133598,47.84465091645609,1996-09-01
MX-MOR,1996,10,23.529656642673196,49.109806039417016,1996-10-01
MX-MOR,1996,11,22.442165105695874,2.396894304386144,1996-11-01
MX-MOR,1996,12,21.69194676315249,6.5514247765828975,1996-12-01
MX-MOR,1997,1,21.054418154326676,1.1906203059052822,1997-01-01
MX-MOR,1997,2,23.45663105536593,0.07508698853080785,1997-02-01
MX-MOR,1997,3,24.976638087968254,6.507718904210736,1997-03-01
MX-MOR,1997,4,25.728762695026482,10.22632098463733,1997-04-01
MX-MOR,1997,5,26.40466319243126,22.730086629208923,1997-05-01
MX-MOR,1997,6,25.09665292774752,68.79268123311844,1997-06-01
MX-MOR,1997,7,25.440324497220914,43.42968334834718,1997-07-01
MX-MOR,1997,8,25.566933019188145,39.22260599703354,1997-08-01
MX-MOR,1997,9,23.885465469018435,77.7259714704522,1997-09-01
MX-MOR,1997,10,22.359224801877556,72.2083409362421,1997-10-01
MX-MOR,1997,11,22.723144374217494,9.773066052900337,1997-11-01
MX-MOR,1997,12,20.941748131215217,8.469485902590662,1997-12-01
MX-MOR,1998,1,20.2446186541853,0.16319122475478914,1998-01-01
MX-MOR,1998,2,21.398199742157374,0.10712890412937927,1998-02-01
MX-MOR,1998,3,24.914936361429593,0.04527778748581962,1998-03-01
MX-MOR,1998,4,27.979239559337522,0.13251131163762622,1998-04-01
MX-MOR,1998,5,28.928288552317788,2.1767169330535383,1998-05-01
MX-MOR,1998,6,27.455562604336954,35.80692380425507,1998-06-01
MX-MOR,1998,7,25.630903489598303,45.18623154201101,1998-07-01
MX-MOR,1998,8,24.992562497767945,81.34809369229619,1998-08-01
MX-MOR,1998,9,23.14510653369679,123.91984513398705,1998-09-01
MX-MOR,1998,10,23.46084609734141,41.52584223457922,1998-10-01
MX-MOR,1998,11,23.726919056771017,6.410534022864249,1998-11-01
MX-MOR,1998,12,21.957262479172346,0.033277840013738604,1998-12-01
MX-MOR,1999,1,20.680116734630687,0.0332624906970099,1999-01-01
MX-MOR,1999,2,22.964889667179047,0.3373069064224591,1999-02-01
MX-MOR,1999,3,25.076634951879154,1.6069558186881554,1999-03-01
MX-MOR,1999,4,27.774255951587623,0.7310196227694156,1999-04-01
MX-MOR,1999,5,27.382432882094353,16.461693414173634,1999-05-01
MX-MOR,1999,6,25.499416007590494,73.8236953299734,1999-06-01
MX-MOR,1999,7,24.066276558790335,77.55362275224182,1999-07-01
MX-MOR,1999,8,24.3154928901383,100.45052629558208,1999-08-01
MX-MOR,1999,9,23.70760447498927,58.51497961300528,1999-09-01
MX-MOR,1999,10,21.916876768973456,52.08916105656738,1999-10-01
MX-MOR,1999,11,21.502864089835263,1.554088150127316,1999-11-01
MX-MOR,1999,12,20.093409799908688,0.4174962593560353,1999-12-01
MX-MOR,2000,1,20.85166501687354,0.00506184465143488,2000-01-01
MX-MOR,2000,2,22.460228168445294,0.6503581190851678,2000-02-01
MX-MOR,2000,3,25.422307546249268,0.5229195729293387,2000-03-01
MX-MOR,2000,4,27.241823050766115,1.5296885189695781,2000-04-01
MX-MOR,2000,5,26.5800985163239,52.409866616085495,2000-05-01
MX-MOR,2000,6,23.80105350315827,99.43861518982266,2000-06-01
MX-MOR,2000,7,25.109965732977034,37.657245923073276,2000-07-01
MX-MOR,2000,8,24.359261457322646,59.6205220923833,2000-08-01
MX-MOR,2000,9,23.873740500518647,82.99073395028054,2000-09-01
MX-MOR,2000,10,23.99456002691692,21.89263361595268,2000-10-01
MX-MOR,2000,11,23.472515528596976,5.658988113754646,2000-11-01
MX-MOR,2000,12,20.736977651138183,0.9326988398144054,2000-12-01
MX-MOR,2001,1,21.277537799801912,3.124087919564557,2001-01-01
MX-MOR,2001,2,23.48580589308596,1.8724506527738771,2001-02-01
MX-MOR,2001,3,24.250145071634694,4.87590360554795,2001-03-01
MX-MOR,2001,4,26.82740134537503,9.062736634060228,2001-04-01
MX-MOR,2001,5,26.3402009371469,25.555604611394436,2001-05-01
MX-MOR,2001,6,24.266382239923026,75.84379444233265,2001-06-01
MX-MOR,2001,7,24.830059292763345,61.04412042066659,2001-07-01
MX-MOR,2001,8,24.808290363893427,61.201536965819024,2001-08-01
MX-MOR,2001,9,23.955176330341192,69.694835105264,2001-09-01
MX-MOR,2001,10,23.996677234890274,16.60333575749087,2001-10-01
MX-MOR,2001,11,22.44683420896621,0.6720587529216538,2001-11-01
MX-MOR,2001,12,21.655033225403653,3.652272876034711,2001-12-01
MX-MOR,2002,1,21.28368780690337,3.349753912013052,2002-01-01
MX-MOR,2002,2,22.804592840501165,2.553072990078795,2002-02-01
MX-MOR,2002,3,25.927299807195347,0.7433398755638477,2002-03-01
MX-MOR,2002,4,27.844581001329097,1.4334357425770052,2002-04-01
MX-MOR,2002,5,28.21931056649256,8.899794257043498,2002-05-01
MX-MOR,2002,6,24.828870906343045,83.37588950067632,2002-06-01
MX-MOR,2002,7,25.027633927115133,50.860966802124416,2002-07-01
MX-MOR,2002,8,26.112775623994317,24.77890824283377,2002-08-01
MX-MOR,2002,9,23.94712644538473,110.02221972102468,2002-09-01
MX-MOR,2002,10,24.163635963125873,32.97752967310199,2002-10-01
MX-MOR,2002,11,21.482367085686796,27.382797212741206,2002-11-01
MX-MOR,2002,12,21.186989202727833,0.026697537206332743,2002-12-01
MX-MOR,2003,1,21.54658206909035,0.28109978542508046,2003-01-01
MX-MOR,2003,2,23.27286603554168,0.11055359440122237,2003-02-01
MX-MOR,2003,3,24.977811179334,0.22178291304905773,2003-03-01
MX-MOR,2003,4,28.213684560614514,0.7266267239766645,2003-04-01
MX-MOR,2003,5,28.766442707376832,6.085955715562166,2003-05-01
MX-MOR,2003,6,24.013686912118565,113.01636090855811,2003-06-01
MX-MOR,2003,7,24.799845980914217,58.054528461141146,2003-07-01
MX-MOR,2003,8,24.72260821104383,60.85904019377505,2003-08-01
MX-MOR,2003,9,23.374326198680315,114.0534062570682,2003-09-01
MX-MOR,2003,10,23.32556643564365,65.28971957372048,2003-10-01
MX-MOR,2003,11,22.995450170521618,3.4410433770602507,2003-11-01
MX-MOR,2003,12,19.737765685648956,0.06850779946379439,2003-12-01
MX-MOR,2004,1,19.922606001596513,8.715573134282357,2004-01-01
MX-MOR,2004,2,21.522485447410048,0.15134773598180806,2004-02-01
MX-MOR,2004,3,24.649837455126853,4.71867760520404,2004-03-01
MX-MOR,2004,4,26.384943111458238,3.7302376167076106,2004-04-01
MX-MOR,2004,5,26.712519513171394,17.679644863921858,2004-05-01
MX-MOR,2004,6,24.29170918710491,62.58414820570021,2004-06-01
MX-MOR,2004,7,25.069660795489977,50.31019975374123,2004-07-01
MX-MOR,2004,8,25.443654912110297,48.084269774159004,2004-08-01
MX-MOR,2004,9,23.705733302240148,104.82351188965896,2004-09-01
MX-MOR,2004,10,23.674431165778817,44.780198309960625,2004-10-01
MX-MOR,2004,11,22.156961484243062,1.766005618931926,2004-11-01
MX-MOR,2004,12,20.638533252037817,0.1335739639758729,2004-12-01
MX-MOR,2005,1,20.88250836170244,0.1804613481015778,2005-01-01
MX-MOR,2005,2,23.649545153530756,0.11198285878360056,2005-02-01
MX-MOR,2005,3,24.778726719701734,8.635985105399753,2005-03-01
MX-MOR,2005,4,28.285112699839075,1.2610847773360734,2005-04-01
MX-MOR,2005,5,28.054149319235876,5.61604818754043,2005-05-01
MX-MOR,2005,6,27.67309992260745,41.30968618942465,2005-06-01
MX-MOR,2005,7,24.729615674365235,87.67765045189797,2005-07-01
MX-MOR,2005,8,24.674469848784494,86.37426612067748,2005-08-01
MX-MOR,2005,9,24.78893422572703,52.08964117720066,2005-09-01
MX-MOR,2005,10,24.043799898861213,36.099666709309716,2005-10-01
MX-MOR,2005,11,23.514560852470026,1.234759975437096,2005-11-01
MX-MOR,2005,12,22.181891555471942,1.6700309154335424,2005-12-01
MX-MOR,2006,1,21.53872641831999,0.5230969526124021,2006-01-01
MX-MOR,2006,2,23.53762241853021,0.1796125693311435,2006-02-01
MX-MOR,2006,3,25.312870086155762,3.5301396294596223,2006-03-01
MX-MOR,2006,4,27.44210502968651,6.268419214411925,2006-04-01
MX-MOR,2006,5,26.318012026879117,27.264198234327438,2006-05-01
MX-MOR,2006,6,24.63096770927156,75.54802293264548,2006-06-01
MX-MOR,2006,7,24.537586729103392,66.70154826202292,2006-07-01
MX-MOR,2006,8,23.832659317889647,90.34582160980261,2006-08-01
MX-MOR,2006,9,23.505469027274568,105.16718541235647,2006-09-01
MX-MOR,2006,10,24.139679200762036,42.06993694285485,2006-10-01
MX-MOR,2006,11,21.563355431944892,23.293733852943568,2006-11-01
MX-MOR,2006,12,20.892793185142057,0.8628146764204512,2006-12-01
MX-MOR,2007,1,22.014196999444106,1.347591583088023,2007-01-01
MX-MOR,2007,2,22.7769348081936,5.79908825612597,2007-02-01
MX-MOR,2007,3,24.980030198324673,1.9604037687990281,2007-03-01
MX-MOR,2007,4,27.07684000902417,2.737110813106037,2007-04-01
MX-MOR,2007,5,27.00834768182614,27.574788637269556,2007-05-01
MX-MOR,2007,6,24.990914002038654,60.90796896910411,2007-06-01
MX-MOR,2007,7,24.163335952815693,108.51233088049955,2007-07-01
MX-MOR,2007,8,23.56433151126814,128.78558948550653,2007-08-01
MX-MOR,2007,9,23.04416918131711,74.7861909755965,2007-09-01
MX-MOR,2007,10,22.731782637778483,31.45170024310342,2007-10-01
MX-MOR,2007,11,22.340654431821644,2.89001135037348,2007-11-01
MX-MOR,2007,12,21.9536455128819,1.1153019942407967,2007-12-01
MX-MOR,2008,1,21.28730018082509,0.40806811769689305,2008-01-01
MX-MOR,2008,2,23.573632056477358,0.5001271666318706,2008-02-01
MX-MOR,2008,3,24.922443551541924,0.13659921014951207,2008-03-01
MX-MOR,2008,4,27.14014488290797,5.961476659743602,2008-04-01
MX-MOR,2008,5,27.959507323855718,5.397875975468546,2008-05-01
MX-MOR,2008,6,24.975201136863266,68.9753741617291,2008-06-01
MX-MOR,2008,7,23.465054828909118,106.25443566502209,2008-07-01
MX-MOR,2008,8,23.83512902740934,119.99966071027849,2008-08-01
MX-MOR,2008,9,23.625160882785636,94.32984426580899,2008-09-01
MX-MOR,2008,10,23.788584893003623,22.86929593849553,2008-10-01
MX-MOR,2008,11,21.957487620331946,0.7873874306633591,2008-11-01
MX-MOR,2008,12,20.756477786116427,0.16332889323424116,2008-12-01
MX-MOR,2009,1,21.814316838706645,1.1770690394622987,2009-01-01
MX-MOR,2009,2,22.798983107827276,1.4872788937550085,2009-02-01
MX-MOR,2009,3,24.961206662517494,1.9359325857670826,2009-03-01
MX-MOR,2009,4,27.356389918801074,2.709864965372846,2009-04-01
MX-MOR,2009,5,26.79714063717232,28.474322374823128,2009-05-01
MX-MOR,2009,6,25.187159831840706,69.17410452243679,2009-06-01
MX-MOR,2009,7,25.15599345396517,57.92348354746172,2009-07-01
MX-MOR,2009,8,25.891506828009597,57.895077750264214,2009-08-01
MX-MOR,2009,9,23.673002328028144,102.79325095051765,2009-09-01
MX-MOR,2009,10,24.441406525626704,49.050680521792295,2009-10-01
MX-MOR,2009,11,22.186081409505764,4.45100004652783,2009-11-01
MX-MOR,2009,12,21.900071407931087,1.7622453996164953,2009-12-01
MX-MOR,2010,1,20.463236767261545,9.092648592606064,2010-01-01
MX-MOR,2010,2,20.931837755150752,30.09230352728677,2010-02-01
MX-MOR,2010,3,25.137364166375292,0.06633117300454348,2010-03-01
MX-MOR,2010,4,26.943913765952548,1.1887888277455132,2010-04-01
MX-MOR,2010,5,29.052535834541576,6.755821824577742,2010-05-01
MX-MOR,2010,6,26.81894494539163,62.177454537813595,2010-06-01
MX-MOR,2010,7,23.585201585705857,145.45957768433058,2010-07-01
MX-MOR,2010,8,23.987914364713003,138.5070037993784,2010-08-01
MX-MOR,2010,9,23.222377762800328,127.99442383760349,2010-09-01
MX-MOR,2010,10,23.449670574413286,4.077635825305426,2010-10-01
MX-MOR,2010,11,21.967934457925914,3.8537270181694194,2010-11-01
MX-MOR,2010,12,19.942088181597374,0.00403950989446769,2010-12-01
MX-MOR,2011,1,21.685949536002404,0.09512438138272354,2011-01-01
MX-MOR,2011,2,23.684469708344608,0.13352282356166975,2011-02-01
MX-MOR,2011,3,25.54854527470766,0.9198442851357583,2011-03-01
MX-MOR,2011,4,27.512070881289784,9.578778923725954,2011-04-01
MX-MOR,2011,5,28.426668023287395,9.176330698762866,2011-05-01
MX-MOR,2011,6,26.143792446846486,62.74097989702696,2011-06-01
MX-MOR,2011,7,23.522125039717743,127.47398352016462,2011-07-01
MX-MOR,2011,8,24.32855902600875,92.03222388479372,2011-08-01
MX-MOR,2011,9,23.95998337880391,50.877318315559705,2011-09-01
MX-MOR,2011,10,23.56181104747683,18.816538905411765,2011-10-01
MX-MOR,2011,11,23.12194240920407,7.131500212944237,2011-11-01
MX-MOR,2011,12,21.21708381666194,0.4783974120884904,2011-12-01
MX-MOR,2012,1,21.730940820930428,0.8484746197071472,2012-01-01
MX-MOR,2012,2,23.11387682585913,8.038933536358092,2012-02-01
MX-MOR,2012,3,25.57134263791641,2.008595077915137,2012-03-01
MX-MOR,2012,4,26.680861168330924,1.895454719024149,2012-04-01
MX-MOR,2012,5,27.346324737358756,16.93265848203879,2012-05-01
MX-MOR,2012,6,25.10296099122483,77.40768151271352,2012-06-01
MX-MOR,2012,7,23.97543192232174,76.43636689603875,2012-07-01
MX-MOR,2012,8,23.94756060134433,90.8087819340217,2012-08-01
MX-MOR,2012,9,24.18316320441225,57.649771155338286,2012-09-01
MX-MOR,2012,10,24.074595607149426,22.09708803423014,2012-10-01
MX-MOR,2012,11,22.763524355748995,3.5535303086029115,2012-11-01
MX-MOR,2012,12,22.10272166943799,0.0200969134718055,2012-12-01
MX-MOR,2013,1,22.090373440564665,0.46366404085229557,2013-01-01
MX-MOR,2013,2,24.225890786729483,0.01282267568299052,2013-02-01
MX-MOR,2013,3,24.308831815360666,5.552241594160943,2013-03-01
MX-MOR,2013,4,27.739471617338843,3.582524826809947,2013-04-01
MX-MOR,2013,5,27.54204560341582,16.075902872308692,2013-05-01
MX-MOR,2013,6,25.5844565588753,66.97338466347607,2013-06-01
MX-MOR,2013,7,24.239117645786806,102.47946988502065,2013-07-01
MX-MOR,2013,8,24.40548353308016,88.17897518430553,2013-08-01
MX-MOR,2013,9,22.89023304839016,156.70932537578653,2013-09-01
MX-MOR,2013,10,23.47654600703699,51.68471623233722,2013-10-01
MX-MOR,2013,11,22.693254709934834,21.718434014442742,2013-11-01
MX-MOR,2013,12,22.2510263922873,1.052736799261862,2013-12-01
MX-MOR,2014,1,21.188697712633033,2.521239296148742,2014-01-01
MX-MOR,2014,2,23.951707131977162,0.14217972147715846,2014-02-01
MX-MOR,2014,3,26.4361907323948,0.7118484104733023,2014-03-01
MX-MOR,2014,4,27.60869891741086,5.428946104795785,2014-04-01
MX-MOR,2014,5,25.64897545994585,55.33565833381091,2014-05-01
MX-MOR,2014,6,24.363449918815903,106.30244237864474,2014-06-01
MX-MOR,2014,7,25.09431884154902,39.09520376860004,2014-07-01
MX-MOR,2014,8,25.030956458582054,78.60292495939045,2014-08-01
MX-MOR,2014,9,23.918739311945217,103.18559910613541,2014-09-01
MX-MOR,2014,10,23.572076086902076,56.962828587363774,2014-10-01
MX-MOR,2014,11,23.088352031326583,5.617652805913398,2014-11-01
MX-MOR,2014,12,21.551545445393852,3.4220898891537455,2014-12-01
MX-MOR,2015,1,22.016887551107867,0.29033704066291927,2015-01-01
MX-MOR,2015,2,23.116430051602475,3.2566448505911505,2015-02-01
MX-MOR,2015,3,24.341633530236916,11.681031583721001,2015-03-01
MX-MOR,2015,4,28.037020822750794,3.639481432394444,2015-04-01
MX-MOR,2015,5,26.014222534289726,43.717834729735706,2015-05-01
MX-MOR,2015,6,24.961639243351847,76.56739957190959,2015-06-01
MX-MOR,2015,7,24.751622787804724,74.40658407092931,2015-07-01
MX-MOR,2015,8,25.518294525662853,71.37382668219252,2015-08-01
MX-MOR,2015,9,23.434159389625016,115.55728082320488,2015-09-01
MX-MOR,2015,10,24.096450245374708,49.403864507370784,2015-10-01
MX-MOR,2015,11,23.928585396785287,29.434264709379285,2015-11-01
MX-MOR,2015,12,22.418315200012977,1.2534457381933748,2015-12-01
MX-MOR,2016,1,20.32065046170812,10.051867108251047,2016-01-01
MX-MOR,2016,2,22.590299989626082,0.11683976891688255,2016-02-01
MX-MOR,2016,3,24.28107198560562,15.724612084540462,2016-03-01
MX-MOR,2016,4,27.4981980351857,5.966829596366902,2016-04-01
MX-MOR,2016,5,27.592988238095703,31.416650111624186,2016-05-01
MX-MOR,2016,6,24.720454470038778,88.85079811034748,2016-06-01
MX-MOR,2016,7,24.509692111910603,113.06539271059306,2016-07-01
MX-MOR,2016,8,24.296011087330296,122.95313972937961,2016-08-01
MX-MOR,2016,9,23.27744077907188,142.92296423950086,2016-09-01
MX-MOR,2016,10,23.540107263866123,26.27662487234071,2016-10-01
MX-MOR,2016,11,22.492990931382586,8.810165193479106,2016-11-01
MX-MOR,2016,12,22.906012944374083,2.462692887516125,2016-12-01
MX-MOR,2017,1,21.263730534137757,0.022597153422942134,2017-01-01
MX-MOR,2017,2,23.30513188696913,0.11479706522662583,2017-02-01
MX-MOR,2017,3,25.22310600504128,3.173468447156351,2017-03-01
MX-MOR,2017,4,26.66591044283464,4.106251028324682,2017-04-01
MX-MOR,2017,5,27.46505561623283,40.13498663000599,2017-05-01
MX-MOR,2017,6,24.43199707850328,111.74427845161829,2017-06-01
MX-MOR,2017,7,23.52756252118979,99.9317763479848,2017-07-01
MX-MOR,2017,8,23.92852593198242,136.08512690660527,2017-08-01
MX-MOR,2017,9,22.987144606709133,151.04232453572848,2017-09-01
MX-MOR,2017,10,23.14698293886064,36.332057512506665,2017-10-01
MX-MOR,2017,11,22.209591374963093,2.493312903606775,2017-11-01
MX-MOR,2017,12,20.574062666064954,0.014187485637805157,2017-12-01
MX-MOR,2018,1,20.534401427292053,1.2223606919706593,2018-01-01
MX-MOR,2018,2,23.582015575293592,3.190111740323629,2018-02-01
MX-MOR,2018,3,26.076420507384896,2.3550301867793806,2018-03-01
MX-MOR,2018,4,26.657795294414814,11.431942838243865,2018-04-01
MX-MOR,2018,5,25.534663146832866,52.11335330003842,2018-05-01
MX-MOR,2018,6,23.77156326792361,111.32792460417231,2018-06-01
MX-MOR,2018,7,25.01627902867365,33.59027757102848,2018-07-01
MX-MOR,2018,8,23.58410390224703,106.91094498931753,2018-08-01
MX-MOR,2018,9,23.531120423365838,105.53118685093298,2018-09-01
MX-MOR,2018,10,23.473119209255366,65.72071856472898,2018-10-01
MX-MOR,2018,11,21.67113947345131,36.45526691260844,2018-11-01
MX-MOR,2018,12,20.335509396497617,2.157399113024678,2018-12-01
MX-MOR,2019,1,21.159894539764007,0.5100662980270723,2019-01-01
MX-MOR,2019,2,23.878715030594314,0.2873298320015026,2019-02-01
MX-MOR,2019,3,25.728327156208554,1.1338227926221687,2019-03-01
MX-MOR,2019,4,27.124635090726557,0.923645791550018,2019-04-01
MX-MOR,2019,5,28.004983376780377,14.383041709524292,2019-05-01
MX-MOR,2019,6,24.631950849346367,106.01389295917123,2019-06-01
MX-MOR,2019,7,23.821484885109722,93.08847294087842,2019-07-01
MX-MOR,2019,8,24.150507843277452,83.62085124657806,2019-08-01
MX-MOR,2019,9,23.526821735350975,108.7479302375266,2019-09-01
MX-MOR,2019,10,23.14128903599758,106.25132418983411,2019-10-01
MX-MOR,2019,11,22.703136559265044,14.676529750659768,2019-11-01
MX-MOR,2019,12,21.06669608697424,0.1974614954836663,2019-12-01
MX-MOR,2020,1,21.696359642257036,0.6299327275521894,2020-01-01
MX-MOR,2020,2,23.480965292854105,3.208795432206343,2020-02-01
MX-MOR,2020,3,26.353439298807576,1.3727438513885954,2020-03-01
MX-MOR,2020,4,28.54683211616055,3.5463540873589343,2020-04-01
MX-MOR,2020,5,27.91920463390902,4.161169312082903,2020-05-01
MX-MOR,2020,6,25.745986303450785,76.36868816124279,2020-06-01
MX-MOR,2020,7,24.2589956706227,90.12714606545083,2020-07-01
MX-MOR,2020,8,24.04838360669914,102.97413386884395,2020-08-01
MX-MOR,2020,9,23.25886038974232,127.180534707936,2020-09-01
MX-MOR,2020,10,23.17348528079007,14.666935401063554,2020-10-01
MX-MOR,2020,11,23.092277513974484,0.4735398881825822,2020-11-01
MX-MOR,2020,12,22.2624144197427,0.16280610943824983,2020-12-01
MX-MOR,2021,1,22.00962698837356,5.295663401153312,2021-01-01
MX-MOR,2021,2,22.937776936668342,0.07463705192952336,2021-02-01
MX-MOR,2021,3,25.753557138428775,0.5285584600986936,2021-03-01
MX-MOR,2021,4,27.522178112849254,0.5531977038849002,2021-04-01
MX-MOR,2021,5,26.42545249661955,29.177091277450813,2021-05-01
MX-MOR,2021,6,23.438214860300796,109.52414268908026,2021-06-01
MX-MOR,2021,7,24.182542045853022,83.98196216046621,2021-07-01
MX-MOR,2021,8,23.540414735628776,127.80447851661577,2021-08-01
MX-MOR,2021,9,23.127950410520793,112.57100864152392,2021-09-01
MX-MOR,2021,10,23.830704210554917,44.99793299860359,2021-10-01
MX-MOR,2021,11,21.719765073998122,3.27337251901653,2021-11-01
MX-MOR,2021,12,21.84234474424737,0.03229172868201796,2021-12-01
MX-MOR,2022,1,21.819503526986857,2.1306946315872146,2022-01-01
MX-MOR,2022,2,23.008034809738792,0.9144327695361268,2022-02-01
MX-MOR,2022,3,25.333287748620652,0.24181283110574134,2022-03-01
MX-MOR,2022,4,27.237595616458357,5.9356148164129054,2022-04-01
MX-MOR,2022,5,28.22460603369095,5.235709988103329,2022-05-01
MX-MOR,2022,6,24.6608318514871,52.296529179319414,2022-06-01
MX-MOR,2022,7,24.524663428093596,99.03500199586709,2022-07-01
MX-MOR,2022,8,23.68925080500817,120.36697031810789,2022-08-01
MX-MOR,2022,9,23.14318449849129,105.7262885872249,2022-09-01
MX-MOR,2022,10,23.431045627102893,42.233690706521486,2022-10-01
MX-MOR,2022,11,23.068810653920355,6.63083600535687,2022-11-01
MX-MOR,2022,12,20.83298180056549,1.7203302509264355,2022-12-01
MX-MOR,2023,1,21.433788189117493,0.07024219123056401,2023-01-01
MX-MOR,2023,2,23.221774963194274,0.020502863431163455,2023-02-01
MX-MOR,2023,3,25.653378603877897,1.4761091147098422,2023-03-01
MX-MOR,2023,4,27.198782591799496,3.376812874898849,2023-04-01
MX-MOR,2023,5,27.0983820106954,15.468858840464225,2023-05-01
MX-MOR,2023,6,28.797451590286126,14.94458120206604,2023-06-01
MX-MOR,2023,7,25.054528720980404,79.0803660309579,2023-07-01
MX-MOR,2023,8,24.979780205634732,81.12550467960595,2023-08-01
MX-MOR,2023,9,24.832436256383023,72.33035025293654,2023-09-01
MX-MOR,2023,10,23.856688224344342,68.34674540581965,2023-10-01
MX-MOR,2023,11,23.58758602932922,17.229731050303513,2023-11-01
MX-MOR,2023,12,21.16150809085295,6.738408830829248,2023-12-01
MX-MOR,2024,1,22.17909244583457,3.2907678945319763,2024-01-01
MX-MOR,2024,2,23.729975791176464,2.2117363477041594,2024-02-01
MX-MOR,2024,3,26.312561442036053,0.005102809719022954,2024-03-01
MX-MOR,2024,4,28.478555365581347,0.8749588223522422,2024-04-01
MX-MOR,2024,5,30.570901627167867,1.0841446559618475,2024-05-01
MX-MOR,2024,6,27.721551022088647,62.302766331040196,2024-06-01
MX-MOR,2024,7,24.357497197551076,140.90041547833664,2024-07-01
MX-MOR,2024,8,24.568081705319436,100.75937717134741,2024-08-01
MX-MOR,2024,9,23.62095673945697,174.43217561075406,2024-09-01
MX-MOR,2024,10,23.111153103669427,48.36785597616421,2024-10-01
MX-MOR,2024,11,23.149596173974192,5.843070115155972,2024-11-01
MX-MOR,2024,12,21.71716117041482,0.19073224623706336,2024-12-01
MX-MOR,2025,1,22.04540267343107,9.040141206336246,2025-01-01
MX-MOR,2025,2,24.736908257235005,2.3323043792596874,2025-02-01
MX-MOR,2025,3,26.42844672925644,0.19256350379261403,2025-03-01
MX-MOR,2025,4,27.192646232508892,0.6889739089525954,2025-04-01
MX-MOR,2025,5,27.72912947448585,38.206781151110796,2025-05-01
MX-MOR,2025,6,23.653830458071713,125.70972319590047,2025-06-01
MX-MOR,2025,7,24.065911457362066,69.59553918827908,2025-07-01
MX-MOR,2025,8,24.19944915318341,95.81238665673735,2025-08-01
MX-MOR,2025,9,23.970092383645916,115.17246778808294,2025-09-01
MX-MOR,2025,10,23.395485284957864,66.40010973493797,2025-10-01
MX-MOR,2025,11,22.690296651281233,0.49593018161001734,2025-11-01
MX-MOR,2025,12,22.80404916889611,1.9114366656884076,2025-12-01
MX-NAY,1990,1,18.373028389345915,2.9198976418120033,1990-01-01
MX-NAY,1990,2,17.79218654583221,19.41024444068167,1990-02-01
MX-NAY,1990,3,20.119130083214568,0.17069793154623988,1990-03-01
MX-NAY,1990,4,22.323177107836578,0.18849429865014383,1990-04-01
MX-NAY,1990,5,24.03766303593148,4.793957273250853,1990-05-01
MX-NAY,1990,6,24.18128279281309,71.96234260905176,1990-06-01
MX-NAY,1990,7,22.62912630403312,118.65365460699323,1990-07-01
MX-NAY,1990,8,23.233567734910086,86.00277013662965,1990-08-01
MX-NAY,1990,9,22.71344073522349,93.70615942270949,1990-09-01
MX-NAY,1990,10,22.27400220353747,40.44112631735438,1990-10-01
MX-NAY,1990,11,20.814201980207443,1.3770426194427994,1990-11-01
MX-NAY,1990,12,18.747022309842027,0.6249135912504404,1990-12-01
MX-NAY,1991,1,17.654456774578655,0.7287042477102806,1991-01-01
MX-NAY,1991,2,19.176204345051964,3.0107769523547647,1991-02-01
MX-NAY,1991,3,19.940278822594646,0.03862586136804211,1991-03-01
MX-NAY,1991,4,21.879333113049086,0.021305023748687143,1991-04-01
MX-NAY,1991,5,23.0263835518372,0.2912184844338573,1991-05-01
MX-NAY,1991,6,24.298770153940804,45.2757885204546,1991-06-01
MX-NAY,1991,7,22.290031707124783,100.42403968574204,1991-07-01
MX-NAY,1991,8,23.440888410039722,81.29144335687985,1991-08-01
MX-NAY,1991,9,22.694630287764802,87.07309063835312,1991-09-01
MX-NAY,1991,10,22.19646689702901,32.948960969964126,1991-10-01
MX-NAY,1991,11,19.744756412975082,23.730370930793814,1991-11-01
MX-NAY,1991,12,18.313791118490773,15.97263581949954,1991-12-01
MX-NAY,1992,1,15.940660712822801,95.24424909034222,1992-01-01
MX-NAY,1992,2,16.570784928706953,13.430815320656965,1992-02-01
MX-NAY,1992,3,19.76537830868264,3.140267272171634,1992-03-01
MX-NAY,1992,4,21.275275212074053,4.914182019539733,1992-04-01
MX-NAY,1992,5,23.67784584312731,8.746786237545802,1992-05-01
MX-NAY,1992,6,25.115321522215975,21.95036292549736,1992-06-01
MX-NAY,1992,7,23.147164063671518,102.29105825394888,1992-07-01
MX-NAY,1992,8,22.971656631628978,108.14424990778954,1992-08-01
MX-NAY,1992,9,23.11911603451603,94.59240678683933,1992-09-01
MX-NAY,1992,10,22.02412750565227,42.08439591039518,1992-10-01
MX-NAY,1992,11,18.898718094562618,9.069919623219512,1992-11-01
MX-NAY,1992,12,19.116653939540264,31.999060805179372,1992-12-01
MX-NAY,1993,1,17.597391620751303,14.863106387216437,1993-01-01
MX-NAY,1993,2,18.072092107965005,0.16647547736799,1993-02-01
MX-NAY,1993,3,19.39597885571882,1.281009710614125,1993-03-01
MX-NAY,1993,4,21.496093994751554,0.2483847043411709,1993-04-01
MX-NAY,1993,5,22.531486657799142,5.203814314947724,1993-05-01
MX-NAY,1993,6,24.605125453175205,66.0399949802021,1993-06-01
MX-NAY,1993,7,23.395070470695043,102.25130384847479,1993-07-01
MX-NAY,1993,8,23.40315676204104,97.35337363812515,1993-08-01
MX-NAY,1993,9,22.34516328059475,91.19336912951582,1993-09-01
MX-NAY,1993,10,22.901957779136264,37.04273835237816,1993-10-01
MX-NAY,1993,11,20.426536754603838,14.906799508996297,1993-11-01
MX-NAY,1993,12,18.996272866427734,0.042595724538933656,1993-12-01
MX-NAY,1994,1,18.443093814164275,0.6246009396401182,1994-01-01
MX-NAY,1994,2,19.51144484508961,0.07222697572409653,1994-02-01
MX-NAY,1994,3,20.830148331428468,1.9734767990653868,1994-03-01
MX-NAY,1994,4,22.52801148563574,0.4561512058449245,1994-04-01
MX-NAY,1994,5,24.50984321032906,1.0528422981580081,1994-05-01
MX-NAY,1994,6,24.361345214943267,54.57628258817703,1994-06-01
MX-NAY,1994,7,23.960980168560976,80.24514962360983,1994-07-01
MX-NAY,1994,8,23.123432702450394,97.76689808969826,1994-08-01
MX-NAY,1994,9,23.582269938955537,60.18346153935535,1994-09-01
MX-NAY,1994,10,22.300922068572262,53.5995282296548,1994-10-01
MX-NAY,1994,11,21.327795494754323,4.899228719443647,1994-11-01
MX-NAY,1994,12,19.452028136911352,6.9374798891321525,1994-12-01
MX-NAY,1995,1,18.16332214839308,1.9922755037699897,1995-01-01
MX-NAY,1995,2,20.539121908987482,1.3265181660613719,1995-02-01
MX-NAY,1995,3,20.607917158737983,0.12567173118500144,1995-03-01
MX-NAY,1995,4,21.485967266393654,0.07337740066092634,1995-04-01
MX-NAY,1995,5,23.760337365323377,0.46013942395106733,1995-05-01
MX-NAY,1995,6,24.483424616771263,66.95026212763223,1995-06-01
MX-NAY,1995,7,23.567836710544512,109.45436893781864,1995-07-01
MX-NAY,1995,8,23.33662946702156,123.19214001497016,1995-08-01
MX-NAY,1995,9,23.315709658571542,105.5924433329939,1995-09-01
MX-NAY,1995,10,22.944952015098952,13.805010072362705,1995-10-01
MX-NAY,1995,11,21.45390549864072,8.205858741110422,1995-11-01
MX-NAY,1995,12,18.191164707587678,6.938609317254612,1995-12-01
MX-NAY,1996,1,17.525593634703263,0.25480681924080234,1996-01-01
MX-NAY,1996,2,19.72719869816316,0.8380567504531016,1996-02-01
MX-NAY,1996,3,19.671409719163158,0.1269530313936719,1996-03-01
MX-NAY,1996,4,21.732937834170524,1.0211258425044007,1996-04-01
MX-NAY,1996,5,24.421174157241335,1.8106325770101648,1996-05-01
MX-NAY,1996,6,24.384012630021928,50.051501352430165,1996-06-01
MX-NAY,1996,7,23.742987815492455,107.03172850636057,1996-07-01
MX-NAY,1996,8,23.14058822848781,136.13913025089187,1996-08-01
MX-NAY,1996,9,22.9383171777528,78.71985994027004,1996-09-01
MX-NAY,1996,10,22.449256580515407,40.78525971045625,1996-10-01
MX-NAY,1996,11,20.407150825491733,11.010687605403216,1996-11-01
MX-NAY,1996,12,18.306460817504323,0.8590495522403151,1996-12-01
MX-NAY,1997,1,16.035514011336083,17.996982358724186,1997-01-01
MX-NAY,1997,2,18.014496039410457,8.473672480948972,1997-02-01
MX-NAY,1997,3,20.1031061207414,5.181610764033152,1997-03-01
MX-NAY,1997,4,19.92858553281103,16.153726512416775,1997-04-01
MX-NAY,1997,5,24.156726172862935,9.189135851506876,1997-05-01
MX-NAY,1997,6,24.32212695010484,71.00643069018331,1997-06-01
MX-NAY,1997,7,24.048565516316014,86.98885825327265,1997-07-01
MX-NAY,1997,8,23.76090511371804,75.50438595368307,1997-08-01
MX-NAY,1997,9,23.828442413910953,77.8523095985031,1997-09-01
MX-NAY,1997,10,22.16035200338411,42.073240696716695,1997-10-01
MX-NAY,1997,11,20.1797263351109,20.629738160454043,1997-11-01
MX-NAY,1997,12,16.144258810266717,7.069091749780495,1997-12-01
MX-NAY,1998,1,16.865338430847927,1.0792810420168137,1998-01-01
MX-NAY,1998,2,15.982489775878317,7.754601183600612,1998-02-01
MX-NAY,1998,3,19.303596917294826,0.7295990123957077,1998-03-01
MX-NAY,1998,4,21.508310401869927,0.06357691412895994,1998-04-01
MX-NAY,1998,5,24.073688143219517,0.4783722570508499,1998-05-01
MX-NAY,1998,6,25.19751079436144,49.30852378981893,1998-06-01
MX-NAY,1998,7,24.074953926900047,117.25291424242135,1998-07-01
MX-NAY,1998,8,24.04814100549384,105.61749406076494,1998-08-01
MX-NAY,1998,9,23.648017671544576,138.69785945624147,1998-09-01
MX-NAY,1998,10,23.764719936197373,43.89176538032079,1998-10-01
MX-NAY,1998,11,21.30329778128075,5.651162330268772,1998-11-01
MX-NAY,1998,12,19.332153418208783,0.11304772028425131,1998-12-01
MX-NAY,1999,1,17.330844498531214,0.38002453516569407,1999-01-01
MX-NAY,1999,2,19.55675740764921,0.21030011034688284,1999-02-01
MX-NAY,1999,3,20.14212858272552,1.744206951707819,1999-03-01
MX-NAY,1999,4,22.361986631069204,0.45211396263796055,1999-04-01
MX-NAY,1999,5,23.443488163637646,1.7917568831401742,1999-05-01
MX-NAY,1999,6,24.291867078739642,70.69884415705077,1999-06-01
MX-NAY,1999,7,23.381672613382065,129.57134064918918,1999-07-01
MX-NAY,1999,8,23.33046649044058,112.71325083049952,1999-08-01
MX-NAY,1999,9,23.998590861559364,71.02548859522899,1999-09-01
MX-NAY,1999,10,22.982838030310926,31.685340435764026,1999-10-01
MX-NAY,1999,11,20.222601855204434,1.1827164341374972,1999-11-01
MX-NAY,1999,12,17.04552981888832,0.3155387155962346,1999-12-01
MX-NAY,2000,1,18.0188383186122,0.02349352712535951,2000-01-01
MX-NAY,2000,2,19.27494843950544,0.26240328786578976,2000-02-01
MX-NAY,2000,3,20.195203765068097,0.07569906679149109,2000-03-01
MX-NAY,2000,4,22.364618904679766,0.524515308777943,2000-04-01
MX-NAY,2000,5,23.758009682941836,14.924906016860835,2000-05-01
MX-NAY,2000,6,23.883371367888653,111.16801526752619,2000-06-01
MX-NAY,2000,7,23.427686027301696,78.56892279710053,2000-07-01
MX-NAY,2000,8,23.462777288596474,88.14468165727158,2000-08-01
MX-NAY,2000,9,23.559074352482167,114.29840276391691,2000-09-01
MX-NAY,2000,10,22.76788773108669,35.990663018047876,2000-10-01
MX-NAY,2000,11,19.856643675174162,5.878716592463247,2000-11-01
MX-NAY,2000,12,18.596527688157764,9.94101572873966,2000-12-01
MX-NAY,2001,1,18.02479834432425,4.391641020063669,2001-01-01
MX-NAY,2001,2,19.87368241297592,0.6187320468811212,2001-02-01
MX-NAY,2001,3,18.520575017582363,11.152355506003117,2001-03-01
MX-NAY,2001,4,22.41580699469353,0.7540823127460371,2001-04-01
MX-NAY,2001,5,24.23876307301011,3.764003557431865,2001-05-01
MX-NAY,2001,6,24.1736447874137,51.48062083828234,2001-06-01
MX-NAY,2001,7,23.36263988361491,102.54665624702544,2001-07-01
MX-NAY,2001,8,24.054870844087894,110.6023275029913,2001-08-01
MX-NAY,2001,9,23.846911627652553,69.63596090033275,2001-09-01
MX-NAY,2001,10,22.910464163310575,25.11566575468654,2001-10-01
MX-NAY,2001,11,20.34103124729993,2.202361265391682,2001-11-01
MX-NAY,2001,12,18.434332114446693,5.476190406401913,2001-12-01
MX-NAY,2002,1,17.702571250244546,1.0942902698426775,2002-01-01
MX-NAY,2002,2,18.714877774315173,28.532026134411492,2002-02-01
MX-NAY,2002,3,20.72628638823609,0.49670736760150197,2002-03-01
MX-NAY,2002,4,23.02674966940943,1.625511777685834,2002-04-01
MX-NAY,2002,5,24.82678757664652,4.589223357237099,2002-05-01
MX-NAY,2002,6,24.662389620255393,26.6655323591789,2002-06-01
MX-NAY,2002,7,24.009881491336067,76.84558346567967,2002-07-01
MX-NAY,2002,8,24.3780102489221,63.1498210435733,2002-08-01
MX-NAY,2002,9,23.813702787807863,81.32087279545694,2002-09-01
MX-NAY,2002,10,22.94762749662511,41.15086148444427,2002-10-01
MX-NAY,2002,11,20.021990035195106,12.44476273581141,2002-11-01
MX-NAY,2002,12,17.461226668094834,2.8743456611780367,2002-12-01
MX-NAY,2003,1,18.969549421988077,2.0445337148471885,2003-01-01
MX-NAY,2003,2,18.51224434258219,4.056879809033205,2003-02-01
MX-NAY,2003,3,19.63045738611207,0.3636429262215217,2003-03-01
MX-NAY,2003,4,22.837059824192792,0.2928693507021208,2003-04-01
MX-NAY,2003,5,24.45148745352899,3.0700593698880962,2003-05-01
MX-NAY,2003,6,24.526440543005158,37.29075896680816,2003-06-01
MX-NAY,2003,7,23.7395659854051,87.72621341370318,2003-07-01
MX-NAY,2003,8,23.582298251075173,98.7333849474833,2003-08-01
MX-NAY,2003,9,23.41329897679556,116.37953318515315,2003-09-01
MX-NAY,2003,10,22.92173487072605,35.53981573418396,2003-10-01
MX-NAY,2003,11,21.932993079633764,1.5619969875464523,2003-11-01
MX-NAY,2003,12,18.100230423808604,0.19888419900118146,2003-12-01
MX-NAY,2004,1,16.930097758916897,29.348004164459436,2004-01-01
MX-NAY,2004,2,17.35962584434007,1.558971261521961,2004-02-01
MX-NAY,2004,3,21.192472999762863,3.9429169063282687,2004-03-01
MX-NAY,2004,4,20.90062031909221,2.60660831114492,2004-04-01
MX-NAY,2004,5,23.567572248178163,3.8720749890559403,2004-05-01
MX-NAY,2004,6,23.626122579549875,85.66653624289121,2004-06-01
MX-NAY,2004,7,23.412697193241872,83.14609661223652,2004-07-01
MX-NAY,2004,8,23.467890460349157,93.32479517992864,2004-08-01
MX-NAY,2004,9,22.88638814207819,99.82647360144547,2004-09-01
MX-NAY,2004,10,22.87775617570259,19.473983705502565,2004-10-01
MX-NAY,2004,11,19.457383529354594,12.388302855544179,2004-11-01
MX-NAY,2004,12,18.16487675487463,1.1174934486156016,2004-12-01
MX-NAY,2005,1,18.588967237592286,3.4953189124706685,2005-01-01
MX-NAY,2005,2,18.575934152464917,19.511736217914084,2005-02-01
MX-NAY,2005,3,17.82196814704881,5.598723435403381,2005-03-01
MX-NAY,2005,4,21.757207718326814,0.07118587174413561,2005-04-01
MX-NAY,2005,5,22.215511587041604,1.235389466024468,2005-05-01
MX-NAY,2005,6,24.058484978004753,12.096251969375231,2005-06-01
MX-NAY,2005,7,23.69939669474078,106.84762307832375,2005-07-01
MX-NAY,2005,8,23.447167148100604,115.0399118317375,2005-08-01
MX-NAY,2005,9,24.070589357748364,68.60939020083532,2005-09-01
MX-NAY,2005,10,22.76354229585385,59.934971076526416,2005-10-01
MX-NAY,2005,11,20.023226485419254,1.2068499864625015,2005-11-01
MX-NAY,2005,12,17.608811001675935,1.207673710420119,2005-12-01
MX-NAY,2006,1,18.000629371895148,0.6643963988883244,2006-01-01
MX-NAY,2006,2,19.041964453679935,0.13886431679014802,2006-02-01
MX-NAY,2006,3,19.794105392888227,0.3629293030391049,2006-03-01
MX-NAY,2006,4,22.04468364255327,0.24274033185485086,2006-04-01
MX-NAY,2006,5,23.28027902646964,6.733582413273375,2006-05-01
MX-NAY,2006,6,24.41419845993388,50.08585553259078,2006-06-01
MX-NAY,2006,7,23.915703037257014,115.00910347196655,2006-07-01
MX-NAY,2006,8,23.544995243642504,94.52424543728688,2006-08-01
MX-NAY,2006,9,23.095870288117453,114.9769207452054,2006-09-01
MX-NAY,2006,10,22.865762608004395,40.288528633757785,2006-10-01
MX-NAY,2006,11,20.570773104572385,4.971446125841076,2006-11-01
MX-NAY,2006,12,17.551948814602156,7.952684449999771,2006-12-01
MX-NAY,2007,1,17.33151801138509,14.573107596992502,2007-01-01
MX-NAY,2007,2,17.727298628339504,1.1824494155630207,2007-02-01
MX-NAY,2007,3,20.141904116533258,0.02431300549450746,2007-03-01
MX-NAY,2007,4,21.273252768032435,1.3774979811385053,2007-04-01
MX-NAY,2007,5,22.96516930128619,1.5047131123459108,2007-05-01
MX-NAY,2007,6,23.93941383042936,61.217702118729704,2007-06-01
MX-NAY,2007,7,23.44716604710744,96.75352067926578,2007-07-01
MX-NAY,2007,8,23.76015052247602,125.69269850466308,2007-08-01
MX-NAY,2007,9,23.412584328616557,80.56639040795868,2007-09-01
MX-NAY,2007,10,22.481673886600564,25.08787555624166,2007-10-01
MX-NAY,2007,11,20.541185971428217,4.5371852993087485,2007-11-01
MX-NAY,2007,12,18.13509237491234,2.5185724368655524,2007-12-01
MX-NAY,2008,1,16.998537032437863,0.01568797502791025,2008-01-01
MX-NAY,2008,2,17.923512237262102,0.2853470544102454,2008-02-01
MX-NAY,2008,3,18.41908068816141,0.4897216831642341,2008-03-01
MX-NAY,2008,4,21.759171671387602,0.7319245260852842,2008-04-01
MX-NAY,2008,5,22.878633316609694,6.719756854031666,2008-05-01
MX-NAY,2008,6,23.53490780606087,64.82700125411986,2008-06-01
MX-NAY,2008,7,23.160666483728722,129.75570918260473,2008-07-01
MX-NAY,2008,8,22.928920127094596,130.51086229191327,2008-08-01
MX-NAY,2008,9,23.429665146040495,98.65551540038187,2008-09-01
MX-NAY,2008,10,23.167612381796268,28.171616132235926,2008-10-01
MX-NAY,2008,11,20.094737238658013,2.3121994988703163,2008-11-01
MX-NAY,2008,12,18.043156874280225,0.33239569452054757,2008-12-01
MX-NAY,2009,1,18.52457637562596,1.1414245557590297,2009-01-01
MX-NAY,2009,2,19.19281150287707,0.08452731136812784,2009-02-01
MX-NAY,2009,3,20.348378638737454,1.34381901088622,2009-03-01
MX-NAY,2009,4,21.239950044031314,0.21186459394397061,2009-04-01
MX-NAY,2009,5,23.303687885093186,13.788701822436902,2009-05-01
MX-NAY,2009,6,24.09620658592463,71.00770432842438,2009-06-01
MX-NAY,2009,7,24.363329267818834,74.50236358184523,2009-07-01
MX-NAY,2009,8,24.161743882059707,82.1538159353529,2009-08-01
MX-NAY,2009,9,23.999591878013142,88.79824627784197,2009-09-01
MX-NAY,2009,10,22.807565414153434,43.95244483673948,2009-10-01
MX-NAY,2009,11,20.144827633770856,3.9189668765581636,2009-11-01
MX-NAY,2009,12,16.95726401765247,41.74064353525019,2009-12-01
MX-NAY,2010,1,16.73125235324639,5.831910923110667,2010-01-01
MX-NAY,2010,2,16.481709665275993,46.7889235992516,2010-02-01
MX-NAY,2010,3,18.630944277088176,1.057524077333325,2010-03-01
MX-NAY,2010,4,20.28267262208038,1.754054972879523,2010-04-01
MX-NAY,2010,5,22.84558364988252,1.1984134468059806,2010-05-01
MX-NAY,2010,6,24.104224990628456,35.863137914202746,2010-06-01
MX-NAY,2010,7,23.25475762366458,148.06547966062,2010-07-01
MX-NAY,2010,8,24.310182382169238,139.8869910477783,2010-08-01
MX-NAY,2010,9,23.787725047512897,133.96891298614932,2010-09-01
MX-NAY,2010,10,22.348566846753656,6.879031474915728,2010-10-01
MX-NAY,2010,11,18.845974500245106,0.19160891295202553,2010-11-01
MX-NAY,2010,12,16.783768762285714,0.20782773459197132,2010-12-01
MX-NAY,2011,1,16.53296581843696,0.43256045165750623,2011-01-01
MX-NAY,2011,2,17.51869536120939,0.4365420825113811,2011-02-01
MX-NAY,2011,3,19.991574474838934,0.134382716040591,2011-03-01
MX-NAY,2011,4,21.69901961170954,0.02987440674158953,2011-04-01
MX-NAY,2011,5,23.610804301206592,1.5529102543482658,2011-05-01
MX-NAY,2011,6,24.74662533058554,41.03191273854813,2011-06-01
MX-NAY,2011,7,23.66823998871867,140.77972600360087,2011-07-01
MX-NAY,2011,8,23.91207221620155,122.8282231274997,2011-08-01
MX-NAY,2011,9,24.075170166755676,74.20416532677197,2011-09-01
MX-NAY,2011,10,23.10958048481082,25.352356117802096,2011-10-01
MX-NAY,2011,11,20.06977787844945,2.08295588520295,2011-11-01
MX-NAY,2011,12,17.7000548631812,0.3939793147154688,2011-12-01
MX-NAY,2012,1,17.750653056958637,0.7529298156771037,2012-01-01
MX-NAY,2012,2,17.936584273849206,19.449948788581796,2012-02-01
MX-NAY,2012,3,20.037323864737903,0.5558296695440182,2012-03-01
MX-NAY,2012,4,20.807584521841804,0.41697638870468084,2012-04-01
MX-NAY,2012,5,23.816390547879095,6.13013604469495,2012-05-01
MX-NAY,2012,6,24.13817367746036,51.15879323991656,2012-06-01
MX-NAY,2012,7,23.325885785235304,90.44919814299097,2012-07-01
MX-NAY,2012,8,23.59910145776508,128.51059378218537,2012-08-01
MX-NAY,2012,9,23.497641528262502,66.65515364591586,2012-09-01
MX-NAY,2012,10,23.33039986082175,21.24486692752915,2012-10-01
MX-NAY,2012,11,21.287052117561885,3.2279416305981257,2012-11-01
MX-NAY,2012,12,18.646732901347576,5.632792571557734,2012-12-01
MX-NAY,2013,1,17.613029625530498,17.78924821035784,2013-01-01
MX-NAY,2013,2,18.49241380510591,0.040406625420673865,2013-02-01
MX-NAY,2013,3,19.737276280138758,1.2167432886014375,2013-03-01
MX-NAY,2013,4,21.25219479953221,0.03318871145539679,2013-04-01
MX-NAY,2013,5,23.28258520209018,0.801399054267142,2013-05-01
MX-NAY,2013,6,24.418335814388122,54.06200264586763,2013-06-01
MX-NAY,2013,7,23.284086241119006,105.7123099619297,2013-07-01
MX-NAY,2013,8,23.72644706173693,121.06464026584032,2013-08-01
MX-NAY,2013,9,23.191216817062006,116.13369359765022,2013-09-01
MX-NAY,2013,10,23.250212719516817,32.52915150478167,2013-10-01
MX-NAY,2013,11,21.01670377021036,28.893618431155918,2013-11-01
MX-NAY,2013,12,18.46402194429164,36.222884760890274,2013-12-01
MX-NAY,2014,1,17.687081583099264,6.414075780005278,2014-01-01
MX-NAY,2014,2,19.10762924003833,0.026836626226302895,2014-02-01
MX-NAY,2014,3,20.005879978253496,2.6455602421703057,2014-03-01
MX-NAY,2014,4,22.27821587379432,1.2699805315600678,2014-04-01
MX-NAY,2014,5,23.978269898343832,22.170615381375804,2014-05-01
MX-NAY,2014,6,24.29134959994521,88.87689646856273,2014-06-01
MX-NAY,2014,7,23.86352364992386,72.44407643584867,2014-07-01
MX-NAY,2014,8,23.356652406751326,114.39798741524356,2014-08-01
MX-NAY,2014,9,23.330444385066933,91.03274279423994,2014-09-01
MX-NAY,2014,10,23.186579181333677,53.46235569769819,2014-10-01
MX-NAY,2014,11,19.315256581991473,27.28079023646937,2014-11-01
MX-NAY,2014,12,17.990738318151628,8.034062999772367,2014-12-01
MX-NAY,2015,1,18.602233631619203,16.64102004762357,2015-01-01
MX-NAY,2015,2,18.49414308548698,34.4369561643486,2015-02-01
MX-NAY,2015,3,19.177003088347483,29.54416771433334,2015-03-01
MX-NAY,2015,4,21.822670613665863,3.8843130560288626,2015-04-01
MX-NAY,2015,5,23.754650288078654,4.434104266177396,2015-05-01
MX-NAY,2015,6,24.32628602190831,58.65455819645982,2015-06-01
MX-NAY,2015,7,23.957614125642348,72.30815881177652,2015-07-01
MX-NAY,2015,8,24.23629636108221,67.72881789729088,2015-08-01
MX-NAY,2015,9,23.683364735478335,77.99133214863983,2015-09-01
MX-NAY,2015,10,23.27095836697518,66.56590141780121,2015-10-01
MX-NAY,2015,11,21.628017414151085,14.57264327867173,2015-11-01
MX-NAY,2015,12,18.53958930437674,16.064927348801906,2015-12-01
MX-NAY,2016,1,16.506813367253148,0.6625788792092292,2016-01-01
MX-NAY,2016,2,19.82522465840722,1.50592283409779,2016-02-01
MX-NAY,2016,3,19.336353586774717,16.423444300804015,2016-03-01
MX-NAY,2016,4,21.763511322794788,0.8429278061612596,2016-04-01
MX-NAY,2016,5,24.208645079991985,8.222868621950614,2016-05-01
MX-NAY,2016,6,24.3266690130561,65.41802566566501,2016-06-01
MX-NAY,2016,7,23.552661974134278,90.4869053652446,2016-07-01
MX-NAY,2016,8,23.628624308637956,102.54487967721583,2016-08-01
MX-NAY,2016,9,23.87534873920205,92.7171840507009,2016-09-01
MX-NAY,2016,10,24.05997099912817,24.66041897340673,2016-10-01
MX-NAY,2016,11,21.70376989923313,6.003754251194173,2016-11-01
MX-NAY,2016,12,18.93583708197784,31.26476365591949,2016-12-01
MX-NAY,2017,1,17.734578721850106,3.5158984728737845,2017-01-01
MX-NAY,2017,2,18.377514724816987,9.251710995630184,2017-02-01
MX-NAY,2017,3,20.944674757378994,1.540152601638835,2017-03-01
MX-NAY,2017,4,21.38629844634905,1.1509202937830483,2017-04-01
MX-NAY,2017,5,23.202282202450224,0.7205121613777451,2017-05-01
MX-NAY,2017,6,24.354088498177187,26.077647006692906,2017-06-01
MX-NAY,2017,7,23.58327436144803,95.23369711224791,2017-07-01
MX-NAY,2017,8,24.040112214295934,104.88742415859664,2017-08-01
MX-NAY,2017,9,23.505018582720986,120.89580571803467,2017-09-01
MX-NAY,2017,10,23.587723932453937,37.316958500870264,2017-10-01
MX-NAY,2017,11,21.512427572253905,1.3501766127040955,2017-11-01
MX-NAY,2017,12,18.805123706190155,9.1054674802965625,2017-12-01
MX-NAY,2018,1,17.894642302993947,2.3196517447215688,2018-01-01
MX-NAY,2018,2,20.046747139672277,7.36336227549119,2018-02-01
MX-NAY,2018,3,20.796392683580784,0.0024993786437226065,2018-03-01
MX-NAY,2018,4,22.031884627141107,0.44882781852904396,2018-04-01
MX-NAY,2018,5,24.46190916283721,10.099922788535245,2018-05-01
MX-NAY,2018,6,24.050543416215874,69.54491424343784,2018-06-01
MX-NAY,2018,7,24.429699392843375,60.03375444994304,2018-07-01
MX-NAY,2018,8,23.51611911878373,100.25970063508177,2018-08-01
MX-NAY,2018,9,23.12677131866899,114.28979725819426,2018-09-01
MX-NAY,2018,10,22.739281988688433,77.5977644702486,2018-10-01
MX-NAY,2018,11,19.60837219961393,9.080192116245808,2018-11-01
MX-NAY,2018,12,17.660179696185356,4.4413156236209215,2018-12-01
MX-NAY,2019,1,18.59174541682805,3.5465435091413005,2019-01-01
MX-NAY,2019,2,19.24570141805612,1.0775514941042976,2019-02-01
MX-NAY,2019,3,20.700005247647347,0.4913725885814142,2019-03-01
MX-NAY,2019,4,21.393663646830888,0.10172962655503326,2019-04-01
MX-NAY,2019,5,23.05419556110226,0.6026471572663188,2019-05-01
MX-NAY,2019,6,25.16032750159427,15.903018766286378,2019-06-01
MX-NAY,2019,7,23.82492434810864,94.8178486427729,2019-07-01
MX-NAY,2019,8,24.200929743683822,105.2290309154773,2019-08-01
MX-NAY,2019,9,23.654371801577874,107.54694816761408,2019-09-01
MX-NAY,2019,10,23.0203496039855,58.44861743741259,2019-10-01
MX-NAY,2019,11,21.54525251474527,16.664952934914055,2019-11-01
MX-NAY,2019,12,18.777894728749427,2.943176737335754,2019-12-01
MX-NAY,2020,1,18.263089343210552,34.07476236795854,2020-01-01
MX-NAY,2020,2,18.90446644051156,23.989671468166694,2020-02-01
MX-NAY,2020,3,21.634206710870235,0.8815532357458544,2020-03-01
MX-NAY,2020,4,22.101687165969338,0.15431523984569068,2020-04-01
MX-NAY,2020,5,23.53583642766115,4.924615032181523,2020-05-01
MX-NAY,2020,6,24.733430109804246,28.114095939019712,2020-06-01
MX-NAY,2020,7,24.00705061017652,114.38260417737482,2020-07-01
MX-NAY,2020,8,24.3401687403396,125.88286588265609,2020-08-01
MX-NAY,2020,9,23.915465058572174,86.35896766829407,2020-09-01
MX-NAY,2020,10,23.828893189399782,15.029798145252085,2020-10-01
MX-NAY,2020,11,21.507000787510787,0.1078575362432755,2020-11-01
MX-NAY,2020,12,17.77912391488176,9.55854564515058,2020-12-01
MX-NAY,2021,1,17.066241469733296,3.1043789297036395,2021-01-01
MX-NAY,2021,2,18.45390125628496,0.4219688129565245,2021-02-01
MX-NAY,2021,3,20.01184959450865,0.022385291109704164,2021-03-01
MX-NAY,2021,4,21.944739174795096,0.0986228070404725,2021-04-01
MX-NAY,2021,5,23.395268967657447,1.4501424131723701,2021-05-01
MX-NAY,2021,6,24.016751501622032,86.46813713448641,2021-06-01
MX-NAY,2021,7,23.59592012765969,120.13374257035984,2021-07-01
MX-NAY,2021,8,23.687455884317128,143.95374033213966,2021-08-01
MX-NAY,2021,9,23.22556700187458,105.10026575123197,2021-09-01
MX-NAY,2021,10,23.290424729082282,29.739620271498172,2021-10-01
MX-NAY,2021,11,21.02615608823243,2.1293361716229366,2021-11-01
MX-NAY,2021,12,19.15481266975807,0.7826206268840072,2021-12-01
MX-NAY,2022,1,18.53728368902305,1.6975963057244225,2022-01-01
MX-NAY,2022,2,18.848071086400093,0.9439835908711092,2022-02-01
MX-NAY,2022,3,19.559131066723527,0.013034453182422755,2022-03-01
MX-NAY,2022,4,21.856239969455803,0.8133212667996521,2022-04-01
MX-NAY,2022,5,23.679432348379258,1.3590485951106206,2022-05-01
MX-NAY,2022,6,23.9819951878176,61.65505270289651,2022-06-01
MX-NAY,2022,7,23.823652831605255,96.41158134403682,2022-07-01
MX-NAY,2022,8,23.314108438294777,96.87819049069044,2022-08-01
MX-NAY,2022,9,24.040531835506563,84.57166607883188,2022-09-01
MX-NAY,2022,10,22.567878841494096,42.213420665788036,2022-10-01
MX-NAY,2022,11,19.783944195942407,1.3805943625979675,2022-11-01
MX-NAY,2022,12,18.64898449722024,0.22469216149107463,2022-12-01
MX-NAY,2023,1,17.83255200515089,1.636666192315455,2023-01-01
MX-NAY,2023,2,19.079640562587738,0.09547717327567289,2023-02-01
MX-NAY,2023,3,19.892641143995526,0.008912859820888814,2023-03-01
MX-NAY,2023,4,21.439528106997006,0.3390051405394207,2023-04-01
MX-NAY,2023,5,23.43394267927693,1.6683143377215497,2023-05-01
MX-NAY,2023,6,25.504977725372918,23.77884701651514,2023-06-01
MX-NAY,2023,7,24.728716088470982,97.36544412657348,2023-07-01
MX-NAY,2023,8,24.43643911505561,94.77957211569513,2023-08-01
MX-NAY,2023,9,24.79177488218297,63.117001673857665,2023-09-01
MX-NAY,2023,10,23.117141270337825,72.6377625043763,2023-10-01
MX-NAY,2023,11,21.75717412009717,15.965871151975373,2023-11-01
MX-NAY,2023,12,19.054118641019,5.745741376510439,2023-12-01
MX-NAY,2024,1,18.353378731538758,3.271379718216167,2024-01-01
MX-NAY,2024,2,18.98115742756337,11.169611453689742,2024-02-01
MX-NAY,2024,3,20.100771504322488,0.18850885596837336,2024-03-01
MX-NAY,2024,4,22.18250298606006,0.08064368305408387,2024-04-01
MX-NAY,2024,5,24.490743336475486,0.06900713825036439,2024-05-01
MX-NAY,2024,6,24.613895410687086,59.20204804436629,2024-06-01
MX-NAY,2024,7,24.040838598636906,125.67535046113329,2024-07-01
MX-NAY,2024,8,23.962606599137672,96.58321799610685,2024-08-01
MX-NAY,2024,9,24.627800050894756,72.83059364827048,2024-09-01
MX-NAY,2024,10,24.152746296613437,17.544773588302604,2024-10-01
MX-NAY,2024,11,21.430160764068635,5.282716661221505,2024-11-01
MX-NAY,2024,12,19.513167566310536,1.0142068292825532,2024-12-01
MX-NAY,2025,1,17.888094307396234,14.244013364328739,2025-01-01
MX-NAY,2025,2,19.82154183533935,0.004552226898163042,2025-02-01
MX-NAY,2025,3,20.084026761298347,0.009220496188910288,2025-03-01
MX-NAY,2025,4,21.66617468222632,0.07033257489280655,2025-04-01
MX-NAY,2025,5,24.092686436976102,6.452507648354057,2025-05-01
MX-NAY,2025,6,24.52179042617842,94.91263988230644,2025-06-01
MX-NAY,2025,7,23.94921756127601,95.01087178940429,2025-07-01
MX-NAY,2025,8,23.800448426207662,96.7601321740364,2025-08-01
MX-NAY,2025,9,24.03114551512754,112.45844718911273,2025-09-01
MX-NAY,2025,10,23.922512946253175,32.14028432538417,2025-10-01
MX-NAY,2025,11,21.52696637873317,1.0959218582827535,2025-11-01
MX-NAY,2025,12,20.110613571096472,8.178532152294844,2025-12-01
MX-NLE,1990,1,14.586327518961713,9.819949669198387,1990-01-01
MX-NLE,1990,2,16.541618048540748,10.522510214545582,1990-02-01
MX-NLE,1990,3,18.582547882184013,14.3523474333484,1990-03-01
MX-NLE,1990,4,21.66515528317236,23.688085980669747,1990-04-01
MX-NLE,1990,5,25.404768703401274,19.738568532559917,1990-05-01
MX-NLE,1990,6,27.306934179432726,5.52149330746324,1990-06-01
MX-NLE,1990,7,25.050446606730937,29.948841210261882,1990-07-01
MX-NLE,1990,8,25.65610592540533,16.286895931999574,1990-08-01
MX-NLE,1990,9,22.90589802747045,48.889668188037014,1990-09-01
MX-NLE,1990,10,20.129082278645086,17.265622303713734,1990-10-01
MX-NLE,1990,11,17.792297712039353,5.590105472897932,1990-11-01
MX-NLE,1990,12,14.525813600622325,2.755582291472641,1990-12-01
MX-NLE,1991,1,12.883253026414538,9.007796343965815,1991-01-01
MX-NLE,1991,2,15.708325748688114,11.944535915870052,1991-02-01
MX-NLE,1991,3,21.332380456814978,8.10772903164566,1991-03-01
MX-NLE,1991,4,23.56130526358986,24.883950682865073,1991-04-01
MX-NLE,1991,5,24.792633220857457,30.876416985432964,1991-05-01
MX-NLE,1991,6,25.720650542787336,39.20181538920125,1991-06-01
MX-NLE,1991,7,24.44984639192931,30.559230780809735,1991-07-01
MX-NLE,1991,8,26.46641382820239,11.260617464143419,1991-08-01
MX-NLE,1991,9,22.110793800901494,43.919302518650575,1991-09-01
MX-NLE,1991,10,21.296989258885226,14.976297317081112,1991-10-01
MX-NLE,1991,11,14.929446761505021,4.528795865645595,1991-11-01
MX-NLE,1991,12,14.243024041920089,19.57949015640655,1991-12-01
MX-NLE,1992,1,11.186526675215186,36.725466472183115,1992-01-01
MX-NLE,1992,2,15.028754574784186,13.601225350212397,1992-02-01
MX-NLE,1992,3,18.84021777971479,16.53301945001001,1992-03-01
MX-NLE,1992,4,20.068573012621176,36.028663002577076,1992-04-01
MX-NLE,1992,5,21.630748921811094,37.745859537806844,1992-05-01
MX-NLE,1992,6,26.36695644841651,10.654034798245346,1992-06-01
MX-NLE,1992,7,26.26387503191195,13.55622187351393,1992-07-01
MX-NLE,1992,8,25.22575895561567,27.437889835846125,1992-08-01
MX-NLE,1992,9,23.836404509147293,30.931777898995364,1992-09-01
MX-NLE,1992,10,20.496997402351273,18.420219661749485,1992-10-01
MX-NLE,1992,11,15.232412948925786,14.684993029613459,1992-11-01
MX-NLE,1992,12,14.876021042462291,9.945379879821852,1992-12-01
MX-NLE,1993,1,13.615530937440248,9.87163266033644,1993-01-01
MX-NLE,1993,2,15.707740426840422,9.107103094287,1993-02-01
MX-NLE,1993,3,17.952486780675628,15.470319207066689,1993-03-01
MX-NLE,1993,4,21.653375293243172,16.60056571380614,1993-04-01
MX-NLE,1993,5,22.927647597150763,32.55444888167486,1993-05-01
MX-NLE,1993,6,24.676599712409192,52.25884429379578,1993-06-01
MX-NLE,1993,7,26.28899180830078,8.077488150745157,1993-07-01
MX-NLE,1993,8,26.249029100324066,9.485440639274337,1993-08-01
MX-NLE,1993,9,23.536528411999758,33.74578048521752,1993-09-01
MX-NLE,1993,10,20.80974590411059,13.526733019159543,1993-10-01
MX-NLE,1993,11,15.907718760331074,11.512796141172087,1993-11-01
MX-NLE,1993,12,14.946710264057412,8.249572274161373,1993-12-01
MX-NLE,1994,1,13.906824219942688,19.710943289049503,1994-01-01
MX-NLE,1994,2,15.224211592336767,9.021724111430903,1994-02-01
MX-NLE,1994,3,18.897885363628355,15.947174751814696,1994-03-01
MX-NLE,1994,4,21.613785077767723,20.669264329550074,1994-04-01
MX-NLE,1994,5,24.209585906550895,21.537699463724106,1994-05-01
MX-NLE,1994,6,26.332046803515176,26.168344541520817,1994-06-01
MX-NLE,1994,7,27.26479938521041,12.731887751514101,1994-07-01
MX-NLE,1994,8,25.825344505226695,19.578921689806428,1994-08-01
MX-NLE,1994,9,23.14980490510384,28.351403472012397,1994-09-01
MX-NLE,1994,10,21.543726196003036,26.825755243515886,1994-10-01
MX-NLE,1994,11,19.437046311315658,7.632916417532606,1994-11-01
MX-NLE,1994,12,15.47637444920729,14.251856983320394,1994-12-01
MX-NLE,1995,1,13.863206717538638,3.153751627085812,1995-01-01
MX-NLE,1995,2,16.938713588343926,15.79380532024922,1995-02-01
MX-NLE,1995,3,18.294432322303493,14.124316603789769,1995-03-01
MX-NLE,1995,4,22.406380993392357,8.7783455162801,1995-04-01
MX-NLE,1995,5,26.544561023618716,18.587423369369986,1995-05-01
MX-NLE,1995,6,25.857053248771084,21.44057972693202,1995-06-01
MX-NLE,1995,7,26.861691739519575,12.484755393570545,1995-07-01
MX-NLE,1995,8,25.039572887688102,45.150722602262036,1995-08-01
MX-NLE,1995,9,24.43799744554429,17.68988228788531,1995-09-01
MX-NLE,1995,10,21.075392818056976,18.03801880433348,1995-10-01
MX-NLE,1995,11,17.398436266076178,11.9266005984452,1995-11-01
MX-NLE,1995,12,14.165979943266263,8.565705843342595,1995-12-01
MX-NLE,1996,1,13.720242389043438,2.5651334033340154,1996-01-01
MX-NLE,1996,2,16.69282394775945,6.707044111854937,1996-02-01
MX-NLE,1996,3,16.930518847735343,7.537706820406323,1996-03-01
MX-NLE,1996,4,21.7030621441839,11.031985041370799,1996-04-01
MX-NLE,1996,5,26.38862305719289,8.72472882279333,1996-05-01
MX-NLE,1996,6,26.741934959238282,10.77942800159401,1996-06-01
MX-NLE,1996,7,27.457541348708073,9.029511919415944,1996-07-01
MX-NLE,1996,8,25.70138994520324,35.774895821018376,1996-08-01
MX-NLE,1996,9,24.702494614484294,25.916467761549306,1996-09-01
MX-NLE,1996,10,21.124483264252934,39.890157798130424,1996-10-01
MX-NLE,1996,11,17.684464901427233,6.612487893934349,1996-11-01
MX-NLE,1996,12,14.243119942613248,2.9342686405274017,1996-12-01
MX-NLE,1997,1,11.933178109961805,10.011117588682252,1997-01-01
MX-NLE,1997,2,14.88429537586917,8.934887065842236,1997-02-01
MX-NLE,1997,3,18.86244810203735,30.90364177799324,1997-03-01
MX-NLE,1997,4,18.757353559047026,39.3390527710271,1997-04-01
MX-NLE,1997,5,22.77224275210525,34.240006751578704,1997-05-01
MX-NLE,1997,6,25.499061027922043,24.42179836273223,1997-06-01
MX-NLE,1997,7,26.926580972599936,10.942564895106786,1997-07-01
MX-NLE,1997,8,26.92907736589255,12.505400406135411,1997-08-01
MX-NLE,1997,9,24.795988536153125,24.29478026458973,1997-09-01
MX-NLE,1997,10,20.294422038688502,28.368320554601446,1997-10-01
MX-NLE,1997,11,16.266885917127098,10.137543381026623,1997-11-01
MX-NLE,1997,12,12.445358008982382,5.371805878182418,1997-12-01
MX-NLE,1998,1,15.427112468424095,5.279119078208926,1998-01-01
MX-NLE,1998,2,15.850177546857964,9.831615060588033,1998-02-01
MX-NLE,1998,3,18.229245469309014,9.079909593706622,1998-03-01
MX-NLE,1998,4,22.147881004672954,6.045257564105309,1998-04-01
MX-NLE,1998,5,27.251209965058063,5.5139377504356695,1998-05-01
MX-NLE,1998,6,28.738356001184666,12.459694342054474,1998-06-01
MX-NLE,1998,7,28.066121652531237,6.97271651629767,1998-07-01
MX-NLE,1998,8,26.835564743954805,21.06651125216336,1998-08-01
MX-NLE,1998,9,24.788715908857935,45.56228199920955,1998-09-01
MX-NLE,1998,10,21.40846561984961,23.53676198538329,1998-10-01
MX-NLE,1998,11,18.334308675201495,13.395802861684775,1998-11-01
MX-NLE,1998,12,14.507658622923692,3.1115072639456742,1998-12-01
MX-NLE,1999,1,15.24394230084317,1.2381220769074346,1999-01-01
MX-NLE,1999,2,18.360024534153144,3.913160776780581,1999-02-01
MX-NLE,1999,3,19.824012895675622,14.627021560490475,1999-03-01
MX-NLE,1999,4,24.416630187149494,10.94072638283743,1999-04-01
MX-NLE,1999,5,25.837648644351955,19.139179764454024,1999-05-01
MX-NLE,1999,6,26.152872855347233,25.479170781946443,1999-06-01
MX-NLE,1999,7,25.636296519529072,20.557729473853062,1999-07-01
MX-NLE,1999,8,27.005895912266705,11.238323979552707,1999-08-01
MX-NLE,1999,9,24.110318037734494,28.205680803024578,1999-09-01
MX-NLE,1999,10,19.995925715298867,16.245319162540707,1999-10-01
MX-NLE,1999,11,17.345281042347015,2.54275067476778,1999-11-01
MX-NLE,1999,12,13.120264635112726,3.975341156977451,1999-12-01
MX-NLE,2000,1,15.603107540433141,5.392181149853571,2000-01-01
MX-NLE,2000,2,18.384752732645392,9.046649043172907,2000-02-01
MX-NLE,2000,3,21.651012958619454,9.565067190063536,2000-03-01
MX-NLE,2000,4,23.045631274651083,15.193552645172684,2000-04-01
MX-NLE,2000,5,26.14047103751321,17.9846218398873,2000-05-01
MX-NLE,2000,6,25.60787533345497,30.79049260793812,2000-06-01
MX-NLE,2000,7,27.546207417292905,6.725068671048554,2000-07-01
MX-NLE,2000,8,25.88283452433643,17.266285034784783,2000-08-01
MX-NLE,2000,9,25.1040454942407,17.51686089059736,2000-09-01
MX-NLE,2000,10,20.096123188093795,24.968975818477592,2000-10-01
MX-NLE,2000,11,16.510194856791134,12.562086513221516,2000-11-01
MX-NLE,2000,12,11.555280955832824,7.187812793537454,2000-12-01
MX-NLE,2001,1,12.82448315481124,6.615938801278574,2001-01-01
MX-NLE,2001,2,16.723311254115277,9.874178475406481,2001-02-01
MX-NLE,2001,3,17.292034778254756,14.177060193683717,2001-03-01
MX-NLE,2001,4,23.257507890518134,14.403581771734288,2001-04-01
MX-NLE,2001,5,24.812998662591603,23.970974130100444,2001-05-01
MX-NLE,2001,6,26.691374221229612,12.062210308387353,2001-06-01
MX-NLE,2001,7,27.100790050473623,11.019094591670026,2001-07-01
MX-NLE,2001,8,26.898939268793487,21.902888098140114,2001-08-01
MX-NLE,2001,9,23.594586910653916,39.10316884561925,2001-09-01
MX-NLE,2001,10,21.14026561296688,11.435521265140613,2001-10-01
MX-NLE,2001,11,17.32573709796477,18.437553647152438,2001-11-01
MX-NLE,2001,12,14.158895923400719,6.1312032478725325,2001-12-01
MX-NLE,2002,1,14.696829190248819,3.3570541878299665,2002-01-01
MX-NLE,2002,2,13.829202770276874,7.831343119790742,2002-02-01
MX-NLE,2002,3,19.20535613022046,5.151774031275829,2002-03-01
MX-NLE,2002,4,24.27031837745185,11.779914299406963,2002-04-01
MX-NLE,2002,5,26.095970171033994,17.23379537344376,2002-05-01
MX-NLE,2002,6,26.88094535112407,15.746619302524572,2002-06-01
MX-NLE,2002,7,25.683958879874815,33.177555738449996,2002-07-01
MX-NLE,2002,8,27.015642840107315,11.889214372657241,2002-08-01
MX-NLE,2002,9,23.569477938364336,68.84232659160405,2002-09-01
MX-NLE,2002,10,22.034093802591695,44.40261685282101,2002-10-01
MX-NLE,2002,11,15.316338596825302,20.226251134068697,2002-11-01
MX-NLE,2002,12,14.00682061278964,3.216842593869603,2002-12-01
MX-NLE,2003,1,12.288972805887775,12.046316918270044,2003-01-01
MX-NLE,2003,2,15.203336457346794,10.384172273977658,2003-02-01
MX-NLE,2003,3,18.903763878189313,15.321640060950324,2003-03-01
MX-NLE,2003,4,22.686709844906765,20.862258631386666,2003-04-01
MX-NLE,2003,5,27.409469209809203,12.75963555562716,2003-05-01
MX-NLE,2003,6,26.753963651049233,21.118556309422047,2003-06-01
MX-NLE,2003,7,25.526848397089285,28.623062244135944,2003-07-01
MX-NLE,2003,8,25.977237164449807,36.08907896232048,2003-08-01
MX-NLE,2003,9,22.987304643467436,91.45921040889198,2003-09-01
MX-NLE,2003,10,20.494386412389048,40.474366028080176,2003-10-01
MX-NLE,2003,11,18.021054434468176,7.588342971695269,2003-11-01
MX-NLE,2003,12,13.495498263945251,2.7790500250699797,2003-12-01
MX-NLE,2004,1,13.679557945066561,10.289812749922847,2004-01-01
MX-NLE,2004,2,14.69511672989481,4.3524557096398855,2004-02-01
MX-NLE,2004,3,19.4821820433474,24.441292527921913,2004-03-01
MX-NLE,2004,4,20.459194761801257,31.18593507244713,2004-04-01
MX-NLE,2004,5,23.727349810249258,18.45881507630354,2004-05-01
MX-NLE,2004,6,25.621166470874147,28.572220125805604,2004-06-01
MX-NLE,2004,7,26.270279680365025,13.403420941166733,2004-07-01
MX-NLE,2004,8,26.058569733895574,23.789341860619317,2004-08-01
MX-NLE,2004,9,23.26962807820726,43.708115151356424,2004-09-01
MX-NLE,2004,10,22.95121420746261,11.548375892905424,2004-10-01
MX-NLE,2004,11,17.224863701865402,6.6987980757225625,2004-11-01
MX-NLE,2004,12,12.97047383038172,4.200318521780723,2004-12-01
MX-NLE,2005,1,15.317926398582625,7.904426752259758,2005-01-01
MX-NLE,2005,2,14.644269139430133,23.525103017461635,2005-02-01
MX-NLE,2005,3,18.62510960152272,19.60590006797249,2005-03-01
MX-NLE,2005,4,22.058380472140684,9.748927971599395,2005-04-01
MX-NLE,2005,5,23.995311515233013,24.243811722497263,2005-05-01
MX-NLE,2005,6,27.596071243357475,7.180393491674362,2005-06-01
MX-NLE,2005,7,26.675759929466015,57.09275457044354,2005-07-01
MX-NLE,2005,8,26.30827214802079,14.566636980933573,2005-08-01
MX-NLE,2005,9,25.77913481671901,13.090853468031085,2005-09-01
MX-NLE,2005,10,21.255497064492616,35.585926227411726,2005-10-01
MX-NLE,2005,11,17.713697622226746,4.862497492950623,2005-11-01
MX-NLE,2005,12,13.865180182937348,4.700628196192865,2005-12-01
MX-NLE,2006,1,15.404953926395972,2.098779646952962,2006-01-01
MX-NLE,2006,2,15.680299489611198,4.53544590671789,2006-02-01
MX-NLE,2006,3,21.01625596881838,8.096704789914808,2006-03-01
MX-NLE,2006,4,24.87597480463265,8.56757165764346,2006-04-01
MX-NLE,2006,5,25.58395546232719,18.141217819321273,2006-05-01
MX-NLE,2006,6,26.571200821144803,10.473342315060151,2006-06-01
MX-NLE,2006,7,26.560497913382378,24.033305476480233,2006-07-01
MX-NLE,2006,8,27.137503621917297,14.747709928710439,2006-08-01
MX-NLE,2006,9,24.612669206688686,55.47028807484611,2006-09-01
MX-NLE,2006,10,21.941342156418425,29.920733812830875,2006-10-01
MX-NLE,2006,11,18.062997976051005,8.872455663705846,2006-11-01
MX-NLE,2006,12,13.017448695542802,22.79036489930231,2006-12-01
MX-NLE,2007,1,11.203974016640553,14.247969631036316,2007-01-01
MX-NLE,2007,2,15.329219104236468,8.172770281608411,2007-02-01
MX-NLE,2007,3,20.018079318722513,6.9777203335680476,2007-03-01
MX-NLE,2007,4,21.239361362661892,18.57202949363956,2007-04-01
MX-NLE,2007,5,24.176825985144028,27.984808294179754,2007-05-01
MX-NLE,2007,6,26.17150958717298,25.83423264354187,2007-06-01
MX-NLE,2007,7,25.291240682636975,60.1600103851236,2007-07-01
MX-NLE,2007,8,25.953665021218782,21.586367030512154,2007-08-01
MX-NLE,2007,9,24.590049476542458,30.46792234477359,2007-09-01
MX-NLE,2007,10,22.33805765302531,4.295847001583034,2007-10-01
MX-NLE,2007,11,17.85397796825493,6.698269083314699,2007-11-01
MX-NLE,2007,12,16.469415992254014,0.5986118433618056,2007-12-01
MX-NLE,2008,1,12.975764801881832,11.296330798910645,2008-01-01
MX-NLE,2008,2,18.347912916356016,2.79992760263783,2008-02-01
MX-NLE,2008,3,19.77033354613526,4.667948811900059,2008-03-01
MX-NLE,2008,4,23.325425001609396,19.078670546502178,2008-04-01
MX-NLE,2008,5,26.142447921733915,23.3674616686961,2008-05-01
MX-NLE,2008,6,27.352780562975415,7.2355817508427345,2008-06-01
MX-NLE,2008,7,25.198709933298957,55.13385934376307,2008-07-01
MX-NLE,2008,8,25.892110172322056,70.62656587480312,2008-08-01
MX-NLE,2008,9,22.755912781297248,54.21023938452766,2008-09-01
MX-NLE,2008,10,20.564776449059142,9.272297063230388,2008-10-01
MX-NLE,2008,11,17.042453960033864,6.078073235478892,2008-11-01
MX-NLE,2008,12,14.489505816571652,3.0711493529491958,2008-12-01
MX-NLE,2009,1,15.176858952124846,4.6089385035551205,2009-01-01
MX-NLE,2009,2,17.662084314020113,4.88603765427897,2009-02-01
MX-NLE,2009,3,19.461416565825,7.35145720755329,2009-03-01
MX-NLE,2009,4,23.662658081722558,10.169187624419562,2009-04-01
MX-NLE,2009,5,25.40022971333369,31.971061493666866,2009-05-01
MX-NLE,2009,6,26.936652537379466,12.680695874599525,2009-06-01
MX-NLE,2009,7,28.59428420759965,4.858458131112352,2009-07-01
MX-NLE,2009,8,27.67227575394975,12.731138591562758,2009-08-01
MX-NLE,2009,9,23.723486706742545,45.69133407389379,2009-09-01
MX-NLE,2009,10,22.15365813038786,19.308919087774616,2009-10-01
MX-NLE,2009,11,17.25122627875563,9.532546911550327,2009-11-01
MX-NLE,2009,12,11.973385874664976,19.017099766921305,2009-12-01
MX-NLE,2010,1,12.259327294106477,11.264470649059867,2010-01-01
MX-NLE,2010,2,12.555111411294577,18.877232813121424,2010-02-01
MX-NLE,2010,3,17.655465272331806,7.271208483955927,2010-03-01
MX-NLE,2010,4,21.764507184894324,34.87044708611072,2010-04-01
MX-NLE,2010,5,25.59389148496866,21.47866091991799,2010-05-01
MX-NLE,2010,6,27.11993745817307,27.235688576614557,2010-06-01
MX-NLE,2010,7,25.19785404318066,85.01224112673017,2010-07-01
MX-NLE,2010,8,27.22095540066751,8.726976899004455,2010-08-01
MX-NLE,2010,9,24.636531092923942,49.18408963913565,2010-09-01
MX-NLE,2010,10,21.36566816143032,2.41964540842391,2010-10-01
MX-NLE,2010,11,17.626696120655456,0.2148845229577647,2010-11-01
MX-NLE,2010,12,14.310667011070594,0.5825889144328518,2010-12-01
MX-NLE,2011,1,13.48062717822914,7.249310272607787,2011-01-01
MX-NLE,2011,2,15.35254971502512,0.8744709772406792,2011-02-01
MX-NLE,2011,3,21.249896079902232,6.075948106044833,2011-03-01
MX-NLE,2011,4,25.946701365015418,3.092768103065253,2011-04-01
MX-NLE,2011,5,26.737772810727176,10.048162848160851,2011-05-01
MX-NLE,2011,6,27.500634854038427,15.016895229539166,2011-06-01
MX-NLE,2011,7,26.776365548331267,21.58840713257056,2011-07-01
MX-NLE,2011,8,28.19694165999815,10.542633175541077,2011-08-01
MX-NLE,2011,9,26.265791040490946,8.903469373034518,2011-09-01
MX-NLE,2011,10,21.763091893072257,5.202631356618091,2011-10-01
MX-NLE,2011,11,18.316413295910593,4.505724811078273,2011-11-01
MX-NLE,2011,12,13.18383925626821,11.315279969561804,2011-12-01
MX-NLE,2012,1,15.160487358181468,4.622397301713269,2012-01-01
MX-NLE,2012,2,15.54461864641291,21.253388617912144,2012-02-01
MX-NLE,2012,3,20.547950712460366,11.873629781592818,2012-03-01
MX-NLE,2012,4,23.55504116975425,14.479746063895677,2012-04-01
MX-NLE,2012,5,25.259402540927926,24.4527618174448,2012-05-01
MX-NLE,2012,6,27.08162487209755,17.269448305699537,2012-06-01
MX-NLE,2012,7,26.394189472464493,16.158919002630395,2012-07-01
MX-NLE,2012,8,27.387760228755006,11.459346542320414,2012-08-01
MX-NLE,2012,9,25.083844662264163,19.698040917656066,2012-09-01
MX-NLE,2012,10,22.544345342125172,8.332051144857422,2012-10-01
MX-NLE,2012,11,18.101633209815905,11.374322126117706,2012-11-01
MX-NLE,2012,12,15.95265215651617,1.3304755379077537,2012-12-01
MX-NLE,2013,1,13.62854312290862,14.917557687651533,2013-01-01
MX-NLE,2013,2,17.543737828964733,6.013352434339428,2013-02-01
MX-NLE,2013,3,18.643155258005525,3.8554358935111703,2013-03-01
MX-NLE,2013,4,21.925193791712232,13.185887135754015,2013-04-01
MX-NLE,2013,5,24.11293513282747,28.351070880465365,2013-05-01
MX-NLE,2013,6,26.979562361504854,13.11094279309967,2013-06-01
MX-NLE,2013,7,26.07023318806721,26.891131094582022,2013-07-01
MX-NLE,2013,8,26.76766642237699,15.912881164722561,2013-08-01
MX-NLE,2013,9,23.695011480324652,72.74820515870165,2013-09-01
MX-NLE,2013,10,21.748685977027456,10.104728613933107,2013-10-01
MX-NLE,2013,11,15.64998005715849,21.25995603503329,2013-11-01
MX-NLE,2013,12,12.94022555853811,25.947417457990554,2013-12-01
MX-NLE,2014,1,11.6603558162052,6.8314220109513695,2014-01-01
MX-NLE,2014,2,15.209998142660735,4.998904943470908,2014-02-01
MX-NLE,2014,3,17.367362637893383,17.085005473917718,2014-03-01
MX-NLE,2014,4,22.462695997087113,8.548314198106457,2014-04-01
MX-NLE,2014,5,23.217837125513405,25.813677097736235,2014-05-01
MX-NLE,2014,6,26.386035108445775,21.421411258416754,2014-06-01
MX-NLE,2014,7,26.269445492609798,20.19096088862394,2014-07-01
MX-NLE,2014,8,26.850444145679283,16.882639991338486,2014-08-01
MX-NLE,2014,9,23.59204854270704,59.9698696877617,2014-09-01
MX-NLE,2014,10,21.8542513878846,17.005769966208977,2014-10-01
MX-NLE,2014,11,14.321866161142443,23.78762955437869,2014-11-01
MX-NLE,2014,12,14.433053625004478,14.936144522162744,2014-12-01
MX-NLE,2015,1,11.06532866085814,10.337369334450392,2015-01-01
MX-NLE,2015,2,13.470439916877641,14.985915465180009,2015-02-01
MX-NLE,2015,3,16.18354608407832,38.38932496742815,2015-03-01
MX-NLE,2015,4,21.78508783721801,40.160359201521835,2015-04-01
MX-NLE,2015,5,23.9847725268992,38.0220676026577,2015-05-01
MX-NLE,2015,6,24.977142197818978,25.848724307767696,2015-06-01
MX-NLE,2015,7,26.86274100243703,9.71073485258781,2015-07-01
MX-NLE,2015,8,26.9458457941164,11.101575963519071,2015-08-01
MX-NLE,2015,9,24.87489527223037,23.59044116445063,2015-09-01
MX-NLE,2015,10,22.50681838185362,27.5297087928071,2015-10-01
MX-NLE,2015,11,18.402748928085547,8.824709668945191,2015-11-01
MX-NLE,2015,12,15.698102848551597,2.4600016440034858,2015-12-01
MX-NLE,2016,1,12.088543258828102,11.71593660095345,2016-01-01
MX-NLE,2016,2,16.400243384444494,1.0441329312049574,2016-02-01
MX-NLE,2016,3,19.82214827265705,21.685655092662298,2016-03-01
MX-NLE,2016,4,22.593818653927304,22.93896516567315,2016-04-01
MX-NLE,2016,5,24.380898742149885,36.10518855186973,2016-05-01
MX-NLE,2016,6,25.515942199159205,26.461732226938988,2016-06-01
MX-NLE,2016,7,27.57199447116391,10.538885348169979,2016-07-01
MX-NLE,2016,8,26.530348807127222,33.56846397579719,2016-08-01
MX-NLE,2016,9,25.02456987725772,24.916572978507105,2016-09-01
MX-NLE,2016,10,22.486889966993253,13.554655446324533,2016-10-01
MX-NLE,2016,11,18.471607070876228,20.41593444486711,2016-11-01
MX-NLE,2016,12,15.352314172014442,11.220043654238456,2016-12-01
MX-NLE,2017,1,15.660282248536262,6.618398434142765,2017-01-01
MX-NLE,2017,2,19.143133989022452,3.0254029225946675,2017-02-01
MX-NLE,2017,3,20.274491231280557,15.796558850401018,2017-03-01
MX-NLE,2017,4,22.75198439815837,11.665080543063807,2017-04-01
MX-NLE,2017,5,24.988723692770645,24.0272564731983,2017-05-01
MX-NLE,2017,6,26.856914202966905,10.642018264018468,2017-06-01
MX-NLE,2017,7,26.4266485340566,15.784083235956919,2017-07-01
MX-NLE,2017,8,26.713847275613446,16.028080313709122,2017-08-01
MX-NLE,2017,9,24.38903951591139,34.70256460716031,2017-09-01
MX-NLE,2017,10,20.374745351151674,15.054662370663209,2017-10-01
MX-NLE,2017,11,18.404702994318882,2.746594645784405,2017-11-01
MX-NLE,2017,12,12.805246420315596,16.04405949384443,2017-12-01
MX-NLE,2018,1,10.898083880638376,7.500096000664828,2018-01-01
MX-NLE,2018,2,17.797779691669238,12.062095796206723,2018-02-01
MX-NLE,2018,3,20.62095331280726,10.635296885405928,2018-03-01
MX-NLE,2018,4,21.204140362074728,23.693019775156852,2018-04-01
MX-NLE,2018,5,25.08574944312396,21.39085973874215,2018-05-01
MX-NLE,2018,6,26.68679013384736,29.803660970946254,2018-06-01
MX-NLE,2018,7,27.36082327051914,12.48831192227761,2018-07-01
MX-NLE,2018,8,27.24940536340529,9.543770750499617,2018-08-01
MX-NLE,2018,9,24.060126867339886,63.11230733383043,2018-09-01
MX-NLE,2018,10,20.257080487261295,22.988601216622516,2018-10-01
MX-NLE,2018,11,15.127242383740148,8.461495058625532,2018-11-01
MX-NLE,2018,12,14.015833932342291,7.328467771209508,2018-12-01
MX-NLE,2019,1,13.387463422115328,9.03918733100803,2019-01-01
MX-NLE,2019,2,17.194892929122002,5.541556116995696,2019-02-01
MX-NLE,2019,3,18.066383598833273,15.064997166283508,2019-03-01
MX-NLE,2019,4,22.315067661543274,7.460953188658131,2019-04-01
MX-NLE,2019,5,25.477148741594302,27.66789415121213,2019-05-01
MX-NLE,2019,6,27.140517941430087,24.52783953122841,2019-06-01
MX-NLE,2019,7,26.90757979095482,13.743317260550956,2019-07-01
MX-NLE,2019,8,28.200267569319653,9.478017987184048,2019-08-01
MX-NLE,2019,9,25.2896060022002,46.26970597249273,2019-09-01
MX-NLE,2019,10,22.261052464887065,11.824120002837171,2019-10-01
MX-NLE,2019,11,17.070174722874746,11.59824986091376,2019-11-01
MX-NLE,2019,12,15.343391736222557,4.66538799874535,2019-12-01
MX-NLE,2020,1,15.395340402944923,8.247673811605178,2020-01-01
MX-NLE,2020,2,15.752958130871225,3.4304358547138682,2020-02-01
MX-NLE,2020,3,21.972624078431974,9.527327116899974,2020-03-01
MX-NLE,2020,4,23.400485091201283,24.05015011731512,2020-04-01
MX-NLE,2020,5,24.989431631163267,30.677918293068853,2020-05-01
MX-NLE,2020,6,25.550941803586873,19.18969200287651,2020-06-01
MX-NLE,2020,7,26.958568120797082,60.85382055515577,2020-07-01
MX-NLE,2020,8,26.272746181720247,5.474576427849449,2020-08-01
MX-NLE,2020,9,23.075704635494006,36.71507545035295,2020-09-01
MX-NLE,2020,10,21.449150379024175,1.9878648315933478,2020-10-01
MX-NLE,2020,11,19.205230103560748,2.4938039775537924,2020-11-01
MX-NLE,2020,12,13.805192850030767,2.4498463054484234,2020-12-01
MX-NLE,2021,1,13.849165586670455,2.9828032404484115,2021-01-01
MX-NLE,2021,2,14.533822522706718,4.4510517826792375,2021-02-01
MX-NLE,2021,3,20.078042749671855,4.201978350534556,2021-03-01
MX-NLE,2021,4,22.633042497053673,15.612208636476627,2021-04-01
MX-NLE,2021,5,24.79033607735115,25.377619523631427,2021-05-01
MX-NLE,2021,6,25.75442883954484,23.016777057744456,2021-06-01
MX-NLE,2021,7,25.48031345679357,38.68760008216651,2021-07-01
MX-NLE,2021,8,26.45810845883247,16.95093996618303,2021-08-01
MX-NLE,2021,9,25.4092839056414,16.247126311177535,2021-09-01
MX-NLE,2021,10,22.769352180285214,17.65573325077909,2021-10-01
MX-NLE,2021,11,17.385649674483822,9.752742142656599,2021-11-01
MX-NLE,2021,12,18.437392284379857,6.460341258043329,2021-12-01
MX-NLE,2022,1,12.874903582173165,8.158108650602923,2022-01-01
MX-NLE,2022,2,13.611323406762665,5.121887717626051,2022-02-01
MX-NLE,2022,3,18.909841175845816,0.9542396106042464,2022-03-01
MX-NLE,2022,4,23.956745768891285,15.952968546244936,2022-04-01
MX-NLE,2022,5,26.94327921891982,13.046527293816906,2022-05-01
MX-NLE,2022,6,27.020711490375326,6.548207440521059,2022-06-01
MX-NLE,2022,7,27.942000542545788,9.096911462466599,2022-07-01
MX-NLE,2022,8,26.92359173682895,28.576436220885157,2022-08-01
MX-NLE,2022,9,23.94377091565122,35.10079342391769,2022-09-01
MX-NLE,2022,10,20.61018126609667,14.739396485522402,2022-10-01
MX-NLE,2022,11,16.379840585154717,8.588632755778818,2022-11-01
MX-NLE,2022,12,14.664055252363296,2.3721534141049436,2022-12-01
MX-NLE,2023,1,16.39357236525548,2.398473188231206,2023-01-01
MX-NLE,2023,2,16.827618059991163,1.350647718465262,2023-02-01
MX-NLE,2023,3,20.73786367545758,12.276624948643434,2023-03-01
MX-NLE,2023,4,21.26787170642378,23.474631267327823,2023-04-01
MX-NLE,2023,5,23.581836052992156,36.24289304309251,2023-05-01
MX-NLE,2023,6,28.216241255569383,10.072944976451026,2023-06-01
MX-NLE,2023,7,28.169046849420305,10.288197557431907,2023-07-01
MX-NLE,2023,8,28.355649054191687,9.285873415183442,2023-08-01
MX-NLE,2023,9,27.467487432302573,7.212356063559664,2023-09-01
MX-NLE,2023,10,21.52749532440933,28.101257468752504,2023-10-01
MX-NLE,2023,11,16.10646356732741,29.152148304606772,2023-11-01
MX-NLE,2023,12,14.645414072202353,5.996054007204925,2023-12-01
MX-NLE,2024,1,13.265330886744675,7.504894877938245,2024-01-01
MX-NLE,2024,2,17.397716919264077,16.343884676695886,2024-02-01
MX-NLE,2024,3,20.250555968574687,13.94128230090219,2024-03-01
MX-NLE,2024,4,23.63365487843144,9.791678109004515,2024-04-01
MX-NLE,2024,5,28.6243740935023,15.881178085565914,2024-05-01
MX-NLE,2024,6,27.292136564232223,64.74875315205779,2024-06-01
MX-NLE,2024,7,25.670195912908042,38.28857092788868,2024-07-01
MX-NLE,2024,8,26.918519423056562,14.421137956315079,2024-08-01
MX-NLE,2024,9,24.540039112568344,40.739861184983816,2024-09-01
MX-NLE,2024,10,21.823221384842753,13.223751535853594,2024-10-01
MX-NLE,2024,11,20.213828277572777,2.78010228336716,2024-11-01
MX-NLE,2024,12,16.125667279990868,8.8005998862201409,2024-12-01
MX-NLE,2025,1,11.656707252601485,7.194384917401055,2025-01-01
MX-NLE,2025,2,16.70791405292146,2.9077043015359796,2025-02-01
MX-NLE,2025,3,21.352757774763205,10.756277606305133,2025-03-01
MX-NLE,2025,4,23.808655406915012,4.023658909672167,2025-04-01
MX-NLE,2025,5,26.032719148949464,27.132263304322215,2025-05-01
MX-NLE,2025,6,26.594488482253485,18.011475925049577,2025-06-01
MX-NLE,2025,7,26.0718566677631,27.974174711530164,2025-07-01
MX-NLE,2025,8,27.11113088786283,18.92129595059291,2025-08-01
MX-NLE,2025,9,25.061829996023505,32.512927685679834,2025-09-01
MX-NLE,2025,10,23.15449998296615,5.53242695537175,2025-10-01
MX-NLE,2025,11,19.65273231274608,7.430602959189222,2025-11-01
MX-NLE,2025,12,16.12952243307511,7.3358828924422905,2025-12-01
MX-OAX,1990,1,18.55780611946155,19.523250698766937,1990-01-01
MX-OAX,1990,2,19.021046661815383,17.432233244887602,1990-02-01
MX-OAX,1990,3,20.29612056782937,15.073340128486628,1990-03-01
MX-OAX,1990,4,21.978236041728003,32.688592127074664,1990-04-01
MX-OAX,1990,5,22.741088816086954,43.05051724375435,1990-05-01
MX-OAX,1990,6,21.608620677679117,100.13545894903476,1990-06-01
MX-OAX,1990,7,21.181889304479572,87.70522956071692,1990-07-01
MX-OAX,1990,8,21.39283164679509,83.02765261232794,1990-08-01
MX-OAX,1990,9,21.12997902787275,96.77207174461135,1990-09-01
MX-OAX,1990,10,20.702438781223687,55.328982927267944,1990-10-01
MX-OAX,1990,11,19.65826261978709,34.81916858673884,1990-11-01
MX-OAX,1990,12,18.308779808336354,18.802987505147573,1990-12-01
MX-OAX,1991,1,19.22105823756966,18.318522341874733,1991-01-01
MX-OAX,1991,2,19.318073655810966,13.465663155553855,1991-02-01
MX-OAX,1991,3,21.99690513303493,6.278478812577369,1991-03-01
MX-OAX,1991,4,23.36306358963826,8.68125496056091,1991-04-01
MX-OAX,1991,5,22.949662132376005,48.465083283172426,1991-05-01
MX-OAX,1991,6,22.07474862619593,97.77937856643852,1991-06-01
MX-OAX,1991,7,21.16242884038094,61.77630885134684,1991-07-01
MX-OAX,1991,8,21.48028733837881,74.10900769912242,1991-08-01
MX-OAX,1991,9,20.940348973371133,94.93285395487479,1991-09-01
MX-OAX,1991,10,20.17436013673689,83.10186442418129,1991-10-01
MX-OAX,1991,11,18.619709149540483,30.678916375953765,1991-11-01
MX-OAX,1991,12,18.476402708437167,21.388531230894394,1991-12-01
MX-OAX,1992,1,18.008107206148114,22.569875746617967,1992-01-01
MX-OAX,1992,2,18.527098920149925,14.89978797634442,1992-02-01
MX-OAX,1992,3,21.43878297826721,21.870174516261365,1992-03-01
MX-OAX,1992,4,21.777260914069167,26.274845418615804,1992-04-01
MX-OAX,1992,5,21.58920958844404,50.78350162949625,1992-05-01
MX-OAX,1992,6,22.33968536043961,80.73949456378146,1992-06-01
MX-OAX,1992,7,21.163234943199583,88.93289961371373,1992-07-01
MX-OAX,1992,8,21.11704046101881,84.22510898313281,1992-08-01
MX-OAX,1992,9,20.723107282011473,108.13115574258627,1992-09-01
MX-OAX,1992,10,20.475078962319127,56.52407495583877,1992-10-01
MX-OAX,1992,11,19.673524646908785,29.54624154554939,1992-11-01
MX-OAX,1992,12,19.214353983593657,14.100704174308275,1992-12-01
MX-OAX,1993,1,18.951973806226423,15.201140024813311,1993-01-01
MX-OAX,1993,2,19.67904039050888,9.933202287157329,1993-02-01
MX-OAX,1993,3,20.577889014949374,9.825106299198112,1993-03-01
MX-OAX,1993,4,22.516026061168485,15.546755730237779,1993-04-01
MX-OAX,1993,5,22.975050388909807,31.234511133217648,1993-05-01
MX-OAX,1993,6,22.285495336465672,162.7139299855247,1993-06-01
MX-OAX,1993,7,21.370762172469988,74.88115889087265,1993-07-01
MX-OAX,1993,8,21.04388594936041,91.15951943320597,1993-08-01
MX-OAX,1993,9,20.308053695176838,100.28177205777565,1993-09-01
MX-OAX,1993,10,20.720514754587537,45.69440246390892,1993-10-01
MX-OAX,1993,11,19.51951116177742,21.965900036148366,1993-11-01
MX-OAX,1993,12,18.611693318772033,14.20051250700635,1993-12-01
MX-OAX,1994,1,18.12905019929711,16.859522958527382,1994-01-01
MX-OAX,1994,2,19.297880979721988,15.568253605713203,1994-02-01
MX-OAX,1994,3,21.02662561400954,11.130752460739,1994-03-01
MX-OAX,1994,4,22.42996958478107,11.897333177299624,1994-04-01
MX-OAX,1994,5,22.925329722456276,34.47651163337953,1994-05-01
MX-OAX,1994,6,21.751204520386374,64.45310296109139,1994-06-01
MX-OAX,1994,7,21.48921865341917,47.73605815807847,1994-07-01
MX-OAX,1994,8,21.066608884125564,86.760058409105,1994-08-01
MX-OAX,1994,9,21.171635933814915,60.19349289555699,1994-09-01
MX-OAX,1994,10,21.30980630993075,45.88179940190057,1994-10-01
MX-OAX,1994,11,20.422991857381653,19.056590833459587,1994-11-01
MX-OAX,1994,12,19.444149191628394,17.805202174403618,1994-12-01
MX-OAX,1995,1,19.06268182408553,20.11719985378166,1995-01-01
MX-OAX,1995,2,19.83144246690103,11.268869260098878,1995-02-01
MX-OAX,1995,3,21.216701922045964,15.187638318717038,1995-03-01
MX-OAX,1995,4,22.71635175628985,27.182339504226462,1995-04-01
MX-OAX,1995,5,23.360660956762953,46.04550571289388,1995-05-01
MX-OAX,1995,6,22.322869465840274,85.32541989881604,1995-06-01
MX-OAX,1995,7,21.29910517969559,92.97438045670633,1995-07-01
MX-OAX,1995,8,21.19853314441032,142.70797519196276,1995-08-01
MX-OAX,1995,9,21.031968083786992,101.6209870088647,1995-09-01
MX-OAX,1995,10,20.758445840109164,68.2969703607683,1995-10-01
MX-OAX,1995,11,19.7877113884752,27.937356401550293,1995-11-01
MX-OAX,1995,12,18.723134935723735,22.690787863365067,1995-12-01
MX-OAX,1996,1,17.168359990713885,12.949666267194301,1996-01-01
MX-OAX,1996,2,19.13413456211614,11.169836808757236,1996-02-01
MX-OAX,1996,3,19.93113938416638,10.148719446527261,1996-03-01
MX-OAX,1996,4,21.784333820341924,25.796743975288386,1996-04-01
MX-OAX,1996,5,22.680242201308626,36.620531243173495,1996-05-01
MX-OAX,1996,6,21.33040136872555,136.16079441932024,1996-06-01
MX-OAX,1996,7,21.150369297418305,103.07872929984974,1996-07-01
MX-OAX,1996,8,20.891524991398278,108.8864490666372,1996-08-01
MX-OAX,1996,9,21.79820689577514,79.13178927426009,1996-09-01
MX-OAX,1996,10,20.77033144227226,51.7916647642794,1996-10-01
MX-OAX,1996,11,19.1639583883152,28.105048390864486,1996-11-01
MX-OAX,1996,12,18.68372364599756,18.498054675912375,1996-12-01
MX-OAX,1997,1,18.03909744343982,15.66280691008562,1997-01-01
MX-OAX,1997,2,19.092180626467005,15.011984738119418,1997-02-01
MX-OAX,1997,3,20.992982467448275,15.665830933049875,1997-03-01
MX-OAX,1997,4,21.777399560626712,21.783220639316205,1997-04-01
MX-OAX,1997,5,22.00588586452087,48.56588344427784,1997-05-01
MX-OAX,1997,6,22.02246033875878,82.72668038675494,1997-06-01
MX-OAX,1997,7,21.765905875608905,70.9363385270599,1997-07-01
MX-OAX,1997,8,21.58095886883932,54.231509316857164,1997-08-01
MX-OAX,1997,9,21.012167083527135,104.4849501891503,1997-09-01
MX-OAX,1997,10,20.20434463948566,125.29027461921764,1997-10-01
MX-OAX,1997,11,19.93113137918571,54.68536358316548,1997-11-01
MX-OAX,1997,12,18.226568594471058,17.192885759647204,1997-12-01
MX-OAX,1998,1,18.433618692745757,14.348810848604668,1998-01-01
MX-OAX,1998,2,19.221171547372666,3.728884290197372,1998-02-01
MX-OAX,1998,3,21.147999014694644,8.377072692655956,1998-03-01
MX-OAX,1998,4,23.31112984864809,8.061462810270733,1998-04-01
MX-OAX,1998,5,24.544511607628618,6.321839535308878,1998-05-01
MX-OAX,1998,6,23.173403615473838,65.62404872039022,1998-06-01
MX-OAX,1998,7,21.321755674015783,114.44678659071121,1998-07-01
MX-OAX,1998,8,21.78731177591451,79.36633012410765,1998-08-01
MX-OAX,1998,9,21.59735585583133,134.03924080342387,1998-09-01
MX-OAX,1998,10,20.646621591673156,120.1902710361243,1998-10-01
MX-OAX,1998,11,20.019821647168946,55.16950943395304,1998-11-01
MX-OAX,1998,12,18.254393529157372,17.250173708842837,1998-12-01
MX-OAX,1999,1,17.801547766434073,10.335264228089112,1999-01-01
MX-OAX,1999,2,18.907263276845594,12.558239150608882,1999-02-01
MX-OAX,1999,3,20.78906522362146,8.277942213629741,1999-03-01
MX-OAX,1999,4,23.032094450802173,11.242534920018366,1999-04-01
MX-OAX,1999,5,23.098827848738694,28.079123075318133,1999-05-01
MX-OAX,1999,6,21.953990939863722,91.51230499996227,1999-06-01
MX-OAX,1999,7,20.88051284258779,98.95789499640658,1999-07-01
MX-OAX,1999,8,21.433596522180736,84.00491251051452,1999-08-01
MX-OAX,1999,9,20.5596705162552,163.8553443751573,1999-09-01
MX-OAX,1999,10,19.120997452750345,111.25306076972716,1999-10-01
MX-OAX,1999,11,18.05606304370042,28.69335560358632,1999-11-01
MX-OAX,1999,12,17.251895851799212,20.884371666446643,1999-12-01
MX-OAX,2000,1,17.826503440837346,11.711277297236299,2000-01-01
MX-OAX,2000,2,18.874357560212953,8.75517180007529,2000-02-01
MX-OAX,2000,3,21.409418507039426,9.380834955082888,2000-03-01
MX-OAX,2000,4,22.13309154241402,15.163514130937802,2000-04-01
MX-OAX,2000,5,21.781905619737305,87.60843260764612,2000-05-01
MX-OAX,2000,6,21.048458580142775,100.94286190723307,2000-06-01
MX-OAX,2000,7,21.303444044011325,57.76831216516536,2000-07-01
MX-OAX,2000,8,20.78664791919479,91.43890109973047,2000-08-01
MX-OAX,2000,9,20.918886899745075,105.12337587319803,2000-09-01
MX-OAX,2000,10,20.125808572196057,49.34420734374456,2000-10-01
MX-OAX,2000,11,20.109396190986278,30.18130103787409,2000-11-01
MX-OAX,2000,12,17.5486002816194,22.78177451073576,2000-12-01
MX-OAX,2001,1,17.78973450636051,13.302051231099986,2001-01-01
MX-OAX,2001,2,19.276054425349578,21.02883844945595,2001-02-01
MX-OAX,2001,3,20.417656749898875,11.50804682192233,2001-03-01
MX-OAX,2001,4,22.307756660937983,15.744539949320524,2001-04-01
MX-OAX,2001,5,22.112718955784214,49.70852241929211,2001-05-01
MX-OAX,2001,6,21.472217765398007,68.69610970709999,2001-06-01
MX-OAX,2001,7,21.35860867931602,76.10451506091499,2001-07-01
MX-OAX,2001,8,21.3680307110779,90.7465727938281,2001-08-01
MX-OAX,2001,9,20.821799356179653,118.97985482479842,2001-09-01
MX-OAX,2001,10,20.20243841655648,66.42320561208052,2001-10-01
MX-OAX,2001,11,18.846174720920732,14.344509890362113,2001-11-01
MX-OAX,2001,12,18.47848783721343,21.48148522043825,2001-12-01
MX-OAX,2002,1,18.018969469680293,11.026255926453066,2002-01-01
MX-OAX,2002,2,18.221157367355556,19.417915189468655,2002-02-01
MX-OAX,2002,3,20.688861000720106,10.711981473364094,2002-03-01
MX-OAX,2002,4,22.376705565050596,7.380626220620179,2002-04-01
MX-OAX,2002,5,22.797479196364424,28.580539778894558,2002-05-01
MX-OAX,2002,6,21.654808579477507,112.65796900960427,2002-06-01
MX-OAX,2002,7,21.329946620096596,76.6498523751263,2002-07-01
MX-OAX,2002,8,21.546566773912236,62.61233776140871,2002-08-01
MX-OAX,2002,9,21.41851983510606,110.13235267379264,2002-09-01
MX-OAX,2002,10,21.288973050427984,43.433974770236084,2002-10-01
MX-OAX,2002,11,18.638261473404306,48.07078839908961,2002-11-01
MX-OAX,2002,12,18.277341892164305,16.555537501040973,2002-12-01
MX-OAX,2003,1,17.33294402053146,18.282311860338517,2003-01-01
MX-OAX,2003,2,19.592064993461577,7.322559437236458,2003-02-01
MX-OAX,2003,3,21.334761769906677,7.953385426203748,2003-03-01
MX-OAX,2003,4,22.739143052099116,11.514251731576461,2003-04-01
MX-OAX,2003,5,23.543375504369468,27.875866979430054,2003-05-01
MX-OAX,2003,6,21.674694074461282,115.57679125599932,2003-06-01
MX-OAX,2003,7,21.234394799901967,61.82407116115314,2003-07-01
MX-OAX,2003,8,21.263375985175784,66.60910127875204,2003-08-01
MX-OAX,2003,9,21.093142542935336,110.24387368043134,2003-09-01
MX-OAX,2003,10,20.648731639902653,75.9586640621975,2003-10-01
MX-OAX,2003,11,19.44688388313564,30.66984703204685,2003-11-01
MX-OAX,2003,12,16.753649666313617,16.036873424542353,2003-12-01
MX-OAX,2004,1,17.616247613614618,19.135994596424,2004-01-01
MX-OAX,2004,2,18.581325287728443,12.93273145839788,2004-02-01
MX-OAX,2004,3,20.3930359307949,16.232960604706296,2004-03-01
MX-OAX,2004,4,21.517567594929325,13.886847776885768,2004-04-01
MX-OAX,2004,5,21.64176646909548,47.63702951955269,2004-05-01
MX-OAX,2004,6,21.142513024751068,88.354241966239,2004-06-01
MX-OAX,2004,7,21.14321879318191,64.8913323800202,2004-07-01
MX-OAX,2004,8,21.60823364664277,67.62898498019977,2004-08-01
MX-OAX,2004,9,21.1718357501479,77.28549549571257,2004-09-01
MX-OAX,2004,10,21.05309522400789,58.22921359998636,2004-10-01
MX-OAX,2004,11,19.367033065817658,19.874857064318853,2004-11-01
MX-OAX,2004,12,17.513117808789698,19.138123043461356,2004-12-01
MX-OAX,2005,1,17.64254420892732,11.729897037934968,2005-01-01
MX-OAX,2005,2,19.220464964553653,11.391501199211085,2005-02-01
MX-OAX,2005,3,21.223349852588836,11.968618271482582,2005-03-01
MX-OAX,2005,4,22.53210482697143,14.944915157363068,2005-04-01
MX-OAX,2005,5,22.3259223059127,39.526320637766894,2005-05-01
MX-OAX,2005,6,22.64130906701608,103.04943928707704,2005-06-01
MX-OAX,2005,7,21.572561681672166,96.05435380422696,2005-07-01
MX-OAX,2005,8,21.189612987450683,107.4326811381376,2005-08-01
MX-OAX,2005,9,21.175440352311124,76.0050530347792,2005-09-01
MX-OAX,2005,10,20.501264681656316,82.05189058819359,2005-10-01
MX-OAX,2005,11,19.21973576021579,28.308387622497506,2005-11-01
MX-OAX,2005,12,18.913305420859906,19.06403794211819,2005-12-01
MX-OAX,2006,1,18.270284661042655,22.848549252385396,2006-01-01
MX-OAX,2006,2,18.97772530154868,13.890372966994544,2006-02-01
MX-OAX,2006,3,20.95047662835341,10.971610759986495,2006-03-01
MX-OAX,2006,4,22.62624136089733,9.474195099715462,2006-04-01
MX-OAX,2006,5,22.256010292417994,60.03994824286502,2006-05-01
MX-OAX,2006,6,21.475788495153164,98.86050648536748,2006-06-01
MX-OAX,2006,7,21.491718360389363,113.04246635631205,2006-07-01
MX-OAX,2006,8,21.68230959475016,86.55999319698174,2006-08-01
MX-OAX,2006,9,21.602804227786137,88.21879188674112,2006-09-01
MX-OAX,2006,10,21.506303203878588,62.56424353536491,2006-10-01
MX-OAX,2006,11,18.907668645366932,42.62730825539744,2006-11-01
MX-OAX,2006,12,18.66252638573651,26.531026183842684,2006-12-01
MX-OAX,2007,1,18.59460055578281,19.95148525380946,2007-01-01
MX-OAX,2007,2,19.693228492372018,15.554510409678883,2007-02-01
MX-OAX,2007,3,20.9441792488085,10.713343070515375,2007-03-01
MX-OAX,2007,4,22.260277249426043,19.903116819830874,2007-04-01
MX-OAX,2007,5,22.70411368918546,40.16106221393084,2007-05-01
MX-OAX,2007,6,22.43892041210614,60.60898258835269,2007-06-01
MX-OAX,2007,7,21.57305750462347,90.3362843898257,2007-07-01
MX-OAX,2007,8,21.342163653884075,123.20716587335616,2007-08-01
MX-OAX,2007,9,21.17901228538284,90.49138109430987,2007-09-01
MX-OAX,2007,10,20.273544008598456,68.67680250188812,2007-10-01
MX-OAX,2007,11,19.155447255760915,24.402029646320006,2007-11-01
MX-OAX,2007,12,19.056656575133033,11.78279351709309,2007-12-01
MX-OAX,2008,1,18.312349357413787,23.114506472588698,2008-01-01
MX-OAX,2008,2,20.066284272461196,11.48076175629661,2008-02-01
MX-OAX,2008,3,20.328931072030098,10.363469877134055,2008-03-01
MX-OAX,2008,4,22.3460981170877,16.80809992493071,2008-04-01
MX-OAX,2008,5,23.069196187444277,34.35993871134139,2008-05-01
MX-OAX,2008,6,21.413499850092414,113.50492568889901,2008-06-01
MX-OAX,2008,7,21.047616852783577,120.06986042937999,2008-07-01
MX-OAX,2008,8,21.733648763071912,89.27212376173128,2008-08-01
MX-OAX,2008,9,21.12042748851443,181.8709476982557,2008-09-01
MX-OAX,2008,10,20.134983080421105,51.60529606974488,2008-10-01
MX-OAX,2008,11,18.850731813714425,15.330666254634334,2008-11-01
MX-OAX,2008,12,18.312779583063588,11.937084969460438,2008-12-01
MX-OAX,2009,1,18.249069547798157,14.015180436793496,2009-01-01
MX-OAX,2009,2,19.14826122772087,12.4652819199049,2009-02-01
MX-OAX,2009,3,20.421327665140684,8.488515370812053,2009-03-01
MX-OAX,2009,4,22.60607090724509,14.957107542373004,2009-04-01
MX-OAX,2009,5,22.645225535825148,47.75089927270331,2009-05-01
MX-OAX,2009,6,22.232079279725433,93.16610267603946,2009-06-01
MX-OAX,2009,7,22.127573652248117,60.12441044023872,2009-07-01
MX-OAX,2009,8,21.83793877995078,72.08764387143451,2009-08-01
MX-OAX,2009,9,21.738477139923422,102.14572956525485,2009-09-01
MX-OAX,2009,10,21.71652941095172,62.05679102911491,2009-10-01
MX-OAX,2009,11,19.231533454808005,33.05414893362253,2009-11-01
MX-OAX,2009,12,18.940843346764773,19.658967652245806,2009-12-01
MX-OAX,2010,1,17.45037539772538,23.994149341160284,2010-01-01
MX-OAX,2010,2,18.4072714203564,24.228896466516,2010-02-01
MX-OAX,2010,3,20.421452306567694,11.702724687624006,2010-03-01
MX-OAX,2010,4,22.675734132140065,22.481626740332068,2010-04-01
MX-OAX,2010,5,24.158995350459644,18.327424239472812,2010-05-01
MX-OAX,2010,6,22.886527462971586,108.91882450239201,2010-06-01
MX-OAX,2010,7,21.785981366356495,146.2202917579472,2010-07-01
MX-OAX,2010,8,21.42452476913277,176.31254435204198,2010-08-01
MX-OAX,2010,9,21.173255166277503,157.49852800475526,2010-09-01
MX-OAX,2010,10,20.126989301883135,21.202904000505107,2010-10-01
MX-OAX,2010,11,19.12597920604879,14.52881078477453,2010-11-01
MX-OAX,2010,12,17.0553525710178,11.212999232637305,2010-12-01
MX-OAX,2011,1,18.76907402207451,18.24290600767563,2011-01-01
MX-OAX,2011,2,19.421815845839976,10.961431773619175,2011-02-01
MX-OAX,2011,3,20.961053218394554,12.560953955533996,2011-03-01
MX-OAX,2011,4,23.271764945855967,16.195303362280125,2011-04-01
MX-OAX,2011,5,23.783271574521486,23.8757285019807,2011-05-01
MX-OAX,2011,6,22.0805040438416,106.57174521066666,2011-06-01
MX-OAX,2011,7,21.280202046402998,139.0404054402463,2011-07-01
MX-OAX,2011,8,21.689533512390923,113.25971669278968,2011-08-01
MX-OAX,2011,9,21.332661459920597,97.7945593167781,2011-09-01
MX-OAX,2011,10,19.881068335412493,62.290684690479615,2011-10-01
MX-OAX,2011,11,19.45654439065419,24.18039363445433,2011-11-01
MX-OAX,2011,12,18.131596861763636,17.634354728032772,2011-12-01
MX-OAX,2012,1,18.672607121038613,23.525460071292983,2012-01-01
MX-OAX,2012,2,19.671428335863883,17.65065493727347,2012-02-01
MX-OAX,2012,3,21.039381439862222,13.329784775945926,2012-03-01
MX-OAX,2012,4,21.629996630010094,16.5225573790542,2012-04-01
MX-OAX,2012,5,22.63559758645856,44.95653729210109,2012-05-01
MX-OAX,2012,6,21.654404496283412,135.68937395484886,2012-06-01
MX-OAX,2012,7,21.117623225898143,74.11449374826331,2012-07-01
MX-OAX,2012,8,21.416864223667275,126.25848601262445,2012-08-01
MX-OAX,2012,9,21.290016419580578,90.27680588629835,2012-09-01
MX-OAX,2012,10,20.674480115978124,51.3201075184894,2012-10-01
MX-OAX,2012,11,18.754575726512282,12.333694088213596,2012-11-01
MX-OAX,2012,12,19.01084575892023,16.26953411759707,2012-12-01
MX-OAX,2013,1,18.57128385548526,16.660908337684383,2013-01-01
MX-OAX,2013,2,20.485002308554986,10.84263190964507,2013-02-01
MX-OAX,2013,3,20.167699160955568,13.553005341733174,2013-03-01
MX-OAX,2013,4,22.934102445076814,16.874900712964823,2013-04-01
MX-OAX,2013,5,22.608152940635716,55.21064473995858,2013-05-01
MX-OAX,2013,6,22.043341033259146,102.22740965282057,2013-06-01
MX-OAX,2013,7,21.62788306449334,79.90130212617012,2013-07-01
MX-OAX,2013,8,21.581507751289738,83.85448727336563,2013-08-01
MX-OAX,2013,9,21.185415546120097,157.57077773915603,2013-09-01
MX-OAX,2013,10,21.176972972626785,75.73302440593062,2013-10-01
MX-OAX,2013,11,19.53613925820632,50.369434548657836,2013-11-01
MX-OAX,2013,12,18.782490944284607,24.49629889417829,2013-12-01
MX-OAX,2014,1,17.194176820178047,16.706548102020257,2014-01-01
MX-OAX,2014,2,20.120670417429313,7.211146937107246,2014-02-01
MX-OAX,2014,3,21.776647856046345,14.377662017142637,2014-03-01
MX-OAX,2014,4,22.92677289479851,18.578272331533302,2014-04-01
MX-OAX,2014,5,21.837898240079515,82.35129386618812,2014-05-01
MX-OAX,2014,6,21.932443298453702,99.55491104256234,2014-06-01
MX-OAX,2014,7,21.824917423631618,64.06345348900645,2014-07-01
MX-OAX,2014,8,21.892794230409823,70.40005004831461,2014-08-01
MX-OAX,2014,9,21.32476099745132,123.8233185645589,2014-09-01
MX-OAX,2014,10,20.57113587198937,92.06058188029458,2014-10-01
MX-OAX,2014,11,19.014497295127534,27.91929652451158,2014-11-01
MX-OAX,2014,12,18.30529586091612,15.47227963880217,2014-12-01
MX-OAX,2015,1,17.562710099249596,29.331299990871198,2015-01-01
MX-OAX,2015,2,18.54811488291546,14.567024406973253,2015-02-01
MX-OAX,2015,3,19.916768452696335,34.27205585853075,2015-03-01
MX-OAX,2015,4,22.900050688867758,16.425202113146458,2015-04-01
MX-OAX,2015,5,22.424891751567262,54.70455723587922,2015-05-01
MX-OAX,2015,6,21.857782010233688,77.42404986706413,2015-06-01
MX-OAX,2015,7,21.895325723482863,64.85649867618885,2015-07-01
MX-OAX,2015,8,22.215800424528585,67.25522116746943,2015-08-01
MX-OAX,2015,9,21.686254176672957,93.13679650724839,2015-09-01
MX-OAX,2015,10,21.583418278318156,67.11018787095321,2015-10-01
MX-OAX,2015,11,20.941469350186715,56.51918930769614,2015-11-01
MX-OAX,2015,12,19.912326277720904,19.22938280756331,2015-12-01
MX-OAX,2016,1,18.127589903305182,16.250518427726586,2016-01-01
MX-OAX,2016,2,18.34224257222467,16.35653585519673,2016-02-01
MX-OAX,2016,3,21.239888547167627,27.72650626645602,2016-03-01
MX-OAX,2016,4,23.019790971159868,21.24649598881158,2016-04-01
MX-OAX,2016,5,23.754644075983773,35.94631369159947,2016-05-01
MX-OAX,2016,6,21.99459534014205,95.25740464393273,2016-06-01
MX-OAX,2016,7,21.90053455057127,83.014141417213,2016-07-01
MX-OAX,2016,8,22.058832131355935,99.3640276947053,2016-08-01
MX-OAX,2016,9,21.426826137353274,95.14982617501575,2016-09-01
MX-OAX,2016,10,21.054278264635823,40.65779657605085,2016-10-01
MX-OAX,2016,11,19.798182079600405,22.80291283319791,2016-11-01
MX-OAX,2016,12,19.849494020561092,24.79772502959526,2016-12-01
MX-OAX,2017,1,18.63376175591887,12.718766612888853,2017-01-01
MX-OAX,2017,2,20.078159253631238,8.747632034086507,2017-02-01
MX-OAX,2017,3,20.708433353218798,16.966829316081764,2017-03-01
MX-OAX,2017,4,22.06794376199413,18.51386863783837,2017-04-01
MX-OAX,2017,5,23.19040836385053,48.91328280011202,2017-05-01
MX-OAX,2017,6,21.890552451212486,130.51073690846724,2017-06-01
MX-OAX,2017,7,21.30723813730004,85.97579381067743,2017-07-01
MX-OAX,2017,8,21.87251548361792,97.20601055629962,2017-08-01
MX-OAX,2017,9,21.396326595721483,174.95711300698156,2017-09-01
MX-OAX,2017,10,20.74079362353544,90.46349450762347,2017-10-01
MX-OAX,2017,11,19.282435485183306,12.96289834779031,2017-11-01
MX-OAX,2017,12,18.02680158392882,12.401347182662487,2017-12-01
MX-OAX,2018,1,16.98242280832947,26.681939490332354,2018-01-01
MX-OAX,2018,2,20.013018100091035,13.295415488394212,2018-02-01
MX-OAX,2018,3,21.670291543129256,18.1818100609304,2018-03-01
MX-OAX,2018,4,21.92455646953025,30.247265034074946,2018-04-01
MX-OAX,2018,5,22.883583114656858,33.990380921351495,2018-05-01
MX-OAX,2018,6,21.986932111971083,87.96459000671412,2018-06-01
MX-OAX,2018,7,22.029346504194123,52.938765099285014,2018-07-01
MX-OAX,2018,8,21.383394935310953,109.93583016174634,2018-08-01
MX-OAX,2018,9,21.791770295794784,85.29244642859416,2018-09-01
MX-OAX,2018,10,21.142180259802018,122.53253021392386,2018-10-01
MX-OAX,2018,11,20.036690588168252,28.03939172162483,2018-11-01
MX-OAX,2018,12,18.574783732203034,19.826261252599323,2018-12-01
MX-OAX,2019,1,18.42463399462487,15.757183655839667,2019-01-01
MX-OAX,2019,2,20.814074019361424,8.255928744034478,2019-02-01
MX-OAX,2019,3,21.08030979905285,14.369082441617664,2019-03-01
MX-OAX,2019,4,22.373483497780573,9.547856660661107,2019-04-01
MX-OAX,2019,5,24.0062877931496,33.186260941207735,2019-05-01
MX-OAX,2019,6,22.75523651908214,88.3524334558483,2019-06-01
MX-OAX,2019,7,21.86799483203359,68.11341299027369,2019-07-01
MX-OAX,2019,8,22.33037054254883,68.39735456661963,2019-08-01
MX-OAX,2019,9,21.87963047320592,95.85516871737582,2019-09-01
MX-OAX,2019,10,21.455487277729596,104.79193647727712,2019-10-01
MX-OAX,2019,11,20.235043960127573,33.07498449116609,2019-11-01
MX-OAX,2019,12,19.02699686987201,13.361011919245598,2019-12-01
MX-OAX,2020,1,19.229129855305356,19.173736569565712,2020-01-01
MX-OAX,2020,2,20.347029267842753,18.410192563224218,2020-02-01
MX-OAX,2020,3,22.17509103249596,5.950546775173209,2020-03-01
MX-OAX,2020,4,24.181247102423256,9.52669259696393,2020-04-01
MX-OAX,2020,5,23.395207507160993,36.916880595411556,2020-05-01
MX-OAX,2020,6,22.4980971588048,87.7536265052295,2020-06-01
MX-OAX,2020,7,22.26910929490432,75.51857201445549,2020-07-01
MX-OAX,2020,8,21.917678669158803,122.71497719965012,2020-08-01
MX-OAX,2020,9,21.73709682707183,123.71707154888354,2020-09-01
MX-OAX,2020,10,20.972720498008723,45.99943282836908,2020-10-01
MX-OAX,2020,11,19.97015929977068,42.80815933726437,2020-11-01
MX-OAX,2020,12,18.25810566217323,15.456168160485273,2020-12-01
MX-OAX,2021,1,18.764819278211547,19.694858521486122,2021-01-01
MX-OAX,2021,2,19.567784592034936,12.490219018421557,2021-02-01
MX-OAX,2021,3,21.270075189447812,9.590246019605528,2021-03-01
MX-OAX,2021,4,22.755929648720688,10.766975888000715,2021-04-01
MX-OAX,2021,5,22.869884958457813,54.42687265499178,2021-05-01
MX-OAX,2021,6,21.5885970084855,143.6363797028688,2021-06-01
MX-OAX,2021,7,21.98864722902251,71.25350488464774,2021-07-01
MX-OAX,2021,8,21.692067530930416,104.19223215770995,2021-08-01
MX-OAX,2021,9,21.655391340198843,117.37570231759652,2021-09-01
MX-OAX,2021,10,21.537138193465285,61.887246731469666,2021-10-01
MX-OAX,2021,11,18.892914667072105,18.261953418304543,2021-11-01
MX-OAX,2021,12,19.581360708377286,9.17021900863834,2021-12-01
MX-OAX,2022,1,18.449883184606126,23.081864777086803,2022-01-01
MX-OAX,2022,2,18.661325505396,17.309099223612694,2022-02-01
MX-OAX,2022,3,20.697838197430965,8.460647130480915,2022-03-01
MX-OAX,2022,4,22.91385011549477,10.379752684613186,2022-04-01
MX-OAX,2022,5,23.461079421115457,36.51189402231952,2022-05-01
MX-OAX,2022,6,21.300223388477264,108.84878347422169,2022-06-01
MX-OAX,2022,7,21.927385395772884,78.26555117049348,2022-07-01
MX-OAX,2022,8,21.685006245492108,78.53206793580901,2022-08-01
MX-OAX,2022,9,20.88074504403125,157.564471125907,2022-09-01
MX-OAX,2022,10,20.965753022464536,71.3639493186095,2022-10-01
MX-OAX,2022,11,20.55692878621563,28.586383218318584,2022-11-01
MX-OAX,2022,12,18.50302764071853,19.179722419059097,2022-12-01
MX-OAX,2023,1,19.274948503067296,13.035065691482165,2023-01-01
MX-OAX,2023,2,19.754975029515446,15.82565497961703,2023-02-01
MX-OAX,2023,3,21.9563264281859,9.086301494884173,2023-03-01
MX-OAX,2023,4,22.723500817599007,17.622728126404642,2023-04-01
MX-OAX,2023,5,23.113048751521333,24.206163661907027,2023-05-01
MX-OAX,2023,6,24.26634559498957,50.93334255026668,2023-06-01
MX-OAX,2023,7,22.32529389768194,99.02784697048884,2023-07-01
MX-OAX,2023,8,22.474765652131765,87.2841336015409,2023-08-01
MX-OAX,2023,9,22.638520641265668,57.47213925025303,2023-09-01
MX-OAX,2023,10,21.986336133745198,56.77687618128561,2023-10-01
MX-OAX,2023,11,20.614794122503756,39.77067442598424,2023-11-01
MX-OAX,2023,12,18.626653472565813,27.356067446905445,2023-12-01
MX-OAX,2024,1,19.827382841076357,15.488489695139508,2024-01-01
MX-OAX,2024,2,20.32979694496734,9.081506010814591,2024-02-01
MX-OAX,2024,3,23.032594014473688,8.128346068925879,2024-03-01
MX-OAX,2024,4,23.99376477697633,6.334495195849248,2024-04-01
MX-OAX,2024,5,26.33210316050742,6.19402628182077,2024-05-01
MX-OAX,2024,6,23.984367368808183,94.76000511393902,2024-06-01
MX-OAX,2024,7,22.48643761972248,102.53618353279167,2024-07-01
MX-OAX,2024,8,22.37683884024588,82.83413140606076,2024-08-01
MX-OAX,2024,9,22.295815179217172,173.3272457437644,2024-09-01
MX-OAX,2024,10,20.860338961553,109.27730149782006,2024-10-01
MX-OAX,2024,11,20.639858464909448,19.299339375502836,2024-11-01
MX-OAX,2024,12,18.856584261792573,11.524540550006773,2024-12-01
MX-OAX,2025,1,18.953564309268902,21.3868181959809,2025-01-01
MX-OAX,2025,2,20.667039426870303,20.226139648251916,2025-02-01
MX-OAX,2025,3,22.302180362072527,8.017450144595347,2025-03-01
MX-OAX,2025,4,22.63719922089157,8.670105148081523,2025-04-01
MX-OAX,2025,5,24.020765215518328,45.80948438724649,2025-05-01
MX-OAX,2025,6,21.941573452303953,148.0882666994088,2025-06-01
MX-OAX,2025,7,22.062375170528917,61.02961149616726,2025-07-01
MX-OAX,2025,8,21.943460580447503,96.59536862268887,2025-08-01
MX-OAX,2025,9,21.918651010974735,121.51283873004847,2025-09-01
MX-OAX,2025,10,21.13086878846954,74.73344886206455,2025-10-01
MX-OAX,2025,11,20.19375556673799,21.443314418051855,2025-11-01
MX-OAX,2025,12,19.439706254069932,26.765439330486306,2025-12-01
MX-PUE,1990,1,15.533933148941886,11.354125048448061,1990-01-01
MX-PUE,1990,2,16.14024861374096,19.080353999128292,1990-02-01
MX-PUE,1990,3,17.67943965006838,15.505228002654471,1990-03-01
MX-PUE,1990,4,19.289230428055355,39.6374069075764,1990-04-01
MX-PUE,1990,5,20.512046970552817,33.03318666058928,1990-05-01
MX-PUE,1990,6,19.759185509979215,43.31771907639118,1990-06-01
MX-PUE,1990,7,18.95198715319821,60.82063530171473,1990-07-01
MX-PUE,1990,8,19.39397265933966,37.77387632916396,1990-08-01
MX-PUE,1990,9,19.077916421308366,47.64356953810766,1990-09-01
MX-PUE,1990,10,18.10159943653865,39.006392993904825,1990-10-01
MX-PUE,1990,11,16.851443791017854,16.57659342886727,1990-11-01
MX-PUE,1990,12,15.153328747836941,8.462935919824032,1990-12-01
MX-PUE,1991,1,15.925643317616284,12.932604842681894,1991-01-01
MX-PUE,1991,2,16.569659584614804,10.811415427512166,1991-02-01
MX-PUE,1991,3,19.99344597097313,4.78567001566621,1991-03-01
MX-PUE,1991,4,21.0331221575084,18.216772651794546,1991-04-01
MX-PUE,1991,5,20.727064102980346,35.316944021203106,1991-05-01
MX-PUE,1991,6,19.876414077343604,85.57957141442252,1991-06-01
MX-PUE,1991,7,18.676089050872704,58.26796010136214,1991-07-01
MX-PUE,1991,8,19.489924815614042,33.734976616180596,1991-08-01
MX-PUE,1991,9,18.148711650160788,70.96234991576398,1991-09-01
MX-PUE,1991,10,17.47080181581161,59.71049538476393,1991-10-01
MX-PUE,1991,11,15.554333889238709,18.840067883739962,1991-11-01
MX-PUE,1991,12,15.216488067698155,16.196928248308463,1991-12-01
MX-PUE,1992,1,14.524233103390745,25.682836761863033,1992-01-01
MX-PUE,1992,2,15.346192792705418,14.83295776658854,1992-02-01
MX-PUE,1992,3,18.956571801231853,20.538459580277127,1992-03-01
MX-PUE,1992,4,18.913291091385776,32.59343692071989,1992-04-01
MX-PUE,1992,5,18.66381149475782,65.18125379128053,1992-05-01
MX-PUE,1992,6,20.285905555560166,42.42026218446589,1992-06-01
MX-PUE,1992,7,19.021825255359797,46.08898977416096,1992-07-01
MX-PUE,1992,8,19.064459296081704,43.329053185961314,1992-08-01
MX-PUE,1992,9,18.600738984002607,46.773636389266095,1992-09-01
MX-PUE,1992,10,17.857838238265487,37.58343077107077,1992-10-01
MX-PUE,1992,11,16.749144266741748,27.994723869638378,1992-11-01
MX-PUE,1992,12,16.136226798777674,4.356560988045601,1992-12-01
MX-PUE,1993,1,15.965112234916662,10.128578608723638,1993-01-01
MX-PUE,1993,2,16.809688960713583,12.058343711167142,1993-02-01
MX-PUE,1993,3,17.840853640488863,13.125517951577143,1993-03-01
MX-PUE,1993,4,19.93005859398414,21.47644958864841,1993-04-01
MX-PUE,1993,5,20.181697301729145,32.539900868420546,1993-05-01
MX-PUE,1993,6,20.29080494880203,75.26875296291972,1993-06-01
MX-PUE,1993,7,19.259111912282506,33.970415704496965,1993-07-01
MX-PUE,1993,8,19.311666213383024,36.226421748949214,1993-08-01
MX-PUE,1993,9,18.25003722003004,64.58578929316747,1993-09-01
MX-PUE,1993,10,18.384077383237447,24.9015537915816,1993-10-01
MX-PUE,1993,11,16.845770557737197,15.393792083939422,1993-11-01
MX-PUE,1993,12,15.609034572024242,5.738592374033818,1993-12-01
MX-PUE,1994,1,15.199500295670072,9.195391534864942,1994-01-01
MX-PUE,1994,2,16.705605273630372,10.737444685290466,1994-02-01
MX-PUE,1994,3,18.935714511056844,9.424577004456475,1994-03-01
MX-PUE,1994,4,19.785932968901566,28.520227441814733,1994-04-01
MX-PUE,1994,5,20.681064088343575,29.942613242193058,1994-05-01
MX-PUE,1994,6,19.4274509984778,65.45352765896642,1994-06-01
MX-PUE,1994,7,19.58863560559877,18.00261130461818,1994-07-01
MX-PUE,1994,8,18.970151329129333,72.035613456429,1994-08-01
MX-PUE,1994,9,18.83185257982355,37.17780470926793,1994-09-01
MX-PUE,1994,10,19.13688502454342,23.54689076528793,1994-10-01
MX-PUE,1994,11,17.915464765370743,8.925426313826026,1994-11-01
MX-PUE,1994,12,16.675959823085314,11.731491980293857,1994-12-01
MX-PUE,1995,1,16.14880248736565,15.763093591605937,1995-01-01
MX-PUE,1995,2,17.022735587939774,12.529798706956695,1995-02-01
MX-PUE,1995,3,18.59507200291028,18.85844831146852,1995-03-01
MX-PUE,1995,4,20.61774823397474,18.20891778005668,1995-04-01
MX-PUE,1995,5,21.477182581705616,40.50181128518287,1995-05-01
MX-PUE,1995,6,20.440562526997937,41.62034772554774,1995-06-01
MX-PUE,1995,7,19.144688275232085,51.71412123253485,1995-07-01
MX-PUE,1995,8,19.063841638376676,85.24218656923621,1995-08-01
MX-PUE,1995,9,18.930746133145007,40.177241224491944,1995-09-01
MX-PUE,1995,10,18.343218013359614,35.853402820752,1995-10-01
MX-PUE,1995,11,17.09138928376675,21.727237215493517,1995-11-01
MX-PUE,1995,12,15.636664853288911,20.202833976087785,1995-12-01
MX-PUE,1996,1,14.111053306224129,3.1233092411788337,1996-01-01
MX-PUE,1996,2,16.39163960099489,8.699643280113266,1996-02-01
MX-PUE,1996,3,17.42216010385832,10.444201011183402,1996-03-01
MX-PUE,1996,4,19.537779333334978,27.694109582584456,1996-04-01
MX-PUE,1996,5,20.905390232332504,17.91232121352146,1996-05-01
MX-PUE,1996,6,19.20722699659559,92.04110209862908,1996-06-01
MX-PUE,1996,7,19.31935467984623,32.41701978232188,1996-07-01
MX-PUE,1996,8,18.88472908036831,61.83079099930739,1996-08-01
MX-PUE,1996,9,19.952417633994493,38.415089744919506,1996-09-01
MX-PUE,1996,10,18.456347060983628,43.114558380596364,1996-10-01
MX-PUE,1996,11,16.14615378208614,10.95510253768169,1996-11-01
MX-PUE,1996,12,15.72267674658883,10.546738340495025,1996-12-01
MX-PUE,1997,1,14.835875376268731,9.137524854365696,1997-01-01
MX-PUE,1997,2,16.311202218989205,7.847666631306187,1997-02-01
MX-PUE,1997,3,18.15138708304551,27.67295202169986,1997-03-01
MX-PUE,1997,4,18.9585134129127,44.10874418891612,1997-04-01
MX-PUE,1997,5,19.51471238608894,46.59876404166006,1997-05-01
MX-PUE,1997,6,20.466262954507997,38.49735063293292,1997-06-01
MX-PUE,1997,7,19.74695944877352,31.579759799038204,1997-07-01
MX-PUE,1997,8,19.743955762780118,26.203926463164876,1997-08-01
MX-PUE,1997,9,19.014681729581525,47.299715407414375,1997-09-01
MX-PUE,1997,10,17.65335498555939,60.37110889208373,1997-10-01
MX-PUE,1997,11,17.16653805611348,21.330305064435315,1997-11-01
MX-PUE,1997,12,15.303422140479707,16.08783305836218,1997-12-01
MX-PUE,1998,1,15.059421045497645,10.17091241942238,1998-01-01
MX-PUE,1998,2,16.184312693584037,4.132770816501992,1998-02-01
MX-PUE,1998,3,18.47222432880871,12.844953511878753,1998-03-01
MX-PUE,1998,4,21.45243649563125,11.359256577708463,1998-04-01
MX-PUE,1998,5,22.611743230129253,4.978791989733546,1998-05-01
MX-PUE,1998,6,21.739953794365363,28.82318035546176,1998-06-01
MX-PUE,1998,7,19.841105412618976,32.05605936115555,1998-07-01
MX-PUE,1998,8,20.030796944009133,36.654095886745374,1998-08-01
MX-PUE,1998,9,19.313822599229827,119.71731556281887,1998-09-01
MX-PUE,1998,10,18.0996478833624,62.03065934152776,1998-10-01
MX-PUE,1998,11,17.604334259397497,23.786513917168232,1998-11-01
MX-PUE,1998,12,15.348800986767175,5.819968478537498,1998-12-01
MX-PUE,1999,1,14.428721108066163,4.848028577608117,1999-01-01
MX-PUE,1999,2,16.180074475258355,6.393182964686642,1999-02-01
MX-PUE,1999,3,18.2615646251059,11.510906003883209,1999-03-01
MX-PUE,1999,4,20.614724915823725,13.054977395556865,1999-04-01
MX-PUE,1999,5,20.46075659685993,27.884158532233393,1999-05-01
MX-PUE,1999,6,20.29760462989035,38.74413973304861,1999-06-01
MX-PUE,1999,7,18.76493628477726,56.310587143620026,1999-07-01
MX-PUE,1999,8,19.755593315874737,46.3276631490504,1999-08-01
MX-PUE,1999,9,18.62376069193336,58.77691401636687,1999-09-01
MX-PUE,1999,10,16.555157437078428,62.458658595039275,1999-10-01
MX-PUE,1999,11,15.212187277841506,8.842809889001085,1999-11-01
MX-PUE,1999,12,13.913330089104184,9.365577680875345,1999-12-01
MX-PUE,2000,1,14.636025930206396,4.576447177490006,2000-01-01
MX-PUE,2000,2,16.131998167128458,6.605200074761926,2000-02-01
MX-PUE,2000,3,18.862188836570628,11.342463934217262,2000-03-01
MX-PUE,2000,4,19.667631722357182,19.863162827531593,2000-04-01
MX-PUE,2000,5,19.767792326991977,46.58026115812787,2000-05-01
MX-PUE,2000,6,18.959668480235827,69.12259683933125,2000-06-01
MX-PUE,2000,7,19.51748997191475,18.052065683280414,2000-07-01
MX-PUE,2000,8,18.897529456574457,46.45367210115187,2000-08-01
MX-PUE,2000,9,19.070204730262798,45.71169268700981,2000-09-01
MX-PUE,2000,10,18.000140983690702,18.52887190448995,2000-10-01
MX-PUE,2000,11,17.64947680751256,15.327919828750854,2000-11-01
MX-PUE,2000,12,14.001279175440768,10.343148016407122,2000-12-01
MX-PUE,2001,1,14.747349878440287,7.739914868388835,2001-01-01
MX-PUE,2001,2,16.133588939977695,11.276394809629988,2001-02-01
MX-PUE,2001,3,17.775912055839772,14.427646204245802,2001-03-01
MX-PUE,2001,4,19.902075359926652,21.768279233371178,2001-04-01
MX-PUE,2001,5,19.795397478292188,38.17099635263115,2001-05-01
MX-PUE,2001,6,18.97933624594996,50.21846569313778,2001-06-01
MX-PUE,2001,7,19.37524281696376,43.108150917762686,2001-07-01
MX-PUE,2001,8,19.254953005217303,46.622564708744015,2001-08-01
MX-PUE,2001,9,18.913436190131808,59.6949057722605,2001-09-01
MX-PUE,2001,10,17.686099516573325,27.3775458391208,2001-10-01
MX-PUE,2001,11,16.032886243726647,7.201184804946997,2001-11-01
MX-PUE,2001,12,15.291137184831939,12.883770937868647,2001-12-01
MX-PUE,2002,1,14.916754897008024,7.444925332981908,2002-01-01
MX-PUE,2002,2,15.342090207319378,13.03235178502553,2002-02-01
MX-PUE,2002,3,18.308732205573627,7.011586245187629,2002-03-01
MX-PUE,2002,4,19.86117436879559,11.507469958433216,2002-04-01
MX-PUE,2002,5,20.661867559465318,18.03348388195293,2002-05-01
MX-PUE,2002,6,19.617979814731275,75.34004406288852,2002-06-01
MX-PUE,2002,7,19.24012150443974,41.32146297283492,2002-07-01
MX-PUE,2002,8,19.7396973016564,20.42292904996183,2002-08-01
MX-PUE,2002,9,19.283717500028235,75.42192640021267,2002-09-01
MX-PUE,2002,10,19.160911464687995,22.163340273101795,2002-10-01
MX-PUE,2002,11,15.670470611188561,35.411046638904374,2002-11-01
MX-PUE,2002,12,15.032389304287817,7.253760668980754,2002-12-01
MX-PUE,2003,1,14.166629449807944,10.946485679938753,2003-01-01
MX-PUE,2003,2,16.975176093818423,6.159938954233375,2003-02-01
MX-PUE,2003,3,18.889253798870513,8.975256415794204,2003-03-01
MX-PUE,2003,4,20.648191922780768,18.360744715324437,2003-04-01
MX-PUE,2003,5,21.81682482007225,17.557741169820414,2003-05-01
MX-PUE,2003,6,19.796244201281976,65.94226976758483,2003-06-01
MX-PUE,2003,7,19.414569766999943,24.81277570468591,2003-07-01
MX-PUE,2003,8,19.625051716942753,28.057790033802124,2003-08-01
MX-PUE,2003,9,19.074950006256497,92.1302668558268,2003-09-01
MX-PUE,2003,10,18.40929054395688,33.552193447424685,2003-10-01
MX-PUE,2003,11,16.928549566058958,9.538873270950324,2003-11-01
MX-PUE,2003,12,13.45454069258747,6.038345839766255,2003-12-01
MX-PUE,2004,1,14.148003883223357,11.7587176857265,2004-01-01
MX-PUE,2004,2,15.409899565229079,6.091561522893882,2004-02-01
MX-PUE,2004,3,17.490444473114117,20.376335705568902,2004-03-01
MX-PUE,2004,4,19.108175789997855,25.541937298217533,2004-04-01
MX-PUE,2004,5,19.59219717677924,35.39423090648678,2004-05-01
MX-PUE,2004,6,19.11770123333364,54.04022307646048,2004-06-01
MX-PUE,2004,7,19.503565982054543,31.853955807431944,2004-07-01
MX-PUE,2004,8,19.881008036254865,24.634341674759717,2004-08-01
MX-PUE,2004,9,19.283377441666904,47.692278554899666,2004-09-01
MX-PUE,2004,10,18.910174583979646,41.181884771706684,2004-10-01
MX-PUE,2004,11,16.65219882341655,4.791430289833227,2004-11-01
MX-PUE,2004,12,14.306751898422451,8.54420207624027,2004-12-01
MX-PUE,2005,1,14.738890859277173,5.7716942410413745,2005-01-01
MX-PUE,2005,2,16.637986567699887,10.934563101877304,2005-02-01
MX-PUE,2005,3,18.786301617344208,11.673352557470551,2005-03-01
MX-PUE,2005,4,20.42193382553453,21.505685499096792,2005-04-01
MX-PUE,2005,5,20.307624589860616,35.11793609010152,2005-05-01
MX-PUE,2005,6,21.181837778493634,47.162548753563755,2005-06-01
MX-PUE,2005,7,19.967908909556517,37.681369567345826,2005-07-01
MX-PUE,2005,8,19.555155307489212,62.38876099718715,2005-08-01
MX-PUE,2005,9,19.415080598115836,27.75116305717464,2005-09-01
MX-PUE,2005,10,18.286958514679238,68.35430079766839,2005-10-01
MX-PUE,2005,11,16.57416776514074,11.315562918859843,2005-11-01
MX-PUE,2005,12,15.756970014782393,10.806890913107056,2005-12-01
MX-PUE,2006,1,14.959437165052039,9.747310981062636,2006-01-01
MX-PUE,2006,2,16.257110044479102,6.331054573809172,2006-02-01
MX-PUE,2006,3,18.3684962041351,16.543259682753142,2006-03-01
MX-PUE,2006,4,20.069879535605857,13.727620800355869,2006-04-01
MX-PUE,2006,5,19.816916074284503,47.39149718638037,2006-05-01
MX-PUE,2006,6,19.49175075306886,43.343846025310995,2006-06-01
MX-PUE,2006,7,19.242876898899716,57.921696461435005,2006-07-01
MX-PUE,2006,8,19.221568793423597,54.63324674099743,2006-08-01
MX-PUE,2006,9,19.475956416888714,42.096084416896474,2006-09-01
MX-PUE,2006,10,19.213824181429036,33.589019158422225,2006-10-01
MX-PUE,2006,11,16.031471702971352,26.992826129654958,2006-11-01
MX-PUE,2006,12,15.259966852290397,16.29175244643367,2006-12-01
MX-PUE,2007,1,15.44901862839453,10.3085652798113,2007-01-01
MX-PUE,2007,2,16.561150627269637,20.034300458104383,2007-02-01
MX-PUE,2007,3,17.983776939837025,15.779841219319833,2007-03-01
MX-PUE,2007,4,19.519942463374957,26.988444899988245,2007-04-01
MX-PUE,2007,5,19.903144085119884,40.88377809273386,2007-05-01
MX-PUE,2007,6,20.06388116595446,43.28568332014857,2007-06-01
MX-PUE,2007,7,19.444453296834585,49.53913112655867,2007-07-01
MX-PUE,2007,8,19.291472061081176,73.2610529696426,2007-08-01
MX-PUE,2007,9,18.86629464790332,52.64899401485978,2007-09-01
MX-PUE,2007,10,17.728650499669218,42.21157995714731,2007-10-01
MX-PUE,2007,11,16.241146264371654,17.648156073469497,2007-11-01
MX-PUE,2007,12,16.074339458949137,6.852389781480123,2007-12-01
MX-PUE,2008,1,14.857760717439032,10.420427816867674,2008-01-01
MX-PUE,2008,2,17.320165431278603,7.610723353901255,2008-02-01
MX-PUE,2008,3,17.876008657790297,8.601422285162345,2008-03-01
MX-PUE,2008,4,19.864802481773168,29.999451093623122,2008-04-01
MX-PUE,2008,5,20.831370468922213,28.213799937626078,2008-05-01
MX-PUE,2008,6,19.307075245222066,77.09935649569182,2008-06-01
MX-PUE,2008,7,18.868249955613894,80.16673650159301,2008-07-01
MX-PUE,2008,8,19.947662953417726,48.404299502259555,2008-08-01
MX-PUE,2008,9,18.95279127711704,76.92758881713519,2008-09-01
MX-PUE,2008,10,17.858767846702147,24.226320483768916,2008-10-01
MX-PUE,2008,11,16.19506595986395,7.092325062643049,2008-11-01
MX-PUE,2008,12,15.168428112990188,4.690619518152585,2008-12-01
MX-PUE,2009,1,15.341777462916856,8.414071696843042,2009-01-01
MX-PUE,2009,2,16.221220782355513,9.49377196504684,2009-02-01
MX-PUE,2009,3,18.041425616022742,8.12602758879872,2009-03-01
MX-PUE,2009,4,20.40355732434629,17.74003855020285,2009-04-01
MX-PUE,2009,5,20.496160987691617,41.351246063827034,2009-05-01
MX-PUE,2009,6,20.397103215345815,43.97920941924838,2009-06-01
MX-PUE,2009,7,19.981857268370486,32.60549140945714,2009-07-01
MX-PUE,2009,8,20.123085043615035,35.07651544720781,2009-08-01
MX-PUE,2009,9,19.19057409187972,87.11923487031997,2009-09-01
MX-PUE,2009,10,19.506366138378276,47.29415967907481,2009-10-01
MX-PUE,2009,11,16.300381898644723,16.598250101815275,2009-11-01
MX-PUE,2009,12,15.980537303566297,16.10486488918361,2009-12-01
MX-PUE,2010,1,13.95292396480875,23.782872939487053,2010-01-01
MX-PUE,2010,2,15.000210930713502,24.897872739462805,2010-02-01
MX-PUE,2010,3,18.251231040530556,8.640760435018894,2010-03-01
MX-PUE,2010,4,20.06836928067637,29.701968864544163,2010-04-01
MX-PUE,2010,5,22.004303024923868,15.678253502093812,2010-05-01
MX-PUE,2010,6,21.284166805746857,37.22368577583228,2010-06-01
MX-PUE,2010,7,19.425004120619025,107.95728911708683,2010-07-01
MX-PUE,2010,8,19.64758435521928,61.69456936742928,2010-08-01
MX-PUE,2010,9,19.02118208853303,84.55396672561454,2010-09-01
MX-PUE,2010,10,17.795450460828693,8.460975222364779,2010-10-01
MX-PUE,2010,11,16.08327253450977,10.360006705590244,2010-11-01
MX-PUE,2010,12,13.836584366385917,3.811438811759036,2010-12-01
MX-PUE,2011,1,15.666955360010961,8.346939711638317,2011-01-01
MX-PUE,2011,2,16.72530780297144,5.0905739138737385,2011-02-01
MX-PUE,2011,3,18.521664852492634,10.34915319736887,2011-03-01
MX-PUE,2011,4,21.094092560073758,15.735638406041966,2011-04-01
MX-PUE,2011,5,21.552203175799868,20.416544245772094,2011-05-01
MX-PUE,2011,6,20.149330284951134,55.43848954070904,2011-06-01
MX-PUE,2011,7,19.10471123018218,72.6041630255774,2011-07-01
MX-PUE,2011,8,20.02711034350093,48.613020862056835,2011-08-01
MX-PUE,2011,9,19.194692672424015,46.22261491116745,2011-09-01
MX-PUE,2011,10,17.63144234192442,27.54824607531246,2011-10-01
MX-PUE,2011,11,16.822227352539933,18.54422570650365,2011-11-01
MX-PUE,2011,12,15.145146871732358,7.978143174315621,2011-12-01
MX-PUE,2012,1,15.43953915008983,12.995838160941801,2012-01-01
MX-PUE,2012,2,16.593756666230032,19.628899581199878,2012-02-01
MX-PUE,2012,3,18.331865659192353,15.197436225162692,2012-03-01
MX-PUE,2012,4,19.137533941369767,19.207113736081105,2012-04-01
MX-PUE,2012,5,20.52459420495394,25.978650280237307,2012-05-01
MX-PUE,2012,6,19.883678816286366,80.26232883720616,2012-06-01
MX-PUE,2012,7,18.760888654580597,51.96930270602413,2012-07-01
MX-PUE,2012,8,19.365760281386112,78.9028448336086,2012-08-01
MX-PUE,2012,9,19.223833993428176,40.83616166607759,2012-09-01
MX-PUE,2012,10,18.467937359804548,18.241376819139685,2012-10-01
MX-PUE,2012,11,16.2136595710442,12.867033032365226,2012-11-01
MX-PUE,2012,12,15.993126250617753,6.045826416588695,2012-12-01
MX-PUE,2013,1,15.448805323787894,9.118857628070229,2013-01-01
MX-PUE,2013,2,18.117601004168318,7.579776806580941,2013-02-01
MX-PUE,2013,3,17.252681313675865,12.351157585905725,2013-03-01
MX-PUE,2013,4,20.726651718211986,19.001962695184226,2013-04-01
MX-PUE,2013,5,20.604328657401403,31.490583676427644,2013-05-01
MX-PUE,2013,6,20.273236657238023,64.65386777172516,2013-06-01
MX-PUE,2013,7,19.733049614840887,49.55490740815897,2013-07-01
MX-PUE,2013,8,19.72146618861167,55.271365789967135,2013-08-01
MX-PUE,2013,9,18.95758799029456,112.0818198480188,2013-09-01
MX-PUE,2013,10,18.821452104655894,47.75258764222321,2013-10-01
MX-PUE,2013,11,16.908963431097344,32.23898993484003,2013-11-01
MX-PUE,2013,12,15.938986340677697,12.280213849647692,2013-12-01
MX-PUE,2014,1,14.086390054150922,9.144296568435228,2014-01-01
MX-PUE,2014,2,17.468713664863227,6.206812828551011,2014-02-01
MX-PUE,2014,3,19.11745656085551,17.04186301456514,2014-03-01
MX-PUE,2014,4,20.42332835403052,18.254641007437954,2014-04-01
MX-PUE,2014,5,19.432499587737183,69.42914407257372,2014-05-01
MX-PUE,2014,6,19.806362000868937,81.18052171581088,2014-06-01
MX-PUE,2014,7,19.284651696634185,46.722630499477305,2014-07-01
MX-PUE,2014,8,20.208461650220393,32.82449264568609,2014-08-01
MX-PUE,2014,9,19.425379537465226,61.581543304552994,2014-09-01
MX-PUE,2014,10,18.40779381672261,50.6516057455276,2014-10-01
MX-PUE,2014,11,16.634964741302962,16.181776337175073,2014-11-01
MX-PUE,2014,12,15.633633938321383,11.683097153406065,2014-12-01
MX-PUE,2015,1,14.564778193396132,12.018489816958265,2015-01-01
MX-PUE,2015,2,15.974170611494445,9.510355115821548,2015-02-01
MX-PUE,2015,3,17.16715220713432,43.976493286215025,2015-03-01
MX-PUE,2015,4,20.510749881225017,30.628875937517698,2015-04-01
MX-PUE,2015,5,19.985249644470763,42.79245562585511,2015-05-01
MX-PUE,2015,6,19.732738352753852,60.051161457140175,2015-06-01
MX-PUE,2015,7,19.684802102847204,39.27866594534826,2015-07-01
MX-PUE,2015,8,20.32179926608384,41.50977671773302,2015-08-01
MX-PUE,2015,9,19.357121779092168,70.97848856134819,2015-09-01
MX-PUE,2015,10,19.203074626686504,47.62191718861723,2015-10-01
MX-PUE,2015,11,18.242352874145173,34.21324089823064,2015-11-01
MX-PUE,2015,12,16.82151061581289,8.440148827991637,2015-12-01
MX-PUE,2016,1,14.512924419923065,14.64449073580848,2016-01-01
MX-PUE,2016,2,15.463292117846576,4.757046138137217,2016-02-01
MX-PUE,2016,3,18.33880594605382,27.710925923040605,2016-03-01
MX-PUE,2016,4,20.784001358538678,25.76447344570997,2016-04-01
MX-PUE,2016,5,21.609328779022277,35.756399643450926,2016-05-01
MX-PUE,2016,6,19.88776433274729,73.80926915108665,2016-06-01
MX-PUE,2016,7,20.074724607773614,42.70406600770407,2016-07-01
MX-PUE,2016,8,20.08181018466769,64.83324375427371,2016-08-01
MX-PUE,2016,9,19.37608469067718,63.265079458409886,2016-09-01
MX-PUE,2016,10,18.62460914130126,30.03076004921314,2016-10-01
MX-PUE,2016,11,16.916706546115112,20.566485579624484,2016-11-01
MX-PUE,2016,12,16.93926789129174,15.882768677805624,2016-12-01
MX-PUE,2017,1,15.66538877306073,4.062505550374811,2017-01-01
MX-PUE,2017,2,17.26195458582855,6.024979130707636,2017-02-01
MX-PUE,2017,3,18.042022670401483,21.038164820541578,2017-03-01
MX-PUE,2017,4,19.938894240896882,16.540188494421802,2017-04-01
MX-PUE,2017,5,21.37393486543167,48.570797792344564,2017-05-01
MX-PUE,2017,6,20.204507569564786,71.43049250490284,2017-06-01
MX-PUE,2017,7,19.134017363659293,61.862207021071065,2017-07-01
MX-PUE,2017,8,20.132567369099316,73.6740958433733,2017-08-01
MX-PUE,2017,9,19.155313261660442,116.69687175565291,2017-09-01
MX-PUE,2017,10,18.254197814270892,38.146938072808545,2017-10-01
MX-PUE,2017,11,16.696666019149617,4.221472110779832,2017-11-01
MX-PUE,2017,12,14.838474030715252,3.6468829729453236,2017-12-01
MX-PUE,2018,1,13.59296504151533,15.27973413600347,2018-01-01
MX-PUE,2018,2,17.31336720695126,7.883133734450305,2018-02-01
MX-PUE,2018,3,19.33654401960757,20.142154126247515,2018-03-01
MX-PUE,2018,4,19.45224479581003,43.107889312142895,2018-04-01
MX-PUE,2018,5,20.35746245722377,30.744191397496508,2018-05-01
MX-PUE,2018,6,19.742901802187024,75.31049149404576,2018-06-01
MX-PUE,2018,7,19.874275290373134,20.33422275780675,2018-07-01
MX-PUE,2018,8,19.263062706473598,57.18890386808083,2018-08-01
MX-PUE,2018,9,19.759784421792183,51.47997316794587,2018-09-01
MX-PUE,2018,10,18.904276354145306,55.18217193165855,2018-10-01
MX-PUE,2018,11,17.098955824770428,25.9680470591991,2018-11-01
MX-PUE,2018,12,15.50959544546496,8.463355908374922,2018-12-01
MX-PUE,2019,1,15.392388255858972,6.533167380134516,2019-01-01
MX-PUE,2019,2,18.426300695429006,5.119344777547075,2019-02-01
MX-PUE,2019,3,18.827762868670245,10.852162394606516,2019-03-01
MX-PUE,2019,4,20.305573294522638,11.991105981839139,2019-04-01
MX-PUE,2019,5,21.982030786854406,25.3665475040847,2019-05-01
MX-PUE,2019,6,20.402212949107415,65.36229968253437,2019-06-01
MX-PUE,2019,7,19.418381531575506,50.12220064153091,2019-07-01
MX-PUE,2019,8,20.279271121687636,40.575659122455406,2019-08-01
MX-PUE,2019,9,19.767316504493998,55.97736570438215,2019-09-01
MX-PUE,2019,10,19.076843826685522,73.42815495293176,2019-10-01
MX-PUE,2019,11,17.730644093112574,16.91071175181819,2019-11-01
MX-PUE,2019,12,16.024222550246826,6.128881036484267,2019-12-01
MX-PUE,2020,1,15.731628043913409,17.162104735118348,2020-01-01
MX-PUE,2020,2,17.457550221007512,9.305135847109653,2020-02-01
MX-PUE,2020,3,19.952589906154685,4.4798576717346,2020-03-01
MX-PUE,2020,4,21.989976174762646,17.475766976108183,2020-04-01
MX-PUE,2020,5,21.153035155737413,31.119961855945107,2020-05-01
MX-PUE,2020,6,20.58619723981883,47.98823176016911,2020-06-01
MX-PUE,2020,7,20.190950847529535,45.253667290889844,2020-07-01
MX-PUE,2020,8,19.900985929120534,57.2325707510075,2020-08-01
MX-PUE,2020,9,19.272484891804062,86.876504425859,2020-09-01
MX-PUE,2020,10,18.310991094659144,11.18971155881301,2020-10-01
MX-PUE,2020,11,17.24603079703501,15.847340982607577,2020-11-01
MX-PUE,2020,12,15.665747007868877,5.090307254252555,2020-12-01
MX-PUE,2021,1,15.877485227647014,13.436949189917916,2021-01-01
MX-PUE,2021,2,17.023538313236465,6.813400331491629,2021-02-01
MX-PUE,2021,3,19.14820886836372,7.0109370163312885,2021-03-01
MX-PUE,2021,4,20.517384716973524,14.358679309220834,2021-04-01
MX-PUE,2021,5,20.462795842886973,46.78880002390419,2021-05-01
MX-PUE,2021,6,19.3709736710723,90.33946211727849,2021-06-01
MX-PUE,2021,7,19.592695887439657,41.99089702064264,2021-07-01
MX-PUE,2021,8,19.613552441459387,68.977324886604,2021-08-01
MX-PUE,2021,9,19.223738108015038,74.82303856621603,2021-09-01
MX-PUE,2021,10,19.195296073268587,26.47396816563151,2021-10-01
MX-PUE,2021,11,16.16172462996106,13.604451104518061,2021-11-01
MX-PUE,2021,12,16.614198838755126,2.9807694161189833,2021-12-01
MX-PUE,2022,1,15.387713887871262,13.56990945223703,2022-01-01
MX-PUE,2022,2,15.776595634552706,10.641723794684683,2022-02-01
MX-PUE,2022,3,18.34770867657577,7.7429850434520695,2022-03-01
MX-PUE,2022,4,20.55491584761383,15.661216122905415,2022-04-01
MX-PUE,2022,5,21.593797140459763,12.24617788389511,2022-05-01
MX-PUE,2022,6,19.81041515423151,40.321614665755845,2022-06-01
MX-PUE,2022,7,20.19895426209131,33.53846071120927,2022-07-01
MX-PUE,2022,8,19.72431301673852,49.690626578784084,2022-08-01
MX-PUE,2022,9,18.70399426559991,79.05869322631216,2022-09-01
MX-PUE,2022,10,18.69292159270444,33.70344821520725,2022-10-01
MX-PUE,2022,11,18.08507189709074,10.976801587319235,2022-11-01
MX-PUE,2022,12,15.29795940288251,10.984292424006368,2022-12-01
MX-PUE,2023,1,15.96446882770401,4.508771711676557,2023-01-01
MX-PUE,2023,2,16.878345568258172,6.042845098318005,2023-02-01
MX-PUE,2023,3,19.459327453645482,14.940319490540407,2023-03-01
MX-PUE,2023,4,20.209750277741627,29.154239355432615,2023-04-01
MX-PUE,2023,5,20.386932739751074,35.081511894096764,2023-05-01
MX-PUE,2023,6,22.531637627631238,21.36171438811599,2023-06-01
MX-PUE,2023,7,20.425495180411822,39.399710374180685,2023-07-01
MX-PUE,2023,8,20.336936751619326,50.50684582713508,2023-08-01
MX-PUE,2023,9,20.831645306820672,19.96306766662557,2023-09-01
MX-PUE,2023,10,19.688815278971205,41.222842374042095,2023-10-01
MX-PUE,2023,11,17.861862424546523,20.7846287389577,2023-11-01
MX-PUE,2023,12,15.471956195890337,20.65620244582678,2023-12-01
MX-PUE,2024,1,16.873400393901807,11.88930398030431,2024-01-01
MX-PUE,2024,2,18.030036315823466,7.319436807054178,2024-02-01
MX-PUE,2024,3,20.90328647776257,9.840009165830903,2024-03-01
MX-PUE,2024,4,21.703481200542903,9.721873310668867,2024-04-01
MX-PUE,2024,5,24.239959224996213,9.582456699480721,2024-05-01
MX-PUE,2024,6,22.064658833881676,66.25390156067294,2024-06-01
MX-PUE,2024,7,20.091647480566913,88.30412255748425,2024-07-01
MX-PUE,2024,8,20.287930476142446,45.11166279004374,2024-08-01
MX-PUE,2024,9,19.994007408117895,93.35728887604384,2024-09-01
MX-PUE,2024,10,17.883610684136684,42.65031580275988,2024-10-01
MX-PUE,2024,11,17.935885370066238,13.42929252597394,2024-11-01
MX-PUE,2024,12,15.706593935636555,5.8708839578462975,2024-12-01
MX-PUE,2025,1,15.750509188015297,9.501600965879318,2025-01-01
MX-PUE,2025,2,17.70962163103168,13.267586344288578,2025-02-01
MX-PUE,2025,3,19.907060533570863,8.437501286816985,2025-03-01
MX-PUE,2025,4,20.085314478981992,8.35059661112378,2025-04-01
MX-PUE,2025,5,21.514160537060988,48.685027818406525,2025-05-01
MX-PUE,2025,6,19.388939614941247,99.06270779597995,2025-06-01
MX-PUE,2025,7,19.557206138925068,32.591778139226726,2025-07-01
MX-PUE,2025,8,19.93522621301269,44.43032613762648,2025-08-01
MX-PUE,2025,9,19.898121195084332,60.35223597061998,2025-09-01
MX-PUE,2025,10,18.704350248169828,49.93853553948002,2025-10-01
MX-PUE,2025,11,17.272115324949013,11.073344068579068,2025-11-01
MX-PUE,2025,12,16.456649143027345,16.680502643764274,2025-12-01
MX-QUE,1990,1,14.808904582244006,5.008304680703981,1990-01-01
MX-QUE,1990,2,14.942816097617394,9.41394459109018,1990-02-01
MX-QUE,1990,3,17.343776291367252,7.92639031337826,1990-03-01
MX-QUE,1990,4,20.027040275291544,6.9098137605177135,1990-04-01
MX-QUE,1990,5,20.862818300025882,34.02436058924237,1990-05-01
MX-QUE,1990,6,19.94640294608054,25.84737535585671,1990-06-01
MX-QUE,1990,7,18.135102661152402,58.724884212929425,1990-07-01
MX-QUE,1990,8,18.483477030379845,32.233993158324054,1990-08-01
MX-QUE,1990,9,18.100904970348346,37.28839963823114,1990-09-01
MX-QUE,1990,10,16.894329486833293,21.966519473068434,1990-10-01
MX-QUE,1990,11,15.917102535934196,1.3866898740860787,1990-11-01
MX-QUE,1990,12,14.160191042080582,1.195815717153462,1990-12-01
MX-QUE,1991,1,14.903319874338955,2.7380317439211224,1991-01-01
MX-QUE,1991,2,15.531202364061697,7.84134426076721,1991-02-01
MX-QUE,1991,3,19.82791264637866,0.32871440217717185,1991-03-01
MX-QUE,1991,4,21.53784854503533,4.546130096678695,1991-04-01
MX-QUE,1991,5,21.276802552978697,21.60052479761554,1991-05-01
MX-QUE,1991,6,19.673640745192174,42.613984064685894,1991-06-01
MX-QUE,1991,7,17.435880104462093,104.7486357560909,1991-07-01
MX-QUE,1991,8,19.069163737742176,15.68328048138705,1991-08-01
MX-QUE,1991,9,17.295429170686045,69.65951213595123,1991-09-01
MX-QUE,1991,10,15.700128811195453,21.034832250291366,1991-10-01
MX-QUE,1991,11,14.073829734275083,5.998908997667087,1991-11-01
MX-QUE,1991,12,13.950724034733875,5.989109557902873,1991-12-01
MX-QUE,1992,1,12.395022595595059,31.78921606791019,1992-01-01
MX-QUE,1992,2,13.675234951147697,16.627531935058553,1992-02-01
MX-QUE,1992,3,17.921493338389702,4.7106362772277635,1992-03-01
MX-QUE,1992,4,17.877600711600085,16.59769278538127,1992-04-01
MX-QUE,1992,5,18.274299330260536,43.46975468389188,1992-05-01
MX-QUE,1992,6,20.022377401910212,31.711196967923204,1992-06-01
MX-QUE,1992,7,18.663703737089442,56.023686163267605,1992-07-01
MX-QUE,1992,8,18.368840880139135,28.674461417371727,1992-08-01
MX-QUE,1992,9,18.01522716440808,40.902313119903226,1992-09-01
MX-QUE,1992,10,15.80246506963334,31.338352128774154,1992-10-01
MX-QUE,1992,11,14.873577471601157,10.221475568667444,1992-11-01
MX-QUE,1992,12,15.172013907957913,1.5098524550066867,1992-12-01
MX-QUE,1993,1,14.4134736060033,6.862665717278086,1993-01-01
MX-QUE,1993,2,15.936440908865263,3.867212161425199,1993-02-01
MX-QUE,1993,3,16.938786065769253,2.9605415116123948,1993-03-01
MX-QUE,1993,4,19.55429821395321,3.980240443310001,1993-04-01
MX-QUE,1993,5,19.97868220551233,13.003350708126925,1993-05-01
MX-QUE,1993,6,20.07898782129414,54.01886741448463,1993-06-01
MX-QUE,1993,7,18.502055753650296,40.13134082341552,1993-07-01
MX-QUE,1993,8,18.784954814652192,28.620102240767746,1993-08-01
MX-QUE,1993,9,16.930947249724248,46.49285107749888,1993-09-01
MX-QUE,1993,10,17.261748768782073,5.667349959885603,1993-10-01
MX-QUE,1993,11,16.351709659590426,6.39906757667599,1993-11-01
MX-QUE,1993,12,14.426120541364243,0.38887384579979745,1993-12-01
MX-QUE,1994,1,13.879926884048597,4.089785987445146,1994-01-01
MX-QUE,1994,2,16.351450919328084,0.8752298506591837,1994-02-01
MX-QUE,1994,3,18.861942447127763,1.148411479189196,1994-03-01
MX-QUE,1994,4,19.331576858833284,16.035373745595354,1994-04-01
MX-QUE,1994,5,20.938971856202212,16.933582643830366,1994-05-01
MX-QUE,1994,6,19.190374936876612,57.75146109471204,1994-06-01
MX-QUE,1994,7,19.160256378105505,27.095468841944804,1994-07-01
MX-QUE,1994,8,18.44351467246782,49.07051615286135,1994-08-01
MX-QUE,1994,9,17.72355749894407,32.75449172298146,1994-09-01
MX-QUE,1994,10,18.07758617567273,18.804153411393408,1994-10-01
MX-QUE,1994,11,16.973569027197115,1.8619101189568907,1994-11-01
MX-QUE,1994,12,15.71910965157967,2.624637857977907,1994-12-01
MX-QUE,1995,1,14.936985873538436,5.080252284257516,1995-01-01
MX-QUE,1995,2,15.792020817432109,4.504462322946379,1995-02-01
MX-QUE,1995,3,18.368221916110112,3.0863777985829945,1995-03-01
MX-QUE,1995,4,20.65941352119971,2.8943336543212026,1995-04-01
MX-QUE,1995,5,22.27212240214575,26.587600404624204,1995-05-01
MX-QUE,1995,6,20.2193457393851,28.102086892490746,1995-06-01
MX-QUE,1995,7,18.423216722692953,39.27351113270517,1995-07-01
MX-QUE,1995,8,18.79311398297913,49.155689434648686,1995-08-01
MX-QUE,1995,9,18.278567280807263,22.825653010129237,1995-09-01
MX-QUE,1995,10,17.26505477306834,7.368704889493688,1995-10-01
MX-QUE,1995,11,15.811728585623138,16.307867329669204,1995-11-01
MX-QUE,1995,12,14.350600025698556,9.80205607466804,1995-12-01
MX-QUE,1996,1,13.274768309278953,0.11250322545950742,1996-01-01
MX-QUE,1996,2,15.849179239713774,1.5186421516163655,1996-02-01
MX-QUE,1996,3,16.960465623785204,0.9172397916324453,1996-03-01
MX-QUE,1996,4,19.361739807702968,4.971637876054758,1996-04-01
MX-QUE,1996,5,21.562755017537857,7.6070105490751265,1996-05-01
MX-QUE,1996,6,19.51325281215264,34.693762527931035,1996-06-01
MX-QUE,1996,7,19.35553126945956,27.689217693809468,1996-07-01
MX-QUE,1996,8,18.21514353311143,59.0857248724315,1996-08-01
MX-QUE,1996,9,18.32932277725878,56.37240518361307,1996-09-01
MX-QUE,1996,10,17.302405759169115,19.13998356446322,1996-10-01
MX-QUE,1996,11,14.97140733456222,1.8805248023047336,1996-11-01
MX-QUE,1996,12,14.492137247380334,6.335777759801217,1996-12-01
MX-QUE,1997,1,13.5020818727131,1.8937596923510498,1997-01-01
MX-QUE,1997,2,15.75436643505794,1.163762385067021,1997-02-01
MX-QUE,1997,3,17.32053495116625,18.262912623716293,1997-03-01
MX-QUE,1997,4,17.416357641804712,36.593291813275776,1997-04-01
MX-QUE,1997,5,18.56316102352615,31.16707488926748,1997-05-01
MX-QUE,1997,6,20.72957147240767,29.25472523980198,1997-06-01
MX-QUE,1997,7,19.66415126166662,19.934958455004505,1997-07-01
MX-QUE,1997,8,19.422786522148677,15.161150143847708,1997-08-01
MX-QUE,1997,9,18.887741914389714,17.612237992380873,1997-09-01
MX-QUE,1997,10,16.696891071742748,25.4172638901488,1997-10-01
MX-QUE,1997,11,16.495233811153522,4.65123963905646,1997-11-01
MX-QUE,1997,12,14.2084066830864,1.3099757362416582,1997-12-01
MX-QUE,1998,1,13.408336183409682,5.997314829266095,1998-01-01
MX-QUE,1998,2,14.942727159024932,0.9780090479068294,1998-02-01
MX-QUE,1998,3,18.0746767012589,0.3715839468930249,1998-03-01
MX-QUE,1998,4,21.562251490894404,0.5881721043109432,1998-04-01
MX-QUE,1998,5,23.06118267374914,7.277374399855953,1998-05-01
MX-QUE,1998,6,22.288821527975603,20.535723742886944,1998-06-01
MX-QUE,1998,7,19.860783236387622,17.985343847352286,1998-07-01
MX-QUE,1998,8,19.08377040370665,40.64257298097843,1998-08-01
MX-QUE,1998,9,18.592388066384274,78.50837822152612,1998-09-01
MX-QUE,1998,10,16.7878840739415,35.62948144689819,1998-10-01
MX-QUE,1998,11,16.806013100404105,4.00380802986281,1998-11-01
MX-QUE,1998,12,14.574046882665325,0.3774625079014539,1998-12-01
MX-QUE,1999,1,13.063357487589364,0.28395547022107737,1999-01-01
MX-QUE,1999,2,15.71674135884601,1.4328414488273196,1999-02-01
MX-QUE,1999,3,18.251494398054277,4.05054831770091,1999-03-01
MX-QUE,1999,4,21.001759258591754,3.8043586791338595,1999-04-01
MX-QUE,1999,5,21.814810382872476,3.6321535204658675,1999-05-01
MX-QUE,1999,6,20.96432996246801,20.27570811969982,1999-06-01
MX-QUE,1999,7,18.37944216644144,45.121655613147134,1999-07-01
MX-QUE,1999,8,19.299427877963325,40.05221289568943,1999-08-01
MX-QUE,1999,9,18.026556935102818,24.52143925585045,1999-09-01
MX-QUE,1999,10,15.332124680342886,13.224809396479234,1999-10-01
MX-QUE,1999,11,13.963490822283743,1.3226905496454022,1999-11-01
MX-QUE,1999,12,12.280004072827243,0.7805697358347218,1999-12-01
MX-QUE,2000,1,13.413761404647946,0.429672078301198,2000-01-01
MX-QUE,2000,2,15.567420989943972,1.1471003282685917,2000-02-01
MX-QUE,2000,3,18.614825214038145,1.9539764636624608,2000-03-01
MX-QUE,2000,4,20.222453985654408,6.100108986147937,2000-04-01
MX-QUE,2000,5,20.75956723194988,14.700065703708214,2000-05-01
MX-QUE,2000,6,19.025136848940615,49.9342293514685,2000-06-01
MX-QUE,2000,7,19.1434307980117,21.15512119365289,2000-07-01
MX-QUE,2000,8,18.398587023271762,17.6964580887675,2000-08-01
MX-QUE,2000,9,18.782865623963215,22.73422851620485,2000-09-01
MX-QUE,2000,10,17.484024320634038,6.439025437557144,2000-10-01
MX-QUE,2000,11,16.802357512404537,6.219994278048212,2000-11-01
MX-QUE,2000,12,12.670346598079277,3.290106346679436,2000-12-01
MX-QUE,2001,1,13.93707705716935,2.2204765997444484,2001-01-01
MX-QUE,2001,2,15.574487745434183,3.5315252522030955,2001-02-01
MX-QUE,2001,3,17.443604770069854,4.252179732823201,2001-03-01
MX-QUE,2001,4,20.213140206669497,13.93696087047742,2001-04-01
MX-QUE,2001,5,19.98266754062767,15.090867300732267,2001-05-01
MX-QUE,2001,6,19.612569582479047,32.34603064959186,2001-06-01
MX-QUE,2001,7,19.166025424301523,42.23902439517139,2001-07-01
MX-QUE,2001,8,19.102712946011923,51.755117835080554,2001-08-01
MX-QUE,2001,9,17.78311720275996,37.939003707903765,2001-09-01
MX-QUE,2001,10,15.966979081826858,15.883541656678563,2001-10-01
MX-QUE,2001,11,14.495496293072003,5.062670920483325,2001-11-01
MX-QUE,2001,12,14.084649960098766,1.9834419247090924,2001-12-01
MX-QUE,2002,1,13.500812586393542,8.031290198458976,2002-01-01
MX-QUE,2002,2,14.554049105004433,3.702854094305063,2002-02-01
MX-QUE,2002,3,18.356967714616808,1.5800150513266675,2002-03-01
MX-QUE,2002,4,19.79967125133574,14.342566028078616,2002-04-01
MX-QUE,2002,5,21.188611482515984,7.387953513839973,2002-05-01
MX-QUE,2002,6,20.277901942113658,31.98096246832252,2002-06-01
MX-QUE,2002,7,18.64045539519389,45.359995814379666,2002-07-01
MX-QUE,2002,8,19.237800536187397,21.3451769685055,2002-08-01
MX-QUE,2002,9,18.20069324954211,59.96691455994529,2002-09-01
MX-QUE,2002,10,18.347149049463503,14.618331756768004,2002-10-01
MX-QUE,2002,11,13.813714597149106,21.078748842433594,2002-11-01
MX-QUE,2002,12,13.60316175832435,1.0238345423216113,2002-12-01
MX-QUE,2003,1,12.591332546537577,4.0613757856607915,2003-01-01
MX-QUE,2003,2,16.363690515421702,1.4435181679985458,2003-02-01
MX-QUE,2003,3,18.35653825345783,0.9099430588348738,2003-03-01
MX-QUE,2003,4,21.30112236974657,5.1961062308544115,2003-04-01
MX-QUE,2003,5,22.65264893487544,10.19565152746018,2003-05-01
MX-QUE,2003,6,20.14648152528348,38.399914952453194,2003-06-01
MX-QUE,2003,7,18.935974391297716,33.96159969974791,2003-07-01
MX-QUE,2003,8,18.88195561589973,31.322617841932207,2003-08-01
MX-QUE,2003,9,18.580883663089207,68.9472613677633,2003-09-01
MX-QUE,2003,10,17.25919294771252,23.06874187495286,2003-10-01
MX-QUE,2003,11,15.798700501351709,2.0880433813311563,2003-11-01
MX-QUE,2003,12,12.128798413772644,0.603526695816251,2003-12-01
MX-QUE,2004,1,12.776297973603526,9.135878509384664,2004-01-01
MX-QUE,2004,2,14.362240764994233,0.21684621164644854,2004-02-01
MX-QUE,2004,3,17.045295315747854,10.609382289229806,2004-03-01
MX-QUE,2004,4,19.38349302237075,3.18301716087861,2004-04-01
MX-QUE,2004,5,20.0310754617115,18.002364098401614,2004-05-01
MX-QUE,2004,6,18.888318239175433,53.330948891049566,2004-06-01
MX-QUE,2004,7,19.16799591610103,38.38553131653855,2004-07-01
MX-QUE,2004,8,18.91052055510877,32.573486449565756,2004-08-01
MX-QUE,2004,9,18.47868547069104,28.74260527432817,2004-09-01
MX-QUE,2004,10,18.39732442805053,19.53198212556385,2004-10-01
MX-QUE,2004,11,15.935540618826547,2.290809750126127,2004-11-01
MX-QUE,2004,12,13.212546807806861,1.3784513007730952,2004-12-01
MX-QUE,2005,1,14.093806339527184,3.949454312744737,2005-01-01
MX-QUE,2005,2,16.00889350120145,6.98133667385142,2005-02-01
MX-QUE,2005,3,18.148569968397222,4.989469595495789,2005-03-01
MX-QUE,2005,4,21.163610181341994,3.9914170286185993,2005-04-01
MX-QUE,2005,5,21.428340437804568,8.175196792202723,2005-05-01
MX-QUE,2005,6,22.132641543051154,14.46052450809224,2005-06-01
MX-QUE,2005,7,19.966131293032202,40.899250030134645,2005-07-01
MX-QUE,2005,8,19.12875881184776,46.19925179983016,2005-08-01
MX-QUE,2005,9,18.906441861240403,14.337794555238439,2005-09-01
MX-QUE,2005,10,17.40757724140561,18.70434364613444,2005-10-01
MX-QUE,2005,11,15.37992689413532,1.145095783956686,2005-11-01
MX-QUE,2005,12,14.379569777509605,0.756555483118695,2005-12-01
MX-QUE,2006,1,13.381375144280595,4.046403185540381,2006-01-01
MX-QUE,2006,2,15.951342397516642,0.7886522927868421,2006-02-01
MX-QUE,2006,3,18.353041644796786,7.434018722512376,2006-03-01
MX-QUE,2006,4,20.714470223385902,10.032681748553944,2006-04-01
MX-QUE,2006,5,20.1955687452405,27.743968929276058,2006-05-01
MX-QUE,2006,6,19.79015743294052,11.581124742090175,2006-06-01
MX-QUE,2006,7,19.011946560787102,41.90674489473914,2006-07-01
MX-QUE,2006,8,18.754425015038805,44.984685859969375,2006-08-01
MX-QUE,2006,9,18.810751155025358,38.10262265856094,2006-09-01
MX-QUE,2006,10,17.77097619128204,31.674462586270213,2006-10-01
MX-QUE,2006,11,14.6266374356189,8.533993641608689,2006-11-01
MX-QUE,2006,12,13.481606390495607,3.2031990471970264,2006-12-01
MX-QUE,2007,1,14.186113106641532,6.339210966176889,2007-01-01
MX-QUE,2007,2,15.469903440326066,11.493520286050966,2007-02-01
MX-QUE,2007,3,17.802189626393346,6.345033805449718,2007-03-01
MX-QUE,2007,4,19.788572814465855,11.869051868149905,2007-04-01
MX-QUE,2007,5,20.856537933792843,14.917147897944103,2007-05-01
MX-QUE,2007,6,20.159472867102767,54.81143833658761,2007-06-01
MX-QUE,2007,7,19.044759065673716,59.30494357472839,2007-07-01
MX-QUE,2007,8,18.84834332882379,46.006519836047325,2007-08-01
MX-QUE,2007,9,18.095389019051343,35.563623210254775,2007-09-01
MX-QUE,2007,10,16.34894842415129,12.445320653705034,2007-10-01
MX-QUE,2007,11,14.94561444906992,4.647339009137928,2007-11-01
MX-QUE,2007,12,15.502956775141723,1.444181451069988,2007-12-01
MX-QUE,2008,1,13.875055077883335,1.856854102026728,2008-01-01
MX-QUE,2008,2,16.439150581123535,3.088827963718218,2008-02-01
MX-QUE,2008,3,17.7316952716888,0.3564884589917366,2008-03-01
MX-QUE,2008,4,20.79404177189887,5.5118274772621,2008-04-01
MX-QUE,2008,5,21.165045139803283,14.691605809166372,2008-05-01
MX-QUE,2008,6,19.500230347292938,46.64675009764542,2008-06-01
MX-QUE,2008,7,18.418382717808168,73.52640761290309,2008-07-01
MX-QUE,2008,8,19.09878392496812,65.47827804741631,2008-08-01
MX-QUE,2008,9,17.487898196147196,52.17724066757074,2008-09-01
MX-QUE,2008,10,16.225920771490085,6.394323538623125,2008-10-01
MX-QUE,2008,11,14.51904265581643,0.8109895267231544,2008-11-01
MX-QUE,2008,12,13.72148702298475,0.23725919006367632,2008-12-01
MX-QUE,2009,1,14.331020338679727,2.3443896894307,2009-01-01
MX-QUE,2009,2,15.76930945981434,1.0740420440784373,2009-02-01
MX-QUE,2009,3,18.113590301387873,3.25470472164215,2009-03-01
MX-QUE,2009,4,20.832329907039608,1.160267415559983,2009-04-01
MX-QUE,2009,5,21.410648660971614,15.636410148604483,2009-05-01
MX-QUE,2009,6,20.948117773666677,29.20038306715358,2009-06-01
MX-QUE,2009,7,19.994253585606774,24.535592793640575,2009-07-01
MX-QUE,2009,8,20.06355266753488,24.37386836469424,2009-08-01
MX-QUE,2009,9,18.735961320505634,64.1474440400634,2009-09-01
MX-QUE,2009,10,18.076965152903416,32.67020724584961,2009-10-01
MX-QUE,2009,11,14.201188132271987,1.1187845336435167,2009-11-01
MX-QUE,2009,12,14.73127869612771,4.409035130687666,2009-12-01
MX-QUE,2010,1,12.40944468135651,14.201435195571547,2010-01-01
MX-QUE,2010,2,13.04571683139481,40.121430900999364,2010-02-01
MX-QUE,2010,3,17.247642809276723,0.2417349344944114,2010-03-01
MX-QUE,2010,4,19.533486914630327,8.08274449529658,2010-04-01
MX-QUE,2010,5,21.767080658034576,10.59767370164745,2010-05-01
MX-QUE,2010,6,21.534583077507683,15.27965191233371,2010-06-01
MX-QUE,2010,7,18.98249497751377,85.64530084626014,2010-07-01
MX-QUE,2010,8,19.098710291536836,46.77493179946792,2010-08-01
MX-QUE,2010,9,18.786141509468052,42.338323830881535,2010-09-01
MX-QUE,2010,10,16.880199433398232,0.8933783360881984,2010-10-01
MX-QUE,2010,11,15.019500746042386,0.4788674898955517,2010-11-01
MX-QUE,2010,12,12.160879224478494,0.1786528747962578,2010-12-01
MX-QUE,2011,1,14.399490875514172,1.3626826525814486,2011-01-01
MX-QUE,2011,2,16.610459670868742,0.4954525790598275,2011-02-01
MX-QUE,2011,3,18.511927352464085,2.466740584669556,2011-03-01
MX-QUE,2011,4,21.871156888447878,2.8483776210129044,2011-04-01
MX-QUE,2011,5,23.190645721182356,2.742977442739084,2011-05-01
MX-QUE,2011,6,20.757908043877084,30.961736091742146,2011-06-01
MX-QUE,2011,7,19.064229273201224,46.947774396985125,2011-07-01
MX-QUE,2011,8,20.059320525336833,21.36968423445055,2011-08-01
MX-QUE,2011,9,18.73004748323192,27.40075007534258,2011-09-01
MX-QUE,2011,10,16.940736033814417,10.026506853347664,2011-10-01
MX-QUE,2011,11,15.865237334495378,3.564459716522482,2011-11-01
MX-QUE,2011,12,15.066783933484528,0.5354654125065378,2011-12-01
MX-QUE,2012,1,14.103550455285058,4.103578778025673,2012-01-01
MX-QUE,2012,2,14.944450936247184,24.801084378440475,2012-02-01
MX-QUE,2012,3,18.17353680275277,9.196652522849446,2012-03-01
MX-QUE,2012,4,19.640805952118264,3.4024292964716425,2012-04-01
MX-QUE,2012,5,21.27403443594249,6.493966385735105,2012-05-01
MX-QUE,2012,6,20.273187943049468,36.30969509597477,2012-06-01
MX-QUE,2012,7,18.832188504461747,50.68486598132068,2012-07-01
MX-QUE,2012,8,19.08278137480048,33.26368589748985,2012-08-01
MX-QUE,2012,9,19.116312846258673,26.298258443200382,2012-09-01
MX-QUE,2012,10,18.17903432028094,2.376931680502374,2012-10-01
MX-QUE,2012,11,15.13130974445848,9.428181818205664,2012-11-01
MX-QUE,2012,12,14.75666039124795,0.8476774105414908,2012-12-01
MX-QUE,2013,1,14.758240203409802,2.6355931761460263,2013-01-01
MX-QUE,2013,2,17.370815348389595,0.3197512256509153,2013-02-01
MX-QUE,2013,3,16.493372758633754,3.212419471375844,2013-03-01
MX-QUE,2013,4,21.569704741301074,1.8703046997626052,2013-04-01
MX-QUE,2013,5,21.110887175785205,14.986604755500483,2013-05-01
MX-QUE,2013,6,20.437278072352576,40.78119224980003,2013-06-01
MX-QUE,2013,7,19.531475928682244,47.953565773601426,2013-07-01
MX-QUE,2013,8,19.306313582848677,29.33623883614686,2013-08-01
MX-QUE,2013,9,18.543060816352067,76.72028086499043,2013-09-01
MX-QUE,2013,10,17.86202177284683,17.703385765366107,2013-10-01
MX-QUE,2013,11,15.231621744035783,13.772779254736538,2013-11-01
MX-QUE,2013,12,14.330187101213976,3.380549643088523,2013-12-01
MX-QUE,2014,1,12.963232081834086,3.5619509907127687,2014-01-01
MX-QUE,2014,2,17.306251208614412,0.8969171474398402,2014-02-01
MX-QUE,2014,3,18.861334023696152,6.108077956385731,2014-03-01
MX-QUE,2014,4,20.630611858437145,10.096212743114629,2014-04-01
MX-QUE,2014,5,19.044636921494465,33.95986870347284,2014-05-01
MX-QUE,2014,6,19.935311395553573,67.31823287497409,2014-06-01
MX-QUE,2014,7,18.764778931783173,34.190573784549954,2014-07-01
MX-QUE,2014,8,19.130759281527492,32.63579443384641,2014-08-01
MX-QUE,2014,9,18.794630854783367,31.266470890618336,2014-09-01
MX-QUE,2014,10,17.05910888401108,26.627466394932984,2014-10-01
MX-QUE,2014,11,15.244590064780368,9.96261774083804,2014-11-01
MX-QUE,2014,12,14.525044189397063,2.5859480571840567,2014-12-01
MX-QUE,2015,1,13.683952627289855,5.464018843607621,2015-01-01
MX-QUE,2015,2,15.274142689719456,6.8096180883669835,2015-02-01
MX-QUE,2015,3,16.0108417660439,33.66290560201929,2015-03-01
MX-QUE,2015,4,20.281255933207945,19.52744186782753,2015-04-01
MX-QUE,2015,5,19.84465206410543,34.25291936937685,2015-05-01
MX-QUE,2015,6,19.651100385097205,51.72100894267662,2015-06-01
MX-QUE,2015,7,19.167488361035673,35.524259076610164,2015-07-01
MX-QUE,2015,8,19.549886483499996,33.32086995329035,2015-08-01
MX-QUE,2015,9,19.166790229365123,30.339506631024946,2015-09-01
MX-QUE,2015,10,18.49783556999758,25.177733401058607,2015-10-01
MX-QUE,2015,11,17.27935710155025,10.194547546603301,2015-11-01
MX-QUE,2015,12,15.156943612629812,3.6515616990372752,2015-12-01
MX-QUE,2016,1,13.47511007573054,3.077457789021216,2016-01-01
MX-QUE,2016,2,14.664691583911571,1.8300746569126185,2016-02-01
MX-QUE,2016,3,17.675956083084415,7.586554917310134,2016-03-01
MX-QUE,2016,4,20.700849723290876,12.10160045322148,2016-04-01
MX-QUE,2016,5,22.044244903887037,37.05648263308991,2016-05-01
MX-QUE,2016,6,19.409421858072424,43.342304855831486,2016-06-01
MX-QUE,2016,7,19.3019507246484,50.05510492615986,2016-07-01
MX-QUE,2016,8,19.27513740493312,55.625931167993784,2016-08-01
MX-QUE,2016,9,18.595947271536268,36.46052824220534,2016-09-01
MX-QUE,2016,10,17.4487145809182,7.391003263283817,2016-10-01
MX-QUE,2016,11,14.959170866511093,10.21905992544232,2016-11-01
MX-QUE,2016,12,15.642310664839592,1.0405502737025822,2016-12-01
MX-QUE,2017,1,14.349800762274805,0.37584471815012416,2017-01-01
MX-QUE,2017,2,16.56821570368329,0.6903228869179824,2017-02-01
MX-QUE,2017,3,17.435330264377868,12.205124388647716,2017-03-01
MX-QUE,2017,4,19.756894564163623,7.0585038927090125,2017-04-01
MX-QUE,2017,5,22.58614950338618,13.61475024212732,2017-05-01
MX-QUE,2017,6,21.228820009062183,42.00531455976551,2017-06-01
MX-QUE,2017,7,18.944555444336512,37.72377441277101,2017-07-01
MX-QUE,2017,8,20.306886088706808,27.400796972163327,2017-08-01
MX-QUE,2017,9,18.66384757220857,56.22687402874395,2017-09-01
MX-QUE,2017,10,17.250687299241147,11.069775464996109,2017-10-01
MX-QUE,2017,11,15.699030060034309,1.1356422589526578,2017-11-01
MX-QUE,2017,12,13.693795168486675,0.5299468488958939,2017-12-01
MX-QUE,2018,1,12.282247002480386,2.8673357794808303,2018-01-01
MX-QUE,2018,2,16.830110814870967,7.059578554127073,2018-02-01
MX-QUE,2018,3,19.54602016344208,0.7537448680045593,2018-03-01
MX-QUE,2018,4,20.39735236595534,6.3717364569220925,2018-04-01
MX-QUE,2018,5,21.276515239380128,18.42797742615159,2018-05-01
MX-QUE,2018,6,19.667461037873636,74.18026079875648,2018-06-01
MX-QUE,2018,7,19.579681905149616,15.443953248768754,2018-07-01
MX-QUE,2018,8,19.118579274702732,33.655225545427555,2018-08-01
MX-QUE,2018,9,18.885639850812513,56.088820320483414,2018-09-01
MX-QUE,2018,10,17.826546436494656,29.903457230819185,2018-10-01
MX-QUE,2018,11,14.649048958117277,28.243137531918965,2018-11-01
MX-QUE,2018,12,13.478466068971182,0.8773599444539871,2018-12-01
MX-QUE,2019,1,14.391911010938887,2.0968644861613526,2019-01-01
MX-QUE,2019,2,17.634649340117427,1.2014049055214402,2019-02-01
MX-QUE,2019,3,19.234432575770146,0.9174627254872416,2019-03-01
MX-QUE,2019,4,20.67620589491563,3.5365536403730378,2019-04-01
MX-QUE,2019,5,23.140724106871453,4.636413260631016,2019-05-01
MX-QUE,2019,6,20.867154342944673,37.30839111333605,2019-06-01
MX-QUE,2019,7,19.531811870467372,28.447355354559274,2019-07-01
MX-QUE,2019,8,20.3600561777089,36.90486260302262,2019-08-01
MX-QUE,2019,9,19.439079502223343,33.013275056756726,2019-09-01
MX-QUE,2019,10,18.311130795929927,33.925094893229826,2019-10-01
MX-QUE,2019,11,16.952797598105736,3.0088727981686074,2019-11-01
MX-QUE,2019,12,14.299959191645598,4.40746335739391,2019-12-01
MX-QUE,2020,1,14.24056560507863,5.060173141094396,2020-01-01
MX-QUE,2020,2,16.61697583927099,2.5956827314639472,2020-02-01
MX-QUE,2020,3,19.867613976568162,5.022457487504823,2020-03-01
MX-QUE,2020,4,22.805447554747996,3.4755969092268066,2020-04-01
MX-QUE,2020,5,21.21218109959615,10.646073181811653,2020-05-01
MX-QUE,2020,6,20.376041523025776,38.84882075063795,2020-06-01
MX-QUE,2020,7,20.043967030759536,44.971646127654296,2020-07-01
MX-QUE,2020,8,19.348254781308192,37.05029942817349,2020-08-01
MX-QUE,2020,9,18.237333592042596,35.44784144280262,2020-09-01
MX-QUE,2020,10,17.49721104639226,3.7746665520533718,2020-10-01
MX-QUE,2020,11,16.081551165279436,0.8818637685416993,2020-11-01
MX-QUE,2020,12,15.003736266405008,1.2785017622242025,2020-12-01
MX-QUE,2021,1,15.105042111654402,1.1963071278351034,2021-01-01
MX-QUE,2021,2,16.51610499215629,0.2528185503603559,2021-02-01
MX-QUE,2021,3,19.3560780989339,0.6146182118034113,2021-03-01
MX-QUE,2021,4,21.054924037559513,6.720893884269601,2021-04-01
MX-QUE,2021,5,20.804871137308798,20.054681500923586,2021-05-01
MX-QUE,2021,6,19.045283527559654,65.9226125100291,2021-06-01
MX-QUE,2021,7,18.778140639073715,46.74592334031852,2021-07-01
MX-QUE,2021,8,19.081124613709274,39.577984761246576,2021-08-01
MX-QUE,2021,9,18.07820622718989,77.12878605737475,2021-09-01
MX-QUE,2021,10,17.91071323601575,21.202367812597544,2021-10-01
MX-QUE,2021,11,15.074667871721289,1.4460045069238248,2021-11-01
MX-QUE,2021,12,15.072413751006358,1.1050752648540496,2021-12-01
MX-QUE,2022,1,14.665908077495237,0.9572044637187076,2022-01-01
MX-QUE,2022,2,15.575885142670355,2.1173594715089887,2022-02-01
MX-QUE,2022,3,18.457603306931308,0.3087109846412462,2022-03-01
MX-QUE,2022,4,21.0924967305142,4.115868397712092,2022-04-01
MX-QUE,2022,5,22.666357445867344,4.881953489976382,2022-05-01
MX-QUE,2022,6,20.046034294165004,16.701904042741575,2022-06-01
MX-QUE,2022,7,20.23205465360314,22.344717160560144,2022-07-01
MX-QUE,2022,8,19.611914822477406,39.238719927237334,2022-08-01
MX-QUE,2022,9,17.786690743881625,39.28310652468207,2022-09-01
MX-QUE,2022,10,17.831870032952207,11.286977219329586,2022-10-01
MX-QUE,2022,11,17.241371034484768,4.525596578337513,2022-11-01
MX-QUE,2022,12,14.31910471446679,3.4465705652283236,2022-12-01
MX-QUE,2023,1,14.791416812838246,0.29297196462142255,2023-01-01
MX-QUE,2023,2,16.247588414328042,0.6936380700630502,2023-02-01
MX-QUE,2023,3,19.528546140890672,6.177270842986819,2023-03-01
MX-QUE,2023,4,20.56964399841851,4.296945012353829,2023-04-01
MX-QUE,2023,5,20.13260026348282,17.614512463935828,2023-05-01
MX-QUE,2023,6,23.473770512042158,9.475456122798569,2023-06-01
MX-QUE,2023,7,20.530515345257868,24.478751741604537,2023-07-01
MX-QUE,2023,8,19.747410093757555,34.407931635352845,2023-08-01
MX-QUE,2023,9,20.67484143629191,7.679717894529242,2023-09-01
MX-QUE,2023,10,18.34903950960013,26.4219598446672,2023-10-01
MX-QUE,2023,11,16.011496726477546,5.842870331503538,2023-11-01
MX-QUE,2023,12,13.222891516765623,17.01065855490413,2023-12-01
MX-QUE,2024,1,15.472092719249527,0.5823383967772179,2024-01-01
MX-QUE,2024,2,17.210079210789644,5.730504365551277,2024-02-01
MX-QUE,2024,3,20.444561401086872,0.20537387059542458,2024-03-01
MX-QUE,2024,4,22.061168222162124,1.8183199281746705,2024-04-01
MX-QUE,2024,5,25.53227766256993,3.9566886047673697,2024-05-01
MX-QUE,2024,6,21.999396370588347,42.960758481401115,2024-06-01
MX-QUE,2024,7,19.383442728185184,74.38218641545912,2024-07-01
MX-QUE,2024,8,19.88440848492525,19.52642023442276,2024-08-01
MX-QUE,2024,9,19.462419738289835,54.60777460985952,2024-09-01
MX-QUE,2024,10,16.891627598530274,8.091840642726671,2024-10-01
MX-QUE,2024,11,17.60927748347269,3.0161320146979365,2024-11-01
MX-QUE,2024,12,14.794271712928769,1.889435685743986,2024-12-01
MX-QUE,2025,1,15.139930349759853,3.0544691804045287,2025-01-01
MX-QUE,2025,2,17.372366734792468,8.200329407838062,2025-02-01
MX-QUE,2025,3,19.948941313000656,0.6524775969734415,2025-03-01
MX-QUE,2025,4,20.66720942319815,0.3694460609784853,2025-04-01
MX-QUE,2025,5,22.564773186526427,26.784754568354764,2025-05-01
MX-QUE,2025,6,19.135925875812067,81.80634306847308,2025-06-01
MX-QUE,2025,7,18.442570391429435,72.43159940223143,2025-07-01
MX-QUE,2025,8,19.276885275035063,37.79538844659812,2025-08-01
MX-QUE,2025,9,18.952545471064017,50.9977934598677,2025-09-01
MX-QUE,2025,10,17.351951407417612,31.230485053855713,2025-10-01
MX-QUE,2025,11,15.627689419731098,0.8444912036755409,2025-11-01
MX-QUE,2025,12,14.969656319212138,4.937364398774414,2025-12-01
MX-ROO,1990,1,24.01173052868867,17.97483629262858,1990-01-01
MX-ROO,1990,2,24.631562326405874,17.302274519900113,1990-02-01
MX-ROO,1990,3,24.496563289462514,30.75609244809369,1990-03-01
MX-ROO,1990,4,26.244989862049408,15.050541710895402,1990-04-01
MX-ROO,1990,5,27.935438279290853,34.107561571897996,1990-05-01
MX-ROO,1990,6,27.47549611810501,43.06404907577673,1990-06-01
MX-ROO,1990,7,27.33802545977193,37.672872232824076,1990-07-01
MX-ROO,1990,8,27.54143396284331,49.525201173522014,1990-08-01
MX-ROO,1990,9,26.774949258691944,56.16344580480968,1990-09-01
MX-ROO,1990,10,26.286824400156455,23.561333234342463,1990-10-01
MX-ROO,1990,11,24.67965828564116,35.11331372394303,1990-11-01
MX-ROO,1990,12,23.61977108276095,29.027306473588627,1990-12-01
MX-ROO,1991,1,24.39132437143894,25.05227303710597,1991-01-01
MX-ROO,1991,2,24.04097716430468,5.853103754582699,1991-02-01
MX-ROO,1991,3,26.082997621381015,2.1592057830431295,1991-03-01
MX-ROO,1991,4,27.468920698851083,6.91570954753374,1991-04-01
MX-ROO,1991,5,27.7615718748724,53.64992099267218,1991-05-01
MX-ROO,1991,6,27.946358031101557,24.774807161476488,1991-06-01
MX-ROO,1991,7,27.80819864232584,30.56695904787706,1991-07-01
MX-ROO,1991,8,27.550112512201856,40.0768200274721,1991-08-01
MX-ROO,1991,9,26.70167023997589,67.93765256921975,1991-09-01
MX-ROO,1991,10,25.766749973900033,46.26816923690201,1991-10-01
MX-ROO,1991,11,23.974639226523653,18.753687764324233,1991-11-01
MX-ROO,1991,12,23.75563605662015,36.072394428125115,1991-12-01
MX-ROO,1992,1,23.26754334575376,16.031482384886342,1992-01-01
MX-ROO,1992,2,23.50076416654092,7.226794657379894,1992-02-01
MX-ROO,1992,3,25.503599856298862,9.485399424942822,1992-03-01
MX-ROO,1992,4,26.38184172833733,19.074190568400606,1992-04-01
MX-ROO,1992,5,26.346312640550877,20.12216740322398,1992-05-01
MX-ROO,1992,6,27.99655439626087,58.67666620866651,1992-06-01
MX-ROO,1992,7,27.19057038152931,43.344366686264486,1992-07-01
MX-ROO,1992,8,27.453013048857507,38.63343701510932,1992-08-01
MX-ROO,1992,9,26.74008905788105,53.680058943062676,1992-09-01
MX-ROO,1992,10,25.82072970141644,45.27378217632357,1992-10-01
MX-ROO,1992,11,25.277986520896924,27.55654875005193,1992-11-01
MX-ROO,1992,12,24.122825502680392,9.813112977296589,1992-12-01
MX-ROO,1993,1,24.043865296325595,23.294573776705608,1993-01-01
MX-ROO,1993,2,23.99148899819212,3.8629426211227735,1993-02-01
MX-ROO,1993,3,24.681722358601114,19.671959389525092,1993-03-01
MX-ROO,1993,4,26.45625417006266,14.92543328189352,1993-04-01
MX-ROO,1993,5,27.248127665017652,47.67635982890443,1993-05-01
MX-ROO,1993,6,27.27634208005353,105.53141271801758,1993-06-01
MX-ROO,1993,7,27.707656650150007,26.370475945090213,1993-07-01
MX-ROO,1993,8,27.40741004925196,37.7593969198155,1993-08-01
MX-ROO,1993,9,26.68204547201286,77.25673177365996,1993-09-01
MX-ROO,1993,10,26.236908344081705,51.61325913559416,1993-10-01
MX-ROO,1993,11,25.273511583151027,10.865654197884071,1993-11-01
MX-ROO,1993,12,23.74485288392035,10.840146660377325,1993-12-01
MX-ROO,1994,1,23.33877751760514,36.25725563967726,1994-01-01
MX-ROO,1994,2,25.065842747585346,9.259567943049866,1994-02-01
MX-ROO,1994,3,25.299367151333904,12.580208935912474,1994-03-01
MX-ROO,1994,4,27.173952378576896,8.951140842077816,1994-04-01
MX-ROO,1994,5,28.260154544282468,16.983574858524104,1994-05-01
MX-ROO,1994,6,27.957911890135833,36.09642486798342,1994-06-01
MX-ROO,1994,7,28.008434951489768,23.56237104329527,1994-07-01
MX-ROO,1994,8,27.987171246033082,45.493692486871204,1994-08-01
MX-ROO,1994,9,26.80523449258229,63.25765764055463,1994-09-01
MX-ROO,1994,10,27.007736590804114,16.769791681280026,1994-10-01
MX-ROO,1994,11,25.370736121948138,16.86399610278115,1994-11-01
MX-ROO,1994,12,24.03940382740996,10.021482700537648,1994-12-01
MX-ROO,1995,1,23.982332638331663,11.04654196244838,1995-01-01
MX-ROO,1995,2,24.33325861999131,1.3483268450826504,1995-02-01
MX-ROO,1995,3,25.562449571255332,9.326088724423618,1995-03-01
MX-ROO,1995,4,27.59245640258219,19.91660620053859,1995-04-01
MX-ROO,1995,5,29.028556615533642,6.574288294925995,1995-05-01
MX-ROO,1995,6,27.852730868706406,66.13098234831169,1995-06-01
MX-ROO,1995,7,27.83365068636656,33.90688316793221,1995-07-01
MX-ROO,1995,8,27.927056944125592,54.95796567722984,1995-08-01
MX-ROO,1995,9,27.061650419674645,77.86024867683706,1995-09-01
MX-ROO,1995,10,26.072457306584628,89.98483435209172,1995-10-01
MX-ROO,1995,11,25.21822433917487,9.233518884883305,1995-11-01
MX-ROO,1995,12,23.82938474532942,26.306246464649462,1995-12-01
MX-ROO,1996,1,22.581343356487494,7.418441932949296,1996-01-01
MX-ROO,1996,2,23.564436358569075,3.1119605320569415,1996-02-01
MX-ROO,1996,3,24.296176254507916,11.282380503409906,1996-03-01
MX-ROO,1996,4,26.662597326689692,20.646947519494617,1996-04-01
MX-ROO,1996,5,27.36400799994702,34.16390061897852,1996-05-01
MX-ROO,1996,6,27.885032979587365,24.94270869086581,1996-06-01
MX-ROO,1996,7,27.821484601536817,36.595087785432206,1996-07-01
MX-ROO,1996,8,27.23702986443126,70.92751621256023,1996-08-01
MX-ROO,1996,9,27.94170280755969,26.81984073621892,1996-09-01
MX-ROO,1996,10,26.36146626800349,47.199288977340856,1996-10-01
MX-ROO,1996,11,24.6831895648856,23.263696664963287,1996-11-01
MX-ROO,1996,12,23.909894614427746,9.682244349257795,1996-12-01
MX-ROO,1997,1,23.531245934981765,19.053628622012514,1997-01-01
MX-ROO,1997,2,24.869640101743478,15.51988690466248,1997-02-01
MX-ROO,1997,3,26.283953371778924,14.953778897820209,1997-03-01
MX-ROO,1997,4,27.59547147798001,14.928380476220848,1997-04-01
MX-ROO,1997,5,28.244628723511266,15.068399434081293,1997-05-01
MX-ROO,1997,6,27.729561802515818,58.77092181451553,1997-06-01
MX-ROO,1997,7,28.282218058382252,22.81786698937986,1997-07-01
MX-ROO,1997,8,28.26361004347516,29.03549269929088,1997-08-01
MX-ROO,1997,9,27.13902701981526,68.66891112891655,1997-09-01
MX-ROO,1997,10,26.16311107264104,40.837985202608714,1997-10-01
MX-ROO,1997,11,25.64635450931407,48.12328581362617,1997-11-01
MX-ROO,1997,12,23.56760368435905,10.39507998792421,1997-12-01
MX-ROO,1998,1,23.832165633155096,20.45689151900136,1998-01-01
MX-ROO,1998,2,24.64758083865385,4.986078203055055,1998-02-01
MX-ROO,1998,3,24.922373225680044,7.178207021190316,1998-03-01
MX-ROO,1998,4,27.257940415022016,6.181343836305342,1998-04-01
MX-ROO,1998,5,28.278186047720688,34.34659312559161,1998-05-01
MX-ROO,1998,6,28.698851359671615,35.280146083539385,1998-06-01
MX-ROO,1998,7,27.722091357523933,54.50518492317764,1998-07-01
MX-ROO,1998,8,28.2050223664508,53.4069751252061,1998-08-01
MX-ROO,1998,9,28.07245891883928,64.62144116086797,1998-09-01
MX-ROO,1998,10,26.422551369138354,82.95674915938338,1998-10-01
MX-ROO,1998,11,25.059074658643816,29.021095800244073,1998-11-01
MX-ROO,1998,12,23.884459646835897,9.021204844051994,1998-12-01
MX-ROO,1999,1,23.543290564099408,16.308805126374498,1999-01-01
MX-ROO,1999,2,23.88984780829139,6.2467976620330585,1999-02-01
MX-ROO,1999,3,25.25544176262213,6.642982385674601,1999-03-01
MX-ROO,1999,4,27.261286035381453,8.68860892349404,1999-04-01
MX-ROO,1999,5,28.419087495452867,10.739202349360037,1999-05-01
MX-ROO,1999,6,26.870156824748342,73.11622492316131,1999-06-01
MX-ROO,1999,7,26.803275213119544,61.92794840913616,1999-07-01
MX-ROO,1999,8,27.58412407024937,51.37134046623777,1999-08-01
MX-ROO,1999,9,27.161619232199868,57.54329807826825,1999-09-01
MX-ROO,1999,10,25.50009295830523,68.82448265682608,1999-10-01
MX-ROO,1999,11,23.225275514797413,29.020382285847273,1999-11-01
MX-ROO,1999,12,22.707932261934083,14.950924223955058,1999-12-01
MX-ROO,2000,1,22.62072809187705,7.892497881103965,2000-01-01
MX-ROO,2000,2,23.559981321304193,5.094534130033142,2000-02-01
MX-ROO,2000,3,25.505662790630293,4.784756347061642,2000-03-01
MX-ROO,2000,4,26.568111734881867,10.097995327219124,2000-04-01
MX-ROO,2000,5,27.606513213118976,23.733009748132822,2000-05-01
MX-ROO,2000,6,26.893366690720995,47.974112278770505,2000-06-01
MX-ROO,2000,7,27.994358058013116,17.74583863328334,2000-07-01
MX-ROO,2000,8,27.01812819461421,54.14400384093595,2000-08-01
MX-ROO,2000,9,27.055603183036972,64.5071756503382,2000-09-01
MX-ROO,2000,10,25.460369937156752,48.267939292078,2000-10-01
MX-ROO,2000,11,25.163182034144516,18.425481778987873,2000-11-01
MX-ROO,2000,12,23.10595013143282,10.767491191952107,2000-12-01
MX-ROO,2001,1,22.503783706538282,4.2506259081169455,2001-01-01
MX-ROO,2001,2,25.347549865020166,7.809135867896803,2001-02-01
MX-ROO,2001,3,25.42872922711828,6.841584734053414,2001-03-01
MX-ROO,2001,4,26.6462863650487,16.99217495715967,2001-04-01
MX-ROO,2001,5,26.715328721722685,40.54797405011984,2001-05-01
MX-ROO,2001,6,27.976086566880358,22.288989517654205,2001-06-01
MX-ROO,2001,7,28.194800766727944,24.568312015153982,2001-07-01
MX-ROO,2001,8,27.942081479621184,44.0431068403848,2001-08-01
MX-ROO,2001,9,27.508432484201467,53.70086750244025,2001-09-01
MX-ROO,2001,10,26.65511814984953,36.08964567992094,2001-10-01
MX-ROO,2001,11,24.742317598931987,20.551778708662532,2001-11-01
MX-ROO,2001,12,24.39776017583681,26.12107917991019,2001-12-01
MX-ROO,2002,1,23.837415723659422,7.0087970606303855,2002-01-01
MX-ROO,2002,2,23.955464046787547,25.93716014738866,2002-02-01
MX-ROO,2002,3,25.583692355793552,10.113244886300155,2002-03-01
MX-ROO,2002,4,27.416037663021758,4.156123505756019,2002-04-01
MX-ROO,2002,5,28.129924619362267,34.62877895578768,2002-05-01
MX-ROO,2002,6,27.514983277835118,53.662764346021135,2002-06-01
MX-ROO,2002,7,28.30363588486225,28.56232491689415,2002-07-01
MX-ROO,2002,8,28.283227387970673,26.47142704548852,2002-08-01
MX-ROO,2002,9,27.26128072681663,106.13819053690331,2002-09-01
MX-ROO,2002,10,26.804997345853494,27.477085327103957,2002-10-01
MX-ROO,2002,11,25.06349818291945,14.364365048569496,2002-11-01
MX-ROO,2002,12,23.865207637879998,15.182041226485978,2002-12-01
MX-ROO,2003,1,21.74968858354771,8.238629913238942,2003-01-01
MX-ROO,2003,2,25.403101631407644,9.820630366011871,2003-02-01
MX-ROO,2003,3,27.19299455508853,12.320466478829966,2003-03-01
MX-ROO,2003,4,26.329176955889146,9.447614363812566,2003-04-01
MX-ROO,2003,5,28.797642059975225,15.347088749590245,2003-05-01
MX-ROO,2003,6,28.467044709193576,55.15211768842714,2003-06-01
MX-ROO,2003,7,27.90911537390562,30.33409862193724,2003-07-01
MX-ROO,2003,8,28.184882365027583,34.16148061207168,2003-08-01
MX-ROO,2003,9,27.81499760005716,44.96207676500072,2003-09-01
MX-ROO,2003,10,26.98193541132225,30.038256138897047,2003-10-01
MX-ROO,2003,11,25.334122124457963,23.18014036627041,2003-11-01
MX-ROO,2003,12,22.815381994349625,9.100749265039116,2003-12-01
MX-ROO,2004,1,23.99543002233519,5.49264301452899,2004-01-01
MX-ROO,2004,2,24.58771142301979,10.205617357249176,2004-02-01
MX-ROO,2004,3,25.806519065464947,7.207869601702038,2004-03-01
MX-ROO,2004,4,26.51804700434104,14.101078904947114,2004-04-01
MX-ROO,2004,5,27.370253848742312,33.7966319598792,2004-05-01
MX-ROO,2004,6,28.163474746148964,40.01695347236786,2004-06-01
MX-ROO,2004,7,28.203385807618414,27.390566990509534,2004-07-01
MX-ROO,2004,8,28.92602265138942,20.869252510027124,2004-08-01
MX-ROO,2004,9,27.932660525884238,36.877742572724046,2004-09-01
MX-ROO,2004,10,26.885672671882045,41.01080848830856,2004-10-01
MX-ROO,2004,11,25.52954336951274,13.20568645094015,2004-11-01
MX-ROO,2004,12,24.235777007905853,6.382112247314008,2004-12-01
MX-ROO,2005,1,23.640005593782544,5.373832872347976,2005-01-01
MX-ROO,2005,2,24.656915340754097,3.9420571636850137,2005-02-01
MX-ROO,2005,3,26.582143029903072,7.2089345661400515,2005-03-01
MX-ROO,2005,4,27.260504356948545,7.064717712444516,2005-04-01
MX-ROO,2005,5,28.521161800631937,14.557951080797604,2005-05-01
MX-ROO,2005,6,27.850740238862887,69.48625200602669,2005-06-01
MX-ROO,2005,7,28.158778966170438,56.15752117349951,2005-07-01
MX-ROO,2005,8,28.240228756329422,43.569998780282,2005-08-01
MX-ROO,2005,9,27.87648123553917,45.88198465015097,2005-09-01
MX-ROO,2005,10,26.052351750267736,104.89418383677672,2005-10-01
MX-ROO,2005,11,24.929721125454115,24.399538265944614,2005-11-01
MX-ROO,2005,12,24.17104604971004,12.892803191720068,2005-12-01
MX-ROO,2006,1,23.69245366052109,22.775818454702897,2006-01-01
MX-ROO,2006,2,23.587455586421772,6.9239493325257495,2006-02-01
MX-ROO,2006,3,25.525975529719037,8.49051160279279,2006-03-01
MX-ROO,2006,4,27.295712131210053,5.580404158601011,2006-04-01
MX-ROO,2006,5,27.779751510311566,20.774436227384626,2006-05-01
MX-ROO,2006,6,27.67438728632033,47.028473354589664,2006-06-01
MX-ROO,2006,7,27.956560118648376,34.034122203467156,2006-07-01
MX-ROO,2006,8,28.165393074755308,40.73069455991292,2006-08-01
MX-ROO,2006,9,28.304564715989795,32.854696548163645,2006-09-01
MX-ROO,2006,10,27.250745232271797,45.53057594547681,2006-10-01
MX-ROO,2006,11,24.318381164571154,35.58253486156335,2006-11-01
MX-ROO,2006,12,24.254357047658793,52.08234098096933,2006-12-01
MX-ROO,2007,1,24.646427783178655,16.831668606398946,2007-01-01
MX-ROO,2007,2,24.78463839947438,13.092435911678406,2007-02-01
MX-ROO,2007,3,25.474114299470408,8.282486288756923,2007-03-01
MX-ROO,2007,4,26.7178290246227,6.517603152558652,2007-04-01
MX-ROO,2007,5,27.71679473228751,26.99142490150906,2007-05-01
MX-ROO,2007,6,27.72035785846578,38.7633699650372,2007-06-01
MX-ROO,2007,7,28.466123499089125,22.564430505988224,2007-07-01
MX-ROO,2007,8,27.661820033125647,64.7033641303826,2007-08-01
MX-ROO,2007,9,27.094224428803205,53.13193352301242,2007-09-01
MX-ROO,2007,10,26.037899531678015,69.98528138330806,2007-10-01
MX-ROO,2007,11,24.144074177283315,19.07242323773646,2007-11-01
MX-ROO,2007,12,24.0125960565196,9.266156771074863,2007-12-01
MX-ROO,2008,1,23.476497065543505,15.282685384251023,2008-01-01
MX-ROO,2008,2,25.144313632205566,12.697685395464797,2008-02-01
MX-ROO,2008,3,25.343692831869173,10.378448140514566,2008-03-01
MX-ROO,2008,4,26.65600011889701,7.244986699315595,2008-04-01
MX-ROO,2008,5,28.32895924675648,24.935021172751384,2008-05-01
MX-ROO,2008,6,26.97154143304237,66.13328469178165,2008-06-01
MX-ROO,2008,7,27.54995981670263,40.23308951066145,2008-07-01
MX-ROO,2008,8,28.54693994540795,16.394749226056216,2008-08-01
MX-ROO,2008,9,27.965238796257204,59.34796763789412,2008-09-01
MX-ROO,2008,10,25.47488868671389,77.70085489042138,2008-10-01
MX-ROO,2008,11,23.300942995359204,2.8723608760765096,2008-11-01
MX-ROO,2008,12,23.57093066609823,8.628032574443557,2008-12-01
MX-ROO,2009,1,23.03712390402352,17.69806643264293,2009-01-01
MX-ROO,2009,2,23.714937458743083,6.001361029243563,2009-02-01
MX-ROO,2009,3,24.85564370749456,5.813972615288502,2009-03-01
MX-ROO,2009,4,26.96872106203754,8.840832898537785,2009-04-01
MX-ROO,2009,5,28.31774658637694,13.816562580428814,2009-05-01
MX-ROO,2009,6,28.16020858706241,42.630592881263986,2009-06-01
MX-ROO,2009,7,28.83317132417002,18.702660363525496,2009-07-01
MX-ROO,2009,8,28.618132892163057,27.474017929295755,2009-08-01
MX-ROO,2009,9,28.466840969923663,38.18166453290786,2009-09-01
MX-ROO,2009,10,27.75048659290151,20.538558872377365,2009-10-01
MX-ROO,2009,11,24.650743119247213,40.93979798614331,2009-11-01
MX-ROO,2009,12,24.684205348090593,17.612139592165466,2009-12-01
MX-ROO,2010,1,22.643791184000506,16.476211446486218,2010-01-01
MX-ROO,2010,2,22.943581773445203,10.40586013525596,2010-02-01
MX-ROO,2010,3,23.83270923058679,5.049449334130126,2010-03-01
MX-ROO,2010,4,26.912763183701575,32.542330704262234,2010-04-01
MX-ROO,2010,5,28.22309735307852,44.63392437264275,2010-05-01
MX-ROO,2010,6,28.81397626741589,46.43447757965149,2010-06-01
MX-ROO,2010,7,27.614928481054044,73.04998113995713,2010-07-01
MX-ROO,2010,8,28.115183262074883,45.01774234597646,2010-08-01
MX-ROO,2010,9,27.637272307515012,61.03228749148154,2010-09-01
MX-ROO,2010,10,25.92778209629964,14.817236125574263,2010-10-01
MX-ROO,2010,11,24.516754402422272,16.640762048970384,2010-11-01
MX-ROO,2010,12,21.77584890499742,2.7105405233869244,2010-12-01
MX-ROO,2011,1,23.389896424646132,7.572267021880371,2011-01-01
MX-ROO,2011,2,24.324817145390284,10.668104863319382,2011-02-01
MX-ROO,2011,3,25.474518095357553,12.683948932308443,2011-03-01
MX-ROO,2011,4,27.77731273325946,3.850952435850034,2011-04-01
MX-ROO,2011,5,28.67263944515115,7.309887751429114,2011-05-01
MX-ROO,2011,6,27.925147286155145,64.78191405462599,2011-06-01
MX-ROO,2011,7,27.461546008666367,58.584561121280174,2011-07-01
MX-ROO,2011,8,28.16202841719874,44.396424097800356,2011-08-01
MX-ROO,2011,9,27.521786357392617,54.41792554188664,2011-09-01
MX-ROO,2011,10,25.315615807230877,68.88803404461771,2011-10-01
MX-ROO,2011,11,24.46203442364749,17.585443404093805,2011-11-01
MX-ROO,2011,12,23.732657348748212,10.153950733924987,2011-12-01
MX-ROO,2012,1,23.86112203637546,15.491512862091472,2012-01-01
MX-ROO,2012,2,24.90856741819168,15.59001319880168,2012-02-01
MX-ROO,2012,3,26.00568799035716,6.154568178775777,2012-03-01
MX-ROO,2012,4,26.778339206152257,20.5725947880756,2012-04-01
MX-ROO,2012,5,27.53305969390892,64.84007709030342,2012-05-01
MX-ROO,2012,6,27.357689323367598,66.0435928985954,2012-06-01
MX-ROO,2012,7,27.606980381429665,33.060977560369054,2012-07-01
MX-ROO,2012,8,27.841226565316052,56.53884333785113,2012-08-01
MX-ROO,2012,9,27.61202025546351,31.631045940263096,2012-09-01
MX-ROO,2012,10,26.213942100882843,31.38143542247094,2012-10-01
MX-ROO,2012,11,24.13760888985381,5.621768883114996,2012-11-01
MX-ROO,2012,12,24.54424380068857,6.933715456256521,2012-12-01
MX-ROO,2013,1,24.602007750402723,15.744960984548758,2013-01-01
MX-ROO,2013,2,25.367469944235363,6.490182276871775,2013-02-01
MX-ROO,2013,3,24.266086842206317,8.626344565189335,2013-03-01
MX-ROO,2013,4,27.562307518067374,5.5563009342170275,2013-04-01
MX-ROO,2013,5,27.884707518960816,30.59943770655928,2013-05-01
MX-ROO,2013,6,27.47867926406951,72.79240195154452,2013-06-01
MX-ROO,2013,7,27.378310485319066,50.37383166345293,2013-07-01
MX-ROO,2013,8,27.387293726790762,70.51625570565118,2013-08-01
MX-ROO,2013,9,26.676334304097622,120.55353310857404,2013-09-01
MX-ROO,2013,10,26.625867635833153,58.64958832218715,2013-10-01
MX-ROO,2013,11,25.13073198980363,49.345336251588954,2013-11-01
MX-ROO,2013,12,24.785799733278363,28.075119015377826,2013-12-01
MX-ROO,2014,1,22.576991561634397,28.118833250589038,2014-01-01
MX-ROO,2014,2,25.04627214660733,8.275283586773668,2014-02-01
MX-ROO,2014,3,26.244013865662012,11.956285716739346,2014-03-01
MX-ROO,2014,4,27.358204908543687,10.894186576519838,2014-04-01
MX-ROO,2014,5,27.196157811475505,45.01564773236075,2014-05-01
MX-ROO,2014,6,27.803640011838013,44.09422841658386,2014-06-01
MX-ROO,2014,7,28.640214099739648,17.392989051035237,2014-07-01
MX-ROO,2014,8,28.72830274302101,29.608194503521066,2014-08-01
MX-ROO,2014,9,27.089693231701872,62.83818788046419,2014-09-01
MX-ROO,2014,10,26.475978098693325,60.34918025308537,2014-10-01
MX-ROO,2014,11,24.08391279000496,19.14204762563063,2014-11-01
MX-ROO,2014,12,23.812294407054953,10.94831450545798,2014-12-01
MX-ROO,2015,1,23.772785933817634,9.462832346621608,2015-01-01
MX-ROO,2015,2,23.669022631885746,6.172134064595117,2015-02-01
MX-ROO,2015,3,26.423732735785997,11.192039630382533,2015-03-01
MX-ROO,2015,4,27.961410608782142,15.83930879675957,2015-04-01
MX-ROO,2015,5,28.140821345620864,10.07540582421554,2015-05-01
MX-ROO,2015,6,27.553829224118665,56.14120823855267,2015-06-01
MX-ROO,2015,7,28.59148664817427,14.081076603914493,2015-07-01
MX-ROO,2015,8,28.847929166794337,21.975568521389043,2015-08-01
MX-ROO,2015,9,28.19154134348407,49.63558521640751,2015-09-01
MX-ROO,2015,10,27.04670747647705,66.04770806581581,2015-10-01
MX-ROO,2015,11,26.172275458059495,46.21050002276218,2015-11-01
MX-ROO,2015,12,25.846174408294907,20.534171766729933,2015-12-01
MX-ROO,2016,1,23.544763707357077,12.227320366952721,2016-01-01
MX-ROO,2016,2,23.16916947583242,10.677059731332662,2016-02-01
MX-ROO,2016,3,26.21869400481866,17.806851768275695,2016-03-01
MX-ROO,2016,4,27.52361609612177,7.739516085010563,2016-04-01
MX-ROO,2016,5,28.94594192672052,9.192860257167615,2016-05-01
MX-ROO,2016,6,28.034171750890767,62.378688165510844,2016-06-01
MX-ROO,2016,7,28.76682984458446,23.623671039899527,2016-07-01
MX-ROO,2016,8,28.22548308194396,52.7024824791897,2016-08-01
MX-ROO,2016,9,28.02183087889013,41.22841014859859,2016-09-01
MX-ROO,2016,10,27.06398119659744,22.924107039919043,2016-10-01
MX-ROO,2016,11,25.652449105435192,12.992629817328337,2016-11-01
MX-ROO,2016,12,25.88271966992715,14.78151687977415,2016-12-01
MX-ROO,2017,1,24.462133577363435,6.933155457640137,2017-01-01
MX-ROO,2017,2,25.805229284239115,3.649405607592276,2017-02-01
MX-ROO,2017,3,25.879631342168462,5.149089447264159,2017-03-01
MX-ROO,2017,4,27.343641654479576,14.162739083962661,2017-04-01
MX-ROO,2017,5,28.456938767488673,17.657250894755887,2017-05-01
MX-ROO,2017,6,27.98083913116712,66.23758593962114,2017-06-01
MX-ROO,2017,7,28.262003591871498,27.82919818163299,2017-07-01
MX-ROO,2017,8,28.487522609261944,46.743417288628436,2017-08-01
MX-ROO,2017,9,28.15396940993759,59.46203201123278,2017-09-01
MX-ROO,2017,10,26.157942573713054,60.27244279448785,2017-10-01
MX-ROO,2017,11,24.6337285466047,12.473718547021242,2017-11-01
MX-ROO,2017,12,23.99306485570367,8.994643664642467,2017-12-01
MX-ROO,2018,1,22.44721144607042,22.8474552959464,2018-01-01
MX-ROO,2018,2,25.3990108706142,7.105786456936616,2018-02-01
MX-ROO,2018,3,25.884206733060402,4.533185177325497,2018-03-01
MX-ROO,2018,4,27.052365059059245,14.99560965922498,2018-04-01
MX-ROO,2018,5,27.670980506599513,41.24766948365393,2018-05-01
MX-ROO,2018,6,27.376983848231813,61.183741090016724,2018-06-01
MX-ROO,2018,7,28.167162897948494,21.420787358927065,2018-07-01
MX-ROO,2018,8,27.74101184485882,35.02446400672053,2018-08-01
MX-ROO,2018,9,27.453940938528913,51.30787813740937,2018-09-01
MX-ROO,2018,10,26.75987761680929,46.4859142489729,2018-10-01
MX-ROO,2018,11,25.62199146249036,18.199081183739622,2018-11-01
MX-ROO,2018,12,24.392591651883993,11.133649127828393,2018-12-01
MX-ROO,2019,1,23.375542102007785,13.347271761876685,2019-01-01
MX-ROO,2019,2,25.719419071930908,7.822577563423881,2019-02-01
MX-ROO,2019,3,26.29666900620295,4.60594970250639,2019-03-01
MX-ROO,2019,4,27.34707646954958,13.841529215218777,2019-04-01
MX-ROO,2019,5,28.877602995806804,13.802010016776347,2019-05-01
MX-ROO,2019,6,29.081899513983224,20.787787896653573,2019-06-01
MX-ROO,2019,7,28.994344285447127,13.232882784890675,2019-07-01
MX-ROO,2019,8,29.12076229966192,23.56287946248044,2019-08-01
MX-ROO,2019,9,28.25951179783173,35.108898912045824,2019-09-01
MX-ROO,2019,10,27.55625331757819,50.317543870763465,2019-10-01
MX-ROO,2019,11,25.47844158358511,20.644522005048625,2019-11-01
MX-ROO,2019,12,24.177795794111677,17.233467577112727,2019-12-01
MX-ROO,2020,1,24.520848681258126,12.506232467386928,2020-01-01
MX-ROO,2020,2,25.588051420647194,5.435231892965135,2020-02-01
MX-ROO,2020,3,26.522632216446244,3.3506232333293777,2020-03-01
MX-ROO,2020,4,28.91325479977796,2.642322098297716,2020-04-01
MX-ROO,2020,5,28.26278615132555,37.235207575587054,2020-05-01
MX-ROO,2020,6,27.782787245482943,106.28465838921859,2020-06-01
MX-ROO,2020,7,28.39928956874957,32.18406750287755,2020-07-01
MX-ROO,2020,8,28.323348384911586,40.32721748333749,2020-08-01
MX-ROO,2020,9,28.19455416466483,51.2162128244683,2020-09-01
MX-ROO,2020,10,26.780145858198974,85.27608930353301,2020-10-01
MX-ROO,2020,11,25.55430401090204,42.22183958354416,2020-11-01
MX-ROO,2020,12,23.58385852633609,16.246257415610515,2020-12-01
MX-ROO,2021,1,23.633702414068374,24.998385202777133,2021-01-01
MX-ROO,2021,2,24.75735785301565,8.629988912493905,2021-02-01
MX-ROO,2021,3,26.01912477358642,10.03711139657103,2021-03-01
MX-ROO,2021,4,27.675656115464783,8.573506194110626,2021-04-01
MX-ROO,2021,5,28.251236930979697,20.51746265895387,2021-05-01
MX-ROO,2021,6,27.752058800214172,67.5718059338857,2021-06-01
MX-ROO,2021,7,28.285312739602915,24.35750624790479,2021-07-01
MX-ROO,2021,8,28.170007500504273,41.976268693009466,2021-08-01
MX-ROO,2021,9,27.69797598289134,47.54641857086764,2021-09-01
MX-ROO,2021,10,27.282703688053076,26.16319589863342,2021-10-01
MX-ROO,2021,11,24.572418283728243,32.38958294383571,2021-11-01
MX-ROO,2021,12,25.09385442575671,11.499295251398072,2021-12-01
MX-ROO,2022,1,23.470007764773587,16.903216987828014,2022-01-01
MX-ROO,2022,2,24.65112409327367,16.080256467949116,2022-02-01
MX-ROO,2022,3,26.22660399373241,6.874797368917495,2022-03-01
MX-ROO,2022,4,27.41300203440998,14.202727368584233,2022-04-01
MX-ROO,2022,5,28.100557468715216,39.382999431769214,2022-05-01
MX-ROO,2022,6,27.37296900951592,59.827526123528415,2022-06-01
MX-ROO,2022,7,28.039925109665653,28.33903410991899,2022-07-01
MX-ROO,2022,8,27.54391674719693,52.94331023575154,2022-08-01
MX-ROO,2022,9,27.204162086488488,55.04454875733526,2022-09-01
MX-ROO,2022,10,26.688680933622017,27.2088479280745,2022-10-01
MX-ROO,2022,11,26.06397593173607,28.825522801298955,2022-11-01
MX-ROO,2022,12,24.829813401169268,20.63575259334382,2022-12-01
MX-ROO,2023,1,24.889485243995455,9.434779546223691,2023-01-01
MX-ROO,2023,2,25.342584789074174,9.040523296353566,2023-02-01
MX-ROO,2023,3,26.54626707938669,11.630833530954606,2023-03-01
MX-ROO,2023,4,27.585961533362372,3.8123750534706424,2023-04-01
MX-ROO,2023,5,28.387496521163072,14.381222763748369,2023-05-01
MX-ROO,2023,6,29.220884969321315,30.12500856431531,2023-06-01
MX-ROO,2023,7,28.922733530806514,32.87008932187432,2023-07-01
MX-ROO,2023,8,28.75015518137583,52.25926341266658,2023-08-01
MX-ROO,2023,9,28.15913265522044,43.50753901920622,2023-09-01
MX-ROO,2023,10,27.722059722064433,20.20376763964864,2023-10-01
MX-ROO,2023,11,25.937204889170093,33.56105213384001,2023-11-01
MX-ROO,2023,12,24.274551940398805,24.496069981286855,2023-12-01
MX-ROO,2024,1,24.992692616229085,17.050997433053443,2024-01-01
MX-ROO,2024,2,23.891063172235746,6.2504437853326005,2024-02-01
MX-ROO,2024,3,27.44664485445245,5.386656694363728,2024-03-01
MX-ROO,2024,4,28.11795173996555,5.027116528753533,2024-04-01
MX-ROO,2024,5,30.139932596407643,1.89454451877207,2024-05-01
MX-ROO,2024,6,28.395112252218777,109.12322025584209,2024-06-01
MX-ROO,2024,7,28.321135834159687,47.167401181059766,2024-07-01
MX-ROO,2024,8,28.18491018641278,50.102481550952106,2024-08-01
MX-ROO,2024,9,28.40438132110835,63.422502045744565,2024-09-01
MX-ROO,2024,10,26.43528759023398,85.33362246726223,2024-10-01
MX-ROO,2024,11,25.713125577929596,23.992276522719855,2024-11-01
MX-ROO,2024,12,23.912675897422186,20.66565599178431,2024-12-01
MX-ROO,2025,1,23.870303073302665,16.873153848730876,2025-01-01
MX-ROO,2025,2,25.14284297930698,13.020606853857764,2025-02-01
MX-ROO,2025,3,26.262379357524203,3.709829665008205,2025-03-01
MX-ROO,2025,4,26.71839384548237,10.48001559719042,2025-04-01
MX-ROO,2025,5,28.884483179819046,19.732545088260988,2025-05-01
MX-ROO,2025,6,27.980828633282794,54.93664627891976,2025-06-01
MX-ROO,2025,7,28.246371176825175,22.243083025215352,2025-07-01
MX-ROO,2025,8,28.246950318615355,41.07022492486168,2025-08-01
MX-ROO,2025,9,27.710577185511838,49.220715867222324,2025-09-01
MX-ROO,2025,10,26.676399363557216,51.495400065379776,2025-10-01
MX-ROO,2025,11,25.015507711061616,21.180237971640516,2025-11-01
MX-ROO,2025,12,24.72249213292063,27.698098406951193,2025-12-01
MX-SIN,1990,1,17.604298555841183,3.1968631366506592,1990-01-01
MX-SIN,1990,2,17.016995235448046,8.699580027184217,1990-02-01
MX-SIN,1990,3,20.443214068865093,1.7965719168464118,1990-03-01
MX-SIN,1990,4,23.793957477054217,0.23636148761121967,1990-04-01
MX-SIN,1990,5,26.50367293859408,0.2610896215115331,1990-05-01
MX-SIN,1990,6,29.233916417786705,15.715827040188161,1990-06-01
MX-SIN,1990,7,26.673155047110722,105.44845628208681,1990-07-01
MX-SIN,1990,8,27.511399823414237,42.580097049626126,1990-08-01
MX-SIN,1990,9,26.710890404561958,63.6364528299622,1990-09-01
MX-SIN,1990,10,25.502461626205847,41.892067744983855,1990-10-01
MX-SIN,1990,11,21.854652101768487,20.294232440253754,1990-11-01
MX-SIN,1990,12,18.670012471569247,35.28305821482825,1990-12-01
MX-SIN,1991,1,17.15725776260819,3.9025846934301525,1991-01-01
MX-SIN,1991,2,19.30893689985218,7.510209869513702,1991-02-01
MX-SIN,1991,3,19.6517188850526,1.8954748970819681,1991-03-01
MX-SIN,1991,4,22.600226315155393,0.060273268289456554,1991-04-01
MX-SIN,1991,5,24.603392872824475,0.011764610474874067,1991-05-01
MX-SIN,1991,6,27.322362494104134,5.889493946452217,1991-06-01
MX-SIN,1991,7,26.3499429916809,65.15259423093536,1991-07-01
MX-SIN,1991,8,27.52958382242806,61.99631284386501,1991-08-01
MX-SIN,1991,9,26.453512142455267,54.76734936847766,1991-09-01
MX-SIN,1991,10,25.67656305788891,13.266023950582511,1991-10-01
MX-SIN,1991,11,20.181593057288985,52.205988653612515,1991-11-01
MX-SIN,1991,12,17.817208132410215,34.11710738734372,1991-12-01
MX-SIN,1992,1,16.325748683038483,58.5428275951229,1992-01-01
MX-SIN,1992,2,17.17751712000142,14.07114820354239,1992-02-01
MX-SIN,1992,3,19.462879893995346,5.096329450782938,1992-03-01
MX-SIN,1992,4,22.75707512208942,2.504443324846623,1992-04-01
MX-SIN,1992,5,26.08004771454917,1.7962030015392985,1992-05-01
MX-SIN,1992,6,29.064844344074967,2.3047517895756484,1992-06-01
MX-SIN,1992,7,27.966903795913588,66.78278151309337,1992-07-01
MX-SIN,1992,8,27.220625414156395,68.13970563883034,1992-08-01
MX-SIN,1992,9,27.17368285182734,44.395570351348155,1992-09-01
MX-SIN,1992,10,26.228429556925274,9.814924799557229,1992-10-01
MX-SIN,1992,11,20.629799219438983,3.6161947026619985,1992-11-01
MX-SIN,1992,12,18.923325136236148,24.5326750511407,1992-12-01
MX-SIN,1993,1,18.765967578857705,7.146492965380583,1993-01-01
MX-SIN,1993,2,18.682137746311515,11.62198968923243,1993-02-01
MX-SIN,1993,3,20.617620169910168,0.7959933733096499,1993-03-01
MX-SIN,1993,4,23.43228488587926,0.5747477948462447,1993-04-01
MX-SIN,1993,5,25.460789441026616,1.5356018036109689,1993-05-01
MX-SIN,1993,6,28.729897555594675,17.336938968636698,1993-06-01
MX-SIN,1993,7,27.965275939745087,48.72400643783095,1993-07-01
MX-SIN,1993,8,27.879221818890713,62.11018840977523,1993-08-01
MX-SIN,1993,9,25.612390923823735,85.48063897190582,1993-09-01
MX-SIN,1993,10,25.48102673290838,12.047460927678415,1993-10-01
MX-SIN,1993,11,20.975176791099504,23.53276246993724,1993-11-01
MX-SIN,1993,12,19.665429337497866,3.125631185683475,1993-12-01
MX-SIN,1994,1,18.539199748773434,0.30196643369977133,1994-01-01
MX-SIN,1994,2,19.392270643478234,0.1551217261641606,1994-02-01
MX-SIN,1994,3,21.932815769396626,2.1438387900931835,1994-03-01
MX-SIN,1994,4,24.48769132259126,0.1224259793967394,1994-04-01
MX-SIN,1994,5,26.85087582455832,0.15896909538997858,1994-05-01
MX-SIN,1994,6,29.147655529580554,13.629392143054096,1994-06-01
MX-SIN,1994,7,28.831379175260803,44.45487746370831,1994-07-01
MX-SIN,1994,8,27.090210829711257,84.26352490173142,1994-08-01
MX-SIN,1994,9,27.20952425548827,38.586824036834145,1994-09-01
MX-SIN,1994,10,24.86059951995211,22.956923882672196,1994-10-01
MX-SIN,1994,11,21.794294742700348,31.395241260424108,1994-11-01
MX-SIN,1994,12,18.718432137474302,17.436602023760724,1994-12-01
MX-SIN,1995,1,17.128613584353133,2.342634577336222,1995-01-01
MX-SIN,1995,2,20.927291594936978,6.079271765630268,1995-02-01
MX-SIN,1995,3,21.84015991487125,0.2594662279757488,1995-03-01
MX-SIN,1995,4,22.974101347883238,0.006403958760551324,1995-04-01
MX-SIN,1995,5,25.813657744606974,1.010838296730978,1995-05-01
MX-SIN,1995,6,28.800989709562405,5.268982872420432,1995-06-01
MX-SIN,1995,7,28.630494742965524,48.90950099531959,1995-07-01
MX-SIN,1995,8,27.717012465359108,75.1592689290341,1995-08-01
MX-SIN,1995,9,26.915172261674723,54.381569151033695,1995-09-01
MX-SIN,1995,10,25.95850305577378,3.6701251996241555,1995-10-01
MX-SIN,1995,11,23.54117138174151,1.6237457437582579,1995-11-01
MX-SIN,1995,12,18.918513766294566,4.84546106300537,1995-12-01
MX-SIN,1996,1,18.01780899406894,0.6466754717984518,1996-01-01
MX-SIN,1996,2,20.55528079011783,0.706700014189814,1996-02-01
MX-SIN,1996,3,20.975668190645923,0.16338543075807097,1996-03-01
MX-SIN,1996,4,23.911048037507353,0.4858834732217512,1996-04-01
MX-SIN,1996,5,26.7738267671768,0.3889427999154695,1996-05-01
MX-SIN,1996,6,28.851177066148555,9.796090236270377,1996-06-01
MX-SIN,1996,7,27.475919165556558,84.03226672293835,1996-07-01
MX-SIN,1996,8,26.62426138832817,114.04081335530476,1996-08-01
MX-SIN,1996,9,25.743323763996948,56.31537718844156,1996-09-01
MX-SIN,1996,10,24.95903001650345,12.22282549930914,1996-10-01
MX-SIN,1996,11,20.863695279869468,18.481671049214814,1996-11-01
MX-SIN,1996,12,17.45749107214844,0.3180406206450975,1996-12-01
MX-SIN,1997,1,15.86590399216112,12.917269059374581,1997-01-01
MX-SIN,1997,2,17.182624045109826,4.389358780157514,1997-02-01
MX-SIN,1997,3,21.318531171588482,2.311079630148193,1997-03-01
MX-SIN,1997,4,21.147532633374862,13.867287325238467,1997-04-01
MX-SIN,1997,5,26.922832439410783,2.5769103706342014,1997-05-01
MX-SIN,1997,6,28.503791371664512,17.63968290768202,1997-06-01
MX-SIN,1997,7,28.4974602101072,50.47112133288615,1997-07-01
MX-SIN,1997,8,27.676712363679577,57.38207630069515,1997-08-01
MX-SIN,1997,9,27.04834650999576,63.68986544215412,1997-09-01
MX-SIN,1997,10,24.665637822772574,11.208465892431313,1997-10-01
MX-SIN,1997,11,20.815543473662228,22.249652450176857,1997-11-01
MX-SIN,1997,12,16.023457938579647,16.54708574500198,1997-12-01
MX-SIN,1998,1,17.26851761253275,0.11560596348262209,1998-01-01
MX-SIN,1998,2,16.757665985748066,6.5810722021717964,1998-02-01
MX-SIN,1998,3,19.878390460542654,1.1728662416157658,1998-03-01
MX-SIN,1998,4,22.456244727946586,0.058044049494809576,1998-04-01
MX-SIN,1998,5,26.748758448438533,0.0199185482062626,1998-05-01
MX-SIN,1998,6,29.83816287027969,8.193276189821384,1998-06-01
MX-SIN,1998,7,28.748983328943204,66.032097485896,1998-07-01
MX-SIN,1998,8,28.134809844123534,58.24204308568737,1998-08-01
MX-SIN,1998,9,27.728052275278955,75.24532682912067,1998-09-01
MX-SIN,1998,10,26.917854058888665,18.995518697027496,1998-10-01
MX-SIN,1998,11,22.3377894838178,2.9218224061126987,1998-11-01
MX-SIN,1998,12,18.498148463053607,0.2352003671568941,1998-12-01
MX-SIN,1999,1,17.641700049585847,0.2767810804702187,1999-01-01
MX-SIN,1999,2,19.95631649150764,0.029086771817014728,1999-02-01
MX-SIN,1999,3,20.47869860899481,0.20998875783686102,1999-03-01
MX-SIN,1999,4,22.856650515515994,1.1833467003758282,1999-04-01
MX-SIN,1999,5,25.553644040023748,0.08022418306508726,1999-05-01
MX-SIN,1999,6,28.33762091259782,29.192452414253818,1999-06-01
MX-SIN,1999,7,27.40020925450011,74.13154936396414,1999-07-01
MX-SIN,1999,8,27.461432058587842,83.4510546029942,1999-08-01
MX-SIN,1999,9,27.540111472245076,40.400851118806585,1999-09-01
MX-SIN,1999,10,26.16347141038117,12.156361347760443,1999-10-01
MX-SIN,1999,11,22.528931851574438,0.49331635526890855,1999-11-01
MX-SIN,1999,12,17.67167192487807,0.1784453360663236,1999-12-01
MX-SIN,2000,1,18.258826059624543,0.025978427143281434,2000-01-01
MX-SIN,2000,2,19.719964352127487,0.006245276055086501,2000-02-01
MX-SIN,2000,3,20.751629231480653,0.5106011502147398,2000-03-01
MX-SIN,2000,4,23.95019192639995,0.21821795682464235,2000-04-01
MX-SIN,2000,5,26.303805310454738,0.5556697487538733,2000-05-01
MX-SIN,2000,6,28.79987318351429,22.88407545936039,2000-06-01
MX-SIN,2000,7,28.75669113609735,41.191977508396306,2000-07-01
MX-SIN,2000,8,27.921462112101647,52.567328116839015,2000-08-01
MX-SIN,2000,9,27.833453589690752,49.34237902550423,2000-09-01
MX-SIN,2000,10,24.771889855317198,47.99735694439477,2000-10-01
MX-SIN,2000,11,19.226845963376938,20.91051981856305,2000-11-01
MX-SIN,2000,12,18.842706072106306,0.4112524500167241,2000-12-01
MX-SIN,2001,1,17.920782034071745,2.4233401799298373,2001-01-01
MX-SIN,2001,2,19.36918302976415,4.277151229746145,2001-02-01
MX-SIN,2001,3,19.34478711080884,8.905056063818359,2001-03-01
MX-SIN,2001,4,23.4674844272565,0.008409518767191418,2001-04-01
MX-SIN,2001,5,26.662638786159917,1.1487263821801914,2001-05-01
MX-SIN,2001,6,28.793876855460706,11.142851324231586,2001-06-01
MX-SIN,2001,7,27.709072467446475,62.907695718289126,2001-07-01
MX-SIN,2001,8,28.17398484965577,42.980447420265655,2001-08-01
MX-SIN,2001,9,28.128013127700402,44.12101792943755,2001-09-01
MX-SIN,2001,10,25.96358192814431,8.797842821113026,2001-10-01
MX-SIN,2001,11,22.922660336172317,1.4382229216775495,2001-11-01
MX-SIN,2001,12,18.258130231005975,5.641139159687361,2001-12-01
MX-SIN,2002,1,17.868894503831584,1.8312817296743933,2002-01-01
MX-SIN,2002,2,18.870758477977557,11.006460037556678,2002-02-01
MX-SIN,2002,3,20.571308017994742,0.1464656868780051,2002-03-01
MX-SIN,2002,4,24.14847298642143,0.10307436019395314,2002-04-01
MX-SIN,2002,5,27.39887301753885,0.16453370760908864,2002-05-01
MX-SIN,2002,6,28.667485626492716,2.814185960192026,2002-06-01
MX-SIN,2002,7,28.914725817970695,31.28639770787799,2002-07-01
MX-SIN,2002,8,29.0301339556188,33.1101387365559,2002-08-01
MX-SIN,2002,9,28.01607520951168,47.73323121780796,2002-09-01
MX-SIN,2002,10,25.925615874224405,13.009317951101641,2002-10-01
MX-SIN,2002,11,21.989998281248866,5.283058211319147,2002-11-01
MX-SIN,2002,12,17.6624999233217,5.36337771923973,2002-12-01
MX-SIN,2003,1,19.748475886316122,2.345776511597731,2003-01-01
MX-SIN,2003,2,19.72261120684106,7.5786445132637175,2003-02-01
MX-SIN,2003,3,20.16508081083982,0.5758416034121994,2003-03-01
MX-SIN,2003,4,23.91537523472294,0.5735007579020536,2003-04-01
MX-SIN,2003,5,26.684385049402824,0.6833750811498442,2003-05-01
MX-SIN,2003,6,28.41928064801018,7.215208545469428,2003-06-01
MX-SIN,2003,7,28.710732384484505,37.96751475313748,2003-07-01
MX-SIN,2003,8,28.21330712502127,50.22890190300072,2003-08-01
MX-SIN,2003,9,27.339460979077685,63.07514994768425,2003-09-01
MX-SIN,2003,10,26.353024257760385,23.524905186166524,2003-10-01
MX-SIN,2003,11,23.086230755870513,3.025241130529811,2003-11-01
MX-SIN,2003,12,18.84419623716921,0.08458540070162243,2003-12-01
MX-SIN,2004,1,17.370738367790374,46.527395888104664,2004-01-01
MX-SIN,2004,2,17.0270470851848,10.076169800189243,2004-02-01
MX-SIN,2004,3,21.965767975010074,4.948517439632867,2004-03-01
MX-SIN,2004,4,23.03836495537882,2.2076202437734995,2004-04-01
MX-SIN,2004,5,26.80300037314478,0.1770000969778163,2004-05-01
MX-SIN,2004,6,28.84821846007584,11.693097737823367,2004-06-01
MX-SIN,2004,7,28.87558134669081,44.37762948946846,2004-07-01
MX-SIN,2004,8,28.2435758463719,44.58691838767717,2004-08-01
MX-SIN,2004,9,27.42911783481232,42.470138984617805,2004-09-01
MX-SIN,2004,10,25.801327699920986,27.105991893621976,2004-10-01
MX-SIN,2004,11,19.958787980306138,22.943102414277956,2004-11-01
MX-SIN,2004,12,18.278640514360482,9.568952048330019,2004-12-01
MX-SIN,2005,1,19.231263602070626,6.139625282944874,2005-01-01
MX-SIN,2005,2,18.819939742219333,28.772773349878086,2005-02-01
MX-SIN,2005,3,19.645193047863945,1.563076320695383,2005-03-01
MX-SIN,2005,4,23.68082040590416,0.12109967471524188,2005-04-01
MX-SIN,2005,5,25.459432705037212,0.6400395046049406,2005-05-01
MX-SIN,2005,6,27.609552554582613,1.981908005583509,2005-06-01
MX-SIN,2005,7,28.812105702170744,57.89479121105084,2005-07-01
MX-SIN,2005,8,28.05182253735413,63.747659448149214,2005-08-01
MX-SIN,2005,9,28.780087159914782,33.12831186736846,2005-09-01
MX-SIN,2005,10,26.008141707883894,21.987734488942348,2005-10-01
MX-SIN,2005,11,21.869339480352966,2.5188106647376105,2005-11-01
MX-SIN,2005,12,18.254713004981248,0.22356648017527872,2005-12-01
MX-SIN,2006,1,18.071608230847495,1.0951278844243817,2006-01-01
MX-SIN,2006,2,19.661375818588745,0.1244893019583599,2006-02-01
MX-SIN,2006,3,20.59227952100484,0.7757056115989828,2006-03-01
MX-SIN,2006,4,23.89334891068951,0.009018620694570746,2006-04-01
MX-SIN,2006,5,26.567588613718243,1.1816856973064718,2006-05-01
MX-SIN,2006,6,29.4044544866039,11.900407235618635,2006-06-01
MX-SIN,2006,7,28.949294219025617,58.547246642578486,2006-07-01
MX-SIN,2006,8,27.771206196415893,66.00544541800147,2006-08-01
MX-SIN,2006,9,27.372961470454545,69.0117319886497,2006-09-01
MX-SIN,2006,10,26.40279895685932,27.116768105680105,2006-10-01
MX-SIN,2006,11,22.76372513985065,0.232468179548345,2006-11-01
MX-SIN,2006,12,18.25887041791695,8.955734774907397,2006-12-01
MX-SIN,2007,1,16.398268151068113,11.114817997098989,2007-01-01
MX-SIN,2007,2,18.380431722686897,1.2819923375060938,2007-02-01
MX-SIN,2007,3,20.93169784823497,0.675060005126806,2007-03-01
MX-SIN,2007,4,22.938498359619643,0.1058689309407086,2007-04-01
MX-SIN,2007,5,25.964522167922812,0.09021277626205268,2007-05-01
MX-SIN,2007,6,28.567697236529625,13.400815567729657,2007-06-01
MX-SIN,2007,7,28.344816716302045,54.86053933527309,2007-07-01
MX-SIN,2007,8,28.36767460497745,60.52230550648551,2007-08-01
MX-SIN,2007,9,27.26549268452792,59.39905298558492,2007-09-01
MX-SIN,2007,10,25.591764314839434,11.120423037473447,2007-10-01
MX-SIN,2007,11,22.362118605920962,5.088836028615959,2007-11-01
MX-SIN,2007,12,17.25643523782815,24.32068207868329,2007-12-01
MX-SIN,2008,1,16.952737521772033,0.9941763716880405,2008-01-01
MX-SIN,2008,2,18.15122872960529,0.09006620441207758,2008-02-01
MX-SIN,2008,3,19.429529161688944,0.42231648991712506,2008-03-01
MX-SIN,2008,4,23.268796672873954,0.04443272425835645,2008-04-01
MX-SIN,2008,5,25.333673076741366,3.0529067607859877,2008-05-01
MX-SIN,2008,6,27.744489739700732,7.965942571296576,2008-06-01
MX-SIN,2008,7,27.69724405467522,87.02942100914125,2008-07-01
MX-SIN,2008,8,27.035941612830225,92.09125732738167,2008-08-01
MX-SIN,2008,9,27.341759082167012,61.06529939584433,2008-09-01
MX-SIN,2008,10,26.78699830572735,17.71620525435681,2008-10-01
MX-SIN,2008,11,22.52448319296655,1.08711493489802,2008-11-01
MX-SIN,2008,12,19.423439798736133,1.0799783136157313,2008-12-01
MX-SIN,2009,1,19.01587525361611,2.3439530811426272,2009-01-01
MX-SIN,2009,2,19.50588466843403,0.10847777231258239,2009-02-01
MX-SIN,2009,3,21.315995711093777,0.9044165828625885,2009-03-01
MX-SIN,2009,4,22.74743823076239,0.06771048535457727,2009-04-01
MX-SIN,2009,5,26.639297376345585,3.1808802048925213,2009-05-01
MX-SIN,2009,6,28.51601590225981,25.59332100965222,2009-06-01
MX-SIN,2009,7,29.039830629686467,48.58404244416889,2009-07-01
MX-SIN,2009,8,28.375623553224745,55.20403693011375,2009-08-01
MX-SIN,2009,9,28.443662156546772,41.74590631763717,2009-09-01
MX-SIN,2009,10,25.133998485874613,56.31757259777307,2009-10-01
MX-SIN,2009,11,22.175247801714015,3.29361546030465,2009-11-01
MX-SIN,2009,12,17.576298576754166,7.031476798268905,2009-12-01
MX-SIN,2010,1,18.182986731214015,9.10159205549902,2010-01-01
MX-SIN,2010,2,17.89990125412619,19.298447165389224,2010-02-01
MX-SIN,2010,3,20.10670431771809,1.6966536413628903,2010-03-01
MX-SIN,2010,4,22.465534210950995,1.5398199160910457,2010-04-01
MX-SIN,2010,5,25.71084360212263,1.440405167102667,2010-05-01
MX-SIN,2010,6,28.06902069090244,3.0830982204831345,2010-06-01
MX-SIN,2010,7,28.44196124390704,52.50580547048246,2010-07-01
MX-SIN,2010,8,28.646758560694202,75.52218472598474,2010-08-01
MX-SIN,2010,9,27.514915093126874,75.50994411390727,2010-09-01
MX-SIN,2010,10,25.401071012580022,3.230516510395002,2010-10-01
MX-SIN,2010,11,20.603266704565836,0.027532016646540543,2010-11-01
MX-SIN,2010,12,17.9365055557931,0.8509300175398318,2010-12-01
MX-SIN,2011,1,16.925712311541577,0.2495980025197054,2011-01-01
MX-SIN,2011,2,17.171857689408544,0.00226654178244689,2011-02-01
MX-SIN,2011,3,21.36570280346805,0.00804373452451768,2011-03-01
MX-SIN,2011,4,23.387009351865096,0.008394916347747364,2011-04-01
MX-SIN,2011,5,26.02464894492048,0.07417968852287345,2011-05-01
MX-SIN,2011,6,29.022848857901543,3.772483955362908,2011-06-01
MX-SIN,2011,7,27.96835210337305,84.48868386008405,2011-07-01
MX-SIN,2011,8,28.018097665566025,81.15622702775364,2011-08-01
MX-SIN,2011,9,28.310549818430868,30.502236951877688,2011-09-01
MX-SIN,2011,10,26.87085223118753,2.822235860632183,2011-10-01
MX-SIN,2011,11,21.12354098077473,15.78497766699662,2011-11-01
MX-SIN,2011,12,16.368748603835492,2.2286907511289056,2011-12-01
MX-SIN,2012,1,17.896695001233166,0.020864392695052473,2012-01-01
MX-SIN,2012,2,18.283425401960265,4.168359183961914,2012-02-01
MX-SIN,2012,3,20.138105037373034,0.09614125360389851,2012-03-01
MX-SIN,2012,4,23.24692268108415,0.02707681314272316,2012-04-01
MX-SIN,2012,5,27.09897524679603,0.6325760260654758,2012-05-01
MX-SIN,2012,6,28.669808366238904,15.973709137225434,2012-06-01
MX-SIN,2012,7,27.891141061375382,62.2061259900353,2012-07-01
MX-SIN,2012,8,28.13846671141735,66.78319058872675,2012-08-01
MX-SIN,2012,9,27.441446092869956,49.22356033193107,2012-09-01
MX-SIN,2012,10,25.646276215251557,15.60277737541849,2012-10-01
MX-SIN,2012,11,22.838687502078308,0.6400288836442626,2012-11-01
MX-SIN,2012,12,18.631067393250394,14.906274382691363,2012-12-01
MX-SIN,2013,1,16.659669481871664,3.273634252880538,2013-01-01
MX-SIN,2013,2,17.844916828591614,0.34494294438742124,2013-02-01
MX-SIN,2013,3,21.36543767306799,0.37665059541627133,2013-03-01
MX-SIN,2013,4,22.899165487759962,0.00939554521918308,2013-04-01
MX-SIN,2013,5,26.125127352188386,0.07341267885693009,2013-05-01
MX-SIN,2013,6,28.830664228289198,6.901304772329625,2013-06-01
MX-SIN,2013,7,28.188705793504344,66.57013600850587,2013-07-01
MX-SIN,2013,8,28.337062101206232,73.84588460828168,2013-08-01
MX-SIN,2013,9,27.190007316984186,97.30164645584448,2013-09-01
MX-SIN,2013,10,25.597635209968253,7.920576856064625,2013-10-01
MX-SIN,2013,11,22.519135310031047,34.99029759404318,2013-11-01
MX-SIN,2013,12,18.990094857899198,8.922024775775482,2013-12-01
MX-SIN,2014,1,19.08437843748502,0.7066699035522642,2014-01-01
MX-SIN,2014,2,20.02524032474195,0.03790321219066076,2014-02-01
MX-SIN,2014,3,21.59553807938905,4.981161547313498,2014-03-01
MX-SIN,2014,4,24.38233041415849,0.10634590898302133,2014-04-01
MX-SIN,2014,5,27.396655532913023,1.4702633002068122,2014-05-01
MX-SIN,2014,6,29.66853055992574,31.38656325085657,2014-06-01
MX-SIN,2014,7,27.661531026731698,81.3901953457961,2014-07-01
MX-SIN,2014,8,27.402694030765677,72.92538823328388,2014-08-01
MX-SIN,2014,9,27.353227915137936,62.446237056073926,2014-09-01
MX-SIN,2014,10,26.553571312702953,13.006134921371364,2014-10-01
MX-SIN,2014,11,21.77658887700439,19.608417236884687,2014-11-01
MX-SIN,2014,12,18.721143225458754,0.882617251178205,2014-12-01
MX-SIN,2015,1,18.844542426213717,15.710813174157046,2015-01-01
MX-SIN,2015,2,20.11452623841014,20.47946578496737,2015-02-01
MX-SIN,2015,3,21.44043019180719,9.322608697853235,2015-03-01
MX-SIN,2015,4,24.024240142811884,4.575321074544243,2015-04-01
MX-SIN,2015,5,25.976195992517614,1.31804771685335,2015-05-01
MX-SIN,2015,6,29.306919891225714,30.098156391392283,2015-06-01
MX-SIN,2015,7,28.29138678839873,52.52175429745702,2015-07-01
MX-SIN,2015,8,28.13219234846672,62.22136119633964,2015-08-01
MX-SIN,2015,9,27.933898900714073,48.262061482963844,2015-09-01
MX-SIN,2015,10,26.267166240849367,26.164914818968974,2015-10-01
MX-SIN,2015,11,22.607127052362966,13.237530691484961,2015-11-01
MX-SIN,2015,12,18.144537384012754,8.416592556598776,2015-12-01
MX-SIN,2016,1,16.886226761240383,0.78800023536246,2016-01-01
MX-SIN,2016,2,20.624049702028547,0.22067836256200554,2016-02-01
MX-SIN,2016,3,21.104879146698227,5.481602993239217,2016-03-01
MX-SIN,2016,4,23.479910905084445,0.6337417446907936,2016-04-01
MX-SIN,2016,5,26.402756106700377,4.815866467184998,2016-05-01
MX-SIN,2016,6,28.68652747201223,20.587612231043707,2016-06-01
MX-SIN,2016,7,28.59449384529625,65.72107577118477,2016-07-01
MX-SIN,2016,8,27.548421098268026,90.87324817702444,2016-08-01
MX-SIN,2016,9,27.639483032769572,50.201783035686745,2016-09-01
MX-SIN,2016,10,27.5831924108072,5.450943551137599,2016-10-01
MX-SIN,2016,11,23.70655755171065,0.6746428963753214,2016-11-01
MX-SIN,2016,12,19.446670545413504,8.430226775014448,2016-12-01
MX-SIN,2017,1,17.78040109739513,4.890978406906254,2017-01-01
MX-SIN,2017,2,18.730703842909122,11.098545502245969,2017-02-01
MX-SIN,2017,3,22.03085657534462,0.7652918539404165,2017-03-01
MX-SIN,2017,4,23.566241206066586,0.36288234181834245,2017-04-01
MX-SIN,2017,5,25.16858669741072,0.17632268025867487,2017-05-01
MX-SIN,2017,6,27.87711350612162,4.692294366190171,2017-06-01
MX-SIN,2017,7,28.16849722497639,51.27309781304183,2017-07-01
MX-SIN,2017,8,28.04421109482961,60.21092959749427,2017-08-01
MX-SIN,2017,9,27.33817051574789,40.102879360952265,2017-09-01
MX-SIN,2017,10,27.584332908737824,11.817058368756344,2017-10-01
MX-SIN,2017,11,23.34062348863791,0.09533916053758615,2017-11-01
MX-SIN,2017,12,19.705741504931687,8.3002674522431,2017-12-01
MX-SIN,2018,1,18.42337177583099,0.0381209853246757,2018-01-01
MX-SIN,2018,2,20.13108636900049,10.968805690293289,2018-02-01
MX-SIN,2018,3,20.99935671356689,0.0396697256127723,2018-03-01
MX-SIN,2018,4,23.770696713214548,0.11146004648065329,2018-04-01
MX-SIN,2018,5,26.908488638271674,0.5075935757093636,2018-05-01
MX-SIN,2018,6,28.29518815121594,27.124349317025423,2018-06-01
MX-SIN,2018,7,28.613622280423886,37.380321215714375,2018-07-01
MX-SIN,2018,8,27.26982012986791,54.90278752486035,2018-08-01
MX-SIN,2018,9,26.672769269665924,68.52225672013228,2018-09-01
MX-SIN,2018,10,25.31937409808405,16.4855537827719,2018-10-01
MX-SIN,2018,11,21.02385783418503,2.0146049703415496,2018-11-01
MX-SIN,2018,12,17.949103325600767,13.708849609739849,2018-12-01
MX-SIN,2019,1,18.10694081773627,4.206203993787024,2019-01-01
MX-SIN,2019,2,18.7138451547712,0.6740154065524437,2019-02-01
MX-SIN,2019,3,20.912569425991332,2.497536973211181,2019-03-01
MX-SIN,2019,4,23.02631438036479,0.009788004540767526,2019-04-01
MX-SIN,2019,5,24.96469444730832,0.16347478475096133,2019-05-01
MX-SIN,2019,6,28.44418703634995,2.231986247400074,2019-06-01
MX-SIN,2019,7,28.720511604856675,40.506320673023154,2019-07-01
MX-SIN,2019,8,28.56610115999343,53.63795518830335,2019-08-01
MX-SIN,2019,9,27.171529155150083,45.79102666816394,2019-09-01
MX-SIN,2019,10,26.1487542995115,21.839936302399764,2019-10-01
MX-SIN,2019,11,23.145853521967062,50.70815353184637,2019-11-01
MX-SIN,2019,12,18.84413338386012,0.8051298852789179,2019-12-01
MX-SIN,2020,1,18.08594000351592,7.084822320285507,2020-01-01
MX-SIN,2020,2,18.636192084455175,20.826248540046,2020-02-01
MX-SIN,2020,3,21.204703189850058,3.689239554008549,2020-03-01
MX-SIN,2020,4,23.280466397297534,0.4205703572139143,2020-04-01
MX-SIN,2020,5,26.39013667607901,0.6708130778027476,2020-05-01
MX-SIN,2020,6,28.561538446735078,6.238071166009277,2020-06-01
MX-SIN,2020,7,28.44574677716792,48.895318633002454,2020-07-01
MX-SIN,2020,8,29.22700674588435,38.30908414909678,2020-08-01
MX-SIN,2020,9,28.040445582786088,47.16075990824544,2020-09-01
MX-SIN,2020,10,27.304452719800455,2.2763044969011332,2020-10-01
MX-SIN,2020,11,23.044528221759546,1.1225895866604543,2020-11-01
MX-SIN,2020,12,17.671708418466206,3.2831491070124907,2020-12-01
MX-SIN,2021,1,16.67989517894776,6.9343724773745885,2021-01-01
MX-SIN,2021,2,18.422603194844775,1.308008378681811,2021-02-01
MX-SIN,2021,3,19.698492783644753,0.00515975002438356,2021-03-01
MX-SIN,2021,4,23.17989540624057,0.11318299271191902,2021-04-01
MX-SIN,2021,5,26.556432226208326,0.3643124232257564,2021-05-01
MX-SIN,2021,6,28.631129492895237,26.235108947736126,2021-06-01
MX-SIN,2021,7,28.12716192842846,42.581908534604395,2021-07-01
MX-SIN,2021,8,27.95671334804783,97.42986230253737,2021-08-01
MX-SIN,2021,9,27.267744196422772,44.14844720505667,2021-09-01
MX-SIN,2021,10,26.309771831559527,18.592742626635573,2021-10-01
MX-SIN,2021,11,22.968197924702867,2.1937530387513613,2021-11-01
MX-SIN,2021,12,19.73309054687753,5.0688289298265765,2021-12-01
MX-SIN,2022,1,18.35652802242293,4.300314810755951,2022-01-01
MX-SIN,2022,2,18.122817588335806,0.9683224441295326,2022-02-01
MX-SIN,2022,3,19.684615915969438,0.003835292626334178,2022-03-01
MX-SIN,2022,4,23.288348777630805,0.16621736474950863,2022-04-01
MX-SIN,2022,5,25.692078501322577,0.0835314783748572,2022-05-01
MX-SIN,2022,6,27.821268843361818,15.434721240628763,2022-06-01
MX-SIN,2022,7,28.045179648614834,39.29640170652736,2022-07-01
MX-SIN,2022,8,26.872561874475192,83.52759627569817,2022-08-01
MX-SIN,2022,9,27.51110538026574,52.85853025718649,2022-09-01
MX-SIN,2022,10,25.311219258718555,10.527212952601236,2022-10-01
MX-SIN,2022,11,20.12296945678559,0.0292073887912471,2022-11-01
MX-SIN,2022,12,18.702384523941742,0.6721545828049321,2022-12-01
MX-SIN,2023,1,17.447042452636843,2.019025568997254,2023-01-01
MX-SIN,2023,2,17.76236472796052,4.643823982135488,2023-02-01
MX-SIN,2023,3,20.163314532879305,1.559223403191423,2023-03-01
MX-SIN,2023,4,22.561507878810236,0.3565497275830304,2023-04-01
MX-SIN,2023,5,25.288738553087597,0.26029179712663914,2023-05-01
MX-SIN,2023,6,28.608780205957636,2.377883326076233,2023-06-01
MX-SIN,2023,7,29.505929711709225,46.15848762957524,2023-07-01
MX-SIN,2023,8,29.082889236430315,38.90602469127913,2023-08-01
MX-SIN,2023,9,29.38749563606202,32.55945720719947,2023-09-01
MX-SIN,2023,10,26.11087014736308,52.19217790705552,2023-10-01
MX-SIN,2023,11,23.152488668335568,3.9289554005982508,2023-11-01
MX-SIN,2023,12,19.54571448278156,0.6686569120829895,2023-12-01
MX-SIN,2024,1,17.737744139377078,0.9900180794929537,2024-01-01
MX-SIN,2024,2,18.808770662135124,3.423036165645804,2024-02-01
MX-SIN,2024,3,20.213020893938847,0.3802802003545142,2024-03-01
MX-SIN,2024,4,23.229386558415694,1.343887270859871,2024-04-01
MX-SIN,2024,5,26.818023138458894,0.006724704329270511,2024-05-01
MX-SIN,2024,6,28.572947629402353,11.906907450222002,2024-06-01
MX-SIN,2024,7,29.05528301142595,43.33792121023734,2024-07-01
MX-SIN,2024,8,28.609560812200346,45.19349774517483,2024-08-01
MX-SIN,2024,9,28.237217191606046,37.17527113711565,2024-09-01
MX-SIN,2024,10,27.73749532429508,3.789099317926344,2024-10-01
MX-SIN,2024,11,21.557727858414346,0.7276551576446167,2024-11-01
MX-SIN,2024,12,19.036815707440404,0.20479252189817554,2024-12-01
MX-SIN,2025,1,17.138907425007954,4.850586287020426,2025-01-01
MX-SIN,2025,2,19.56417610085614,0.112299945740613,2025-02-01
MX-SIN,2025,3,20.833636208734237,0.015505994066315575,2025-03-01
MX-SIN,2025,4,23.716840757691724,0.07475889932326342,2025-04-01
MX-SIN,2025,5,26.624550704316114,0.819947481187494,2025-05-01
MX-SIN,2025,6,29.113314748724072,21.159286277587665,2025-06-01
MX-SIN,2025,7,28.25382940694208,52.56161704552915,2025-07-01
MX-SIN,2025,8,28.23940432425155,66.93970330380834,2025-08-01
MX-SIN,2025,9,27.80960601574814,63.58700792018187,2025-09-01
MX-SIN,2025,10,26.815979776380694,18.09793753014091,2025-10-01
MX-SIN,2025,11,23.221671300370364,0.5380376883283554,2025-11-01
MX-SIN,2025,12,21.25596130136111,2.1435254373648216,2025-12-01
MX-SLP,1990,1,14.253114407273179,10.696332604227972,1990-01-01
MX-SLP,1990,2,14.823765356254372,11.061087677584837,1990-02-01
MX-SLP,1990,3,17.50077668056816,7.103909973684503,1990-03-01
MX-SLP,1990,4,20.296929492429726,12.866246187514887,1990-04-01
MX-SLP,1990,5,22.725882520047428,26.793917601147268,1990-05-01
MX-SLP,1990,6,22.5151055108322,13.566981843592314,1990-06-01
MX-SLP,1990,7,20.61298490571633,36.744658999220974,1990-07-01
MX-SLP,1990,8,20.53205298837891,49.279906569344845,1990-08-01
MX-SLP,1990,9,19.775310304182774,41.76434321835576,1990-09-01
MX-SLP,1990,10,17.696962450333142,20.68666417851408,1990-10-01
MX-SLP,1990,11,16.043977041356257,4.9614876810641535,1990-11-01
MX-SLP,1990,12,13.772788238110742,2.921997620932206,1990-12-01
MX-SLP,1991,1,14.328669255368066,6.959028059839744,1991-01-01
MX-SLP,1991,2,15.029691563387525,8.457454921810713,1991-02-01
MX-SLP,1991,3,20.011802036351693,1.7348806671325585,1991-03-01
MX-SLP,1991,4,22.16951739359746,8.762774845156528,1991-04-01
MX-SLP,1991,5,22.791706512959955,20.261979580477334,1991-05-01
MX-SLP,1991,6,21.966148806486704,31.44751966415655,1991-06-01
MX-SLP,1991,7,19.197655533044504,88.75699439829893,1991-07-01
MX-SLP,1991,8,21.104453252100637,16.409476229004266,1991-08-01
MX-SLP,1991,9,18.668164187914947,51.33324979758971,1991-09-01
MX-SLP,1991,10,17.8318411768907,27.616978945534214,1991-10-01
MX-SLP,1991,11,14.470079360082881,7.777409945182023,1991-11-01
MX-SLP,1991,12,13.821610857884611,16.44622326155234,1991-12-01
MX-SLP,1992,1,11.624435501136993,38.358468275287976,1992-01-01
MX-SLP,1992,2,13.70416764266929,12.694072108978137,1992-02-01
MX-SLP,1992,3,17.51180737983881,17.01213199076234,1992-03-01
MX-SLP,1992,4,18.541739370612223,23.263305598040517,1992-04-01
MX-SLP,1992,5,19.5374710298468,39.46742251583504,1992-05-01
MX-SLP,1992,6,22.459286733351565,20.896812386190376,1992-06-01
MX-SLP,1992,7,20.866156497127946,32.625412315246514,1992-07-01
MX-SLP,1992,8,21.014840786919926,17.989132430283966,1992-08-01
MX-SLP,1992,9,20.11625562601378,23.35033615554601,1992-09-01
MX-SLP,1992,10,17.669367509748753,33.28943869235398,1992-10-01
MX-SLP,1992,11,14.986777670773646,13.155089544675048,1992-11-01
MX-SLP,1992,12,15.329923444947415,3.818238690028238,1992-12-01
MX-SLP,1993,1,14.302338846761968,7.996828035938201,1993-01-01
MX-SLP,1993,2,15.631941110085005,4.6565537999965745,1993-02-01
MX-SLP,1993,3,17.16253709750914,5.468848674273171,1993-03-01
MX-SLP,1993,4,20.098676035137053,8.364905339985112,1993-04-01
MX-SLP,1993,5,20.938195653892095,21.76446310234377,1993-05-01
MX-SLP,1993,6,21.38325625579061,56.872520641733985,1993-06-01
MX-SLP,1993,7,21.104056819187704,22.37506776448406,1993-07-01
MX-SLP,1993,8,20.83583802307318,18.35700529135986,1993-08-01
MX-SLP,1993,9,19.39145388668278,49.581242073507546,1993-09-01
MX-SLP,1993,10,18.692881503662594,15.9975391413998,1993-10-01
MX-SLP,1993,11,16.00076991695206,12.115480715690143,1993-11-01
MX-SLP,1993,12,14.565474149243073,3.942348609033345,1993-12-01
MX-SLP,1994,1,13.643956036447015,5.1770233790473945,1994-01-01
MX-SLP,1994,2,15.919719146602793,4.554778349127314,1994-02-01
MX-SLP,1994,3,18.33790485812385,4.6947325842461245,1994-03-01
MX-SLP,1994,4,20.201338359453384,17.183781497465947,1994-04-01
MX-SLP,1994,5,22.02120669713327,22.83371722845934,1994-05-01
MX-SLP,1994,6,21.518804088847414,45.141635497004344,1994-06-01
MX-SLP,1994,7,22.16962526319114,15.348055335841666,1994-07-01
MX-SLP,1994,8,21.383802794229744,29.136601366433794,1994-08-01
MX-SLP,1994,9,19.7050213153624,34.44455485967696,1994-09-01
MX-SLP,1994,10,19.464624740184746,21.96178865063418,1994-10-01
MX-SLP,1994,11,17.867606818445925,4.508901049941554,1994-11-01
MX-SLP,1994,12,15.333474322070744,7.337793623328158,1994-12-01
MX-SLP,1995,1,14.110976736493912,4.769505095767242,1995-01-01
MX-SLP,1995,2,16.565063471239718,5.470877098567724,1995-02-01
MX-SLP,1995,3,18.546823984356998,6.349314201792674,1995-03-01
MX-SLP,1995,4,20.700213881412846,5.572596992311608,1995-04-01
MX-SLP,1995,5,24.16126588034419,19.464930234977892,1995-05-01
MX-SLP,1995,6,22.651531117038367,21.477063371325997,1995-06-01
MX-SLP,1995,7,21.261402722367386,28.551298985413652,1995-07-01
MX-SLP,1995,8,20.967869167172967,45.542595071925135,1995-08-01
MX-SLP,1995,9,20.90978022663766,13.751076312689227,1995-09-01
MX-SLP,1995,10,19.36368790711211,16.556977239854284,1995-10-01
MX-SLP,1995,11,16.880748675615298,10.324989053893043,1995-11-01
MX-SLP,1995,12,14.299154438712872,8.515181108910198,1995-12-01
MX-SLP,1996,1,13.298471872570945,1.0813150584473186,1996-01-01
MX-SLP,1996,2,15.93886694563903,4.787109344805526,1996-02-01
MX-SLP,1996,3,16.773136728721077,3.9353774546474862,1996-03-01
MX-SLP,1996,4,19.92259399935778,4.673360057025922,1996-04-01
MX-SLP,1996,5,23.245547572024478,8.897267702031506,1996-05-01
MX-SLP,1996,6,22.30444746906476,26.131767578660646,1996-06-01
MX-SLP,1996,7,22.17054173737848,15.136989006790552,1996-07-01
MX-SLP,1996,8,20.90802777519938,47.03639051288337,1996-08-01
MX-SLP,1996,9,20.447159726902843,56.00314531655864,1996-09-01
MX-SLP,1996,10,18.672980323387712,24.028074736040153,1996-10-01
MX-SLP,1996,11,15.323909403290298,5.4366156738292615,1996-11-01
MX-SLP,1996,12,14.00099335804406,4.306289721092513,1996-12-01
MX-SLP,1997,1,12.98081090582353,5.626177974994979,1997-01-01
MX-SLP,1997,2,15.096416011885884,6.663445451141487,1997-02-01
MX-SLP,1997,3,17.693462932231114,25.20571825304964,1997-03-01
MX-SLP,1997,4,18.01529184488099,33.26882646473695,1997-04-01
MX-SLP,1997,5,20.600756404852635,28.64016564783791,1997-05-01
MX-SLP,1997,6,22.463567542923283,28.293538618393306,1997-06-01
MX-SLP,1997,7,21.799484746672164,19.710338147152058,1997-07-01
MX-SLP,1997,8,21.858921512426196,13.03052691788101,1997-08-01
MX-SLP,1997,9,20.93523140255508,17.18313011691415,1997-09-01
MX-SLP,1997,10,18.09235465263009,43.17308689254926,1997-10-01
MX-SLP,1997,11,16.498799227057038,9.000563195844261,1997-11-01
MX-SLP,1997,12,12.297011729515152,4.5514528259321505,1997-12-01
MX-SLP,1998,1,13.926180486515987,3.5948908492691127,1998-01-01
MX-SLP,1998,2,15.230998580612306,2.353105450334892,1998-02-01
MX-SLP,1998,3,17.399361624013086,6.861892779573954,1998-03-01
MX-SLP,1998,4,21.353793549727524,5.465886586531079,1998-04-01
MX-SLP,1998,5,24.4464678226008,6.791759350981552,1998-05-01
MX-SLP,1998,6,24.603911252440152,19.199484262473334,1998-06-01
MX-SLP,1998,7,22.165667635934597,14.397298570403866,1998-07-01
MX-SLP,1998,8,21.78554408411817,26.07824215949119,1998-08-01
MX-SLP,1998,9,21.237083559761558,57.03611627384786,1998-09-01
MX-SLP,1998,10,18.607471787355045,33.61369453923688,1998-10-01
MX-SLP,1998,11,17.606517133451487,9.076946274679752,1998-11-01
MX-SLP,1998,12,14.499324802772291,2.927267057544813,1998-12-01
MX-SLP,1999,1,13.44465475294451,1.058674931738402,1999-01-01
MX-SLP,1999,2,16.216338689591066,3.049432702521284,1999-02-01
MX-SLP,1999,3,18.558264503313143,6.686645189516542,1999-03-01
MX-SLP,1999,4,22.002834810424403,5.228303445845606,1999-04-01
MX-SLP,1999,5,23.262318450418626,6.274648727263855,1999-05-01
MX-SLP,1999,6,22.65750642841033,20.629679426642966,1999-06-01
MX-SLP,1999,7,20.8111107872312,36.362201962511186,1999-07-01
MX-SLP,1999,8,21.745862310035722,18.046182054415794,1999-08-01
MX-SLP,1999,9,20.304958678422373,32.887028483056284,1999-09-01
MX-SLP,1999,10,17.617211280143945,13.43928202611911,1999-10-01
MX-SLP,1999,11,14.579764941091065,3.738351427222946,1999-11-01
MX-SLP,1999,12,12.2056364465156,3.1205774508964392,1999-12-01
MX-SLP,2000,1,14.284871135558,4.019546412359532,2000-01-01
MX-SLP,2000,2,16.49252294444257,2.6854236835023313,2000-02-01
MX-SLP,2000,3,19.761767023056425,3.616483102789248,2000-03-01
MX-SLP,2000,4,21.241293630580376,7.12591775111348,2000-04-01
MX-SLP,2000,5,22.645023586579534,19.176482008421345,2000-05-01
MX-SLP,2000,6,21.11054020518109,38.78567458839493,2000-06-01
MX-SLP,2000,7,21.880397404210974,9.480667489041371,2000-07-01
MX-SLP,2000,8,20.944682746130336,18.198032226634385,2000-08-01
MX-SLP,2000,9,21.15229874330733,14.53914952989192,2000-09-01
MX-SLP,2000,10,18.094659352598256,15.665833066646023,2000-10-01
MX-SLP,2000,11,16.46415807115844,7.495227905259049,2000-11-01
MX-SLP,2000,12,12.56011898862941,7.802961577637838,2000-12-01
MX-SLP,2001,1,13.291259060435062,4.409633915309992,2001-01-01
MX-SLP,2001,2,15.7206582260954,4.7473381555575935,2001-02-01
MX-SLP,2001,3,17.677375295414844,7.486765720592811,2001-03-01
MX-SLP,2001,4,21.22808562038669,14.878956998347185,2001-04-01
MX-SLP,2001,5,21.483822688921254,17.670612649056757,2001-05-01
MX-SLP,2001,6,22.132284030534894,20.15873951011739,2001-06-01
MX-SLP,2001,7,21.860997850802807,23.20800527870967,2001-07-01
MX-SLP,2001,8,21.484606562217845,34.59065767648921,2001-08-01
MX-SLP,2001,9,20.239403516898566,31.272837322343083,2001-09-01
MX-SLP,2001,10,18.20712907267332,13.522983423405632,2001-10-01
MX-SLP,2001,11,15.323862571493152,5.690903460509623,2001-11-01
MX-SLP,2001,12,13.921094133915629,4.00911338415878,2001-12-01
MX-SLP,2002,1,13.33349700582667,8.886034953439575,2002-01-01
MX-SLP,2002,2,13.334265579007129,13.185885643908945,2002-02-01
MX-SLP,2002,3,18.14597596684383,3.179148674528113,2002-03-01
MX-SLP,2002,4,21.11505139222045,10.329614423584292,2002-04-01
MX-SLP,2002,5,22.658591181109323,10.809072724452625,2002-05-01
MX-SLP,2002,6,22.248980560766494,23.2628447119579,2002-06-01
MX-SLP,2002,7,20.971035126973042,30.612446395448295,2002-07-01
MX-SLP,2002,8,21.695091624211106,18.07653775153166,2002-08-01
MX-SLP,2002,9,20.5557209891739,46.261432206022256,2002-09-01
MX-SLP,2002,10,19.962384096782305,24.954141586892906,2002-10-01
MX-SLP,2002,11,14.650636606437205,18.938884049833216,2002-11-01
MX-SLP,2002,12,13.445814592491367,2.1792911269581223,2002-12-01
MX-SLP,2003,1,12.237731049019983,10.379415657473906,2003-01-01
MX-SLP,2003,2,16.017471230898117,5.6988362080012624,2003-02-01
MX-SLP,2003,3,18.977600586209768,3.5783231159450386,2003-03-01
MX-SLP,2003,4,21.642825731111213,7.117318877392566,2003-04-01
MX-SLP,2003,5,24.44430347533077,12.964449396114498,2003-05-01
MX-SLP,2003,6,23.128453136345616,18.674469702594426,2003-06-01
MX-SLP,2003,7,20.729392808365507,37.34926660704629,2003-07-01
MX-SLP,2003,8,21.545226563067914,24.317132132815143,2003-08-01
MX-SLP,2003,9,20.66058640715856,54.3826364551885,2003-09-01
MX-SLP,2003,10,18.88626771812432,23.415357103952157,2003-10-01
MX-SLP,2003,11,16.762819624549397,6.213291573731599,2003-11-01
MX-SLP,2003,12,12.454876750313144,2.667000779915433,2003-12-01
MX-SLP,2004,1,12.728754508660536,11.650649853952391,2004-01-01
MX-SLP,2004,2,14.204821471622767,2.7190827705358753,2004-02-01
MX-SLP,2004,3,17.67901035701483,15.958286721247667,2004-03-01
MX-SLP,2004,4,19.72599708124651,10.065489112975069,2004-04-01
MX-SLP,2004,5,21.356032322351542,21.422784496554215,2004-05-01
MX-SLP,2004,6,20.861757678766214,44.64600320265626,2004-06-01
MX-SLP,2004,7,21.435309082098144,25.012047480580144,2004-07-01
MX-SLP,2004,8,21.33120708029885,15.310821714113768,2004-08-01
MX-SLP,2004,9,20.149079532215584,30.568270753306795,2004-09-01
MX-SLP,2004,10,19.504525384268398,13.639416886410435,2004-10-01
MX-SLP,2004,11,15.996084232617717,3.3753555504961668,2004-11-01
MX-SLP,2004,12,12.620048856099643,3.6310334764331262,2004-12-01
MX-SLP,2005,1,14.155845660780734,4.092052335665091,2005-01-01
MX-SLP,2005,2,15.138087786614335,16.269762220668802,2005-02-01
MX-SLP,2005,3,17.526238066635845,8.672739202711869,2005-03-01
MX-SLP,2005,4,20.73194349301941,4.600291958708791,2005-04-01
MX-SLP,2005,5,21.80562856873985,18.63192787318299,2005-05-01
MX-SLP,2005,6,23.803675939647952,13.983610184917655,2005-06-01
MX-SLP,2005,7,22.004391392138082,36.50522219087504,2005-07-01
MX-SLP,2005,8,21.302565501587527,28.908287572381344,2005-08-01
MX-SLP,2005,9,20.95475007623645,16.911102359976546,2005-09-01
MX-SLP,2005,10,19.007955098977494,24.379335588430052,2005-10-01
MX-SLP,2005,11,15.688824314090109,3.3237075592408614,2005-11-01
MX-SLP,2005,12,13.884123871906263,4.290296978914637,2005-12-01
MX-SLP,2006,1,13.595702271860217,3.407341363256154,2006-01-01
MX-SLP,2006,2,15.395182334412201,1.765156829465493,2006-02-01
MX-SLP,2006,3,18.847158369395967,5.702009401632236,2006-03-01
MX-SLP,2006,4,22.18078378570656,6.5432116083946905,2006-04-01
MX-SLP,2006,5,22.13663934578676,25.719956374898658,2006-05-01
MX-SLP,2006,6,21.863150572000972,11.10707042461296,2006-06-01
MX-SLP,2006,7,21.397571964619086,32.517939385477334,2006-07-01
MX-SLP,2006,8,21.46551917478137,25.380219273484105,2006-08-01
MX-SLP,2006,9,20.833893568716608,44.03931768241375,2006-09-01
MX-SLP,2006,10,19.411484803442985,24.81956230561654,2006-10-01
MX-SLP,2006,11,15.800661717091526,10.2289058671926,2006-11-01
MX-SLP,2006,12,12.881932315072183,11.588818781613032,2006-12-01
MX-SLP,2007,1,12.950853742424258,9.803414732074904,2007-01-01
MX-SLP,2007,2,15.171167094569915,11.511026936624795,2007-02-01
MX-SLP,2007,3,18.100262857508657,6.069893351759931,2007-03-01
MX-SLP,2007,4,20.067052709890298,15.763197909888587,2007-04-01
MX-SLP,2007,5,21.836609968441163,19.800094473115664,2007-05-01
MX-SLP,2007,6,21.982862774976116,31.68644066804924,2007-06-01
MX-SLP,2007,7,21.60121476529037,39.61696304936283,2007-07-01
MX-SLP,2007,8,21.377300683325714,37.54136577457504,2007-08-01
MX-SLP,2007,9,20.76475981359905,39.64409074976065,2007-09-01
MX-SLP,2007,10,18.797237350705405,10.764627505559117,2007-10-01
MX-SLP,2007,11,15.636488044732452,8.891310562169593,2007-11-01
MX-SLP,2007,12,15.657405593581128,1.7640421533648618,2007-12-01
MX-SLP,2008,1,13.566522365129646,3.768847265622552,2008-01-01
MX-SLP,2008,2,16.765651239227335,3.4033175891563987,2008-02-01
MX-SLP,2008,3,18.08552936755588,2.5803608240641283,2008-03-01
MX-SLP,2008,4,21.356128265678436,12.125963398510178,2008-04-01
MX-SLP,2008,5,23.001683137416773,19.75543171900782,2008-05-01
MX-SLP,2008,6,22.015133653051482,22.88672360742001,2008-06-01
MX-SLP,2008,7,20.825741102938785,60.768744043903986,2008-07-01
MX-SLP,2008,8,21.63970001676811,60.12943782561552,2008-08-01
MX-SLP,2008,9,19.405424249087808,50.969664475640734,2008-09-01
MX-SLP,2008,10,17.671843851308314,16.08667631623212,2008-10-01
MX-SLP,2008,11,15.226609345709957,4.838999730527526,2008-11-01
MX-SLP,2008,12,14.181422985627322,1.9969847103393488,2008-12-01
MX-SLP,2009,1,14.54976638688946,4.920177638456156,2009-01-01
MX-SLP,2009,2,16.107087316672395,3.788540894370406,2009-02-01
MX-SLP,2009,3,18.328615144713684,6.638768650246406,2009-03-01
MX-SLP,2009,4,21.555814513886745,6.633160071753659,2009-04-01
MX-SLP,2009,5,22.740651074630485,17.573556337800422,2009-05-01
MX-SLP,2009,6,22.963952476190844,24.01761784672655,2009-06-01
MX-SLP,2009,7,22.797250958582254,17.082679440379966,2009-07-01
MX-SLP,2009,8,22.35190207675471,16.399213078236382,2009-08-01
MX-SLP,2009,9,20.68251333378353,42.57528852808635,2009-09-01
MX-SLP,2009,10,19.948199246353816,23.621850029334755,2009-10-01
MX-SLP,2009,11,15.157015670867416,5.266709057573844,2009-11-01
MX-SLP,2009,12,13.540765165071143,16.112420541997647,2009-12-01
MX-SLP,2010,1,11.93546856010254,8.356404809462497,2010-01-01
MX-SLP,2010,2,12.593332860539405,28.45094190528684,2010-02-01
MX-SLP,2010,3,16.392557935867064,2.7928429993781023,2010-03-01
MX-SLP,2010,4,19.795391708241386,21.60116157316974,2010-04-01
MX-SLP,2010,5,22.84860837827878,10.553811664517205,2010-05-01
MX-SLP,2010,6,23.134640041424674,21.835995820001653,2010-06-01
MX-SLP,2010,7,20.88265763150433,105.44077791069896,2010-07-01
MX-SLP,2010,8,22.04377459799468,16.866486168964858,2010-08-01
MX-SLP,2010,9,21.26180162138089,34.81291838737296,2010-09-01
MX-SLP,2010,10,18.41866312036367,2.8585363121588836,2010-10-01
MX-SLP,2010,11,15.554677052123521,0.5292356269270665,2010-11-01
MX-SLP,2010,12,12.712553557893076,1.3035785683984984,2010-12-01
MX-SLP,2011,1,13.613123000953863,3.9605137592777195,2011-01-01
MX-SLP,2011,2,15.50604832755499,1.435108382486387,2011-02-01
MX-SLP,2011,3,19.331200968470124,2.841272804817326,2011-03-01
MX-SLP,2011,4,23.373249140755103,3.4435190172926573,2011-04-01
MX-SLP,2011,5,24.321773125127446,6.246099373989562,2011-05-01
MX-SLP,2011,6,22.99540536744577,33.015256638498194,2011-06-01
MX-SLP,2011,7,21.443494668420602,45.21608100532192,2011-07-01
MX-SLP,2011,8,22.55864043044521,15.197540336909944,2011-08-01
MX-SLP,2011,9,20.857285881126792,23.951149480680527,2011-09-01
MX-SLP,2011,10,18.335993443078525,8.0898186003314,2011-10-01
MX-SLP,2011,11,15.907966251767743,7.869400522792697,2011-11-01
MX-SLP,2011,12,14.09519087283205,3.690655497448602,2011-12-01
MX-SLP,2012,1,13.986226653985321,6.026454772013775,2012-01-01
MX-SLP,2012,2,14.887374994150413,23.78731879419793,2012-02-01
MX-SLP,2012,3,18.64392312659158,6.632903871712161,2012-03-01
MX-SLP,2012,4,20.887752020951993,10.171630798567591,2012-04-01
MX-SLP,2012,5,22.823638359197925,12.102232541920475,2012-05-01
MX-SLP,2012,6,22.848503462068088,22.31481111054194,2012-06-01
MX-SLP,2012,7,21.319648586165602,29.693757795055575,2012-07-01
MX-SLP,2012,8,22.02601757788317,27.47665969722986,2012-08-01
MX-SLP,2012,9,20.872088517782945,25.257047701650222,2012-09-01
MX-SLP,2012,10,19.679943902519614,5.023211443893616,2012-10-01
MX-SLP,2012,11,15.877851912959901,8.82626931424329,2012-11-01
MX-SLP,2012,12,14.910904905173968,0.9898566320544019,2012-12-01
MX-SLP,2013,1,13.321052765305147,17.091921390481005,2013-01-01
MX-SLP,2013,2,16.903244082970637,2.9650428005612217,2013-02-01
MX-SLP,2013,3,16.66485686306168,3.5561221041666435,2013-03-01
MX-SLP,2013,4,21.3070793915142,4.626687929819208,2013-04-01
MX-SLP,2013,5,21.994756627698873,16.421490430429948,2013-05-01
MX-SLP,2013,6,22.854916646804828,20.896086518473727,2013-06-01
MX-SLP,2013,7,21.757045175892447,31.327970929124962,2013-07-01
MX-SLP,2013,8,21.634047225806466,38.56312623100169,2013-08-01
MX-SLP,2013,9,20.383443667928464,71.89870243658659,2013-09-01
MX-SLP,2013,10,19.196242487211816,17.90026809715105,2013-10-01
MX-SLP,2013,11,15.308606578127888,24.87793728379719,2013-11-01
MX-SLP,2013,12,13.354655535738921,23.54828238159571,2013-12-01
MX-SLP,2014,1,11.518699288157954,8.963947033025745,2014-01-01
MX-SLP,2014,2,16.33618768258929,2.0779404688038,2014-02-01
MX-SLP,2014,3,17.845570441719094,11.437766372645525,2014-03-01
MX-SLP,2014,4,20.870641356760874,7.801028841828387,2014-04-01
MX-SLP,2014,5,20.49449363517811,21.3110677843102,2014-05-01
MX-SLP,2014,6,21.87429274823156,41.45646235961631,2014-06-01
MX-SLP,2014,7,21.101606230779005,30.321913472390214,2014-07-01
MX-SLP,2014,8,21.775679245676656,17.714097668420806,2014-08-01
MX-SLP,2014,9,20.214113466904745,49.32875545414424,2014-09-01
MX-SLP,2014,10,18.835913008094114,20.30740688710272,2014-10-01
MX-SLP,2014,11,13.868944395728086,15.031499133711462,2014-11-01
MX-SLP,2014,12,14.070055994527973,6.832776451434493,2014-12-01
MX-SLP,2015,1,12.740166503606513,8.735699782951642,2015-01-01
MX-SLP,2015,2,14.11249991841078,10.632345162109525,2015-02-01
MX-SLP,2015,3,15.722839324224436,40.23175178775533,2015-03-01
MX-SLP,2015,4,20.362135861297094,23.47938573871671,2015-04-01
MX-SLP,2015,5,21.267273791325866,32.00885703953149,2015-05-01
MX-SLP,2015,6,21.171013726453435,36.13283533214148,2015-06-01
MX-SLP,2015,7,21.461592929586995,19.936378426603053,2015-07-01
MX-SLP,2015,8,22.07865583907575,20.64201706489385,2015-08-01
MX-SLP,2015,9,21.116032351210766,27.33428620778547,2015-09-01
MX-SLP,2015,10,19.2308536069374,25.556754958284497,2015-10-01
MX-SLP,2015,11,17.51796773913511,17.31450770321395,2015-11-01
MX-SLP,2015,12,14.580890523687291,3.0877928292416406,2015-12-01
MX-SLP,2016,1,11.805077061217549,8.962532955849403,2016-01-01
MX-SLP,2016,2,14.085552998357809,2.0788159883953203,2016-02-01
MX-SLP,2016,3,18.14186549123047,8.062335719473568,2016-03-01
MX-SLP,2016,4,20.709868339620048,15.88872935778201,2016-04-01
MX-SLP,2016,5,22.65519419344434,28.38692984440642,2016-05-01
MX-SLP,2016,6,21.707658140704698,28.556463822716864,2016-06-01
MX-SLP,2016,7,22.315902193989906,17.114707261625725,2016-07-01
MX-SLP,2016,8,21.886867740779838,32.730088877333586,2016-08-01
MX-SLP,2016,9,20.975919153224066,35.41664543840776,2016-09-01
MX-SLP,2016,10,19.267831391419488,11.928255836975904,2016-10-01
MX-SLP,2016,11,15.746669607404387,27.92590507678323,2016-11-01
MX-SLP,2016,12,15.598116171815095,4.274549658403433,2016-12-01
MX-SLP,2017,1,14.654237081737387,2.262574072250298,2017-01-01
MX-SLP,2017,2,17.114259103752836,2.440891071653279,2017-02-01
MX-SLP,2017,3,18.322793692689196,12.06226328614219,2017-03-01
MX-SLP,2017,4,20.60722019440055,6.032664723411305,2017-04-01
MX-SLP,2017,5,23.121922933871865,17.400238863818537,2017-05-01
MX-SLP,2017,6,23.318353856750605,15.51993383250816,2017-06-01
MX-SLP,2017,7,21.213749783596878,30.919949275418197,2017-07-01
MX-SLP,2017,8,22.261192688504277,25.21337879264229,2017-08-01
MX-SLP,2017,9,20.312740433180807,38.033659474223576,2017-09-01
MX-SLP,2017,10,18.550530076620575,22.410717461269464,2017-10-01
MX-SLP,2017,11,16.622950420224246,0.9705361199017944,2017-11-01
MX-SLP,2017,12,13.123476170182013,6.594621807636714,2017-12-01
MX-SLP,2018,1,11.543843297651305,9.538391351673893,2018-01-01
MX-SLP,2018,2,17.187787883983496,8.582090246234023,2018-02-01
MX-SLP,2018,3,19.405279545248586,4.305157322062683,2018-03-01
MX-SLP,2018,4,20.524415814064675,17.89657721173251,2018-04-01
MX-SLP,2018,5,22.658875947712666,16.87101457708556,2018-05-01
MX-SLP,2018,6,22.061012944164524,46.37862107520705,2018-06-01
MX-SLP,2018,7,22.621422177553203,8.098517224892708,2018-07-01
MX-SLP,2018,8,21.886108803044173,20.43938015111103,2018-08-01
MX-SLP,2018,9,20.94569679134199,50.598913675299706,2018-09-01
MX-SLP,2018,10,19.12196853330922,38.192877966088275,2018-10-01
MX-SLP,2018,11,15.210245506007318,13.955662965163512,2018-11-01
MX-SLP,2018,12,13.276246299425507,3.915331281966775,2018-12-01
MX-SLP,2019,1,13.762738573314424,6.218537515849584,2019-01-01
MX-SLP,2019,2,17.794036534640636,3.7601041528258783,2019-02-01
MX-SLP,2019,3,18.120503517967116,8.892299479403876,2019-03-01
MX-SLP,2019,4,21.157556742926,1.5004922656309982,2019-04-01
MX-SLP,2019,5,24.109041266535883,11.839482312032324,2019-05-01
MX-SLP,2019,6,23.29484020813561,33.10878441631218,2019-06-01
MX-SLP,2019,7,22.501395933236566,12.878673834224502,2019-07-01
MX-SLP,2019,8,23.6191561715919,15.004894689895051,2019-08-01
MX-SLP,2019,9,21.888821171086487,26.253231901922014,2019-09-01
MX-SLP,2019,10,20.068826529879182,32.34982420220407,2019-10-01
MX-SLP,2019,11,16.97795572117167,8.523717656788776,2019-11-01
MX-SLP,2019,12,14.303637789129473,8.355525528178338,2019-12-01
MX-SLP,2020,1,13.845841235106992,13.337805909200005,2020-01-01
MX-SLP,2020,2,15.676009014203022,5.526345186904168,2020-02-01
MX-SLP,2020,3,20.5345706616667,6.553532538286472,2020-03-01
MX-SLP,2020,4,23.40723423684007,7.334474494963784,2020-04-01
MX-SLP,2020,5,22.82519185900205,17.867886990247523,2020-05-01
MX-SLP,2020,6,22.739421574013313,24.558662834828283,2020-06-01
MX-SLP,2020,7,23.011153103880808,38.43158623703542,2020-07-01
MX-SLP,2020,8,21.899081862935358,15.95736768358577,2020-08-01
MX-SLP,2020,9,20.80885330493343,28.38425661949572,2020-09-01
MX-SLP,2020,10,19.443620717796296,3.3631492249335926,2020-10-01
MX-SLP,2020,11,17.248677649437795,4.119690361314851,2020-11-01
MX-SLP,2020,12,13.70458654474681,1.600155771518031,2020-12-01
MX-SLP,2021,1,14.043832050187808,3.665680359569561,2021-01-01
MX-SLP,2021,2,16.457490944145565,2.9187727405971318,2021-02-01
MX-SLP,2021,3,19.455216155551973,2.4173052365369396,2021-03-01
MX-SLP,2021,4,22.115270090990737,5.616152133966303,2021-04-01
MX-SLP,2021,5,22.382157967834164,22.89862381008041,2021-05-01
MX-SLP,2021,6,21.569114251489236,41.817458734061006,2021-06-01
MX-SLP,2021,7,21.01413404474116,48.60654084718577,2021-07-01
MX-SLP,2021,8,21.64754711887225,29.468384506964316,2021-08-01
MX-SLP,2021,9,20.64410798878476,32.215353086349175,2021-09-01
MX-SLP,2021,10,19.734523654624404,27.983987548005704,2021-10-01
MX-SLP,2021,11,16.063726421511614,4.624341024681779,2021-11-01
MX-SLP,2021,12,16.187159093563658,2.450415966039864,2021-12-01
MX-SLP,2022,1,14.006568715016439,3.468810765706809,2022-01-01
MX-SLP,2022,2,14.63803734632326,5.810591030018516,2022-02-01
MX-SLP,2022,3,18.361148037676017,1.373243555924122,2022-03-01
MX-SLP,2022,4,21.820515863665662,9.273412445717184,2022-04-01
MX-SLP,2022,5,24.544123784169496,6.344731055015255,2022-05-01
MX-SLP,2022,6,22.20598635083491,17.283181582564097,2022-06-01
MX-SLP,2022,7,22.55628210646783,14.69858410406949,2022-07-01
MX-SLP,2022,8,22.508443568607998,22.846267416957428,2022-08-01
MX-SLP,2022,9,19.930009189626432,32.013633145428294,2022-09-01
MX-SLP,2022,10,18.252673883272593,11.079728527796483,2022-10-01
MX-SLP,2022,11,17.107482079809543,6.294534277799463,2022-11-01
MX-SLP,2022,12,14.358572344207285,4.3088370055693686,2022-12-01
MX-SLP,2023,1,15.07038825278734,1.462482664830922,2023-01-01
MX-SLP,2023,2,16.26673298978827,2.055926799803301,2023-02-01
MX-SLP,2023,3,19.756536880247094,5.658950025337266,2023-03-01
MX-SLP,2023,4,20.54188118483982,14.660574548551782,2023-04-01
MX-SLP,2023,5,21.456566467339105,24.62053041320168,2023-05-01
MX-SLP,2023,6,25.096245143159262,4.884064339795236,2023-06-01
MX-SLP,2023,7,23.201218796249584,17.58312015550197,2023-07-01
MX-SLP,2023,8,23.175890556135418,13.56561932449005,2023-08-01
MX-SLP,2023,9,23.36559314980279,3.54284837170946,2023-09-01
MX-SLP,2023,10,19.65405271545417,17.061681498306715,2023-10-01
MX-SLP,2023,11,15.864758371212092,14.980618017153384,2023-11-01
MX-SLP,2023,12,13.380994341735004,12.925783221095024,2023-12-01
MX-SLP,2024,1,14.645715307194136,3.161725309291412,2024-01-01
MX-SLP,2024,2,17.000236059052206,10.812624201507154,2024-02-01
MX-SLP,2024,3,20.35454944302065,2.7551621066776426,2024-03-01
MX-SLP,2024,4,22.609555209023622,3.389240984574481,2024-04-01
MX-SLP,2024,5,27.557295712501986,3.137142083462383,2024-05-01
MX-SLP,2024,6,24.44993032537767,48.403403022349345,2024-06-01
MX-SLP,2024,7,21.170932574774948,70.76063135552901,2024-07-01
MX-SLP,2024,8,21.92613429762253,10.598811364014875,2024-08-01
MX-SLP,2024,9,21.44732842970932,43.537705076028786,2024-09-01
MX-SLP,2024,10,18.63218675139327,9.268468730684788,2024-10-01
MX-SLP,2024,11,18.59742384377796,2.374412968723378,2024-11-01
MX-SLP,2024,12,15.014945883513228,7.524634682080775,2024-12-01
MX-SLP,2025,1,13.461893222498505,4.941561964922274,2025-01-01
MX-SLP,2025,2,17.19283609007645,2.4518799301156835,2025-02-01
MX-SLP,2025,3,19.933141910307153,1.3635542847737072,2025-03-01
MX-SLP,2025,4,21.54559929551642,2.4237787906525545,2025-04-01
MX-SLP,2025,5,23.996669327445712,18.60059930243678,2025-05-01
MX-SLP,2025,6,21.568553616270723,46.6052840592672,2025-06-01
MX-SLP,2025,7,21.109837002041807,34.67430744575402,2025-07-01
MX-SLP,2025,8,22.18701518848513,21.45177628403155,2025-08-01
MX-SLP,2025,9,21.323860010373217,42.945092337807154,2025-09-01
MX-SLP,2025,10,19.478028785388425,18.76675907735905,2025-10-01
MX-SLP,2025,11,17.027853561856446,3.4674621235985734,2025-11-01
MX-SLP,2025,12,15.696500378043233,6.023105131928758,2025-12-01
MX-SON,1990,1,12.091967314977492,4.537258002927338,1990-01-01
MX-SON,1990,2,12.387141235938405,8.51711412306843,1990-02-01
MX-SON,1990,3,16.86673857780066,2.385626915159252,1990-03-01
MX-SON,1990,4,20.92421978188009,0.5371738216853241,1990-04-01
MX-SON,1990,5,24.291292729727502,1.2352693044497065,1990-05-01
MX-SON,1990,6,30.042449263294536,4.840302705634905,1990-06-01
MX-SON,1990,7,27.54291594075292,59.76131041334346,1990-07-01
MX-SON,1990,8,26.689303900840567,36.26383009680849,1990-08-01
MX-SON,1990,9,26.22906256961318,24.589848750707517,1990-09-01
MX-SON,1990,10,22.54212125224142,8.98890931320142,1990-10-01
MX-SON,1990,11,17.17161910147004,13.338578695581178,1990-11-01
MX-SON,1990,12,12.495385654015239,20.268670399194928,1990-12-01
MX-SON,1991,1,12.125933342666276,8.30010866990305,1991-01-01
MX-SON,1991,2,15.478238052541718,14.950974024727419,1991-02-01
MX-SON,1991,3,14.710787882854502,8.885860786756355,1991-03-01
MX-SON,1991,4,19.66016917599528,0.04574287317432543,1991-04-01
MX-SON,1991,5,23.37854330498242,0.023871344647750356,1991-05-01
MX-SON,1991,6,26.52405578668641,2.0352864036569778,1991-06-01
MX-SON,1991,7,27.810545860745176,28.54488492692916,1991-07-01
MX-SON,1991,8,27.916087481988964,36.4269726950433,1991-08-01
MX-SON,1991,9,26.04935178830245,21.428675878977863,1991-09-01
MX-SON,1991,10,23.50758893677389,2.4954428438474983,1991-10-01
MX-SON,1991,11,16.205267468911856,8.025999720117989,1991-11-01
MX-SON,1991,12,12.375131575670975,28.67871511246192,1991-12-01
MX-SON,1992,1,11.724599573935244,25.66627887307698,1992-01-01
MX-SON,1992,2,14.199563039372707,16.61597167726172,1992-02-01
MX-SON,1992,3,15.48742186520683,22.441998674236466,1992-03-01
MX-SON,1992,4,20.811339766714575,4.612235730583996,1992-04-01
MX-SON,1992,5,24.251076393813527,3.3708972531522896,1992-05-01
MX-SON,1992,6,28.541311222562985,0.7245383082622332,1992-06-01
MX-SON,1992,7,28.91996298370887,26.33306437969961,1992-07-01
MX-SON,1992,8,27.261106107494864,47.54707687585337,1992-08-01
MX-SON,1992,9,27.486206575138738,12.621432201661444,1992-09-01
MX-SON,1992,10,23.115432241703953,3.518975479917394,1992-10-01
MX-SON,1992,11,15.204204154575516,2.5716928831316217,1992-11-01
MX-SON,1992,12,12.279503554558849,24.443689425620992,1992-12-01
MX-SON,1993,1,13.634460653445796,34.16620353474797,1993-01-01
MX-SON,1993,2,13.503488482243096,18.106794190648856,1993-02-01
MX-SON,1993,3,17.271546356069372,2.800867827610232,1993-03-01
MX-SON,1993,4,21.0013159894584,0.9835721209425031,1993-04-01
MX-SON,1993,5,24.60434785625895,2.487402721365581,1993-05-01
MX-SON,1993,6,28.665107426251957,2.2174702133373216,1993-06-01
MX-SON,1993,7,28.215404093340506,28.878573836809277,1993-07-01
MX-SON,1993,8,28.204416949465138,38.68155096746752,1993-08-01
MX-SON,1993,9,25.844047754674463,23.218424569108194,1993-09-01
MX-SON,1993,10,22.594034124965294,10.125491847054956,1993-10-01
MX-SON,1993,11,16.45945804304059,10.473275125953569,1993-11-01
MX-SON,1993,12,13.547378668563326,7.502926110781586,1993-12-01
MX-SON,1994,1,13.27879210855502,0.9440387162117134,1994-01-01
MX-SON,1994,2,13.821864585920187,4.150821956553409,1994-02-01
MX-SON,1994,3,17.438421375720864,2.753605472565172,1994-03-01
MX-SON,1994,4,21.07946041712359,0.8560586791892592,1994-04-01
MX-SON,1994,5,24.126011434485793,0.575049459061641,1994-05-01
MX-SON,1994,6,29.65147849412273,8.016350728314356,1994-06-01
MX-SON,1994,7,29.6638505712871,21.312763618944864,1994-07-01
MX-SON,1994,8,28.769521292582407,28.174667355295036,1994-08-01
MX-SON,1994,9,26.94915094055816,21.84512912709274,1994-09-01
MX-SON,1994,10,21.802615440503395,5.277105225266358,1994-10-01
MX-SON,1994,11,15.41067473798368,23.78585570628451,1994-11-01
MX-SON,1994,12,12.399740093606997,42.430093526416535,1994-12-01
MX-SON,1995,1,12.011543634658732,9.794345859691544,1995-01-01
MX-SON,1995,2,16.026623002521912,19.073785631459323,1995-02-01
MX-SON,1995,3,17.441129758462043,2.7667145939361633,1995-03-01
MX-SON,1995,4,19.443973314548057,1.0167162403492975,1995-04-01
MX-SON,1995,5,22.784332965093007,1.406729282509725,1995-05-01
MX-SON,1995,6,27.771012211221894,0.23428403831963587,1995-06-01
MX-SON,1995,7,29.716965788575795,16.928255256834674,1995-07-01
MX-SON,1995,8,28.923572612067307,31.63255390006974,1995-08-01
MX-SON,1995,9,27.597540342202276,15.34448080866067,1995-09-01
MX-SON,1995,10,23.668160919588974,2.6242787558650775,1995-10-01
MX-SON,1995,11,18.239099937698924,13.303188561601768,1995-11-01
MX-SON,1995,12,13.757476433838782,1.804108571204869,1995-12-01
MX-SON,1996,1,14.003662904644054,0.2535419432644694,1996-01-01
MX-SON,1996,2,16.457897302476304,7.370105514797964,1996-02-01
MX-SON,1996,3,17.612689841407366,0.8685387162660578,1996-03-01
MX-SON,1996,4,22.05410780472221,0.3524418666155941,1996-04-01
MX-SON,1996,5,26.400744289558236,0.11342589735591732,1996-05-01
MX-SON,1996,6,30.101432707198583,2.70665597794451,1996-06-01
MX-SON,1996,7,28.963842540523352,33.09193404364749,1996-07-01
MX-SON,1996,8,27.96757876013166,38.43808952372456,1996-08-01
MX-SON,1996,9,25.51355200977439,16.432694626198778,1996-09-01
MX-SON,1996,10,22.398463258968185,5.653696660119445,1996-10-01
MX-SON,1996,11,17.126842773166878,4.2596231662925,1996-11-01
MX-SON,1996,12,13.593700511360122,0.026909689417449187,1996-12-01
MX-SON,1997,1,12.93780990609887,4.636346660633839,1997-01-01
MX-SON,1997,2,13.730985774582834,4.361432531376229,1997-02-01
MX-SON,1997,3,18.763175385959325,3.784707723423043,1997-03-01
MX-SON,1997,4,18.963977710688127,6.560739418060743,1997-04-01
MX-SON,1997,5,26.187609442119133,2.2421171441790873,1997-05-01
MX-SON,1997,6,27.896667637677616,8.868200784739585,1997-06-01
MX-SON,1997,7,29.668418022584774,17.72435308360012,1997-07-01
MX-SON,1997,8,29.02240202111125,23.251931828020126,1997-08-01
MX-SON,1997,9,27.878304781561496,20.54359226942211,1997-09-01
MX-SON,1997,10,22.322648318676606,2.966435037621886,1997-10-01
MX-SON,1997,11,17.484561309428628,10.57709043759227,1997-11-01
MX-SON,1997,12,10.5941099258195,25.20172568056916,1997-12-01
MX-SON,1998,1,12.932380135976201,0.15334659345719157,1998-01-01
MX-SON,1998,2,12.021019479148247,17.265443971509242,1998-02-01
MX-SON,1998,3,15.66168399606222,7.447489015149745,1998-03-01
MX-SON,1998,4,18.47947871704708,0.31272023240761004,1998-04-01
MX-SON,1998,5,23.49489383316389,0.03793856568906076,1998-05-01
MX-SON,1998,6,27.908850632710255,7.9796856395296265,1998-06-01
MX-SON,1998,7,29.579477328276074,23.853773706517913,1998-07-01
MX-SON,1998,8,28.654617209549624,23.817433958237753,1998-08-01
MX-SON,1998,9,27.651991561277047,15.73991260978953,1998-09-01
MX-SON,1998,10,22.914819833521424,11.164330612905992,1998-10-01
MX-SON,1998,11,17.08923503814176,4.172973923624678,1998-11-01
MX-SON,1998,12,12.325177377093175,1.407308126667812,1998-12-01
MX-SON,1999,1,13.350820443002721,0.15097187346938454,1999-01-01
MX-SON,1999,2,15.408888200593953,0.3047011519958484,1999-02-01
MX-SON,1999,3,16.45215392695067,1.3923550152328106,1999-03-01
MX-SON,1999,4,18.52639466771509,2.0468353627377063,1999-04-01
MX-SON,1999,5,23.654445192510774,0.023722585287610717,1999-05-01
MX-SON,1999,6,27.616348528136086,7.294386500989322,1999-06-01
MX-SON,1999,7,27.49521015114862,38.758217213742824,1999-07-01
MX-SON,1999,8,28.009409779681018,28.165245405954526,1999-08-01
MX-SON,1999,9,27.180757546784694,10.402033528310223,1999-09-01
MX-SON,1999,10,23.697527352326762,1.6661080405250475,1999-10-01
MX-SON,1999,11,18.49709108319205,0.025136413471924943,1999-11-01
MX-SON,1999,12,12.447748253859567,1.578009658690159,1999-12-01
MX-SON,2000,1,14.027381933791053,0.5553627260042793,2000-01-01
MX-SON,2000,2,15.405833960210181,1.213412740221239,2000-02-01
MX-SON,2000,3,16.099611796304295,8.619520305393808,2000-03-01
MX-SON,2000,4,21.75042455432862,0.06837084197378461,2000-04-01
MX-SON,2000,5,25.959468655044102,0.36081964667413113,2000-05-01
MX-SON,2000,6,28.515890820908695,17.20075210177245,2000-06-01
MX-SON,2000,7,29.266804801677566,15.828438394187732,2000-07-01
MX-SON,2000,8,27.77612935292113,25.657771091387175,2000-08-01
MX-SON,2000,9,27.824420569416656,5.8984943524711175,2000-09-01
MX-SON,2000,10,20.933623212937288,40.73305356360862,2000-10-01
MX-SON,2000,11,13.330541365226718,8.135543290456027,2000-11-01
MX-SON,2000,12,13.821696600942023,0.6050653674688949,2000-12-01
MX-SON,2001,1,11.351706287691007,9.702322687438091,2001-01-01
MX-SON,2001,2,12.913255258072141,7.71434637870627,2001-02-01
MX-SON,2001,3,16.1391193710749,3.697355093978392,2001-03-01
MX-SON,2001,4,20.038260793667245,3.835339282115146,2001-04-01
MX-SON,2001,5,25.93246174599307,1.0691678896017447,2001-05-01
MX-SON,2001,6,28.63398092839014,4.952051313571729,2001-06-01
MX-SON,2001,7,28.418193936055594,31.20205661138982,2001-07-01
MX-SON,2001,8,28.51981024525357,16.65387432780218,2001-08-01
MX-SON,2001,9,28.13861357997852,13.6790985112307,2001-09-01
MX-SON,2001,10,22.785078477419393,9.667495513338555,2001-10-01
MX-SON,2001,11,18.164127545777305,0.3155372349975072,2001-11-01
MX-SON,2001,12,11.642217314220193,3.6994393868812514,2001-12-01
MX-SON,2002,1,12.662449510045658,3.70111426005262,2002-01-01
MX-SON,2002,2,14.476298146319678,6.986459369973495,2002-02-01
MX-SON,2002,3,16.37350413995791,0.8087505520802396,2002-03-01
MX-SON,2002,4,21.846355998108198,0.25359569331512716,2002-04-01
MX-SON,2002,5,24.887843593099255,0.12182654187515239,2002-05-01
MX-SON,2002,6,29.876678950151057,0.6854354319627081,2002-06-01
MX-SON,2002,7,29.112907380293937,20.66695445448199,2002-07-01
MX-SON,2002,8,28.61002009815506,19.69940987248391,2002-08-01
MX-SON,2002,9,27.601964692134022,15.393349944465308,2002-09-01
MX-SON,2002,10,21.28659312786557,3.915522805246269,2002-10-01
MX-SON,2002,11,17.513372358072964,4.541703168802007,2002-11-01
MX-SON,2002,12,11.652231931711707,10.44293468756767,2002-12-01
MX-SON,2003,1,15.451659716763468,1.3122700501300877,2003-01-01
MX-SON,2003,2,14.453140188784133,18.995402111887692,2003-02-01
MX-SON,2003,3,16.231692864448036,3.1743538010030536,2003-03-01
MX-SON,2003,4,19.771843581203637,2.2002816065666537,2003-04-01
MX-SON,2003,5,25.3961615972395,0.45475829476145346,2003-05-01
MX-SON,2003,6,28.28717552907231,1.2840297834692156,2003-06-01
MX-SON,2003,7,29.781509738824063,16.216573487259073,2003-07-01
MX-SON,2003,8,28.784350716956396,22.78192014671594,2003-08-01
MX-SON,2003,9,27.330190673420997,20.048636066745615,2003-09-01
MX-SON,2003,10,23.987277851057726,9.379068620290832,2003-10-01
MX-SON,2003,11,16.911155482873834,4.375752263347496,2003-11-01
MX-SON,2003,12,13.440303472563253,0.8424220405920879,2003-12-01
MX-SON,2004,1,12.502711281893253,11.268687688399138,2004-01-01
MX-SON,2004,2,12.128656680733439,8.768702673764368,2004-02-01
MX-SON,2004,3,19.493999570433086,6.86691556546714,2004-03-01
MX-SON,2004,4,20.171622281804435,6.507535374951877,2004-04-01
MX-SON,2004,5,25.944321397489755,0.14148224625777267,2004-05-01
MX-SON,2004,6,28.931567576583824,1.545965144881434,2004-06-01
MX-SON,2004,7,29.33494971692557,17.697843352953342,2004-07-01
MX-SON,2004,8,28.919770695740404,8.810295710938963,2004-08-01
MX-SON,2004,9,26.53803601747916,21.173590781813363,2004-09-01
MX-SON,2004,10,22.18595098538224,15.960587073080418,2004-10-01
MX-SON,2004,11,15.005721060837606,11.243933358771217,2004-11-01
MX-SON,2004,12,12.891704234099578,13.095636971805455,2004-12-01
MX-SON,2005,1,13.881299428107782,23.29425303976966,2005-01-01
MX-SON,2005,2,14.114667710420836,22.954069455669575,2005-02-01
MX-SON,2005,3,16.404702742209977,2.6810761290357688,2005-03-01
MX-SON,2005,4,20.739556499036674,1.0890705111768049,2005-04-01
MX-SON,2005,5,24.864369341280234,5.68313429970704,2005-05-01
MX-SON,2005,6,28.367123537368606,1.0696205781595178,2005-06-01
MX-SON,2005,7,30.39422824878613,18.418662236627874,2005-07-01
MX-SON,2005,8,28.141756168318427,25.3058620658264,2005-08-01
MX-SON,2005,9,28.371595061335558,7.767356613877601,2005-09-01
MX-SON,2005,10,23.217791019041748,4.2043634447881155,2005-10-01
MX-SON,2005,11,18.44049159669705,0.14923247111240573,2005-11-01
MX-SON,2005,12,14.304074605383171,2.131279624300644,2005-12-01
MX-SON,2006,1,13.874570167528523,0.7106482837672922,2006-01-01
MX-SON,2006,2,15.906318020449365,1.9858414491821357,2006-02-01
MX-SON,2006,3,16.66615128865249,2.5637124352078215,2006-03-01
MX-SON,2006,4,21.647010270253972,0.41861325793402127,2006-04-01
MX-SON,2006,5,26.055900714109082,0.23514583904422898,2006-05-01
MX-SON,2006,6,29.972409587334898,6.874207772276603,2006-06-01
MX-SON,2006,7,29.594165072536967,26.929753603732284,2006-07-01
MX-SON,2006,8,27.777812556688772,29.46277769557876,2006-08-01
MX-SON,2006,9,26.02815255726057,16.34800815869673,2006-09-01
MX-SON,2006,10,22.07111481391635,16.321142054575883,2006-10-01
MX-SON,2006,11,18.271881428492172,0.21431523566749305,2006-11-01
MX-SON,2006,12,12.468014116088405,3.2912707510645,2006-12-01
MX-SON,2007,1,10.883114338739974,9.078667032661091,2007-01-01
MX-SON,2007,2,14.397693844160433,1.5068937642668985,2007-02-01
MX-SON,2007,3,18.20192194508472,3.8650801112237367,2007-03-01
MX-SON,2007,4,20.52077227143227,0.5322691078454531,2007-04-01
MX-SON,2007,5,25.127012343312593,0.2932270727836955,2007-05-01
MX-SON,2007,6,29.16188399161647,3.7110777727361794,2007-06-01
MX-SON,2007,7,28.98947957359395,31.32074115824507,2007-07-01
MX-SON,2007,8,28.52515399704449,22.45229015168804,2007-08-01
MX-SON,2007,9,27.03715437578381,27.620509320291802,2007-09-01
MX-SON,2007,10,23.32789828695187,2.0532560676818106,2007-10-01
MX-SON,2007,11,18.88284725419803,7.8741773157101305,2007-11-01
MX-SON,2007,12,11.788666485908049,20.02946003362789,2007-12-01
MX-SON,2008,1,12.599791267673604,5.15893751622843,2008-01-01
MX-SON,2008,2,14.505697691863816,2.6455479731220453,2008-02-01
MX-SON,2008,3,17.380742426842076,0.5605000162296259,2008-03-01
MX-SON,2008,4,21.686616948835287,0.07740526920019102,2008-04-01
MX-SON,2008,5,23.753708459286813,1.7421759549818288,2008-05-01
MX-SON,2008,6,29.53702223982487,2.9044298725233872,2008-06-01
MX-SON,2008,7,28.12390120843316,42.60645714077631,2008-07-01
MX-SON,2008,8,27.30762201187432,52.70512804378554,2008-08-01
MX-SON,2008,9,27.27381776190216,16.48464290864892,2008-09-01
MX-SON,2008,10,23.84101305078755,6.529473015751945,2008-10-01
MX-SON,2008,11,18.733226760551744,5.580754044589394,2008-11-01
MX-SON,2008,12,14.006051628853943,4.205757791162537,2008-12-01
MX-SON,2009,1,14.827978386015584,2.7157565232212453,2009-01-01
MX-SON,2009,2,15.697081913910049,2.7467917494652694,2009-02-01
MX-SON,2009,3,18.286640137613954,2.550564001992289,2009-03-01
MX-SON,2009,4,20.576384889014662,0.7462846802723352,2009-04-01
MX-SON,2009,5,26.543640016322502,5.1173512411108355,2009-05-01
MX-SON,2009,6,27.94230534767882,10.359073583774443,2009-06-01
MX-SON,2009,7,30.13677960100939,18.669807913016253,2009-07-01
MX-SON,2009,8,29.37658151821334,18.399599244110895,2009-08-01
MX-SON,2009,9,27.967870064625462,10.811232466945457,2009-09-01
MX-SON,2009,10,21.777015585179367,31.774982287022876,2009-10-01
MX-SON,2009,11,18.19455554833765,3.6184278669277923,2009-11-01
MX-SON,2009,12,12.418250073043422,3.270688204237756,2009-12-01
MX-SON,2010,1,13.047997472246,22.312175949889877,2010-01-01
MX-SON,2010,2,13.542052043987825,12.992329133731893,2010-02-01
MX-SON,2010,3,16.512145674610633,3.963144691359133,2010-03-01
MX-SON,2010,4,19.832988061066338,3.2842123772382883,2010-04-01
MX-SON,2010,5,24.221750786318562,0.1802686955458429,2010-05-01
MX-SON,2010,6,29.04999312409189,0.8900330365996721,2010-06-01
MX-SON,2010,7,29.612054818283827,35.92376615947213,2010-07-01
MX-SON,2010,8,29.442822685460325,24.864529489901813,2010-08-01
MX-SON,2010,9,28.260110696588814,21.382269223727818,2010-09-01
MX-SON,2010,10,22.779477003708585,3.7776082223680043,2010-10-01
MX-SON,2010,11,16.55781850571031,0.09406168687753239,2010-11-01
MX-SON,2010,12,14.933526047216287,3.903687490065558,2010-12-01
MX-SON,2011,1,12.907977032620876,0.629147555134747,2011-01-01
MX-SON,2011,2,13.02442949208793,1.3134813491082626,2011-02-01
MX-SON,2011,3,19.243732456694254,0.0708100547885382,2011-03-01
MX-SON,2011,4,22.29897822192208,0.6750873766093796,2011-04-01
MX-SON,2011,5,24.432921865760406,0.017121951157752932,2011-05-01
MX-SON,2011,6,30.16901976061116,1.0393182322495054,2011-06-01
MX-SON,2011,7,29.44119528198122,29.584738834456818,2011-07-01
MX-SON,2011,8,29.37702763169771,23.847478697955207,2011-08-01
MX-SON,2011,9,28.07840724023219,9.098046636163147,2011-09-01
MX-SON,2011,10,23.865995332610055,0.9246685829729434,2011-10-01
MX-SON,2011,11,16.691401435111864,15.024058303387767,2011-11-01
MX-SON,2011,12,11.269596143808425,9.704182490153114,2011-12-01
MX-SON,2012,1,14.50672964398475,0.3482788571804899,2012-01-01
MX-SON,2012,2,14.410703673773469,4.050284737248053,2012-02-01
MX-SON,2012,3,17.459589312383347,1.6761598933623871,2012-03-01
MX-SON,2012,4,21.925978909528,0.1665558588233225,2012-04-01
MX-SON,2012,5,26.650786844460352,0.3775529317045516,2012-05-01
MX-SON,2012,6,30.149407271788498,4.506148489902988,2012-06-01
MX-SON,2012,7,28.686491019844638,35.06303030558726,2012-07-01
MX-SON,2012,8,29.172372892143468,25.735399197819692,2012-08-01
MX-SON,2012,9,27.211598193653685,21.676841483267573,2012-09-01
MX-SON,2012,10,23.781667317421384,1.6718099019164774,2012-10-01
MX-SON,2012,11,19.171036599705765,0.6965291307386775,2012-11-01
MX-SON,2012,12,13.861382171242827,8.754947973466741,2012-12-01
MX-SON,2013,1,11.655838846865514,5.7783641452451615,2013-01-01
MX-SON,2013,2,13.055308362998078,1.9465648674060632,2013-02-01
MX-SON,2013,3,19.451215693145134,1.4312649763970686,2013-03-01
MX-SON,2013,4,21.614943173265154,0.546051655231934,2013-04-01
MX-SON,2013,5,25.538190080154035,0.6705990035803476,2013-05-01
MX-SON,2013,6,30.563437325820374,1.8066307959071977,2013-06-01
MX-SON,2013,7,29.219699444975745,38.942670660761586,2013-07-01
MX-SON,2013,8,29.166257081520754,26.2461558947932,2013-08-01
MX-SON,2013,9,27.73586224608555,17.367633430474136,2013-09-01
MX-SON,2013,10,22.19589696583484,6.819480823914061,2013-10-01
MX-SON,2013,11,18.474150874524003,11.657788065617442,2013-11-01
MX-SON,2013,12,13.477300209897159,9.544646920352378,2013-12-01
MX-SON,2014,1,15.23516722431967,0.3694617950929774,2014-01-01
MX-SON,2014,2,17.062891606643884,0.23179462258041206,2014-02-01
MX-SON,2014,3,19.177516441123,4.756363194412984,2014-03-01
MX-SON,2014,4,22.06671303043043,0.34284627800061757,2014-04-01
MX-SON,2014,5,26.01068895367713,0.26676918856026766,2014-05-01
MX-SON,2014,6,31.10484762806671,2.172356491378538,2014-06-01
MX-SON,2014,7,29.056101687966883,34.25510027384231,2014-07-01
MX-SON,2014,8,28.278725777929132,32.88684787068571,2014-08-01
MX-SON,2014,9,27.405716508597735,49.05695120411774,2014-09-01
MX-SON,2014,10,24.426840771700366,4.4256957076822525,2014-10-01
MX-SON,2014,11,18.08818082215358,5.734110132026529,2014-11-01
MX-SON,2014,12,14.528391524514506,3.711703335992587,2014-12-01
MX-SON,2015,1,14.408241452553478,14.302295299776532,2015-01-01
MX-SON,2015,2,17.467908912304512,5.798349472235841,2015-02-01
MX-SON,2015,3,19.58138129006688,11.90087208416954,2015-03-01
MX-SON,2015,4,21.40658033955317,5.598841652820549,2015-04-01
MX-SON,2015,5,23.23822411353465,1.0260853943811934,2015-05-01
MX-SON,2015,6,29.770582683095537,9.737212144513476,2015-06-01
MX-SON,2015,7,28.806095362735594,29.81541931677031,2015-07-01
MX-SON,2015,8,29.372293468139283,22.55935882565675,2015-08-01
MX-SON,2015,9,27.53401802033052,31.180561162698265,2015-09-01
MX-SON,2015,10,23.754718984945075,11.427810495825108,2015-10-01
MX-SON,2015,11,16.87879162264512,7.310586535060496,2015-11-01
MX-SON,2015,12,12.629460165496333,3.6291335689086384,2015-12-01
MX-SON,2016,1,12.645544214813308,6.6711640275741795,2016-01-01
MX-SON,2016,2,17.35970116948705,1.230100323512976,2016-02-01
MX-SON,2016,3,19.060703370970465,3.2295694203192133,2016-03-01
MX-SON,2016,4,21.39665598942023,0.7122168339663147,2016-04-01
MX-SON,2016,5,24.30298291781496,0.7541448180568626,2016-05-01
MX-SON,2016,6,29.849890921530907,9.22611713779101,2016-06-01
MX-SON,2016,7,30.03846324565951,21.373436546429154,2016-07-01
MX-SON,2016,8,28.703578090572197,23.48254113461858,2016-08-01
MX-SON,2016,9,26.839971646861827,26.111247414205327,2016-09-01
MX-SON,2016,10,25.282218904156217,0.6055355590644013,2016-10-01
MX-SON,2016,11,19.01228242770733,0.8137449049834192,2016-11-01
MX-SON,2016,12,14.649589741025553,10.69354527366438,2016-12-01
MX-SON,2017,1,13.165927368014488,14.264137680804433,2017-01-01
MX-SON,2017,2,16.125991527772975,9.671872164750601,2017-02-01
MX-SON,2017,3,20.30631547222675,0.48780720245497555,2017-03-01
MX-SON,2017,4,22.534363086220218,0.49950397412299236,2017-04-01
MX-SON,2017,5,24.385017659491993,1.4048231499385493,2017-05-01
MX-SON,2017,6,29.75761527224572,2.7457985208433917,2017-06-01
MX-SON,2017,7,28.81649457299074,43.25431973417944,2017-07-01
MX-SON,2017,8,28.890531469996755,22.234426631486514,2017-08-01
MX-SON,2017,9,26.972068545344186,9.017956278584299,2017-09-01
MX-SON,2017,10,25.51516992320005,1.3637733960328147,2017-10-01
MX-SON,2017,11,20.63389916648505,0.3187596480534278,2017-11-01
MX-SON,2017,12,14.835463219432116,10.452577907513346,2017-12-01
MX-SON,2018,1,15.492104434701018,0.6563640973958536,2018-01-01
MX-SON,2018,2,15.586227259619745,9.228627675854769,2018-02-01
MX-SON,2018,3,18.33960372283586,0.3863490123004151,2018-03-01
MX-SON,2018,4,22.98036511173005,0.0405515925698435,2018-04-01
MX-SON,2018,5,25.864297709578008,0.10819278105159003,2018-05-01
MX-SON,2018,6,29.301586535402187,11.914817452394846,2018-06-01
MX-SON,2018,7,29.874020443693848,26.806938113138862,2018-07-01
MX-SON,2018,8,28.270021347185057,27.499717535879068,2018-08-01
MX-SON,2018,9,27.869852918918564,21.257544793599894,2018-09-01
MX-SON,2018,10,21.914007460502066,21.388788507533945,2018-10-01
MX-SON,2018,11,16.531096087929747,0.42015881027965807,2018-11-01
MX-SON,2018,12,13.195999173112376,8.68750752042017,2018-12-01
MX-SON,2019,1,13.058986211730167,5.866728735578455,2019-01-01
MX-SON,2019,2,12.891917091301082,11.617118782317426,2019-02-01
MX-SON,2019,3,17.407878313638644,9.187852718906774,2019-03-01
MX-SON,2019,4,21.200892812766934,0.8827879741224811,2019-04-01
MX-SON,2019,5,22.296859424038022,0.6975210376544831,2019-05-01
MX-SON,2019,6,28.7629775370071,0.9102449703421501,2019-06-01
MX-SON,2019,7,29.883199518727423,18.932912520816593,2019-07-01
MX-SON,2019,8,29.474892424213323,26.851915755808065,2019-08-01
MX-SON,2019,9,26.664706859832844,29.549168067887148,2019-09-01
MX-SON,2019,10,22.999298029021997,7.613662236320532,2019-10-01
MX-SON,2019,11,18.681675001785653,40.55896108852157,2019-11-01
MX-SON,2019,12,13.306466567304977,11.220725179319679,2019-12-01
MX-SON,2020,1,13.090204204601134,2.1145940384654507,2020-01-01
MX-SON,2020,2,14.34701206950102,7.035944162971723,2020-02-01
MX-SON,2020,3,16.451300702547705,20.932949508524295,2020-03-01
MX-SON,2020,4,21.052742280516078,0.8194158986528457,2020-04-01
MX-SON,2020,5,26.61801897899281,1.1448454964547388,2020-05-01
MX-SON,2020,6,29.62722766752771,2.422774814651071,2020-06-01
MX-SON,2020,7,30.24178150441328,18.919694847708993,2020-07-01
MX-SON,2020,8,30.97675987425973,13.21408622548596,2020-08-01
MX-SON,2020,9,28.743151875910726,5.54415178324289,2020-09-01
MX-SON,2020,10,25.17335004839482,0.2502490746284301,2020-10-01
MX-SON,2020,11,19.34498600458314,1.6300979725013636,2020-11-01
MX-SON,2020,12,13.21699387585268,3.658109974599453,2020-12-01
MX-SON,2021,1,12.778521564810559,11.53648078947835,2021-01-01
MX-SON,2021,2,15.129830812382021,1.7227547098118197,2021-02-01
MX-SON,2021,3,16.739791845082603,1.1902951731946116,2021-03-01
MX-SON,2021,4,22.345657802643398,0.32463434706487676,2021-04-01
MX-SON,2021,5,25.523351957324646,0.14171839676995812,2021-05-01
MX-SON,2021,6,30.301710723053194,8.201696474704901,2021-06-01
MX-SON,2021,7,28.521841385204468,35.19728893132806,2021-07-01
MX-SON,2021,8,28.807456256128543,37.56348507086487,2021-08-01
MX-SON,2021,9,27.05203504814095,18.04600381440618,2021-09-01
MX-SON,2021,10,22.61262045389033,1.3431043596704169,2021-10-01
MX-SON,2021,11,19.262533363952397,2.019798744722166,2021-11-01
MX-SON,2021,12,15.140711677061912,16.986002278499846,2021-12-01
MX-SON,2022,1,13.681348518684489,1.3546818781058139,2022-01-01
MX-SON,2022,2,13.75488275960897,1.3108571461738041,2022-02-01
MX-SON,2022,3,17.330429872704425,0.5239439428216737,2022-03-01
MX-SON,2022,4,22.436018963072296,0.065221058052467,2022-04-01
MX-SON,2022,5,25.765722689928694,0.00988757514181742,2022-05-01
MX-SON,2022,6,29.453030826073928,9.641430808744992,2022-06-01
MX-SON,2022,7,29.420012410378984,26.70137751534105,2022-07-01
MX-SON,2022,8,27.344268250384417,58.08982196021488,2022-08-01
MX-SON,2022,9,27.023241946068524,15.843894663292478,2022-09-01
MX-SON,2022,10,22.23299491563354,3.6456615495875715,2022-10-01
MX-SON,2022,11,15.379987318919495,0.1202294647181687,2022-11-01
MX-SON,2022,12,13.649218361163678,5.2807140196311675,2022-12-01
MX-SON,2023,1,12.385034551239267,6.802850237829639,2023-01-01
MX-SON,2023,2,12.863211077459425,8.381622410501198,2023-02-01
MX-SON,2023,3,16.72723137706273,3.8678593406331045,2023-03-01
MX-SON,2023,4,21.069064051642847,0.04259812871136581,2023-04-01
MX-SON,2023,5,24.258713727960345,1.0024748563887365,2023-05-01
MX-SON,2023,6,28.809176449249343,0.6818357545572682,2023-06-01
MX-SON,2023,7,31.75544510019464,10.136906852738607,2023-07-01
MX-SON,2023,8,30.593444221425862,10.933155678394028,2023-08-01
MX-SON,2023,9,29.210944840554518,4.96852358636889,2023-09-01
MX-SON,2023,10,24.719920999834127,7.447568663422018,2023-10-01
MX-SON,2023,11,19.37465074226323,1.0029071569158747,2023-11-01
MX-SON,2023,12,14.818443935494916,3.5731490859305746,2023-12-01
MX-SON,2024,1,12.948206557080933,7.665999576111132,2024-01-01
MX-SON,2024,2,14.974917483967504,9.480555299688,2024-02-01
MX-SON,2024,3,16.795199370129318,4.375410370090288,2024-03-01
MX-SON,2024,4,20.605471536360923,3.2801228325528378,2024-04-01
MX-SON,2024,5,25.71451648068259,0.014380019566122044,2024-05-01
MX-SON,2024,6,30.27908751777507,7.601527572710097,2024-06-01
MX-SON,2024,7,30.507956018628683,16.68579495331787,2024-07-01
MX-SON,2024,8,29.823550353046247,21.4651237274934,2024-08-01
MX-SON,2024,9,29.24675635663509,3.372364508803447,2024-09-01
MX-SON,2024,10,26.189975131053615,0.7264074808407512,2024-10-01
MX-SON,2024,11,17.014852274744516,1.7112167714399196,2024-11-01
MX-SON,2024,12,15.629193567580693,0.029520486578195306,2024-12-01
MX-SON,2025,1,12.195655654544785,2.046648148082588,2025-01-01
MX-SON,2025,2,17.239317172142965,0.02259244882193923,2025-02-01
MX-SON,2025,3,18.132935486558516,1.280193064649211,2025-03-01
MX-SON,2025,4,21.394885325312647,0.28538210086967986,2025-04-01
MX-SON,2025,5,25.101338269698516,0.48302076555105733,2025-05-01
MX-SON,2025,6,29.597256032674068,8.105876335050844,2025-06-01
MX-SON,2025,7,29.695550508590166,19.308052220933437,2025-07-01
MX-SON,2025,8,29.99914016810166,18.139065293995454,2025-08-01
MX-SON,2025,9,27.295328241218648,37.211106858606634,2025-09-01
MX-SON,2025,10,24.14756133890516,17.141866914147762,2025-10-01
MX-SON,2025,11,19.07256024322926,7.1014888592830765,2025-11-01
MX-SON,2025,12,17.121306697763266,1.251707177198105,2025-12-01
MX-TAB,1990,1,23.726276021755822,24.003375490143814,1990-01-01
MX-TAB,1990,2,24.24274654787099,16.788343122111222,1990-02-01
MX-TAB,1990,3,25.367594694412695,14.634078779131661,1990-03-01
MX-TAB,1990,4,27.75385978167428,12.039204655930451,1990-04-01
MX-TAB,1990,5,29.344092106209906,27.278132450546327,1990-05-01
MX-TAB,1990,6,28.014337010452603,77.60100181200835,1990-06-01
MX-TAB,1990,7,27.483069646037578,50.14729171597465,1990-07-01
MX-TAB,1990,8,27.884770648687475,53.338380364605804,1990-08-01
MX-TAB,1990,9,26.822350087428745,99.24685665525166,1990-09-01
MX-TAB,1990,10,26.362828591775806,55.93574512968261,1990-10-01
MX-TAB,1990,11,24.946200309215076,45.93595930939814,1990-11-01
MX-TAB,1990,12,23.555447553793933,35.889041572622915,1990-12-01
MX-TAB,1991,1,24.225442374772776,32.99039500904223,1991-01-01
MX-TAB,1991,2,23.232960958242717,32.668252054830084,1991-02-01
MX-TAB,1991,3,26.560475352899125,3.940036371475137,1991-03-01
MX-TAB,1991,4,29.295430244109593,2.742183418755966,1991-04-01
MX-TAB,1991,5,29.40461114867247,18.796932902164983,1991-05-01
MX-TAB,1991,6,28.507900562718063,64.92587894385476,1991-06-01
MX-TAB,1991,7,28.029782469662727,33.36374943586503,1991-07-01
MX-TAB,1991,8,28.111759908637175,47.45601476332609,1991-08-01
MX-TAB,1991,9,27.02463318384881,85.9599500300032,1991-09-01
MX-TAB,1991,10,25.965978004335607,74.027622137842,1991-10-01
MX-TAB,1991,11,23.94125507733078,68.54763182493085,1991-11-01
MX-TAB,1991,12,23.925782308950417,28.930840319305926,1991-12-01
MX-TAB,1992,1,22.77661847160412,32.88447416157557,1992-01-01
MX-TAB,1992,2,23.36628425913569,10.246419839557417,1992-02-01
MX-TAB,1992,3,26.129949538357764,10.588919653232862,1992-03-01
MX-TAB,1992,4,27.515052233878183,18.275297309818566,1992-04-01
MX-TAB,1992,5,27.639741410658754,17.459231246929534,1992-05-01
MX-TAB,1992,6,28.30329443987675,78.45787639768267,1992-06-01
MX-TAB,1992,7,28.01079420495791,43.58891224031813,1992-07-01
MX-TAB,1992,8,27.697079800647366,68.603814743102,1992-08-01
MX-TAB,1992,9,26.945535219785864,82.91134198395436,1992-09-01
MX-TAB,1992,10,26.025905653779443,85.67545479633408,1992-10-01
MX-TAB,1992,11,25.224698562167188,69.79123530410179,1992-11-01
MX-TAB,1992,12,24.670429265451123,14.66468923509501,1992-12-01
MX-TAB,1993,1,24.256619120209823,18.727445442411703,1993-01-01
MX-TAB,1993,2,24.448772639198076,9.351024351406283,1993-02-01
MX-TAB,1993,3,25.409370747474185,17.07955846656381,1993-03-01
MX-TAB,1993,4,27.814601360593308,19.241205296552195,1993-04-01
MX-TAB,1993,5,28.70161745296314,20.617953294259998,1993-05-01
MX-TAB,1993,6,28.543401259550553,101.96955194938859,1993-06-01
MX-TAB,1993,7,28.004881678474973,42.13927668637021,1993-07-01
MX-TAB,1993,8,27.48648826390169,67.01029047647526,1993-08-01
MX-TAB,1993,9,26.618775727544495,89.21332207554937,1993-09-01
MX-TAB,1993,10,26.234734439309044,68.99415960564465,1993-10-01
MX-TAB,1993,11,25.006482968680434,22.094306302082156,1993-11-01
MX-TAB,1993,12,24.166284479356218,15.832170751054932,1993-12-01
MX-TAB,1994,1,23.11403456200272,31.50595217611705,1994-01-01
MX-TAB,1994,2,24.449594618834773,27.814968456452085,1994-02-01
MX-TAB,1994,3,25.680516325311025,12.15975913107776,1994-03-01
MX-TAB,1994,4,27.980690523228024,12.639427134376476,1994-04-01
MX-TAB,1994,5,29.354386971457497,15.22516353713116,1994-05-01
MX-TAB,1994,6,29.253100710766958,22.079327135818517,1994-06-01
MX-TAB,1994,7,29.03120769361664,24.15208863441388,1994-07-01
MX-TAB,1994,8,27.530886178368398,64.7483005290784,1994-08-01
MX-TAB,1994,9,27.09408466020255,63.9807421233507,1994-09-01
MX-TAB,1994,10,27.422035511374045,49.69042746622899,1994-10-01
MX-TAB,1994,11,26.425683085676674,21.382851756473865,1994-11-01
MX-TAB,1994,12,24.970082809713745,30.38410027928668,1994-12-01
MX-TAB,1995,1,24.34029590278753,31.529577407570628,1995-01-01
MX-TAB,1995,2,24.70978913876819,6.2060474643526815,1995-02-01
MX-TAB,1995,3,26.49773806938155,9.609730990902424,1995-03-01
MX-TAB,1995,4,28.426009084275837,38.512863150700646,1995-04-01
MX-TAB,1995,5,30.696927250453037,8.100353647069408,1995-05-01
MX-TAB,1995,6,28.852511533320786,69.3932187757221,1995-06-01
MX-TAB,1995,7,27.875375092651534,70.14695468953839,1995-07-01
MX-TAB,1995,8,27.57153360327444,83.88865365887581,1995-08-01
MX-TAB,1995,9,26.790023345096227,124.45257853551215,1995-09-01
MX-TAB,1995,10,25.840622960758715,114.52710490633696,1995-10-01
MX-TAB,1995,11,25.43529502414839,34.388326673514555,1995-11-01
MX-TAB,1995,12,24.093717637855956,41.877472375519375,1995-12-01
MX-TAB,1996,1,22.31236624800838,13.921788657647138,1996-01-01
MX-TAB,1996,2,24.027727479375102,5.472606374748204,1996-02-01
MX-TAB,1996,3,24.558899536272257,14.333769697160193,1996-03-01
MX-TAB,1996,4,27.168958300850015,28.913478233445545,1996-04-01
MX-TAB,1996,5,29.004430772478784,18.775420549126014,1996-05-01
MX-TAB,1996,6,27.773992340715697,90.1356855439707,1996-06-01
MX-TAB,1996,7,27.826448658232593,60.144730219557616,1996-07-01
MX-TAB,1996,8,27.412555790296377,85.34678429730872,1996-08-01
MX-TAB,1996,9,28.33419975401343,56.455100259594765,1996-09-01
MX-TAB,1996,10,26.622603262663095,49.638376095010045,1996-10-01
MX-TAB,1996,11,25.181300823775853,36.25221872862139,1996-11-01
MX-TAB,1996,12,24.409618640502984,22.084943043003733,1996-12-01
MX-TAB,1997,1,23.751688073547683,21.995199523084537,1997-01-01
MX-TAB,1997,2,24.163501262167326,29.035822231588146,1997-02-01
MX-TAB,1997,3,26.809065171912355,8.417181124190986,1997-03-01
MX-TAB,1997,4,28.154904388128106,19.965689036542198,1997-04-01
MX-TAB,1997,5,28.689092698757463,33.778368655574695,1997-05-01
MX-TAB,1997,6,29.212510133311685,32.67471672605033,1997-06-01
MX-TAB,1997,7,28.439632537088578,51.50106959738962,1997-07-01
MX-TAB,1997,8,28.801812903431806,48.15717422827426,1997-08-01
MX-TAB,1997,9,27.13480983447437,74.77671324759986,1997-09-01
MX-TAB,1997,10,26.13964815031126,106.78754792786961,1997-10-01
MX-TAB,1997,11,25.69627243197664,66.6577339379655,1997-11-01
MX-TAB,1997,12,23.270191823608037,24.382472885932533,1997-12-01
MX-TAB,1998,1,23.888318184153583,14.49094835591717,1998-01-01
MX-TAB,1998,2,24.505008240086017,7.261012433538987,1998-02-01
MX-TAB,1998,3,26.42104522767629,4.31718720177235,1998-03-01
MX-TAB,1998,4,28.01249193916307,8.537699744729146,1998-04-01
MX-TAB,1998,5,30.000029079659093,0.9175099402796459,1998-05-01
MX-TAB,1998,6,30.91799978958919,35.81205034152622,1998-06-01
MX-TAB,1998,7,27.92928503420001,75.18404280618782,1998-07-01
MX-TAB,1998,8,28.098197641638993,67.46882625454334,1998-08-01
MX-TAB,1998,9,27.962054047971247,76.51598131215611,1998-09-01
MX-TAB,1998,10,26.68922780154833,97.28208972886058,1998-10-01
MX-TAB,1998,11,25.703331949314197,61.24314172293045,1998-11-01
MX-TAB,1998,12,23.85412143954368,35.62283701840644,1998-12-01
MX-TAB,1999,1,23.488783781547028,11.664674694838666,1999-01-01
MX-TAB,1999,2,24.43134310071203,14.258920676952938,1999-02-01
MX-TAB,1999,3,26.238435660126825,5.006870955963061,1999-03-01
MX-TAB,1999,4,28.932436919239837,16.752296555366907,1999-04-01
MX-TAB,1999,5,30.14414667378185,12.381170211785117,1999-05-01
MX-TAB,1999,6,28.259328431710287,61.499174349707204,1999-06-01
MX-TAB,1999,7,27.429505515159676,59.31929279323503,1999-07-01
MX-TAB,1999,8,27.967368734043788,68.50723960150434,1999-08-01
MX-TAB,1999,9,26.74388422204322,114.03137132879225,1999-09-01
MX-TAB,1999,10,25.242018676581598,118.10930957416748,1999-10-01
MX-TAB,1999,11,23.523651451100946,45.2796238999882,1999-11-01
MX-TAB,1999,12,22.784450149636623,44.548011978317255,1999-12-01
MX-TAB,2000,1,23.273948131687106,13.408144163011231,2000-01-01
MX-TAB,2000,2,24.270963388537062,9.915584836000336,2000-02-01
MX-TAB,2000,3,27.20657679850746,7.019481165340687,2000-03-01
MX-TAB,2000,4,28.07358007851063,7.042129681229649,2000-04-01
MX-TAB,2000,5,28.73849420639985,61.58675724281894,2000-05-01
MX-TAB,2000,6,27.387358027387904,59.54869396068248,2000-06-01
MX-TAB,2000,7,28.351524187053194,27.626135399193437,2000-07-01
MX-TAB,2000,8,27.04958642338189,80.42069518551419,2000-08-01
MX-TAB,2000,9,27.111209438400873,99.76447750939913,2000-09-01
MX-TAB,2000,10,25.848743846155735,76.64032198293867,2000-10-01
MX-TAB,2000,11,25.83457417834093,37.06118120664518,2000-11-01
MX-TAB,2000,12,23.01729509307164,31.129000451357847,2000-12-01
MX-TAB,2001,1,22.31336248209118,11.286455860845814,2001-01-01
MX-TAB,2001,2,24.665596801984027,41.42390150668797,2001-02-01
MX-TAB,2001,3,25.865549976786887,5.86444903495801,2001-03-01
MX-TAB,2001,4,28.285166707116936,19.736322136680165,2001-04-01
MX-TAB,2001,5,27.620016681845772,37.58393803450508,2001-05-01
MX-TAB,2001,6,28.391228542289632,46.61216544623956,2001-06-01
MX-TAB,2001,7,28.379522069417913,40.25424481955368,2001-07-01
MX-TAB,2001,8,28.194103187149313,65.24591776530362,2001-08-01
MX-TAB,2001,9,27.26525417283811,103.74435748430903,2001-09-01
MX-TAB,2001,10,26.23111701293549,102.24967307505908,2001-10-01
MX-TAB,2001,11,24.81508201068352,27.200785383444195,2001-11-01
MX-TAB,2001,12,24.222043225681027,34.68383389323203,2001-12-01
MX-TAB,2002,1,23.270544542644792,17.002992922398665,2002-01-01
MX-TAB,2002,2,22.84412449644613,53.575045803004656,2002-02-01
MX-TAB,2002,3,25.18746165241764,12.377589993041557,2002-03-01
MX-TAB,2002,4,28.053321691319315,7.7471320440221225,2002-04-01
MX-TAB,2002,5,28.999206959763086,16.398841651848098,2002-05-01
MX-TAB,2002,6,27.877130495358372,81.48259720543976,2002-06-01
MX-TAB,2002,7,28.3618022017686,40.80106053647165,2002-07-01
MX-TAB,2002,8,28.44722685070606,45.19795300418873,2002-08-01
MX-TAB,2002,9,27.38493034399483,114.40704466586821,2002-09-01
MX-TAB,2002,10,27.34291927085562,31.6330074510586,2002-10-01
MX-TAB,2002,11,25.003947795115014,40.73891276859087,2002-11-01
MX-TAB,2002,12,23.86946219137478,24.194540953910174,2002-12-01
MX-TAB,2003,1,22.141051965004618,16.17557472528401,2003-01-01
MX-TAB,2003,2,25.155478411756665,6.64704013886412,2003-02-01
MX-TAB,2003,3,27.61048698788493,6.21451453007154,2003-03-01
MX-TAB,2003,4,28.246940548077212,2.3586869652708797,2003-04-01
MX-TAB,2003,5,30.608687914261534,22.032790841711368,2003-05-01
MX-TAB,2003,6,28.56043752466112,65.33315677904835,2003-06-01
MX-TAB,2003,7,28.249078677324338,45.04153078465761,2003-07-01
MX-TAB,2003,8,28.248694037254264,69.11083058242087,2003-08-01
MX-TAB,2003,9,27.605345613745346,75.99394329242547,2003-09-01
MX-TAB,2003,10,26.386408894415478,148.3527002554982,2003-10-01
MX-TAB,2003,11,25.1115999399963,54.375069951965585,2003-11-01
MX-TAB,2003,12,22.132313156944118,22.22185851647036,2003-12-01
MX-TAB,2004,1,23.24408783640114,24.42036484492593,2004-01-01
MX-TAB,2004,2,23.486739080481364,17.842839538064236,2004-02-01
MX-TAB,2004,3,26.13390250809508,11.848976593484206,2004-03-01
MX-TAB,2004,4,27.511542602123633,12.020632747460763,2004-04-01
MX-TAB,2004,5,27.533996084575566,56.73429576748033,2004-05-01
MX-TAB,2004,6,29.161233996939714,23.320363684974556,2004-06-01
MX-TAB,2004,7,28.580880362951348,42.87808276160993,2004-07-01
MX-TAB,2004,8,28.542193606743528,57.70570230134303,2004-08-01
MX-TAB,2004,9,27.250911938446354,87.18766181292389,2004-09-01
MX-TAB,2004,10,27.26191696962495,80.97402385310635,2004-10-01
MX-TAB,2004,11,25.555472090805083,29.857870373087405,2004-11-01
MX-TAB,2004,12,23.683510074005053,22.500012383671656,2004-12-01
MX-TAB,2005,1,23.5249717066904,5.712053690411311,2005-01-01
MX-TAB,2005,2,24.47614327602704,10.185354868548226,2005-02-01
MX-TAB,2005,3,27.143841130365196,4.9018172602495556,2005-03-01
MX-TAB,2005,4,27.90211591155719,5.1722808095926744,2005-04-01
MX-TAB,2005,5,29.391074337496935,15.416626903011837,2005-05-01
MX-TAB,2005,6,29.118430458667294,98.87475790528686,2005-06-01
MX-TAB,2005,7,28.13071109979611,64.45402575552801,2005-07-01
MX-TAB,2005,8,27.632488186169848,77.22180509731052,2005-08-01
MX-TAB,2005,9,27.328621933507957,86.49225736267198,2005-09-01
MX-TAB,2005,10,25.9786352875552,59.663964459587774,2005-10-01
MX-TAB,2005,11,24.474448382262214,36.02677301226043,2005-11-01
MX-TAB,2005,12,23.654264251367234,39.840719550498214,2005-12-01
MX-TAB,2006,1,23.297571439466278,33.89456523419171,2006-01-01
MX-TAB,2006,2,23.395234512876495,12.089164299233037,2006-02-01
MX-TAB,2006,3,26.076663289721477,13.13271499996471,2006-03-01
MX-TAB,2006,4,28.32777589175718,3.119779443506858,2006-04-01
MX-TAB,2006,5,28.46079885762788,37.88269320837965,2006-05-01
MX-TAB,2006,6,27.254190446811656,87.29926107105057,2006-06-01
MX-TAB,2006,7,27.981781845756906,80.42641719334563,2006-07-01
MX-TAB,2006,8,28.040889477529213,68.0686983686095,2006-08-01
MX-TAB,2006,9,27.739746347078214,77.87999384867594,2006-09-01
MX-TAB,2006,10,27.353654584647675,76.56047786123966,2006-10-01
MX-TAB,2006,11,24.99162204756658,47.86656605234376,2006-11-01
MX-TAB,2006,12,24.179259839964406,36.987570570364845,2006-12-01
MX-TAB,2007,1,23.572906334673007,67.99991896003235,2007-01-01
MX-TAB,2007,2,23.86692689363778,28.424118524283678,2007-02-01
MX-TAB,2007,3,25.904133865150147,7.082144869979927,2007-03-01
MX-TAB,2007,4,28.001420874446573,5.718365426687095,2007-04-01
MX-TAB,2007,5,29.046463655427956,3.0626809493714564,2007-05-01
MX-TAB,2007,6,29.477464244919705,31.020569503210183,2007-06-01
MX-TAB,2007,7,29.542078535835124,37.57391174197525,2007-07-01
MX-TAB,2007,8,27.860880673890218,102.3782800319724,2007-08-01
MX-TAB,2007,9,27.265006863494158,73.69759991034819,2007-09-01
MX-TAB,2007,10,26.100091647070858,111.07720009468677,2007-10-01
MX-TAB,2007,11,24.832733688073617,33.61576827508092,2007-11-01
MX-TAB,2007,12,24.593197322833245,12.043969619326536,2007-12-01
MX-TAB,2008,1,23.84256972051622,26.626652505682877,2008-01-01
MX-TAB,2008,2,25.27761584107981,19.08907428969834,2008-02-01
MX-TAB,2008,3,25.71034839265842,12.069317309525015,2008-03-01
MX-TAB,2008,4,28.22564216995438,9.048842550375731,2008-04-01
MX-TAB,2008,5,29.746361845411947,31.37620723081713,2008-05-01
MX-TAB,2008,6,27.327837746765407,95.417422956393,2008-06-01
MX-TAB,2008,7,27.778083901108783,42.214962924292635,2008-07-01
MX-TAB,2008,8,28.53193574845358,56.71493195851082,2008-08-01
MX-TAB,2008,9,27.16979859186633,163.05923589111214,2008-09-01
MX-TAB,2008,10,25.723343316721614,68.42259307087753,2008-10-01
MX-TAB,2008,11,23.78360145473931,12.519261037818847,2008-11-01
MX-TAB,2008,12,23.713249706363076,12.307702821268665,2008-12-01
MX-TAB,2009,1,23.364799218310502,25.66105923256622,2009-01-01
MX-TAB,2009,2,24.405308441968568,5.737970402128512,2009-02-01
MX-TAB,2009,3,25.83264847017693,6.382895707983141,2009-03-01
MX-TAB,2009,4,28.450237161264962,7.6342704354574655,2009-04-01
MX-TAB,2009,5,29.509125524664334,16.836246815048227,2009-05-01
MX-TAB,2009,6,28.82760405524304,59.52330793341258,2009-06-01
MX-TAB,2009,7,29.10507829679342,48.448734376717695,2009-07-01
MX-TAB,2009,8,28.550748054035232,68.9483896762032,2009-08-01
MX-TAB,2009,9,28.180300194800672,95.76377154879901,2009-09-01
MX-TAB,2009,10,28.024155574398602,48.0837262189228,2009-10-01
MX-TAB,2009,11,24.46899322312347,109.58272738785925,2009-11-01
MX-TAB,2009,12,24.249028843252248,33.72535269745078,2009-12-01
MX-TAB,2010,1,22.173470905304217,34.02713598636778,2010-01-01
MX-TAB,2010,2,23.047477625001875,11.072658327364172,2010-02-01
MX-TAB,2010,3,24.299992829156427,7.844553615516018,2010-03-01
MX-TAB,2010,4,28.112516322864796,20.44965492478991,2010-04-01
MX-TAB,2010,5,30.05407239963159,12.235326126701397,2010-05-01
MX-TAB,2010,6,29.368677562350605,88.01306922232021,2010-06-01
MX-TAB,2010,7,28.166172851271774,92.5769538844886,2010-07-01
MX-TAB,2010,8,27.875598888585543,119.34793412840193,2010-08-01
MX-TAB,2010,9,27.52856613142363,146.91445716985652,2010-09-01
MX-TAB,2010,10,25.926388180957524,26.634375160340625,2010-10-01
MX-TAB,2010,11,24.916011770651615,19.979845386740877,2010-11-01
MX-TAB,2010,12,22.147457133920206,19.105563382943924,2010-12-01
MX-TAB,2011,1,23.382091589394317,29.125456371136483,2011-01-01
MX-TAB,2011,2,23.91858114583988,22.62800012560536,2011-02-01
MX-TAB,2011,3,26.48264596821835,10.409325474938607,2011-03-01
MX-TAB,2011,4,29.58622902712452,4.713525426147828,2011-04-01
MX-TAB,2011,5,30.38732954478795,9.244420872110068,2011-05-01
MX-TAB,2011,6,28.780090468285678,56.110540975602554,2011-06-01
MX-TAB,2011,7,27.755537419843083,93.34667485423363,2011-07-01
MX-TAB,2011,8,28.268601182464863,66.55508903866959,2011-08-01
MX-TAB,2011,9,26.943133425655084,130.45525217783737,2011-09-01
MX-TAB,2011,10,25.55285948606961,87.9699632468561,2011-10-01
MX-TAB,2011,11,24.881260624503874,37.597391535888555,2011-11-01
MX-TAB,2011,12,23.586857174420594,23.792743509701808,2011-12-01
MX-TAB,2012,1,23.904782219854948,32.963533432076666,2012-01-01
MX-TAB,2012,2,24.779539756430186,16.778615614293514,2012-02-01
MX-TAB,2012,3,26.85149140258367,5.230287105708498,2012-03-01
MX-TAB,2012,4,28.096313083149404,6.059917012337451,2012-04-01
MX-TAB,2012,5,28.709204547529446,29.05689861878488,2012-05-01
MX-TAB,2012,6,28.158907981053865,76.3430381795872,2012-06-01
MX-TAB,2012,7,28.099653426375557,40.42380188075171,2012-07-01
MX-TAB,2012,8,27.92413475361933,96.2997438625668,2012-08-01
MX-TAB,2012,9,27.596788569343154,81.39340945088668,2012-09-01
MX-TAB,2012,10,26.497410374644577,57.594267792543505,2012-10-01
MX-TAB,2012,11,24.829142770633894,6.51105333944488,2012-11-01
MX-TAB,2012,12,24.675061189008176,22.21398788501495,2012-12-01
MX-TAB,2013,1,23.85785779317527,43.789669668616135,2013-01-01
MX-TAB,2013,2,25.34212016619281,11.16577531256451,2013-02-01
MX-TAB,2013,3,25.05750882674574,9.26801225905497,2013-03-01
MX-TAB,2013,4,28.473916130409044,11.478013376106324,2013-04-01
MX-TAB,2013,5,28.76913184131369,44.87382711981155,2013-05-01
MX-TAB,2013,6,28.218202102957655,61.08662716617214,2013-06-01
MX-TAB,2013,7,28.13049270798786,52.92708451119806,2013-07-01
MX-TAB,2013,8,27.96729889871514,73.7988349122317,2013-08-01
MX-TAB,2013,9,27.343069405825467,121.0175890108382,2013-09-01
MX-TAB,2013,10,27.113850747976922,107.53141932983202,2013-10-01
MX-TAB,2013,11,25.085392462385446,86.73561820157886,2013-11-01
MX-TAB,2013,12,24.020597760204897,82.55158461919781,2013-12-01
MX-TAB,2014,1,21.88466876898351,44.22661040747909,2014-01-01
MX-TAB,2014,2,24.58390749283228,8.775568355223994,2014-02-01
MX-TAB,2014,3,26.374253396606008,14.70288040434448,2014-03-01
MX-TAB,2014,4,28.234729198871978,12.255052657199853,2014-04-01
MX-TAB,2014,5,27.646138461510596,52.80238134024244,2014-05-01
MX-TAB,2014,6,28.08230171791133,80.20271509308859,2014-06-01
MX-TAB,2014,7,29.066651146570695,31.644721661811094,2014-07-01
MX-TAB,2014,8,28.8970417987305,47.35617764741604,2014-08-01
MX-TAB,2014,9,27.3774868681439,105.37383703311879,2014-09-01
MX-TAB,2014,10,26.661705057411403,104.6735956157182,2014-10-01
MX-TAB,2014,11,24.346820435029787,46.59625319826584,2014-11-01
MX-TAB,2014,12,23.618327445038563,13.750412519955875,2014-12-01
MX-TAB,2015,1,22.767969160838756,45.04036562859616,2015-01-01
MX-TAB,2015,2,22.961694067013564,16.036486587271582,2015-02-01
MX-TAB,2015,3,25.179698897947784,36.457423095759104,2015-03-01
MX-TAB,2015,4,29.291523693255105,8.51252458249747,2015-04-01
MX-TAB,2015,5,29.549594308146723,8.807133920997343,2015-05-01
MX-TAB,2015,6,28.243304818921654,53.60485901394165,2015-06-01
MX-TAB,2015,7,29.448084511277766,21.7451450250129,2015-07-01
MX-TAB,2015,8,29.29569589830874,49.81127314080576,2015-08-01
MX-TAB,2015,9,28.025509772877744,77.48763225723434,2015-09-01
MX-TAB,2015,10,27.29656098733698,77.90712422680777,2015-10-01
MX-TAB,2015,11,26.62792907993221,64.3851265630818,2015-11-01
MX-TAB,2015,12,25.527257029635297,50.51425381944875,2015-12-01
MX-TAB,2016,1,22.985946602522542,23.045350598717295,2016-01-01
MX-TAB,2016,2,23.079931783981014,17.239391221781798,2016-02-01
MX-TAB,2016,3,26.744846448568087,20.567314629101933,2016-03-01
MX-TAB,2016,4,28.80897622634465,8.66570673489783,2016-04-01
MX-TAB,2016,5,30.160170568346736,10.022778211591575,2016-05-01
MX-TAB,2016,6,28.558551903088755,56.873072672231345,2016-06-01
MX-TAB,2016,7,29.2378025576439,37.42911031273478,2016-07-01
MX-TAB,2016,8,28.55024187813511,63.13755016988967,2016-08-01
MX-TAB,2016,9,27.741751314705475,75.48686830449245,2016-09-01
MX-TAB,2016,10,26.831855858957663,42.46910473503118,2016-10-01
MX-TAB,2016,11,25.451821839193386,37.29965803989285,2016-11-01
MX-TAB,2016,12,25.699844068526954,28.696706932536728,2016-12-01
MX-TAB,2017,1,24.38401404122944,14.390891825299246,2017-01-01
MX-TAB,2017,2,25.91381263847008,5.581628123208872,2017-02-01
MX-TAB,2017,3,26.758566538009013,7.804777418947414,2017-03-01
MX-TAB,2017,4,28.450723534879778,16.622333998695613,2017-04-01
MX-TAB,2017,5,29.574343830303338,22.478704436310217,2017-05-01
MX-TAB,2017,6,27.979865094577846,102.05228706342301,2017-06-01
MX-TAB,2017,7,28.38806350507653,33.94216003712298,2017-07-01
MX-TAB,2017,8,28.61958360096263,56.67136907489553,2017-08-01
MX-TAB,2017,9,27.69465691382208,97.08400348071511,2017-09-01
MX-TAB,2017,10,26.35132186427818,98.58437202030932,2017-10-01
MX-TAB,2017,11,24.853831258545156,21.587144671537597,2017-11-01
MX-TAB,2017,12,23.82065867161624,17.0539233032809,2017-12-01
MX-TAB,2018,1,21.945263444966713,72.65694587201324,2018-01-01
MX-TAB,2018,2,25.25722361428194,8.729370112337694,2018-02-01
MX-TAB,2018,3,26.758857314561393,12.929690229485837,2018-03-01
MX-TAB,2018,4,27.672707666623758,21.161914570129973,2018-04-01
MX-TAB,2018,5,28.93997216592027,8.002203798776826,2018-05-01
MX-TAB,2018,6,29.045160964279372,31.969237863020112,2018-06-01
MX-TAB,2018,7,29.345302659664917,19.344593707589826,2018-07-01
MX-TAB,2018,8,28.12339333049031,50.42982036828574,2018-08-01
MX-TAB,2018,9,28.164853137254145,54.62999815427512,2018-09-01
MX-TAB,2018,10,27.330270577297508,63.0568194956299,2018-10-01
MX-TAB,2018,11,25.59457802591025,53.603322082249356,2018-11-01
MX-TAB,2018,12,24.22574536823741,19.32339978159934,2018-12-01
MX-TAB,2019,1,23.446375130130484,21.800216231908234,2019-01-01
MX-TAB,2019,2,25.935357635104044,8.97525214473166,2019-02-01
MX-TAB,2019,3,26.038291796443776,16.709798859880202,2019-03-01
MX-TAB,2019,4,27.62788396763504,10.413701500013264,2019-04-01
MX-TAB,2019,5,30.89641726873079,16.520919290531985,2019-05-01
MX-TAB,2019,6,29.03562605241999,78.15139057638996,2019-06-01
MX-TAB,2019,7,28.862637220880494,33.20387387592893,2019-07-01
MX-TAB,2019,8,29.303598646354207,33.279822471712734,2019-08-01
MX-TAB,2019,9,28.307232730858278,47.8014825341774,2019-09-01
MX-TAB,2019,10,27.345988265569826,102.2304889379168,2019-10-01
MX-TAB,2019,11,25.23365470159932,58.58431867649156,2019-11-01
MX-TAB,2019,12,24.043017516802557,35.964771364393165,2019-12-01
MX-TAB,2020,1,24.48474378249768,14.427939361022174,2020-01-01
MX-TAB,2020,2,25.339117011956457,21.85954753347677,2020-02-01
MX-TAB,2020,3,27.254278624245206,4.310214815389245,2020-03-01
MX-TAB,2020,4,30.13733690722987,6.230218642869824,2020-04-01
MX-TAB,2020,5,29.901031627863002,59.69629294822962,2020-05-01
MX-TAB,2020,6,28.1848503103432,103.27210786954424,2020-06-01
MX-TAB,2020,7,29.37416199673435,28.610735574179714,2020-07-01
MX-TAB,2020,8,28.47681716183485,65.25703254608943,2020-08-01
MX-TAB,2020,9,27.703604850739914,107.20726265421739,2020-09-01
MX-TAB,2020,10,26.657646174511765,99.28910825376796,2020-10-01
MX-TAB,2020,11,25.501734794326314,88.71077453850674,2020-11-01
MX-TAB,2020,12,23.353482496938195,26.0484780453095,2020-12-01
MX-TAB,2021,1,23.79311934273669,24.87784064921324,2021-01-01
MX-TAB,2021,2,24.509470756467653,9.17071560754614,2021-02-01
MX-TAB,2021,3,26.82958525694472,10.83339389790268,2021-03-01
MX-TAB,2021,4,28.81224553694456,4.7339455192189055,2021-04-01
MX-TAB,2021,5,29.49805822183407,29.618997897439204,2021-05-01
MX-TAB,2021,6,28.439087568385016,79.27085477601359,2021-06-01
MX-TAB,2021,7,28.72912001386368,35.1374177857657,2021-07-01
MX-TAB,2021,8,28.534017429443647,44.454091307886706,2021-08-01
MX-TAB,2021,9,28.033331770829385,67.22774446911652,2021-09-01
MX-TAB,2021,10,27.61040485755427,74.21167809720875,2021-10-01
MX-TAB,2021,11,24.743736014541394,37.347127941269356,2021-11-01
MX-TAB,2021,12,25.14403233796366,11.892455154910424,2021-12-01
MX-TAB,2022,1,23.24894282621617,41.228477647267425,2022-01-01
MX-TAB,2022,2,23.544746301937387,35.43226336551402,2022-02-01
MX-TAB,2022,3,25.48585107867333,16.302632141281407,2022-03-01
MX-TAB,2022,4,28.17526583676761,15.74523957013396,2022-04-01
MX-TAB,2022,5,29.572731792837263,27.34762917804826,2022-05-01
MX-TAB,2022,6,27.343968720698363,74.42890141622362,2022-06-01
MX-TAB,2022,7,28.84782441458837,32.90686782110525,2022-07-01
MX-TAB,2022,8,28.186801988962845,42.65501264397383,2022-08-01
MX-TAB,2022,9,26.756569689333162,136.59283889365275,2022-09-01
MX-TAB,2022,10,26.378559906012686,91.92760009021175,2022-10-01
MX-TAB,2022,11,25.721430736006834,68.28237671032107,2022-11-01
MX-TAB,2022,12,24.471943086698346,47.56066229484618,2022-12-01
MX-TAB,2023,1,24.288587486051863,16.39748933902182,2023-01-01
MX-TAB,2023,2,24.633199637071552,36.0094319005071,2023-02-01
MX-TAB,2023,3,27.205662360775683,15.4854976431729,2023-03-01
MX-TAB,2023,4,28.353876616950984,6.4371565651020735,2023-04-01
MX-TAB,2023,5,28.884332670354038,9.324724897621127,2023-05-01
MX-TAB,2023,6,30.33218661314177,42.808800573315224,2023-06-01
MX-TAB,2023,7,28.68182643213596,69.36288056671194,2023-07-01
MX-TAB,2023,8,28.73905401376509,54.28243418147019,2023-08-01
MX-TAB,2023,9,28.60803038925325,63.457526745395135,2023-09-01
MX-TAB,2023,10,27.935053309925344,47.90136047483071,2023-10-01
MX-TAB,2023,11,25.480344459526826,69.50347856567892,2023-11-01
MX-TAB,2023,12,24.045666805651315,39.68559977685376,2023-12-01
MX-TAB,2024,1,24.42638918667616,20.767212277691037,2024-01-01
MX-TAB,2024,2,24.05378405726768,7.229833499061664,2024-02-01
MX-TAB,2024,3,27.86296507120418,5.274609257926304,2024-03-01
MX-TAB,2024,4,29.45507204114254,2.9547129302713904,2024-04-01
MX-TAB,2024,5,32.547289401954814,3.936556686416253,2024-05-01
MX-TAB,2024,6,29.690148402378135,69.60166549758362,2024-06-01
MX-TAB,2024,7,28.924115807814516,49.34406948464762,2024-07-01
MX-TAB,2024,8,28.60346622184398,63.68113955001741,2024-08-01
MX-TAB,2024,9,28.63789814619321,98.07530355707563,2024-09-01
MX-TAB,2024,10,26.43753152269283,112.00455278010905,2024-10-01
MX-TAB,2024,11,26.169012148618375,20.909410521215534,2024-11-01
MX-TAB,2024,12,24.339892825583078,17.401320537592078,2024-12-01
MX-TAB,2025,1,23.9928524587864,32.871015184825595,2025-01-01
MX-TAB,2025,2,25.42516617789308,32.777542977456505,2025-02-01
MX-TAB,2025,3,27.131342308154455,5.323086753832256,2025-03-01
MX-TAB,2025,4,28.25308247195096,5.3231709430182566,2025-04-01
MX-TAB,2025,5,30.871238464535104,9.255164876518204,2025-05-01
MX-TAB,2025,6,28.931782668207873,65.43030355262106,2025-06-01
MX-TAB,2025,7,29.18859372359255,24.194327848253888,2025-07-01
MX-TAB,2025,8,28.8076736820968,50.619622127739284,2025-08-01
MX-TAB,2025,9,28.071477775915692,91.04213402670325,2025-09-01
MX-TAB,2025,10,26.948444495064003,70.69026860087034,2025-10-01
MX-TAB,2025,11,25.778477791384322,28.88535338792265,2025-11-01
MX-TAB,2025,12,25.21850411979676,36.40245098729849,2025-12-01
MX-TAM,1990,1,18.07385400686101,9.249358728533617,1990-01-01
MX-TAM,1990,2,19.5965207411221,8.43977395626879,1990-02-01
MX-TAM,1990,3,21.09112800907168,10.000399239987566,1990-03-01
MX-TAM,1990,4,24.07621082723825,19.103156950748183,1990-04-01
MX-TAM,1990,5,26.899193516317727,20.499778174477306,1990-05-01
MX-TAM,1990,6,28.438893475837137,16.32332405392908,1990-06-01
MX-TAM,1990,7,26.78053567110767,41.986687092834295,1990-07-01
MX-TAM,1990,8,27.47141144621068,21.336591719443263,1990-08-01
MX-TAM,1990,9,25.917704032944457,53.688974086653474,1990-09-01
MX-TAM,1990,10,22.901586975194007,20.88534932534255,1990-10-01
MX-TAM,1990,11,21.04975517673244,8.103855276637999,1990-11-01
MX-TAM,1990,12,17.75804144774404,2.780187854130604,1990-12-01
MX-TAM,1991,1,16.788861107042205,6.808536806791643,1991-01-01
MX-TAM,1991,2,18.551661697273854,11.879984509080446,1991-02-01
MX-TAM,1991,3,23.372371991558836,3.6020807651779183,1991-03-01
MX-TAM,1991,4,25.718344515958794,21.03773805617699,1991-04-01
MX-TAM,1991,5,27.356940313660484,19.62473247996109,1991-05-01
MX-TAM,1991,6,27.85977882348142,44.39922304022482,1991-06-01
MX-TAM,1991,7,26.39879191020287,49.33284989950972,1991-07-01
MX-TAM,1991,8,27.881907549638086,12.990019499996452,1991-08-01
MX-TAM,1991,9,24.71717498690889,52.98041031850418,1991-09-01
MX-TAM,1991,10,23.806891838727985,25.30234414956013,1991-10-01
MX-TAM,1991,11,18.118205154958552,7.008956722125118,1991-11-01
MX-TAM,1991,12,17.81126565805543,22.64798585311237,1991-12-01
MX-TAM,1992,1,14.948729668244985,30.061421131040213,1992-01-01
MX-TAM,1992,2,18.219724579105645,13.059967281678805,1992-02-01
MX-TAM,1992,3,21.190104627845866,13.862150783123441,1992-03-01
MX-TAM,1992,4,22.36560446560969,45.718175211951454,1992-04-01
MX-TAM,1992,5,24.19252408556484,35.08039881197536,1992-05-01
MX-TAM,1992,6,27.79179777805469,11.596652868899954,1992-06-01
MX-TAM,1992,7,27.376628143990004,23.238478238309366,1992-07-01
MX-TAM,1992,8,27.23715110009583,31.052493703262876,1992-08-01
MX-TAM,1992,9,26.215277260688147,35.16366670361559,1992-09-01
MX-TAM,1992,10,23.232842825190097,30.976096528390773,1992-10-01
MX-TAM,1992,11,18.875252081182072,24.467282224386434,1992-11-01
MX-TAM,1992,12,18.928634189270856,6.976204737844394,1992-12-01
MX-TAM,1993,1,17.480174202019384,9.044996841321968,1993-01-01
MX-TAM,1993,2,19.02301106192137,7.546217999840629,1993-02-01
MX-TAM,1993,3,20.523622279154946,17.068286341587175,1993-03-01
MX-TAM,1993,4,23.442156224181858,13.949715642956438,1993-04-01
MX-TAM,1993,5,25.15176725207015,35.748633415612,1993-05-01
MX-TAM,1993,6,26.39267230817076,68.80179078409363,1993-06-01
MX-TAM,1993,7,27.36869471508994,13.121693080263034,1993-07-01
MX-TAM,1993,8,27.834330207185598,11.177902146874693,1993-08-01
MX-TAM,1993,9,26.0212662573048,52.65205268951821,1993-09-01
MX-TAM,1993,10,23.271442706732106,11.680629356777079,1993-10-01
MX-TAM,1993,11,19.28391906574391,14.56848838476821,1993-11-01
MX-TAM,1993,12,18.065532714196237,10.982893599601045,1993-12-01
MX-TAM,1994,1,17.275384228971276,47.77245891603141,1994-01-01
MX-TAM,1994,2,18.00310669533566,8.318452704661148,1994-02-01
MX-TAM,1994,3,20.533792444011713,13.742084357919314,1994-03-01
MX-TAM,1994,4,23.329056381755013,15.877978907692855,1994-04-01
MX-TAM,1994,5,26.104243756910552,16.27376542381713,1994-05-01
MX-TAM,1994,6,27.848544062296323,31.384498826556147,1994-06-01
MX-TAM,1994,7,28.581033257578405,7.608163556910317,1994-07-01
MX-TAM,1994,8,27.052819962237503,39.50545845357976,1994-08-01
MX-TAM,1994,9,25.443377978254677,41.33168192878433,1994-09-01
MX-TAM,1994,10,24.085052004797657,23.936067999182942,1994-10-01
MX-TAM,1994,11,22.82122172640953,7.287754016338632,1994-11-01
MX-TAM,1994,12,19.26537311115839,16.894293448065937,1994-12-01
MX-TAM,1995,1,17.529419916078137,4.27018342041506,1995-01-01
MX-TAM,1995,2,20.004601218410556,6.986847536299019,1995-02-01
MX-TAM,1995,3,21.037003249769683,7.952722979605048,1995-03-01
MX-TAM,1995,4,24.120210058776063,7.543661445891891,1995-04-01
MX-TAM,1995,5,27.997379155023033,7.843448476234469,1995-05-01
MX-TAM,1995,6,27.749822223252668,20.969976769923118,1995-06-01
MX-TAM,1995,7,28.04529549974629,18.731435972837637,1995-07-01
MX-TAM,1995,8,26.971323698398994,72.01924456355516,1995-08-01
MX-TAM,1995,9,26.476626223044985,20.28663843974647,1995-09-01
MX-TAM,1995,10,23.83673879742165,46.76052200719256,1995-10-01
MX-TAM,1995,11,20.280200668978942,14.804361030425035,1995-11-01
MX-TAM,1995,12,17.70208196104433,12.601790071595664,1995-12-01
MX-TAM,1996,1,16.345050414758127,1.373510784167574,1996-01-01
MX-TAM,1996,2,18.54776665125027,4.820204496825651,1996-02-01
MX-TAM,1996,3,19.063657715720645,4.952766941039017,1996-03-01
MX-TAM,1996,4,22.92444066269316,11.917524850995205,1996-04-01
MX-TAM,1996,5,27.03650080652814,6.330735004749523,1996-05-01
MX-TAM,1996,6,27.764205073232787,27.361591004577882,1996-06-01
MX-TAM,1996,7,28.570271460762715,7.785436548066371,1996-07-01
MX-TAM,1996,8,27.28950246313536,45.57277877082017,1996-08-01
MX-TAM,1996,9,26.70126186095179,46.34612507329119,1996-09-01
MX-TAM,1996,10,23.923630226340983,34.13619493506268,1996-10-01
MX-TAM,1996,11,20.9325230525899,8.950028687444108,1996-11-01
MX-TAM,1996,12,17.902547429368884,6.4970129009107715,1996-12-01
MX-TAM,1997,1,15.428612232273839,7.967233655291605,1997-01-01
MX-TAM,1997,2,18.434986179430606,8.057522456270984,1997-02-01
MX-TAM,1997,3,21.756767447774372,32.45429165502586,1997-03-01
MX-TAM,1997,4,21.609119622798712,40.50334683219299,1997-04-01
MX-TAM,1997,5,25.251664498202555,32.85792412189161,1997-05-01
MX-TAM,1997,6,27.49808731937461,27.439110275816947,1997-06-01
MX-TAM,1997,7,28.346168415425016,9.66186316198284,1997-07-01
MX-TAM,1997,8,28.462704503088368,15.274460017652807,1997-08-01
MX-TAM,1997,9,26.813525777054505,29.78046130574759,1997-09-01
MX-TAM,1997,10,22.90783993430699,60.62613371595448,1997-10-01
MX-TAM,1997,11,19.86660552114582,11.41671772687464,1997-11-01
MX-TAM,1997,12,16.190514293570814,4.794365109473728,1997-12-01
MX-TAM,1998,1,18.931020165249336,6.190767672130415,1998-01-01
MX-TAM,1998,2,19.2188199895906,10.79466609147172,1998-02-01
MX-TAM,1998,3,20.497365261625372,10.92155851233557,1998-03-01
MX-TAM,1998,4,23.609138150709278,2.1743400514361113,1998-04-01
MX-TAM,1998,5,27.813340522544298,1.7579189810810263,1998-05-01
MX-TAM,1998,6,29.674578290790862,12.455098508923076,1998-06-01
MX-TAM,1998,7,28.97204403950054,12.766397873326529,1998-07-01
MX-TAM,1998,8,28.67256410182953,24.267409661874133,1998-08-01
MX-TAM,1998,9,26.813221144230706,76.83554058663017,1998-09-01
MX-TAM,1998,10,23.92122183168801,34.87953884567789,1998-10-01
MX-TAM,1998,11,21.858111575110016,24.882611596439414,1998-11-01
MX-TAM,1998,12,17.342898924630667,6.286850653165126,1998-12-01
MX-TAM,1999,1,17.794644201006694,1.8546036138218527,1999-01-01
MX-TAM,1999,2,20.416358802241753,3.6179657609943887,1999-02-01
MX-TAM,1999,3,22.169302581336552,10.409710199702813,1999-03-01
MX-TAM,1999,4,25.558756505629386,3.579159316098176,1999-04-01
MX-TAM,1999,5,27.379588609878233,18.795025057551758,1999-05-01
MX-TAM,1999,6,27.903492743567153,25.36189159914572,1999-06-01
MX-TAM,1999,7,27.03370503928049,39.666494184092365,1999-07-01
MX-TAM,1999,8,28.220142425779496,19.17499496447128,1999-08-01
MX-TAM,1999,9,25.8546779291137,60.3954095782566,1999-09-01
MX-TAM,1999,10,22.8114421941334,14.837258130893956,1999-10-01
MX-TAM,1999,11,20.374189505991676,6.43399192246445,1999-11-01
MX-TAM,1999,12,16.94106257164133,6.706944540764057,1999-12-01
MX-TAM,2000,1,18.591502361377955,8.547406365208472,2000-01-01
MX-TAM,2000,2,20.688428057829643,5.444370471782989,2000-02-01
MX-TAM,2000,3,23.55932310455537,10.472864003153484,2000-03-01
MX-TAM,2000,4,24.67112829246192,9.765354799641994,2000-04-01
MX-TAM,2000,5,27.383769172476185,16.5402889819679,2000-05-01
MX-TAM,2000,6,26.946182161439918,34.63189206987809,2000-06-01
MX-TAM,2000,7,28.42495284805869,5.975152646610812,2000-07-01
MX-TAM,2000,8,27.39881371006126,34.74507801001431,2000-08-01
MX-TAM,2000,9,26.98117249909937,18.19747131373547,2000-09-01
MX-TAM,2000,10,22.74346615289645,31.07794824633239,2000-10-01
MX-TAM,2000,11,20.13247969388511,7.68347848669666,2000-11-01
MX-TAM,2000,12,15.381247097968402,9.221914602317206,2000-12-01
MX-TAM,2001,1,15.937777939310694,9.443189075793738,2001-01-01
MX-TAM,2001,2,19.390145247891017,8.461331853156215,2001-02-01
MX-TAM,2001,3,20.291617253557675,11.43206675210172,2001-03-01
MX-TAM,2001,4,24.81825185294906,15.229363663087147,2001-04-01
MX-TAM,2001,5,25.804510019620054,27.282267708342253,2001-05-01
MX-TAM,2001,6,27.95207779137186,16.854720174971263,2001-06-01
MX-TAM,2001,7,28.208419016125557,17.930304448955226,2001-07-01
MX-TAM,2001,8,27.969153743022027,47.886848902232664,2001-08-01
MX-TAM,2001,9,26.1940132707859,39.16648223828453,2001-09-01
MX-TAM,2001,10,23.93540737170653,8.175104456457369,2001-10-01
MX-TAM,2001,11,20.878776122457573,11.544564592689152,2001-11-01
MX-TAM,2001,12,18.010677796561573,6.880160803320636,2001-12-01
MX-TAM,2002,1,17.265819144139485,4.639138505680699,2002-01-01
MX-TAM,2002,2,16.424113766235198,5.997484858164803,2002-02-01
MX-TAM,2002,3,20.908078050119105,4.761209454954787,2002-03-01
MX-TAM,2002,4,25.44055161122977,5.611885523920468,2002-04-01
MX-TAM,2002,5,27.14597612015135,10.218044591841974,2002-05-01
MX-TAM,2002,6,27.805986027618133,24.89336926375761,2002-06-01
MX-TAM,2002,7,27.416289866296488,28.76578382802717,2002-07-01
MX-TAM,2002,8,28.489410153150807,13.713304576854624,2002-08-01
MX-TAM,2002,9,26.462408910231186,55.77113674657285,2002-09-01
MX-TAM,2002,10,24.97183688544757,45.231257844846404,2002-10-01
MX-TAM,2002,11,18.80645352877816,34.40827968576499,2002-11-01
MX-TAM,2002,12,17.401550791034413,4.5492018493953825,2002-12-01
MX-TAM,2003,1,15.581164656185535,8.844153193416995,2003-01-01
MX-TAM,2003,2,18.212176961099072,4.39678435589707,2003-02-01
MX-TAM,2003,3,21.44517143996476,9.470971834014703,2003-03-01
MX-TAM,2003,4,24.11175203472908,11.652408516724437,2003-04-01
MX-TAM,2003,5,28.256362683699194,6.995585999164119,2003-05-01
MX-TAM,2003,6,28.3660271714578,21.02753960316003,2003-06-01
MX-TAM,2003,7,27.44837157252935,24.809256341503225,2003-07-01
MX-TAM,2003,8,27.65134472115154,41.44349933764393,2003-08-01
MX-TAM,2003,9,26.14913598864924,72.25364878743586,2003-09-01
MX-TAM,2003,10,23.613413633704493,39.1485939435771,2003-10-01
MX-TAM,2003,11,21.40687152032454,7.397677485567984,2003-11-01
MX-TAM,2003,12,17.0401415046283,4.154646211690293,2003-12-01
MX-TAM,2004,1,17.238845645665336,12.881308647517837,2004-01-01
MX-TAM,2004,2,17.524687010172812,3.988907628022366,2004-02-01
MX-TAM,2004,3,22.02555682984503,19.494361914309334,2004-03-01
MX-TAM,2004,4,23.102525816598334,31.379619077522673,2004-04-01
MX-TAM,2004,5,25.214293534701607,27.017559366189595,2004-05-01
MX-TAM,2004,6,27.157500418320744,36.706751536092966,2004-06-01
MX-TAM,2004,7,27.931082464255752,16.589441597715343,2004-07-01
MX-TAM,2004,8,28.141709693733432,19.91566751464847,2004-08-01
MX-TAM,2004,9,26.474926096892098,35.726316408428715,2004-09-01
MX-TAM,2004,10,25.706175183462417,18.51697451768837,2004-10-01
MX-TAM,2004,11,21.324395417655833,7.735358257240049,2004-11-01
MX-TAM,2004,12,16.552190058936343,8.77601147243429,2004-12-01
MX-TAM,2005,1,18.73442676668428,6.2337657939527045,2005-01-01
MX-TAM,2005,2,18.216261469369293,19.665490243595308,2005-02-01
MX-TAM,2005,3,21.00941840739519,18.0368976893407,2005-03-01
MX-TAM,2005,4,23.691785616918946,4.0028121752973425,2005-04-01
MX-TAM,2005,5,25.731833068955066,22.193188801915916,2005-05-01
MX-TAM,2005,6,28.699916021215714,11.804627529520337,2005-06-01
MX-TAM,2005,7,28.486419214460593,67.8441741157348,2005-07-01
MX-TAM,2005,8,28.355426074959556,13.069807095120195,2005-08-01
MX-TAM,2005,9,27.71999475667466,27.30675075859268,2005-09-01
MX-TAM,2005,10,24.10189628191418,42.22518660033574,2005-10-01
MX-TAM,2005,11,20.580930382372653,10.127433167391482,2005-11-01
MX-TAM,2005,12,17.14230380412131,7.453804303245155,2005-12-01
MX-TAM,2006,1,18.34951457450684,3.2320100597749675,2006-01-01
MX-TAM,2006,2,18.423860967947082,2.8569287953950524,2006-02-01
MX-TAM,2006,3,22.659113639564676,7.634256456687769,2006-03-01
MX-TAM,2006,4,25.8084705912702,6.16278054837511,2006-04-01
MX-TAM,2006,5,26.9452642139638,19.04321517545646,2006-05-01
MX-TAM,2006,6,27.62360014318634,20.82968842397903,2006-06-01
MX-TAM,2006,7,28.02037971476757,30.34213636860146,2006-07-01
MX-TAM,2006,8,28.337904630521567,23.61840544746581,2006-08-01
MX-TAM,2006,9,27.361575499097754,38.650583036401144,2006-09-01
MX-TAM,2006,10,24.66895138249488,38.94552567957699,2006-10-01
MX-TAM,2006,11,21.18905650452522,11.251013087001525,2006-11-01
MX-TAM,2006,12,16.952983682267497,23.623331245216132,2006-12-01
MX-TAM,2007,1,14.839120841092244,9.775071704463002,2007-01-01
MX-TAM,2007,2,17.65487092284379,19.616688183207092,2007-02-01
MX-TAM,2007,3,21.67437949517708,11.35781926156281,2007-03-01
MX-TAM,2007,4,22.985945167661338,20.82625418480102,2007-04-01
MX-TAM,2007,5,26.035170074726906,19.889912478092388,2007-05-01
MX-TAM,2007,6,27.785020625186135,18.364027217284068,2007-06-01
MX-TAM,2007,7,27.637723044605757,49.99137471829804,2007-07-01
MX-TAM,2007,8,27.545012473716774,52.9903699408426,2007-08-01
MX-TAM,2007,9,26.48128524248553,52.6296464370987,2007-09-01
MX-TAM,2007,10,24.15370841964961,13.128466085515747,2007-10-01
MX-TAM,2007,11,20.640123060698425,9.79966986271693,2007-11-01
MX-TAM,2007,12,19.532140343168,3.7770492571949914,2007-12-01
MX-TAM,2008,1,16.727474084714128,10.812849377067067,2008-01-01
MX-TAM,2008,2,20.64911736766487,4.304215380562421,2008-02-01
MX-TAM,2008,3,21.620043339550627,5.061498205847972,2008-03-01
MX-TAM,2008,4,24.55110812682648,14.775122260650436,2008-04-01
MX-TAM,2008,5,27.441194429485886,18.713390292880824,2008-05-01
MX-TAM,2008,6,27.755230884008743,25.30536853787744,2008-06-01
MX-TAM,2008,7,26.677124970920833,84.6059776201194,2008-07-01
MX-TAM,2008,8,27.921101832549393,31.855004856614798,2008-08-01
MX-TAM,2008,9,25.524274277758174,56.8497269109115,2008-09-01
MX-TAM,2008,10,23.29257474132546,21.518605419929074,2008-10-01
MX-TAM,2008,11,20.350323317885366,16.636600699604024,2008-11-01
MX-TAM,2008,12,17.989709887625963,3.615950870636055,2008-12-01
MX-TAM,2009,1,18.090750475712742,4.5531231348810035,2009-01-01
MX-TAM,2009,2,20.19894960784643,6.629382348724072,2009-02-01
MX-TAM,2009,3,21.030655170831547,7.637568985767778,2009-03-01
MX-TAM,2009,4,24.841891587090426,10.135349092135677,2009-04-01
MX-TAM,2009,5,26.916797077604805,23.457127867831613,2009-05-01
MX-TAM,2009,6,28.038007488683732,24.521354390164685,2009-06-01
MX-TAM,2009,7,29.115828128901843,6.303065459104478,2009-07-01
MX-TAM,2009,8,28.892478793902548,14.609884168253382,2009-08-01
MX-TAM,2009,9,26.51339711138203,49.96642425903979,2009-09-01
MX-TAM,2009,10,24.914531536208475,21.463226509835145,2009-10-01
MX-TAM,2009,11,20.174811643195046,8.434196227699438,2009-11-01
MX-TAM,2009,12,15.296639286533784,27.460524534091018,2009-12-01
MX-TAM,2010,1,15.344555602229565,10.337945072260165,2010-01-01
MX-TAM,2010,2,15.2876980828094,28.2541784490047,2010-02-01
MX-TAM,2010,3,19.243685942376775,4.437575586903115,2010-03-01
MX-TAM,2010,4,23.242945590390224,39.882513832368495,2010-04-01
MX-TAM,2010,5,26.85263954860104,10.217240064616737,2010-05-01
MX-TAM,2010,6,28.548623701563915,31.837433355264505,2010-06-01
MX-TAM,2010,7,27.231421553700336,98.39747487990645,2010-07-01
MX-TAM,2010,8,28.48503586227861,13.826013607092314,2010-08-01
MX-TAM,2010,9,26.619454905774283,63.200130519444414,2010-09-01
MX-TAM,2010,10,23.788002012871125,1.6832064338364496,2010-10-01
MX-TAM,2010,11,20.523942599659208,1.4889323373099481,2010-11-01
MX-TAM,2010,12,17.370193762139486,1.5651813693167318,2010-12-01
MX-TAM,2011,1,16.698741016104183,13.93132639548119,2011-01-01
MX-TAM,2011,2,16.746485119670467,2.0586707719064465,2011-02-01
MX-TAM,2011,3,22.285573751837195,4.181769122366399,2011-03-01
MX-TAM,2011,4,26.402677722458012,1.8285304891292125,2011-04-01
MX-TAM,2011,5,27.317808486033343,6.172193234288163,2011-05-01
MX-TAM,2011,6,28.13393325981611,50.556064874183875,2011-06-01
MX-TAM,2011,7,27.716759463050135,32.149298301166596,2011-07-01
MX-TAM,2011,8,29.018453509057764,15.005828068588247,2011-08-01
MX-TAM,2011,9,27.642945596739825,14.27573952635496,2011-09-01
MX-TAM,2011,10,23.938116857896905,7.545315357378152,2011-10-01
MX-TAM,2011,11,21.00564769830655,7.224380201733927,2011-11-01
MX-TAM,2011,12,16.91948544662993,14.496149804545379,2011-12-01
MX-TAM,2012,1,18.13727251598022,9.73537258923152,2012-01-01
MX-TAM,2012,2,18.564650811264592,24.377177395715176,2012-02-01
MX-TAM,2012,3,22.254081960531536,8.771573566475325,2012-03-01
MX-TAM,2012,4,24.85350284956896,22.53171569553787,2012-04-01
MX-TAM,2012,5,26.756785945909474,16.022454263213426,2012-05-01
MX-TAM,2012,6,28.22895326316173,27.76051304562266,2012-06-01
MX-TAM,2012,7,27.883026188880788,20.31326125659632,2012-07-01
MX-TAM,2012,8,28.43772861867244,26.725044529929804,2012-08-01
MX-TAM,2012,9,27.021400681807076,28.611194236490732,2012-09-01
MX-TAM,2012,10,24.912179487237886,9.558091728588227,2012-10-01
MX-TAM,2012,11,21.357272498554348,13.432955700082891,2012-11-01
MX-TAM,2012,12,19.472407253389065,2.0986316389867636,2012-12-01
MX-TAM,2013,1,16.660661686716228,15.695971197472515,2013-01-01
MX-TAM,2013,2,20.6897642788875,3.3777839497114384,2013-02-01
MX-TAM,2013,3,20.652611518768246,4.022783822493021,2013-03-01
MX-TAM,2013,4,23.45806572847646,12.81257540205265,2013-04-01
MX-TAM,2013,5,25.672208111867707,18.223673978357553,2013-05-01
MX-TAM,2013,6,28.294053480692796,15.868129134486805,2013-06-01
MX-TAM,2013,7,27.709627107676248,39.80118807573564,2013-07-01
MX-TAM,2013,8,27.906500182399654,38.1335351617545,2013-08-01
MX-TAM,2013,9,25.99683224727476,95.2308751658064,2013-09-01
MX-TAM,2013,10,24.565140715049218,14.825189753809822,2013-10-01
MX-TAM,2013,11,18.967812095053592,20.41245952913817,2013-11-01
MX-TAM,2013,12,15.739095680287273,31.18958234423905,2013-12-01
MX-TAM,2014,1,14.561519678818346,6.275457759305744,2014-01-01
MX-TAM,2014,2,17.36434141118334,7.522226630110097,2014-02-01
MX-TAM,2014,3,19.281549144915058,16.041998784903743,2014-03-01
MX-TAM,2014,4,23.71166442356467,4.992900339366055,2014-04-01
MX-TAM,2014,5,24.47968856041153,28.569112124681908,2014-05-01
MX-TAM,2014,6,27.40928734411,39.733856307862006,2014-06-01
MX-TAM,2014,7,27.488724364024055,27.24968327908466,2014-07-01
MX-TAM,2014,8,28.498436699255453,17.145947982661305,2014-08-01
MX-TAM,2014,9,26.149837672707825,84.70584547791685,2014-09-01
MX-TAM,2014,10,24.39536369039135,23.91158254228391,2014-10-01
MX-TAM,2014,11,17.449403540154783,23.64911680589931,2014-11-01
MX-TAM,2014,12,18.167151304595336,12.658400571013068,2014-12-01
MX-TAM,2015,1,13.653032772222835,10.628551013719653,2015-01-01
MX-TAM,2015,2,16.235848285983742,9.35550258439735,2015-02-01
MX-TAM,2015,3,18.953725143309406,36.47015691174064,2015-03-01
MX-TAM,2015,4,24.586588256103088,33.56977976453108,2015-04-01
MX-TAM,2015,5,26.179354233842634,30.576246458477144,2015-05-01
MX-TAM,2015,6,27.043164373658822,27.930675694404513,2015-06-01
MX-TAM,2015,7,27.727430574125865,23.484784349409946,2015-07-01
MX-TAM,2015,8,28.199044869857776,24.92110729474221,2015-08-01
MX-TAM,2015,9,26.791414660253984,51.716630000415975,2015-09-01
MX-TAM,2015,10,24.976362857517216,38.438160243052074,2015-10-01
MX-TAM,2015,11,21.726788989077097,20.020072195885238,2015-11-01
MX-TAM,2015,12,18.84228422577185,3.5638707707493635,2015-12-01
MX-TAM,2016,1,15.30461516239822,11.06521713459124,2016-01-01
MX-TAM,2016,2,18.509531898740597,1.065221878098303,2016-02-01
MX-TAM,2016,3,22.067808194335882,15.543965963427018,2016-03-01
MX-TAM,2016,4,24.372789845312,25.128610776738146,2016-04-01
MX-TAM,2016,5,26.65555161166157,18.1986439784577,2016-05-01
MX-TAM,2016,6,27.318295403529977,40.024576345576826,2016-06-01
MX-TAM,2016,7,28.678207077832017,14.309734449142608,2016-07-01
MX-TAM,2016,8,28.505835673525464,31.230045732727653,2016-08-01
MX-TAM,2016,9,27.501685850353855,32.02987600999932,2016-09-01
MX-TAM,2016,10,25.43246951755394,15.07582459025861,2016-10-01
MX-TAM,2016,11,21.665139319031557,37.27630137706998,2016-11-01
MX-TAM,2016,12,19.101951409177072,8.29029249132377,2016-12-01
MX-TAM,2017,1,18.804828855673072,6.632309785529598,2017-01-01
MX-TAM,2017,2,21.993183828388094,4.553914036731373,2017-02-01
MX-TAM,2017,3,22.518625407793706,23.8083311648995,2017-03-01
MX-TAM,2017,4,24.828054936963493,8.3149418654555,2017-04-01
MX-TAM,2017,5,26.707602612145987,18.545315224355274,2017-05-01
MX-TAM,2017,6,28.601218795949748,20.40594732786765,2017-06-01
MX-TAM,2017,7,27.75468867602206,24.395149951360693,2017-07-01
MX-TAM,2017,8,28.849648775688642,21.7231483140094,2017-08-01
MX-TAM,2017,9,26.69319452449484,34.450319632272794,2017-09-01
MX-TAM,2017,10,23.451052843061394,28.015244516316788,2017-10-01
MX-TAM,2017,11,21.724641985217396,6.987356604297496,2017-11-01
MX-TAM,2017,12,16.72167299848818,7.197703646528066,2017-12-01
MX-TAM,2018,1,14.345120866020833,10.801778619067,2018-01-01
MX-TAM,2018,2,20.743389346770268,8.281408042694087,2018-02-01
MX-TAM,2018,3,22.806090360179123,9.609729997591538,2018-03-01
MX-TAM,2018,4,23.541423996717445,16.82573465878564,2018-04-01
MX-TAM,2018,5,26.920069146181767,10.643177105681845,2018-05-01
MX-TAM,2018,6,28.200598076273756,37.58633128239432,2018-06-01
MX-TAM,2018,7,29.003998164972014,11.19594869928328,2018-07-01
MX-TAM,2018,8,28.7733970193659,19.730230153976443,2018-08-01
MX-TAM,2018,9,27.316254442968997,56.34813623229956,2018-09-01
MX-TAM,2018,10,23.492816052769168,30.312352461849972,2018-10-01
MX-TAM,2018,11,18.546464465420982,10.4636818601747,2018-11-01
MX-TAM,2018,12,17.668208541014444,3.859418617768099,2018-12-01
MX-TAM,2019,1,16.86873054697833,11.968589343536877,2019-01-01
MX-TAM,2019,2,19.719080715032106,4.152741639970964,2019-02-01
MX-TAM,2019,3,20.172245773206324,15.97264141820901,2019-03-01
MX-TAM,2019,4,24.07127737978077,2.7983983325483948,2019-04-01
MX-TAM,2019,5,27.699725240145096,18.914524492397085,2019-05-01
MX-TAM,2019,6,28.961019079425608,36.21610599060216,2019-06-01
MX-TAM,2019,7,28.871419345819977,14.325089836317284,2019-07-01
MX-TAM,2019,8,30.014713168215028,5.982329187249305,2019-08-01
MX-TAM,2019,9,27.651778732255874,54.285633822755216,2019-09-01
MX-TAM,2019,10,24.78085128820104,27.427671697884346,2019-10-01
MX-TAM,2019,11,19.613175921287187,10.919367726552705,2019-11-01
MX-TAM,2019,12,18.34057695161793,8.35215787092887,2019-12-01
MX-TAM,2020,1,18.956493760482743,10.05063781152413,2020-01-01
MX-TAM,2020,2,18.61663860357674,4.049852154717364,2020-02-01
MX-TAM,2020,3,23.838987751851917,5.273968886241873,2020-03-01
MX-TAM,2020,4,26.14755848298952,11.76878647245881,2020-04-01
MX-TAM,2020,5,27.077734816054733,32.870382676406564,2020-05-01
MX-TAM,2020,6,27.617643693053605,34.20964384061097,2020-06-01
MX-TAM,2020,7,28.842538863917117,49.900424891502276,2020-07-01
MX-TAM,2020,8,28.502436909257998,16.633894578711185,2020-08-01
MX-TAM,2020,9,26.37434484698039,38.45871229320729,2020-09-01
MX-TAM,2020,10,24.7015048595903,6.314694852284748,2020-10-01
MX-TAM,2020,11,22.528397335403284,5.338699974900646,2020-11-01
MX-TAM,2020,12,17.449345536940477,3.6992569946118117,2020-12-01
MX-TAM,2021,1,17.683029377978897,7.465204281449519,2021-01-01
MX-TAM,2021,2,16.84741153203111,7.084207984245262,2021-02-01
MX-TAM,2021,3,21.831494097567195,4.617984836157333,2021-03-01
MX-TAM,2021,4,24.344893017251547,10.4864242427838,2021-04-01
MX-TAM,2021,5,26.583812715203788,30.952034669232393,2021-05-01
MX-TAM,2021,6,27.42291666014673,34.98049384009704,2021-06-01
MX-TAM,2021,7,27.378293297475846,51.68401985063714,2021-07-01
MX-TAM,2021,8,28.315910181295017,16.40053023586776,2021-08-01
MX-TAM,2021,9,27.458735241302325,25.640854067040667,2021-09-01
MX-TAM,2021,10,25.43095259338554,19.017568115653344,2021-10-01
MX-TAM,2021,11,20.862371883980973,13.975437360224124,2021-11-01
MX-TAM,2021,12,21.328862984285404,5.477171273115728,2021-12-01
MX-TAM,2022,1,16.366184496822857,11.921773676198447,2022-01-01
MX-TAM,2022,2,16.072165696467604,7.605234005032408,2022-02-01
MX-TAM,2022,3,20.523405201487464,1.3516677475032925,2022-03-01
MX-TAM,2022,4,25.558880761379907,13.528428570942667,2022-04-01
MX-TAM,2022,5,28.105778262287348,5.926330834156907,2022-05-01
MX-TAM,2022,6,28.195337310329993,17.795595923173465,2022-06-01
MX-TAM,2022,7,29.194331236950482,12.765905813018769,2022-07-01
MX-TAM,2022,8,28.948251986214004,22.307587944498632,2022-08-01
MX-TAM,2022,9,26.39800298314445,45.07520624484908,2022-09-01
MX-TAM,2022,10,23.865494025605575,13.997845109675865,2022-10-01
MX-TAM,2022,11,19.71820512998964,18.496121262613265,2022-11-01
MX-TAM,2022,12,17.984535209657892,5.118498664391372,2022-12-01
MX-TAM,2023,1,19.925119653822467,2.381650018054019,2023-01-01
MX-TAM,2023,2,19.18065347224993,3.3182987752946778,2023-02-01
MX-TAM,2023,3,23.0299844597201,9.444287071689272,2023-03-01
MX-TAM,2023,4,23.51425934543332,19.998783244105926,2023-04-01
MX-TAM,2023,5,26.29811570220809,22.108176249783703,2023-05-01
MX-TAM,2023,6,29.41552060563844,5.543512086063951,2023-06-01
MX-TAM,2023,7,29.580614987965383,16.872434178102438,2023-07-01
MX-TAM,2023,8,29.766988428784465,14.723164098468304,2023-08-01
MX-TAM,2023,9,29.456660927947958,11.63295868119214,2023-09-01
MX-TAM,2023,10,25.043607646210024,16.759923353738625,2023-10-01
MX-TAM,2023,11,19.468827259132883,22.247480053927806,2023-11-01
MX-TAM,2023,12,18.28052406819818,9.347429251778903,2023-12-01
MX-TAM,2024,1,16.94582126051101,5.107278120988276,2024-01-01
MX-TAM,2024,2,20.02313057067875,13.541377756024506,2024-02-01
MX-TAM,2024,3,23.037215376278212,10.329079198534638,2024-03-01
MX-TAM,2024,4,25.496743177772235,6.23928618841118,2024-04-01
MX-TAM,2024,5,30.07121329992322,4.3225015158043325,2024-05-01
MX-TAM,2024,6,29.266841571755496,72.06420099062456,2024-06-01
MX-TAM,2024,7,27.750198365925364,55.5318364735742,2024-07-01
MX-TAM,2024,8,28.736720358040813,17.110804251994253,2024-08-01
MX-TAM,2024,9,27.20711009957574,64.40071116899105,2024-09-01
MX-TAM,2024,10,24.700398136229175,19.512942495003873,2024-10-01
MX-TAM,2024,11,23.297053961517523,5.561932283791073,2024-11-01
MX-TAM,2024,12,20.07793746333257,8.584019646869471,2024-12-01
MX-TAM,2025,1,15.466356760545048,7.659438498101155,2025-01-01
MX-TAM,2025,2,18.976766177434904,2.977082831418775,2025-02-01
MX-TAM,2025,3,23.16397340046864,8.149884531656815,2025-03-01
MX-TAM,2025,4,25.030006619325725,3.814186539571779,2025-04-01
MX-TAM,2025,5,27.952334442408894,17.736865003787067,2025-05-01
MX-TAM,2025,6,27.91187584232708,53.00083493579622,2025-06-01
MX-TAM,2025,7,27.655662159662434,27.162410467644868,2025-07-01
MX-TAM,2025,8,28.86386211579726,22.025742603221747,2025-08-01
MX-TAM,2025,9,27.275173419408635,54.07582602918838,2025-09-01
MX-TAM,2025,10,25.348085386253288,16.11297827042052,2025-10-01
MX-TAM,2025,11,22.520791124900164,9.189981509016263,2025-11-01
MX-TAM,2025,12,19.620204383373643,8.455088011705097,2025-12-01
MX-TLA,1990,1,11.989880813898079,8.405009679682358,1990-01-01
MX-TLA,1990,2,12.571783412414963,17.65226020445023,1990-02-01
MX-TLA,1990,3,13.93807043533523,15.25135628668432,1990-03-01
MX-TLA,1990,4,15.245183996584894,29.086450849743805,1990-04-01
MX-TLA,1990,5,16.835248560905697,25.169402238093614,1990-05-01
MX-TLA,1990,6,16.23103075604718,46.6625512290562,1990-06-01
MX-TLA,1990,7,15.296542341566337,71.17558907752657,1990-07-01
MX-TLA,1990,8,15.442362976867152,37.78640812175335,1990-08-01
MX-TLA,1990,9,15.263277483643968,42.172615371989494,1990-09-01
MX-TLA,1990,10,14.495749156514275,31.448771063363687,1990-10-01
MX-TLA,1990,11,13.558700581005883,4.516219784625244,1990-11-01
MX-TLA,1990,12,11.8210279830779,3.2941579937358174,1990-12-01
MX-TLA,1991,1,12.063192087284133,2.715270160670994,1991-01-01
MX-TLA,1991,2,13.328468032715401,5.058853444373589,1991-02-01
MX-TLA,1991,3,16.42663314875169,2.1647976844507606,1991-03-01
MX-TLA,1991,4,16.840394110736845,14.264541755649638,1991-04-01
MX-TLA,1991,5,16.576156929083723,34.19701182915762,1991-05-01
MX-TLA,1991,6,16.120392964267058,97.56877573836387,1991-06-01
MX-TLA,1991,7,14.958500333044602,57.260524095722936,1991-07-01
MX-TLA,1991,8,15.426376939242456,37.0609443741388,1991-08-01
MX-TLA,1991,9,14.527148574377554,65.39664421211613,1991-09-01
MX-TLA,1991,10,13.72186833032796,41.328599366868524,1991-10-01
MX-TLA,1991,11,11.70185345008702,9.245205978848205,1991-11-01
MX-TLA,1991,12,11.660697373816216,5.3627952800085215,1991-12-01
MX-TLA,1992,1,11.04894455902207,19.708214808788302,1992-01-01
MX-TLA,1992,2,11.524436227828064,8.8993866302015725,1992-02-01
MX-TLA,1992,3,15.24523734431616,8.79527473335749,1992-03-01
MX-TLA,1992,4,14.545658421953146,26.919063695613023,1992-04-01
MX-TLA,1992,5,14.550861872076503,71.50198008261141,1992-05-01
MX-TLA,1992,6,16.59470195577128,40.72033709095413,1992-06-01
MX-TLA,1992,7,15.455571817406186,45.02495984196935,1992-07-01
MX-TLA,1992,8,15.406477571547255,48.1883583964549,1992-08-01
MX-TLA,1992,9,15.001026916102811,43.32517873664562,1992-09-01
MX-TLA,1992,10,14.074693456806306,34.85296166112377,1992-10-01
MX-TLA,1992,11,12.824953293679707,29.23000469933401,1992-11-01
MX-TLA,1992,12,12.472010464259219,1.192736792603958,1992-12-01
MX-TLA,1993,1,12.49971910946601,5.057844623272926,1993-01-01
MX-TLA,1993,2,13.442815865642107,7.49800804264269,1993-02-01
MX-TLA,1993,3,14.21304413260316,4.320688940466109,1993-03-01
MX-TLA,1993,4,16.04884354260229,19.14771850700562,1993-04-01
MX-TLA,1993,5,15.77178832299346,23.787233663353852,1993-05-01
MX-TLA,1993,6,16.61947361241642,55.20803874738301,1993-06-01
MX-TLA,1993,7,15.610464906161704,34.76733557971156,1993-07-01
MX-TLA,1993,8,15.594042619040144,31.313895868002806,1993-08-01
MX-TLA,1993,9,14.640227528696169,58.29623479850352,1993-09-01
MX-TLA,1993,10,14.486258773496905,19.13867074916879,1993-10-01
MX-TLA,1993,11,13.844975090062983,5.123252953392302,1993-11-01
MX-TLA,1993,12,12.455359130506125,1.0743726835988592,1993-12-01
MX-TLA,1994,1,11.876482300105012,5.23773863096677,1994-01-01
MX-TLA,1994,2,13.684107675598906,3.623110642221417,1994-02-01
MX-TLA,1994,3,15.648618361092794,9.71332632358355,1994-03-01
MX-TLA,1994,4,15.714255298405558,26.448933621734813,1994-04-01
MX-TLA,1994,5,16.677531510526872,26.10120098001054,1994-05-01
MX-TLA,1994,6,15.612384111948264,77.08806329342667,1994-06-01
MX-TLA,1994,7,15.43710164240141,24.62170679371692,1994-07-01
MX-TLA,1994,8,15.086038555502896,79.82044236430038,1994-08-01
MX-TLA,1994,9,14.850584604001437,40.855219368302265,1994-09-01
MX-TLA,1994,10,15.47641252927341,17.576580897042188,1994-10-01
MX-TLA,1994,11,14.088524149570038,2.4168992456049896,1994-11-01
MX-TLA,1994,12,13.47259139448006,3.4579079268524513,1994-12-01
MX-TLA,1995,1,12.796256185098235,11.88370436836707,1995-01-01
MX-TLA,1995,2,13.368591019456753,12.838003574378321,1995-02-01
MX-TLA,1995,3,14.815620318658109,11.828268534435567,1995-03-01
MX-TLA,1995,4,16.770745538823583,13.543687358083398,1995-04-01
MX-TLA,1995,5,17.385804071798756,50.91180059254277,1995-05-01
MX-TLA,1995,6,16.799125307397347,38.26071531912642,1995-06-01
MX-TLA,1995,7,15.3707511491073,51.022557953889034,1995-07-01
MX-TLA,1995,8,15.615735985175396,82.8512157029164,1995-08-01
MX-TLA,1995,9,15.247822318443728,41.44818856338108,1995-09-01
MX-TLA,1995,10,14.31635967517043,14.334173959943206,1995-10-01
MX-TLA,1995,11,13.44289445270484,13.58568125016196,1995-11-01
MX-TLA,1995,12,12.130394213159644,13.528361322358887,1995-12-01
MX-TLA,1996,1,10.957649791598286,0.3402337253467916,1996-01-01
MX-TLA,1996,2,13.357456453874892,2.4963509366275547,1996-02-01
MX-TLA,1996,3,13.983035481432365,6.6264620337963525,1996-03-01
MX-TLA,1996,4,15.753682575388314,18.951883122812475,1996-04-01
MX-TLA,1996,5,17.2795211268528,21.819178855560256,1996-05-01
MX-TLA,1996,6,15.610728815560885,80.98165820368592,1996-06-01
MX-TLA,1996,7,15.695605289435903,38.30092788916866,1996-07-01
MX-TLA,1996,8,15.217530706814546,65.13491910915154,1996-08-01
MX-TLA,1996,9,16.080842856705527,34.566170551805484,1996-09-01
MX-TLA,1996,10,14.809116774948473,33.03052113033671,1996-10-01
MX-TLA,1996,11,12.704279852522733,1.2341884878980436,1996-11-01
MX-TLA,1996,12,12.331005276505381,7.610282940269907,1996-12-01
MX-TLA,1997,1,11.282388174433304,3.1442371330496828,1997-01-01
MX-TLA,1997,2,13.179439868126535,2.678114599235402,1997-02-01
MX-TLA,1997,3,14.619298754649252,23.94984236230245,1997-03-01
MX-TLA,1997,4,14.864042134602547,54.477725359844385,1997-04-01
MX-TLA,1997,5,15.324433748250119,52.30269930964105,1997-05-01
MX-TLA,1997,6,17.175253737928358,30.365935726854172,1997-06-01
MX-TLA,1997,7,15.84792210238905,42.633436439624596,1997-07-01
MX-TLA,1997,8,15.770523959884867,24.66261108821802,1997-08-01
MX-TLA,1997,9,15.53615330426632,38.06295123413478,1997-09-01
MX-TLA,1997,10,14.157650590465929,34.19505364150934,1997-10-01
MX-TLA,1997,11,13.388825258640718,14.254001142683796,1997-11-01
MX-TLA,1997,12,12.265445321252523,8.07975054163859,1997-12-01
MX-TLA,1998,1,11.21231581548641,2.5948671408585153,1998-01-01
MX-TLA,1998,2,12.08111535063166,0.501827057683475,1998-02-01
MX-TLA,1998,3,15.17526610762837,0.5559058002292373,1998-03-01
MX-TLA,1998,4,18.325664325919032,3.7081110553993755,1998-04-01
MX-TLA,1998,5,19.42453638129266,2.4946431773439066,1998-05-01
MX-TLA,1998,6,18.514788379630055,23.456683036233738,1998-06-01
MX-TLA,1998,7,16.54716837235447,27.782043930008104,1998-07-01
MX-TLA,1998,8,16.250741018851336,37.09230010450631,1998-08-01
MX-TLA,1998,9,15.7292491126827,118.39843132391702,1998-09-01
MX-TLA,1998,10,14.46791447597983,33.92791964671277,1998-10-01
MX-TLA,1998,11,14.092173668451137,8.263260624717695,1998-11-01
MX-TLA,1998,12,12.028961896788706,0.1833722934211975,1998-12-01
MX-TLA,1999,1,10.982163273062929,0.3438387882557796,1999-01-01
MX-TLA,1999,2,12.889409416218546,1.4128887853160077,1999-02-01
MX-TLA,1999,3,14.6874266125793,10.964232683478507,1999-03-01
MX-TLA,1999,4,16.894713976966226,10.021336334772075,1999-04-01
MX-TLA,1999,5,16.31763935258496,28.193467959083474,1999-05-01
MX-TLA,1999,6,16.837866272324142,31.93768009239077,1999-06-01
MX-TLA,1999,7,14.960131288727625,48.851942941954675,1999-07-01
MX-TLA,1999,8,15.910861293812411,53.31034870589669,1999-08-01
MX-TLA,1999,9,14.822551071125401,31.576156130279,1999-09-01
MX-TLA,1999,10,12.855186117895197,42.62490551631788,1999-10-01
MX-TLA,1999,11,11.573854649166304,4.936524132824284,1999-11-01
MX-TLA,1999,12,10.216605017412922,3.3867761751243926,1999-12-01
MX-TLA,2000,1,11.191224725019062,0.4779440347266268,2000-01-01
MX-TLA,2000,2,13.026110450995388,1.6266967013116225,2000-02-01
MX-TLA,2000,3,15.184029318679409,8.750356855326386,2000-03-01
MX-TLA,2000,4,15.98057822537782,21.51263830501459,2000-04-01
MX-TLA,2000,5,15.857185180859181,43.99059677412894,2000-05-01
MX-TLA,2000,6,15.595447068706182,71.84521610687456,2000-06-01
MX-TLA,2000,7,15.826721122124086,16.51443532017135,2000-07-01
MX-TLA,2000,8,14.953779295422843,48.40086894163724,2000-08-01
MX-TLA,2000,9,15.305488977406306,33.85209688786806,2000-09-01
MX-TLA,2000,10,14.585749654055032,11.848202725846601,2000-10-01
MX-TLA,2000,11,14.133035953219286,9.672436378982413,2000-11-01
MX-TLA,2000,12,10.488335258183527,3.723632270740083,2000-12-01
MX-TLA,2001,1,11.540852682393217,3.883194078550914,2001-01-01
MX-TLA,2001,2,12.846974837407029,6.292108131587205,2001-02-01
MX-TLA,2001,3,13.945206773424433,8.527097551322672,2001-03-01
MX-TLA,2001,4,16.365417988173565,19.879254358504042,2001-04-01
MX-TLA,2001,5,16.013912878559054,31.377848631142207,2001-05-01
MX-TLA,2001,6,15.321405323661315,59.43608727117879,2001-06-01
MX-TLA,2001,7,15.473981212235694,52.691983197143166,2001-07-01
MX-TLA,2001,8,15.564947894996994,42.3149427498323,2001-08-01
MX-TLA,2001,9,15.353833699556564,42.58700809648986,2001-09-01
MX-TLA,2001,10,13.796095687289805,19.199252522783333,2001-10-01
MX-TLA,2001,11,12.36863049518976,4.121192196285961,2001-11-01
MX-TLA,2001,12,12.130022733868453,9.680657444683982,2001-12-01
MX-TLA,2002,1,11.720658701644382,4.007734175764505,2002-01-01
MX-TLA,2002,2,12.597780270013759,4.831600021129407,2002-02-01
MX-TLA,2002,3,15.184734389086362,7.970640788260521,2002-03-01
MX-TLA,2002,4,16.402575495922083,11.420419214615544,2002-04-01
MX-TLA,2002,5,17.226654681531045,10.411240351735282,2002-05-01
MX-TLA,2002,6,16.228426323085973,59.122480000241154,2002-06-01
MX-TLA,2002,7,15.702040126946045,36.04373500297028,2002-07-01
MX-TLA,2002,8,15.893426730805006,27.0674537407791,2002-08-01
MX-TLA,2002,9,15.575332630375437,68.51667838226795,2002-09-01
MX-TLA,2002,10,15.40038815986225,21.13651096410082,2002-10-01
MX-TLA,2002,11,11.926636241867724,27.924895413537026,2002-11-01
MX-TLA,2002,12,11.508001048112469,1.6698213608810655,2002-12-01
MX-TLA,2003,1,11.057815470827219,5.243696429196576,2003-01-01
MX-TLA,2003,2,13.661123450548477,0.8643986619501127,2003-02-01
MX-TLA,2003,3,15.241586892539923,3.68683497091905,2003-03-01
MX-TLA,2003,4,16.93543378338799,21.258967723569043,2003-04-01
MX-TLA,2003,5,17.963548419844397,17.40741322915029,2003-05-01
MX-TLA,2003,6,16.194218751424522,81.32431503941342,2003-06-01
MX-TLA,2003,7,15.6784582992829,30.112786418444166,2003-07-01
MX-TLA,2003,8,15.71863902766829,38.033535740358886,2003-08-01
MX-TLA,2003,9,15.539275135820654,79.18955467280013,2003-09-01
MX-TLA,2003,10,14.92850950110153,27.619301032295148,2003-10-01
MX-TLA,2003,11,13.726888404025722,3.3765282834024646,2003-11-01
MX-TLA,2003,12,10.307997203208384,1.6267892528582593,2003-12-01
MX-TLA,2004,1,10.633293542329254,6.027102670435437,2004-01-01
MX-TLA,2004,2,12.04188087506842,1.1528134127195235,2004-02-01
MX-TLA,2004,3,14.05034825577678,17.533279666730444,2004-03-01
MX-TLA,2004,4,15.375136640611993,16.670537651256094,2004-04-01
MX-TLA,2004,5,15.721674261512442,37.35790366368129,2004-05-01
MX-TLA,2004,6,15.713517797668448,44.14595438568174,2004-06-01
MX-TLA,2004,7,15.801962197765375,36.31517073606503,2004-07-01
MX-TLA,2004,8,16.19275309923739,22.588552962945077,2004-08-01
MX-TLA,2004,9,15.769769796563189,50.85434456826249,2004-09-01
MX-TLA,2004,10,15.39298704961483,36.45581233577265,2004-10-01
MX-TLA,2004,11,13.347070996340271,1.034806875395732,2004-11-01
MX-TLA,2004,12,11.261566480974217,1.027892084804193,2004-12-01
MX-TLA,2005,1,11.795862678783655,1.110931362769139,2005-01-01
MX-TLA,2005,2,13.64952472792591,3.7364519098661773,2005-02-01
MX-TLA,2005,3,15.199037798693826,4.657505001158292,2005-03-01
MX-TLA,2005,4,16.862969532418692,26.712809798381937,2005-04-01
MX-TLA,2005,5,16.304687611157984,27.77217229457487,2005-05-01
MX-TLA,2005,6,17.63163601929108,34.46658290674556,2005-06-01
MX-TLA,2005,7,16.467262273496868,40.58884001144219,2005-07-01
MX-TLA,2005,8,15.901185463139813,54.255399488106136,2005-08-01
MX-TLA,2005,9,16.065854426683234,24.581369338452394,2005-09-01
MX-TLA,2005,10,14.374691519747063,62.0068131674668,2005-10-01
MX-TLA,2005,11,12.99514626458734,7.478907359867796,2005-11-01
MX-TLA,2005,12,12.226375687372869,5.12570100476633,2005-12-01
MX-TLA,2006,1,11.55804562307723,3.3093104466667302,2006-01-01
MX-TLA,2006,2,13.373506239500468,2.052335833646366,2006-02-01
MX-TLA,2006,3,14.896420835166387,19.716086519221076,2006-03-01
MX-TLA,2006,4,16.233253851656116,14.933355889906302,2006-04-01
MX-TLA,2006,5,15.558519489005246,50.743504976422464,2006-05-01
MX-TLA,2006,6,15.947706543350437,41.23512135842557,2006-06-01
MX-TLA,2006,7,15.560095472822935,45.86534411918477,2006-07-01
MX-TLA,2006,8,15.519485663195319,66.4514771330809,2006-08-01
MX-TLA,2006,9,15.90372725924805,37.30379685183993,2006-09-01
MX-TLA,2006,10,15.60179428152522,22.397455178118232,2006-10-01
MX-TLA,2006,11,12.572377304591726,15.607986348529954,2006-11-01
MX-TLA,2006,12,11.830260908570889,2.195541080371277,2006-12-01
MX-TLA,2007,1,12.656770839893671,5.153457110253408,2007-01-01
MX-TLA,2007,2,13.311725396239698,16.5519873789608,2007-02-01
MX-TLA,2007,3,14.688503051696411,18.88167791252378,2007-03-01
MX-TLA,2007,4,15.660897581716844,28.104983660337773,2007-04-01
MX-TLA,2007,5,15.941580140259497,40.416702521395116,2007-05-01
MX-TLA,2007,6,16.579323347242102,42.91683540567977,2007-06-01
MX-TLA,2007,7,15.85263828818501,63.742036543132684,2007-07-01
MX-TLA,2007,8,15.86568068961897,67.7894251076942,2007-08-01
MX-TLA,2007,9,15.177196179053164,52.5090082986669,2007-09-01
MX-TLA,2007,10,13.775756873266705,27.043487448428056,2007-10-01
MX-TLA,2007,11,12.707937703820722,7.493058436586945,2007-11-01
MX-TLA,2007,12,12.89599861881975,3.5081702041133034,2007-12-01
MX-TLA,2008,1,11.69392647962379,2.176631255827461,2008-01-01
MX-TLA,2008,2,13.908589319915894,5.998298348894711,2008-02-01
MX-TLA,2008,3,14.544074169146366,7.155594220420981,2008-03-01
MX-TLA,2008,4,16.123077816269344,27.782684991870262,2008-04-01
MX-TLA,2008,5,16.96306367374533,22.080875711123323,2008-05-01
MX-TLA,2008,6,15.395986001639576,80.98296355494496,2008-06-01
MX-TLA,2008,7,15.214519619816585,68.53311921677174,2008-07-01
MX-TLA,2008,8,16.353164229978574,44.0177363399567,2008-08-01
MX-TLA,2008,9,15.428199637066278,51.86786323652496,2008-09-01
MX-TLA,2008,10,14.093663012492842,13.724236079924651,2008-10-01
MX-TLA,2008,11,12.808021058123181,0.4222508045852739,2008-11-01
MX-TLA,2008,12,11.991184633983842,0.39296172084407965,2008-12-01
MX-TLA,2009,1,12.214638069046353,2.8812529357670194,2009-01-01
MX-TLA,2009,2,13.316696129731682,3.1183527250674508,2009-02-01
MX-TLA,2009,3,14.94257937482543,5.71574789082676,2009-03-01
MX-TLA,2009,4,17.080386099105976,8.149891582290739,2009-04-01
MX-TLA,2009,5,16.950143301131607,36.76342612482185,2009-05-01
MX-TLA,2009,6,16.80985347877314,32.6699055169634,2009-06-01
MX-TLA,2009,7,16.46740325159676,30.984934779006444,2009-07-01
MX-TLA,2009,8,16.33841556754595,39.96332274509813,2009-08-01
MX-TLA,2009,9,15.665669120513025,78.93207121679106,2009-09-01
MX-TLA,2009,10,15.996017998837626,30.431429390907162,2009-10-01
MX-TLA,2009,11,12.572001044583743,4.1332159931732475,2009-11-01
MX-TLA,2009,12,12.48461556026159,6.1850674318790135,2009-12-01
MX-TLA,2010,1,10.745694511815561,22.516852164972867,2010-01-01
MX-TLA,2010,2,11.42221215247844,27.209102082461747,2010-02-01
MX-TLA,2010,3,15.081160168100528,2.3275527705914287,2010-03-01
MX-TLA,2010,4,15.836013606771632,21.503784527469904,2010-04-01
MX-TLA,2010,5,18.27227030241226,12.260002783794679,2010-05-01
MX-TLA,2010,6,17.66072548649357,32.82845964361113,2010-06-01
MX-TLA,2010,7,15.934016126479069,94.651510026215007,2010-07-01
MX-TLA,2010,8,16.172613114709492,54.56460071610825,2010-08-01
MX-TLA,2010,9,15.685307354008573,68.98873322612417,2010-09-01
MX-TLA,2010,10,14.342500845502196,1.5473064770129092,2010-10-01
MX-TLA,2010,11,12.538729383028146,3.988694272852157,2010-11-01
MX-TLA,2010,12,10.35067240947104,0.16494003386199013,2010-12-01
MX-TLA,2011,1,12.115025024148677,1.3915524340971999,2011-01-01
MX-TLA,2011,2,13.717551979970205,2.28735155411539,2011-02-01
MX-TLA,2011,3,15.108789449530532,8.552718200606245,2011-03-01
MX-TLA,2011,4,17.390627469369438,16.141233480180244,2011-04-01
MX-TLA,2011,5,17.84746252554748,20.07980405815984,2011-05-01
MX-TLA,2011,6,16.808066218216975,35.89686582777532,2011-06-01
MX-TLA,2011,7,15.590473452354614,65.1795010162943,2011-07-01
MX-TLA,2011,8,16.522723465618295,43.36508391353033,2011-08-01
MX-TLA,2011,9,15.538740717436648,41.315205300041455,2011-09-01
MX-TLA,2011,10,13.766525334553492,26.659133876072584,2011-10-01
MX-TLA,2011,11,13.455661688238617,7.92107496229055,2011-11-01
MX-TLA,2011,12,12.521700137780666,2.7310933376624824,2011-12-01
MX-TLA,2012,1,12.080136796923307,5.456471506741595,2012-01-01
MX-TLA,2012,2,13.116737179842856,15.257531569432844,2012-02-01
MX-TLA,2012,3,14.972469453000882,18.7168255082184,2012-03-01
MX-TLA,2012,4,15.094512367917185,13.90443617582896,2012-04-01
MX-TLA,2012,5,17.08182263818025,20.73691973997353,2012-05-01
MX-TLA,2012,6,16.524001793994394,62.489605119621416,2012-06-01
MX-TLA,2012,7,15.17290962226502,63.865251881952965,2012-07-01
MX-TLA,2012,8,15.636970679398882,65.48150292958165,2012-08-01
MX-TLA,2012,9,15.64359688722418,33.79833137978555,2012-09-01
MX-TLA,2012,10,14.758631309165485,6.76848255098189,2012-10-01
MX-TLA,2012,11,12.901339027408454,4.10279663253121,2012-11-01
MX-TLA,2012,12,12.592710297743855,0.3896513989126921,2012-12-01
MX-TLA,2013,1,12.420345632690942,5.729269316189575,2013-01-01
MX-TLA,2013,2,15.02920218449324,0.7327124105839005,2013-02-01
MX-TLA,2013,3,13.971838697507664,13.953001782428899,2013-03-01
MX-TLA,2013,4,17.079943439607998,19.149205415955,2013-04-01
MX-TLA,2013,5,17.09899890132498,23.757338282239708,2013-05-01
MX-TLA,2013,6,16.83434013281121,55.798956373036596,2013-06-01
MX-TLA,2013,7,16.140899030400767,52.762306205901844,2013-07-01
MX-TLA,2013,8,16.019554360733725,49.969560505228856,2013-08-01
MX-TLA,2013,9,15.53026507365196,92.90392510500928,2013-09-01
MX-TLA,2013,10,15.299192458050864,33.539777352804485,2013-10-01
MX-TLA,2013,11,13.369051559450446,19.758092125647867,2013-11-01
MX-TLA,2013,12,12.835823658236185,4.462257095257759,2013-12-01
MX-TLA,2014,1,11.074764349261292,6.813101146274892,2014-01-01
MX-TLA,2014,2,14.640020283607246,1.897839483112306,2014-02-01
MX-TLA,2014,3,15.940264316714229,10.710407717893018,2014-03-01
MX-TLA,2014,4,17.003561140368166,12.991842487376381,2014-04-01
MX-TLA,2014,5,16.119722789754068,62.70376219977024,2014-05-01
MX-TLA,2014,6,16.41563415165389,76.48814465283252,2014-06-01
MX-TLA,2014,7,15.5037687636356,49.5817428933012,2014-07-01
MX-TLA,2014,8,16.2340629478967,41.75094712810984,2014-08-01
MX-TLA,2014,9,15.766774384001337,56.79130685536056,2014-09-01
MX-TLA,2014,10,14.663529962173303,47.486656028164376,2014-10-01
MX-TLA,2014,11,13.687747819119569,9.097521582321649,2014-11-01
MX-TLA,2014,12,12.515703010627927,7.520195515134227,2014-12-01
MX-TLA,2015,1,11.58142100891985,3.1122141039420814,2015-01-01
MX-TLA,2015,2,13.072030326817352,5.321939613459724,2015-02-01
MX-TLA,2015,3,13.978357802182437,39.02120667282419,2015-03-01
MX-TLA,2015,4,16.767930787698933,32.402883448791016,2015-04-01
MX-TLA,2015,5,16.206440197983355,53.56063755818484,2015-05-01
MX-TLA,2015,6,16.119657880053918,63.16111901264469,2015-06-01
MX-TLA,2015,7,15.994197462432526,36.14017750747857,2015-07-01
MX-TLA,2015,8,16.547979333154426,48.33781875175015,2015-08-01
MX-TLA,2015,9,15.825558277913084,61.48345959036454,2015-09-01
MX-TLA,2015,10,15.434340323570106,30.50917349404302,2015-10-01
MX-TLA,2015,11,15.209810609632422,17.976328443018705,2015-11-01
MX-TLA,2015,12,13.41023923902374,3.3817408133229208,2015-12-01
MX-TLA,2016,1,11.348701805928826,10.818924829592522,2016-01-01
MX-TLA,2016,2,12.832243942628761,2.0374921052227393,2016-02-01
MX-TLA,2016,3,14.298827253215583,23.43195527596314,2016-03-01
MX-TLA,2016,4,17.377926710002132,17.690742873634164,2016-04-01
MX-TLA,2016,5,18.095131879665274,42.84491410352355,2016-05-01
MX-TLA,2016,6,16.197001928180363,62.942819063194776,2016-06-01
MX-TLA,2016,7,16.419224611098247,43.498112178932814,2016-07-01
MX-TLA,2016,8,16.482408509075434,53.35110646797157,2016-08-01
MX-TLA,2016,9,15.98350560306208,49.14277660141755,2016-09-01
MX-TLA,2016,10,14.969336988261151,14.314496497252486,2016-10-01
MX-TLA,2016,11,13.152216575645209,17.342863898069687,2016-11-01
MX-TLA,2016,12,13.65537485509806,4.81107723327488,2016-12-01
MX-TLA,2017,1,12.52567516732908,0.24853917929778827,2017-01-01
MX-TLA,2017,2,13.922367148364387,1.160003289418856,2017-02-01
MX-TLA,2017,3,14.54589954060248,15.45511400811828,2017-03-01
MX-TLA,2017,4,16.26215111553802,12.694914235918592,2017-04-01
MX-TLA,2017,5,17.78503934037771,51.13488747661538,2017-05-01
MX-TLA,2017,6,16.980942578579786,61.31007311001009,2017-06-01
MX-TLA,2017,7,15.669290936466135,66.34499850497865,2017-07-01
MX-TLA,2017,8,16.711632012105515,81.64120603620715,2017-08-01
MX-TLA,2017,9,15.84763682443682,87.05689595331349,2017-09-01
MX-TLA,2017,10,14.901805112666962,17.35271151676073,2017-10-01
MX-TLA,2017,11,13.279981554480429,0.8043096101067481,2017-11-01
MX-TLA,2017,12,11.90649037442887,0.2487040255937174,2017-12-01
MX-TLA,2018,1,10.62943958543934,5.1272488807916785,2018-01-01
MX-TLA,2018,2,14.288778208232761,5.811020032823462,2018-02-01
MX-TLA,2018,3,16.27810048960589,11.136691190610147,2018-03-01
MX-TLA,2018,4,15.97756641237303,31.42365755567551,2018-04-01
MX-TLA,2018,5,16.933300424966898,27.651460897285542,2018-05-01
MX-TLA,2018,6,16.15972046617968,83.107646659563585,2018-06-01
MX-TLA,2018,7,16.075605339988886,26.227362736442725,2018-07-01
MX-TLA,2018,8,15.704908652512055,56.53746781727421,2018-08-01
MX-TLA,2018,9,16.319813551672397,58.03379314384782,2018-09-01
MX-TLA,2018,10,15.466073930072392,36.34210923889968,2018-10-01
MX-TLA,2018,11,13.637103168898983,29.18250616410245,2018-11-01
MX-TLA,2018,12,12.105132813694905,1.7247073561986859,2018-12-01
MX-TLA,2019,1,12.260665744113815,1.6902843293340442,2019-01-01
MX-TLA,2019,2,15.061763591061816,1.9489301141440714,2019-02-01
MX-TLA,2019,3,16.245523195850133,7.939146340370703,2019-03-01
MX-TLA,2019,4,16.74941102470056,13.428533228884758,2019-04-01
MX-TLA,2019,5,18.148304814367947,16.31944730729872,2019-05-01
MX-TLA,2019,6,16.7426340107346,66.82545553458489,2019-06-01
MX-TLA,2019,7,15.743323212350537,58.04659156525204,2019-07-01
MX-TLA,2019,8,16.571770433803756,43.00334659042075,2019-08-01
MX-TLA,2019,9,16.25194893356574,51.11492763538237,2019-09-01
MX-TLA,2019,10,15.850613076579089,55.18301682227496,2019-10-01
MX-TLA,2019,11,14.59283090263949,7.160169538448807,2019-11-01
MX-TLA,2019,12,12.70083320485708,1.391257890532431,2019-12-01
MX-TLA,2020,1,12.19127347364435,9.324028635613105,2020-01-01
MX-TLA,2020,2,14.484880603894489,3.2311344947375855,2020-02-01
MX-TLA,2020,3,17.252446992614054,3.275442779373227,2020-03-01
MX-TLA,2020,4,18.299799318469017,17.016533718263013,2020-04-01
MX-TLA,2020,5,17.1952946595572,18.257800704933675,2020-05-01
MX-TLA,2020,6,17.256200972991643,32.065772368633745,2020-06-01
MX-TLA,2020,7,16.737006642757034,48.94023884581859,2020-07-01
MX-TLA,2020,8,16.40703145950979,46.07687923548753,2020-08-01
MX-TLA,2020,9,15.719348365458286,74.9225481256131,2020-09-01
MX-TLA,2020,10,14.605380606561512,8.878571657381181,2020-10-01
MX-TLA,2020,11,13.822619842605576,2.2357165658469045,2020-11-01
MX-TLA,2020,12,12.899700614186369,2.4386961233222517,2020-12-01
MX-TLA,2021,1,12.722151371271115,10.041987348273548,2021-01-01
MX-TLA,2021,2,13.930138079585475,0.48903746965241923,2021-02-01
MX-TLA,2021,3,16.480235483843373,1.9323859999320856,2021-03-01
MX-TLA,2021,4,17.055961971805214,12.694210896482826,2021-04-01
MX-TLA,2021,5,16.84655506698045,34.49391153775797,2021-05-01
MX-TLA,2021,6,15.827630417078037,75.95386695134405,2021-06-01
MX-TLA,2021,7,15.971411548964866,40.95407078023284,2021-07-01
MX-TLA,2021,8,16.01685076368096,79.49655377073597,2021-08-01
MX-TLA,2021,9,15.636680934622337,92.89333002370817,2021-09-01
MX-TLA,2021,10,15.370903519143422,22.02811224611567,2021-10-01
MX-TLA,2021,11,12.644728073540609,2.462110927112002,2021-11-01
MX-TLA,2021,12,13.1202725296104,1.1348276092992868,2021-12-01
MX-TLA,2022,1,11.957220590970188,8.427431294556632,2022-01-01
MX-TLA,2022,2,12.806055304835605,7.141762397921665,2022-02-01
MX-TLA,2022,3,15.12770387182493,4.508589455771872,2022-03-01
MX-TLA,2022,4,16.673599444689433,17.461967299923558,2022-04-01
MX-TLA,2022,5,17.592181309554615,16.14772183399943,2022-05-01
MX-TLA,2022,6,16.254000247828188,30.486055484244776,2022-06-01
MX-TLA,2022,7,16.54458290779082,37.66829575505905,2022-07-01
MX-TLA,2022,8,15.982378808205405,53.4390916176669,2022-08-01
MX-TLA,2022,9,15.433362096524144,38.877661286197025,2022-09-01
MX-TLA,2022,10,15.409880745223738,22.648514393668655,2022-10-01
MX-TLA,2022,11,14.832854400666864,3.476244177776071,2022-11-01
MX-TLA,2022,12,12.237867929169992,4.814785378542986,2022-12-01
MX-TLA,2023,1,12.65886029628335,0.8773958447137401,2023-01-01
MX-TLA,2023,2,14.025708544425301,1.0216140293542735,2023-02-01
MX-TLA,2023,3,16.163941208208666,12.179776998945945,2023-03-01
MX-TLA,2023,4,16.612743485140808,19.90612792882274,2023-04-01
MX-TLA,2023,5,16.615938410467898,37.9642462712942,2023-05-01
MX-TLA,2023,6,18.78273984032925,16.09116170460878,2023-06-01
MX-TLA,2023,7,16.78549506910313,35.58634653626688,2023-07-01
MX-TLA,2023,8,16.489165719272048,49.48186238802735,2023-08-01
MX-TLA,2023,9,17.03709741368601,20.802305779945947,2023-09-01
MX-TLA,2023,10,16.08823204581789,22.277855770537638,2023-10-01
MX-TLA,2023,11,14.76182263914047,11.596633678247109,2023-11-01
MX-TLA,2023,12,11.948333011416278,10.848613907103664,2023-12-01
MX-TLA,2024,1,13.57679214569348,4.36126631149785,2024-01-01
MX-TLA,2024,2,15.00491647138106,3.4843890019501744,2024-02-01
MX-TLA,2024,3,17.74203684270087,1.6685378449737691,2024-03-01
MX-TLA,2024,4,18.553260569157267,7.393489033324416,2024-04-01
MX-TLA,2024,5,20.370949491192178,14.68586818183472,2024-05-01
MX-TLA,2024,6,18.38900244952487,46.86279679696569,2024-06-01
MX-TLA,2024,7,16.59552877759093,86.3148433049847,2024-07-01
MX-TLA,2024,8,16.463545561069793,57.79652410088798,2024-08-01
MX-TLA,2024,9,16.484021273274653,79.93626868321,2024-09-01
MX-TLA,2024,10,14.129186935468384,25.724008755002725,2024-10-01
MX-TLA,2024,11,13.838376471252245,7.0124019373030855,2024-11-01
MX-TLA,2024,12,12.23736421504893,3.7408311835576957,2024-12-01
MX-TLA,2025,1,12.632249714708788,3.793531634747684,2025-01-01
MX-TLA,2025,2,14.18365911145457,11.506677818502059,2025-02-01
MX-TLA,2025,3,16.31339359356683,8.298986445002198,2025-03-01
MX-TLA,2025,4,16.38972666217507,8.197068943703531,2025-04-01
MX-TLA,2025,5,17.550953601381213,49.20265366714923,2025-05-01
MX-TLA,2025,6,15.746240640762215,83.39304371960517,2025-06-01
MX-TLA,2025,7,15.755265628799282,35.320230936585034,2025-07-01
MX-TLA,2025,8,16.188214851151113,44.60554229611586,2025-08-01
MX-TLA,2025,9,16.371912813712342,47.503540950235745,2025-09-01
MX-TLA,2025,10,14.987757103644174,32.377311979027276,2025-10-01
MX-TLA,2025,11,13.595844564195902,1.839184788922705,2025-11-01
MX-TLA,2025,12,12.689860703097205,10.74765832978004,2025-12-01
MX-VER,1990,1,19.59773276049538,26.442038586593952,1990-01-01
MX-VER,1990,2,20.669764092639507,24.407641951675128,1990-02-01
MX-VER,1990,3,21.881574576247424,19.499725148692388,1990-03-01
MX-VER,1990,4,24.49562461742965,36.64936276787495,1990-04-01
MX-VER,1990,5,26.57073287574829,33.59333193767074,1990-05-01
MX-VER,1990,6,25.841714112558517,72.45647491663836,1990-06-01
MX-VER,1990,7,25.089162740772274,81.79793185260895,1990-07-01
MX-VER,1990,8,25.139409509379046,97.3582047579967,1990-08-01
MX-VER,1990,9,24.812475690946385,80.1617809478747,1990-09-01
MX-VER,1990,10,23.28209318709755,54.967609667177626,1990-10-01
MX-VER,1990,11,21.631210075855627,38.26292041775912,1990-11-01
MX-VER,1990,12,19.179866519545243,21.375570658455132,1990-12-01
MX-VER,1991,1,20.2408695109673,26.713728505484887,1991-01-01
MX-VER,1991,2,19.81409499732326,22.98866333708829,1991-02-01
MX-VER,1991,3,23.84943150923811,8.100492892815655,1991-03-01
MX-VER,1991,4,26.067576592424647,18.330380476829227,1991-04-01
MX-VER,1991,5,27.04429473937261,26.866704091746758,1991-05-01
MX-VER,1991,6,26.288885692616425,88.10117025950815,1991-06-01
MX-VER,1991,7,25.029166889722614,79.64283947093047,1991-07-01
MX-VER,1991,8,25.53576811552269,54.68233583560309,1991-08-01
MX-VER,1991,9,24.303709683848997,102.56640560746467,1991-09-01
MX-VER,1991,10,23.395305152529993,98.89260199538313,1991-10-01
MX-VER,1991,11,20.038959271917786,47.04716164713196,1991-11-01
MX-VER,1991,12,19.95152053556542,32.16035028621207,1991-12-01
MX-VER,1992,1,18.212847979107902,40.74894136618141,1992-01-01
MX-VER,1992,2,19.562566574082904,21.972501346557014,1992-02-01
MX-VER,1992,3,22.393357166598815,37.98598067981874,1992-03-01
MX-VER,1992,4,23.519090176799903,45.5167236973234,1992-04-01
MX-VER,1992,5,24.25422563802253,47.646894596954496,1992-05-01
MX-VER,1992,6,26.465590187994312,45.27525725853066,1992-06-01
MX-VER,1992,7,25.164648025572426,76.25441877610254,1992-07-01
MX-VER,1992,8,24.944662247552355,67.7594375320957,1992-08-01
MX-VER,1992,9,24.515186156518713,87.44276380390927,1992-09-01
MX-VER,1992,10,23.253198381965596,64.8111738054249,1992-10-01
MX-VER,1992,11,21.174029996587333,44.313854089467924,1992-11-01
MX-VER,1992,12,21.12638270432808,15.502654386231166,1992-12-01
MX-VER,1993,1,20.356823220067323,18.94890908037017,1993-01-01
MX-VER,1993,2,20.830169601845594,17.981495107972147,1993-02-01
MX-VER,1993,3,21.86714630031971,19.122530421675012,1993-03-01
MX-VER,1993,4,24.376624973686102,23.74590243727837,1993-04-01
MX-VER,1993,5,25.53478985270526,42.34863001535665,1993-05-01
MX-VER,1993,6,25.6966790829127,117.15353343398529,1993-06-01
MX-VER,1993,7,25.51823567986326,52.799302586171336,1993-07-01
MX-VER,1993,8,25.195677619616994,70.15999880873308,1993-08-01
MX-VER,1993,9,24.343213612470823,112.38674815406802,1993-09-01
MX-VER,1993,10,23.51258702933733,43.51441829128287,1993-10-01
MX-VER,1993,11,21.08581932674628,36.03351496336947,1993-11-01
MX-VER,1993,12,19.896158647881588,21.696878363168114,1993-12-01
MX-VER,1994,1,19.059330311461686,25.89368330952577,1994-01-01
MX-VER,1994,2,20.158770090391155,24.012479772047318,1994-02-01
MX-VER,1994,3,22.11401541779229,12.368659061654435,1994-03-01
MX-VER,1994,4,24.402530936058444,28.496263525693262,1994-04-01
MX-VER,1994,5,26.1723822690559,24.46105450010147,1994-05-01
MX-VER,1994,6,26.385405173995064,45.636747501105106,1994-06-01
MX-VER,1994,7,26.04939100871843,31.165954485230888,1994-07-01
MX-VER,1994,8,25.23462425814517,77.28975507303129,1994-08-01
MX-VER,1994,9,24.743112682608434,60.19652740881962,1994-09-01
MX-VER,1994,10,24.631498770691973,33.923026863596526,1994-10-01
MX-VER,1994,11,23.265467932163787,29.530925446667705,1994-11-01
MX-VER,1994,12,21.13479203816749,29.00505683570191,1994-12-01
MX-VER,1995,1,20.14093636267416,27.379997965440566,1995-01-01
MX-VER,1995,2,21.01436993912775,14.454085776354885,1995-02-01
MX-VER,1995,3,22.733292009912937,24.78166741824814,1995-03-01
MX-VER,1995,4,24.86549588335235,29.08258766910765,1995-04-01
MX-VER,1995,5,27.914460440807048,18.42887398097965,1995-05-01
MX-VER,1995,6,26.70669738469256,45.69008155980556,1995-06-01
MX-VER,1995,7,25.57377285491201,78.1960974319511,1995-07-01
MX-VER,1995,8,25.598248866264232,91.31667610845017,1995-08-01
MX-VER,1995,9,25.122657808316763,68.63390349674619,1995-09-01
MX-VER,1995,10,23.916019190142034,62.22848319682956,1995-10-01
MX-VER,1995,11,22.038664842800184,44.85452415900934,1995-11-01
MX-VER,1995,12,20.202522363747015,28.661955177671278,1995-12-01
MX-VER,1996,1,18.096763444515307,12.099559299388496,1996-01-01
MX-VER,1996,2,19.99498831368197,15.811215554382418,1996-02-01
MX-VER,1996,3,20.986275253824594,19.774817279285916,1996-03-01
MX-VER,1996,4,23.684081657219217,32.67758438089875,1996-04-01
MX-VER,1996,5,26.355784956048264,15.01209249608437,1996-05-01
MX-VER,1996,6,25.798994572255715,79.88545795299304,1996-06-01
MX-VER,1996,7,25.931429185878667,50.62679182762588,1996-07-01
MX-VER,1996,8,25.27597437148883,93.67100266954415,1996-08-01
MX-VER,1996,9,26.111158334775837,66.34802591165912,1996-09-01
MX-VER,1996,10,24.12977056015841,57.40440366093683,1996-10-01
MX-VER,1996,11,21.43338784884752,31.809628323493303,1996-11-01
MX-VER,1996,12,20.02351233647498,24.470212748315628,1996-12-01
MX-VER,1997,1,18.995994999108387,21.425867103521245,1997-01-01
MX-VER,1997,2,20.098555317338754,18.81378151532088,1997-02-01
MX-VER,1997,3,23.03448312556298,37.31466854997142,1997-03-01
MX-VER,1997,4,24.06578122937291,37.13229366898127,1997-04-01
MX-VER,1997,5,25.30048847651073,50.38465264434929,1997-05-01
MX-VER,1997,6,26.653598324789503,49.84291865611489,1997-06-01
MX-VER,1997,7,25.788600674358314,60.00436460911072,1997-07-01
MX-VER,1997,8,25.91091900002703,45.07730385413907,1997-08-01
MX-VER,1997,9,24.96913201949877,76.59306857370598,1997-09-01
MX-VER,1997,10,23.17318179120767,85.3859714787768,1997-10-01
MX-VER,1997,11,22.26010844949544,48.736672120606144,1997-11-01
MX-VER,1997,12,18.734825771169668,20.79145859420181,1997-12-01
MX-VER,1998,1,20.16034191569032,22.86942497617915,1998-01-01
MX-VER,1998,2,21.021377055166486,9.296248443958412,1998-02-01
MX-VER,1998,3,22.160571267206553,27.700318259573113,1998-03-01
MX-VER,1998,4,24.54209507458229,17.010095999074203,1998-04-01
MX-VER,1998,5,27.234247789052866,3.3889441319735902,1998-05-01
MX-VER,1998,6,27.89241602796652,32.135360460726986,1998-06-01
MX-VER,1998,7,25.947886028571958,69.75647572615404,1998-07-01
MX-VER,1998,8,25.973177773652033,61.334371319494075,1998-08-01
MX-VER,1998,9,25.696137111503685,128.9361693343578,1998-09-01
MX-VER,1998,10,23.774989213166535,122.42060758316389,1998-10-01
MX-VER,1998,11,22.742241829407984,59.840761785700856,1998-11-01
MX-VER,1998,12,19.814317826087752,20.909677122358048,1998-12-01
MX-VER,1999,1,19.05869623080936,12.428881149771156,1999-01-01
MX-VER,1999,2,20.662587982676094,17.191798474780118,1999-02-01
MX-VER,1999,3,22.783172405862587,13.976833503183048,1999-03-01
MX-VER,1999,4,25.539424505366828,13.344996414931067,1999-04-01
MX-VER,1999,5,27.10723814431206,16.062645695735533,1999-05-01
MX-VER,1999,6,26.30913907061015,48.355225332617856,1999-06-01
MX-VER,1999,7,25.059950312643622,93.84815628153679,1999-07-01
MX-VER,1999,8,25.71817493068794,59.57159089557344,1999-08-01
MX-VER,1999,9,24.63748325802966,109.46209141620649,1999-09-01
MX-VER,1999,10,22.326793057577927,113.05854045337934,1999-10-01
MX-VER,1999,11,20.387261207277493,30.441516745764844,1999-11-01
MX-VER,1999,12,18.620475121982537,33.27937709511034,1999-12-01
MX-VER,2000,1,19.44742256726046,17.025469560458482,2000-01-01
MX-VER,2000,2,20.61385893678148,13.869485622898463,2000-02-01
MX-VER,2000,3,23.795962264281673,11.402189386208175,2000-03-01
MX-VER,2000,4,24.553569352968374,19.9021287099756,2000-04-01
MX-VER,2000,5,26.014764883277593,51.72160273684975,2000-05-01
MX-VER,2000,6,25.241734126663843,73.54370739539715,2000-06-01
MX-VER,2000,7,25.673968112068593,38.7676444019603,2000-07-01
MX-VER,2000,8,24.964899721796023,78.37818111202711,2000-08-01
MX-VER,2000,9,25.172873149092243,70.42582900831322,2000-09-01
MX-VER,2000,10,22.929711551790323,50.10185135972201,2000-10-01
MX-VER,2000,11,21.873760576148406,35.06254318073801,2000-11-01
MX-VER,2000,12,18.24069540643217,31.629925101599568,2000-12-01
MX-VER,2001,1,18.255064458373162,18.072107736898708,2001-01-01
MX-VER,2001,2,20.34570648868586,28.642905249643924,2001-02-01
MX-VER,2001,3,22.034258356862292,20.69465782238842,2001-03-01
MX-VER,2001,4,24.6269715841456,31.162349169599608,2001-04-01
MX-VER,2001,5,24.95115158806886,42.33301762200553,2001-05-01
MX-VER,2001,6,25.838177129536795,52.678895697247086,2001-06-01
MX-VER,2001,7,25.593298699344015,57.22860058872622,2001-07-01
MX-VER,2001,8,25.411729332577014,77.79499654998111,2001-08-01
MX-VER,2001,9,25.06903415318907,102.37396115905331,2001-09-01
MX-VER,2001,10,23.132956081887613,81.32215866931861,2001-10-01
MX-VER,2001,11,21.45133845490613,23.458004357514042,2001-11-01
MX-VER,2001,12,19.669559795524137,22.957194818859627,2001-12-01
MX-VER,2002,1,18.747243447496498,15.340774937383905,2002-01-01
MX-VER,2002,2,18.29606033511638,25.128822058904404,2002-02-01
MX-VER,2002,3,21.74253317185106,10.667494121532465,2002-03-01
MX-VER,2002,4,24.80083494737074,9.35945099962376,2002-04-01
MX-VER,2002,5,25.866612228971654,25.293933808018807,2002-05-01
MX-VER,2002,6,25.862688870012708,84.8665949914171,2002-06-01
MX-VER,2002,7,25.393363189945184,58.870123046878156,2002-07-01
MX-VER,2002,8,25.849330391440798,39.805232179160534,2002-08-01
MX-VER,2002,9,25.5864978320201,76.90061910257351,2002-09-01
MX-VER,2002,10,24.833105145653985,47.247510007273455,2002-10-01
MX-VER,2002,11,20.823980537259363,60.310713616020536,2002-11-01
MX-VER,2002,12,19.340587917063235,18.803091651069327,2002-12-01
MX-VER,2003,1,17.78392833647189,26.498813750606065,2003-01-01
MX-VER,2003,2,20.639686365787572,11.959575244424991,2003-02-01
MX-VER,2003,3,23.419660087942916,12.708169096659589,2003-03-01
MX-VER,2003,4,24.64363392375588,16.307706987824833,2003-04-01
MX-VER,2003,5,27.5077276390595,22.94792374533031,2003-05-01
MX-VER,2003,6,26.625210624401596,54.01904139102259,2003-06-01
MX-VER,2003,7,25.645281265161355,46.6702942418083,2003-07-01
MX-VER,2003,8,25.60772771788609,49.30607198940531,2003-08-01
MX-VER,2003,9,25.35260820395581,110.61652436890519,2003-09-01
MX-VER,2003,10,23.853564172877764,61.8027146287843,2003-10-01
MX-VER,2003,11,21.617148867252087,38.31137509451768,2003-11-01
MX-VER,2003,12,17.9782401264989,17.369885681001143,2003-12-01
MX-VER,2004,1,18.959715601737102,26.36326799200113,2004-01-01
MX-VER,2004,2,19.339516130246885,15.104190395052143,2004-02-01
MX-VER,2004,3,22.32188510549098,28.209809917875948,2004-03-01
MX-VER,2004,4,23.75550106559108,36.3066116227965,2004-04-01
MX-VER,2004,5,24.87438520443096,54.2315224832761,2004-05-01
MX-VER,2004,6,25.620193423870475,66.94730020048041,2004-06-01
MX-VER,2004,7,25.70253346521338,52.02215282831838,2004-07-01
MX-VER,2004,8,25.95964027176056,44.749247393115624,2004-08-01
MX-VER,2004,9,25.160663033215354,68.11824415440002,2004-09-01
MX-VER,2004,10,24.918883844416214,58.000865264947016,2004-10-01
MX-VER,2004,11,22.135670150328004,19.35910150304399,2004-11-01
MX-VER,2004,12,18.874682280327,22.219458227813693,2004-12-01
MX-VER,2005,1,19.75580753456201,14.697733817413217,2005-01-01
MX-VER,2005,2,20.013112731084995,24.377509927705585,2005-02-01
MX-VER,2005,3,22.340821982879202,21.732471013637344,2005-03-01
MX-VER,2005,4,24.237777155913797,13.508049109036842,2005-04-01
MX-VER,2005,5,25.76636956649213,38.521766332017656,2005-05-01
MX-VER,2005,6,26.77258867420382,97.9844498178135,2005-06-01
MX-VER,2005,7,26.065289888477835,63.658620690466734,2005-07-01
MX-VER,2005,8,25.665914716869853,79.87604152906417,2005-08-01
MX-VER,2005,9,25.432632823618935,60.56567761339264,2005-09-01
MX-VER,2005,10,23.764219234377478,97.49044872835958,2005-10-01
MX-VER,2005,11,20.96223086744279,34.6746199287521,2005-11-01
MX-VER,2005,12,19.710374583267306,26.46484061995462,2005-12-01
MX-VER,2006,1,19.335784502123055,28.48130879120712,2006-01-01
MX-VER,2006,2,19.903682976414974,15.9821506137511,2006-02-01
MX-VER,2006,3,22.806983671462444,15.175622274555067,2006-03-01
MX-VER,2006,4,25.263437737247596,10.120372169892377,2006-04-01
MX-VER,2006,5,26.02611055513485,38.36520860599784,2006-05-01
MX-VER,2006,6,25.568819120380684,63.49072384718691,2006-06-01
MX-VER,2006,7,25.383377743433524,97.45102412475076,2006-07-01
MX-VER,2006,8,25.622552710351094,67.11225555220253,2006-08-01
MX-VER,2006,9,25.726587099848203,77.22195515587839,2006-09-01
MX-VER,2006,10,24.640494011241202,75.26751942059914,2006-10-01
MX-VER,2006,11,21.503769202697402,43.80893293231854,2006-11-01
MX-VER,2006,12,19.534126857132538,52.13373908873658,2006-12-01
MX-VER,2007,1,18.687270754021565,28.336572979033413,2007-01-01
MX-VER,2007,2,19.849637209655693,35.36562062469132,2007-02-01
MX-VER,2007,3,22.188696449460007,12.943374930592276,2007-03-01
MX-VER,2007,4,24.14594271496094,25.962485712259298,2007-04-01
MX-VER,2007,5,25.83558419809902,23.53915278139713,2007-05-01
MX-VER,2007,6,26.515575954469416,32.22624608421333,2007-06-01
MX-VER,2007,7,26.22039468036098,53.51995233149359,2007-07-01
MX-VER,2007,8,25.741516516280633,113.45820896054941,2007-08-01
MX-VER,2007,9,25.141105979061503,87.03825964292182,2007-09-01
MX-VER,2007,10,23.585126792584003,66.99665896861477,2007-10-01
MX-VER,2007,11,21.35796807987049,42.95402141452182,2007-11-01
MX-VER,2007,12,21.042726226618193,18.78324558023738,2007-12-01
MX-VER,2008,1,19.33087787358424,32.76262172920918,2008-01-01
MX-VER,2008,2,21.52817039060998,15.587566520826796,2008-02-01
MX-VER,2008,3,21.946299636534288,15.038345467559319,2008-03-01
MX-VER,2008,4,24.646353068128356,35.04968980060832,2008-04-01
MX-VER,2008,5,26.7482301451126,30.78717002699677,2008-05-01
MX-VER,2008,6,25.422907233382368,97.26790881439263,2008-06-01
MX-VER,2008,7,25.448227000206938,88.61950979347581,2008-07-01
MX-VER,2008,8,26.453769634324185,62.613754333467796,2008-08-01
MX-VER,2008,9,24.77750376423133,129.81634039835345,2008-09-01
MX-VER,2008,10,23.13696076882569,63.34760136776852,2008-10-01
MX-VER,2008,11,20.98338560427283,20.46956827657647,2008-11-01
MX-VER,2008,12,19.826370059453197,14.561920518575686,2008-12-01
MX-VER,2009,1,19.59536976183618,23.530763985242448,2009-01-01
MX-VER,2009,2,20.58639125497282,17.695681287017617,2009-02-01
MX-VER,2009,3,22.11787020984224,12.2867299593437,2009-03-01
MX-VER,2009,4,24.901171549842466,25.448029845653807,2009-04-01
MX-VER,2009,5,26.191699474132278,31.72005924162685,2009-05-01
MX-VER,2009,6,26.420814981972025,53.30457553971685,2009-06-01
MX-VER,2009,7,26.288855924907992,52.57173338515166,2009-07-01
MX-VER,2009,8,26.03915048997349,62.440652226977924,2009-08-01
MX-VER,2009,9,25.50570935762362,106.19353194908628,2009-09-01
MX-VER,2009,10,25.060993195142792,71.29297311393897,2009-10-01
MX-VER,2009,11,21.064898599384666,47.3705394463107,2009-11-01
MX-VER,2009,12,19.595688796378113,41.53331913961832,2009-12-01
MX-VER,2010,1,17.679852702272417,33.25952151177227,2010-01-01
MX-VER,2010,2,18.024430470942537,29.74865193395143,2010-02-01
MX-VER,2010,3,20.341744362044743,14.49531863329,2010-03-01
MX-VER,2010,4,24.001675162130415,41.0966758085143,2010-04-01
MX-VER,2010,5,26.550511020765807,14.331592591571663,2010-05-01
MX-VER,2010,6,27.12784011456024,55.89020156849266,2010-06-01
MX-VER,2010,7,25.7802856778627,141.0075289009223,2010-07-01
MX-VER,2010,8,25.93589447310722,95.91295148870971,2010-08-01
MX-VER,2010,9,25.36030032627325,130.59857273362064,2010-09-01
MX-VER,2010,10,23.029089498357088,26.796538052283704,2010-10-01
MX-VER,2010,11,21.376037446551475,15.355304881382226,2010-11-01
MX-VER,2010,12,18.57539949194552,13.675110525172034,2010-12-01
MX-VER,2011,1,19.620607075964603,30.69714435194575,2011-01-01
MX-VER,2011,2,19.516621612351848,12.274504023136991,2011-02-01
MX-VER,2011,3,22.879168174616133,17.17534292194608,2011-03-01
MX-VER,2011,4,26.45569040400561,9.519948829554242,2011-04-01
MX-VER,2011,5,27.114810117774145,16.637224551653627,2011-05-01
MX-VER,2011,6,26.346682620098516,69.70079273870485,2011-06-01
MX-VER,2011,7,25.57277317245404,99.44989398205897,2011-07-01
MX-VER,2011,8,26.264149648479684,58.62238216010581,2011-08-01
MX-VER,2011,9,25.4691899243216,63.104495847359175,2011-09-01
MX-VER,2011,10,23.19218659328492,42.00025890984684,2011-10-01
MX-VER,2011,11,21.369037821738168,40.69649430894587,2011-11-01
MX-VER,2011,12,19.415881604322017,22.97941745435614,2011-12-01
MX-VER,2012,1,19.79450249556896,34.37351002451435,2012-01-01
MX-VER,2012,2,20.752306012666693,29.65953366525501,2012-02-01
MX-VER,2012,3,23.07374092178093,12.545487944577248,2012-03-01
MX-VER,2012,4,24.611871257882612,23.363612705063847,2012-04-01
MX-VER,2012,5,25.93429201643403,38.250934989934244,2012-05-01
MX-VER,2012,6,26.174491613886538,79.81112902074577,2012-06-01
MX-VER,2012,7,25.326756051910586,66.26298157001852,2012-07-01
MX-VER,2012,8,25.79866778498821,96.03300950754792,2012-08-01
MX-VER,2012,9,25.34028376515071,73.40481489105724,2012-09-01
MX-VER,2012,10,24.02217968549242,42.53967227606566,2012-10-01
MX-VER,2012,11,21.316051984206844,31.371294237660823,2012-11-01
MX-VER,2012,12,20.580110227022722,17.343156878732884,2012-12-01
MX-VER,2013,1,19.32307888427396,20.05518904367793,2013-01-01
MX-VER,2013,2,21.849682136289264,18.886380874632273,2013-02-01
MX-VER,2013,3,21.393231344468756,16.48422460080174,2013-03-01
MX-VER,2013,4,24.615945537918858,18.31964134305872,2013-04-01
MX-VER,2013,5,25.446732972177944,48.593916650296215,2013-05-01
MX-VER,2013,6,26.20605722052255,84.55290667573709,2013-06-01
MX-VER,2013,7,25.980210334801185,65.78712155546708,2013-07-01
MX-VER,2013,8,25.736762095382574,85.98228542074814,2013-08-01
MX-VER,2013,9,25.18768790311997,132.88163523138064,2013-09-01
MX-VER,2013,10,24.48560454448391,94.3235534828211,2013-10-01
MX-VER,2013,11,21.185235532028756,76.83744891904297,2013-11-01
MX-VER,2013,12,19.412502881329903,35.71442788855388,2013-12-01
MX-VER,2014,1,17.447694999029718,20.636890196753697,2014-01-01
MX-VER,2014,2,20.59969400646724,11.93443129787775,2014-02-01
MX-VER,2014,3,22.33782608061854,24.34922536846192,2014-03-01
MX-VER,2014,4,24.871700380360654,20.429011459443597,2014-04-01
MX-VER,2014,5,24.687231022131122,58.8567624922578,2014-05-01
MX-VER,2014,6,26.02205376798564,78.9016766395861,2014-06-01
MX-VER,2014,7,25.79116784388754,66.77244274440251,2014-07-01
MX-VER,2014,8,26.426263118056575,45.75429705637156,2014-08-01
MX-VER,2014,9,25.28276634787902,112.94035571110321,2014-09-01
MX-VER,2014,10,24.105391607267986,83.41753096332378,2014-10-01
MX-VER,2014,11,20.21963830208513,37.29182476957927,2014-11-01
MX-VER,2014,12,19.998873263641194,22.738101279291705,2014-12-01
MX-VER,2015,1,17.693077503471,37.77010285066216,2015-01-01
MX-VER,2015,2,18.85906365560506,18.157274186775293,2015-02-01
MX-VER,2015,3,20.844374000853772,53.08895592285937,2015-03-01
MX-VER,2015,4,25.679560445824837,28.45813994027648,2015-04-01
MX-VER,2015,5,26.027367628239695,32.02378481691489,2015-05-01
MX-VER,2015,6,25.944739533429082,61.74153186184603,2015-06-01
MX-VER,2015,7,26.141999417190963,47.87511217315743,2015-07-01
MX-VER,2015,8,26.583028771464157,55.597007851297505,2015-08-01
MX-VER,2015,9,25.88939022195196,84.30895139358311,2015-09-01
MX-VER,2015,10,25.03511712431973,81.03371184357933,2015-10-01
MX-VER,2015,11,23.312314234945816,73.42114769571761,2015-11-01
MX-VER,2015,12,21.314525228072654,23.543720884286166,2015-12-01
MX-VER,2016,1,18.1633766150593,20.423346693371027,2016-01-01
MX-VER,2016,2,19.40619507444481,14.511892720420942,2016-02-01
MX-VER,2016,3,23.186134998658982,26.847803161339606,2016-03-01
MX-VER,2016,4,25.122877675755074,28.69885895339462,2016-04-01
MX-VER,2016,5,26.988368453801698,24.307756887039822,2016-05-01
MX-VER,2016,6,26.403565194052558,78.64133166776915,2016-06-01
MX-VER,2016,7,26.351075566689236,58.31174758137743,2016-07-01
MX-VER,2016,8,26.378780164728884,80.00680911005824,2016-08-01
MX-VER,2016,9,25.77487308876967,83.4619950113552,2016-09-01
MX-VER,2016,10,24.354183174593455,59.159676309759426,2016-10-01
MX-VER,2016,11,22.025522721934138,48.80781460265346,2016-11-01
MX-VER,2016,12,21.26504185128649,36.5577231946796,2016-12-01
MX-VER,2017,1,20.299936961745047,13.82569311220654,2017-01-01
MX-VER,2017,2,22.18715378019815,13.607378379002837,2017-02-01
MX-VER,2017,3,22.903346617610953,33.333468354276484,2017-03-01
MX-VER,2017,4,25.130503874152303,15.532241490956958,2017-04-01
MX-VER,2017,5,26.80120083434127,42.55128055859397,2017-05-01
MX-VER,2017,6,26.690552635451052,64.77970245720893,2017-06-01
MX-VER,2017,7,25.59664166552899,87.63542201120828,2017-07-01
MX-VER,2017,8,26.666223969413714,66.62075302127255,2017-08-01
MX-VER,2017,9,25.447356937215265,125.45440253491675,2017-09-01
MX-VER,2017,10,23.79367169639224,88.10942696894641,2017-10-01
MX-VER,2017,11,22.02886566139028,14.589467515576121,2017-11-01
MX-VER,2017,12,19.382232564088508,16.00374414045738,2017-12-01
MX-VER,2018,1,17.468976930374552,45.049220992176416,2018-01-01
MX-VER,2018,2,21.86908175237917,21.134095676299683,2018-02-01
MX-VER,2018,3,23.37875006485463,30.33180690085942,2018-03-01
MX-VER,2018,4,24.363581434411632,47.95830959070227,2018-04-01
MX-VER,2018,5,26.355935736372864,17.859729104618904,2018-05-01
MX-VER,2018,6,26.590773438004458,67.56760285703612,2018-06-01
MX-VER,2018,7,26.56919624557883,33.42889832541952,2018-07-01
MX-VER,2018,8,25.978197279340545,73.36897848837515,2018-08-01
MX-VER,2018,9,26.29922227247327,62.81089924677956,2018-09-01
MX-VER,2018,10,24.40162329434283,103.5936380826867,2018-10-01
MX-VER,2018,11,21.305334475950325,34.21627340024757,2018-11-01
MX-VER,2018,12,20.122796622008273,22.53713285143152,2018-12-01
MX-VER,2019,1,19.47942397780029,22.19702231238797,2019-01-01
MX-VER,2019,2,21.96471238513447,11.087816005637974,2019-02-01
MX-VER,2019,3,21.982985506996425,17.750108351100955,2019-03-01
MX-VER,2019,4,24.484863499569823,8.201352001341016,2019-04-01
MX-VER,2019,5,27.988061829230055,21.564103791201394,2019-05-01
MX-VER,2019,6,27.206918093412465,68.90683697241289,2019-06-01
MX-VER,2019,7,26.602224104160808,43.62088606610819,2019-07-01
MX-VER,2019,8,27.71399950155856,27.439538557428683,2019-08-01
MX-VER,2019,9,26.52991083615084,59.28509545600587,2019-09-01
MX-VER,2019,10,25.062372561784102,101.27711816748845,2019-10-01
MX-VER,2019,11,21.897700283604344,40.22233878288522,2019-11-01
MX-VER,2019,12,20.320391988829517,17.238438180354176,2019-12-01
MX-VER,2020,1,20.51761908974205,37.40738961011173,2020-01-01
MX-VER,2020,2,20.934947253364257,22.8144608651796,2020-02-01
MX-VER,2020,3,24.1199953297521,7.272568033646121,2020-03-01
MX-VER,2020,4,27.19775301212099,16.964117865941276,2020-04-01
MX-VER,2020,5,26.872604594490937,53.55318719169609,2020-05-01
MX-VER,2020,6,26.413394247883296,69.44081602667465,2020-06-01
MX-VER,2020,7,27.20853378567011,38.198541164262004,2020-07-01
MX-VER,2020,8,26.397513112249612,76.91008998418481,2020-08-01
MX-VER,2020,9,25.72210766033577,113.82511046717624,2020-09-01
MX-VER,2020,10,24.43154322215109,30.177112430498767,2020-10-01
MX-VER,2020,11,22.670065106219713,56.31707677876382,2020-11-01
MX-VER,2020,12,19.33706717879514,14.87810955824915,2020-12-01
MX-VER,2021,1,19.905748282222714,26.994016265867433,2021-01-01
MX-VER,2021,2,20.298161700548484,17.844760355404265,2021-02-01
MX-VER,2021,3,23.104872333262286,11.937102869758299,2021-03-01
MX-VER,2021,4,25.0802126191365,17.386904775067105,2021-04-01
MX-VER,2021,5,26.677294548104165,48.21722674824902,2021-05-01
MX-VER,2021,6,26.128131591706154,86.29317373805371,2021-06-01
MX-VER,2021,7,26.22623249206762,58.823814229438725,2021-07-01
MX-VER,2021,8,26.350071186747325,70.01362757414286,2021-08-01
MX-VER,2021,9,25.995413012658414,66.86269265591464,2021-09-01
MX-VER,2021,10,25.290523726976932,50.23346409351268,2021-10-01
MX-VER,2021,11,21.712675407368746,32.9414243089721,2021-11-01
MX-VER,2021,12,21.87910299398973,9.848906791380918,2021-12-01
MX-VER,2022,1,19.369552774107017,26.548169772105023,2022-01-01
MX-VER,2022,2,19.035261611898015,21.387731148830937,2022-02-01
MX-VER,2022,3,21.790439472665096,11.217795720490548,2022-03-01
MX-VER,2022,4,25.58317945917196,12.88540205494556,2022-04-01
MX-VER,2022,5,27.513604089520797,17.003536667346836,2022-05-01
MX-VER,2022,6,25.9341143107013,70.4349154356892,2022-06-01
MX-VER,2022,7,26.527553352143794,49.298964211167856,2022-07-01
MX-VER,2022,8,26.757943773256166,47.49181618823564,2022-08-01
MX-VER,2022,9,24.852014060788594,126.31171491695392,2022-09-01
MX-VER,2022,10,23.736499120163078,58.57019736579523,2022-10-01
MX-VER,2022,11,22.28648967252942,27.54097850622734,2022-11-01
MX-VER,2022,12,20.168082347309333,27.105641606521292,2022-12-01
MX-VER,2023,1,21.017621702754035,14.020792980315155,2023-01-01
MX-VER,2023,2,20.92138467588914,17.04187970379031,2023-02-01
MX-VER,2023,3,23.976553015690175,17.553782452772325,2023-03-01
MX-VER,2023,4,24.7892983296211,38.20656245131894,2023-04-01
MX-VER,2023,5,26.00594917662378,23.463896300655456,2023-05-01
MX-VER,2023,6,28.393842500282645,33.80992165875856,2023-06-01
MX-VER,2023,7,26.987316004477723,65.1528662902919,2023-07-01
MX-VER,2023,8,27.089849372175998,59.67899850138295,2023-08-01
MX-VER,2023,9,27.48852460309501,27.26900778502995,2023-09-01
MX-VER,2023,10,25.166484933287308,79.64851250537507,2023-10-01
MX-VER,2023,11,21.61360935685445,50.55014479807683,2023-11-01
MX-VER,2023,12,20.078925651092476,46.375910248658585,2023-12-01
MX-VER,2024,1,20.15721287277823,25.834486537476387,2024-01-01
MX-VER,2024,2,21.20390962108413,12.3802280976852,2024-02-01
MX-VER,2024,3,24.350101760259893,14.628194971558413,2024-03-01
MX-VER,2024,4,26.066027733091698,9.837978684456749,2024-04-01
MX-VER,2024,5,30.044730466010773,4.940236555322637,2024-05-01
MX-VER,2024,6,28.206518458575072,88.35024362907048,2024-06-01
MX-VER,2024,7,26.37324235689445,110.06240326040779,2024-07-01
MX-VER,2024,8,26.51181426906624,58.36412989536085,2024-08-01
MX-VER,2024,9,26.546685815046462,82.17337724160595,2024-09-01
MX-VER,2024,10,24.15131871166752,87.77287108356386,2024-10-01
MX-VER,2024,11,23.73273776504344,23.00603114801842,2024-11-01
MX-VER,2024,12,21.063474116757895,20.80587481014592,2024-12-01
MX-VER,2025,1,19.131773848265496,24.401202063209677,2025-01-01
MX-VER,2025,2,21.538301376134257,25.34238552687265,2025-02-01
MX-VER,2025,3,24.055995637515135,8.12760227489468,2025-03-01
MX-VER,2025,4,24.979129899427654,8.036132042752781,2025-04-01
MX-VER,2025,5,27.62945913290226,36.89109823626467,2025-05-01
MX-VER,2025,6,26.128845284979167,139.24857098208298,2025-06-01
MX-VER,2025,7,26.07168534354678,59.606843609702324,2025-07-01
MX-VER,2025,8,26.556191569966295,52.98437852234427,2025-08-01
MX-VER,2025,9,26.084615624989883,80.18090015451814,2025-09-01
MX-VER,2025,10,24.643373596156703,82.87678315356929,2025-10-01
MX-VER,2025,11,22.583480615912002,35.02372953360194,2025-11-01
MX-VER,2025,12,21.40258006410897,40.62166389791357,2025-12-01
MX-YUC,1990,1,24.168758794083974,6.9834808587910135,1990-01-01
MX-YUC,1990,2,25.008219052060976,9.517457122283922,1990-02-01
MX-YUC,1990,3,24.912023911205605,15.59267129858588,1990-03-01
MX-YUC,1990,4,26.90596011021643,11.931430092417955,1990-04-01
MX-YUC,1990,5,28.71415591365504,26.96498513264001,1990-05-01
MX-YUC,1990,6,28.133051153324867,30.917492962549584,1990-06-01
MX-YUC,1990,7,27.7631640459917,22.648293075244823,1990-07-01
MX-YUC,1990,8,27.62077142629932,40.22742494978791,1990-08-01
MX-YUC,1990,9,26.82144925075389,45.2643203342394,1990-09-01
MX-YUC,1990,10,26.419778459808352,13.711279314778338,1990-10-01
MX-YUC,1990,11,25.210315796771745,7.193090455436328,1990-11-01
MX-YUC,1990,12,23.77969472108239,16.441265474248198,1990-12-01
MX-YUC,1991,1,24.745622389147496,9.394667731796801,1991-01-01
MX-YUC,1991,2,24.17925139420702,5.095635660029783,1991-02-01
MX-YUC,1991,3,26.81542296499863,4.5673257591834435,1991-03-01
MX-YUC,1991,4,28.88419572966682,3.025209045939295,1991-04-01
MX-YUC,1991,5,28.506696558408287,34.97152421992175,1991-05-01
MX-YUC,1991,6,28.451298770225986,22.71264625607425,1991-06-01
MX-YUC,1991,7,27.98273626208441,30.28256741813616,1991-07-01
MX-YUC,1991,8,27.578045699506454,29.88007032675282,1991-08-01
MX-YUC,1991,9,26.660997622225704,57.01068615594895,1991-09-01
MX-YUC,1991,10,25.713812216122065,30.199602260241527,1991-10-01
MX-YUC,1991,11,23.785471988023332,10.888588900975781,1991-11-01
MX-YUC,1991,12,23.648272037805746,34.18165887536786,1991-12-01
MX-YUC,1992,1,23.00586675320804,5.575157624666123,1992-01-01
MX-YUC,1992,2,23.375503467508675,6.170748722702316,1992-02-01
MX-YUC,1992,3,25.782594955026717,5.912988695250143,1992-03-01
MX-YUC,1992,4,26.43559417369375,16.466169069799363,1992-04-01
MX-YUC,1992,5,26.728980927011502,9.533051953517331,1992-05-01
MX-YUC,1992,6,28.52996055476869,36.876482707513475,1992-06-01
MX-YUC,1992,7,27.81970967517199,29.45392440725952,1992-07-01
MX-YUC,1992,8,27.641081712286486,30.527471744554354,1992-08-01
MX-YUC,1992,9,26.973787756076607,36.47289847104178,1992-09-01
MX-YUC,1992,10,25.877521595262344,31.51352527597032,1992-10-01
MX-YUC,1992,11,25.341228495059372,20.45639612855406,1992-11-01
MX-YUC,1992,12,24.13577786320682,1.725218971152502,1992-12-01
MX-YUC,1993,1,24.132242971745775,16.478825251991253,1993-01-01
MX-YUC,1993,2,23.523276202518492,2.2453215689238357,1993-02-01
MX-YUC,1993,3,24.64436997595423,14.48478071138281,1993-03-01
MX-YUC,1993,4,26.678480120850672,9.77148457239785,1993-04-01
MX-YUC,1993,5,27.89779655794049,28.11022904852636,1993-05-01
MX-YUC,1993,6,27.71834282407288,81.33951438451449,1993-06-01
MX-YUC,1993,7,28.16665961535576,18.345665687430415,1993-07-01
MX-YUC,1993,8,28.10244421506566,20.22107138395456,1993-08-01
MX-YUC,1993,9,27.136085551497906,52.611663406014905,1993-09-01
MX-YUC,1993,10,26.35438569966511,33.093482024918096,1993-10-01
MX-YUC,1993,11,25.447322696880313,5.037630000825815,1993-11-01
MX-YUC,1993,12,23.71285416876954,5.261904165725874,1993-12-01
MX-YUC,1994,1,23.33870179635751,17.759561313667177,1994-01-01
MX-YUC,1994,2,25.313215726893908,10.340255417463622,1994-02-01
MX-YUC,1994,3,25.814886257659303,6.542118740124585,1994-03-01
MX-YUC,1994,4,28.011002919195267,11.167344758694588,1994-04-01
MX-YUC,1994,5,29.008229636702218,14.402397110277981,1994-05-01
MX-YUC,1994,6,28.28513746495298,39.89841135374807,1994-06-01
MX-YUC,1994,7,28.365657775884948,24.20360441407603,1994-07-01
MX-YUC,1994,8,28.037513338394366,36.19787696413784,1994-08-01
MX-YUC,1994,9,27.011211729189405,47.05936461601078,1994-09-01
MX-YUC,1994,10,27.232840761471344,15.159529604082309,1994-10-01
MX-YUC,1994,11,25.65866902500527,5.935400824538151,1994-11-01
MX-YUC,1994,12,24.148766434378107,5.466983065492865,1994-12-01
MX-YUC,1995,1,23.831603092658245,7.700231945925373,1995-01-01
MX-YUC,1995,2,24.34806031037027,1.2082545082208982,1995-02-01
MX-YUC,1995,3,25.737900108249747,10.700324887457544,1995-03-01
MX-YUC,1995,4,28.63288750670613,7.830330561111858,1995-04-01
MX-YUC,1995,5,30.868314579686604,2.6772655617526597,1995-05-01
MX-YUC,1995,6,28.96150437669876,32.17788129390505,1995-06-01
MX-YUC,1995,7,28.678035709773447,26.182887109026435,1995-07-01
MX-YUC,1995,8,28.30938467985835,43.741754548151576,1995-08-01
MX-YUC,1995,9,27.46661177677531,55.54268157807716,1995-09-01
MX-YUC,1995,10,25.938079607361882,69.459112087219,1995-10-01
MX-YUC,1995,11,25.18352053303596,4.333761635785228,1995-11-01
MX-YUC,1995,12,23.92834090237173,20.353159206576063,1995-12-01
MX-YUC,1996,1,22.235049213218094,4.1883890940931865,1996-01-01
MX-YUC,1996,2,23.72613965542556,1.4793334969746743,1996-02-01
MX-YUC,1996,3,24.597989106640636,4.987524543510658,1996-03-01
MX-YUC,1996,4,27.36061783110069,17.059147137626244,1996-04-01
MX-YUC,1996,5,28.65506579110654,11.886172214951841,1996-05-01
MX-YUC,1996,6,28.439752075597838,30.2763964007166,1996-06-01
MX-YUC,1996,7,28.27360294706073,29.28651488565603,1996-07-01
MX-YUC,1996,8,27.728849127909378,35.433959127681376,1996-08-01
MX-YUC,1996,9,29.00025161787433,8.82105569748165,1996-09-01
MX-YUC,1996,10,26.616450840509998,29.910458067198228,1996-10-01
MX-YUC,1996,11,25.03771745378668,8.244296108065937,1996-11-01
MX-YUC,1996,12,23.84613477171142,8.334055644903309,1996-12-01
MX-YUC,1997,1,23.4647398636881,7.458310639507338,1997-01-01
MX-YUC,1997,2,25.200785733276692,8.326286352729417,1997-02-01
MX-YUC,1997,3,27.112597876246767,5.764335551951439,1997-03-01
MX-YUC,1997,4,27.986755413374258,19.208830941066466,1997-04-01
MX-YUC,1997,5,28.886201465487783,16.106398356092328,1997-05-01
MX-YUC,1997,6,28.46249124132834,36.81321852224886,1997-06-01
MX-YUC,1997,7,28.559111404643282,19.282989059657194,1997-07-01
MX-YUC,1997,8,28.35278814853103,19.010984941587004,1997-08-01
MX-YUC,1997,9,27.031128596687548,54.54654281442835,1997-09-01
MX-YUC,1997,10,26.209386835324445,22.151505938859945,1997-10-01
MX-YUC,1997,11,25.546322534171413,22.457892677593975,1997-11-01
MX-YUC,1997,12,23.29464845738041,9.452380092390152,1997-12-01
MX-YUC,1998,1,23.748584710291023,7.416471102617209,1998-01-01
MX-YUC,1998,2,24.302761380356667,7.321768336619304,1998-02-01
MX-YUC,1998,3,24.91590187005159,3.3488283134383217,1998-03-01
MX-YUC,1998,4,27.990412456436342,10.672148159407957,1998-04-01
MX-YUC,1998,5,29.343120939627045,24.104148117874573,1998-05-01
MX-YUC,1998,6,30.061159655482978,20.90914760914058,1998-06-01
MX-YUC,1998,7,28.273284994039944,41.749099448571926,1998-07-01
MX-YUC,1998,8,28.182252288974503,45.03439371174143,1998-08-01
MX-YUC,1998,9,27.9233100022766,58.3620229914777,1998-09-01
MX-YUC,1998,10,27.04789356091073,34.33841062679019,1998-10-01
MX-YUC,1998,11,25.213263941092396,23.390763027316606,1998-11-01
MX-YUC,1998,12,23.915646101516497,3.9037261244518735,1998-12-01
MX-YUC,1999,1,23.512426054882223,6.7676666413143645,1999-01-01
MX-YUC,1999,2,24.167261782693437,2.7536328207594325,1999-02-01
MX-YUC,1999,3,25.692636726889965,6.000332606842775,1999-03-01
MX-YUC,1999,4,28.428525990750153,5.350685044969282,1999-04-01
MX-YUC,1999,5,29.468199823168174,9.011632511571563,1999-05-01
MX-YUC,1999,6,27.037710490157718,49.381831391571716,1999-06-01
MX-YUC,1999,7,26.95257167991137,40.833901783952356,1999-07-01
MX-YUC,1999,8,27.71176144941371,38.528453035112605,1999-08-01
MX-YUC,1999,9,27.422375500821605,43.88455820199897,1999-09-01
MX-YUC,1999,10,25.580721495346946,49.948129272789956,1999-10-01
MX-YUC,1999,11,23.211837376513646,13.105153297948533,1999-11-01
MX-YUC,1999,12,22.598915597377637,14.70684088644212,1999-12-01
MX-YUC,2000,1,22.884630916392553,2.391358495455214,2000-01-01
MX-YUC,2000,2,23.915108650086957,2.453039883818273,2000-02-01
MX-YUC,2000,3,26.7243604787114,1.6024193855425026,2000-03-01
MX-YUC,2000,4,27.510655259549363,6.213507758308168,2000-04-01
MX-YUC,2000,5,29.23381523002411,12.590001770737375,2000-05-01
MX-YUC,2000,6,27.60184540938512,30.208756466987456,2000-06-01
MX-YUC,2000,7,28.6020473960501,13.57236419745873,2000-07-01
MX-YUC,2000,8,27.232264683519066,40.30877735371364,2000-08-01
MX-YUC,2000,9,27.21040792026808,45.63059895877563,2000-09-01
MX-YUC,2000,10,25.703646536315418,20.49556022842353,2000-10-01
MX-YUC,2000,11,25.558847298528672,10.4388662866751,2000-11-01
MX-YUC,2000,12,22.81855851761737,5.506129313664027,2000-12-01
MX-YUC,2001,1,22.187057737972058,1.539009808143128,2001-01-01
MX-YUC,2001,2,25.9341657372054,3.228137330169012,2001-02-01
MX-YUC,2001,3,25.942319186024264,2.8952139459045694,2001-03-01
MX-YUC,2001,4,27.67556640941771,11.873694674806458,2001-04-01
MX-YUC,2001,5,27.29212713054624,28.870389847237163,2001-05-01
MX-YUC,2001,6,28.374586723146482,23.92894337824529,2001-06-01
MX-YUC,2001,7,28.108642831031126,21.97819402435595,2001-07-01
MX-YUC,2001,8,28.309723603193444,26.464595545854984,2001-08-01
MX-YUC,2001,9,27.812668485340357,40.17787561902069,2001-09-01
MX-YUC,2001,10,26.689904805017388,24.193206050121763,2001-10-01
MX-YUC,2001,11,24.661101703467455,13.852733405680322,2001-11-01
MX-YUC,2001,12,24.427333175421456,15.65868540209566,2001-12-01
MX-YUC,2002,1,23.583749219757447,4.6571970921651005,2002-01-01
MX-YUC,2002,2,23.729770627728936,20.310862722408213,2002-02-01
MX-YUC,2002,3,26.03386697880071,4.3278478151186,2002-03-01
MX-YUC,2002,4,28.576823871194183,1.5770871969097342,2002-04-01
MX-YUC,2002,5,29.111940884213702,18.973213127935193,2002-05-01
MX-YUC,2002,6,27.63479446026018,57.20615381927031,2002-06-01
MX-YUC,2002,7,28.59788488245197,19.961073141244725,2002-07-01
MX-YUC,2002,8,28.553790114219986,15.86489090079906,2002-08-01
MX-YUC,2002,9,27.112736583891866,169.33137214930494,2002-09-01
MX-YUC,2002,10,26.681515863922137,16.780788036137558,2002-10-01
MX-YUC,2002,11,24.811642092224172,7.0057859212526195,2002-11-01
MX-YUC,2002,12,23.23266960072547,9.572110341828003,2002-12-01
MX-YUC,2003,1,20.772973066016842,6.707747632091264,2003-01-01
MX-YUC,2003,2,25.27658415324759,3.8351453703584664,2003-02-01
MX-YUC,2003,3,27.405477530180292,5.861272204706242,2003-03-01
MX-YUC,2003,4,26.765801878620557,6.737518375266798,2003-04-01
MX-YUC,2003,5,29.842622056909338,9.933157516216106,2003-05-01
MX-YUC,2003,6,29.350327421116692,39.02901117787687,2003-06-01
MX-YUC,2003,7,28.23449687315627,18.319360540196993,2003-07-01
MX-YUC,2003,8,28.280442053585272,27.718630721988212,2003-08-01
MX-YUC,2003,9,28.033011246670906,28.390925714945293,2003-09-01
MX-YUC,2003,10,27.085551394007478,17.01979582650695,2003-10-01
MX-YUC,2003,11,25.495876302113086,14.652335773808204,2003-11-01
MX-YUC,2003,12,22.124445614054242,5.511050803827111,2003-12-01
MX-YUC,2004,1,23.436714361421082,2.4518790138044353,2004-01-01
MX-YUC,2004,2,24.184103795942626,6.683337286770141,2004-02-01
MX-YUC,2004,3,26.180958846697237,2.0298227395639583,2004-03-01
MX-YUC,2004,4,26.81636725897154,12.499608428116794,2004-04-01
MX-YUC,2004,5,28.048707048183275,22.89939882050207,2004-05-01
MX-YUC,2004,6,29.29523430910585,22.054223378303767,2004-06-01
MX-YUC,2004,7,28.307551189988246,24.950353397996405,2004-07-01
MX-YUC,2004,8,28.848570654524437,21.232406363943582,2004-08-01
MX-YUC,2004,9,27.835828974250163,26.84426199690335,2004-09-01
MX-YUC,2004,10,27.434787299445265,23.001523022727746,2004-10-01
MX-YUC,2004,11,25.943115048914812,5.140851323974616,2004-11-01
MX-YUC,2004,12,23.956174326390702,2.5059541517314345,2004-12-01
MX-YUC,2005,1,23.488614227783337,1.030842858782147,2005-01-01
MX-YUC,2005,2,24.821710800365512,1.6080333261981559,2005-02-01
MX-YUC,2005,3,26.628709167866997,5.234767227368548,2005-03-01
MX-YUC,2005,4,27.410002994734814,2.4599271706423225,2005-04-01
MX-YUC,2005,5,28.67344993746928,15.001566677472372,2005-05-01
MX-YUC,2005,6,28.159029832046446,44.27672665563903,2005-06-01
MX-YUC,2005,7,28.256167279723353,40.39083300276277,2005-07-01
MX-YUC,2005,8,28.4669050094921,28.45477402292593,2005-08-01
MX-YUC,2005,9,27.921462656736228,35.17803907765535,2005-09-01
MX-YUC,2005,10,25.81146253875017,67.58676072239514,2005-10-01
MX-YUC,2005,11,24.689935131430346,11.38675764143941,2005-11-01
MX-YUC,2005,12,23.968047894365533,8.453733543765985,2005-12-01
MX-YUC,2006,1,23.675977373311774,8.197844950688085,2006-01-01
MX-YUC,2006,2,23.62175057642824,1.69496905784313,2006-02-01
MX-YUC,2006,3,25.893206997803286,4.11868509497322,2006-03-01
MX-YUC,2006,4,28.35621911985965,0.5692382564005245,2006-04-01
MX-YUC,2006,5,28.413012919764675,19.576578217985286,2006-05-01
MX-YUC,2006,6,28.10279102162055,34.62352759311466,2006-06-01
MX-YUC,2006,7,28.299373364604428,23.54407271951456,2006-07-01
MX-YUC,2006,8,28.120740851974144,32.42603415782088,2006-08-01
MX-YUC,2006,9,28.33401161925233,24.1105962337331,2006-09-01
MX-YUC,2006,10,27.609777639769522,23.958714640819487,2006-10-01
MX-YUC,2006,11,24.240888719306774,17.571967407854288,2006-11-01
MX-YUC,2006,12,23.986932416585162,25.992396481891,2006-12-01
MX-YUC,2007,1,24.60226445623276,9.017043865862076,2007-01-01
MX-YUC,2007,2,24.152334715301574,20.70790603195854,2007-02-01
MX-YUC,2007,3,25.489618421575884,5.0102823774252645,2007-03-01
MX-YUC,2007,4,26.96233783569826,3.4532967704964275,2007-04-01
MX-YUC,2007,5,27.847126061509588,17.341239570719424,2007-05-01
MX-YUC,2007,6,28.35522818840559,19.50060548048621,2007-06-01
MX-YUC,2007,7,28.91419687298512,16.00068447419448,2007-07-01
MX-YUC,2007,8,27.759192438659607,39.19957260314251,2007-08-01
MX-YUC,2007,9,27.17271385242506,41.56241740462856,2007-09-01
MX-YUC,2007,10,26.109216466054168,50.75801457597801,2007-10-01
MX-YUC,2007,11,24.02695043362274,5.359203611008757,2007-11-01
MX-YUC,2007,12,24.120127016106512,2.113824656229612,2007-12-01
MX-YUC,2008,1,23.202878477256252,7.048815297340258,2008-01-01
MX-YUC,2008,2,25.011548374437105,11.985881502217575,2008-02-01
MX-YUC,2008,3,24.936078170217144,11.437632361889762,2008-03-01
MX-YUC,2008,4,26.73273609701846,8.072217824078288,2008-04-01
MX-YUC,2008,5,29.13219338718694,12.857797310892911,2008-05-01
MX-YUC,2008,6,27.186301536546626,38.94716342084442,2008-06-01
MX-YUC,2008,7,27.686166299563148,29.18486292218764,2008-07-01
MX-YUC,2008,8,28.741714022206303,9.158716472807193,2008-08-01
MX-YUC,2008,9,27.96528768558262,47.339481340669224,2008-09-01
MX-YUC,2008,10,25.68274274389893,34.765559011810836,2008-10-01
MX-YUC,2008,11,22.939973099414413,1.6083441449910716,2008-11-01
MX-YUC,2008,12,23.212409830272538,4.310366399167249,2008-12-01
MX-YUC,2009,1,22.905977068992698,8.777274063653897,2009-01-01
MX-YUC,2009,2,23.562585020587544,2.9452677788271586,2009-02-01
MX-YUC,2009,3,24.982353706388725,2.220817689093788,2009-03-01
MX-YUC,2009,4,27.655747760733266,2.1922778555896834,2009-04-01
MX-YUC,2009,5,28.954154945681253,7.729389420373355,2009-05-01
MX-YUC,2009,6,28.800956268345768,29.763580706939585,2009-06-01
MX-YUC,2009,7,29.14383751416731,15.693542226778545,2009-07-01
MX-YUC,2009,8,28.542706071364623,25.162351751339223,2009-08-01
MX-YUC,2009,9,28.45204080157314,25.368774168545325,2009-09-01
MX-YUC,2009,10,28.193775679627894,15.039784144260235,2009-10-01
MX-YUC,2009,11,24.26265148769966,33.42513550024934,2009-11-01
MX-YUC,2009,12,24.22385257149978,9.364624868141338,2009-12-01
MX-YUC,2010,1,21.740207572832404,16.116558636703772,2010-01-01
MX-YUC,2010,2,21.79615987325828,6.348993991830777,2010-02-01
MX-YUC,2010,3,23.01114940701937,4.630234376385418,2010-03-01
MX-YUC,2010,4,26.923178483875798,17.511606462201993,2010-04-01
MX-YUC,2010,5,29.00601591079324,22.940049457204296,2010-05-01
MX-YUC,2010,6,29.485665040453863,35.1418176425062,2010-06-01
MX-YUC,2010,7,27.736635647451067,47.07571088765949,2010-07-01
MX-YUC,2010,8,28.29779794193129,31.871377149681017,2010-08-01
MX-YUC,2010,9,27.71294958629971,44.576274274699855,2010-09-01
MX-YUC,2010,10,25.601105345120846,8.085804824915538,2010-10-01
MX-YUC,2010,11,24.787927219760476,5.094585531082299,2010-11-01
MX-YUC,2010,12,21.07899040433229,1.9301099468716276,2010-12-01
MX-YUC,2011,1,22.750079575624863,7.653908502979906,2011-01-01
MX-YUC,2011,2,24.073341149727387,7.02873549713903,2011-02-01
MX-YUC,2011,3,25.924821833038774,4.586820768671419,2011-03-01
MX-YUC,2011,4,28.94364442200671,1.4605577600875965,2011-04-01
MX-YUC,2011,5,29.5701677434852,1.1737550417091525,2011-05-01
MX-YUC,2011,6,28.186879743333453,51.55283219787908,2011-06-01
MX-YUC,2011,7,27.69302990901034,32.30328299396163,2011-07-01
MX-YUC,2011,8,28.528736981195483,38.21812110504153,2011-08-01
MX-YUC,2011,9,27.51121790472689,45.346723359619126,2011-09-01
MX-YUC,2011,10,25.350573286178196,39.66538532469262,2011-10-01
MX-YUC,2011,11,24.478504430627765,10.850883651824127,2011-11-01
MX-YUC,2011,12,23.60570335499775,3.9057563341359223,2011-12-01
MX-YUC,2012,1,23.610068306565918,15.649703380295234,2012-01-01
MX-YUC,2012,2,24.979634327387885,4.283851495757316,2012-02-01
MX-YUC,2012,3,26.68763963015088,0.9877361809300383,2012-03-01
MX-YUC,2012,4,26.841305441094004,18.91214813964199,2012-04-01
MX-YUC,2012,5,28.23810556693887,32.05568540044382,2012-05-01
MX-YUC,2012,6,27.482397121861318,55.723381882251694,2012-06-01
MX-YUC,2012,7,27.781166041111657,23.919052976641655,2012-07-01
MX-YUC,2012,8,28.280083152857667,28.752986490483377,2012-08-01
MX-YUC,2012,9,27.727393961939065,30.045036790895097,2012-09-01
MX-YUC,2012,10,26.05168222995793,23.521771236514564,2012-10-01
MX-YUC,2012,11,23.53966772837779,2.2745383146194977,2012-11-01
MX-YUC,2012,12,24.082471760473005,2.073644663198546,2012-12-01
MX-YUC,2013,1,24.215546478295003,9.755785162217993,2013-01-01
MX-YUC,2013,2,25.05632620195263,2.7356513562182703,2013-02-01
MX-YUC,2013,3,23.932906083932266,2.24502231457336,2013-03-01
MX-YUC,2013,4,28.066339348705927,4.4796284343527075,2013-04-01
MX-YUC,2013,5,28.270011593477346,14.703885318454585,2013-05-01
MX-YUC,2013,6,27.606332748111942,45.215106903411595,2013-06-01
MX-YUC,2013,7,27.264218326373065,36.19910812508106,2013-07-01
MX-YUC,2013,8,27.28210824930737,55.08003996767386,2013-08-01
MX-YUC,2013,9,26.5278435519887,58.29627391305388,2013-09-01
MX-YUC,2013,10,26.447995048669284,42.67145753265169,2013-10-01
MX-YUC,2013,11,25.0245795762949,33.18486885568517,2013-11-01
MX-YUC,2013,12,24.645673382123455,11.377254607056937,2013-12-01
MX-YUC,2014,1,22.002714359641395,22.75752559702374,2014-01-01
MX-YUC,2014,2,24.718463111108765,6.564254205022183,2014-02-01
MX-YUC,2014,3,26.23721857517362,6.516958023952742,2014-03-01
MX-YUC,2014,4,27.66356737089371,5.617549646081569,2014-04-01
MX-YUC,2014,5,27.487514155820467,29.222911828903193,2014-05-01
MX-YUC,2014,6,27.70918846574801,32.678624894076265,2014-06-01
MX-YUC,2014,7,28.286514656275468,13.007445773636066,2014-07-01
MX-YUC,2014,8,28.260850709513885,19.425392851784533,2014-08-01
MX-YUC,2014,9,27.00922959549207,49.81973251066786,2014-09-01
MX-YUC,2014,10,26.25821713247259,40.57141217934211,2014-10-01
MX-YUC,2014,11,23.611998829344582,9.362059773810234,2014-11-01
MX-YUC,2014,12,23.346171577980186,3.3531646188471678,2014-12-01
MX-YUC,2015,1,23.232681447138564,3.035557180740765,2015-01-01
MX-YUC,2015,2,22.912856340130954,7.119627581782185,2015-02-01
MX-YUC,2015,3,26.37737325794966,5.5481718892020515,2015-03-01
MX-YUC,2015,4,28.660120155921746,2.790839063675306,2015-04-01
MX-YUC,2015,5,28.827260218156212,2.5835508314235076,2015-05-01
MX-YUC,2015,6,27.8740884720779,21.90905144658965,2015-06-01
MX-YUC,2015,7,28.5616171449199,9.389759092035638,2015-07-01
MX-YUC,2015,8,28.270455605639874,25.348417961063774,2015-08-01
MX-YUC,2015,9,27.752946745688583,32.70792904358831,2015-09-01
MX-YUC,2015,10,26.82986358702165,28.249150844501653,2015-10-01
MX-YUC,2015,11,26.20769836008811,19.803314907482218,2015-11-01
MX-YUC,2015,12,25.774486146857043,6.963421086734544,2015-12-01
MX-YUC,2016,1,22.87392463805615,9.746074508188821,2016-01-01
MX-YUC,2016,2,22.56393295494425,6.239701293806443,2016-02-01
MX-YUC,2016,3,26.286590877214877,15.49120392767364,2016-03-01
MX-YUC,2016,4,27.71305268221939,5.1837027800650715,2016-04-01
MX-YUC,2016,5,29.357063638870123,6.973907484211245,2016-05-01
MX-YUC,2016,6,28.211719263669767,35.58975238585971,2016-06-01
MX-YUC,2016,7,28.659662879064566,19.1872281744598,2016-07-01
MX-YUC,2016,8,28.27581068596395,37.39847612701983,2016-08-01
MX-YUC,2016,9,27.956018531595344,35.529367651494184,2016-09-01
MX-YUC,2016,10,26.977470255630454,12.475137040842105,2016-10-01
MX-YUC,2016,11,25.72004193842009,6.42079944277735,2016-11-01
MX-YUC,2016,12,26.059115114626,4.603674649864263,2016-12-01
MX-YUC,2017,1,24.18671494599011,2.992153885138981,2017-01-01
MX-YUC,2017,2,25.51569808931942,1.2477708869102968,2017-02-01
MX-YUC,2017,3,25.92080752642368,0.7633983362513237,2017-03-01
MX-YUC,2017,4,27.688503216856237,11.280871741044525,2017-04-01
MX-YUC,2017,5,29.182624619785944,8.677274664322166,2017-05-01
MX-YUC,2017,6,28.0390573421019,48.95460080079816,2017-06-01
MX-YUC,2017,7,27.994480219094935,23.075042855672407,2017-07-01
MX-YUC,2017,8,28.449500830016873,32.952960595637805,2017-08-01
MX-YUC,2017,9,27.905139958763826,38.959957297305266,2017-09-01
MX-YUC,2017,10,26.290830340220584,31.09066190685476,2017-10-01
MX-YUC,2017,11,24.375259051526005,5.7393620866784305,2017-11-01
MX-YUC,2017,12,23.746689055924257,4.341167671595465,2017-12-01
MX-YUC,2018,1,21.857378869148338,14.869753334978373,2018-01-01
MX-YUC,2018,2,25.64967463229277,1.1987939113879849,2018-02-01
MX-YUC,2018,3,26.08449641326915,2.7930662084243347,2018-03-01
MX-YUC,2018,4,27.145939229973056,16.323129910103766,2018-04-01
MX-YUC,2018,5,27.43829682247912,29.618663293986224,2018-05-01
MX-YUC,2018,6,27.611554646541528,32.23345096991083,2018-06-01
MX-YUC,2018,7,28.242950224249107,16.827355374883986,2018-07-01
MX-YUC,2018,8,27.591981852923784,19.65616980647867,2018-08-01
MX-YUC,2018,9,27.433458073782163,30.440629099349948,2018-09-01
MX-YUC,2018,10,27.138510670591945,12.154866001021801,2018-10-01
MX-YUC,2018,11,25.322861610949143,17.868930459905002,2018-11-01
MX-YUC,2018,12,23.955960062445417,5.249571566279104,2018-12-01
MX-YUC,2019,1,22.725675731979003,9.541817705218898,2019-01-01
MX-YUC,2019,2,25.80671385567145,2.630178467035364,2019-02-01
MX-YUC,2019,3,26.274094344667937,4.7582477382936545,2019-03-01
MX-YUC,2019,4,27.910449623534547,4.579695736494533,2019-04-01
MX-YUC,2019,5,29.921482840275143,6.069395526301266,2019-05-01
MX-YUC,2019,6,29.54305793214923,23.197702641750958,2019-06-01
MX-YUC,2019,7,28.70005470840955,14.315672622734741,2019-07-01
MX-YUC,2019,8,28.73554790023714,20.706098939390635,2019-08-01
MX-YUC,2019,9,28.269473814719934,24.10670761983988,2019-09-01
MX-YUC,2019,10,27.69037772679992,35.35328722541702,2019-10-01
MX-YUC,2019,11,25.249916847092265,14.63722897216146,2019-11-01
MX-YUC,2019,12,23.832137556318994,10.259013499906294,2019-12-01
MX-YUC,2020,1,24.12384382308292,3.9565772189907378,2020-01-01
MX-YUC,2020,2,25.16962119121987,5.713634312700437,2020-02-01
MX-YUC,2020,3,26.889616308680797,0.5775824146621122,2020-03-01
MX-YUC,2020,4,29.917217940221153,3.2354777761749873,2020-04-01
MX-YUC,2020,5,28.807287844454372,23.888903096839833,2020-05-01
MX-YUC,2020,6,27.76460545591676,85.46751188070817,2020-06-01
MX-YUC,2020,7,28.573884231350537,22.682186393984818,2020-07-01
MX-YUC,2020,8,28.404530265166645,27.659785103281042,2020-08-01
MX-YUC,2020,9,28.325939641406837,40.5247017360105,2020-09-01
MX-YUC,2020,10,26.62602035514128,94.0444120345969,2020-10-01
MX-YUC,2020,11,25.58487485474206,19.369940932869135,2020-11-01
MX-YUC,2020,12,23.059198071846954,8.638479228154559,2020-12-01
MX-YUC,2021,1,23.12513803734423,17.88127452519711,2021-01-01
MX-YUC,2021,2,24.326518854969418,5.632846805516552,2021-02-01
MX-YUC,2021,3,26.36373941691151,2.326373707322051,2021-03-01
MX-YUC,2021,4,28.425429193189597,8.14400160526896,2021-04-01
MX-YUC,2021,5,29.03198733975564,14.514497135132146,2021-05-01
MX-YUC,2021,6,27.989830761167823,53.16402578464476,2021-06-01
MX-YUC,2021,7,28.568674374230746,14.719708900310955,2021-07-01
MX-YUC,2021,8,28.091380689280367,32.72672349715363,2021-08-01
MX-YUC,2021,9,27.76650527874833,27.50800762050452,2021-09-01
MX-YUC,2021,10,27.57415116584468,16.05245783685441,2021-10-01
MX-YUC,2021,11,24.52347565802972,12.327288660111924,2021-11-01
MX-YUC,2021,12,25.163930345425996,4.043926312407099,2021-12-01
MX-YUC,2022,1,23.19087860846815,8.307888199059855,2022-01-01
MX-YUC,2022,2,24.359326939822576,14.018007012220197,2022-02-01
MX-YUC,2022,3,26.11465361227617,5.85404293450398,2022-03-01
MX-YUC,2022,4,28.02476638073134,6.581915208887972,2022-04-01
MX-YUC,2022,5,28.68862471807702,20.7342400307758,2022-05-01
MX-YUC,2022,6,27.762867534017982,35.75778763617215,2022-06-01
MX-YUC,2022,7,28.20996054220347,24.276381171105157,2022-07-01
MX-YUC,2022,8,27.42543978568024,37.57435113218757,2022-08-01
MX-YUC,2022,9,27.097178504146882,40.95540453665219,2022-09-01
MX-YUC,2022,10,26.416469399399173,19.25588155962062,2022-10-01
MX-YUC,2022,11,26.158134904190092,13.270602336523789,2022-11-01
MX-YUC,2022,12,24.658334531779445,13.866439814773278,2022-12-01
MX-YUC,2023,1,24.507193478038825,5.684231756665014,2023-01-01
MX-YUC,2023,2,25.162951083592247,4.233174905549273,2023-02-01
MX-YUC,2023,3,26.886999863219472,8.465786070712422,2023-03-01
MX-YUC,2023,4,28.162224452125262,2.2016963940654874,2023-04-01
MX-YUC,2023,5,28.70737774452446,7.812924535017748,2023-05-01
MX-YUC,2023,6,29.867524320254475,13.510696355698842,2023-06-01
MX-YUC,2023,7,29.420891475991,19.199514291168793,2023-07-01
MX-YUC,2023,8,28.75328415332386,36.7714136347043,2023-08-01
MX-YUC,2023,9,28.469331776994483,24.2236851333299,2023-09-01
MX-YUC,2023,10,27.742552034003968,16.193799819814355,2023-10-01
MX-YUC,2023,11,25.947858892044053,20.076174389010475,2023-11-01
MX-YUC,2023,12,23.943323171034923,15.138656300149215,2023-12-01
MX-YUC,2024,1,24.443171888778284,12.73573956105651,2024-01-01
MX-YUC,2024,2,23.435391350786038,4.031291859252578,2024-02-01
MX-YUC,2024,3,27.824830754962885,3.0794808329110244,2024-03-01
MX-YUC,2024,4,28.536241868688883,2.9183853074128283,2024-04-01
MX-YUC,2024,5,31.61512363133951,0.4475668638102703,2024-05-01
MX-YUC,2024,6,28.797251416729374,78.72348853516193,2024-06-01
MX-YUC,2024,7,28.50280242130413,34.537713664012635,2024-07-01
MX-YUC,2024,8,28.225403919234118,43.57886145468572,2024-08-01
MX-YUC,2024,9,28.35297045320132,49.027187193564004,2024-09-01
MX-YUC,2024,10,26.392950590351273,52.38205109016175,2024-10-01
MX-YUC,2024,11,25.721915065142472,10.629773031599234,2024-11-01
MX-YUC,2024,12,23.64632538535387,5.39040606558035,2024-12-01
MX-YUC,2025,1,23.72121221506965,6.450980508816913,2025-01-01
MX-YUC,2025,2,25.424162767657144,6.8858626795191045,2025-02-01
MX-YUC,2025,3,26.50284990415779,1.4127802957604885,2025-03-01
MX-YUC,2025,4,27.36183953785603,1.896317026463774,2025-04-01
MX-YUC,2025,5,30.088043345050558,12.67420619239606,2025-05-01
MX-YUC,2025,6,28.8758041905363,29.938412417485964,2025-06-01
MX-YUC,2025,7,28.584112921409197,16.50909852613102,2025-07-01
MX-YUC,2025,8,28.172583133656214,32.30225255944636,2025-08-01
MX-YUC,2025,9,27.595989336674993,49.07841441839796,2025-09-01
MX-YUC,2025,10,26.57330514760866,38.709603923151,2025-10-01
MX-YUC,2025,11,25.005526670296074,9.224342277680227,2025-11-01
MX-YUC,2025,12,24.721385460566246,11.326773747077254,2025-12-01
MX-ZAC,1990,1,12.761903789455564,6.048997256865401,1990-01-01
MX-ZAC,1990,2,12.81323217496335,9.541693507830784,1990-02-01
MX-ZAC,1990,3,16.646564653270346,3.120753074673832,1990-03-01
MX-ZAC,1990,4,19.330283302178486,2.2911714842847535,1990-04-01
MX-ZAC,1990,5,21.477314654833105,23.31183841566557,1990-05-01
MX-ZAC,1990,6,22.00073405097295,17.21302392678754,1990-06-01
MX-ZAC,1990,7,19.15795580625219,60.333026717090156,1990-07-01
MX-ZAC,1990,8,18.89815807798104,52.47469233233945,1990-08-01
MX-ZAC,1990,9,18.00723829248541,45.510402861071505,1990-09-01
MX-ZAC,1990,10,16.69272831805251,19.11440528691109,1990-10-01
MX-ZAC,1990,11,14.84789805000059,0.7603233106072383,1990-11-01
MX-ZAC,1990,12,13.149451700537155,0.47011809937899535,1990-12-01
MX-ZAC,1991,1,12.363815807006667,0.7424841804239968,1991-01-01
MX-ZAC,1991,2,13.81485008806553,6.6322301406974535,1991-02-01
MX-ZAC,1991,3,17.5343189792345,0.01973178330015181,1991-03-01
MX-ZAC,1991,4,19.97354896035337,0.4938975859612926,1991-04-01
MX-ZAC,1991,5,21.82430731245816,7.664688700354718,1991-05-01
MX-ZAC,1991,6,20.811485909265528,34.31294957016674,1991-06-01
MX-ZAC,1991,7,17.83369203990646,102.99063797654549,1991-07-01
MX-ZAC,1991,8,19.560590565061624,38.83044981248265,1991-08-01
MX-ZAC,1991,9,17.363527444132522,52.448515208774815,1991-09-01
MX-ZAC,1991,10,16.26127404099752,17.83921111965573,1991-10-01
MX-ZAC,1991,11,13.792190625027107,5.204101006813993,1991-11-01
MX-ZAC,1991,12,12.219336456100047,16.527810505134514,1991-12-01
MX-ZAC,1992,1,9.819719145220493,52.522982827132864,1992-01-01
MX-ZAC,1992,2,11.092132942381978,8.219780659331917,1992-02-01
MX-ZAC,1992,3,15.412137469883275,3.9660454559405407,1992-03-01
MX-ZAC,1992,4,17.23679255744872,4.408192982274004,1992-04-01
MX-ZAC,1992,5,18.58425352474583,26.023904213178778,1992-05-01
MX-ZAC,1992,6,22.492221066202827,11.256373229519953,1992-06-01
MX-ZAC,1992,7,20.32743848089377,42.022140528791226,1992-07-01
MX-ZAC,1992,8,19.630005376551036,37.12038531025159,1992-08-01
MX-ZAC,1992,9,19.052952586338254,23.703107454925192,1992-09-01
MX-ZAC,1992,10,16.554361495960592,23.631973148454335,1992-10-01
MX-ZAC,1992,11,13.462804969244285,9.216319445233662,1992-11-01
MX-ZAC,1992,12,14.051422863745286,4.871005149702962,1992-12-01
MX-ZAC,1993,1,12.653771444963178,6.616087663155941,1993-01-01
MX-ZAC,1993,2,13.90642859763362,1.468318565511887,1993-02-01
MX-ZAC,1993,3,15.587384004436782,1.0745511094847178,1993-03-01
MX-ZAC,1993,4,18.726625034503165,1.3705054378516417,1993-04-01
MX-ZAC,1993,5,19.697202613908978,9.36167312716022,1993-05-01
MX-ZAC,1993,6,21.23498539931186,41.40257187690516,1993-06-01
MX-ZAC,1993,7,20.419155062169708,31.882201617829054,1993-07-01
MX-ZAC,1993,8,20.44517870634079,28.507602508218913,1993-08-01
MX-ZAC,1993,9,17.87133665434629,38.40253251677873,1993-09-01
MX-ZAC,1993,10,18.22298868805934,9.940617724048304,1993-10-01
MX-ZAC,1993,11,15.588346474258724,8.534268494737727,1993-11-01
MX-ZAC,1993,12,14.217380835102734,0.7788663008690916,1993-12-01
MX-ZAC,1994,1,12.944780933332144,3.00405270862557,1994-01-01
MX-ZAC,1994,2,15.55369398155676,0.5358176668469251,1994-02-01
MX-ZAC,1994,3,17.27189523829292,1.9881566657692438,1994-03-01
MX-ZAC,1994,4,18.98884283547947,9.43977128706777,1994-04-01
MX-ZAC,1994,5,22.22421686350884,8.942869557299199,1994-05-01
MX-ZAC,1994,6,20.43813500235893,50.14525647282897,1994-06-01
MX-ZAC,1994,7,20.866579231953853,32.37384005070875,1994-07-01
MX-ZAC,1994,8,19.715770140051532,54.50728284175681,1994-08-01
MX-ZAC,1994,9,18.669798288799825,32.24882387051928,1994-09-01
MX-ZAC,1994,10,17.910268575400842,19.591339445541994,1994-10-01
MX-ZAC,1994,11,17.029677573382063,1.6156246770317524,1994-11-01
MX-ZAC,1994,12,14.174614752753419,6.310022096533786,1994-12-01
MX-ZAC,1995,1,12.727390758210417,2.8857580282634223,1995-01-01
MX-ZAC,1995,2,15.238791979665432,1.8703349269475498,1995-02-01
MX-ZAC,1995,3,17.237900665886585,0.3017447634631412,1995-03-01
MX-ZAC,1995,4,18.999336916359862,0.5070711600730466,1995-04-01
MX-ZAC,1995,5,22.773738816821176,9.444909423935691,1995-05-01
MX-ZAC,1995,6,22.114996756007553,27.438988584715897,1995-06-01
MX-ZAC,1995,7,20.381527764235873,33.877362149419625,1995-07-01
MX-ZAC,1995,8,19.707942575737977,52.323742163238606,1995-08-01
MX-ZAC,1995,9,19.86557411694652,31.07450247593001,1995-09-01
MX-ZAC,1995,10,18.207794823840644,1.8452710418601865,1995-10-01
MX-ZAC,1995,11,16.04408466049738,5.129783684167135,1995-11-01
MX-ZAC,1995,12,12.889606720750193,4.546049050378481,1995-12-01
MX-ZAC,1996,1,12.4513476462485,0.060334945029345784,1996-01-01
MX-ZAC,1996,2,15.396988966473218,3.5564624742739572,1996-02-01
MX-ZAC,1996,3,15.767819185660498,0.18867731101869187,1996-03-01
MX-ZAC,1996,4,18.43372128837205,2.776032993493119,1996-04-01
MX-ZAC,1996,5,22.798398943306527,6.560913602484854,1996-05-01
MX-ZAC,1996,6,21.09802323473915,33.21219748942242,1996-06-01
MX-ZAC,1996,7,21.031452296964655,33.10628714351439,1996-07-01
MX-ZAC,1996,8,19.69856680734619,48.02539348098827,1996-08-01
MX-ZAC,1996,9,18.66576809086842,52.82142979587906,1996-09-01
MX-ZAC,1996,10,16.870441902708034,25.015974275217523,1996-10-01
MX-ZAC,1996,11,14.390892511201153,5.305428525671302,1996-11-01
MX-ZAC,1996,12,12.73288677224961,0.5844444572706194,1996-12-01
MX-ZAC,1997,1,11.133666615962634,8.59290095047779,1997-01-01
MX-ZAC,1997,2,13.726314534622587,4.666719132356607,1997-02-01
MX-ZAC,1997,3,15.805621580291268,12.368101057069389,1997-03-01
MX-ZAC,1997,4,15.895184080818842,12.688299382046424,1997-04-01
MX-ZAC,1997,5,19.757976867582364,14.051021749345688,1997-05-01
MX-ZAC,1997,6,21.61183954719016,27.103734490104586,1997-06-01
MX-ZAC,1997,7,20.98297791315245,28.7273171913821,1997-07-01
MX-ZAC,1997,8,21.125931336497047,20.68553973145109,1997-08-01
MX-ZAC,1997,9,20.074095817367787,21.473821184179656,1997-09-01
MX-ZAC,1997,10,17.527460237837918,17.8045621047855,1997-10-01
MX-ZAC,1997,11,15.41691336182134,7.034317883079141,1997-11-01
MX-ZAC,1997,12,10.54156978057883,1.4514059433372457,1997-12-01
MX-ZAC,1998,1,11.853490687025046,0.20074247837247894,1998-01-01
MX-ZAC,1998,2,12.369550930039594,0.8906165640085958,1998-02-01
MX-ZAC,1998,3,16.35233022850053,0.4772492430593764,1998-03-01
MX-ZAC,1998,4,20.24463471177871,0.7961292085109875,1998-04-01
MX-ZAC,1998,5,23.720914738094727,2.472241318358376,1998-05-01
MX-ZAC,1998,6,23.819707938063043,20.384293567323592,1998-06-01
MX-ZAC,1998,7,21.65109478222215,19.738988800137328,1998-07-01
MX-ZAC,1998,8,20.551572982192905,44.16784255553157,1998-08-01
MX-ZAC,1998,9,20.04758174618525,35.016150962798385,1998-09-01
MX-ZAC,1998,10,18.60338859594606,16.35239237263291,1998-10-01
MX-ZAC,1998,11,16.62788791995678,3.527646616183685,1998-11-01
MX-ZAC,1998,12,14.300212544402894,0.05407281874352459,1998-12-01
MX-ZAC,1999,1,12.36246209850515,0.19899397173171418,1999-01-01
MX-ZAC,1999,2,16.009031333340292,1.0646007298092615,1999-02-01
MX-ZAC,1999,3,17.066729379995326,1.6250853246257722,1999-03-01
MX-ZAC,1999,4,20.97054910501689,1.9302945014480184,1999-04-01
MX-ZAC,1999,5,22.102798148323142,3.9444902637547132,1999-05-01
MX-ZAC,1999,6,21.595247848661725,39.010487036411796,1999-06-01
MX-ZAC,1999,7,19.998935973212518,37.7669066744143,1999-07-01
MX-ZAC,1999,8,20.791345115352264,27.26888428005936,1999-08-01
MX-ZAC,1999,9,19.827040065538675,22.098698438962433,1999-09-01
MX-ZAC,1999,10,17.544026563395033,6.678435660130309,1999-10-01
MX-ZAC,1999,11,13.917480453815399,0.9073397543116489,1999-11-01
MX-ZAC,1999,12,11.150408553783587,0.4840693990262535,1999-12-01
MX-ZAC,2000,1,13.494113348350483,0.08206379909964764,2000-01-01
MX-ZAC,2000,2,15.606543804677473,0.923145560594042,2000-02-01
MX-ZAC,2000,3,17.975548992979437,0.7952281619191439,2000-03-01
MX-ZAC,2000,4,20.693111625134716,1.5952636999806655,2000-04-01
MX-ZAC,2000,5,21.99834705178577,18.98197450277946,2000-05-01
MX-ZAC,2000,6,20.088719469429144,44.3688231881886,2000-06-01
MX-ZAC,2000,7,20.98765607415325,21.585448458137677,2000-07-01
MX-ZAC,2000,8,19.798875032704103,26.447245738578808,2000-08-01
MX-ZAC,2000,9,20.223807664571357,24.976313765791375,2000-09-01
MX-ZAC,2000,10,18.050323570191825,14.955011175532137,2000-10-01
MX-ZAC,2000,11,15.190598816210777,2.949376161172826,2000-11-01
MX-ZAC,2000,12,12.453560728747208,5.282166093016932,2000-12-01
MX-ZAC,2001,1,12.823670370741972,0.5744544925336655,2001-01-01
MX-ZAC,2001,2,15.3430305548454,2.4294289009925665,2001-02-01
MX-ZAC,2001,3,15.882686651309939,4.300408957877156,2001-03-01
MX-ZAC,2001,4,20.96735944226892,12.552727905482088,2001-04-01
MX-ZAC,2001,5,20.468856687363942,16.968367399269408,2001-05-01
MX-ZAC,2001,6,21.103611233060533,24.985713064884038,2001-06-01
MX-ZAC,2001,7,21.20036772210711,30.775050782284765,2001-07-01
MX-ZAC,2001,8,20.82710022962445,36.632580583674944,2001-08-01
MX-ZAC,2001,9,19.5222429222728,24.449180238309857,2001-09-01
MX-ZAC,2001,10,17.73158693918987,10.594089777565248,2001-10-01
MX-ZAC,2001,11,14.487145316201053,2.1375001665079525,2001-11-01
MX-ZAC,2001,12,12.921377912302999,4.597877573016372,2001-12-01
MX-ZAC,2002,1,12.688247632787725,3.1507955218870243,2002-01-01
MX-ZAC,2002,2,13.237896833581512,13.757074948072079,2002-02-01
MX-ZAC,2002,3,17.56460182087029,1.0117102510409404,2002-03-01
MX-ZAC,2002,4,20.9185798438892,7.2127987586879,2002-04-01
MX-ZAC,2002,5,22.604742537803567,10.075346254580506,2002-05-01
MX-ZAC,2002,6,21.637348423676706,28.159166270026486,2002-06-01
MX-ZAC,2002,7,19.814053026072937,54.61807534331789,2002-07-01
MX-ZAC,2002,8,20.39342592208488,33.877053849083325,2002-08-01
MX-ZAC,2002,9,19.308596045280392,34.60778552908463,2002-09-01
MX-ZAC,2002,10,18.71782438825544,20.19489311909582,2002-10-01
MX-ZAC,2002,11,14.15952074812244,7.669225858145444,2002-11-01
MX-ZAC,2002,12,12.095803670841104,0.5367799397657242,2002-12-01
MX-ZAC,2003,1,12.239544167020002,5.612406279561302,2003-01-01
MX-ZAC,2003,2,14.386520267237355,4.537631861524798,2003-02-01
MX-ZAC,2003,3,16.666048260954913,0.52233674359562,2003-03-01
MX-ZAC,2003,4,20.3113674339454,1.5408375784763033,2003-04-01
MX-ZAC,2003,5,23.598140705873302,12.148154879553205,2003-05-01
MX-ZAC,2003,6,21.571837433901752,30.250367639545257,2003-06-01
MX-ZAC,2003,7,19.69540882310523,48.610930366590786,2003-07-01
MX-ZAC,2003,8,20.084616842268826,35.58490278615976,2003-08-01
MX-ZAC,2003,9,19.02246665751584,61.747337211633436,2003-09-01
MX-ZAC,2003,10,17.288029373730463,21.931217323759054,2003-10-01
MX-ZAC,2003,11,16.286348936720668,0.42672539799850606,2003-11-01
MX-ZAC,2003,12,11.822252816230987,0.1344142760393083,2003-12-01
MX-ZAC,2004,1,11.273203968698477,17.219641264936378,2004-01-01
MX-ZAC,2004,2,12.673329321083877,0.9495623273969924,2004-02-01
MX-ZAC,2004,3,16.693406334025397,15.520089889043094,2004-03-01
MX-ZAC,2004,4,17.858692709652253,3.8806054422313716,2004-04-01
MX-ZAC,2004,5,20.7713207559536,8.897506195827932,2004-05-01
MX-ZAC,2004,6,19.90731335240454,39.96292622146501,2004-06-01
MX-ZAC,2004,7,19.88051485328036,35.11508498543389,2004-07-01
MX-ZAC,2004,8,19.542193731859403,31.36085645517995,2004-08-01
MX-ZAC,2004,9,18.41829775710496,56.354675446227404,2004-09-01
MX-ZAC,2004,10,18.014556315535973,8.060069858241471,2004-10-01
MX-ZAC,2004,11,13.909686000335403,4.2505847561600705,2004-11-01
MX-ZAC,2004,12,11.999126193993046,0.9621186655511205,2004-12-01
MX-ZAC,2005,1,13.12782058502607,2.155912600941002,2005-01-01
MX-ZAC,2005,2,13.579714325586718,14.094713537736569,2005-02-01
MX-ZAC,2005,3,14.903108447148865,3.8978458218993364,2005-03-01
MX-ZAC,2005,4,19.735232243540228,2.3108166405759976,2005-04-01
MX-ZAC,2005,5,20.959530500207805,5.186457540358129,2005-05-01
MX-ZAC,2005,6,23.596972134405366,4.6721524529754435,2005-06-01
MX-ZAC,2005,7,20.910808860710727,37.22423648277542,2005-07-01
MX-ZAC,2005,8,19.728190015240227,45.381775046899776,2005-08-01
MX-ZAC,2005,9,19.80470402624473,15.41226460498737,2005-09-01
MX-ZAC,2005,10,18.365987577079224,13.158284696807467,2005-10-01
MX-ZAC,2005,11,14.931986567927202,1.0384861139373043,2005-11-01
MX-ZAC,2005,12,12.634749388212526,2.6747800255945386,2005-12-01
MX-ZAC,2006,1,12.600510526722452,4.53803018017426,2006-01-01
MX-ZAC,2006,2,15.222825020598563,0.1693684902031747,2006-02-01
MX-ZAC,2006,3,17.86902116483178,1.0894498984617151,2006-03-01
MX-ZAC,2006,4,21.600966942264396,3.4397439827730536,2006-04-01
MX-ZAC,2006,5,21.41647158993069,13.918422402137159,2006-05-01
MX-ZAC,2006,6,21.538154064148564,17.178395160529334,2006-06-01
MX-ZAC,2006,7,20.42623614680364,38.93459799683225,2006-07-01
MX-ZAC,2006,8,19.81657436511735,46.145066577176486,2006-08-01
MX-ZAC,2006,9,18.953751495980757,45.090749331471855,2006-09-01
MX-ZAC,2006,10,17.635924807261283,26.690944913128526,2006-10-01
MX-ZAC,2006,11,14.615208565230867,2.4058899110318634,2006-11-01
MX-ZAC,2006,12,11.273068876384281,5.669818120012379,2006-12-01
MX-ZAC,2007,1,12.087731378023008,9.591410257044972,2007-01-01
MX-ZAC,2007,2,13.818593098137384,2.5238217653282065,2007-02-01
MX-ZAC,2007,3,17.606231868909646,0.7103952692933168,2007-03-01
MX-ZAC,2007,4,19.122483642894434,4.094137569148411,2007-04-01
MX-ZAC,2007,5,21.428848087673867,4.733922536571249,2007-05-01
MX-ZAC,2007,6,21.107390343159242,38.746627170711655,2007-06-01
MX-ZAC,2007,7,19.842277443082416,64.22019014894254,2007-07-01
MX-ZAC,2007,8,20.31289491108693,28.362673969871803,2007-08-01
MX-ZAC,2007,9,19.993189191791874,20.419323009962415,2007-09-01
MX-ZAC,2007,10,18.00346903385633,4.465731626378962,2007-10-01
MX-ZAC,2007,11,15.158490919899858,3.125124292803424,2007-11-01
MX-ZAC,2007,12,14.304114504867236,0.2992808889417304,2007-12-01
MX-ZAC,2008,1,12.724739167263829,0.1937569695819456,2008-01-01
MX-ZAC,2008,2,15.063377561833383,1.6352895802883092,2008-02-01
MX-ZAC,2008,3,16.101529668088883,0.1972264179526227,2008-03-01
MX-ZAC,2008,4,20.290827881664647,6.7860470962638875,2008-04-01
MX-ZAC,2008,5,21.73167483822793,5.858439385743413,2008-05-01
MX-ZAC,2008,6,22.035434614504666,25.406456258376746,2008-06-01
MX-ZAC,2008,7,19.857762046896926,66.46391548657009,2008-07-01
MX-ZAC,2008,8,19.85963215738596,72.9528467107213,2008-08-01
MX-ZAC,2008,9,18.14796646811696,53.41561626592595,2008-09-01
MX-ZAC,2008,10,17.19656216684117,6.558813364105584,2008-10-01
MX-ZAC,2008,11,14.017115616182922,0.10532879179637836,2008-11-01
MX-ZAC,2008,12,13.068464555658696,0.1704465573562592,2008-12-01
MX-ZAC,2009,1,13.772446577385724,1.0912233132076332,2009-01-01
MX-ZAC,2009,2,15.562601324842202,0.11202986490733975,2009-02-01
MX-ZAC,2009,3,17.814991703273115,2.4175483353506144,2009-03-01
MX-ZAC,2009,4,19.902518619319014,2.019932658934169,2009-04-01
MX-ZAC,2009,5,21.72282178185714,12.478357732950574,2009-05-01
MX-ZAC,2009,6,22.10380067433155,34.005463645368,2009-06-01
MX-ZAC,2009,7,21.685185174024305,24.565315802976627,2009-07-01
MX-ZAC,2009,8,21.389743431855937,21.818295118198492,2009-08-01
MX-ZAC,2009,9,19.09130148088533,52.754401418216545,2009-09-01
MX-ZAC,2009,10,18.585488993085125,10.086573370951957,2009-10-01
MX-ZAC,2009,11,14.356972391099402,2.8255721251070254,2009-11-01
MX-ZAC,2009,12,11.971626412221111,11.37140664810256,2009-12-01
MX-ZAC,2010,1,11.01750761181759,4.605115383665918,2010-01-01
MX-ZAC,2010,2,11.349812308024665,21.82881664408913,2010-02-01
MX-ZAC,2010,3,15.092872255796685,1.1529023762804327,2010-03-01
MX-ZAC,2010,4,18.795305925319536,6.181026670490566,2010-04-01
MX-ZAC,2010,5,22.554749960038883,1.5982051228902356,2010-05-01
MX-ZAC,2010,6,22.857988950219124,19.790189329486623,2010-06-01
MX-ZAC,2010,7,19.964111638481057,64.8612123915353,2010-07-01
MX-ZAC,2010,8,21.686471936380503,19.327498481655947,2010-08-01
MX-ZAC,2010,9,19.967404418474636,44.165107560879186,2010-09-01
MX-ZAC,2010,10,17.627391312081024,0.4887533976135227,2010-10-01
MX-ZAC,2010,11,14.351699365593674,0.012762112041447816,2010-11-01
MX-ZAC,2010,12,12.182022151623013,0.04700911379008187,2010-12-01
MX-ZAC,2011,1,12.452334084088806,0.69000272861892,2011-01-01
MX-ZAC,2011,2,14.982611873539645,0.33207251703636725,2011-02-01
MX-ZAC,2011,3,18.714801587181846,0.8583210840836926,2011-03-01
MX-ZAC,2011,4,21.74623851729733,0.48165406094363533,2011-04-01
MX-ZAC,2011,5,23.291007886186268,2.868506078399951,2011-05-01
MX-ZAC,2011,6,23.40097756109657,10.443789887991576,2011-06-01
MX-ZAC,2011,7,20.999817737023726,31.0105799441776,2011-07-01
MX-ZAC,2011,8,21.60208545648802,27.378181952210166,2011-08-01
MX-ZAC,2011,9,19.725587936711225,27.41686699065385,2011-09-01
MX-ZAC,2011,10,17.964001950765983,9.986407444590283,2011-10-01
MX-ZAC,2011,11,15.002789236808303,1.595312482622458,2011-11-01
MX-ZAC,2011,12,13.536630665457285,0.311092605790799,2011-12-01
MX-ZAC,2012,1,12.752909263818125,3.4930903305688186,2012-01-01
MX-ZAC,2012,2,13.491731424282431,12.867750009237708,2012-02-01
MX-ZAC,2012,3,17.914437670610624,1.7048786674769474,2012-03-01
MX-ZAC,2012,4,19.820379633275895,4.205618892446543,2012-04-01
MX-ZAC,2012,5,22.22769130043217,4.296660790457644,2012-05-01
MX-ZAC,2012,6,22.372093219940098,19.572126994038364,2012-06-01
MX-ZAC,2012,7,20.289188490662937,37.67552676545129,2012-07-01
MX-ZAC,2012,8,21.007686408217463,28.33915323017139,2012-08-01
MX-ZAC,2012,9,19.07509499471214,28.974893480107617,2012-09-01
MX-ZAC,2012,10,18.950236051247693,6.353573409826813,2012-10-01
MX-ZAC,2012,11,15.591218506632305,2.988559741764263,2012-11-01
MX-ZAC,2012,12,13.943120706319409,1.3864476944646291,2012-12-01
MX-ZAC,2013,1,12.034918761318718,15.444570369329838,2013-01-01
MX-ZAC,2013,2,15.270230316910297,0.06035993914804253,2013-02-01
MX-ZAC,2013,3,16.00009730917097,0.43773730287924534,2013-03-01
MX-ZAC,2013,4,19.865938381106176,0.4433290437691824,2013-04-01
MX-ZAC,2013,5,21.390800267757903,10.834498624372108,2013-05-01
MX-ZAC,2013,6,22.438100182965012,15.649255324262878,2013-06-01
MX-ZAC,2013,7,20.008474448919316,55.737796734851656,2013-07-01
MX-ZAC,2013,8,20.471789382140244,26.2512128689737,2013-08-01
MX-ZAC,2013,9,19.015350076487987,53.400645435976394,2013-09-01
MX-ZAC,2013,10,18.16472275550747,17.60301564664391,2013-10-01
MX-ZAC,2013,11,14.313717717314846,18.749050949427513,2013-11-01
MX-ZAC,2013,12,12.570718879436907,20.829538888664477,2013-12-01
MX-ZAC,2014,1,10.812151883095126,6.944120668604914,2014-01-01
MX-ZAC,2014,2,15.584860741349697,0.032086011745308306,2014-02-01
MX-ZAC,2014,3,16.856959875559774,2.9513689069422875,2014-03-01
MX-ZAC,2014,4,19.754301321606132,2.3604733389106145,2014-04-01
MX-ZAC,2014,5,20.43330580544821,14.2420658554884,2014-05-01
MX-ZAC,2014,6,21.336505066701093,36.965642676122386,2014-06-01
MX-ZAC,2014,7,20.097426213526912,34.71325490366502,2014-07-01
MX-ZAC,2014,8,20.230075439021576,27.850161878242695,2014-08-01
MX-ZAC,2014,9,19.147720517564647,36.1399732878491,2014-09-01
MX-ZAC,2014,10,18.421783149175024,11.266792052231994,2014-10-01
MX-ZAC,2014,11,13.126968117366468,13.617300375360669,2014-11-01
MX-ZAC,2014,12,12.625710258115335,5.5895965578722455,2014-12-01
MX-ZAC,2015,1,12.618621506225033,6.014583305536385,2015-01-01
MX-ZAC,2015,2,13.344907639364108,17.43792034173213,2015-02-01
MX-ZAC,2015,3,14.46322415355889,27.00249705706554,2015-03-01
MX-ZAC,2015,4,18.728232562553707,11.37930423912315,2015-04-01
MX-ZAC,2015,5,20.719885949144782,14.70891186825928,2015-05-01
MX-ZAC,2015,6,20.21770105112118,60.451393461132014,2015-06-01
MX-ZAC,2015,7,19.85985699212672,36.7560048636024,2015-07-01
MX-ZAC,2015,8,20.76127012097587,22.765897004567424,2015-08-01
MX-ZAC,2015,9,19.723093485536683,31.391990170083385,2015-09-01
MX-ZAC,2015,10,17.524449221656155,31.333390010684372,2015-10-01
MX-ZAC,2015,11,16.356758966366158,10.2891068428011,2015-11-01
MX-ZAC,2015,12,12.80386076997008,3.936777935370094,2015-12-01
MX-ZAC,2016,1,10.43246633089228,2.7070255248672983,2016-01-01
MX-ZAC,2016,2,14.436333721801976,2.8842750888336717,2016-02-01
MX-ZAC,2016,3,15.917399159357073,6.558209935446599,2016-03-01
MX-ZAC,2016,4,19.459753677582114,2.762911361973165,2016-04-01
MX-ZAC,2016,5,22.202678354706084,9.074292716136398,2016-05-01
MX-ZAC,2016,6,21.086995721759713,25.142592514826628,2016-06-01
MX-ZAC,2016,7,20.9250392935711,38.03502798181827,2016-07-01
MX-ZAC,2016,8,19.901380026998396,60.29730661729134,2016-08-01
MX-ZAC,2016,9,19.597188541158644,36.502299265702575,2016-09-01
MX-ZAC,2016,10,17.971815606210836,11.477284879343223,2016-10-01
MX-ZAC,2016,11,14.62403715538877,13.164354710852963,2016-11-01
MX-ZAC,2016,12,14.44632931917822,2.8463799511758734,2016-12-01
MX-ZAC,2017,1,13.38923493078901,1.326821614527737,2017-01-01
MX-ZAC,2017,2,15.084004889885293,0.6600072956330529,2017-02-01
MX-ZAC,2017,3,17.144345233389963,8.143886269067208,2017-03-01
MX-ZAC,2017,4,19.403406948387403,2.636642215645386,2017-04-01
MX-ZAC,2017,5,22.45695181715178,6.088302702259478,2017-05-01
MX-ZAC,2017,6,23.067973339129484,9.830650912137143,2017-06-01
MX-ZAC,2017,7,19.971537888997165,51.71016380929431,2017-07-01
MX-ZAC,2017,8,20.869490307417514,28.062771381640236,2017-08-01
MX-ZAC,2017,9,18.78224910728126,47.10205465432704,2017-09-01
MX-ZAC,2017,10,17.870256990873045,10.305347849783939,2017-10-01
MX-ZAC,2017,11,15.963260160531464,0.1963702904134638,2017-11-01
MX-ZAC,2017,12,12.239547051258773,9.592265404868822,2017-12-01
MX-ZAC,2018,1,11.700181570150267,8.106588777980095,2018-01-01
MX-ZAC,2018,2,15.361588697790415,9.775180874456622,2018-02-01
MX-ZAC,2018,3,18.631596721937328,0.8786545520688156,2018-03-01
MX-ZAC,2018,4,19.727268607773947,9.680944119048434,2018-04-01
MX-ZAC,2018,5,22.03880271883359,15.110797225339844,2018-05-01
MX-ZAC,2018,6,21.14216223735055,47.5252952441339,2018-06-01
MX-ZAC,2018,7,21.158026877052848,23.661415165777424,2018-07-01
MX-ZAC,2018,8,20.418063597514287,29.417611316381773,2018-08-01
MX-ZAC,2018,9,18.65904382120819,74.02991105916243,2018-09-01
MX-ZAC,2018,10,17.37746713708884,34.05822807346792,2018-10-01
MX-ZAC,2018,11,13.868908437914582,7.695112848299511,2018-11-01
MX-ZAC,2018,12,11.583937521345435,3.406695804400949,2018-12-01
MX-ZAC,2019,1,12.70691611626076,4.848379860386997,2019-01-01
MX-ZAC,2019,2,16.404483252688554,0.8688636230635999,2019-02-01
MX-ZAC,2019,3,18.21527386790047,3.1178865271528067,2019-03-01
MX-ZAC,2019,4,19.553924086944765,0.15971926500484926,2019-04-01
MX-ZAC,2019,5,22.38678550798089,1.4548947723809516,2019-05-01
MX-ZAC,2019,6,22.718969647339158,14.497381232790024,2019-06-01
MX-ZAC,2019,7,20.932574019056464,35.03926795424278,2019-07-01
MX-ZAC,2019,8,21.52045265967688,31.457739946546464,2019-08-01
MX-ZAC,2019,9,20.25283426963183,27.284244119020794,2019-09-01
MX-ZAC,2019,10,18.977367031709132,16.20203327000235,2019-10-01
MX-ZAC,2019,11,16.0958901523611,13.566794075079235,2019-11-01
MX-ZAC,2019,12,13.073306466130877,4.95704644246184,2019-12-01
MX-ZAC,2020,1,11.922646309656823,18.049723881934547,2020-01-01
MX-ZAC,2020,2,14.659384041475132,6.909500972703998,2020-02-01
MX-ZAC,2020,3,19.64229397757409,3.3388092650710033,2020-03-01
MX-ZAC,2020,4,21.38588436001425,1.282199071863155,2020-04-01
MX-ZAC,2020,5,21.613681519084988,7.772556493994536,2020-05-01
MX-ZAC,2020,6,22.39577461810342,20.857631634693817,2020-06-01
MX-ZAC,2020,7,20.8475830190526,73.07942893159937,2020-07-01
MX-ZAC,2020,8,20.528102570507176,21.88008830095644,2020-08-01
MX-ZAC,2020,9,19.099001947857367,36.95029101962616,2020-09-01
MX-ZAC,2020,10,18.539146229548585,1.4027414053881053,2020-10-01
MX-ZAC,2020,11,16.301344275926365,0.2306896608507031,2020-11-01
MX-ZAC,2020,12,12.471633773196688,2.7257726807496816,2020-12-01
MX-ZAC,2021,1,12.400125743266678,0.9387218411591303,2021-01-01
MX-ZAC,2021,2,15.695445713873857,0.13714188719890805,2021-02-01
MX-ZAC,2021,3,18.443986116439454,0.17583658087306922,2021-03-01
MX-ZAC,2021,4,20.622857528870213,1.5173661112416155,2021-04-01
MX-ZAC,2021,5,21.45849315127035,10.4039553479435,2021-05-01
MX-ZAC,2021,6,20.572227252197354,42.2344182380085,2021-06-01
MX-ZAC,2021,7,19.190361384132192,71.49796366135294,2021-07-01
MX-ZAC,2021,8,19.83343749531908,46.8298826422139,2021-08-01
MX-ZAC,2021,9,18.929525913226303,39.20348784367082,2021-09-01
MX-ZAC,2021,10,18.178542978936274,16.557833827939724,2021-10-01
MX-ZAC,2021,11,15.29356173895774,1.5699310977695444,2021-11-01
MX-ZAC,2021,12,14.757413045607494,1.4155282819261803,2021-12-01
MX-ZAC,2022,1,13.279627747570734,1.058635605065751,2022-01-01
MX-ZAC,2022,2,14.267337341797273,2.32138805223035,2022-02-01
MX-ZAC,2022,3,17.40440816603749,0.012322940137443743,2022-03-01
MX-ZAC,2022,4,20.468017558148304,5.460081722557875,2022-04-01
MX-ZAC,2022,5,23.370439810356704,2.9838686439549407,2022-05-01
MX-ZAC,2022,6,21.676978853723433,17.80472051024024,2022-06-01
MX-ZAC,2022,7,21.20592164781338,34.74479183185134,2022-07-01
MX-ZAC,2022,8,20.36911831814997,51.776073192952744,2022-08-01
MX-ZAC,2022,9,18.90537969897671,28.322596536748357,2022-09-01
MX-ZAC,2022,10,16.938942364889424,17.697326619756556,2022-10-01
MX-ZAC,2022,11,15.76538703910646,2.760155198623206,2022-11-01
MX-ZAC,2022,12,13.649322105050494,0.1759228802768308,2022-12-01
MX-ZAC,2023,1,13.497473159924045,0.3202582137658454,2023-01-01
MX-ZAC,2023,2,15.408707709244236,0.10893894402347518,2023-02-01
MX-ZAC,2023,3,18.61578987549065,0.4099006288665243,2023-03-01
MX-ZAC,2023,4,19.46011155056655,4.135838286815498,2023-04-01
MX-ZAC,2023,5,20.35158001103538,13.03448345689003,2023-05-01
MX-ZAC,2023,6,24.999771905964998,3.855597498773957,2023-06-01
MX-ZAC,2023,7,22.10779808253411,31.008764763742544,2023-07-01
MX-ZAC,2023,8,21.85166266771013,23.239618832113553,2023-08-01
MX-ZAC,2023,9,21.831507434618956,12.065823034086522,2023-09-01
MX-ZAC,2023,10,18.16934194187562,27.77350598907152,2023-10-01
MX-ZAC,2023,11,14.937138915514796,20.633881251703357,2023-11-01
MX-ZAC,2023,12,11.895675968695002,5.179209976483598,2023-12-01
MX-ZAC,2024,1,13.415885001118408,1.4274152724300548,2024-01-01
MX-ZAC,2024,2,15.208858532603816,12.337158814075272,2024-02-01
MX-ZAC,2024,3,17.94119424856156,0.3481437773716448,2024-03-01
MX-ZAC,2024,4,20.875351026226053,0.18916764536019023,2024-04-01
MX-ZAC,2024,5,25.429112415055684,1.0901011547938295,2024-05-01
MX-ZAC,2024,6,23.73722141506365,31.05363537848836,2024-06-01
MX-ZAC,2024,7,20.112319693065295,71.81896725359482,2024-07-01
MX-ZAC,2024,8,21.016574680245498,19.74738109868908,2024-08-01
MX-ZAC,2024,9,20.04281227762449,43.474369629718474,2024-09-01
MX-ZAC,2024,10,18.10956899309485,4.093877659136089,2024-10-01
MX-ZAC,2024,11,17.74534545854737,0.307939873569997,2024-11-01
MX-ZAC,2024,12,14.327378008533643,3.165571168568171,2024-12-01
MX-ZAC,2025,1,13.188570099513012,4.948981628693031,2025-01-01
MX-ZAC,2025,2,16.85486942735992,0.2145279655594451,2025-02-01
MX-ZAC,2025,3,18.173741635636148,0.0712454342960146,2025-03-01
MX-ZAC,2025,4,20.399973963277656,0.44558698692049564,2025-04-01
MX-ZAC,2025,5,22.94746957451597,9.3200512386958,2025-05-01
MX-ZAC,2025,6,21.633631154706993,30.809491321343202,2025-06-01
MX-ZAC,2025,7,19.538789013025323,54.70507832836953,2025-07-01
MX-ZAC,2025,8,20.432075573189437,45.01399134911152,2025-08-01
MX-ZAC,2025,9,19.537800485744228,51.25092107074428,2025-09-01
MX-ZAC,2025,10,18.7362410940863,7.525817123952438,2025-10-01
MX-ZAC,2025,11,16.160419982765138,0.45760304558472675,2025-11-01
MX-ZAC,2025,12,14.320077971291747,3.523858866380909,2025-12-01
