rne_iso_code,topic_label,year,month,month_start,hits
MX-AGU,Aedes_aegypti,2004,1,2004-01-01,0
MX-AGU,Aedes_aegypti,2004,2,2004-02-01,0
MX-AGU,Aedes_aegypti,2004,3,2004-03-01,0
MX-AGU,Aedes_aegypti,2004,4,2004-04-01,0
MX-AGU,Aedes_aegypti,2004,5,2004-05-01,0
MX-AGU,Aedes_aegypti,2004,6,2004-06-01,0
MX-AGU,Aedes_aegypti,2004,7,2004-07-01,0
MX-AGU,Aedes_aegypti,2004,8,2004-08-01,0
MX-AGU,Aedes_aegypti,2004,9,2004-09-01,0
MX-AGU,Aedes_aegypti,2004,10,2004-10-01,0
MX-AGU,Aedes_aegypti,2004,11,2004-11-01,0
MX-AGU,Aedes_aegypti,2004,12,2004-12-01,0
MX-AGU,Aedes_aegypti,2005,1,2005-01-01,0
MX-AGU,Aedes_aegypti,2005,2,2005-02-01,0
MX-AGU,Aedes_aegypti,2005,3,2005-03-01,0
MX-AGU,Aedes_aegypti,2005,4,2005-04-01,0
MX-AGU,Aedes_aegypti,2005,5,2005-05-01,0
MX-AGU,Aedes_aegypti,2005,6,2005-06-01,0
MX-AGU,Aedes_aegypti,2005,7,2005-07-01,0
MX-AGU,Aedes_aegypti,2005,8,2005-08-01,0
MX-AGU,Aedes_aegypti,2005,9,2005-09-01,0
MX-AGU,Aedes_aegypti,2005,10,2005-10-01,0
MX-AGU,Aedes_aegypti,2005,11,2005-11-01,0
MX-AGU,Aedes_aegypti,2005,12,2005-12-01,0
MX-AGU,Aedes_aegypti,2006,1,2006-01-01,0
MX-AGU,Aedes_aegypti,2006,2,2006-02-01,0
MX-AGU,Aedes_aegypti,2006,3,2006-03-01,0
MX-AGU,Aedes_aegypti,2006,4,2006-04-01,0
MX-AGU,Aedes_aegypti,2006,5,2006-05-01,0
MX-AGU,Aedes_aegypti,2006,6,2006-06-01,0
MX-AGU,Aedes_aegypti,2006,7,2006-07-01,0
MX-AGU,Aedes_aegypti,2006,8,2006-08-01,0
MX-AGU,Aedes_aegypti,2006,9,2006-09-01,0
MX-AGU,Aedes_aegypti,2006,10,2006-10-01,0
MX-AGU,Aedes_aegypti,2006,11,2006-11-01,0
MX-AGU,Aedes_aegypti,2006,12,2006-12-01,0
MX-AGU,Aedes_aegypti,2007,1,2007-01-01,0
MX-AGU,Aedes_aegypti,2007,2,2007-02-01,0
MX-AGU,Aedes_aegypti,2007,3,2007-03-01,0
MX-AGU,Aedes_aegypti,2007,4,2007-04-01,0
MX-AGU,Aedes_aegypti,2007,5,2007-05-01,0
MX-AGU,Aedes_aegypti,2007,6,2007-06-01,0
MX-AGU,Aedes_aegypti,2007,7,2007-07-01,0
MX-AGU,Aedes_aegypti,2007,8,2007-08-01,0
MX-AGU,Aedes_aegypti,2007,9,2007-09-01,0
MX-AGU,Aedes_aegypti,2007,10,2007-10-01,0
MX-AGU,Aedes_aegypti,2007,11,2007-11-01,0
MX-AGU,Aedes_aegypti,2007,12,2007-12-01,0
MX-AGU,Aedes_aegypti,2008,1,2008-01-01,0
MX-AGU,Aedes_aegypti,2008,2,2008-02-01,0
MX-AGU,Aedes_aegypti,2008,3,2008-03-01,0
MX-AGU,Aedes_aegypti,2008,4,2008-04-01,0
MX-AGU,Aedes_aegypti,2008,5,2008-05-01,0
MX-AGU,Aedes_aegypti,2008,6,2008-06-01,0
MX-AGU,Aedes_aegypti,2008,7,2008-07-01,0
MX-AGU,Aedes_aegypti,2008,8,2008-08-01,0
MX-AGU,Aedes_aegypti,2008,9,2008-09-01,0
MX-AGU,Aedes_aegypti,2008,10,2008-10-01,0
MX-AGU,Aedes_aegypti,2008,11,2008-11-01,0
MX-AGU,Aedes_aegypti,2008,12,2008-12-01,0
MX-AGU,Aedes_aegypti,2009,1,2009-01-01,0
MX-AGU,Aedes_aegypti,2009,2,2009-02-01,0
MX-AGU,Aedes_aegypti,2009,3,2009-03-01,0
MX-AGU,Aedes_aegypti,2009,4,2009-04-01,0
MX-AGU,Aedes_aegypti,2009,5,2009-05-01,0
MX-AGU,Aedes_aegypti,2009,6,2009-06-01,0
MX-AGU,Aedes_aegypti,2009,7,2009-07-01,0
MX-AGU,Aedes_aegypti,2009,8,2009-08-01,0
MX-AGU,Aedes_aegypti,2009,9,2009-09-01,0
MX-AGU,Aedes_aegypti,2009,10,2009-10-01,0
MX-AGU,Aedes_aegypti,2009,11,2009-11-01,0
MX-AGU,Aedes_aegypti,2009,12,2009-12-01,0
MX-AGU,Aedes_aegypti,2010,1,2010-01-01,0
MX-AGU,Aedes_aegypti,2010,2,2010-02-01,0
MX-AGU,Aedes_aegypti,2010,3,2010-03-01,0
MX-AGU,Aedes_aegypti,2010,4,2010-04-01,0
MX-AGU,Aedes_aegypti,2010,5,2010-05-01,0
MX-AGU,Aedes_aegypti,2010,6,2010-06-01,0
MX-AGU,Aedes_aegypti,2010,7,2010-07-01,0
MX-AGU,Aedes_aegypti,2010,8,2010-08-01,0
MX-AGU,Aedes_aegypti,2010,9,2010-09-01,0
MX-AGU,Aedes_aegypti,2010,10,2010-10-01,0
MX-AGU,Aedes_aegypti,2010,11,2010-11-01,0
MX-AGU,Aedes_aegypti,2010,12,2010-12-01,0
MX-AGU,Aedes_aegypti,2011,1,2011-01-01,0
MX-AGU,Aedes_aegypti,2011,2,2011-02-01,0
MX-AGU,Aedes_aegypti,2011,3,2011-03-01,0
MX-AGU,Aedes_aegypti,2011,4,2011-04-01,0
MX-AGU,Aedes_aegypti,2011,5,2011-05-01,0
MX-AGU,Aedes_aegypti,2011,6,2011-06-01,0
MX-AGU,Aedes_aegypti,2011,7,2011-07-01,0
MX-AGU,Aedes_aegypti,2011,8,2011-08-01,0
MX-AGU,Aedes_aegypti,2011,9,2011-09-01,0
MX-AGU,Aedes_aegypti,2011,10,2011-10-01,0
MX-AGU,Aedes_aegypti,2011,11,2011-11-01,0
MX-AGU,Aedes_aegypti,2011,12,2011-12-01,0
MX-AGU,Aedes_aegypti,2012,1,2012-01-01,0
MX-AGU,Aedes_aegypti,2012,2,2012-02-01,0
MX-AGU,Aedes_aegypti,2012,3,2012-03-01,0
MX-AGU,Aedes_aegypti,2012,4,2012-04-01,0
MX-AGU,Aedes_aegypti,2012,5,2012-05-01,0
MX-AGU,Aedes_aegypti,2012,6,2012-06-01,0
MX-AGU,Aedes_aegypti,2012,7,2012-07-01,0
MX-AGU,Aedes_aegypti,2012,8,2012-08-01,0
MX-AGU,Aedes_aegypti,2012,9,2012-09-01,0
MX-AGU,Aedes_aegypti,2012,10,2012-10-01,0
MX-AGU,Aedes_aegypti,2012,11,2012-11-01,0
MX-AGU,Aedes_aegypti,2012,12,2012-12-01,0
MX-AGU,Aedes_aegypti,2013,1,2013-01-01,0
MX-AGU,Aedes_aegypti,2013,2,2013-02-01,0
MX-AGU,Aedes_aegypti,2013,3,2013-03-01,0
MX-AGU,Aedes_aegypti,2013,4,2013-04-01,0
MX-AGU,Aedes_aegypti,2013,5,2013-05-01,0
MX-AGU,Aedes_aegypti,2013,6,2013-06-01,0
MX-AGU,Aedes_aegypti,2013,7,2013-07-01,0
MX-AGU,Aedes_aegypti,2013,8,2013-08-01,0
MX-AGU,Aedes_aegypti,2013,9,2013-09-01,0
MX-AGU,Aedes_aegypti,2013,10,2013-10-01,0
MX-AGU,Aedes_aegypti,2013,11,2013-11-01,0
MX-AGU,Aedes_aegypti,2013,12,2013-12-01,0
MX-AGU,Aedes_aegypti,2014,1,2014-01-01,0
MX-AGU,Aedes_aegypti,2014,2,2014-02-01,0
MX-AGU,Aedes_aegypti,2014,3,2014-03-01,0
MX-AGU,Aedes_aegypti,2014,4,2014-04-01,0
MX-AGU,Aedes_aegypti,2014,5,2014-05-01,0
MX-AGU,Aedes_aegypti,2014,6,2014-06-01,0
MX-AGU,Aedes_aegypti,2014,7,2014-07-01,0
MX-AGU,Aedes_aegypti,2014,8,2014-08-01,0
MX-AGU,Aedes_aegypti,2014,9,2014-09-01,0
MX-AGU,Aedes_aegypti,2014,10,2014-10-01,0
MX-AGU,Aedes_aegypti,2014,11,2014-11-01,0
MX-AGU,Aedes_aegypti,2014,12,2014-12-01,0
MX-AGU,Aedes_aegypti,2015,1,2015-01-01,0
MX-AGU,Aedes_aegypti,2015,2,2015-02-01,0
MX-AGU,Aedes_aegypti,2015,3,2015-03-01,0
MX-AGU,Aedes_aegypti,2015,4,2015-04-01,0
MX-AGU,Aedes_aegypti,2015,5,2015-05-01,0
MX-AGU,Aedes_aegypti,2015,6,2015-06-01,0
MX-AGU,Aedes_aegypti,2015,7,2015-07-01,0
MX-AGU,Aedes_aegypti,2015,8,2015-08-01,0
MX-AGU,Aedes_aegypti,2015,9,2015-09-01,0
MX-AGU,Aedes_aegypti,2015,10,2015-10-01,0
MX-AGU,Aedes_aegypti,2015,11,2015-11-01,0
MX-AGU,Aedes_aegypti,2015,12,2015-12-01,0
MX-AGU,Aedes_aegypti,2016,1,2016-01-01,0
MX-AGU,Aedes_aegypti,2016,2,2016-02-01,0
MX-AGU,Aedes_aegypti,2016,3,2016-03-01,0
MX-AGU,Aedes_aegypti,2016,4,2016-04-01,0
MX-AGU,Aedes_aegypti,2016,5,2016-05-01,0
MX-AGU,Aedes_aegypti,2016,6,2016-06-01,0
MX-AGU,Aedes_aegypti,2016,7,2016-07-01,100
MX-AGU,Aedes_aegypti,2016,8,2016-08-01,0
MX-AGU,Aedes_aegypti,2016,9,2016-09-01,0
MX-AGU,Aedes_aegypti,2016,10,2016-10-01,0
MX-AGU,Aedes_aegypti,2016,11,2016-11-01,0
MX-AGU,Aedes_aegypti,2016,12,2016-12-01,0
MX-AGU,Aedes_aegypti,2017,1,2017-01-01,0
MX-AGU,Aedes_aegypti,2017,2,2017-02-01,0
MX-AGU,Aedes_aegypti,2017,3,2017-03-01,0
MX-AGU,Aedes_aegypti,2017,4,2017-04-01,0
MX-AGU,Aedes_aegypti,2017,5,2017-05-01,0
MX-AGU,Aedes_aegypti,2017,6,2017-06-01,0
MX-AGU,Aedes_aegypti,2017,7,2017-07-01,0
MX-AGU,Aedes_aegypti,2017,8,2017-08-01,0
MX-AGU,Aedes_aegypti,2017,9,2017-09-01,0
MX-AGU,Aedes_aegypti,2017,10,2017-10-01,0
MX-AGU,Aedes_aegypti,2017,11,2017-11-01,0
MX-AGU,Aedes_aegypti,2017,12,2017-12-01,0
MX-AGU,Aedes_aegypti,2018,1,2018-01-01,0
MX-AGU,Aedes_aegypti,2018,2,2018-02-01,0
MX-AGU,Aedes_aegypti,2018,3,2018-03-01,0
MX-AGU,Aedes_aegypti,2018,4,2018-04-01,0
MX-AGU,Aedes_aegypti,2018,5,2018-05-01,0
MX-AGU,Aedes_aegypti,2018,6,2018-06-01,0
MX-AGU,Aedes_aegypti,2018,7,2018-07-01,0
MX-AGU,Aedes_aegypti,2018,8,2018-08-01,0
MX-AGU,Aedes_aegypti,2018,9,2018-09-01,0
MX-AGU,Aedes_aegypti,2018,10,2018-10-01,0
MX-AGU,Aedes_aegypti,2018,11,2018-11-01,0
MX-AGU,Aedes_aegypti,2018,12,2018-12-01,0
MX-AGU,Aedes_aegypti,2019,1,2019-01-01,0
MX-AGU,Aedes_aegypti,2019,2,2019-02-01,0
MX-AGU,Aedes_aegypti,2019,3,2019-03-01,0
MX-AGU,Aedes_aegypti,2019,4,2019-04-01,0
MX-AGU,Aedes_aegypti,2019,5,2019-05-01,0
MX-AGU,Aedes_aegypti,2019,6,2019-06-01,0
MX-AGU,Aedes_aegypti,2019,7,2019-07-01,0
MX-AGU,Aedes_aegypti,2019,8,2019-08-01,0
MX-AGU,Aedes_aegypti,2019,9,2019-09-01,0
MX-AGU,Aedes_aegypti,2019,10,2019-10-01,0
MX-AGU,Aedes_aegypti,2019,11,2019-11-01,0
MX-AGU,Aedes_aegypti,2019,12,2019-12-01,0
MX-AGU,Aedes_aegypti,2020,1,2020-01-01,0
MX-AGU,Aedes_aegypti,2020,2,2020-02-01,0
MX-AGU,Aedes_aegypti,2020,3,2020-03-01,0
MX-AGU,Aedes_aegypti,2020,4,2020-04-01,0
MX-AGU,Aedes_aegypti,2020,5,2020-05-01,0
MX-AGU,Aedes_aegypti,2020,6,2020-06-01,0
MX-AGU,Aedes_aegypti,2020,7,2020-07-01,0
MX-AGU,Aedes_aegypti,2020,8,2020-08-01,0
MX-AGU,Aedes_aegypti,2020,9,2020-09-01,0
MX-AGU,Aedes_aegypti,2020,10,2020-10-01,0
MX-AGU,Aedes_aegypti,2020,11,2020-11-01,0
MX-AGU,Aedes_aegypti,2020,12,2020-12-01,0
MX-AGU,Aedes_aegypti,2021,1,2021-01-01,0
MX-AGU,Aedes_aegypti,2021,2,2021-02-01,0
MX-AGU,Aedes_aegypti,2021,3,2021-03-01,0
MX-AGU,Aedes_aegypti,2021,4,2021-04-01,0
MX-AGU,Aedes_aegypti,2021,5,2021-05-01,0
MX-AGU,Aedes_aegypti,2021,6,2021-06-01,0
MX-AGU,Aedes_aegypti,2021,7,2021-07-01,0
MX-AGU,Aedes_aegypti,2021,8,2021-08-01,0
MX-AGU,Aedes_aegypti,2021,9,2021-09-01,0
MX-AGU,Aedes_aegypti,2021,10,2021-10-01,0
MX-AGU,Aedes_aegypti,2021,11,2021-11-01,0
MX-AGU,Aedes_aegypti,2021,12,2021-12-01,0
MX-AGU,Aedes_aegypti,2022,1,2022-01-01,0
MX-AGU,Aedes_aegypti,2022,2,2022-02-01,0
MX-AGU,Aedes_aegypti,2022,3,2022-03-01,0
MX-AGU,Aedes_aegypti,2022,4,2022-04-01,0
MX-AGU,Aedes_aegypti,2022,5,2022-05-01,0
MX-AGU,Aedes_aegypti,2022,6,2022-06-01,0
MX-AGU,Aedes_aegypti,2022,7,2022-07-01,0
MX-AGU,Aedes_aegypti,2022,8,2022-08-01,77
MX-AGU,Aedes_aegypti,2022,9,2022-09-01,0
MX-AGU,Aedes_aegypti,2022,10,2022-10-01,0
MX-AGU,Aedes_aegypti,2022,11,2022-11-01,0
MX-AGU,Aedes_aegypti,2022,12,2022-12-01,0
MX-AGU,mosquito,2004,1,2004-01-01,0
MX-AGU,mosquito,2004,2,2004-02-01,0
MX-AGU,mosquito,2004,3,2004-03-01,0
MX-AGU,mosquito,2004,4,2004-04-01,0
MX-AGU,mosquito,2004,5,2004-05-01,0
MX-AGU,mosquito,2004,6,2004-06-01,0
MX-AGU,mosquito,2004,7,2004-07-01,0
MX-AGU,mosquito,2004,8,2004-08-01,0
MX-AGU,mosquito,2004,9,2004-09-01,0
MX-AGU,mosquito,2004,10,2004-10-01,0
MX-AGU,mosquito,2004,11,2004-11-01,0
MX-AGU,mosquito,2004,12,2004-12-01,0
MX-AGU,mosquito,2005,1,2005-01-01,0
MX-AGU,mosquito,2005,2,2005-02-01,0
MX-AGU,mosquito,2005,3,2005-03-01,0
MX-AGU,mosquito,2005,4,2005-04-01,0
MX-AGU,mosquito,2005,5,2005-05-01,0
MX-AGU,mosquito,2005,6,2005-06-01,0
MX-AGU,mosquito,2005,7,2005-07-01,0
MX-AGU,mosquito,2005,8,2005-08-01,0
MX-AGU,mosquito,2005,9,2005-09-01,0
MX-AGU,mosquito,2005,10,2005-10-01,0
MX-AGU,mosquito,2005,11,2005-11-01,0
MX-AGU,mosquito,2005,12,2005-12-01,0
MX-AGU,mosquito,2006,1,2006-01-01,0
MX-AGU,mosquito,2006,2,2006-02-01,0
MX-AGU,mosquito,2006,3,2006-03-01,0
MX-AGU,mosquito,2006,4,2006-04-01,0
MX-AGU,mosquito,2006,5,2006-05-01,0
MX-AGU,mosquito,2006,6,2006-06-01,0
MX-AGU,mosquito,2006,7,2006-07-01,0
MX-AGU,mosquito,2006,8,2006-08-01,0
MX-AGU,mosquito,2006,9,2006-09-01,0
MX-AGU,mosquito,2006,10,2006-10-01,0
MX-AGU,mosquito,2006,11,2006-11-01,0
MX-AGU,mosquito,2006,12,2006-12-01,0
MX-AGU,mosquito,2007,1,2007-01-01,0
MX-AGU,mosquito,2007,2,2007-02-01,0
MX-AGU,mosquito,2007,3,2007-03-01,0
MX-AGU,mosquito,2007,4,2007-04-01,0
MX-AGU,mosquito,2007,5,2007-05-01,0
MX-AGU,mosquito,2007,6,2007-06-01,0
MX-AGU,mosquito,2007,7,2007-07-01,0
MX-AGU,mosquito,2007,8,2007-08-01,0
MX-AGU,mosquito,2007,9,2007-09-01,0
MX-AGU,mosquito,2007,10,2007-10-01,0
MX-AGU,mosquito,2007,11,2007-11-01,0
MX-AGU,mosquito,2007,12,2007-12-01,0
MX-AGU,mosquito,2008,1,2008-01-01,0
MX-AGU,mosquito,2008,2,2008-02-01,0
MX-AGU,mosquito,2008,3,2008-03-01,0
MX-AGU,mosquito,2008,4,2008-04-01,0
MX-AGU,mosquito,2008,5,2008-05-01,0
MX-AGU,mosquito,2008,6,2008-06-01,0
MX-AGU,mosquito,2008,7,2008-07-01,0
MX-AGU,mosquito,2008,8,2008-08-01,0
MX-AGU,mosquito,2008,9,2008-09-01,0
MX-AGU,mosquito,2008,10,2008-10-01,0
MX-AGU,mosquito,2008,11,2008-11-01,0
MX-AGU,mosquito,2008,12,2008-12-01,0
MX-AGU,mosquito,2009,1,2009-01-01,0
MX-AGU,mosquito,2009,2,2009-02-01,0
MX-AGU,mosquito,2009,3,2009-03-01,0
MX-AGU,mosquito,2009,4,2009-04-01,0
MX-AGU,mosquito,2009,5,2009-05-01,0
MX-AGU,mosquito,2009,6,2009-06-01,0
MX-AGU,mosquito,2009,7,2009-07-01,0
MX-AGU,mosquito,2009,8,2009-08-01,0
MX-AGU,mosquito,2009,9,2009-09-01,0
MX-AGU,mosquito,2009,10,2009-10-01,0
MX-AGU,mosquito,2009,11,2009-11-01,0
MX-AGU,mosquito,2009,12,2009-12-01,0
MX-AGU,mosquito,2010,1,2010-01-01,0
MX-AGU,mosquito,2010,2,2010-02-01,0
MX-AGU,mosquito,2010,3,2010-03-01,0
MX-AGU,mosquito,2010,4,2010-04-01,100
MX-AGU,mosquito,2010,5,2010-05-01,0
MX-AGU,mosquito,2010,6,2010-06-01,0
MX-AGU,mosquito,2010,7,2010-07-01,0
MX-AGU,mosquito,2010,8,2010-08-01,0
MX-AGU,mosquito,2010,9,2010-09-01,0
MX-AGU,mosquito,2010,10,2010-10-01,0
MX-AGU,mosquito,2010,11,2010-11-01,0
MX-AGU,mosquito,2010,12,2010-12-01,0
MX-AGU,mosquito,2011,1,2011-01-01,0
MX-AGU,mosquito,2011,2,2011-02-01,0
MX-AGU,mosquito,2011,3,2011-03-01,0
MX-AGU,mosquito,2011,4,2011-04-01,0
MX-AGU,mosquito,2011,5,2011-05-01,0
MX-AGU,mosquito,2011,6,2011-06-01,15
MX-AGU,mosquito,2011,7,2011-07-01,0
MX-AGU,mosquito,2011,8,2011-08-01,24
MX-AGU,mosquito,2011,9,2011-09-01,0
MX-AGU,mosquito,2011,10,2011-10-01,0
MX-AGU,mosquito,2011,11,2011-11-01,0
MX-AGU,mosquito,2011,12,2011-12-01,0
MX-AGU,mosquito,2012,1,2012-01-01,0
MX-AGU,mosquito,2012,2,2012-02-01,0
MX-AGU,mosquito,2012,3,2012-03-01,0
MX-AGU,mosquito,2012,4,2012-04-01,0
MX-AGU,mosquito,2012,5,2012-05-01,12
MX-AGU,mosquito,2012,6,2012-06-01,21
MX-AGU,mosquito,2012,7,2012-07-01,17
MX-AGU,mosquito,2012,8,2012-08-01,28
MX-AGU,mosquito,2012,9,2012-09-01,11
MX-AGU,mosquito,2012,10,2012-10-01,13
MX-AGU,mosquito,2012,11,2012-11-01,0
MX-AGU,mosquito,2012,12,2012-12-01,0
MX-AGU,mosquito,2013,1,2013-01-01,0
MX-AGU,mosquito,2013,2,2013-02-01,0
MX-AGU,mosquito,2013,3,2013-03-01,0
MX-AGU,mosquito,2013,4,2013-04-01,11
MX-AGU,mosquito,2013,5,2013-05-01,21
MX-AGU,mosquito,2013,6,2013-06-01,27
MX-AGU,mosquito,2013,7,2013-07-01,24
MX-AGU,mosquito,2013,8,2013-08-01,26
MX-AGU,mosquito,2013,9,2013-09-01,10
MX-AGU,mosquito,2013,10,2013-10-01,18
MX-AGU,mosquito,2013,11,2013-11-01,10
MX-AGU,mosquito,2013,12,2013-12-01,0
MX-AGU,mosquito,2014,1,2014-01-01,0
MX-AGU,mosquito,2014,2,2014-02-01,10
MX-AGU,mosquito,2014,3,2014-03-01,0
MX-AGU,mosquito,2014,4,2014-04-01,13
MX-AGU,mosquito,2014,5,2014-05-01,15
MX-AGU,mosquito,2014,6,2014-06-01,25
MX-AGU,mosquito,2014,7,2014-07-01,31
MX-AGU,mosquito,2014,8,2014-08-01,30
MX-AGU,mosquito,2014,9,2014-09-01,17
MX-AGU,mosquito,2014,10,2014-10-01,16
MX-AGU,mosquito,2014,11,2014-11-01,12
MX-AGU,mosquito,2014,12,2014-12-01,0
MX-AGU,mosquito,2015,1,2015-01-01,0
MX-AGU,mosquito,2015,2,2015-02-01,0
MX-AGU,mosquito,2015,3,2015-03-01,0
MX-AGU,mosquito,2015,4,2015-04-01,9
MX-AGU,mosquito,2015,5,2015-05-01,22
MX-AGU,mosquito,2015,6,2015-06-01,19
MX-AGU,mosquito,2015,7,2015-07-01,29
MX-AGU,mosquito,2015,8,2015-08-01,29
MX-AGU,mosquito,2015,9,2015-09-01,30
MX-AGU,mosquito,2015,10,2015-10-01,14
MX-AGU,mosquito,2015,11,2015-11-01,17
MX-AGU,mosquito,2015,12,2015-12-01,0
MX-AGU,mosquito,2016,1,2016-01-01,9
MX-AGU,mosquito,2016,2,2016-02-01,19
MX-AGU,mosquito,2016,3,2016-03-01,8
MX-AGU,mosquito,2016,4,2016-04-01,12
MX-AGU,mosquito,2016,5,2016-05-01,18
MX-AGU,mosquito,2016,6,2016-06-01,25
MX-AGU,mosquito,2016,7,2016-07-01,21
MX-AGU,mosquito,2016,8,2016-08-01,25
MX-AGU,mosquito,2016,9,2016-09-01,27
MX-AGU,mosquito,2016,10,2016-10-01,21
MX-AGU,mosquito,2016,11,2016-11-01,0
MX-AGU,mosquito,2016,12,2016-12-01,0
MX-AGU,mosquito,2017,1,2017-01-01,0
MX-AGU,mosquito,2017,2,2017-02-01,0
MX-AGU,mosquito,2017,3,2017-03-01,0
MX-AGU,mosquito,2017,4,2017-04-01,7
MX-AGU,mosquito,2017,5,2017-05-01,0
MX-AGU,mosquito,2017,6,2017-06-01,9
MX-AGU,mosquito,2017,7,2017-07-01,0
MX-AGU,mosquito,2017,8,2017-08-01,7
MX-AGU,mosquito,2017,9,2017-09-01,0
MX-AGU,mosquito,2017,10,2017-10-01,0
MX-AGU,mosquito,2017,11,2017-11-01,8
MX-AGU,mosquito,2017,12,2017-12-01,0
MX-AGU,mosquito,2018,1,2018-01-01,0
MX-AGU,mosquito,2018,2,2018-02-01,0
MX-AGU,mosquito,2018,3,2018-03-01,0
MX-AGU,mosquito,2018,4,2018-04-01,8
MX-AGU,mosquito,2018,5,2018-05-01,11
MX-AGU,mosquito,2018,6,2018-06-01,12
MX-AGU,mosquito,2018,7,2018-07-01,20
MX-AGU,mosquito,2018,8,2018-08-01,14
MX-AGU,mosquito,2018,9,2018-09-01,0
MX-AGU,mosquito,2018,10,2018-10-01,0
MX-AGU,mosquito,2018,11,2018-11-01,0
MX-AGU,mosquito,2018,12,2018-12-01,0
MX-AGU,mosquito,2019,1,2019-01-01,0
MX-AGU,mosquito,2019,2,2019-02-01,0
MX-AGU,mosquito,2019,3,2019-03-01,0
MX-AGU,mosquito,2019,4,2019-04-01,0
MX-AGU,mosquito,2019,5,2019-05-01,0
MX-AGU,mosquito,2019,6,2019-06-01,0
MX-AGU,mosquito,2019,7,2019-07-01,0
MX-AGU,mosquito,2019,8,2019-08-01,0
MX-AGU,mosquito,2019,9,2019-09-01,0
MX-AGU,mosquito,2019,10,2019-10-01,0
MX-AGU,mosquito,2019,11,2019-11-01,0
MX-AGU,mosquito,2019,12,2019-12-01,0
MX-AGU,mosquito,2020,1,2020-01-01,0
MX-AGU,mosquito,2020,2,2020-02-01,0
MX-AGU,mosquito,2020,3,2020-03-01,0
MX-AGU,mosquito,2020,4,2020-04-01,9
MX-AGU,mosquito,2020,5,2020-05-01,7
MX-AGU,mosquito,2020,6,2020-06-01,7
MX-AGU,mosquito,2020,7,2020-07-01,7
MX-AGU,mosquito,2020,8,2020-08-01,7
MX-AGU,mosquito,2020,9,2020-09-01,10
MX-AGU,mosquito,2020,10,2020-10-01,7
MX-AGU,mosquito,2020,11,2020-11-01,8
MX-AGU,mosquito,2020,12,2020-12-01,0
MX-AGU,mosquito,2021,1,2021-01-01,0
MX-AGU,mosquito,2021,2,2021-02-01,0
MX-AGU,mosquito,2021,3,2021-03-01,5
MX-AGU,mosquito,2021,4,2021-04-01,15
MX-AGU,mosquito,2021,5,2021-05-01,34
MX-AGU,mosquito,2021,6,2021-06-01,26
MX-AGU,mosquito,2021,7,2021-07-01,26
MX-AGU,mosquito,2021,8,2021-08-01,33
MX-AGU,mosquito,2021,9,2021-09-01,15
MX-AGU,mosquito,2021,10,2021-10-01,13
MX-AGU,mosquito,2021,11,2021-11-01,7
MX-AGU,mosquito,2021,12,2021-12-01,12
MX-AGU,mosquito,2022,1,2022-01-01,8
MX-AGU,mosquito,2022,2,2022-02-01,8
MX-AGU,mosquito,2022,3,2022-03-01,10
MX-AGU,mosquito,2022,4,2022-04-01,12
MX-AGU,mosquito,2022,5,2022-05-01,21
MX-AGU,mosquito,2022,6,2022-06-01,25
MX-AGU,mosquito,2022,7,2022-07-01,36
MX-AGU,mosquito,2022,8,2022-08-01,31
MX-AGU,mosquito,2022,9,2022-09-01,29
MX-AGU,mosquito,2022,10,2022-10-01,25
MX-AGU,mosquito,2022,11,2022-11-01,14
MX-AGU,mosquito,2022,12,2022-12-01,11
MX-AGU,vector,2004,1,2004-01-01,0
MX-AGU,vector,2004,2,2004-02-01,0
MX-AGU,vector,2004,3,2004-03-01,0
MX-AGU,vector,2004,4,2004-04-01,0
MX-AGU,vector,2004,5,2004-05-01,0
MX-AGU,vector,2004,6,2004-06-01,0
MX-AGU,vector,2004,7,2004-07-01,0
MX-AGU,vector,2004,8,2004-08-01,0
MX-AGU,vector,2004,9,2004-09-01,0
MX-AGU,vector,2004,10,2004-10-01,0
MX-AGU,vector,2004,11,2004-11-01,0
MX-AGU,vector,2004,12,2004-12-01,100
MX-AGU,vector,2005,1,2005-01-01,0
MX-AGU,vector,2005,2,2005-02-01,0
MX-AGU,vector,2005,3,2005-03-01,0
MX-AGU,vector,2005,4,2005-04-01,0
MX-AGU,vector,2005,5,2005-05-01,0
MX-AGU,vector,2005,6,2005-06-01,0
MX-AGU,vector,2005,7,2005-07-01,0
MX-AGU,vector,2005,8,2005-08-01,0
MX-AGU,vector,2005,9,2005-09-01,0
MX-AGU,vector,2005,10,2005-10-01,0
MX-AGU,vector,2005,11,2005-11-01,0
MX-AGU,vector,2005,12,2005-12-01,0
MX-AGU,vector,2006,1,2006-01-01,0
MX-AGU,vector,2006,2,2006-02-01,0
MX-AGU,vector,2006,3,2006-03-01,0
MX-AGU,vector,2006,4,2006-04-01,0
MX-AGU,vector,2006,5,2006-05-01,0
MX-AGU,vector,2006,6,2006-06-01,0
MX-AGU,vector,2006,7,2006-07-01,0
MX-AGU,vector,2006,8,2006-08-01,0
MX-AGU,vector,2006,9,2006-09-01,0
MX-AGU,vector,2006,10,2006-10-01,0
MX-AGU,vector,2006,11,2006-11-01,0
MX-AGU,vector,2006,12,2006-12-01,0
MX-AGU,vector,2007,1,2007-01-01,0
MX-AGU,vector,2007,2,2007-02-01,0
MX-AGU,vector,2007,3,2007-03-01,0
MX-AGU,vector,2007,4,2007-04-01,0
MX-AGU,vector,2007,5,2007-05-01,0
MX-AGU,vector,2007,6,2007-06-01,0
MX-AGU,vector,2007,7,2007-07-01,0
MX-AGU,vector,2007,8,2007-08-01,0
MX-AGU,vector,2007,9,2007-09-01,0
MX-AGU,vector,2007,10,2007-10-01,0
MX-AGU,vector,2007,11,2007-11-01,0
MX-AGU,vector,2007,12,2007-12-01,0
MX-AGU,vector,2008,1,2008-01-01,0
MX-AGU,vector,2008,2,2008-02-01,0
MX-AGU,vector,2008,3,2008-03-01,0
MX-AGU,vector,2008,4,2008-04-01,0
MX-AGU,vector,2008,5,2008-05-01,0
MX-AGU,vector,2008,6,2008-06-01,0
MX-AGU,vector,2008,7,2008-07-01,0
MX-AGU,vector,2008,8,2008-08-01,0
MX-AGU,vector,2008,9,2008-09-01,0
MX-AGU,vector,2008,10,2008-10-01,0
MX-AGU,vector,2008,11,2008-11-01,0
MX-AGU,vector,2008,12,2008-12-01,0
MX-AGU,vector,2009,1,2009-01-01,0
MX-AGU,vector,2009,2,2009-02-01,0
MX-AGU,vector,2009,3,2009-03-01,0
MX-AGU,vector,2009,4,2009-04-01,0
MX-AGU,vector,2009,5,2009-05-01,0
MX-AGU,vector,2009,6,2009-06-01,0
MX-AGU,vector,2009,7,2009-07-01,0
MX-AGU,vector,2009,8,2009-08-01,0
MX-AGU,vector,2009,9,2009-09-01,0
MX-AGU,vector,2009,10,2009-10-01,0
MX-AGU,vector,2009,11,2009-11-01,0
MX-AGU,vector,2009,12,2009-12-01,0
MX-AGU,vector,2010,1,2010-01-01,0
MX-AGU,vector,2010,2,2010-02-01,0
MX-AGU,vector,2010,3,2010-03-01,4
MX-AGU,vector,2010,4,2010-04-01,0
MX-AGU,vector,2010,5,2010-05-01,0
MX-AGU,vector,2010,6,2010-06-01,0
MX-AGU,vector,2010,7,2010-07-01,0
MX-AGU,vector,2010,8,2010-08-01,0
MX-AGU,vector,2010,9,2010-09-01,0
MX-AGU,vector,2010,10,2010-10-01,0
MX-AGU,vector,2010,11,2010-11-01,0
MX-AGU,vector,2010,12,2010-12-01,0
MX-AGU,vector,2011,1,2011-01-01,0
MX-AGU,vector,2011,2,2011-02-01,1
MX-AGU,vector,2011,3,2011-03-01,0
MX-AGU,vector,2011,4,2011-04-01,0
MX-AGU,vector,2011,5,2011-05-01,0
MX-AGU,vector,2011,6,2011-06-01,0
MX-AGU,vector,2011,7,2011-07-01,0
MX-AGU,vector,2011,8,2011-08-01,1
MX-AGU,vector,2011,9,2011-09-01,0
MX-AGU,vector,2011,10,2011-10-01,0
MX-AGU,vector,2011,11,2011-11-01,0
MX-AGU,vector,2011,12,2011-12-01,1
MX-AGU,vector,2012,1,2012-01-01,1
MX-AGU,vector,2012,2,2012-02-01,0
MX-AGU,vector,2012,3,2012-03-01,0
MX-AGU,vector,2012,4,2012-04-01,0
MX-AGU,vector,2012,5,2012-05-01,1
MX-AGU,vector,2012,6,2012-06-01,0
MX-AGU,vector,2012,7,2012-07-01,0
MX-AGU,vector,2012,8,2012-08-01,0
MX-AGU,vector,2012,9,2012-09-01,1
MX-AGU,vector,2012,10,2012-10-01,1
MX-AGU,vector,2012,11,2012-11-01,1
MX-AGU,vector,2012,12,2012-12-01,0
MX-AGU,vector,2013,1,2013-01-01,0
MX-AGU,vector,2013,2,2013-02-01,0
MX-AGU,vector,2013,3,2013-03-01,0
MX-AGU,vector,2013,4,2013-04-01,1
MX-AGU,vector,2013,5,2013-05-01,0
MX-AGU,vector,2013,6,2013-06-01,1
MX-AGU,vector,2013,7,2013-07-01,0
MX-AGU,vector,2013,8,2013-08-01,1
MX-AGU,vector,2013,9,2013-09-01,1
MX-AGU,vector,2013,10,2013-10-01,1
MX-AGU,vector,2013,11,2013-11-01,0
MX-AGU,vector,2013,12,2013-12-01,0
MX-AGU,vector,2014,1,2014-01-01,0
MX-AGU,vector,2014,2,2014-02-01,1
MX-AGU,vector,2014,3,2014-03-01,0
MX-AGU,vector,2014,4,2014-04-01,1
MX-AGU,vector,2014,5,2014-05-01,1
MX-AGU,vector,2014,6,2014-06-01,1
MX-AGU,vector,2014,7,2014-07-01,0
MX-AGU,vector,2014,8,2014-08-01,0
MX-AGU,vector,2014,9,2014-09-01,0
MX-AGU,vector,2014,10,2014-10-01,1
MX-AGU,vector,2014,11,2014-11-01,1
MX-AGU,vector,2014,12,2014-12-01,0
MX-AGU,vector,2015,1,2015-01-01,0
MX-AGU,vector,2015,2,2015-02-01,1
MX-AGU,vector,2015,3,2015-03-01,1
MX-AGU,vector,2015,4,2015-04-01,0
MX-AGU,vector,2015,5,2015-05-01,0
MX-AGU,vector,2015,6,2015-06-01,1
MX-AGU,vector,2015,7,2015-07-01,0
MX-AGU,vector,2015,8,2015-08-01,1
MX-AGU,vector,2015,9,2015-09-01,1
MX-AGU,vector,2015,10,2015-10-01,1
MX-AGU,vector,2015,11,2015-11-01,0
MX-AGU,vector,2015,12,2015-12-01,0
MX-AGU,vector,2016,1,2016-01-01,0
MX-AGU,vector,2016,2,2016-02-01,1
MX-AGU,vector,2016,3,2016-03-01,1
MX-AGU,vector,2016,4,2016-04-01,1
MX-AGU,vector,2016,5,2016-05-01,0
MX-AGU,vector,2016,6,2016-06-01,0
MX-AGU,vector,2016,7,2016-07-01,0
MX-AGU,vector,2016,8,2016-08-01,0
MX-AGU,vector,2016,9,2016-09-01,1
MX-AGU,vector,2016,10,2016-10-01,0
MX-AGU,vector,2016,11,2016-11-01,0
MX-AGU,vector,2016,12,2016-12-01,0
MX-AGU,vector,2017,1,2017-01-01,0
MX-AGU,vector,2017,2,2017-02-01,0
MX-AGU,vector,2017,3,2017-03-01,0
MX-AGU,vector,2017,4,2017-04-01,0
MX-AGU,vector,2017,5,2017-05-01,0
MX-AGU,vector,2017,6,2017-06-01,0
MX-AGU,vector,2017,7,2017-07-01,0
MX-AGU,vector,2017,8,2017-08-01,0
MX-AGU,vector,2017,9,2017-09-01,0
MX-AGU,vector,2017,10,2017-10-01,0
MX-AGU,vector,2017,11,2017-11-01,0
MX-AGU,vector,2017,12,2017-12-01,0
MX-AGU,vector,2018,1,2018-01-01,0
MX-AGU,vector,2018,2,2018-02-01,0
MX-AGU,vector,2018,3,2018-03-01,0
MX-AGU,vector,2018,4,2018-04-01,0
MX-AGU,vector,2018,5,2018-05-01,0
MX-AGU,vector,2018,6,2018-06-01,0
MX-AGU,vector,2018,7,2018-07-01,0
MX-AGU,vector,2018,8,2018-08-01,0
MX-AGU,vector,2018,9,2018-09-01,0
MX-AGU,vector,2018,10,2018-10-01,0
MX-AGU,vector,2018,11,2018-11-01,0
MX-AGU,vector,2018,12,2018-12-01,0
MX-AGU,vector,2019,1,2019-01-01,0
MX-AGU,vector,2019,2,2019-02-01,0
MX-AGU,vector,2019,3,2019-03-01,0
MX-AGU,vector,2019,4,2019-04-01,0
MX-AGU,vector,2019,5,2019-05-01,0
MX-AGU,vector,2019,6,2019-06-01,0
MX-AGU,vector,2019,7,2019-07-01,0
MX-AGU,vector,2019,8,2019-08-01,0
MX-AGU,vector,2019,9,2019-09-01,0
MX-AGU,vector,2019,10,2019-10-01,0
MX-AGU,vector,2019,11,2019-11-01,0
MX-AGU,vector,2019,12,2019-12-01,0
MX-AGU,vector,2020,1,2020-01-01,0
MX-AGU,vector,2020,2,2020-02-01,0
MX-AGU,vector,2020,3,2020-03-01,0
MX-AGU,vector,2020,4,2020-04-01,0
MX-AGU,vector,2020,5,2020-05-01,0
MX-AGU,vector,2020,6,2020-06-01,0
MX-AGU,vector,2020,7,2020-07-01,0
MX-AGU,vector,2020,8,2020-08-01,0
MX-AGU,vector,2020,9,2020-09-01,0
MX-AGU,vector,2020,10,2020-10-01,0
MX-AGU,vector,2020,11,2020-11-01,0
MX-AGU,vector,2020,12,2020-12-01,0
MX-AGU,vector,2021,1,2021-01-01,0
MX-AGU,vector,2021,2,2021-02-01,0
MX-AGU,vector,2021,3,2021-03-01,0
MX-AGU,vector,2021,4,2021-04-01,0
MX-AGU,vector,2021,5,2021-05-01,0
MX-AGU,vector,2021,6,2021-06-01,0
MX-AGU,vector,2021,7,2021-07-01,0
MX-AGU,vector,2021,8,2021-08-01,0
MX-AGU,vector,2021,9,2021-09-01,0
MX-AGU,vector,2021,10,2021-10-01,0
MX-AGU,vector,2021,11,2021-11-01,0
MX-AGU,vector,2021,12,2021-12-01,0
MX-AGU,vector,2022,1,2022-01-01,0
MX-AGU,vector,2022,2,2022-02-01,1
MX-AGU,vector,2022,3,2022-03-01,0
MX-AGU,vector,2022,4,2022-04-01,0
MX-AGU,vector,2022,5,2022-05-01,0
MX-AGU,vector,2022,6,2022-06-01,0
MX-AGU,vector,2022,7,2022-07-01,0
MX-AGU,vector,2022,8,2022-08-01,0
MX-AGU,vector,2022,9,2022-09-01,0
MX-AGU,vector,2022,10,2022-10-01,0
MX-AGU,vector,2022,11,2022-11-01,0
MX-AGU,vector,2022,12,2022-12-01,0
MX-BCN,Aedes_aegypti,2004,1,2004-01-01,0
MX-BCN,Aedes_aegypti,2004,2,2004-02-01,0
MX-BCN,Aedes_aegypti,2004,3,2004-03-01,0
MX-BCN,Aedes_aegypti,2004,4,2004-04-01,0
MX-BCN,Aedes_aegypti,2004,5,2004-05-01,0
MX-BCN,Aedes_aegypti,2004,6,2004-06-01,0
MX-BCN,Aedes_aegypti,2004,7,2004-07-01,0
MX-BCN,Aedes_aegypti,2004,8,2004-08-01,0
MX-BCN,Aedes_aegypti,2004,9,2004-09-01,0
MX-BCN,Aedes_aegypti,2004,10,2004-10-01,0
MX-BCN,Aedes_aegypti,2004,11,2004-11-01,0
MX-BCN,Aedes_aegypti,2004,12,2004-12-01,0
MX-BCN,Aedes_aegypti,2005,1,2005-01-01,0
MX-BCN,Aedes_aegypti,2005,2,2005-02-01,0
MX-BCN,Aedes_aegypti,2005,3,2005-03-01,0
MX-BCN,Aedes_aegypti,2005,4,2005-04-01,0
MX-BCN,Aedes_aegypti,2005,5,2005-05-01,0
MX-BCN,Aedes_aegypti,2005,6,2005-06-01,0
MX-BCN,Aedes_aegypti,2005,7,2005-07-01,0
MX-BCN,Aedes_aegypti,2005,8,2005-08-01,0
MX-BCN,Aedes_aegypti,2005,9,2005-09-01,0
MX-BCN,Aedes_aegypti,2005,10,2005-10-01,0
MX-BCN,Aedes_aegypti,2005,11,2005-11-01,0
MX-BCN,Aedes_aegypti,2005,12,2005-12-01,0
MX-BCN,Aedes_aegypti,2006,1,2006-01-01,0
MX-BCN,Aedes_aegypti,2006,2,2006-02-01,0
MX-BCN,Aedes_aegypti,2006,3,2006-03-01,0
MX-BCN,Aedes_aegypti,2006,4,2006-04-01,0
MX-BCN,Aedes_aegypti,2006,5,2006-05-01,0
MX-BCN,Aedes_aegypti,2006,6,2006-06-01,0
MX-BCN,Aedes_aegypti,2006,7,2006-07-01,0
MX-BCN,Aedes_aegypti,2006,8,2006-08-01,0
MX-BCN,Aedes_aegypti,2006,9,2006-09-01,0
MX-BCN,Aedes_aegypti,2006,10,2006-10-01,0
MX-BCN,Aedes_aegypti,2006,11,2006-11-01,0
MX-BCN,Aedes_aegypti,2006,12,2006-12-01,0
MX-BCN,Aedes_aegypti,2007,1,2007-01-01,0
MX-BCN,Aedes_aegypti,2007,2,2007-02-01,0
MX-BCN,Aedes_aegypti,2007,3,2007-03-01,0
MX-BCN,Aedes_aegypti,2007,4,2007-04-01,0
MX-BCN,Aedes_aegypti,2007,5,2007-05-01,0
MX-BCN,Aedes_aegypti,2007,6,2007-06-01,0
MX-BCN,Aedes_aegypti,2007,7,2007-07-01,0
MX-BCN,Aedes_aegypti,2007,8,2007-08-01,0
MX-BCN,Aedes_aegypti,2007,9,2007-09-01,0
MX-BCN,Aedes_aegypti,2007,10,2007-10-01,0
MX-BCN,Aedes_aegypti,2007,11,2007-11-01,0
MX-BCN,Aedes_aegypti,2007,12,2007-12-01,0
MX-BCN,Aedes_aegypti,2008,1,2008-01-01,0
MX-BCN,Aedes_aegypti,2008,2,2008-02-01,0
MX-BCN,Aedes_aegypti,2008,3,2008-03-01,0
MX-BCN,Aedes_aegypti,2008,4,2008-04-01,0
MX-BCN,Aedes_aegypti,2008,5,2008-05-01,0
MX-BCN,Aedes_aegypti,2008,6,2008-06-01,0
MX-BCN,Aedes_aegypti,2008,7,2008-07-01,0
MX-BCN,Aedes_aegypti,2008,8,2008-08-01,0
MX-BCN,Aedes_aegypti,2008,9,2008-09-01,0
MX-BCN,Aedes_aegypti,2008,10,2008-10-01,0
MX-BCN,Aedes_aegypti,2008,11,2008-11-01,0
MX-BCN,Aedes_aegypti,2008,12,2008-12-01,0
MX-BCN,Aedes_aegypti,2009,1,2009-01-01,0
MX-BCN,Aedes_aegypti,2009,2,2009-02-01,0
MX-BCN,Aedes_aegypti,2009,3,2009-03-01,0
MX-BCN,Aedes_aegypti,2009,4,2009-04-01,0
MX-BCN,Aedes_aegypti,2009,5,2009-05-01,0
MX-BCN,Aedes_aegypti,2009,6,2009-06-01,0
MX-BCN,Aedes_aegypti,2009,7,2009-07-01,0
MX-BCN,Aedes_aegypti,2009,8,2009-08-01,0
MX-BCN,Aedes_aegypti,2009,9,2009-09-01,0
MX-BCN,Aedes_aegypti,2009,10,2009-10-01,0
MX-BCN,Aedes_aegypti,2009,11,2009-11-01,0
MX-BCN,Aedes_aegypti,2009,12,2009-12-01,0
MX-BCN,Aedes_aegypti,2010,1,2010-01-01,0
MX-BCN,Aedes_aegypti,2010,2,2010-02-01,0
MX-BCN,Aedes_aegypti,2010,3,2010-03-01,0
MX-BCN,Aedes_aegypti,2010,4,2010-04-01,0
MX-BCN,Aedes_aegypti,2010,5,2010-05-01,0
MX-BCN,Aedes_aegypti,2010,6,2010-06-01,0
MX-BCN,Aedes_aegypti,2010,7,2010-07-01,0
MX-BCN,Aedes_aegypti,2010,8,2010-08-01,0
MX-BCN,Aedes_aegypti,2010,9,2010-09-01,0
MX-BCN,Aedes_aegypti,2010,10,2010-10-01,0
MX-BCN,Aedes_aegypti,2010,11,2010-11-01,0
MX-BCN,Aedes_aegypti,2010,12,2010-12-01,0
MX-BCN,Aedes_aegypti,2011,1,2011-01-01,0
MX-BCN,Aedes_aegypti,2011,2,2011-02-01,0
MX-BCN,Aedes_aegypti,2011,3,2011-03-01,0
MX-BCN,Aedes_aegypti,2011,4,2011-04-01,0
MX-BCN,Aedes_aegypti,2011,5,2011-05-01,0
MX-BCN,Aedes_aegypti,2011,6,2011-06-01,0
MX-BCN,Aedes_aegypti,2011,7,2011-07-01,0
MX-BCN,Aedes_aegypti,2011,8,2011-08-01,0
MX-BCN,Aedes_aegypti,2011,9,2011-09-01,0
MX-BCN,Aedes_aegypti,2011,10,2011-10-01,100
MX-BCN,Aedes_aegypti,2011,11,2011-11-01,0
MX-BCN,Aedes_aegypti,2011,12,2011-12-01,0
MX-BCN,Aedes_aegypti,2012,1,2012-01-01,0
MX-BCN,Aedes_aegypti,2012,2,2012-02-01,0
MX-BCN,Aedes_aegypti,2012,3,2012-03-01,0
MX-BCN,Aedes_aegypti,2012,4,2012-04-01,0
MX-BCN,Aedes_aegypti,2012,5,2012-05-01,0
MX-BCN,Aedes_aegypti,2012,6,2012-06-01,0
MX-BCN,Aedes_aegypti,2012,7,2012-07-01,0
MX-BCN,Aedes_aegypti,2012,8,2012-08-01,0
MX-BCN,Aedes_aegypti,2012,9,2012-09-01,0
MX-BCN,Aedes_aegypti,2012,10,2012-10-01,0
MX-BCN,Aedes_aegypti,2012,11,2012-11-01,0
MX-BCN,Aedes_aegypti,2012,12,2012-12-01,0
MX-BCN,Aedes_aegypti,2013,1,2013-01-01,0
MX-BCN,Aedes_aegypti,2013,2,2013-02-01,0
MX-BCN,Aedes_aegypti,2013,3,2013-03-01,0
MX-BCN,Aedes_aegypti,2013,4,2013-04-01,0
MX-BCN,Aedes_aegypti,2013,5,2013-05-01,0
MX-BCN,Aedes_aegypti,2013,6,2013-06-01,0
MX-BCN,Aedes_aegypti,2013,7,2013-07-01,0
MX-BCN,Aedes_aegypti,2013,8,2013-08-01,0
MX-BCN,Aedes_aegypti,2013,9,2013-09-01,0
MX-BCN,Aedes_aegypti,2013,10,2013-10-01,0
MX-BCN,Aedes_aegypti,2013,11,2013-11-01,0
MX-BCN,Aedes_aegypti,2013,12,2013-12-01,0
MX-BCN,Aedes_aegypti,2014,1,2014-01-01,0
MX-BCN,Aedes_aegypti,2014,2,2014-02-01,0
MX-BCN,Aedes_aegypti,2014,3,2014-03-01,0
MX-BCN,Aedes_aegypti,2014,4,2014-04-01,0
MX-BCN,Aedes_aegypti,2014,5,2014-05-01,0
MX-BCN,Aedes_aegypti,2014,6,2014-06-01,0
MX-BCN,Aedes_aegypti,2014,7,2014-07-01,0
MX-BCN,Aedes_aegypti,2014,8,2014-08-01,0
MX-BCN,Aedes_aegypti,2014,9,2014-09-01,0
MX-BCN,Aedes_aegypti,2014,10,2014-10-01,0
MX-BCN,Aedes_aegypti,2014,11,2014-11-01,0
MX-BCN,Aedes_aegypti,2014,12,2014-12-01,0
MX-BCN,Aedes_aegypti,2015,1,2015-01-01,0
MX-BCN,Aedes_aegypti,2015,2,2015-02-01,0
MX-BCN,Aedes_aegypti,2015,3,2015-03-01,0
MX-BCN,Aedes_aegypti,2015,4,2015-04-01,0
MX-BCN,Aedes_aegypti,2015,5,2015-05-01,0
MX-BCN,Aedes_aegypti,2015,6,2015-06-01,0
MX-BCN,Aedes_aegypti,2015,7,2015-07-01,0
MX-BCN,Aedes_aegypti,2015,8,2015-08-01,0
MX-BCN,Aedes_aegypti,2015,9,2015-09-01,0
MX-BCN,Aedes_aegypti,2015,10,2015-10-01,0
MX-BCN,Aedes_aegypti,2015,11,2015-11-01,0
MX-BCN,Aedes_aegypti,2015,12,2015-12-01,0
MX-BCN,Aedes_aegypti,2016,1,2016-01-01,0
MX-BCN,Aedes_aegypti,2016,2,2016-02-01,0
MX-BCN,Aedes_aegypti,2016,3,2016-03-01,0
MX-BCN,Aedes_aegypti,2016,4,2016-04-01,0
MX-BCN,Aedes_aegypti,2016,5,2016-05-01,0
MX-BCN,Aedes_aegypti,2016,6,2016-06-01,0
MX-BCN,Aedes_aegypti,2016,7,2016-07-01,0
MX-BCN,Aedes_aegypti,2016,8,2016-08-01,0
MX-BCN,Aedes_aegypti,2016,9,2016-09-01,0
MX-BCN,Aedes_aegypti,2016,10,2016-10-01,0
MX-BCN,Aedes_aegypti,2016,11,2016-11-01,0
MX-BCN,Aedes_aegypti,2016,12,2016-12-01,0
MX-BCN,Aedes_aegypti,2017,1,2017-01-01,0
MX-BCN,Aedes_aegypti,2017,2,2017-02-01,0
MX-BCN,Aedes_aegypti,2017,3,2017-03-01,0
MX-BCN,Aedes_aegypti,2017,4,2017-04-01,0
MX-BCN,Aedes_aegypti,2017,5,2017-05-01,0
MX-BCN,Aedes_aegypti,2017,6,2017-06-01,0
MX-BCN,Aedes_aegypti,2017,7,2017-07-01,0
MX-BCN,Aedes_aegypti,2017,8,2017-08-01,0
MX-BCN,Aedes_aegypti,2017,9,2017-09-01,0
MX-BCN,Aedes_aegypti,2017,10,2017-10-01,0
MX-BCN,Aedes_aegypti,2017,11,2017-11-01,0
MX-BCN,Aedes_aegypti,2017,12,2017-12-01,0
MX-BCN,Aedes_aegypti,2018,1,2018-01-01,0
MX-BCN,Aedes_aegypti,2018,2,2018-02-01,0
MX-BCN,Aedes_aegypti,2018,3,2018-03-01,0
MX-BCN,Aedes_aegypti,2018,4,2018-04-01,0
MX-BCN,Aedes_aegypti,2018,5,2018-05-01,0
MX-BCN,Aedes_aegypti,2018,6,2018-06-01,0
MX-BCN,Aedes_aegypti,2018,7,2018-07-01,0
MX-BCN,Aedes_aegypti,2018,8,2018-08-01,0
MX-BCN,Aedes_aegypti,2018,9,2018-09-01,0
MX-BCN,Aedes_aegypti,2018,10,2018-10-01,0
MX-BCN,Aedes_aegypti,2018,11,2018-11-01,0
MX-BCN,Aedes_aegypti,2018,12,2018-12-01,0
MX-BCN,Aedes_aegypti,2019,1,2019-01-01,0
MX-BCN,Aedes_aegypti,2019,2,2019-02-01,0
MX-BCN,Aedes_aegypti,2019,3,2019-03-01,61
MX-BCN,Aedes_aegypti,2019,4,2019-04-01,0
MX-BCN,Aedes_aegypti,2019,5,2019-05-01,0
MX-BCN,Aedes_aegypti,2019,6,2019-06-01,0
MX-BCN,Aedes_aegypti,2019,7,2019-07-01,0
MX-BCN,Aedes_aegypti,2019,8,2019-08-01,0
MX-BCN,Aedes_aegypti,2019,9,2019-09-01,0
MX-BCN,Aedes_aegypti,2019,10,2019-10-01,0
MX-BCN,Aedes_aegypti,2019,11,2019-11-01,0
MX-BCN,Aedes_aegypti,2019,12,2019-12-01,0
MX-BCN,Aedes_aegypti,2020,1,2020-01-01,0
MX-BCN,Aedes_aegypti,2020,2,2020-02-01,0
MX-BCN,Aedes_aegypti,2020,3,2020-03-01,0
MX-BCN,Aedes_aegypti,2020,4,2020-04-01,0
MX-BCN,Aedes_aegypti,2020,5,2020-05-01,0
MX-BCN,Aedes_aegypti,2020,6,2020-06-01,0
MX-BCN,Aedes_aegypti,2020,7,2020-07-01,0
MX-BCN,Aedes_aegypti,2020,8,2020-08-01,0
MX-BCN,Aedes_aegypti,2020,9,2020-09-01,0
MX-BCN,Aedes_aegypti,2020,10,2020-10-01,0
MX-BCN,Aedes_aegypti,2020,11,2020-11-01,0
MX-BCN,Aedes_aegypti,2020,12,2020-12-01,0
MX-BCN,Aedes_aegypti,2021,1,2021-01-01,0
MX-BCN,Aedes_aegypti,2021,2,2021-02-01,0
MX-BCN,Aedes_aegypti,2021,3,2021-03-01,0
MX-BCN,Aedes_aegypti,2021,4,2021-04-01,0
MX-BCN,Aedes_aegypti,2021,5,2021-05-01,0
MX-BCN,Aedes_aegypti,2021,6,2021-06-01,0
MX-BCN,Aedes_aegypti,2021,7,2021-07-01,0
MX-BCN,Aedes_aegypti,2021,8,2021-08-01,0
MX-BCN,Aedes_aegypti,2021,9,2021-09-01,0
MX-BCN,Aedes_aegypti,2021,10,2021-10-01,0
MX-BCN,Aedes_aegypti,2021,11,2021-11-01,0
MX-BCN,Aedes_aegypti,2021,12,2021-12-01,0
MX-BCN,Aedes_aegypti,2022,1,2022-01-01,0
MX-BCN,Aedes_aegypti,2022,2,2022-02-01,0
MX-BCN,Aedes_aegypti,2022,3,2022-03-01,0
MX-BCN,Aedes_aegypti,2022,4,2022-04-01,0
MX-BCN,Aedes_aegypti,2022,5,2022-05-01,0
MX-BCN,Aedes_aegypti,2022,6,2022-06-01,0
MX-BCN,Aedes_aegypti,2022,7,2022-07-01,0
MX-BCN,Aedes_aegypti,2022,8,2022-08-01,0
MX-BCN,Aedes_aegypti,2022,9,2022-09-01,0
MX-BCN,Aedes_aegypti,2022,10,2022-10-01,0
MX-BCN,Aedes_aegypti,2022,11,2022-11-01,0
MX-BCN,Aedes_aegypti,2022,12,2022-12-01,0
MX-BCN,mosquito,2004,1,2004-01-01,0
MX-BCN,mosquito,2004,2,2004-02-01,0
MX-BCN,mosquito,2004,3,2004-03-01,0
MX-BCN,mosquito,2004,4,2004-04-01,0
MX-BCN,mosquito,2004,5,2004-05-01,0
MX-BCN,mosquito,2004,6,2004-06-01,0
MX-BCN,mosquito,2004,7,2004-07-01,0
MX-BCN,mosquito,2004,8,2004-08-01,0
MX-BCN,mosquito,2004,9,2004-09-01,0
MX-BCN,mosquito,2004,10,2004-10-01,0
MX-BCN,mosquito,2004,11,2004-11-01,0
MX-BCN,mosquito,2004,12,2004-12-01,0
MX-BCN,mosquito,2005,1,2005-01-01,0
MX-BCN,mosquito,2005,2,2005-02-01,0
MX-BCN,mosquito,2005,3,2005-03-01,0
MX-BCN,mosquito,2005,4,2005-04-01,0
MX-BCN,mosquito,2005,5,2005-05-01,0
MX-BCN,mosquito,2005,6,2005-06-01,0
MX-BCN,mosquito,2005,7,2005-07-01,0
MX-BCN,mosquito,2005,8,2005-08-01,0
MX-BCN,mosquito,2005,9,2005-09-01,0
MX-BCN,mosquito,2005,10,2005-10-01,0
MX-BCN,mosquito,2005,11,2005-11-01,0
MX-BCN,mosquito,2005,12,2005-12-01,0
MX-BCN,mosquito,2006,1,2006-01-01,0
MX-BCN,mosquito,2006,2,2006-02-01,0
MX-BCN,mosquito,2006,3,2006-03-01,0
MX-BCN,mosquito,2006,4,2006-04-01,0
MX-BCN,mosquito,2006,5,2006-05-01,0
MX-BCN,mosquito,2006,6,2006-06-01,0
MX-BCN,mosquito,2006,7,2006-07-01,0
MX-BCN,mosquito,2006,8,2006-08-01,0
MX-BCN,mosquito,2006,9,2006-09-01,0
MX-BCN,mosquito,2006,10,2006-10-01,0
MX-BCN,mosquito,2006,11,2006-11-01,0
MX-BCN,mosquito,2006,12,2006-12-01,0
MX-BCN,mosquito,2007,1,2007-01-01,0
MX-BCN,mosquito,2007,2,2007-02-01,0
MX-BCN,mosquito,2007,3,2007-03-01,0
MX-BCN,mosquito,2007,4,2007-04-01,0
MX-BCN,mosquito,2007,5,2007-05-01,0
MX-BCN,mosquito,2007,6,2007-06-01,0
MX-BCN,mosquito,2007,7,2007-07-01,0
MX-BCN,mosquito,2007,8,2007-08-01,0
MX-BCN,mosquito,2007,9,2007-09-01,0
MX-BCN,mosquito,2007,10,2007-10-01,0
MX-BCN,mosquito,2007,11,2007-11-01,0
MX-BCN,mosquito,2007,12,2007-12-01,0
MX-BCN,mosquito,2008,1,2008-01-01,0
MX-BCN,mosquito,2008,2,2008-02-01,0
MX-BCN,mosquito,2008,3,2008-03-01,0
MX-BCN,mosquito,2008,4,2008-04-01,0
MX-BCN,mosquito,2008,5,2008-05-01,0
MX-BCN,mosquito,2008,6,2008-06-01,0
MX-BCN,mosquito,2008,7,2008-07-01,0
MX-BCN,mosquito,2008,8,2008-08-01,0
MX-BCN,mosquito,2008,9,2008-09-01,0
MX-BCN,mosquito,2008,10,2008-10-01,28
MX-BCN,mosquito,2008,11,2008-11-01,0
MX-BCN,mosquito,2008,12,2008-12-01,0
MX-BCN,mosquito,2009,1,2009-01-01,0
MX-BCN,mosquito,2009,2,2009-02-01,0
MX-BCN,mosquito,2009,3,2009-03-01,0
MX-BCN,mosquito,2009,4,2009-04-01,0
MX-BCN,mosquito,2009,5,2009-05-01,25
MX-BCN,mosquito,2009,6,2009-06-01,0
MX-BCN,mosquito,2009,7,2009-07-01,0
MX-BCN,mosquito,2009,8,2009-08-01,0
MX-BCN,mosquito,2009,9,2009-09-01,28
MX-BCN,mosquito,2009,10,2009-10-01,0
MX-BCN,mosquito,2009,11,2009-11-01,0
MX-BCN,mosquito,2009,12,2009-12-01,0
MX-BCN,mosquito,2010,1,2010-01-01,0
MX-BCN,mosquito,2010,2,2010-02-01,0
MX-BCN,mosquito,2010,3,2010-03-01,0
MX-BCN,mosquito,2010,4,2010-04-01,0
MX-BCN,mosquito,2010,5,2010-05-01,0
MX-BCN,mosquito,2010,6,2010-06-01,0
MX-BCN,mosquito,2010,7,2010-07-01,38
MX-BCN,mosquito,2010,8,2010-08-01,28
MX-BCN,mosquito,2010,9,2010-09-01,30
MX-BCN,mosquito,2010,10,2010-10-01,0
MX-BCN,mosquito,2010,11,2010-11-01,0
MX-BCN,mosquito,2010,12,2010-12-01,0
MX-BCN,mosquito,2011,1,2011-01-01,13
MX-BCN,mosquito,2011,2,2011-02-01,0
MX-BCN,mosquito,2011,3,2011-03-01,0
MX-BCN,mosquito,2011,4,2011-04-01,0
MX-BCN,mosquito,2011,5,2011-05-01,14
MX-BCN,mosquito,2011,6,2011-06-01,13
MX-BCN,mosquito,2011,7,2011-07-01,28
MX-BCN,mosquito,2011,8,2011-08-01,25
MX-BCN,mosquito,2011,9,2011-09-01,22
MX-BCN,mosquito,2011,10,2011-10-01,22
MX-BCN,mosquito,2011,11,2011-11-01,12
MX-BCN,mosquito,2011,12,2011-12-01,0
MX-BCN,mosquito,2012,1,2012-01-01,13
MX-BCN,mosquito,2012,2,2012-02-01,10
MX-BCN,mosquito,2012,3,2012-03-01,10
MX-BCN,mosquito,2012,4,2012-04-01,16
MX-BCN,mosquito,2012,5,2012-05-01,16
MX-BCN,mosquito,2012,6,2012-06-01,22
MX-BCN,mosquito,2012,7,2012-07-01,26
MX-BCN,mosquito,2012,8,2012-08-01,44
MX-BCN,mosquito,2012,9,2012-09-01,54
MX-BCN,mosquito,2012,10,2012-10-01,31
MX-BCN,mosquito,2012,11,2012-11-01,15
MX-BCN,mosquito,2012,12,2012-12-01,10
MX-BCN,mosquito,2013,1,2013-01-01,11
MX-BCN,mosquito,2013,2,2013-02-01,7
MX-BCN,mosquito,2013,3,2013-03-01,16
MX-BCN,mosquito,2013,4,2013-04-01,22
MX-BCN,mosquito,2013,5,2013-05-01,23
MX-BCN,mosquito,2013,6,2013-06-01,29
MX-BCN,mosquito,2013,7,2013-07-01,30
MX-BCN,mosquito,2013,8,2013-08-01,35
MX-BCN,mosquito,2013,9,2013-09-01,40
MX-BCN,mosquito,2013,10,2013-10-01,23
MX-BCN,mosquito,2013,11,2013-11-01,14
MX-BCN,mosquito,2013,12,2013-12-01,9
MX-BCN,mosquito,2014,1,2014-01-01,13
MX-BCN,mosquito,2014,2,2014-02-01,10
MX-BCN,mosquito,2014,3,2014-03-01,18
MX-BCN,mosquito,2014,4,2014-04-01,22
MX-BCN,mosquito,2014,5,2014-05-01,31
MX-BCN,mosquito,2014,6,2014-06-01,30
MX-BCN,mosquito,2014,7,2014-07-01,57
MX-BCN,mosquito,2014,8,2014-08-01,62
MX-BCN,mosquito,2014,9,2014-09-01,51
MX-BCN,mosquito,2014,10,2014-10-01,59
MX-BCN,mosquito,2014,11,2014-11-01,40
MX-BCN,mosquito,2014,12,2014-12-01,19
MX-BCN,mosquito,2015,1,2015-01-01,9
MX-BCN,mosquito,2015,2,2015-02-01,19
MX-BCN,mosquito,2015,3,2015-03-01,40
MX-BCN,mosquito,2015,4,2015-04-01,42
MX-BCN,mosquito,2015,5,2015-05-01,43
MX-BCN,mosquito,2015,6,2015-06-01,71
MX-BCN,mosquito,2015,7,2015-07-01,78
MX-BCN,mosquito,2015,8,2015-08-01,100
MX-BCN,mosquito,2015,9,2015-09-01,83
MX-BCN,mosquito,2015,10,2015-10-01,69
MX-BCN,mosquito,2015,11,2015-11-01,44
MX-BCN,mosquito,2015,12,2015-12-01,18
MX-BCN,mosquito,2016,1,2016-01-01,24
MX-BCN,mosquito,2016,2,2016-02-01,37
MX-BCN,mosquito,2016,3,2016-03-01,40
MX-BCN,mosquito,2016,4,2016-04-01,49
MX-BCN,mosquito,2016,5,2016-05-01,39
MX-BCN,mosquito,2016,6,2016-06-01,49
MX-BCN,mosquito,2016,7,2016-07-01,56
MX-BCN,mosquito,2016,8,2016-08-01,47
MX-BCN,mosquito,2016,9,2016-09-01,45
MX-BCN,mosquito,2016,10,2016-10-01,45
MX-BCN,mosquito,2016,11,2016-11-01,11
MX-BCN,mosquito,2016,12,2016-12-01,0
MX-BCN,mosquito,2017,1,2017-01-01,0
MX-BCN,mosquito,2017,2,2017-02-01,0
MX-BCN,mosquito,2017,3,2017-03-01,11
MX-BCN,mosquito,2017,4,2017-04-01,21
MX-BCN,mosquito,2017,5,2017-05-01,15
MX-BCN,mosquito,2017,6,2017-06-01,16
MX-BCN,mosquito,2017,7,2017-07-01,27
MX-BCN,mosquito,2017,8,2017-08-01,16
MX-BCN,mosquito,2017,9,2017-09-01,23
MX-BCN,mosquito,2017,10,2017-10-01,13
MX-BCN,mosquito,2017,11,2017-11-01,10
MX-BCN,mosquito,2017,12,2017-12-01,0
MX-BCN,mosquito,2018,1,2018-01-01,0
MX-BCN,mosquito,2018,2,2018-02-01,0
MX-BCN,mosquito,2018,3,2018-03-01,0
MX-BCN,mosquito,2018,4,2018-04-01,9
MX-BCN,mosquito,2018,5,2018-05-01,19
MX-BCN,mosquito,2018,6,2018-06-01,21
MX-BCN,mosquito,2018,7,2018-07-01,35
MX-BCN,mosquito,2018,8,2018-08-01,49
MX-BCN,mosquito,2018,9,2018-09-01,16
MX-BCN,mosquito,2018,10,2018-10-01,11
MX-BCN,mosquito,2018,11,2018-11-01,9
MX-BCN,mosquito,2018,12,2018-12-01,6
MX-BCN,mosquito,2019,1,2019-01-01,0
MX-BCN,mosquito,2019,2,2019-02-01,0
MX-BCN,mosquito,2019,3,2019-03-01,6
MX-BCN,mosquito,2019,4,2019-04-01,10
MX-BCN,mosquito,2019,5,2019-05-01,10
MX-BCN,mosquito,2019,6,2019-06-01,8
MX-BCN,mosquito,2019,7,2019-07-01,22
MX-BCN,mosquito,2019,8,2019-08-01,17
MX-BCN,mosquito,2019,9,2019-09-01,16
MX-BCN,mosquito,2019,10,2019-10-01,13
MX-BCN,mosquito,2019,11,2019-11-01,8
MX-BCN,mosquito,2019,12,2019-12-01,0
MX-BCN,mosquito,2020,1,2020-01-01,6
MX-BCN,mosquito,2020,2,2020-02-01,0
MX-BCN,mosquito,2020,3,2020-03-01,10
MX-BCN,mosquito,2020,4,2020-04-01,10
MX-BCN,mosquito,2020,5,2020-05-01,23
MX-BCN,mosquito,2020,6,2020-06-01,22
MX-BCN,mosquito,2020,7,2020-07-01,29
MX-BCN,mosquito,2020,8,2020-08-01,31
MX-BCN,mosquito,2020,9,2020-09-01,21
MX-BCN,mosquito,2020,10,2020-10-01,17
MX-BCN,mosquito,2020,11,2020-11-01,13
MX-BCN,mosquito,2020,12,2020-12-01,6
MX-BCN,mosquito,2021,1,2021-01-01,6
MX-BCN,mosquito,2021,2,2021-02-01,9
MX-BCN,mosquito,2021,3,2021-03-01,16
MX-BCN,mosquito,2021,4,2021-04-01,25
MX-BCN,mosquito,2021,5,2021-05-01,35
MX-BCN,mosquito,2021,6,2021-06-01,36
MX-BCN,mosquito,2021,7,2021-07-01,66
MX-BCN,mosquito,2021,8,2021-08-01,58
MX-BCN,mosquito,2021,9,2021-09-01,44
MX-BCN,mosquito,2021,10,2021-10-01,36
MX-BCN,mosquito,2021,11,2021-11-01,29
MX-BCN,mosquito,2021,12,2021-12-01,13
MX-BCN,mosquito,2022,1,2022-01-01,13
MX-BCN,mosquito,2022,2,2022-02-01,16
MX-BCN,mosquito,2022,3,2022-03-01,18
MX-BCN,mosquito,2022,4,2022-04-01,25
MX-BCN,mosquito,2022,5,2022-05-01,31
MX-BCN,mosquito,2022,6,2022-06-01,42
MX-BCN,mosquito,2022,7,2022-07-01,69
MX-BCN,mosquito,2022,8,2022-08-01,84
MX-BCN,mosquito,2022,9,2022-09-01,83
MX-BCN,mosquito,2022,10,2022-10-01,75
MX-BCN,mosquito,2022,11,2022-11-01,28
MX-BCN,mosquito,2022,12,2022-12-01,11
MX-BCN,vector,2004,1,2004-01-01,0
MX-BCN,vector,2004,2,2004-02-01,0
MX-BCN,vector,2004,3,2004-03-01,0
MX-BCN,vector,2004,4,2004-04-01,0
MX-BCN,vector,2004,5,2004-05-01,0
MX-BCN,vector,2004,6,2004-06-01,0
MX-BCN,vector,2004,7,2004-07-01,0
MX-BCN,vector,2004,8,2004-08-01,0
MX-BCN,vector,2004,9,2004-09-01,0
MX-BCN,vector,2004,10,2004-10-01,0
MX-BCN,vector,2004,11,2004-11-01,0
MX-BCN,vector,2004,12,2004-12-01,0
MX-BCN,vector,2005,1,2005-01-01,0
MX-BCN,vector,2005,2,2005-02-01,0
MX-BCN,vector,2005,3,2005-03-01,0
MX-BCN,vector,2005,4,2005-04-01,0
MX-BCN,vector,2005,5,2005-05-01,0
MX-BCN,vector,2005,6,2005-06-01,0
MX-BCN,vector,2005,7,2005-07-01,0
MX-BCN,vector,2005,8,2005-08-01,0
MX-BCN,vector,2005,9,2005-09-01,0
MX-BCN,vector,2005,10,2005-10-01,0
MX-BCN,vector,2005,11,2005-11-01,0
MX-BCN,vector,2005,12,2005-12-01,0
MX-BCN,vector,2006,1,2006-01-01,0
MX-BCN,vector,2006,2,2006-02-01,0
MX-BCN,vector,2006,3,2006-03-01,0
MX-BCN,vector,2006,4,2006-04-01,0
MX-BCN,vector,2006,5,2006-05-01,0
MX-BCN,vector,2006,6,2006-06-01,0
MX-BCN,vector,2006,7,2006-07-01,0
MX-BCN,vector,2006,8,2006-08-01,0
MX-BCN,vector,2006,9,2006-09-01,0
MX-BCN,vector,2006,10,2006-10-01,0
MX-BCN,vector,2006,11,2006-11-01,0
MX-BCN,vector,2006,12,2006-12-01,0
MX-BCN,vector,2007,1,2007-01-01,0
MX-BCN,vector,2007,2,2007-02-01,0
MX-BCN,vector,2007,3,2007-03-01,0
MX-BCN,vector,2007,4,2007-04-01,0
MX-BCN,vector,2007,5,2007-05-01,0
MX-BCN,vector,2007,6,2007-06-01,0
MX-BCN,vector,2007,7,2007-07-01,0
MX-BCN,vector,2007,8,2007-08-01,0
MX-BCN,vector,2007,9,2007-09-01,95
MX-BCN,vector,2007,10,2007-10-01,0
MX-BCN,vector,2007,11,2007-11-01,70
MX-BCN,vector,2007,12,2007-12-01,0
MX-BCN,vector,2008,1,2008-01-01,0
MX-BCN,vector,2008,2,2008-02-01,59
MX-BCN,vector,2008,3,2008-03-01,0
MX-BCN,vector,2008,4,2008-04-01,0
MX-BCN,vector,2008,5,2008-05-01,65
MX-BCN,vector,2008,6,2008-06-01,0
MX-BCN,vector,2008,7,2008-07-01,0
MX-BCN,vector,2008,8,2008-08-01,100
MX-BCN,vector,2008,9,2008-09-01,0
MX-BCN,vector,2008,10,2008-10-01,0
MX-BCN,vector,2008,11,2008-11-01,0
MX-BCN,vector,2008,12,2008-12-01,0
MX-BCN,vector,2009,1,2009-01-01,0
MX-BCN,vector,2009,2,2009-02-01,67
MX-BCN,vector,2009,3,2009-03-01,75
MX-BCN,vector,2009,4,2009-04-01,56
MX-BCN,vector,2009,5,2009-05-01,0
MX-BCN,vector,2009,6,2009-06-01,0
MX-BCN,vector,2009,7,2009-07-01,0
MX-BCN,vector,2009,8,2009-08-01,50
MX-BCN,vector,2009,9,2009-09-01,0
MX-BCN,vector,2009,10,2009-10-01,77
MX-BCN,vector,2009,11,2009-11-01,0
MX-BCN,vector,2009,12,2009-12-01,0
MX-BCN,vector,2010,1,2010-01-01,0
MX-BCN,vector,2010,2,2010-02-01,70
MX-BCN,vector,2010,3,2010-03-01,48
MX-BCN,vector,2010,4,2010-04-01,0
MX-BCN,vector,2010,5,2010-05-01,0
MX-BCN,vector,2010,6,2010-06-01,64
MX-BCN,vector,2010,7,2010-07-01,0
MX-BCN,vector,2010,8,2010-08-01,0
MX-BCN,vector,2010,9,2010-09-01,89
MX-BCN,vector,2010,10,2010-10-01,47
MX-BCN,vector,2010,11,2010-11-01,63
MX-BCN,vector,2010,12,2010-12-01,0
MX-BCN,vector,2011,1,2011-01-01,22
MX-BCN,vector,2011,2,2011-02-01,47
MX-BCN,vector,2011,3,2011-03-01,38
MX-BCN,vector,2011,4,2011-04-01,29
MX-BCN,vector,2011,5,2011-05-01,37
MX-BCN,vector,2011,6,2011-06-01,27
MX-BCN,vector,2011,7,2011-07-01,26
MX-BCN,vector,2011,8,2011-08-01,45
MX-BCN,vector,2011,9,2011-09-01,58
MX-BCN,vector,2011,10,2011-10-01,47
MX-BCN,vector,2011,11,2011-11-01,40
MX-BCN,vector,2011,12,2011-12-01,33
MX-BCN,vector,2012,1,2012-01-01,27
MX-BCN,vector,2012,2,2012-02-01,56
MX-BCN,vector,2012,3,2012-03-01,52
MX-BCN,vector,2012,4,2012-04-01,34
MX-BCN,vector,2012,5,2012-05-01,47
MX-BCN,vector,2012,6,2012-06-01,38
MX-BCN,vector,2012,7,2012-07-01,34
MX-BCN,vector,2012,8,2012-08-01,42
MX-BCN,vector,2012,9,2012-09-01,66
MX-BCN,vector,2012,10,2012-10-01,44
MX-BCN,vector,2012,11,2012-11-01,51
MX-BCN,vector,2012,12,2012-12-01,24
MX-BCN,vector,2013,1,2013-01-01,31
MX-BCN,vector,2013,2,2013-02-01,42
MX-BCN,vector,2013,3,2013-03-01,41
MX-BCN,vector,2013,4,2013-04-01,28
MX-BCN,vector,2013,5,2013-05-01,29
MX-BCN,vector,2013,6,2013-06-01,31
MX-BCN,vector,2013,7,2013-07-01,23
MX-BCN,vector,2013,8,2013-08-01,32
MX-BCN,vector,2013,9,2013-09-01,63
MX-BCN,vector,2013,10,2013-10-01,44
MX-BCN,vector,2013,11,2013-11-01,44
MX-BCN,vector,2013,12,2013-12-01,23
MX-BCN,vector,2014,1,2014-01-01,24
MX-BCN,vector,2014,2,2014-02-01,26
MX-BCN,vector,2014,3,2014-03-01,39
MX-BCN,vector,2014,4,2014-04-01,31
MX-BCN,vector,2014,5,2014-05-01,47
MX-BCN,vector,2014,6,2014-06-01,37
MX-BCN,vector,2014,7,2014-07-01,24
MX-BCN,vector,2014,8,2014-08-01,41
MX-BCN,vector,2014,9,2014-09-01,54
MX-BCN,vector,2014,10,2014-10-01,57
MX-BCN,vector,2014,11,2014-11-01,23
MX-BCN,vector,2014,12,2014-12-01,27
MX-BCN,vector,2015,1,2015-01-01,38
MX-BCN,vector,2015,2,2015-02-01,43
MX-BCN,vector,2015,3,2015-03-01,51
MX-BCN,vector,2015,4,2015-04-01,30
MX-BCN,vector,2015,5,2015-05-01,28
MX-BCN,vector,2015,6,2015-06-01,27
MX-BCN,vector,2015,7,2015-07-01,20
MX-BCN,vector,2015,8,2015-08-01,35
MX-BCN,vector,2015,9,2015-09-01,47
MX-BCN,vector,2015,10,2015-10-01,44
MX-BCN,vector,2015,11,2015-11-01,40
MX-BCN,vector,2015,12,2015-12-01,26
MX-BCN,vector,2016,1,2016-01-01,25
MX-BCN,vector,2016,2,2016-02-01,52
MX-BCN,vector,2016,3,2016-03-01,33
MX-BCN,vector,2016,4,2016-04-01,28
MX-BCN,vector,2016,5,2016-05-01,35
MX-BCN,vector,2016,6,2016-06-01,26
MX-BCN,vector,2016,7,2016-07-01,22
MX-BCN,vector,2016,8,2016-08-01,34
MX-BCN,vector,2016,9,2016-09-01,31
MX-BCN,vector,2016,10,2016-10-01,48
MX-BCN,vector,2016,11,2016-11-01,0
MX-BCN,vector,2016,12,2016-12-01,0
MX-BCN,vector,2017,1,2017-01-01,0
MX-BCN,vector,2017,2,2017-02-01,0
MX-BCN,vector,2017,3,2017-03-01,0
MX-BCN,vector,2017,4,2017-04-01,0
MX-BCN,vector,2017,5,2017-05-01,0
MX-BCN,vector,2017,6,2017-06-01,0
MX-BCN,vector,2017,7,2017-07-01,0
MX-BCN,vector,2017,8,2017-08-01,0
MX-BCN,vector,2017,9,2017-09-01,0
MX-BCN,vector,2017,10,2017-10-01,0
MX-BCN,vector,2017,11,2017-11-01,0
MX-BCN,vector,2017,12,2017-12-01,0
MX-BCN,vector,2018,1,2018-01-01,0
MX-BCN,vector,2018,2,2018-02-01,0
MX-BCN,vector,2018,3,2018-03-01,0
MX-BCN,vector,2018,4,2018-04-01,0
MX-BCN,vector,2018,5,2018-05-01,0
MX-BCN,vector,2018,6,2018-06-01,0
MX-BCN,vector,2018,7,2018-07-01,0
MX-BCN,vector,2018,8,2018-08-01,0
MX-BCN,vector,2018,9,2018-09-01,0
MX-BCN,vector,2018,10,2018-10-01,0
MX-BCN,vector,2018,11,2018-11-01,0
MX-BCN,vector,2018,12,2018-12-01,0
MX-BCN,vector,2019,1,2019-01-01,0
MX-BCN,vector,2019,2,2019-02-01,0
MX-BCN,vector,2019,3,2019-03-01,0
MX-BCN,vector,2019,4,2019-04-01,0
MX-BCN,vector,2019,5,2019-05-01,0
MX-BCN,vector,2019,6,2019-06-01,0
MX-BCN,vector,2019,7,2019-07-01,0
MX-BCN,vector,2019,8,2019-08-01,0
MX-BCN,vector,2019,9,2019-09-01,0
MX-BCN,vector,2019,10,2019-10-01,0
MX-BCN,vector,2019,11,2019-11-01,0
MX-BCN,vector,2019,12,2019-12-01,0
MX-BCN,vector,2020,1,2020-01-01,0
MX-BCN,vector,2020,2,2020-02-01,0
MX-BCN,vector,2020,3,2020-03-01,0
MX-BCN,vector,2020,4,2020-04-01,0
MX-BCN,vector,2020,5,2020-05-01,0
MX-BCN,vector,2020,6,2020-06-01,8
MX-BCN,vector,2020,7,2020-07-01,0
MX-BCN,vector,2020,8,2020-08-01,7
MX-BCN,vector,2020,9,2020-09-01,21
MX-BCN,vector,2020,10,2020-10-01,7
MX-BCN,vector,2020,11,2020-11-01,0
MX-BCN,vector,2020,12,2020-12-01,13
MX-BCN,vector,2021,1,2021-01-01,8
MX-BCN,vector,2021,2,2021-02-01,37
MX-BCN,vector,2021,3,2021-03-01,19
MX-BCN,vector,2021,4,2021-04-01,13
MX-BCN,vector,2021,5,2021-05-01,16
MX-BCN,vector,2021,6,2021-06-01,0
MX-BCN,vector,2021,7,2021-07-01,0
MX-BCN,vector,2021,8,2021-08-01,8
MX-BCN,vector,2021,9,2021-09-01,20
MX-BCN,vector,2021,10,2021-10-01,14
MX-BCN,vector,2021,11,2021-11-01,21
MX-BCN,vector,2021,12,2021-12-01,16
MX-BCN,vector,2022,1,2022-01-01,14
MX-BCN,vector,2022,2,2022-02-01,29
MX-BCN,vector,2022,3,2022-03-01,24
MX-BCN,vector,2022,4,2022-04-01,22
MX-BCN,vector,2022,5,2022-05-01,34
MX-BCN,vector,2022,6,2022-06-01,37
MX-BCN,vector,2022,7,2022-07-01,28
MX-BCN,vector,2022,8,2022-08-01,32
MX-BCN,vector,2022,9,2022-09-01,42
MX-BCN,vector,2022,10,2022-10-01,51
MX-BCN,vector,2022,11,2022-11-01,41
MX-BCN,vector,2022,12,2022-12-01,29
MX-BCS,Aedes_aegypti,2004,1,2004-01-01,0
MX-BCS,Aedes_aegypti,2004,2,2004-02-01,0
MX-BCS,Aedes_aegypti,2004,3,2004-03-01,0
MX-BCS,Aedes_aegypti,2004,4,2004-04-01,0
MX-BCS,Aedes_aegypti,2004,5,2004-05-01,0
MX-BCS,Aedes_aegypti,2004,6,2004-06-01,0
MX-BCS,Aedes_aegypti,2004,7,2004-07-01,0
MX-BCS,Aedes_aegypti,2004,8,2004-08-01,0
MX-BCS,Aedes_aegypti,2004,9,2004-09-01,0
MX-BCS,Aedes_aegypti,2004,10,2004-10-01,0
MX-BCS,Aedes_aegypti,2004,11,2004-11-01,0
MX-BCS,Aedes_aegypti,2004,12,2004-12-01,0
MX-BCS,Aedes_aegypti,2005,1,2005-01-01,0
MX-BCS,Aedes_aegypti,2005,2,2005-02-01,0
MX-BCS,Aedes_aegypti,2005,3,2005-03-01,0
MX-BCS,Aedes_aegypti,2005,4,2005-04-01,0
MX-BCS,Aedes_aegypti,2005,5,2005-05-01,0
MX-BCS,Aedes_aegypti,2005,6,2005-06-01,0
MX-BCS,Aedes_aegypti,2005,7,2005-07-01,0
MX-BCS,Aedes_aegypti,2005,8,2005-08-01,0
MX-BCS,Aedes_aegypti,2005,9,2005-09-01,0
MX-BCS,Aedes_aegypti,2005,10,2005-10-01,0
MX-BCS,Aedes_aegypti,2005,11,2005-11-01,0
MX-BCS,Aedes_aegypti,2005,12,2005-12-01,0
MX-BCS,Aedes_aegypti,2006,1,2006-01-01,0
MX-BCS,Aedes_aegypti,2006,2,2006-02-01,0
MX-BCS,Aedes_aegypti,2006,3,2006-03-01,0
MX-BCS,Aedes_aegypti,2006,4,2006-04-01,0
MX-BCS,Aedes_aegypti,2006,5,2006-05-01,0
MX-BCS,Aedes_aegypti,2006,6,2006-06-01,0
MX-BCS,Aedes_aegypti,2006,7,2006-07-01,0
MX-BCS,Aedes_aegypti,2006,8,2006-08-01,0
MX-BCS,Aedes_aegypti,2006,9,2006-09-01,0
MX-BCS,Aedes_aegypti,2006,10,2006-10-01,0
MX-BCS,Aedes_aegypti,2006,11,2006-11-01,0
MX-BCS,Aedes_aegypti,2006,12,2006-12-01,0
MX-BCS,Aedes_aegypti,2007,1,2007-01-01,0
MX-BCS,Aedes_aegypti,2007,2,2007-02-01,0
MX-BCS,Aedes_aegypti,2007,3,2007-03-01,0
MX-BCS,Aedes_aegypti,2007,4,2007-04-01,0
MX-BCS,Aedes_aegypti,2007,5,2007-05-01,0
MX-BCS,Aedes_aegypti,2007,6,2007-06-01,0
MX-BCS,Aedes_aegypti,2007,7,2007-07-01,0
MX-BCS,Aedes_aegypti,2007,8,2007-08-01,0
MX-BCS,Aedes_aegypti,2007,9,2007-09-01,0
MX-BCS,Aedes_aegypti,2007,10,2007-10-01,0
MX-BCS,Aedes_aegypti,2007,11,2007-11-01,0
MX-BCS,Aedes_aegypti,2007,12,2007-12-01,0
MX-BCS,Aedes_aegypti,2008,1,2008-01-01,0
MX-BCS,Aedes_aegypti,2008,2,2008-02-01,0
MX-BCS,Aedes_aegypti,2008,3,2008-03-01,0
MX-BCS,Aedes_aegypti,2008,4,2008-04-01,0
MX-BCS,Aedes_aegypti,2008,5,2008-05-01,0
MX-BCS,Aedes_aegypti,2008,6,2008-06-01,0
MX-BCS,Aedes_aegypti,2008,7,2008-07-01,0
MX-BCS,Aedes_aegypti,2008,8,2008-08-01,0
MX-BCS,Aedes_aegypti,2008,9,2008-09-01,0
MX-BCS,Aedes_aegypti,2008,10,2008-10-01,0
MX-BCS,Aedes_aegypti,2008,11,2008-11-01,0
MX-BCS,Aedes_aegypti,2008,12,2008-12-01,0
MX-BCS,Aedes_aegypti,2009,1,2009-01-01,0
MX-BCS,Aedes_aegypti,2009,2,2009-02-01,0
MX-BCS,Aedes_aegypti,2009,3,2009-03-01,0
MX-BCS,Aedes_aegypti,2009,4,2009-04-01,0
MX-BCS,Aedes_aegypti,2009,5,2009-05-01,0
MX-BCS,Aedes_aegypti,2009,6,2009-06-01,0
MX-BCS,Aedes_aegypti,2009,7,2009-07-01,0
MX-BCS,Aedes_aegypti,2009,8,2009-08-01,0
MX-BCS,Aedes_aegypti,2009,9,2009-09-01,0
MX-BCS,Aedes_aegypti,2009,10,2009-10-01,0
MX-BCS,Aedes_aegypti,2009,11,2009-11-01,0
MX-BCS,Aedes_aegypti,2009,12,2009-12-01,0
MX-BCS,Aedes_aegypti,2010,1,2010-01-01,0
MX-BCS,Aedes_aegypti,2010,2,2010-02-01,0
MX-BCS,Aedes_aegypti,2010,3,2010-03-01,0
MX-BCS,Aedes_aegypti,2010,4,2010-04-01,0
MX-BCS,Aedes_aegypti,2010,5,2010-05-01,0
MX-BCS,Aedes_aegypti,2010,6,2010-06-01,0
MX-BCS,Aedes_aegypti,2010,7,2010-07-01,0
MX-BCS,Aedes_aegypti,2010,8,2010-08-01,0
MX-BCS,Aedes_aegypti,2010,9,2010-09-01,0
MX-BCS,Aedes_aegypti,2010,10,2010-10-01,0
MX-BCS,Aedes_aegypti,2010,11,2010-11-01,0
MX-BCS,Aedes_aegypti,2010,12,2010-12-01,0
MX-BCS,Aedes_aegypti,2011,1,2011-01-01,0
MX-BCS,Aedes_aegypti,2011,2,2011-02-01,0
MX-BCS,Aedes_aegypti,2011,3,2011-03-01,0
MX-BCS,Aedes_aegypti,2011,4,2011-04-01,0
MX-BCS,Aedes_aegypti,2011,5,2011-05-01,0
MX-BCS,Aedes_aegypti,2011,6,2011-06-01,0
MX-BCS,Aedes_aegypti,2011,7,2011-07-01,0
MX-BCS,Aedes_aegypti,2011,8,2011-08-01,0
MX-BCS,Aedes_aegypti,2011,9,2011-09-01,0
MX-BCS,Aedes_aegypti,2011,10,2011-10-01,0
MX-BCS,Aedes_aegypti,2011,11,2011-11-01,0
MX-BCS,Aedes_aegypti,2011,12,2011-12-01,0
MX-BCS,Aedes_aegypti,2012,1,2012-01-01,0
MX-BCS,Aedes_aegypti,2012,2,2012-02-01,0
MX-BCS,Aedes_aegypti,2012,3,2012-03-01,0
MX-BCS,Aedes_aegypti,2012,4,2012-04-01,0
MX-BCS,Aedes_aegypti,2012,5,2012-05-01,0
MX-BCS,Aedes_aegypti,2012,6,2012-06-01,0
MX-BCS,Aedes_aegypti,2012,7,2012-07-01,0
MX-BCS,Aedes_aegypti,2012,8,2012-08-01,0
MX-BCS,Aedes_aegypti,2012,9,2012-09-01,0
MX-BCS,Aedes_aegypti,2012,10,2012-10-01,0
MX-BCS,Aedes_aegypti,2012,11,2012-11-01,0
MX-BCS,Aedes_aegypti,2012,12,2012-12-01,0
MX-BCS,Aedes_aegypti,2013,1,2013-01-01,0
MX-BCS,Aedes_aegypti,2013,2,2013-02-01,0
MX-BCS,Aedes_aegypti,2013,3,2013-03-01,0
MX-BCS,Aedes_aegypti,2013,4,2013-04-01,0
MX-BCS,Aedes_aegypti,2013,5,2013-05-01,0
MX-BCS,Aedes_aegypti,2013,6,2013-06-01,0
MX-BCS,Aedes_aegypti,2013,7,2013-07-01,0
MX-BCS,Aedes_aegypti,2013,8,2013-08-01,0
MX-BCS,Aedes_aegypti,2013,9,2013-09-01,0
MX-BCS,Aedes_aegypti,2013,10,2013-10-01,0
MX-BCS,Aedes_aegypti,2013,11,2013-11-01,0
MX-BCS,Aedes_aegypti,2013,12,2013-12-01,0
MX-BCS,Aedes_aegypti,2014,1,2014-01-01,0
MX-BCS,Aedes_aegypti,2014,2,2014-02-01,0
MX-BCS,Aedes_aegypti,2014,3,2014-03-01,0
MX-BCS,Aedes_aegypti,2014,4,2014-04-01,0
MX-BCS,Aedes_aegypti,2014,5,2014-05-01,0
MX-BCS,Aedes_aegypti,2014,6,2014-06-01,0
MX-BCS,Aedes_aegypti,2014,7,2014-07-01,0
MX-BCS,Aedes_aegypti,2014,8,2014-08-01,0
MX-BCS,Aedes_aegypti,2014,9,2014-09-01,0
MX-BCS,Aedes_aegypti,2014,10,2014-10-01,0
MX-BCS,Aedes_aegypti,2014,11,2014-11-01,0
MX-BCS,Aedes_aegypti,2014,12,2014-12-01,0
MX-BCS,Aedes_aegypti,2015,1,2015-01-01,0
MX-BCS,Aedes_aegypti,2015,2,2015-02-01,0
MX-BCS,Aedes_aegypti,2015,3,2015-03-01,0
MX-BCS,Aedes_aegypti,2015,4,2015-04-01,0
MX-BCS,Aedes_aegypti,2015,5,2015-05-01,0
MX-BCS,Aedes_aegypti,2015,6,2015-06-01,0
MX-BCS,Aedes_aegypti,2015,7,2015-07-01,0
MX-BCS,Aedes_aegypti,2015,8,2015-08-01,0
MX-BCS,Aedes_aegypti,2015,9,2015-09-01,0
MX-BCS,Aedes_aegypti,2015,10,2015-10-01,0
MX-BCS,Aedes_aegypti,2015,11,2015-11-01,0
MX-BCS,Aedes_aegypti,2015,12,2015-12-01,0
MX-BCS,Aedes_aegypti,2016,1,2016-01-01,0
MX-BCS,Aedes_aegypti,2016,2,2016-02-01,0
MX-BCS,Aedes_aegypti,2016,3,2016-03-01,0
MX-BCS,Aedes_aegypti,2016,4,2016-04-01,0
MX-BCS,Aedes_aegypti,2016,5,2016-05-01,0
MX-BCS,Aedes_aegypti,2016,6,2016-06-01,0
MX-BCS,Aedes_aegypti,2016,7,2016-07-01,0
MX-BCS,Aedes_aegypti,2016,8,2016-08-01,0
MX-BCS,Aedes_aegypti,2016,9,2016-09-01,0
MX-BCS,Aedes_aegypti,2016,10,2016-10-01,0
MX-BCS,Aedes_aegypti,2016,11,2016-11-01,0
MX-BCS,Aedes_aegypti,2016,12,2016-12-01,0
MX-BCS,Aedes_aegypti,2017,1,2017-01-01,0
MX-BCS,Aedes_aegypti,2017,2,2017-02-01,0
MX-BCS,Aedes_aegypti,2017,3,2017-03-01,0
MX-BCS,Aedes_aegypti,2017,4,2017-04-01,0
MX-BCS,Aedes_aegypti,2017,5,2017-05-01,0
MX-BCS,Aedes_aegypti,2017,6,2017-06-01,0
MX-BCS,Aedes_aegypti,2017,7,2017-07-01,0
MX-BCS,Aedes_aegypti,2017,8,2017-08-01,0
MX-BCS,Aedes_aegypti,2017,9,2017-09-01,0
MX-BCS,Aedes_aegypti,2017,10,2017-10-01,0
MX-BCS,Aedes_aegypti,2017,11,2017-11-01,0
MX-BCS,Aedes_aegypti,2017,12,2017-12-01,0
MX-BCS,Aedes_aegypti,2018,1,2018-01-01,0
MX-BCS,Aedes_aegypti,2018,2,2018-02-01,0
MX-BCS,Aedes_aegypti,2018,3,2018-03-01,0
MX-BCS,Aedes_aegypti,2018,4,2018-04-01,0
MX-BCS,Aedes_aegypti,2018,5,2018-05-01,0
MX-BCS,Aedes_aegypti,2018,6,2018-06-01,0
MX-BCS,Aedes_aegypti,2018,7,2018-07-01,0
MX-BCS,Aedes_aegypti,2018,8,2018-08-01,0
MX-BCS,Aedes_aegypti,2018,9,2018-09-01,0
MX-BCS,Aedes_aegypti,2018,10,2018-10-01,0
MX-BCS,Aedes_aegypti,2018,11,2018-11-01,0
MX-BCS,Aedes_aegypti,2018,12,2018-12-01,0
MX-BCS,Aedes_aegypti,2019,1,2019-01-01,0
MX-BCS,Aedes_aegypti,2019,2,2019-02-01,0
MX-BCS,Aedes_aegypti,2019,3,2019-03-01,0
MX-BCS,Aedes_aegypti,2019,4,2019-04-01,0
MX-BCS,Aedes_aegypti,2019,5,2019-05-01,0
MX-BCS,Aedes_aegypti,2019,6,2019-06-01,0
MX-BCS,Aedes_aegypti,2019,7,2019-07-01,0
MX-BCS,Aedes_aegypti,2019,8,2019-08-01,0
MX-BCS,Aedes_aegypti,2019,9,2019-09-01,0
MX-BCS,Aedes_aegypti,2019,10,2019-10-01,0
MX-BCS,Aedes_aegypti,2019,11,2019-11-01,0
MX-BCS,Aedes_aegypti,2019,12,2019-12-01,0
MX-BCS,Aedes_aegypti,2020,1,2020-01-01,0
MX-BCS,Aedes_aegypti,2020,2,2020-02-01,0
MX-BCS,Aedes_aegypti,2020,3,2020-03-01,0
MX-BCS,Aedes_aegypti,2020,4,2020-04-01,0
MX-BCS,Aedes_aegypti,2020,5,2020-05-01,0
MX-BCS,Aedes_aegypti,2020,6,2020-06-01,0
MX-BCS,Aedes_aegypti,2020,7,2020-07-01,0
MX-BCS,Aedes_aegypti,2020,8,2020-08-01,100
MX-BCS,Aedes_aegypti,2020,9,2020-09-01,0
MX-BCS,Aedes_aegypti,2020,10,2020-10-01,0
MX-BCS,Aedes_aegypti,2020,11,2020-11-01,0
MX-BCS,Aedes_aegypti,2020,12,2020-12-01,0
MX-BCS,Aedes_aegypti,2021,1,2021-01-01,0
MX-BCS,Aedes_aegypti,2021,2,2021-02-01,0
MX-BCS,Aedes_aegypti,2021,3,2021-03-01,0
MX-BCS,Aedes_aegypti,2021,4,2021-04-01,0
MX-BCS,Aedes_aegypti,2021,5,2021-05-01,0
MX-BCS,Aedes_aegypti,2021,6,2021-06-01,0
MX-BCS,Aedes_aegypti,2021,7,2021-07-01,0
MX-BCS,Aedes_aegypti,2021,8,2021-08-01,0
MX-BCS,Aedes_aegypti,2021,9,2021-09-01,0
MX-BCS,Aedes_aegypti,2021,10,2021-10-01,0
MX-BCS,Aedes_aegypti,2021,11,2021-11-01,0
MX-BCS,Aedes_aegypti,2021,12,2021-12-01,0
MX-BCS,Aedes_aegypti,2022,1,2022-01-01,0
MX-BCS,Aedes_aegypti,2022,2,2022-02-01,0
MX-BCS,Aedes_aegypti,2022,3,2022-03-01,0
MX-BCS,Aedes_aegypti,2022,4,2022-04-01,0
MX-BCS,Aedes_aegypti,2022,5,2022-05-01,0
MX-BCS,Aedes_aegypti,2022,6,2022-06-01,0
MX-BCS,Aedes_aegypti,2022,7,2022-07-01,0
MX-BCS,Aedes_aegypti,2022,8,2022-08-01,0
MX-BCS,Aedes_aegypti,2022,9,2022-09-01,0
MX-BCS,Aedes_aegypti,2022,10,2022-10-01,0
MX-BCS,Aedes_aegypti,2022,11,2022-11-01,0
MX-BCS,Aedes_aegypti,2022,12,2022-12-01,0
MX-BCS,mosquito,2004,1,2004-01-01,0
MX-BCS,mosquito,2004,2,2004-02-01,0
MX-BCS,mosquito,2004,3,2004-03-01,0
MX-BCS,mosquito,2004,4,2004-04-01,0
MX-BCS,mosquito,2004,5,2004-05-01,0
MX-BCS,mosquito,2004,6,2004-06-01,0
MX-BCS,mosquito,2004,7,2004-07-01,0
MX-BCS,mosquito,2004,8,2004-08-01,0
MX-BCS,mosquito,2004,9,2004-09-01,0
MX-BCS,mosquito,2004,10,2004-10-01,0
MX-BCS,mosquito,2004,11,2004-11-01,0
MX-BCS,mosquito,2004,12,2004-12-01,0
MX-BCS,mosquito,2005,1,2005-01-01,0
MX-BCS,mosquito,2005,2,2005-02-01,0
MX-BCS,mosquito,2005,3,2005-03-01,0
MX-BCS,mosquito,2005,4,2005-04-01,0
MX-BCS,mosquito,2005,5,2005-05-01,100
MX-BCS,mosquito,2005,6,2005-06-01,0
MX-BCS,mosquito,2005,7,2005-07-01,0
MX-BCS,mosquito,2005,8,2005-08-01,0
MX-BCS,mosquito,2005,9,2005-09-01,0
MX-BCS,mosquito,2005,10,2005-10-01,0
MX-BCS,mosquito,2005,11,2005-11-01,0
MX-BCS,mosquito,2005,12,2005-12-01,0
MX-BCS,mosquito,2006,1,2006-01-01,0
MX-BCS,mosquito,2006,2,2006-02-01,0
MX-BCS,mosquito,2006,3,2006-03-01,0
MX-BCS,mosquito,2006,4,2006-04-01,0
MX-BCS,mosquito,2006,5,2006-05-01,0
MX-BCS,mosquito,2006,6,2006-06-01,0
MX-BCS,mosquito,2006,7,2006-07-01,0
MX-BCS,mosquito,2006,8,2006-08-01,0
MX-BCS,mosquito,2006,9,2006-09-01,0
MX-BCS,mosquito,2006,10,2006-10-01,0
MX-BCS,mosquito,2006,11,2006-11-01,0
MX-BCS,mosquito,2006,12,2006-12-01,0
MX-BCS,mosquito,2007,1,2007-01-01,0
MX-BCS,mosquito,2007,2,2007-02-01,35
MX-BCS,mosquito,2007,3,2007-03-01,0
MX-BCS,mosquito,2007,4,2007-04-01,0
MX-BCS,mosquito,2007,5,2007-05-01,0
MX-BCS,mosquito,2007,6,2007-06-01,0
MX-BCS,mosquito,2007,7,2007-07-01,0
MX-BCS,mosquito,2007,8,2007-08-01,0
MX-BCS,mosquito,2007,9,2007-09-01,0
MX-BCS,mosquito,2007,10,2007-10-01,0
MX-BCS,mosquito,2007,11,2007-11-01,0
MX-BCS,mosquito,2007,12,2007-12-01,0
MX-BCS,mosquito,2008,1,2008-01-01,0
MX-BCS,mosquito,2008,2,2008-02-01,0
MX-BCS,mosquito,2008,3,2008-03-01,0
MX-BCS,mosquito,2008,4,2008-04-01,0
MX-BCS,mosquito,2008,5,2008-05-01,0
MX-BCS,mosquito,2008,6,2008-06-01,0
MX-BCS,mosquito,2008,7,2008-07-01,0
MX-BCS,mosquito,2008,8,2008-08-01,0
MX-BCS,mosquito,2008,9,2008-09-01,0
MX-BCS,mosquito,2008,10,2008-10-01,0
MX-BCS,mosquito,2008,11,2008-11-01,0
MX-BCS,mosquito,2008,12,2008-12-01,0
MX-BCS,mosquito,2009,1,2009-01-01,0
MX-BCS,mosquito,2009,2,2009-02-01,0
MX-BCS,mosquito,2009,3,2009-03-01,0
MX-BCS,mosquito,2009,4,2009-04-01,0
MX-BCS,mosquito,2009,5,2009-05-01,0
MX-BCS,mosquito,2009,6,2009-06-01,0
MX-BCS,mosquito,2009,7,2009-07-01,0
MX-BCS,mosquito,2009,8,2009-08-01,0
MX-BCS,mosquito,2009,9,2009-09-01,0
MX-BCS,mosquito,2009,10,2009-10-01,0
MX-BCS,mosquito,2009,11,2009-11-01,0
MX-BCS,mosquito,2009,12,2009-12-01,0
MX-BCS,mosquito,2010,1,2010-01-01,0
MX-BCS,mosquito,2010,2,2010-02-01,0
MX-BCS,mosquito,2010,3,2010-03-01,0
MX-BCS,mosquito,2010,4,2010-04-01,0
MX-BCS,mosquito,2010,5,2010-05-01,0
MX-BCS,mosquito,2010,6,2010-06-01,0
MX-BCS,mosquito,2010,7,2010-07-01,0
MX-BCS,mosquito,2010,8,2010-08-01,0
MX-BCS,mosquito,2010,9,2010-09-01,0
MX-BCS,mosquito,2010,10,2010-10-01,0
MX-BCS,mosquito,2010,11,2010-11-01,0
MX-BCS,mosquito,2010,12,2010-12-01,0
MX-BCS,mosquito,2011,1,2011-01-01,0
MX-BCS,mosquito,2011,2,2011-02-01,0
MX-BCS,mosquito,2011,3,2011-03-01,0
MX-BCS,mosquito,2011,4,2011-04-01,0
MX-BCS,mosquito,2011,5,2011-05-01,0
MX-BCS,mosquito,2011,6,2011-06-01,0
MX-BCS,mosquito,2011,7,2011-07-01,0
MX-BCS,mosquito,2011,8,2011-08-01,2
MX-BCS,mosquito,2011,9,2011-09-01,0
MX-BCS,mosquito,2011,10,2011-10-01,0
MX-BCS,mosquito,2011,11,2011-11-01,0
MX-BCS,mosquito,2011,12,2011-12-01,0
MX-BCS,mosquito,2012,1,2012-01-01,0
MX-BCS,mosquito,2012,2,2012-02-01,0
MX-BCS,mosquito,2012,3,2012-03-01,0
MX-BCS,mosquito,2012,4,2012-04-01,1
MX-BCS,mosquito,2012,5,2012-05-01,0
MX-BCS,mosquito,2012,6,2012-06-01,0
MX-BCS,mosquito,2012,7,2012-07-01,0
MX-BCS,mosquito,2012,8,2012-08-01,1
MX-BCS,mosquito,2012,9,2012-09-01,3
MX-BCS,mosquito,2012,10,2012-10-01,3
MX-BCS,mosquito,2012,11,2012-11-01,1
MX-BCS,mosquito,2012,12,2012-12-01,1
MX-BCS,mosquito,2013,1,2013-01-01,1
MX-BCS,mosquito,2013,2,2013-02-01,1
MX-BCS,mosquito,2013,3,2013-03-01,0
MX-BCS,mosquito,2013,4,2013-04-01,2
MX-BCS,mosquito,2013,5,2013-05-01,0
MX-BCS,mosquito,2013,6,2013-06-01,1
MX-BCS,mosquito,2013,7,2013-07-01,1
MX-BCS,mosquito,2013,8,2013-08-01,0
MX-BCS,mosquito,2013,9,2013-09-01,2
MX-BCS,mosquito,2013,10,2013-10-01,2
MX-BCS,mosquito,2013,11,2013-11-01,2
MX-BCS,mosquito,2013,12,2013-12-01,1
MX-BCS,mosquito,2014,1,2014-01-01,1
MX-BCS,mosquito,2014,2,2014-02-01,0
MX-BCS,mosquito,2014,3,2014-03-01,1
MX-BCS,mosquito,2014,4,2014-04-01,1
MX-BCS,mosquito,2014,5,2014-05-01,2
MX-BCS,mosquito,2014,6,2014-06-01,1
MX-BCS,mosquito,2014,7,2014-07-01,2
MX-BCS,mosquito,2014,8,2014-08-01,2
MX-BCS,mosquito,2014,9,2014-09-01,4
MX-BCS,mosquito,2014,10,2014-10-01,4
MX-BCS,mosquito,2014,11,2014-11-01,2
MX-BCS,mosquito,2014,12,2014-12-01,1
MX-BCS,mosquito,2015,1,2015-01-01,0
MX-BCS,mosquito,2015,2,2015-02-01,1
MX-BCS,mosquito,2015,3,2015-03-01,1
MX-BCS,mosquito,2015,4,2015-04-01,0
MX-BCS,mosquito,2015,5,2015-05-01,1
MX-BCS,mosquito,2015,6,2015-06-01,1
MX-BCS,mosquito,2015,7,2015-07-01,0
MX-BCS,mosquito,2015,8,2015-08-01,2
MX-BCS,mosquito,2015,9,2015-09-01,2
MX-BCS,mosquito,2015,10,2015-10-01,2
MX-BCS,mosquito,2015,11,2015-11-01,2
MX-BCS,mosquito,2015,12,2015-12-01,1
MX-BCS,mosquito,2016,1,2016-01-01,1
MX-BCS,mosquito,2016,2,2016-02-01,1
MX-BCS,mosquito,2016,3,2016-03-01,1
MX-BCS,mosquito,2016,4,2016-04-01,1
MX-BCS,mosquito,2016,5,2016-05-01,1
MX-BCS,mosquito,2016,6,2016-06-01,1
MX-BCS,mosquito,2016,7,2016-07-01,1
MX-BCS,mosquito,2016,8,2016-08-01,2
MX-BCS,mosquito,2016,9,2016-09-01,2
MX-BCS,mosquito,2016,10,2016-10-01,2
MX-BCS,mosquito,2016,11,2016-11-01,0
MX-BCS,mosquito,2016,12,2016-12-01,0
MX-BCS,mosquito,2017,1,2017-01-01,1
MX-BCS,mosquito,2017,2,2017-02-01,0
MX-BCS,mosquito,2017,3,2017-03-01,0
MX-BCS,mosquito,2017,4,2017-04-01,1
MX-BCS,mosquito,2017,5,2017-05-01,1
MX-BCS,mosquito,2017,6,2017-06-01,1
MX-BCS,mosquito,2017,7,2017-07-01,1
MX-BCS,mosquito,2017,8,2017-08-01,0
MX-BCS,mosquito,2017,9,2017-09-01,1
MX-BCS,mosquito,2017,10,2017-10-01,1
MX-BCS,mosquito,2017,11,2017-11-01,0
MX-BCS,mosquito,2017,12,2017-12-01,1
MX-BCS,mosquito,2018,1,2018-01-01,0
MX-BCS,mosquito,2018,2,2018-02-01,0
MX-BCS,mosquito,2018,3,2018-03-01,1
MX-BCS,mosquito,2018,4,2018-04-01,1
MX-BCS,mosquito,2018,5,2018-05-01,1
MX-BCS,mosquito,2018,6,2018-06-01,2
MX-BCS,mosquito,2018,7,2018-07-01,2
MX-BCS,mosquito,2018,8,2018-08-01,1
MX-BCS,mosquito,2018,9,2018-09-01,1
MX-BCS,mosquito,2018,10,2018-10-01,1
MX-BCS,mosquito,2018,11,2018-11-01,1
MX-BCS,mosquito,2018,12,2018-12-01,1
MX-BCS,mosquito,2019,1,2019-01-01,1
MX-BCS,mosquito,2019,2,2019-02-01,0
MX-BCS,mosquito,2019,3,2019-03-01,0
MX-BCS,mosquito,2019,4,2019-04-01,1
MX-BCS,mosquito,2019,5,2019-05-01,0
MX-BCS,mosquito,2019,6,2019-06-01,1
MX-BCS,mosquito,2019,7,2019-07-01,0
MX-BCS,mosquito,2019,8,2019-08-01,0
MX-BCS,mosquito,2019,9,2019-09-01,0
MX-BCS,mosquito,2019,10,2019-10-01,1
MX-BCS,mosquito,2019,11,2019-11-01,1
MX-BCS,mosquito,2019,12,2019-12-01,1
MX-BCS,mosquito,2020,1,2020-01-01,1
MX-BCS,mosquito,2020,2,2020-02-01,1
MX-BCS,mosquito,2020,3,2020-03-01,0
MX-BCS,mosquito,2020,4,2020-04-01,0
MX-BCS,mosquito,2020,5,2020-05-01,0
MX-BCS,mosquito,2020,6,2020-06-01,1
MX-BCS,mosquito,2020,7,2020-07-01,0
MX-BCS,mosquito,2020,8,2020-08-01,1
MX-BCS,mosquito,2020,9,2020-09-01,1
MX-BCS,mosquito,2020,10,2020-10-01,0
MX-BCS,mosquito,2020,11,2020-11-01,0
MX-BCS,mosquito,2020,12,2020-12-01,0
MX-BCS,mosquito,2021,1,2021-01-01,0
MX-BCS,mosquito,2021,2,2021-02-01,0
MX-BCS,mosquito,2021,3,2021-03-01,1
MX-BCS,mosquito,2021,4,2021-04-01,1
MX-BCS,mosquito,2021,5,2021-05-01,1
MX-BCS,mosquito,2021,6,2021-06-01,1
MX-BCS,mosquito,2021,7,2021-07-01,2
MX-BCS,mosquito,2021,8,2021-08-01,1
MX-BCS,mosquito,2021,9,2021-09-01,1
MX-BCS,mosquito,2021,10,2021-10-01,1
MX-BCS,mosquito,2021,11,2021-11-01,1
MX-BCS,mosquito,2021,12,2021-12-01,1
MX-BCS,mosquito,2022,1,2022-01-01,1
MX-BCS,mosquito,2022,2,2022-02-01,1
MX-BCS,mosquito,2022,3,2022-03-01,1
MX-BCS,mosquito,2022,4,2022-04-01,1
MX-BCS,mosquito,2022,5,2022-05-01,1
MX-BCS,mosquito,2022,6,2022-06-01,1
MX-BCS,mosquito,2022,7,2022-07-01,1
MX-BCS,mosquito,2022,8,2022-08-01,2
MX-BCS,mosquito,2022,9,2022-09-01,3
MX-BCS,mosquito,2022,10,2022-10-01,2
MX-BCS,mosquito,2022,11,2022-11-01,1
MX-BCS,mosquito,2022,12,2022-12-01,1
MX-BCS,vector,2004,1,2004-01-01,0
MX-BCS,vector,2004,2,2004-02-01,0
MX-BCS,vector,2004,3,2004-03-01,0
MX-BCS,vector,2004,4,2004-04-01,0
MX-BCS,vector,2004,5,2004-05-01,0
MX-BCS,vector,2004,6,2004-06-01,0
MX-BCS,vector,2004,7,2004-07-01,0
MX-BCS,vector,2004,8,2004-08-01,0
MX-BCS,vector,2004,9,2004-09-01,0
MX-BCS,vector,2004,10,2004-10-01,0
MX-BCS,vector,2004,11,2004-11-01,0
MX-BCS,vector,2004,12,2004-12-01,0
MX-BCS,vector,2005,1,2005-01-01,0
MX-BCS,vector,2005,2,2005-02-01,0
MX-BCS,vector,2005,3,2005-03-01,0
MX-BCS,vector,2005,4,2005-04-01,0
MX-BCS,vector,2005,5,2005-05-01,0
MX-BCS,vector,2005,6,2005-06-01,0
MX-BCS,vector,2005,7,2005-07-01,0
MX-BCS,vector,2005,8,2005-08-01,0
MX-BCS,vector,2005,9,2005-09-01,0
MX-BCS,vector,2005,10,2005-10-01,0
MX-BCS,vector,2005,11,2005-11-01,0
MX-BCS,vector,2005,12,2005-12-01,0
MX-BCS,vector,2006,1,2006-01-01,0
MX-BCS,vector,2006,2,2006-02-01,0
MX-BCS,vector,2006,3,2006-03-01,0
MX-BCS,vector,2006,4,2006-04-01,0
MX-BCS,vector,2006,5,2006-05-01,0
MX-BCS,vector,2006,6,2006-06-01,0
MX-BCS,vector,2006,7,2006-07-01,0
MX-BCS,vector,2006,8,2006-08-01,0
MX-BCS,vector,2006,9,2006-09-01,0
MX-BCS,vector,2006,10,2006-10-01,0
MX-BCS,vector,2006,11,2006-11-01,0
MX-BCS,vector,2006,12,2006-12-01,0
MX-BCS,vector,2007,1,2007-01-01,0
MX-BCS,vector,2007,2,2007-02-01,0
MX-BCS,vector,2007,3,2007-03-01,0
MX-BCS,vector,2007,4,2007-04-01,0
MX-BCS,vector,2007,5,2007-05-01,0
MX-BCS,vector,2007,6,2007-06-01,0
MX-BCS,vector,2007,7,2007-07-01,0
MX-BCS,vector,2007,8,2007-08-01,0
MX-BCS,vector,2007,9,2007-09-01,0
MX-BCS,vector,2007,10,2007-10-01,0
MX-BCS,vector,2007,11,2007-11-01,0
MX-BCS,vector,2007,12,2007-12-01,0
MX-BCS,vector,2008,1,2008-01-01,0
MX-BCS,vector,2008,2,2008-02-01,0
MX-BCS,vector,2008,3,2008-03-01,0
MX-BCS,vector,2008,4,2008-04-01,0
MX-BCS,vector,2008,5,2008-05-01,0
MX-BCS,vector,2008,6,2008-06-01,0
MX-BCS,vector,2008,7,2008-07-01,0
MX-BCS,vector,2008,8,2008-08-01,0
MX-BCS,vector,2008,9,2008-09-01,0
MX-BCS,vector,2008,10,2008-10-01,0
MX-BCS,vector,2008,11,2008-11-01,0
MX-BCS,vector,2008,12,2008-12-01,0
MX-BCS,vector,2009,1,2009-01-01,100
MX-BCS,vector,2009,2,2009-02-01,0
MX-BCS,vector,2009,3,2009-03-01,0
MX-BCS,vector,2009,4,2009-04-01,0
MX-BCS,vector,2009,5,2009-05-01,0
MX-BCS,vector,2009,6,2009-06-01,0
MX-BCS,vector,2009,7,2009-07-01,0
MX-BCS,vector,2009,8,2009-08-01,0
MX-BCS,vector,2009,9,2009-09-01,0
MX-BCS,vector,2009,10,2009-10-01,0
MX-BCS,vector,2009,11,2009-11-01,0
MX-BCS,vector,2009,12,2009-12-01,0
MX-BCS,vector,2010,1,2010-01-01,0
MX-BCS,vector,2010,2,2010-02-01,0
MX-BCS,vector,2010,3,2010-03-01,0
MX-BCS,vector,2010,4,2010-04-01,0
MX-BCS,vector,2010,5,2010-05-01,0
MX-BCS,vector,2010,6,2010-06-01,0
MX-BCS,vector,2010,7,2010-07-01,0
MX-BCS,vector,2010,8,2010-08-01,0
MX-BCS,vector,2010,9,2010-09-01,0
MX-BCS,vector,2010,10,2010-10-01,0
MX-BCS,vector,2010,11,2010-11-01,0
MX-BCS,vector,2010,12,2010-12-01,0
MX-BCS,vector,2011,1,2011-01-01,0
MX-BCS,vector,2011,2,2011-02-01,0
MX-BCS,vector,2011,3,2011-03-01,0
MX-BCS,vector,2011,4,2011-04-01,0
MX-BCS,vector,2011,5,2011-05-01,0
MX-BCS,vector,2011,6,2011-06-01,0
MX-BCS,vector,2011,7,2011-07-01,0
MX-BCS,vector,2011,8,2011-08-01,0
MX-BCS,vector,2011,9,2011-09-01,0
MX-BCS,vector,2011,10,2011-10-01,0
MX-BCS,vector,2011,11,2011-11-01,0
MX-BCS,vector,2011,12,2011-12-01,0
MX-BCS,vector,2012,1,2012-01-01,0
MX-BCS,vector,2012,2,2012-02-01,0
MX-BCS,vector,2012,3,2012-03-01,0
MX-BCS,vector,2012,4,2012-04-01,0
MX-BCS,vector,2012,5,2012-05-01,0
MX-BCS,vector,2012,6,2012-06-01,0
MX-BCS,vector,2012,7,2012-07-01,0
MX-BCS,vector,2012,8,2012-08-01,0
MX-BCS,vector,2012,9,2012-09-01,0
MX-BCS,vector,2012,10,2012-10-01,0
MX-BCS,vector,2012,11,2012-11-01,0
MX-BCS,vector,2012,12,2012-12-01,0
MX-BCS,vector,2013,1,2013-01-01,0
MX-BCS,vector,2013,2,2013-02-01,0
MX-BCS,vector,2013,3,2013-03-01,0
MX-BCS,vector,2013,4,2013-04-01,0
MX-BCS,vector,2013,5,2013-05-01,0
MX-BCS,vector,2013,6,2013-06-01,0
MX-BCS,vector,2013,7,2013-07-01,0
MX-BCS,vector,2013,8,2013-08-01,0
MX-BCS,vector,2013,9,2013-09-01,0
MX-BCS,vector,2013,10,2013-10-01,0
MX-BCS,vector,2013,11,2013-11-01,0
MX-BCS,vector,2013,12,2013-12-01,0
MX-BCS,vector,2014,1,2014-01-01,0
MX-BCS,vector,2014,2,2014-02-01,0
MX-BCS,vector,2014,3,2014-03-01,0
MX-BCS,vector,2014,4,2014-04-01,0
MX-BCS,vector,2014,5,2014-05-01,0
MX-BCS,vector,2014,6,2014-06-01,0
MX-BCS,vector,2014,7,2014-07-01,0
MX-BCS,vector,2014,8,2014-08-01,0
MX-BCS,vector,2014,9,2014-09-01,0
MX-BCS,vector,2014,10,2014-10-01,0
MX-BCS,vector,2014,11,2014-11-01,0
MX-BCS,vector,2014,12,2014-12-01,0
MX-BCS,vector,2015,1,2015-01-01,0
MX-BCS,vector,2015,2,2015-02-01,0
MX-BCS,vector,2015,3,2015-03-01,0
MX-BCS,vector,2015,4,2015-04-01,0
MX-BCS,vector,2015,5,2015-05-01,0
MX-BCS,vector,2015,6,2015-06-01,0
MX-BCS,vector,2015,7,2015-07-01,0
MX-BCS,vector,2015,8,2015-08-01,0
MX-BCS,vector,2015,9,2015-09-01,0
MX-BCS,vector,2015,10,2015-10-01,0
MX-BCS,vector,2015,11,2015-11-01,0
MX-BCS,vector,2015,12,2015-12-01,0
MX-BCS,vector,2016,1,2016-01-01,0
MX-BCS,vector,2016,2,2016-02-01,0
MX-BCS,vector,2016,3,2016-03-01,0
MX-BCS,vector,2016,4,2016-04-01,0
MX-BCS,vector,2016,5,2016-05-01,0
MX-BCS,vector,2016,6,2016-06-01,0
MX-BCS,vector,2016,7,2016-07-01,0
MX-BCS,vector,2016,8,2016-08-01,0
MX-BCS,vector,2016,9,2016-09-01,0
MX-BCS,vector,2016,10,2016-10-01,0
MX-BCS,vector,2016,11,2016-11-01,0
MX-BCS,vector,2016,12,2016-12-01,0
MX-BCS,vector,2017,1,2017-01-01,0
MX-BCS,vector,2017,2,2017-02-01,0
MX-BCS,vector,2017,3,2017-03-01,0
MX-BCS,vector,2017,4,2017-04-01,0
MX-BCS,vector,2017,5,2017-05-01,0
MX-BCS,vector,2017,6,2017-06-01,0
MX-BCS,vector,2017,7,2017-07-01,0
MX-BCS,vector,2017,8,2017-08-01,0
MX-BCS,vector,2017,9,2017-09-01,0
MX-BCS,vector,2017,10,2017-10-01,0
MX-BCS,vector,2017,11,2017-11-01,0
MX-BCS,vector,2017,12,2017-12-01,0
MX-BCS,vector,2018,1,2018-01-01,0
MX-BCS,vector,2018,2,2018-02-01,0
MX-BCS,vector,2018,3,2018-03-01,0
MX-BCS,vector,2018,4,2018-04-01,0
MX-BCS,vector,2018,5,2018-05-01,0
MX-BCS,vector,2018,6,2018-06-01,0
MX-BCS,vector,2018,7,2018-07-01,2
MX-BCS,vector,2018,8,2018-08-01,0
MX-BCS,vector,2018,9,2018-09-01,0
MX-BCS,vector,2018,10,2018-10-01,0
MX-BCS,vector,2018,11,2018-11-01,0
MX-BCS,vector,2018,12,2018-12-01,0
MX-BCS,vector,2019,1,2019-01-01,0
MX-BCS,vector,2019,2,2019-02-01,0
MX-BCS,vector,2019,3,2019-03-01,0
MX-BCS,vector,2019,4,2019-04-01,0
MX-BCS,vector,2019,5,2019-05-01,0
MX-BCS,vector,2019,6,2019-06-01,0
MX-BCS,vector,2019,7,2019-07-01,0
MX-BCS,vector,2019,8,2019-08-01,0
MX-BCS,vector,2019,9,2019-09-01,0
MX-BCS,vector,2019,10,2019-10-01,0
MX-BCS,vector,2019,11,2019-11-01,0
MX-BCS,vector,2019,12,2019-12-01,0
MX-BCS,vector,2020,1,2020-01-01,0
MX-BCS,vector,2020,2,2020-02-01,0
MX-BCS,vector,2020,3,2020-03-01,0
MX-BCS,vector,2020,4,2020-04-01,0
MX-BCS,vector,2020,5,2020-05-01,0
MX-BCS,vector,2020,6,2020-06-01,0
MX-BCS,vector,2020,7,2020-07-01,0
MX-BCS,vector,2020,8,2020-08-01,0
MX-BCS,vector,2020,9,2020-09-01,0
MX-BCS,vector,2020,10,2020-10-01,0
MX-BCS,vector,2020,11,2020-11-01,0
MX-BCS,vector,2020,12,2020-12-01,0
MX-BCS,vector,2021,1,2021-01-01,0
MX-BCS,vector,2021,2,2021-02-01,0
MX-BCS,vector,2021,3,2021-03-01,0
MX-BCS,vector,2021,4,2021-04-01,0
MX-BCS,vector,2021,5,2021-05-01,0
MX-BCS,vector,2021,6,2021-06-01,0
MX-BCS,vector,2021,7,2021-07-01,0
MX-BCS,vector,2021,8,2021-08-01,0
MX-BCS,vector,2021,9,2021-09-01,0
MX-BCS,vector,2021,10,2021-10-01,0
MX-BCS,vector,2021,11,2021-11-01,0
MX-BCS,vector,2021,12,2021-12-01,0
MX-BCS,vector,2022,1,2022-01-01,0
MX-BCS,vector,2022,2,2022-02-01,0
MX-BCS,vector,2022,3,2022-03-01,0
MX-BCS,vector,2022,4,2022-04-01,0
MX-BCS,vector,2022,5,2022-05-01,0
MX-BCS,vector,2022,6,2022-06-01,0
MX-BCS,vector,2022,7,2022-07-01,0
MX-BCS,vector,2022,8,2022-08-01,0
MX-BCS,vector,2022,9,2022-09-01,0
MX-BCS,vector,2022,10,2022-10-01,0
MX-BCS,vector,2022,11,2022-11-01,0
MX-BCS,vector,2022,12,2022-12-01,0
MX-CAM,Aedes_aegypti,2004,1,2004-01-01,0
MX-CAM,Aedes_aegypti,2004,2,2004-02-01,0
MX-CAM,Aedes_aegypti,2004,3,2004-03-01,0
MX-CAM,Aedes_aegypti,2004,4,2004-04-01,0
MX-CAM,Aedes_aegypti,2004,5,2004-05-01,0
MX-CAM,Aedes_aegypti,2004,6,2004-06-01,0
MX-CAM,Aedes_aegypti,2004,7,2004-07-01,0
MX-CAM,Aedes_aegypti,2004,8,2004-08-01,0
MX-CAM,Aedes_aegypti,2004,9,2004-09-01,0
MX-CAM,Aedes_aegypti,2004,10,2004-10-01,0
MX-CAM,Aedes_aegypti,2004,11,2004-11-01,0
MX-CAM,Aedes_aegypti,2004,12,2004-12-01,0
MX-CAM,Aedes_aegypti,2005,1,2005-01-01,0
MX-CAM,Aedes_aegypti,2005,2,2005-02-01,0
MX-CAM,Aedes_aegypti,2005,3,2005-03-01,0
MX-CAM,Aedes_aegypti,2005,4,2005-04-01,0
MX-CAM,Aedes_aegypti,2005,5,2005-05-01,0
MX-CAM,Aedes_aegypti,2005,6,2005-06-01,0
MX-CAM,Aedes_aegypti,2005,7,2005-07-01,0
MX-CAM,Aedes_aegypti,2005,8,2005-08-01,0
MX-CAM,Aedes_aegypti,2005,9,2005-09-01,0
MX-CAM,Aedes_aegypti,2005,10,2005-10-01,0
MX-CAM,Aedes_aegypti,2005,11,2005-11-01,0
MX-CAM,Aedes_aegypti,2005,12,2005-12-01,0
MX-CAM,Aedes_aegypti,2006,1,2006-01-01,0
MX-CAM,Aedes_aegypti,2006,2,2006-02-01,0
MX-CAM,Aedes_aegypti,2006,3,2006-03-01,0
MX-CAM,Aedes_aegypti,2006,4,2006-04-01,0
MX-CAM,Aedes_aegypti,2006,5,2006-05-01,0
MX-CAM,Aedes_aegypti,2006,6,2006-06-01,0
MX-CAM,Aedes_aegypti,2006,7,2006-07-01,0
MX-CAM,Aedes_aegypti,2006,8,2006-08-01,0
MX-CAM,Aedes_aegypti,2006,9,2006-09-01,0
MX-CAM,Aedes_aegypti,2006,10,2006-10-01,0
MX-CAM,Aedes_aegypti,2006,11,2006-11-01,0
MX-CAM,Aedes_aegypti,2006,12,2006-12-01,0
MX-CAM,Aedes_aegypti,2007,1,2007-01-01,0
MX-CAM,Aedes_aegypti,2007,2,2007-02-01,0
MX-CAM,Aedes_aegypti,2007,3,2007-03-01,0
MX-CAM,Aedes_aegypti,2007,4,2007-04-01,0
MX-CAM,Aedes_aegypti,2007,5,2007-05-01,0
MX-CAM,Aedes_aegypti,2007,6,2007-06-01,0
MX-CAM,Aedes_aegypti,2007,7,2007-07-01,0
MX-CAM,Aedes_aegypti,2007,8,2007-08-01,0
MX-CAM,Aedes_aegypti,2007,9,2007-09-01,0
MX-CAM,Aedes_aegypti,2007,10,2007-10-01,0
MX-CAM,Aedes_aegypti,2007,11,2007-11-01,0
MX-CAM,Aedes_aegypti,2007,12,2007-12-01,0
MX-CAM,Aedes_aegypti,2008,1,2008-01-01,0
MX-CAM,Aedes_aegypti,2008,2,2008-02-01,0
MX-CAM,Aedes_aegypti,2008,3,2008-03-01,0
MX-CAM,Aedes_aegypti,2008,4,2008-04-01,0
MX-CAM,Aedes_aegypti,2008,5,2008-05-01,0
MX-CAM,Aedes_aegypti,2008,6,2008-06-01,0
MX-CAM,Aedes_aegypti,2008,7,2008-07-01,0
MX-CAM,Aedes_aegypti,2008,8,2008-08-01,0
MX-CAM,Aedes_aegypti,2008,9,2008-09-01,0
MX-CAM,Aedes_aegypti,2008,10,2008-10-01,0
MX-CAM,Aedes_aegypti,2008,11,2008-11-01,0
MX-CAM,Aedes_aegypti,2008,12,2008-12-01,0
MX-CAM,Aedes_aegypti,2009,1,2009-01-01,0
MX-CAM,Aedes_aegypti,2009,2,2009-02-01,0
MX-CAM,Aedes_aegypti,2009,3,2009-03-01,0
MX-CAM,Aedes_aegypti,2009,4,2009-04-01,0
MX-CAM,Aedes_aegypti,2009,5,2009-05-01,0
MX-CAM,Aedes_aegypti,2009,6,2009-06-01,0
MX-CAM,Aedes_aegypti,2009,7,2009-07-01,0
MX-CAM,Aedes_aegypti,2009,8,2009-08-01,0
MX-CAM,Aedes_aegypti,2009,9,2009-09-01,0
MX-CAM,Aedes_aegypti,2009,10,2009-10-01,0
MX-CAM,Aedes_aegypti,2009,11,2009-11-01,0
MX-CAM,Aedes_aegypti,2009,12,2009-12-01,0
MX-CAM,Aedes_aegypti,2010,1,2010-01-01,0
MX-CAM,Aedes_aegypti,2010,2,2010-02-01,0
MX-CAM,Aedes_aegypti,2010,3,2010-03-01,0
MX-CAM,Aedes_aegypti,2010,4,2010-04-01,0
MX-CAM,Aedes_aegypti,2010,5,2010-05-01,0
MX-CAM,Aedes_aegypti,2010,6,2010-06-01,0
MX-CAM,Aedes_aegypti,2010,7,2010-07-01,0
MX-CAM,Aedes_aegypti,2010,8,2010-08-01,0
MX-CAM,Aedes_aegypti,2010,9,2010-09-01,0
MX-CAM,Aedes_aegypti,2010,10,2010-10-01,0
MX-CAM,Aedes_aegypti,2010,11,2010-11-01,0
MX-CAM,Aedes_aegypti,2010,12,2010-12-01,0
MX-CAM,Aedes_aegypti,2011,1,2011-01-01,0
MX-CAM,Aedes_aegypti,2011,2,2011-02-01,0
MX-CAM,Aedes_aegypti,2011,3,2011-03-01,0
MX-CAM,Aedes_aegypti,2011,4,2011-04-01,0
MX-CAM,Aedes_aegypti,2011,5,2011-05-01,0
MX-CAM,Aedes_aegypti,2011,6,2011-06-01,0
MX-CAM,Aedes_aegypti,2011,7,2011-07-01,0
MX-CAM,Aedes_aegypti,2011,8,2011-08-01,0
MX-CAM,Aedes_aegypti,2011,9,2011-09-01,0
MX-CAM,Aedes_aegypti,2011,10,2011-10-01,0
MX-CAM,Aedes_aegypti,2011,11,2011-11-01,0
MX-CAM,Aedes_aegypti,2011,12,2011-12-01,0
MX-CAM,Aedes_aegypti,2012,1,2012-01-01,0
MX-CAM,Aedes_aegypti,2012,2,2012-02-01,0
MX-CAM,Aedes_aegypti,2012,3,2012-03-01,0
MX-CAM,Aedes_aegypti,2012,4,2012-04-01,0
MX-CAM,Aedes_aegypti,2012,5,2012-05-01,0
MX-CAM,Aedes_aegypti,2012,6,2012-06-01,0
MX-CAM,Aedes_aegypti,2012,7,2012-07-01,0
MX-CAM,Aedes_aegypti,2012,8,2012-08-01,0
MX-CAM,Aedes_aegypti,2012,9,2012-09-01,0
MX-CAM,Aedes_aegypti,2012,10,2012-10-01,0
MX-CAM,Aedes_aegypti,2012,11,2012-11-01,0
MX-CAM,Aedes_aegypti,2012,12,2012-12-01,100
MX-CAM,Aedes_aegypti,2013,1,2013-01-01,0
MX-CAM,Aedes_aegypti,2013,2,2013-02-01,0
MX-CAM,Aedes_aegypti,2013,3,2013-03-01,0
MX-CAM,Aedes_aegypti,2013,4,2013-04-01,0
MX-CAM,Aedes_aegypti,2013,5,2013-05-01,0
MX-CAM,Aedes_aegypti,2013,6,2013-06-01,0
MX-CAM,Aedes_aegypti,2013,7,2013-07-01,0
MX-CAM,Aedes_aegypti,2013,8,2013-08-01,0
MX-CAM,Aedes_aegypti,2013,9,2013-09-01,0
MX-CAM,Aedes_aegypti,2013,10,2013-10-01,0
MX-CAM,Aedes_aegypti,2013,11,2013-11-01,0
MX-CAM,Aedes_aegypti,2013,12,2013-12-01,0
MX-CAM,Aedes_aegypti,2014,1,2014-01-01,0
MX-CAM,Aedes_aegypti,2014,2,2014-02-01,0
MX-CAM,Aedes_aegypti,2014,3,2014-03-01,0
MX-CAM,Aedes_aegypti,2014,4,2014-04-01,0
MX-CAM,Aedes_aegypti,2014,5,2014-05-01,0
MX-CAM,Aedes_aegypti,2014,6,2014-06-01,75
MX-CAM,Aedes_aegypti,2014,7,2014-07-01,0
MX-CAM,Aedes_aegypti,2014,8,2014-08-01,0
MX-CAM,Aedes_aegypti,2014,9,2014-09-01,0
MX-CAM,Aedes_aegypti,2014,10,2014-10-01,0
MX-CAM,Aedes_aegypti,2014,11,2014-11-01,0
MX-CAM,Aedes_aegypti,2014,12,2014-12-01,0
MX-CAM,Aedes_aegypti,2015,1,2015-01-01,0
MX-CAM,Aedes_aegypti,2015,2,2015-02-01,0
MX-CAM,Aedes_aegypti,2015,3,2015-03-01,0
MX-CAM,Aedes_aegypti,2015,4,2015-04-01,0
MX-CAM,Aedes_aegypti,2015,5,2015-05-01,0
MX-CAM,Aedes_aegypti,2015,6,2015-06-01,0
MX-CAM,Aedes_aegypti,2015,7,2015-07-01,0
MX-CAM,Aedes_aegypti,2015,8,2015-08-01,0
MX-CAM,Aedes_aegypti,2015,9,2015-09-01,0
MX-CAM,Aedes_aegypti,2015,10,2015-10-01,63
MX-CAM,Aedes_aegypti,2015,11,2015-11-01,0
MX-CAM,Aedes_aegypti,2015,12,2015-12-01,0
MX-CAM,Aedes_aegypti,2016,1,2016-01-01,0
MX-CAM,Aedes_aegypti,2016,2,2016-02-01,0
MX-CAM,Aedes_aegypti,2016,3,2016-03-01,0
MX-CAM,Aedes_aegypti,2016,4,2016-04-01,0
MX-CAM,Aedes_aegypti,2016,5,2016-05-01,0
MX-CAM,Aedes_aegypti,2016,6,2016-06-01,0
MX-CAM,Aedes_aegypti,2016,7,2016-07-01,0
MX-CAM,Aedes_aegypti,2016,8,2016-08-01,0
MX-CAM,Aedes_aegypti,2016,9,2016-09-01,0
MX-CAM,Aedes_aegypti,2016,10,2016-10-01,0
MX-CAM,Aedes_aegypti,2016,11,2016-11-01,0
MX-CAM,Aedes_aegypti,2016,12,2016-12-01,0
MX-CAM,Aedes_aegypti,2017,1,2017-01-01,0
MX-CAM,Aedes_aegypti,2017,2,2017-02-01,0
MX-CAM,Aedes_aegypti,2017,3,2017-03-01,0
MX-CAM,Aedes_aegypti,2017,4,2017-04-01,0
MX-CAM,Aedes_aegypti,2017,5,2017-05-01,0
MX-CAM,Aedes_aegypti,2017,6,2017-06-01,0
MX-CAM,Aedes_aegypti,2017,7,2017-07-01,0
MX-CAM,Aedes_aegypti,2017,8,2017-08-01,0
MX-CAM,Aedes_aegypti,2017,9,2017-09-01,0
MX-CAM,Aedes_aegypti,2017,10,2017-10-01,0
MX-CAM,Aedes_aegypti,2017,11,2017-11-01,0
MX-CAM,Aedes_aegypti,2017,12,2017-12-01,0
MX-CAM,Aedes_aegypti,2018,1,2018-01-01,0
MX-CAM,Aedes_aegypti,2018,2,2018-02-01,0
MX-CAM,Aedes_aegypti,2018,3,2018-03-01,0
MX-CAM,Aedes_aegypti,2018,4,2018-04-01,0
MX-CAM,Aedes_aegypti,2018,5,2018-05-01,0
MX-CAM,Aedes_aegypti,2018,6,2018-06-01,0
MX-CAM,Aedes_aegypti,2018,7,2018-07-01,0
MX-CAM,Aedes_aegypti,2018,8,2018-08-01,0
MX-CAM,Aedes_aegypti,2018,9,2018-09-01,0
MX-CAM,Aedes_aegypti,2018,10,2018-10-01,0
MX-CAM,Aedes_aegypti,2018,11,2018-11-01,0
MX-CAM,Aedes_aegypti,2018,12,2018-12-01,0
MX-CAM,Aedes_aegypti,2019,1,2019-01-01,0
MX-CAM,Aedes_aegypti,2019,2,2019-02-01,0
MX-CAM,Aedes_aegypti,2019,3,2019-03-01,0
MX-CAM,Aedes_aegypti,2019,4,2019-04-01,0
MX-CAM,Aedes_aegypti,2019,5,2019-05-01,0
MX-CAM,Aedes_aegypti,2019,6,2019-06-01,0
MX-CAM,Aedes_aegypti,2019,7,2019-07-01,0
MX-CAM,Aedes_aegypti,2019,8,2019-08-01,0
MX-CAM,Aedes_aegypti,2019,9,2019-09-01,0
MX-CAM,Aedes_aegypti,2019,10,2019-10-01,0
MX-CAM,Aedes_aegypti,2019,11,2019-11-01,0
MX-CAM,Aedes_aegypti,2019,12,2019-12-01,0
MX-CAM,Aedes_aegypti,2020,1,2020-01-01,0
MX-CAM,Aedes_aegypti,2020,2,2020-02-01,0
MX-CAM,Aedes_aegypti,2020,3,2020-03-01,0
MX-CAM,Aedes_aegypti,2020,4,2020-04-01,0
MX-CAM,Aedes_aegypti,2020,5,2020-05-01,0
MX-CAM,Aedes_aegypti,2020,6,2020-06-01,0
MX-CAM,Aedes_aegypti,2020,7,2020-07-01,0
MX-CAM,Aedes_aegypti,2020,8,2020-08-01,0
MX-CAM,Aedes_aegypti,2020,9,2020-09-01,0
MX-CAM,Aedes_aegypti,2020,10,2020-10-01,0
MX-CAM,Aedes_aegypti,2020,11,2020-11-01,0
MX-CAM,Aedes_aegypti,2020,12,2020-12-01,0
MX-CAM,Aedes_aegypti,2021,1,2021-01-01,0
MX-CAM,Aedes_aegypti,2021,2,2021-02-01,0
MX-CAM,Aedes_aegypti,2021,3,2021-03-01,0
MX-CAM,Aedes_aegypti,2021,4,2021-04-01,0
MX-CAM,Aedes_aegypti,2021,5,2021-05-01,0
MX-CAM,Aedes_aegypti,2021,6,2021-06-01,0
MX-CAM,Aedes_aegypti,2021,7,2021-07-01,0
MX-CAM,Aedes_aegypti,2021,8,2021-08-01,0
MX-CAM,Aedes_aegypti,2021,9,2021-09-01,0
MX-CAM,Aedes_aegypti,2021,10,2021-10-01,49
MX-CAM,Aedes_aegypti,2021,11,2021-11-01,0
MX-CAM,Aedes_aegypti,2021,12,2021-12-01,0
MX-CAM,Aedes_aegypti,2022,1,2022-01-01,0
MX-CAM,Aedes_aegypti,2022,2,2022-02-01,0
MX-CAM,Aedes_aegypti,2022,3,2022-03-01,0
MX-CAM,Aedes_aegypti,2022,4,2022-04-01,0
MX-CAM,Aedes_aegypti,2022,5,2022-05-01,0
MX-CAM,Aedes_aegypti,2022,6,2022-06-01,0
MX-CAM,Aedes_aegypti,2022,7,2022-07-01,0
MX-CAM,Aedes_aegypti,2022,8,2022-08-01,0
MX-CAM,Aedes_aegypti,2022,9,2022-09-01,0
MX-CAM,Aedes_aegypti,2022,10,2022-10-01,0
MX-CAM,Aedes_aegypti,2022,11,2022-11-01,0
MX-CAM,Aedes_aegypti,2022,12,2022-12-01,0
MX-CAM,mosquito,2004,1,2004-01-01,0
MX-CAM,mosquito,2004,2,2004-02-01,0
MX-CAM,mosquito,2004,3,2004-03-01,0
MX-CAM,mosquito,2004,4,2004-04-01,0
MX-CAM,mosquito,2004,5,2004-05-01,0
MX-CAM,mosquito,2004,6,2004-06-01,0
MX-CAM,mosquito,2004,7,2004-07-01,0
MX-CAM,mosquito,2004,8,2004-08-01,0
MX-CAM,mosquito,2004,9,2004-09-01,0
MX-CAM,mosquito,2004,10,2004-10-01,0
MX-CAM,mosquito,2004,11,2004-11-01,0
MX-CAM,mosquito,2004,12,2004-12-01,0
MX-CAM,mosquito,2005,1,2005-01-01,0
MX-CAM,mosquito,2005,2,2005-02-01,0
MX-CAM,mosquito,2005,3,2005-03-01,0
MX-CAM,mosquito,2005,4,2005-04-01,0
MX-CAM,mosquito,2005,5,2005-05-01,0
MX-CAM,mosquito,2005,6,2005-06-01,0
MX-CAM,mosquito,2005,7,2005-07-01,0
MX-CAM,mosquito,2005,8,2005-08-01,0
MX-CAM,mosquito,2005,9,2005-09-01,0
MX-CAM,mosquito,2005,10,2005-10-01,0
MX-CAM,mosquito,2005,11,2005-11-01,0
MX-CAM,mosquito,2005,12,2005-12-01,0
MX-CAM,mosquito,2006,1,2006-01-01,0
MX-CAM,mosquito,2006,2,2006-02-01,0
MX-CAM,mosquito,2006,3,2006-03-01,0
MX-CAM,mosquito,2006,4,2006-04-01,0
MX-CAM,mosquito,2006,5,2006-05-01,0
MX-CAM,mosquito,2006,6,2006-06-01,0
MX-CAM,mosquito,2006,7,2006-07-01,0
MX-CAM,mosquito,2006,8,2006-08-01,0
MX-CAM,mosquito,2006,9,2006-09-01,0
MX-CAM,mosquito,2006,10,2006-10-01,0
MX-CAM,mosquito,2006,11,2006-11-01,0
MX-CAM,mosquito,2006,12,2006-12-01,0
MX-CAM,mosquito,2007,1,2007-01-01,0
MX-CAM,mosquito,2007,2,2007-02-01,0
MX-CAM,mosquito,2007,3,2007-03-01,0
MX-CAM,mosquito,2007,4,2007-04-01,0
MX-CAM,mosquito,2007,5,2007-05-01,0
MX-CAM,mosquito,2007,6,2007-06-01,0
MX-CAM,mosquito,2007,7,2007-07-01,0
MX-CAM,mosquito,2007,8,2007-08-01,0
MX-CAM,mosquito,2007,9,2007-09-01,0
MX-CAM,mosquito,2007,10,2007-10-01,0
MX-CAM,mosquito,2007,11,2007-11-01,0
MX-CAM,mosquito,2007,12,2007-12-01,0
MX-CAM,mosquito,2008,1,2008-01-01,0
MX-CAM,mosquito,2008,2,2008-02-01,0
MX-CAM,mosquito,2008,3,2008-03-01,0
MX-CAM,mosquito,2008,4,2008-04-01,0
MX-CAM,mosquito,2008,5,2008-05-01,0
MX-CAM,mosquito,2008,6,2008-06-01,0
MX-CAM,mosquito,2008,7,2008-07-01,0
MX-CAM,mosquito,2008,8,2008-08-01,0
MX-CAM,mosquito,2008,9,2008-09-01,0
MX-CAM,mosquito,2008,10,2008-10-01,0
MX-CAM,mosquito,2008,11,2008-11-01,0
MX-CAM,mosquito,2008,12,2008-12-01,0
MX-CAM,mosquito,2009,1,2009-01-01,0
MX-CAM,mosquito,2009,2,2009-02-01,0
MX-CAM,mosquito,2009,3,2009-03-01,0
MX-CAM,mosquito,2009,4,2009-04-01,0
MX-CAM,mosquito,2009,5,2009-05-01,0
MX-CAM,mosquito,2009,6,2009-06-01,0
MX-CAM,mosquito,2009,7,2009-07-01,0
MX-CAM,mosquito,2009,8,2009-08-01,0
MX-CAM,mosquito,2009,9,2009-09-01,0
MX-CAM,mosquito,2009,10,2009-10-01,0
MX-CAM,mosquito,2009,11,2009-11-01,0
MX-CAM,mosquito,2009,12,2009-12-01,0
MX-CAM,mosquito,2010,1,2010-01-01,0
MX-CAM,mosquito,2010,2,2010-02-01,0
MX-CAM,mosquito,2010,3,2010-03-01,0
MX-CAM,mosquito,2010,4,2010-04-01,0
MX-CAM,mosquito,2010,5,2010-05-01,0
MX-CAM,mosquito,2010,6,2010-06-01,0
MX-CAM,mosquito,2010,7,2010-07-01,0
MX-CAM,mosquito,2010,8,2010-08-01,0
MX-CAM,mosquito,2010,9,2010-09-01,0
MX-CAM,mosquito,2010,10,2010-10-01,0
MX-CAM,mosquito,2010,11,2010-11-01,0
MX-CAM,mosquito,2010,12,2010-12-01,0
MX-CAM,mosquito,2011,1,2011-01-01,0
MX-CAM,mosquito,2011,2,2011-02-01,0
MX-CAM,mosquito,2011,3,2011-03-01,0
MX-CAM,mosquito,2011,4,2011-04-01,0
MX-CAM,mosquito,2011,5,2011-05-01,0
MX-CAM,mosquito,2011,6,2011-06-01,0
MX-CAM,mosquito,2011,7,2011-07-01,0
MX-CAM,mosquito,2011,8,2011-08-01,0
MX-CAM,mosquito,2011,9,2011-09-01,0
MX-CAM,mosquito,2011,10,2011-10-01,0
MX-CAM,mosquito,2011,11,2011-11-01,50
MX-CAM,mosquito,2011,12,2011-12-01,0
MX-CAM,mosquito,2012,1,2012-01-01,0
MX-CAM,mosquito,2012,2,2012-02-01,0
MX-CAM,mosquito,2012,3,2012-03-01,0
MX-CAM,mosquito,2012,4,2012-04-01,0
MX-CAM,mosquito,2012,5,2012-05-01,0
MX-CAM,mosquito,2012,6,2012-06-01,0
MX-CAM,mosquito,2012,7,2012-07-01,0
MX-CAM,mosquito,2012,8,2012-08-01,0
MX-CAM,mosquito,2012,9,2012-09-01,0
MX-CAM,mosquito,2012,10,2012-10-01,0
MX-CAM,mosquito,2012,11,2012-11-01,0
MX-CAM,mosquito,2012,12,2012-12-01,0
MX-CAM,mosquito,2013,1,2013-01-01,0
MX-CAM,mosquito,2013,2,2013-02-01,0
MX-CAM,mosquito,2013,3,2013-03-01,0
MX-CAM,mosquito,2013,4,2013-04-01,0
MX-CAM,mosquito,2013,5,2013-05-01,0
MX-CAM,mosquito,2013,6,2013-06-01,38
MX-CAM,mosquito,2013,7,2013-07-01,30
MX-CAM,mosquito,2013,8,2013-08-01,0
MX-CAM,mosquito,2013,9,2013-09-01,34
MX-CAM,mosquito,2013,10,2013-10-01,0
MX-CAM,mosquito,2013,11,2013-11-01,0
MX-CAM,mosquito,2013,12,2013-12-01,0
MX-CAM,mosquito,2014,1,2014-01-01,0
MX-CAM,mosquito,2014,2,2014-02-01,30
MX-CAM,mosquito,2014,3,2014-03-01,0
MX-CAM,mosquito,2014,4,2014-04-01,0
MX-CAM,mosquito,2014,5,2014-05-01,0
MX-CAM,mosquito,2014,6,2014-06-01,25
MX-CAM,mosquito,2014,7,2014-07-01,0
MX-CAM,mosquito,2014,8,2014-08-01,0
MX-CAM,mosquito,2014,9,2014-09-01,0
MX-CAM,mosquito,2014,10,2014-10-01,0
MX-CAM,mosquito,2014,11,2014-11-01,0
MX-CAM,mosquito,2014,12,2014-12-01,0
MX-CAM,mosquito,2015,1,2015-01-01,0
MX-CAM,mosquito,2015,2,2015-02-01,0
MX-CAM,mosquito,2015,3,2015-03-01,32
MX-CAM,mosquito,2015,4,2015-04-01,28
MX-CAM,mosquito,2015,5,2015-05-01,0
MX-CAM,mosquito,2015,6,2015-06-01,53
MX-CAM,mosquito,2015,7,2015-07-01,96
MX-CAM,mosquito,2015,8,2015-08-01,100
MX-CAM,mosquito,2015,9,2015-09-01,68
MX-CAM,mosquito,2015,10,2015-10-01,61
MX-CAM,mosquito,2015,11,2015-11-01,30
MX-CAM,mosquito,2015,12,2015-12-01,33
MX-CAM,mosquito,2016,1,2016-01-01,25
MX-CAM,mosquito,2016,2,2016-02-01,32
MX-CAM,mosquito,2016,3,2016-03-01,32
MX-CAM,mosquito,2016,4,2016-04-01,34
MX-CAM,mosquito,2016,5,2016-05-01,0
MX-CAM,mosquito,2016,6,2016-06-01,53
MX-CAM,mosquito,2016,7,2016-07-01,31
MX-CAM,mosquito,2016,8,2016-08-01,26
MX-CAM,mosquito,2016,9,2016-09-01,29
MX-CAM,mosquito,2016,10,2016-10-01,25
MX-CAM,mosquito,2016,11,2016-11-01,0
MX-CAM,mosquito,2016,12,2016-12-01,0
MX-CAM,mosquito,2017,1,2017-01-01,0
MX-CAM,mosquito,2017,2,2017-02-01,0
MX-CAM,mosquito,2017,3,2017-03-01,0
MX-CAM,mosquito,2017,4,2017-04-01,0
MX-CAM,mosquito,2017,5,2017-05-01,0
MX-CAM,mosquito,2017,6,2017-06-01,0
MX-CAM,mosquito,2017,7,2017-07-01,0
MX-CAM,mosquito,2017,8,2017-08-01,0
MX-CAM,mosquito,2017,9,2017-09-01,0
MX-CAM,mosquito,2017,10,2017-10-01,0
MX-CAM,mosquito,2017,11,2017-11-01,0
MX-CAM,mosquito,2017,12,2017-12-01,0
MX-CAM,mosquito,2018,1,2018-01-01,0
MX-CAM,mosquito,2018,2,2018-02-01,0
MX-CAM,mosquito,2018,3,2018-03-01,0
MX-CAM,mosquito,2018,4,2018-04-01,0
MX-CAM,mosquito,2018,5,2018-05-01,0
MX-CAM,mosquito,2018,6,2018-06-01,0
MX-CAM,mosquito,2018,7,2018-07-01,0
MX-CAM,mosquito,2018,8,2018-08-01,0
MX-CAM,mosquito,2018,9,2018-09-01,0
MX-CAM,mosquito,2018,10,2018-10-01,0
MX-CAM,mosquito,2018,11,2018-11-01,0
MX-CAM,mosquito,2018,12,2018-12-01,0
MX-CAM,mosquito,2019,1,2019-01-01,0
MX-CAM,mosquito,2019,2,2019-02-01,0
MX-CAM,mosquito,2019,3,2019-03-01,0
MX-CAM,mosquito,2019,4,2019-04-01,0
MX-CAM,mosquito,2019,5,2019-05-01,0
MX-CAM,mosquito,2019,6,2019-06-01,0
MX-CAM,mosquito,2019,7,2019-07-01,0
MX-CAM,mosquito,2019,8,2019-08-01,0
MX-CAM,mosquito,2019,9,2019-09-01,0
MX-CAM,mosquito,2019,10,2019-10-01,0
MX-CAM,mosquito,2019,11,2019-11-01,0
MX-CAM,mosquito,2019,12,2019-12-01,0
MX-CAM,mosquito,2020,1,2020-01-01,0
MX-CAM,mosquito,2020,2,2020-02-01,0
MX-CAM,mosquito,2020,3,2020-03-01,0
MX-CAM,mosquito,2020,4,2020-04-01,0
MX-CAM,mosquito,2020,5,2020-05-01,0
MX-CAM,mosquito,2020,6,2020-06-01,17
MX-CAM,mosquito,2020,7,2020-07-01,0
MX-CAM,mosquito,2020,8,2020-08-01,0
MX-CAM,mosquito,2020,9,2020-09-01,13
MX-CAM,mosquito,2020,10,2020-10-01,0
MX-CAM,mosquito,2020,11,2020-11-01,0
MX-CAM,mosquito,2020,12,2020-12-01,0
MX-CAM,mosquito,2021,1,2021-01-01,0
MX-CAM,mosquito,2021,2,2021-02-01,21
MX-CAM,mosquito,2021,3,2021-03-01,0
MX-CAM,mosquito,2021,4,2021-04-01,0
MX-CAM,mosquito,2021,5,2021-05-01,30
MX-CAM,mosquito,2021,6,2021-06-01,27
MX-CAM,mosquito,2021,7,2021-07-01,33
MX-CAM,mosquito,2021,8,2021-08-01,19
MX-CAM,mosquito,2021,9,2021-09-01,24
MX-CAM,mosquito,2021,10,2021-10-01,19
MX-CAM,mosquito,2021,11,2021-11-01,31
MX-CAM,mosquito,2021,12,2021-12-01,22
MX-CAM,mosquito,2022,1,2022-01-01,17
MX-CAM,mosquito,2022,2,2022-02-01,19
MX-CAM,mosquito,2022,3,2022-03-01,18
MX-CAM,mosquito,2022,4,2022-04-01,0
MX-CAM,mosquito,2022,5,2022-05-01,16
MX-CAM,mosquito,2022,6,2022-06-01,35
MX-CAM,mosquito,2022,7,2022-07-01,30
MX-CAM,mosquito,2022,8,2022-08-01,24
MX-CAM,mosquito,2022,9,2022-09-01,33
MX-CAM,mosquito,2022,10,2022-10-01,21
MX-CAM,mosquito,2022,11,2022-11-01,28
MX-CAM,mosquito,2022,12,2022-12-01,19
MX-CAM,vector,2004,1,2004-01-01,0
MX-CAM,vector,2004,2,2004-02-01,0
MX-CAM,vector,2004,3,2004-03-01,0
MX-CAM,vector,2004,4,2004-04-01,0
MX-CAM,vector,2004,5,2004-05-01,0
MX-CAM,vector,2004,6,2004-06-01,0
MX-CAM,vector,2004,7,2004-07-01,0
MX-CAM,vector,2004,8,2004-08-01,0
MX-CAM,vector,2004,9,2004-09-01,0
MX-CAM,vector,2004,10,2004-10-01,0
MX-CAM,vector,2004,11,2004-11-01,0
MX-CAM,vector,2004,12,2004-12-01,0
MX-CAM,vector,2005,1,2005-01-01,0
MX-CAM,vector,2005,2,2005-02-01,0
MX-CAM,vector,2005,3,2005-03-01,0
MX-CAM,vector,2005,4,2005-04-01,0
MX-CAM,vector,2005,5,2005-05-01,0
MX-CAM,vector,2005,6,2005-06-01,0
MX-CAM,vector,2005,7,2005-07-01,0
MX-CAM,vector,2005,8,2005-08-01,0
MX-CAM,vector,2005,9,2005-09-01,0
MX-CAM,vector,2005,10,2005-10-01,0
MX-CAM,vector,2005,11,2005-11-01,0
MX-CAM,vector,2005,12,2005-12-01,0
MX-CAM,vector,2006,1,2006-01-01,0
MX-CAM,vector,2006,2,2006-02-01,0
MX-CAM,vector,2006,3,2006-03-01,0
MX-CAM,vector,2006,4,2006-04-01,0
MX-CAM,vector,2006,5,2006-05-01,0
MX-CAM,vector,2006,6,2006-06-01,0
MX-CAM,vector,2006,7,2006-07-01,0
MX-CAM,vector,2006,8,2006-08-01,0
MX-CAM,vector,2006,9,2006-09-01,0
MX-CAM,vector,2006,10,2006-10-01,0
MX-CAM,vector,2006,11,2006-11-01,0
MX-CAM,vector,2006,12,2006-12-01,0
MX-CAM,vector,2007,1,2007-01-01,0
MX-CAM,vector,2007,2,2007-02-01,0
MX-CAM,vector,2007,3,2007-03-01,0
MX-CAM,vector,2007,4,2007-04-01,0
MX-CAM,vector,2007,5,2007-05-01,0
MX-CAM,vector,2007,6,2007-06-01,0
MX-CAM,vector,2007,7,2007-07-01,0
MX-CAM,vector,2007,8,2007-08-01,0
MX-CAM,vector,2007,9,2007-09-01,0
MX-CAM,vector,2007,10,2007-10-01,0
MX-CAM,vector,2007,11,2007-11-01,0
MX-CAM,vector,2007,12,2007-12-01,0
MX-CAM,vector,2008,1,2008-01-01,0
MX-CAM,vector,2008,2,2008-02-01,0
MX-CAM,vector,2008,3,2008-03-01,0
MX-CAM,vector,2008,4,2008-04-01,0
MX-CAM,vector,2008,5,2008-05-01,0
MX-CAM,vector,2008,6,2008-06-01,0
MX-CAM,vector,2008,7,2008-07-01,0
MX-CAM,vector,2008,8,2008-08-01,0
MX-CAM,vector,2008,9,2008-09-01,0
MX-CAM,vector,2008,10,2008-10-01,0
MX-CAM,vector,2008,11,2008-11-01,0
MX-CAM,vector,2008,12,2008-12-01,0
MX-CAM,vector,2009,1,2009-01-01,0
MX-CAM,vector,2009,2,2009-02-01,0
MX-CAM,vector,2009,3,2009-03-01,0
MX-CAM,vector,2009,4,2009-04-01,0
MX-CAM,vector,2009,5,2009-05-01,0
MX-CAM,vector,2009,6,2009-06-01,0
MX-CAM,vector,2009,7,2009-07-01,0
MX-CAM,vector,2009,8,2009-08-01,0
MX-CAM,vector,2009,9,2009-09-01,0
MX-CAM,vector,2009,10,2009-10-01,0
MX-CAM,vector,2009,11,2009-11-01,0
MX-CAM,vector,2009,12,2009-12-01,0
MX-CAM,vector,2010,1,2010-01-01,0
MX-CAM,vector,2010,2,2010-02-01,0
MX-CAM,vector,2010,3,2010-03-01,0
MX-CAM,vector,2010,4,2010-04-01,0
MX-CAM,vector,2010,5,2010-05-01,0
MX-CAM,vector,2010,6,2010-06-01,0
MX-CAM,vector,2010,7,2010-07-01,0
MX-CAM,vector,2010,8,2010-08-01,0
MX-CAM,vector,2010,9,2010-09-01,0
MX-CAM,vector,2010,10,2010-10-01,0
MX-CAM,vector,2010,11,2010-11-01,0
MX-CAM,vector,2010,12,2010-12-01,0
MX-CAM,vector,2011,1,2011-01-01,0
MX-CAM,vector,2011,2,2011-02-01,0
MX-CAM,vector,2011,3,2011-03-01,0
MX-CAM,vector,2011,4,2011-04-01,0
MX-CAM,vector,2011,5,2011-05-01,0
MX-CAM,vector,2011,6,2011-06-01,0
MX-CAM,vector,2011,7,2011-07-01,0
MX-CAM,vector,2011,8,2011-08-01,0
MX-CAM,vector,2011,9,2011-09-01,0
MX-CAM,vector,2011,10,2011-10-01,0
MX-CAM,vector,2011,11,2011-11-01,0
MX-CAM,vector,2011,12,2011-12-01,0
MX-CAM,vector,2012,1,2012-01-01,0
MX-CAM,vector,2012,2,2012-02-01,0
MX-CAM,vector,2012,3,2012-03-01,0
MX-CAM,vector,2012,4,2012-04-01,0
MX-CAM,vector,2012,5,2012-05-01,0
MX-CAM,vector,2012,6,2012-06-01,0
MX-CAM,vector,2012,7,2012-07-01,0
MX-CAM,vector,2012,8,2012-08-01,0
MX-CAM,vector,2012,9,2012-09-01,0
MX-CAM,vector,2012,10,2012-10-01,0
MX-CAM,vector,2012,11,2012-11-01,0
MX-CAM,vector,2012,12,2012-12-01,0
MX-CAM,vector,2013,1,2013-01-01,0
MX-CAM,vector,2013,2,2013-02-01,0
MX-CAM,vector,2013,3,2013-03-01,0
MX-CAM,vector,2013,4,2013-04-01,0
MX-CAM,vector,2013,5,2013-05-01,0
MX-CAM,vector,2013,6,2013-06-01,0
MX-CAM,vector,2013,7,2013-07-01,0
MX-CAM,vector,2013,8,2013-08-01,0
MX-CAM,vector,2013,9,2013-09-01,0
MX-CAM,vector,2013,10,2013-10-01,0
MX-CAM,vector,2013,11,2013-11-01,0
MX-CAM,vector,2013,12,2013-12-01,0
MX-CAM,vector,2014,1,2014-01-01,0
MX-CAM,vector,2014,2,2014-02-01,0
MX-CAM,vector,2014,3,2014-03-01,0
MX-CAM,vector,2014,4,2014-04-01,0
MX-CAM,vector,2014,5,2014-05-01,0
MX-CAM,vector,2014,6,2014-06-01,0
MX-CAM,vector,2014,7,2014-07-01,0
MX-CAM,vector,2014,8,2014-08-01,0
MX-CAM,vector,2014,9,2014-09-01,0
MX-CAM,vector,2014,10,2014-10-01,81
MX-CAM,vector,2014,11,2014-11-01,0
MX-CAM,vector,2014,12,2014-12-01,0
MX-CAM,vector,2015,1,2015-01-01,0
MX-CAM,vector,2015,2,2015-02-01,81
MX-CAM,vector,2015,3,2015-03-01,0
MX-CAM,vector,2015,4,2015-04-01,0
MX-CAM,vector,2015,5,2015-05-01,0
MX-CAM,vector,2015,6,2015-06-01,0
MX-CAM,vector,2015,7,2015-07-01,0
MX-CAM,vector,2015,8,2015-08-01,0
MX-CAM,vector,2015,9,2015-09-01,60
MX-CAM,vector,2015,10,2015-10-01,0
MX-CAM,vector,2015,11,2015-11-01,0
MX-CAM,vector,2015,12,2015-12-01,0
MX-CAM,vector,2016,1,2016-01-01,0
MX-CAM,vector,2016,2,2016-02-01,78
MX-CAM,vector,2016,3,2016-03-01,0
MX-CAM,vector,2016,4,2016-04-01,0
MX-CAM,vector,2016,5,2016-05-01,79
MX-CAM,vector,2016,6,2016-06-01,0
MX-CAM,vector,2016,7,2016-07-01,0
MX-CAM,vector,2016,8,2016-08-01,0
MX-CAM,vector,2016,9,2016-09-01,100
MX-CAM,vector,2016,10,2016-10-01,0
MX-CAM,vector,2016,11,2016-11-01,0
MX-CAM,vector,2016,12,2016-12-01,0
MX-CAM,vector,2017,1,2017-01-01,0
MX-CAM,vector,2017,2,2017-02-01,0
MX-CAM,vector,2017,3,2017-03-01,0
MX-CAM,vector,2017,4,2017-04-01,0
MX-CAM,vector,2017,5,2017-05-01,0
MX-CAM,vector,2017,6,2017-06-01,0
MX-CAM,vector,2017,7,2017-07-01,0
MX-CAM,vector,2017,8,2017-08-01,0
MX-CAM,vector,2017,9,2017-09-01,0
MX-CAM,vector,2017,10,2017-10-01,0
MX-CAM,vector,2017,11,2017-11-01,71
MX-CAM,vector,2017,12,2017-12-01,0
MX-CAM,vector,2018,1,2018-01-01,0
MX-CAM,vector,2018,2,2018-02-01,0
MX-CAM,vector,2018,3,2018-03-01,0
MX-CAM,vector,2018,4,2018-04-01,0
MX-CAM,vector,2018,5,2018-05-01,0
MX-CAM,vector,2018,6,2018-06-01,0
MX-CAM,vector,2018,7,2018-07-01,0
MX-CAM,vector,2018,8,2018-08-01,0
MX-CAM,vector,2018,9,2018-09-01,0
MX-CAM,vector,2018,10,2018-10-01,0
MX-CAM,vector,2018,11,2018-11-01,0
MX-CAM,vector,2018,12,2018-12-01,0
MX-CAM,vector,2019,1,2019-01-01,0
MX-CAM,vector,2019,2,2019-02-01,0
MX-CAM,vector,2019,3,2019-03-01,0
MX-CAM,vector,2019,4,2019-04-01,0
MX-CAM,vector,2019,5,2019-05-01,0
MX-CAM,vector,2019,6,2019-06-01,0
MX-CAM,vector,2019,7,2019-07-01,0
MX-CAM,vector,2019,8,2019-08-01,0
MX-CAM,vector,2019,9,2019-09-01,0
MX-CAM,vector,2019,10,2019-10-01,0
MX-CAM,vector,2019,11,2019-11-01,0
MX-CAM,vector,2019,12,2019-12-01,0
MX-CAM,vector,2020,1,2020-01-01,0
MX-CAM,vector,2020,2,2020-02-01,0
MX-CAM,vector,2020,3,2020-03-01,0
MX-CAM,vector,2020,4,2020-04-01,0
MX-CAM,vector,2020,5,2020-05-01,0
MX-CAM,vector,2020,6,2020-06-01,0
MX-CAM,vector,2020,7,2020-07-01,0
MX-CAM,vector,2020,8,2020-08-01,0
MX-CAM,vector,2020,9,2020-09-01,0
MX-CAM,vector,2020,10,2020-10-01,0
MX-CAM,vector,2020,11,2020-11-01,0
MX-CAM,vector,2020,12,2020-12-01,0
MX-CAM,vector,2021,1,2021-01-01,0
MX-CAM,vector,2021,2,2021-02-01,0
MX-CAM,vector,2021,3,2021-03-01,0
MX-CAM,vector,2021,4,2021-04-01,0
MX-CAM,vector,2021,5,2021-05-01,0
MX-CAM,vector,2021,6,2021-06-01,0
MX-CAM,vector,2021,7,2021-07-01,0
MX-CAM,vector,2021,8,2021-08-01,0
MX-CAM,vector,2021,9,2021-09-01,0
MX-CAM,vector,2021,10,2021-10-01,0
MX-CAM,vector,2021,11,2021-11-01,0
MX-CAM,vector,2021,12,2021-12-01,0
MX-CAM,vector,2022,1,2022-01-01,0
MX-CAM,vector,2022,2,2022-02-01,0
MX-CAM,vector,2022,3,2022-03-01,0
MX-CAM,vector,2022,4,2022-04-01,0
MX-CAM,vector,2022,5,2022-05-01,0
MX-CAM,vector,2022,6,2022-06-01,0
MX-CAM,vector,2022,7,2022-07-01,0
MX-CAM,vector,2022,8,2022-08-01,0
MX-CAM,vector,2022,9,2022-09-01,58
MX-CAM,vector,2022,10,2022-10-01,55
MX-CAM,vector,2022,11,2022-11-01,0
MX-CAM,vector,2022,12,2022-12-01,0
MX-CHH,Aedes_aegypti,2004,1,2004-01-01,0
MX-CHH,Aedes_aegypti,2004,2,2004-02-01,0
MX-CHH,Aedes_aegypti,2004,3,2004-03-01,0
MX-CHH,Aedes_aegypti,2004,4,2004-04-01,0
MX-CHH,Aedes_aegypti,2004,5,2004-05-01,0
MX-CHH,Aedes_aegypti,2004,6,2004-06-01,0
MX-CHH,Aedes_aegypti,2004,7,2004-07-01,0
MX-CHH,Aedes_aegypti,2004,8,2004-08-01,0
MX-CHH,Aedes_aegypti,2004,9,2004-09-01,0
MX-CHH,Aedes_aegypti,2004,10,2004-10-01,0
MX-CHH,Aedes_aegypti,2004,11,2004-11-01,0
MX-CHH,Aedes_aegypti,2004,12,2004-12-01,0
MX-CHH,Aedes_aegypti,2005,1,2005-01-01,0
MX-CHH,Aedes_aegypti,2005,2,2005-02-01,0
MX-CHH,Aedes_aegypti,2005,3,2005-03-01,0
MX-CHH,Aedes_aegypti,2005,4,2005-04-01,0
MX-CHH,Aedes_aegypti,2005,5,2005-05-01,0
MX-CHH,Aedes_aegypti,2005,6,2005-06-01,0
MX-CHH,Aedes_aegypti,2005,7,2005-07-01,0
MX-CHH,Aedes_aegypti,2005,8,2005-08-01,0
MX-CHH,Aedes_aegypti,2005,9,2005-09-01,0
MX-CHH,Aedes_aegypti,2005,10,2005-10-01,0
MX-CHH,Aedes_aegypti,2005,11,2005-11-01,0
MX-CHH,Aedes_aegypti,2005,12,2005-12-01,0
MX-CHH,Aedes_aegypti,2006,1,2006-01-01,0
MX-CHH,Aedes_aegypti,2006,2,2006-02-01,0
MX-CHH,Aedes_aegypti,2006,3,2006-03-01,0
MX-CHH,Aedes_aegypti,2006,4,2006-04-01,0
MX-CHH,Aedes_aegypti,2006,5,2006-05-01,0
MX-CHH,Aedes_aegypti,2006,6,2006-06-01,0
MX-CHH,Aedes_aegypti,2006,7,2006-07-01,0
MX-CHH,Aedes_aegypti,2006,8,2006-08-01,0
MX-CHH,Aedes_aegypti,2006,9,2006-09-01,0
MX-CHH,Aedes_aegypti,2006,10,2006-10-01,0
MX-CHH,Aedes_aegypti,2006,11,2006-11-01,0
MX-CHH,Aedes_aegypti,2006,12,2006-12-01,0
MX-CHH,Aedes_aegypti,2007,1,2007-01-01,0
MX-CHH,Aedes_aegypti,2007,2,2007-02-01,0
MX-CHH,Aedes_aegypti,2007,3,2007-03-01,0
MX-CHH,Aedes_aegypti,2007,4,2007-04-01,0
MX-CHH,Aedes_aegypti,2007,5,2007-05-01,0
MX-CHH,Aedes_aegypti,2007,6,2007-06-01,0
MX-CHH,Aedes_aegypti,2007,7,2007-07-01,0
MX-CHH,Aedes_aegypti,2007,8,2007-08-01,0
MX-CHH,Aedes_aegypti,2007,9,2007-09-01,0
MX-CHH,Aedes_aegypti,2007,10,2007-10-01,0
MX-CHH,Aedes_aegypti,2007,11,2007-11-01,0
MX-CHH,Aedes_aegypti,2007,12,2007-12-01,0
MX-CHH,Aedes_aegypti,2008,1,2008-01-01,0
MX-CHH,Aedes_aegypti,2008,2,2008-02-01,0
MX-CHH,Aedes_aegypti,2008,3,2008-03-01,0
MX-CHH,Aedes_aegypti,2008,4,2008-04-01,0
MX-CHH,Aedes_aegypti,2008,5,2008-05-01,0
MX-CHH,Aedes_aegypti,2008,6,2008-06-01,0
MX-CHH,Aedes_aegypti,2008,7,2008-07-01,0
MX-CHH,Aedes_aegypti,2008,8,2008-08-01,0
MX-CHH,Aedes_aegypti,2008,9,2008-09-01,0
MX-CHH,Aedes_aegypti,2008,10,2008-10-01,100
MX-CHH,Aedes_aegypti,2008,11,2008-11-01,0
MX-CHH,Aedes_aegypti,2008,12,2008-12-01,0
MX-CHH,Aedes_aegypti,2009,1,2009-01-01,0
MX-CHH,Aedes_aegypti,2009,2,2009-02-01,0
MX-CHH,Aedes_aegypti,2009,3,2009-03-01,0
MX-CHH,Aedes_aegypti,2009,4,2009-04-01,0
MX-CHH,Aedes_aegypti,2009,5,2009-05-01,0
MX-CHH,Aedes_aegypti,2009,6,2009-06-01,0
MX-CHH,Aedes_aegypti,2009,7,2009-07-01,0
MX-CHH,Aedes_aegypti,2009,8,2009-08-01,0
MX-CHH,Aedes_aegypti,2009,9,2009-09-01,0
MX-CHH,Aedes_aegypti,2009,10,2009-10-01,0
MX-CHH,Aedes_aegypti,2009,11,2009-11-01,0
MX-CHH,Aedes_aegypti,2009,12,2009-12-01,0
MX-CHH,Aedes_aegypti,2010,1,2010-01-01,0
MX-CHH,Aedes_aegypti,2010,2,2010-02-01,0
MX-CHH,Aedes_aegypti,2010,3,2010-03-01,0
MX-CHH,Aedes_aegypti,2010,4,2010-04-01,0
MX-CHH,Aedes_aegypti,2010,5,2010-05-01,0
MX-CHH,Aedes_aegypti,2010,6,2010-06-01,0
MX-CHH,Aedes_aegypti,2010,7,2010-07-01,0
MX-CHH,Aedes_aegypti,2010,8,2010-08-01,0
MX-CHH,Aedes_aegypti,2010,9,2010-09-01,0
MX-CHH,Aedes_aegypti,2010,10,2010-10-01,0
MX-CHH,Aedes_aegypti,2010,11,2010-11-01,0
MX-CHH,Aedes_aegypti,2010,12,2010-12-01,0
MX-CHH,Aedes_aegypti,2011,1,2011-01-01,0
MX-CHH,Aedes_aegypti,2011,2,2011-02-01,0
MX-CHH,Aedes_aegypti,2011,3,2011-03-01,0
MX-CHH,Aedes_aegypti,2011,4,2011-04-01,0
MX-CHH,Aedes_aegypti,2011,5,2011-05-01,0
MX-CHH,Aedes_aegypti,2011,6,2011-06-01,0
MX-CHH,Aedes_aegypti,2011,7,2011-07-01,0
MX-CHH,Aedes_aegypti,2011,8,2011-08-01,0
MX-CHH,Aedes_aegypti,2011,9,2011-09-01,0
MX-CHH,Aedes_aegypti,2011,10,2011-10-01,0
MX-CHH,Aedes_aegypti,2011,11,2011-11-01,0
MX-CHH,Aedes_aegypti,2011,12,2011-12-01,0
MX-CHH,Aedes_aegypti,2012,1,2012-01-01,0
MX-CHH,Aedes_aegypti,2012,2,2012-02-01,0
MX-CHH,Aedes_aegypti,2012,3,2012-03-01,0
MX-CHH,Aedes_aegypti,2012,4,2012-04-01,0
MX-CHH,Aedes_aegypti,2012,5,2012-05-01,0
MX-CHH,Aedes_aegypti,2012,6,2012-06-01,0
MX-CHH,Aedes_aegypti,2012,7,2012-07-01,0
MX-CHH,Aedes_aegypti,2012,8,2012-08-01,0
MX-CHH,Aedes_aegypti,2012,9,2012-09-01,0
MX-CHH,Aedes_aegypti,2012,10,2012-10-01,0
MX-CHH,Aedes_aegypti,2012,11,2012-11-01,0
MX-CHH,Aedes_aegypti,2012,12,2012-12-01,0
MX-CHH,Aedes_aegypti,2013,1,2013-01-01,0
MX-CHH,Aedes_aegypti,2013,2,2013-02-01,0
MX-CHH,Aedes_aegypti,2013,3,2013-03-01,0
MX-CHH,Aedes_aegypti,2013,4,2013-04-01,0
MX-CHH,Aedes_aegypti,2013,5,2013-05-01,0
MX-CHH,Aedes_aegypti,2013,6,2013-06-01,0
MX-CHH,Aedes_aegypti,2013,7,2013-07-01,0
MX-CHH,Aedes_aegypti,2013,8,2013-08-01,0
MX-CHH,Aedes_aegypti,2013,9,2013-09-01,0
MX-CHH,Aedes_aegypti,2013,10,2013-10-01,0
MX-CHH,Aedes_aegypti,2013,11,2013-11-01,0
MX-CHH,Aedes_aegypti,2013,12,2013-12-01,0
MX-CHH,Aedes_aegypti,2014,1,2014-01-01,0
MX-CHH,Aedes_aegypti,2014,2,2014-02-01,0
MX-CHH,Aedes_aegypti,2014,3,2014-03-01,0
MX-CHH,Aedes_aegypti,2014,4,2014-04-01,0
MX-CHH,Aedes_aegypti,2014,5,2014-05-01,0
MX-CHH,Aedes_aegypti,2014,6,2014-06-01,0
MX-CHH,Aedes_aegypti,2014,7,2014-07-01,0
MX-CHH,Aedes_aegypti,2014,8,2014-08-01,0
MX-CHH,Aedes_aegypti,2014,9,2014-09-01,0
MX-CHH,Aedes_aegypti,2014,10,2014-10-01,0
MX-CHH,Aedes_aegypti,2014,11,2014-11-01,0
MX-CHH,Aedes_aegypti,2014,12,2014-12-01,0
MX-CHH,Aedes_aegypti,2015,1,2015-01-01,0
MX-CHH,Aedes_aegypti,2015,2,2015-02-01,0
MX-CHH,Aedes_aegypti,2015,3,2015-03-01,0
MX-CHH,Aedes_aegypti,2015,4,2015-04-01,0
MX-CHH,Aedes_aegypti,2015,5,2015-05-01,0
MX-CHH,Aedes_aegypti,2015,6,2015-06-01,0
MX-CHH,Aedes_aegypti,2015,7,2015-07-01,0
MX-CHH,Aedes_aegypti,2015,8,2015-08-01,0
MX-CHH,Aedes_aegypti,2015,9,2015-09-01,0
MX-CHH,Aedes_aegypti,2015,10,2015-10-01,0
MX-CHH,Aedes_aegypti,2015,11,2015-11-01,0
MX-CHH,Aedes_aegypti,2015,12,2015-12-01,0
MX-CHH,Aedes_aegypti,2016,1,2016-01-01,0
MX-CHH,Aedes_aegypti,2016,2,2016-02-01,0
MX-CHH,Aedes_aegypti,2016,3,2016-03-01,0
MX-CHH,Aedes_aegypti,2016,4,2016-04-01,0
MX-CHH,Aedes_aegypti,2016,5,2016-05-01,0
MX-CHH,Aedes_aegypti,2016,6,2016-06-01,0
MX-CHH,Aedes_aegypti,2016,7,2016-07-01,0
MX-CHH,Aedes_aegypti,2016,8,2016-08-01,0
MX-CHH,Aedes_aegypti,2016,9,2016-09-01,0
MX-CHH,Aedes_aegypti,2016,10,2016-10-01,0
MX-CHH,Aedes_aegypti,2016,11,2016-11-01,0
MX-CHH,Aedes_aegypti,2016,12,2016-12-01,0
MX-CHH,Aedes_aegypti,2017,1,2017-01-01,0
MX-CHH,Aedes_aegypti,2017,2,2017-02-01,0
MX-CHH,Aedes_aegypti,2017,3,2017-03-01,0
MX-CHH,Aedes_aegypti,2017,4,2017-04-01,0
MX-CHH,Aedes_aegypti,2017,5,2017-05-01,0
MX-CHH,Aedes_aegypti,2017,6,2017-06-01,0
MX-CHH,Aedes_aegypti,2017,7,2017-07-01,0
MX-CHH,Aedes_aegypti,2017,8,2017-08-01,0
MX-CHH,Aedes_aegypti,2017,9,2017-09-01,0
MX-CHH,Aedes_aegypti,2017,10,2017-10-01,0
MX-CHH,Aedes_aegypti,2017,11,2017-11-01,0
MX-CHH,Aedes_aegypti,2017,12,2017-12-01,0
MX-CHH,Aedes_aegypti,2018,1,2018-01-01,0
MX-CHH,Aedes_aegypti,2018,2,2018-02-01,0
MX-CHH,Aedes_aegypti,2018,3,2018-03-01,0
MX-CHH,Aedes_aegypti,2018,4,2018-04-01,0
MX-CHH,Aedes_aegypti,2018,5,2018-05-01,0
MX-CHH,Aedes_aegypti,2018,6,2018-06-01,0
MX-CHH,Aedes_aegypti,2018,7,2018-07-01,0
MX-CHH,Aedes_aegypti,2018,8,2018-08-01,0
MX-CHH,Aedes_aegypti,2018,9,2018-09-01,0
MX-CHH,Aedes_aegypti,2018,10,2018-10-01,0
MX-CHH,Aedes_aegypti,2018,11,2018-11-01,0
MX-CHH,Aedes_aegypti,2018,12,2018-12-01,0
MX-CHH,Aedes_aegypti,2019,1,2019-01-01,0
MX-CHH,Aedes_aegypti,2019,2,2019-02-01,0
MX-CHH,Aedes_aegypti,2019,3,2019-03-01,0
MX-CHH,Aedes_aegypti,2019,4,2019-04-01,0
MX-CHH,Aedes_aegypti,2019,5,2019-05-01,0
MX-CHH,Aedes_aegypti,2019,6,2019-06-01,0
MX-CHH,Aedes_aegypti,2019,7,2019-07-01,0
MX-CHH,Aedes_aegypti,2019,8,2019-08-01,0
MX-CHH,Aedes_aegypti,2019,9,2019-09-01,0
MX-CHH,Aedes_aegypti,2019,10,2019-10-01,0
MX-CHH,Aedes_aegypti,2019,11,2019-11-01,0
MX-CHH,Aedes_aegypti,2019,12,2019-12-01,0
MX-CHH,Aedes_aegypti,2020,1,2020-01-01,0
MX-CHH,Aedes_aegypti,2020,2,2020-02-01,0
MX-CHH,Aedes_aegypti,2020,3,2020-03-01,0
MX-CHH,Aedes_aegypti,2020,4,2020-04-01,0
MX-CHH,Aedes_aegypti,2020,5,2020-05-01,0
MX-CHH,Aedes_aegypti,2020,6,2020-06-01,0
MX-CHH,Aedes_aegypti,2020,7,2020-07-01,0
MX-CHH,Aedes_aegypti,2020,8,2020-08-01,0
MX-CHH,Aedes_aegypti,2020,9,2020-09-01,0
MX-CHH,Aedes_aegypti,2020,10,2020-10-01,0
MX-CHH,Aedes_aegypti,2020,11,2020-11-01,0
MX-CHH,Aedes_aegypti,2020,12,2020-12-01,0
MX-CHH,Aedes_aegypti,2021,1,2021-01-01,0
MX-CHH,Aedes_aegypti,2021,2,2021-02-01,0
MX-CHH,Aedes_aegypti,2021,3,2021-03-01,0
MX-CHH,Aedes_aegypti,2021,4,2021-04-01,0
MX-CHH,Aedes_aegypti,2021,5,2021-05-01,0
MX-CHH,Aedes_aegypti,2021,6,2021-06-01,0
MX-CHH,Aedes_aegypti,2021,7,2021-07-01,0
MX-CHH,Aedes_aegypti,2021,8,2021-08-01,0
MX-CHH,Aedes_aegypti,2021,9,2021-09-01,0
MX-CHH,Aedes_aegypti,2021,10,2021-10-01,0
MX-CHH,Aedes_aegypti,2021,11,2021-11-01,0
MX-CHH,Aedes_aegypti,2021,12,2021-12-01,0
MX-CHH,Aedes_aegypti,2022,1,2022-01-01,0
MX-CHH,Aedes_aegypti,2022,2,2022-02-01,0
MX-CHH,Aedes_aegypti,2022,3,2022-03-01,0
MX-CHH,Aedes_aegypti,2022,4,2022-04-01,0
MX-CHH,Aedes_aegypti,2022,5,2022-05-01,0
MX-CHH,Aedes_aegypti,2022,6,2022-06-01,0
MX-CHH,Aedes_aegypti,2022,7,2022-07-01,0
MX-CHH,Aedes_aegypti,2022,8,2022-08-01,0
MX-CHH,Aedes_aegypti,2022,9,2022-09-01,0
MX-CHH,Aedes_aegypti,2022,10,2022-10-01,0
MX-CHH,Aedes_aegypti,2022,11,2022-11-01,0
MX-CHH,Aedes_aegypti,2022,12,2022-12-01,0
MX-CHH,mosquito,2004,1,2004-01-01,0
MX-CHH,mosquito,2004,2,2004-02-01,0
MX-CHH,mosquito,2004,3,2004-03-01,0
MX-CHH,mosquito,2004,4,2004-04-01,0
MX-CHH,mosquito,2004,5,2004-05-01,0
MX-CHH,mosquito,2004,6,2004-06-01,0
MX-CHH,mosquito,2004,7,2004-07-01,0
MX-CHH,mosquito,2004,8,2004-08-01,0
MX-CHH,mosquito,2004,9,2004-09-01,0
MX-CHH,mosquito,2004,10,2004-10-01,0
MX-CHH,mosquito,2004,11,2004-11-01,0
MX-CHH,mosquito,2004,12,2004-12-01,0
MX-CHH,mosquito,2005,1,2005-01-01,0
MX-CHH,mosquito,2005,2,2005-02-01,0
MX-CHH,mosquito,2005,3,2005-03-01,0
MX-CHH,mosquito,2005,4,2005-04-01,0
MX-CHH,mosquito,2005,5,2005-05-01,0
MX-CHH,mosquito,2005,6,2005-06-01,0
MX-CHH,mosquito,2005,7,2005-07-01,0
MX-CHH,mosquito,2005,8,2005-08-01,0
MX-CHH,mosquito,2005,9,2005-09-01,0
MX-CHH,mosquito,2005,10,2005-10-01,0
MX-CHH,mosquito,2005,11,2005-11-01,0
MX-CHH,mosquito,2005,12,2005-12-01,0
MX-CHH,mosquito,2006,1,2006-01-01,0
MX-CHH,mosquito,2006,2,2006-02-01,0
MX-CHH,mosquito,2006,3,2006-03-01,0
MX-CHH,mosquito,2006,4,2006-04-01,0
MX-CHH,mosquito,2006,5,2006-05-01,0
MX-CHH,mosquito,2006,6,2006-06-01,0
MX-CHH,mosquito,2006,7,2006-07-01,0
MX-CHH,mosquito,2006,8,2006-08-01,0
MX-CHH,mosquito,2006,9,2006-09-01,0
MX-CHH,mosquito,2006,10,2006-10-01,0
MX-CHH,mosquito,2006,11,2006-11-01,0
MX-CHH,mosquito,2006,12,2006-12-01,0
MX-CHH,mosquito,2007,1,2007-01-01,0
MX-CHH,mosquito,2007,2,2007-02-01,0
MX-CHH,mosquito,2007,3,2007-03-01,0
MX-CHH,mosquito,2007,4,2007-04-01,0
MX-CHH,mosquito,2007,5,2007-05-01,0
MX-CHH,mosquito,2007,6,2007-06-01,0
MX-CHH,mosquito,2007,7,2007-07-01,0
MX-CHH,mosquito,2007,8,2007-08-01,77
MX-CHH,mosquito,2007,9,2007-09-01,0
MX-CHH,mosquito,2007,10,2007-10-01,0
MX-CHH,mosquito,2007,11,2007-11-01,0
MX-CHH,mosquito,2007,12,2007-12-01,0
MX-CHH,mosquito,2008,1,2008-01-01,0
MX-CHH,mosquito,2008,2,2008-02-01,0
MX-CHH,mosquito,2008,3,2008-03-01,0
MX-CHH,mosquito,2008,4,2008-04-01,0
MX-CHH,mosquito,2008,5,2008-05-01,0
MX-CHH,mosquito,2008,6,2008-06-01,0
MX-CHH,mosquito,2008,7,2008-07-01,0
MX-CHH,mosquito,2008,8,2008-08-01,0
MX-CHH,mosquito,2008,9,2008-09-01,0
MX-CHH,mosquito,2008,10,2008-10-01,0
MX-CHH,mosquito,2008,11,2008-11-01,100
MX-CHH,mosquito,2008,12,2008-12-01,0
MX-CHH,mosquito,2009,1,2009-01-01,0
MX-CHH,mosquito,2009,2,2009-02-01,0
MX-CHH,mosquito,2009,3,2009-03-01,0
MX-CHH,mosquito,2009,4,2009-04-01,0
MX-CHH,mosquito,2009,5,2009-05-01,0
MX-CHH,mosquito,2009,6,2009-06-01,0
MX-CHH,mosquito,2009,7,2009-07-01,0
MX-CHH,mosquito,2009,8,2009-08-01,0
MX-CHH,mosquito,2009,9,2009-09-01,0
MX-CHH,mosquito,2009,10,2009-10-01,0
MX-CHH,mosquito,2009,11,2009-11-01,0
MX-CHH,mosquito,2009,12,2009-12-01,0
MX-CHH,mosquito,2010,1,2010-01-01,0
MX-CHH,mosquito,2010,2,2010-02-01,0
MX-CHH,mosquito,2010,3,2010-03-01,0
MX-CHH,mosquito,2010,4,2010-04-01,0
MX-CHH,mosquito,2010,5,2010-05-01,0
MX-CHH,mosquito,2010,6,2010-06-01,73
MX-CHH,mosquito,2010,7,2010-07-01,0
MX-CHH,mosquito,2010,8,2010-08-01,0
MX-CHH,mosquito,2010,9,2010-09-01,0
MX-CHH,mosquito,2010,10,2010-10-01,0
MX-CHH,mosquito,2010,11,2010-11-01,0
MX-CHH,mosquito,2010,12,2010-12-01,0
MX-CHH,mosquito,2011,1,2011-01-01,0
MX-CHH,mosquito,2011,2,2011-02-01,0
MX-CHH,mosquito,2011,3,2011-03-01,16
MX-CHH,mosquito,2011,4,2011-04-01,0
MX-CHH,mosquito,2011,5,2011-05-01,0
MX-CHH,mosquito,2011,6,2011-06-01,14
MX-CHH,mosquito,2011,7,2011-07-01,20
MX-CHH,mosquito,2011,8,2011-08-01,36
MX-CHH,mosquito,2011,9,2011-09-01,29
MX-CHH,mosquito,2011,10,2011-10-01,17
MX-CHH,mosquito,2011,11,2011-11-01,0
MX-CHH,mosquito,2011,12,2011-12-01,0
MX-CHH,mosquito,2012,1,2012-01-01,0
MX-CHH,mosquito,2012,2,2012-02-01,0
MX-CHH,mosquito,2012,3,2012-03-01,12
MX-CHH,mosquito,2012,4,2012-04-01,0
MX-CHH,mosquito,2012,5,2012-05-01,21
MX-CHH,mosquito,2012,6,2012-06-01,18
MX-CHH,mosquito,2012,7,2012-07-01,29
MX-CHH,mosquito,2012,8,2012-08-01,46
MX-CHH,mosquito,2012,9,2012-09-01,35
MX-CHH,mosquito,2012,10,2012-10-01,26
MX-CHH,mosquito,2012,11,2012-11-01,13
MX-CHH,mosquito,2012,12,2012-12-01,11
MX-CHH,mosquito,2013,1,2013-01-01,9
MX-CHH,mosquito,2013,2,2013-02-01,0
MX-CHH,mosquito,2013,3,2013-03-01,10
MX-CHH,mosquito,2013,4,2013-04-01,11
MX-CHH,mosquito,2013,5,2013-05-01,0
MX-CHH,mosquito,2013,6,2013-06-01,26
MX-CHH,mosquito,2013,7,2013-07-01,33
MX-CHH,mosquito,2013,8,2013-08-01,77
MX-CHH,mosquito,2013,9,2013-09-01,52
MX-CHH,mosquito,2013,10,2013-10-01,34
MX-CHH,mosquito,2013,11,2013-11-01,19
MX-CHH,mosquito,2013,12,2013-12-01,9
MX-CHH,mosquito,2014,1,2014-01-01,11
MX-CHH,mosquito,2014,2,2014-02-01,0
MX-CHH,mosquito,2014,3,2014-03-01,12
MX-CHH,mosquito,2014,4,2014-04-01,17
MX-CHH,mosquito,2014,5,2014-05-01,21
MX-CHH,mosquito,2014,6,2014-06-01,25
MX-CHH,mosquito,2014,7,2014-07-01,49
MX-CHH,mosquito,2014,8,2014-08-01,58
MX-CHH,mosquito,2014,9,2014-09-01,58
MX-CHH,mosquito,2014,10,2014-10-01,42
MX-CHH,mosquito,2014,11,2014-11-01,17
MX-CHH,mosquito,2014,12,2014-12-01,0
MX-CHH,mosquito,2015,1,2015-01-01,7
MX-CHH,mosquito,2015,2,2015-02-01,10
MX-CHH,mosquito,2015,3,2015-03-01,13
MX-CHH,mosquito,2015,4,2015-04-01,17
MX-CHH,mosquito,2015,5,2015-05-01,18
MX-CHH,mosquito,2015,6,2015-06-01,36
MX-CHH,mosquito,2015,7,2015-07-01,55
MX-CHH,mosquito,2015,8,2015-08-01,67
MX-CHH,mosquito,2015,9,2015-09-01,55
MX-CHH,mosquito,2015,10,2015-10-01,36
MX-CHH,mosquito,2015,11,2015-11-01,23
MX-CHH,mosquito,2015,12,2015-12-01,12
MX-CHH,mosquito,2016,1,2016-01-01,6
MX-CHH,mosquito,2016,2,2016-02-01,30
MX-CHH,mosquito,2016,3,2016-03-01,21
MX-CHH,mosquito,2016,4,2016-04-01,21
MX-CHH,mosquito,2016,5,2016-05-01,20
MX-CHH,mosquito,2016,6,2016-06-01,39
MX-CHH,mosquito,2016,7,2016-07-01,42
MX-CHH,mosquito,2016,8,2016-08-01,45
MX-CHH,mosquito,2016,9,2016-09-01,71
MX-CHH,mosquito,2016,10,2016-10-01,28
MX-CHH,mosquito,2016,11,2016-11-01,6
MX-CHH,mosquito,2016,12,2016-12-01,0
MX-CHH,mosquito,2017,1,2017-01-01,0
MX-CHH,mosquito,2017,2,2017-02-01,0
MX-CHH,mosquito,2017,3,2017-03-01,0
MX-CHH,mosquito,2017,4,2017-04-01,0
MX-CHH,mosquito,2017,5,2017-05-01,0
MX-CHH,mosquito,2017,6,2017-06-01,12
MX-CHH,mosquito,2017,7,2017-07-01,18
MX-CHH,mosquito,2017,8,2017-08-01,20
MX-CHH,mosquito,2017,9,2017-09-01,15
MX-CHH,mosquito,2017,10,2017-10-01,8
MX-CHH,mosquito,2017,11,2017-11-01,0
MX-CHH,mosquito,2017,12,2017-12-01,0
MX-CHH,mosquito,2018,1,2018-01-01,0
MX-CHH,mosquito,2018,2,2018-02-01,0
MX-CHH,mosquito,2018,3,2018-03-01,0
MX-CHH,mosquito,2018,4,2018-04-01,0
MX-CHH,mosquito,2018,5,2018-05-01,10
MX-CHH,mosquito,2018,6,2018-06-01,19
MX-CHH,mosquito,2018,7,2018-07-01,27
MX-CHH,mosquito,2018,8,2018-08-01,24
MX-CHH,mosquito,2018,9,2018-09-01,0
MX-CHH,mosquito,2018,10,2018-10-01,0
MX-CHH,mosquito,2018,11,2018-11-01,0
MX-CHH,mosquito,2018,12,2018-12-01,0
MX-CHH,mosquito,2019,1,2019-01-01,0
MX-CHH,mosquito,2019,2,2019-02-01,0
MX-CHH,mosquito,2019,3,2019-03-01,0
MX-CHH,mosquito,2019,4,2019-04-01,0
MX-CHH,mosquito,2019,5,2019-05-01,7
MX-CHH,mosquito,2019,6,2019-06-01,16
MX-CHH,mosquito,2019,7,2019-07-01,12
MX-CHH,mosquito,2019,8,2019-08-01,9
MX-CHH,mosquito,2019,9,2019-09-01,6
MX-CHH,mosquito,2019,10,2019-10-01,8
MX-CHH,mosquito,2019,11,2019-11-01,0
MX-CHH,mosquito,2019,12,2019-12-01,0
MX-CHH,mosquito,2020,1,2020-01-01,0
MX-CHH,mosquito,2020,2,2020-02-01,0
MX-CHH,mosquito,2020,3,2020-03-01,0
MX-CHH,mosquito,2020,4,2020-04-01,0
MX-CHH,mosquito,2020,5,2020-05-01,17
MX-CHH,mosquito,2020,6,2020-06-01,16
MX-CHH,mosquito,2020,7,2020-07-01,17
MX-CHH,mosquito,2020,8,2020-08-01,14
MX-CHH,mosquito,2020,9,2020-09-01,13
MX-CHH,mosquito,2020,10,2020-10-01,6
MX-CHH,mosquito,2020,11,2020-11-01,5
MX-CHH,mosquito,2020,12,2020-12-01,0
MX-CHH,mosquito,2021,1,2021-01-01,0
MX-CHH,mosquito,2021,2,2021-02-01,6
MX-CHH,mosquito,2021,3,2021-03-01,8
MX-CHH,mosquito,2021,4,2021-04-01,11
MX-CHH,mosquito,2021,5,2021-05-01,27
MX-CHH,mosquito,2021,6,2021-06-01,34
MX-CHH,mosquito,2021,7,2021-07-01,51
MX-CHH,mosquito,2021,8,2021-08-01,76
MX-CHH,mosquito,2021,9,2021-09-01,45
MX-CHH,mosquito,2021,10,2021-10-01,29
MX-CHH,mosquito,2021,11,2021-11-01,12
MX-CHH,mosquito,2021,12,2021-12-01,12
MX-CHH,mosquito,2022,1,2022-01-01,8
MX-CHH,mosquito,2022,2,2022-02-01,6
MX-CHH,mosquito,2022,3,2022-03-01,11
MX-CHH,mosquito,2022,4,2022-04-01,13
MX-CHH,mosquito,2022,5,2022-05-01,21
MX-CHH,mosquito,2022,6,2022-06-01,29
MX-CHH,mosquito,2022,7,2022-07-01,62
MX-CHH,mosquito,2022,8,2022-08-01,59
MX-CHH,mosquito,2022,9,2022-09-01,67
MX-CHH,mosquito,2022,10,2022-10-01,32
MX-CHH,mosquito,2022,11,2022-11-01,15
MX-CHH,mosquito,2022,12,2022-12-01,5
MX-CHH,vector,2004,1,2004-01-01,0
MX-CHH,vector,2004,2,2004-02-01,0
MX-CHH,vector,2004,3,2004-03-01,0
MX-CHH,vector,2004,4,2004-04-01,0
MX-CHH,vector,2004,5,2004-05-01,0
MX-CHH,vector,2004,6,2004-06-01,0
MX-CHH,vector,2004,7,2004-07-01,0
MX-CHH,vector,2004,8,2004-08-01,0
MX-CHH,vector,2004,9,2004-09-01,0
MX-CHH,vector,2004,10,2004-10-01,0
MX-CHH,vector,2004,11,2004-11-01,0
MX-CHH,vector,2004,12,2004-12-01,0
MX-CHH,vector,2005,1,2005-01-01,0
MX-CHH,vector,2005,2,2005-02-01,0
MX-CHH,vector,2005,3,2005-03-01,0
MX-CHH,vector,2005,4,2005-04-01,0
MX-CHH,vector,2005,5,2005-05-01,0
MX-CHH,vector,2005,6,2005-06-01,0
MX-CHH,vector,2005,7,2005-07-01,0
MX-CHH,vector,2005,8,2005-08-01,0
MX-CHH,vector,2005,9,2005-09-01,0
MX-CHH,vector,2005,10,2005-10-01,0
MX-CHH,vector,2005,11,2005-11-01,0
MX-CHH,vector,2005,12,2005-12-01,0
MX-CHH,vector,2006,1,2006-01-01,0
MX-CHH,vector,2006,2,2006-02-01,0
MX-CHH,vector,2006,3,2006-03-01,0
MX-CHH,vector,2006,4,2006-04-01,0
MX-CHH,vector,2006,5,2006-05-01,0
MX-CHH,vector,2006,6,2006-06-01,0
MX-CHH,vector,2006,7,2006-07-01,0
MX-CHH,vector,2006,8,2006-08-01,0
MX-CHH,vector,2006,9,2006-09-01,0
MX-CHH,vector,2006,10,2006-10-01,0
MX-CHH,vector,2006,11,2006-11-01,0
MX-CHH,vector,2006,12,2006-12-01,0
MX-CHH,vector,2007,1,2007-01-01,0
MX-CHH,vector,2007,2,2007-02-01,0
MX-CHH,vector,2007,3,2007-03-01,0
MX-CHH,vector,2007,4,2007-04-01,0
MX-CHH,vector,2007,5,2007-05-01,0
MX-CHH,vector,2007,6,2007-06-01,0
MX-CHH,vector,2007,7,2007-07-01,0
MX-CHH,vector,2007,8,2007-08-01,0
MX-CHH,vector,2007,9,2007-09-01,0
MX-CHH,vector,2007,10,2007-10-01,0
MX-CHH,vector,2007,11,2007-11-01,0
MX-CHH,vector,2007,12,2007-12-01,0
MX-CHH,vector,2008,1,2008-01-01,0
MX-CHH,vector,2008,2,2008-02-01,0
MX-CHH,vector,2008,3,2008-03-01,0
MX-CHH,vector,2008,4,2008-04-01,0
MX-CHH,vector,2008,5,2008-05-01,0
MX-CHH,vector,2008,6,2008-06-01,0
MX-CHH,vector,2008,7,2008-07-01,0
MX-CHH,vector,2008,8,2008-08-01,0
MX-CHH,vector,2008,9,2008-09-01,0
MX-CHH,vector,2008,10,2008-10-01,0
MX-CHH,vector,2008,11,2008-11-01,0
MX-CHH,vector,2008,12,2008-12-01,0
MX-CHH,vector,2009,1,2009-01-01,0
MX-CHH,vector,2009,2,2009-02-01,0
MX-CHH,vector,2009,3,2009-03-01,0
MX-CHH,vector,2009,4,2009-04-01,0
MX-CHH,vector,2009,5,2009-05-01,0
MX-CHH,vector,2009,6,2009-06-01,0
MX-CHH,vector,2009,7,2009-07-01,0
MX-CHH,vector,2009,8,2009-08-01,0
MX-CHH,vector,2009,9,2009-09-01,0
MX-CHH,vector,2009,10,2009-10-01,0
MX-CHH,vector,2009,11,2009-11-01,0
MX-CHH,vector,2009,12,2009-12-01,0
MX-CHH,vector,2010,1,2010-01-01,0
MX-CHH,vector,2010,2,2010-02-01,0
MX-CHH,vector,2010,3,2010-03-01,100
MX-CHH,vector,2010,4,2010-04-01,0
MX-CHH,vector,2010,5,2010-05-01,0
MX-CHH,vector,2010,6,2010-06-01,0
MX-CHH,vector,2010,7,2010-07-01,0
MX-CHH,vector,2010,8,2010-08-01,0
MX-CHH,vector,2010,9,2010-09-01,0
MX-CHH,vector,2010,10,2010-10-01,0
MX-CHH,vector,2010,11,2010-11-01,0
MX-CHH,vector,2010,12,2010-12-01,0
MX-CHH,vector,2011,1,2011-01-01,19
MX-CHH,vector,2011,2,2011-02-01,31
MX-CHH,vector,2011,3,2011-03-01,22
MX-CHH,vector,2011,4,2011-04-01,0
MX-CHH,vector,2011,5,2011-05-01,0
MX-CHH,vector,2011,6,2011-06-01,0
MX-CHH,vector,2011,7,2011-07-01,0
MX-CHH,vector,2011,8,2011-08-01,37
MX-CHH,vector,2011,9,2011-09-01,33
MX-CHH,vector,2011,10,2011-10-01,29
MX-CHH,vector,2011,11,2011-11-01,19
MX-CHH,vector,2011,12,2011-12-01,0
MX-CHH,vector,2012,1,2012-01-01,18
MX-CHH,vector,2012,2,2012-02-01,24
MX-CHH,vector,2012,3,2012-03-01,13
MX-CHH,vector,2012,4,2012-04-01,11
MX-CHH,vector,2012,5,2012-05-01,24
MX-CHH,vector,2012,6,2012-06-01,21
MX-CHH,vector,2012,7,2012-07-01,0
MX-CHH,vector,2012,8,2012-08-01,28
MX-CHH,vector,2012,9,2012-09-01,32
MX-CHH,vector,2012,10,2012-10-01,19
MX-CHH,vector,2012,11,2012-11-01,18
MX-CHH,vector,2012,12,2012-12-01,0
MX-CHH,vector,2013,1,2013-01-01,11
MX-CHH,vector,2013,2,2013-02-01,15
MX-CHH,vector,2013,3,2013-03-01,19
MX-CHH,vector,2013,4,2013-04-01,19
MX-CHH,vector,2013,5,2013-05-01,14
MX-CHH,vector,2013,6,2013-06-01,20
MX-CHH,vector,2013,7,2013-07-01,15
MX-CHH,vector,2013,8,2013-08-01,30
MX-CHH,vector,2013,9,2013-09-01,28
MX-CHH,vector,2013,10,2013-10-01,20
MX-CHH,vector,2013,11,2013-11-01,14
MX-CHH,vector,2013,12,2013-12-01,13
MX-CHH,vector,2014,1,2014-01-01,14
MX-CHH,vector,2014,2,2014-02-01,27
MX-CHH,vector,2014,3,2014-03-01,25
MX-CHH,vector,2014,4,2014-04-01,14
MX-CHH,vector,2014,5,2014-05-01,21
MX-CHH,vector,2014,6,2014-06-01,11
MX-CHH,vector,2014,7,2014-07-01,12
MX-CHH,vector,2014,8,2014-08-01,24
MX-CHH,vector,2014,9,2014-09-01,39
MX-CHH,vector,2014,10,2014-10-01,16
MX-CHH,vector,2014,11,2014-11-01,21
MX-CHH,vector,2014,12,2014-12-01,22
MX-CHH,vector,2015,1,2015-01-01,17
MX-CHH,vector,2015,2,2015-02-01,22
MX-CHH,vector,2015,3,2015-03-01,20
MX-CHH,vector,2015,4,2015-04-01,14
MX-CHH,vector,2015,5,2015-05-01,14
MX-CHH,vector,2015,6,2015-06-01,13
MX-CHH,vector,2015,7,2015-07-01,13
MX-CHH,vector,2015,8,2015-08-01,17
MX-CHH,vector,2015,9,2015-09-01,21
MX-CHH,vector,2015,10,2015-10-01,17
MX-CHH,vector,2015,11,2015-11-01,17
MX-CHH,vector,2015,12,2015-12-01,0
MX-CHH,vector,2016,1,2016-01-01,13
MX-CHH,vector,2016,2,2016-02-01,24
MX-CHH,vector,2016,3,2016-03-01,8
MX-CHH,vector,2016,4,2016-04-01,24
MX-CHH,vector,2016,5,2016-05-01,16
MX-CHH,vector,2016,6,2016-06-01,14
MX-CHH,vector,2016,7,2016-07-01,12
MX-CHH,vector,2016,8,2016-08-01,19
MX-CHH,vector,2016,9,2016-09-01,33
MX-CHH,vector,2016,10,2016-10-01,19
MX-CHH,vector,2016,11,2016-11-01,0
MX-CHH,vector,2016,12,2016-12-01,0
MX-CHH,vector,2017,1,2017-01-01,0
MX-CHH,vector,2017,2,2017-02-01,0
MX-CHH,vector,2017,3,2017-03-01,0
MX-CHH,vector,2017,4,2017-04-01,0
MX-CHH,vector,2017,5,2017-05-01,0
MX-CHH,vector,2017,6,2017-06-01,0
MX-CHH,vector,2017,7,2017-07-01,0
MX-CHH,vector,2017,8,2017-08-01,0
MX-CHH,vector,2017,9,2017-09-01,0
MX-CHH,vector,2017,10,2017-10-01,0
MX-CHH,vector,2017,11,2017-11-01,0
MX-CHH,vector,2017,12,2017-12-01,0
MX-CHH,vector,2018,1,2018-01-01,0
MX-CHH,vector,2018,2,2018-02-01,0
MX-CHH,vector,2018,3,2018-03-01,0
MX-CHH,vector,2018,4,2018-04-01,0
MX-CHH,vector,2018,5,2018-05-01,0
MX-CHH,vector,2018,6,2018-06-01,0
MX-CHH,vector,2018,7,2018-07-01,0
MX-CHH,vector,2018,8,2018-08-01,0
MX-CHH,vector,2018,9,2018-09-01,0
MX-CHH,vector,2018,10,2018-10-01,0
MX-CHH,vector,2018,11,2018-11-01,0
MX-CHH,vector,2018,12,2018-12-01,0
MX-CHH,vector,2019,1,2019-01-01,0
MX-CHH,vector,2019,2,2019-02-01,0
MX-CHH,vector,2019,3,2019-03-01,0
MX-CHH,vector,2019,4,2019-04-01,0
MX-CHH,vector,2019,5,2019-05-01,0
MX-CHH,vector,2019,6,2019-06-01,0
MX-CHH,vector,2019,7,2019-07-01,0
MX-CHH,vector,2019,8,2019-08-01,0
MX-CHH,vector,2019,9,2019-09-01,0
MX-CHH,vector,2019,10,2019-10-01,0
MX-CHH,vector,2019,11,2019-11-01,0
MX-CHH,vector,2019,12,2019-12-01,0
MX-CHH,vector,2020,1,2020-01-01,0
MX-CHH,vector,2020,2,2020-02-01,0
MX-CHH,vector,2020,3,2020-03-01,0
MX-CHH,vector,2020,4,2020-04-01,0
MX-CHH,vector,2020,5,2020-05-01,5
MX-CHH,vector,2020,6,2020-06-01,0
MX-CHH,vector,2020,7,2020-07-01,0
MX-CHH,vector,2020,8,2020-08-01,6
MX-CHH,vector,2020,9,2020-09-01,10
MX-CHH,vector,2020,10,2020-10-01,0
MX-CHH,vector,2020,11,2020-11-01,0
MX-CHH,vector,2020,12,2020-12-01,0
MX-CHH,vector,2021,1,2021-01-01,0
MX-CHH,vector,2021,2,2021-02-01,14
MX-CHH,vector,2021,3,2021-03-01,18
MX-CHH,vector,2021,4,2021-04-01,12
MX-CHH,vector,2021,5,2021-05-01,8
MX-CHH,vector,2021,6,2021-06-01,6
MX-CHH,vector,2021,7,2021-07-01,0
MX-CHH,vector,2021,8,2021-08-01,11
MX-CHH,vector,2021,9,2021-09-01,16
MX-CHH,vector,2021,10,2021-10-01,10
MX-CHH,vector,2021,11,2021-11-01,11
MX-CHH,vector,2021,12,2021-12-01,7
MX-CHH,vector,2022,1,2022-01-01,11
MX-CHH,vector,2022,2,2022-02-01,24
MX-CHH,vector,2022,3,2022-03-01,20
MX-CHH,vector,2022,4,2022-04-01,18
MX-CHH,vector,2022,5,2022-05-01,24
MX-CHH,vector,2022,6,2022-06-01,22
MX-CHH,vector,2022,7,2022-07-01,18
MX-CHH,vector,2022,8,2022-08-01,17
MX-CHH,vector,2022,9,2022-09-01,28
MX-CHH,vector,2022,10,2022-10-01,24
MX-CHH,vector,2022,11,2022-11-01,22
MX-CHH,vector,2022,12,2022-12-01,16
MX-CHP,Aedes_aegypti,2004,1,2004-01-01,0
MX-CHP,Aedes_aegypti,2004,2,2004-02-01,0
MX-CHP,Aedes_aegypti,2004,3,2004-03-01,0
MX-CHP,Aedes_aegypti,2004,4,2004-04-01,0
MX-CHP,Aedes_aegypti,2004,5,2004-05-01,0
MX-CHP,Aedes_aegypti,2004,6,2004-06-01,0
MX-CHP,Aedes_aegypti,2004,7,2004-07-01,0
MX-CHP,Aedes_aegypti,2004,8,2004-08-01,0
MX-CHP,Aedes_aegypti,2004,9,2004-09-01,0
MX-CHP,Aedes_aegypti,2004,10,2004-10-01,0
MX-CHP,Aedes_aegypti,2004,11,2004-11-01,0
MX-CHP,Aedes_aegypti,2004,12,2004-12-01,0
MX-CHP,Aedes_aegypti,2005,1,2005-01-01,0
MX-CHP,Aedes_aegypti,2005,2,2005-02-01,0
MX-CHP,Aedes_aegypti,2005,3,2005-03-01,0
MX-CHP,Aedes_aegypti,2005,4,2005-04-01,0
MX-CHP,Aedes_aegypti,2005,5,2005-05-01,0
MX-CHP,Aedes_aegypti,2005,6,2005-06-01,0
MX-CHP,Aedes_aegypti,2005,7,2005-07-01,0
MX-CHP,Aedes_aegypti,2005,8,2005-08-01,0
MX-CHP,Aedes_aegypti,2005,9,2005-09-01,0
MX-CHP,Aedes_aegypti,2005,10,2005-10-01,0
MX-CHP,Aedes_aegypti,2005,11,2005-11-01,0
MX-CHP,Aedes_aegypti,2005,12,2005-12-01,0
MX-CHP,Aedes_aegypti,2006,1,2006-01-01,0
MX-CHP,Aedes_aegypti,2006,2,2006-02-01,0
MX-CHP,Aedes_aegypti,2006,3,2006-03-01,0
MX-CHP,Aedes_aegypti,2006,4,2006-04-01,0
MX-CHP,Aedes_aegypti,2006,5,2006-05-01,0
MX-CHP,Aedes_aegypti,2006,6,2006-06-01,0
MX-CHP,Aedes_aegypti,2006,7,2006-07-01,0
MX-CHP,Aedes_aegypti,2006,8,2006-08-01,0
MX-CHP,Aedes_aegypti,2006,9,2006-09-01,0
MX-CHP,Aedes_aegypti,2006,10,2006-10-01,0
MX-CHP,Aedes_aegypti,2006,11,2006-11-01,0
MX-CHP,Aedes_aegypti,2006,12,2006-12-01,0
MX-CHP,Aedes_aegypti,2007,1,2007-01-01,0
MX-CHP,Aedes_aegypti,2007,2,2007-02-01,0
MX-CHP,Aedes_aegypti,2007,3,2007-03-01,0
MX-CHP,Aedes_aegypti,2007,4,2007-04-01,0
MX-CHP,Aedes_aegypti,2007,5,2007-05-01,0
MX-CHP,Aedes_aegypti,2007,6,2007-06-01,0
MX-CHP,Aedes_aegypti,2007,7,2007-07-01,0
MX-CHP,Aedes_aegypti,2007,8,2007-08-01,0
MX-CHP,Aedes_aegypti,2007,9,2007-09-01,0
MX-CHP,Aedes_aegypti,2007,10,2007-10-01,0
MX-CHP,Aedes_aegypti,2007,11,2007-11-01,0
MX-CHP,Aedes_aegypti,2007,12,2007-12-01,0
MX-CHP,Aedes_aegypti,2008,1,2008-01-01,0
MX-CHP,Aedes_aegypti,2008,2,2008-02-01,0
MX-CHP,Aedes_aegypti,2008,3,2008-03-01,0
MX-CHP,Aedes_aegypti,2008,4,2008-04-01,0
MX-CHP,Aedes_aegypti,2008,5,2008-05-01,0
MX-CHP,Aedes_aegypti,2008,6,2008-06-01,0
MX-CHP,Aedes_aegypti,2008,7,2008-07-01,0
MX-CHP,Aedes_aegypti,2008,8,2008-08-01,0
MX-CHP,Aedes_aegypti,2008,9,2008-09-01,0
MX-CHP,Aedes_aegypti,2008,10,2008-10-01,0
MX-CHP,Aedes_aegypti,2008,11,2008-11-01,0
MX-CHP,Aedes_aegypti,2008,12,2008-12-01,0
MX-CHP,Aedes_aegypti,2009,1,2009-01-01,0
MX-CHP,Aedes_aegypti,2009,2,2009-02-01,0
MX-CHP,Aedes_aegypti,2009,3,2009-03-01,0
MX-CHP,Aedes_aegypti,2009,4,2009-04-01,0
MX-CHP,Aedes_aegypti,2009,5,2009-05-01,0
MX-CHP,Aedes_aegypti,2009,6,2009-06-01,0
MX-CHP,Aedes_aegypti,2009,7,2009-07-01,0
MX-CHP,Aedes_aegypti,2009,8,2009-08-01,0
MX-CHP,Aedes_aegypti,2009,9,2009-09-01,0
MX-CHP,Aedes_aegypti,2009,10,2009-10-01,0
MX-CHP,Aedes_aegypti,2009,11,2009-11-01,0
MX-CHP,Aedes_aegypti,2009,12,2009-12-01,0
MX-CHP,Aedes_aegypti,2010,1,2010-01-01,0
MX-CHP,Aedes_aegypti,2010,2,2010-02-01,0
MX-CHP,Aedes_aegypti,2010,3,2010-03-01,0
MX-CHP,Aedes_aegypti,2010,4,2010-04-01,0
MX-CHP,Aedes_aegypti,2010,5,2010-05-01,0
MX-CHP,Aedes_aegypti,2010,6,2010-06-01,0
MX-CHP,Aedes_aegypti,2010,7,2010-07-01,0
MX-CHP,Aedes_aegypti,2010,8,2010-08-01,0
MX-CHP,Aedes_aegypti,2010,9,2010-09-01,0
MX-CHP,Aedes_aegypti,2010,10,2010-10-01,0
MX-CHP,Aedes_aegypti,2010,11,2010-11-01,0
MX-CHP,Aedes_aegypti,2010,12,2010-12-01,0
MX-CHP,Aedes_aegypti,2011,1,2011-01-01,0
MX-CHP,Aedes_aegypti,2011,2,2011-02-01,0
MX-CHP,Aedes_aegypti,2011,3,2011-03-01,0
MX-CHP,Aedes_aegypti,2011,4,2011-04-01,0
MX-CHP,Aedes_aegypti,2011,5,2011-05-01,0
MX-CHP,Aedes_aegypti,2011,6,2011-06-01,0
MX-CHP,Aedes_aegypti,2011,7,2011-07-01,0
MX-CHP,Aedes_aegypti,2011,8,2011-08-01,0
MX-CHP,Aedes_aegypti,2011,9,2011-09-01,0
MX-CHP,Aedes_aegypti,2011,10,2011-10-01,0
MX-CHP,Aedes_aegypti,2011,11,2011-11-01,0
MX-CHP,Aedes_aegypti,2011,12,2011-12-01,0
MX-CHP,Aedes_aegypti,2012,1,2012-01-01,0
MX-CHP,Aedes_aegypti,2012,2,2012-02-01,0
MX-CHP,Aedes_aegypti,2012,3,2012-03-01,0
MX-CHP,Aedes_aegypti,2012,4,2012-04-01,0
MX-CHP,Aedes_aegypti,2012,5,2012-05-01,0
MX-CHP,Aedes_aegypti,2012,6,2012-06-01,0
MX-CHP,Aedes_aegypti,2012,7,2012-07-01,0
MX-CHP,Aedes_aegypti,2012,8,2012-08-01,0
MX-CHP,Aedes_aegypti,2012,9,2012-09-01,0
MX-CHP,Aedes_aegypti,2012,10,2012-10-01,0
MX-CHP,Aedes_aegypti,2012,11,2012-11-01,0
MX-CHP,Aedes_aegypti,2012,12,2012-12-01,0
MX-CHP,Aedes_aegypti,2013,1,2013-01-01,0
MX-CHP,Aedes_aegypti,2013,2,2013-02-01,0
MX-CHP,Aedes_aegypti,2013,3,2013-03-01,0
MX-CHP,Aedes_aegypti,2013,4,2013-04-01,0
MX-CHP,Aedes_aegypti,2013,5,2013-05-01,100
MX-CHP,Aedes_aegypti,2013,6,2013-06-01,0
MX-CHP,Aedes_aegypti,2013,7,2013-07-01,0
MX-CHP,Aedes_aegypti,2013,8,2013-08-01,0
MX-CHP,Aedes_aegypti,2013,9,2013-09-01,0
MX-CHP,Aedes_aegypti,2013,10,2013-10-01,0
MX-CHP,Aedes_aegypti,2013,11,2013-11-01,0
MX-CHP,Aedes_aegypti,2013,12,2013-12-01,0
MX-CHP,Aedes_aegypti,2014,1,2014-01-01,0
MX-CHP,Aedes_aegypti,2014,2,2014-02-01,0
MX-CHP,Aedes_aegypti,2014,3,2014-03-01,0
MX-CHP,Aedes_aegypti,2014,4,2014-04-01,0
MX-CHP,Aedes_aegypti,2014,5,2014-05-01,0
MX-CHP,Aedes_aegypti,2014,6,2014-06-01,0
MX-CHP,Aedes_aegypti,2014,7,2014-07-01,0
MX-CHP,Aedes_aegypti,2014,8,2014-08-01,0
MX-CHP,Aedes_aegypti,2014,9,2014-09-01,0
MX-CHP,Aedes_aegypti,2014,10,2014-10-01,0
MX-CHP,Aedes_aegypti,2014,11,2014-11-01,0
MX-CHP,Aedes_aegypti,2014,12,2014-12-01,0
MX-CHP,Aedes_aegypti,2015,1,2015-01-01,0
MX-CHP,Aedes_aegypti,2015,2,2015-02-01,0
MX-CHP,Aedes_aegypti,2015,3,2015-03-01,0
MX-CHP,Aedes_aegypti,2015,4,2015-04-01,0
MX-CHP,Aedes_aegypti,2015,5,2015-05-01,0
MX-CHP,Aedes_aegypti,2015,6,2015-06-01,0
MX-CHP,Aedes_aegypti,2015,7,2015-07-01,0
MX-CHP,Aedes_aegypti,2015,8,2015-08-01,0
MX-CHP,Aedes_aegypti,2015,9,2015-09-01,0
MX-CHP,Aedes_aegypti,2015,10,2015-10-01,0
MX-CHP,Aedes_aegypti,2015,11,2015-11-01,0
MX-CHP,Aedes_aegypti,2015,12,2015-12-01,0
MX-CHP,Aedes_aegypti,2016,1,2016-01-01,0
MX-CHP,Aedes_aegypti,2016,2,2016-02-01,0
MX-CHP,Aedes_aegypti,2016,3,2016-03-01,0
MX-CHP,Aedes_aegypti,2016,4,2016-04-01,0
MX-CHP,Aedes_aegypti,2016,5,2016-05-01,0
MX-CHP,Aedes_aegypti,2016,6,2016-06-01,0
MX-CHP,Aedes_aegypti,2016,7,2016-07-01,0
MX-CHP,Aedes_aegypti,2016,8,2016-08-01,0
MX-CHP,Aedes_aegypti,2016,9,2016-09-01,0
MX-CHP,Aedes_aegypti,2016,10,2016-10-01,0
MX-CHP,Aedes_aegypti,2016,11,2016-11-01,0
MX-CHP,Aedes_aegypti,2016,12,2016-12-01,0
MX-CHP,Aedes_aegypti,2017,1,2017-01-01,0
MX-CHP,Aedes_aegypti,2017,2,2017-02-01,0
MX-CHP,Aedes_aegypti,2017,3,2017-03-01,0
MX-CHP,Aedes_aegypti,2017,4,2017-04-01,0
MX-CHP,Aedes_aegypti,2017,5,2017-05-01,0
MX-CHP,Aedes_aegypti,2017,6,2017-06-01,0
MX-CHP,Aedes_aegypti,2017,7,2017-07-01,0
MX-CHP,Aedes_aegypti,2017,8,2017-08-01,0
MX-CHP,Aedes_aegypti,2017,9,2017-09-01,0
MX-CHP,Aedes_aegypti,2017,10,2017-10-01,0
MX-CHP,Aedes_aegypti,2017,11,2017-11-01,0
MX-CHP,Aedes_aegypti,2017,12,2017-12-01,0
MX-CHP,Aedes_aegypti,2018,1,2018-01-01,0
MX-CHP,Aedes_aegypti,2018,2,2018-02-01,0
MX-CHP,Aedes_aegypti,2018,3,2018-03-01,0
MX-CHP,Aedes_aegypti,2018,4,2018-04-01,0
MX-CHP,Aedes_aegypti,2018,5,2018-05-01,0
MX-CHP,Aedes_aegypti,2018,6,2018-06-01,0
MX-CHP,Aedes_aegypti,2018,7,2018-07-01,0
MX-CHP,Aedes_aegypti,2018,8,2018-08-01,0
MX-CHP,Aedes_aegypti,2018,9,2018-09-01,0
MX-CHP,Aedes_aegypti,2018,10,2018-10-01,0
MX-CHP,Aedes_aegypti,2018,11,2018-11-01,0
MX-CHP,Aedes_aegypti,2018,12,2018-12-01,88
MX-CHP,Aedes_aegypti,2019,1,2019-01-01,0
MX-CHP,Aedes_aegypti,2019,2,2019-02-01,0
MX-CHP,Aedes_aegypti,2019,3,2019-03-01,0
MX-CHP,Aedes_aegypti,2019,4,2019-04-01,0
MX-CHP,Aedes_aegypti,2019,5,2019-05-01,0
MX-CHP,Aedes_aegypti,2019,6,2019-06-01,0
MX-CHP,Aedes_aegypti,2019,7,2019-07-01,0
MX-CHP,Aedes_aegypti,2019,8,2019-08-01,0
MX-CHP,Aedes_aegypti,2019,9,2019-09-01,0
MX-CHP,Aedes_aegypti,2019,10,2019-10-01,0
MX-CHP,Aedes_aegypti,2019,11,2019-11-01,0
MX-CHP,Aedes_aegypti,2019,12,2019-12-01,0
MX-CHP,Aedes_aegypti,2020,1,2020-01-01,0
MX-CHP,Aedes_aegypti,2020,2,2020-02-01,0
MX-CHP,Aedes_aegypti,2020,3,2020-03-01,0
MX-CHP,Aedes_aegypti,2020,4,2020-04-01,0
MX-CHP,Aedes_aegypti,2020,5,2020-05-01,0
MX-CHP,Aedes_aegypti,2020,6,2020-06-01,0
MX-CHP,Aedes_aegypti,2020,7,2020-07-01,0
MX-CHP,Aedes_aegypti,2020,8,2020-08-01,0
MX-CHP,Aedes_aegypti,2020,9,2020-09-01,0
MX-CHP,Aedes_aegypti,2020,10,2020-10-01,0
MX-CHP,Aedes_aegypti,2020,11,2020-11-01,0
MX-CHP,Aedes_aegypti,2020,12,2020-12-01,0
MX-CHP,Aedes_aegypti,2021,1,2021-01-01,0
MX-CHP,Aedes_aegypti,2021,2,2021-02-01,0
MX-CHP,Aedes_aegypti,2021,3,2021-03-01,0
MX-CHP,Aedes_aegypti,2021,4,2021-04-01,0
MX-CHP,Aedes_aegypti,2021,5,2021-05-01,0
MX-CHP,Aedes_aegypti,2021,6,2021-06-01,0
MX-CHP,Aedes_aegypti,2021,7,2021-07-01,0
MX-CHP,Aedes_aegypti,2021,8,2021-08-01,0
MX-CHP,Aedes_aegypti,2021,9,2021-09-01,0
MX-CHP,Aedes_aegypti,2021,10,2021-10-01,0
MX-CHP,Aedes_aegypti,2021,11,2021-11-01,0
MX-CHP,Aedes_aegypti,2021,12,2021-12-01,0
MX-CHP,Aedes_aegypti,2022,1,2022-01-01,0
MX-CHP,Aedes_aegypti,2022,2,2022-02-01,0
MX-CHP,Aedes_aegypti,2022,3,2022-03-01,0
MX-CHP,Aedes_aegypti,2022,4,2022-04-01,0
MX-CHP,Aedes_aegypti,2022,5,2022-05-01,0
MX-CHP,Aedes_aegypti,2022,6,2022-06-01,0
MX-CHP,Aedes_aegypti,2022,7,2022-07-01,0
MX-CHP,Aedes_aegypti,2022,8,2022-08-01,0
MX-CHP,Aedes_aegypti,2022,9,2022-09-01,0
MX-CHP,Aedes_aegypti,2022,10,2022-10-01,0
MX-CHP,Aedes_aegypti,2022,11,2022-11-01,0
MX-CHP,Aedes_aegypti,2022,12,2022-12-01,0
MX-CHP,mosquito,2004,1,2004-01-01,0
MX-CHP,mosquito,2004,2,2004-02-01,0
MX-CHP,mosquito,2004,3,2004-03-01,0
MX-CHP,mosquito,2004,4,2004-04-01,0
MX-CHP,mosquito,2004,5,2004-05-01,0
MX-CHP,mosquito,2004,6,2004-06-01,0
MX-CHP,mosquito,2004,7,2004-07-01,0
MX-CHP,mosquito,2004,8,2004-08-01,0
MX-CHP,mosquito,2004,9,2004-09-01,0
MX-CHP,mosquito,2004,10,2004-10-01,0
MX-CHP,mosquito,2004,11,2004-11-01,0
MX-CHP,mosquito,2004,12,2004-12-01,0
MX-CHP,mosquito,2005,1,2005-01-01,0
MX-CHP,mosquito,2005,2,2005-02-01,0
MX-CHP,mosquito,2005,3,2005-03-01,0
MX-CHP,mosquito,2005,4,2005-04-01,0
MX-CHP,mosquito,2005,5,2005-05-01,0
MX-CHP,mosquito,2005,6,2005-06-01,0
MX-CHP,mosquito,2005,7,2005-07-01,0
MX-CHP,mosquito,2005,8,2005-08-01,0
MX-CHP,mosquito,2005,9,2005-09-01,0
MX-CHP,mosquito,2005,10,2005-10-01,0
MX-CHP,mosquito,2005,11,2005-11-01,0
MX-CHP,mosquito,2005,12,2005-12-01,0
MX-CHP,mosquito,2006,1,2006-01-01,0
MX-CHP,mosquito,2006,2,2006-02-01,0
MX-CHP,mosquito,2006,3,2006-03-01,0
MX-CHP,mosquito,2006,4,2006-04-01,0
MX-CHP,mosquito,2006,5,2006-05-01,0
MX-CHP,mosquito,2006,6,2006-06-01,0
MX-CHP,mosquito,2006,7,2006-07-01,0
MX-CHP,mosquito,2006,8,2006-08-01,0
MX-CHP,mosquito,2006,9,2006-09-01,0
MX-CHP,mosquito,2006,10,2006-10-01,0
MX-CHP,mosquito,2006,11,2006-11-01,0
MX-CHP,mosquito,2006,12,2006-12-01,0
MX-CHP,mosquito,2007,1,2007-01-01,0
MX-CHP,mosquito,2007,2,2007-02-01,0
MX-CHP,mosquito,2007,3,2007-03-01,0
MX-CHP,mosquito,2007,4,2007-04-01,0
MX-CHP,mosquito,2007,5,2007-05-01,0
MX-CHP,mosquito,2007,6,2007-06-01,0
MX-CHP,mosquito,2007,7,2007-07-01,0
MX-CHP,mosquito,2007,8,2007-08-01,0
MX-CHP,mosquito,2007,9,2007-09-01,0
MX-CHP,mosquito,2007,10,2007-10-01,0
MX-CHP,mosquito,2007,11,2007-11-01,0
MX-CHP,mosquito,2007,12,2007-12-01,0
MX-CHP,mosquito,2008,1,2008-01-01,0
MX-CHP,mosquito,2008,2,2008-02-01,0
MX-CHP,mosquito,2008,3,2008-03-01,0
MX-CHP,mosquito,2008,4,2008-04-01,0
MX-CHP,mosquito,2008,5,2008-05-01,0
MX-CHP,mosquito,2008,6,2008-06-01,0
MX-CHP,mosquito,2008,7,2008-07-01,0
MX-CHP,mosquito,2008,8,2008-08-01,0
MX-CHP,mosquito,2008,9,2008-09-01,0
MX-CHP,mosquito,2008,10,2008-10-01,0
MX-CHP,mosquito,2008,11,2008-11-01,0
MX-CHP,mosquito,2008,12,2008-12-01,0
MX-CHP,mosquito,2009,1,2009-01-01,0
MX-CHP,mosquito,2009,2,2009-02-01,0
MX-CHP,mosquito,2009,3,2009-03-01,0
MX-CHP,mosquito,2009,4,2009-04-01,0
MX-CHP,mosquito,2009,5,2009-05-01,0
MX-CHP,mosquito,2009,6,2009-06-01,0
MX-CHP,mosquito,2009,7,2009-07-01,0
MX-CHP,mosquito,2009,8,2009-08-01,0
MX-CHP,mosquito,2009,9,2009-09-01,0
MX-CHP,mosquito,2009,10,2009-10-01,0
MX-CHP,mosquito,2009,11,2009-11-01,0
MX-CHP,mosquito,2009,12,2009-12-01,0
MX-CHP,mosquito,2010,1,2010-01-01,0
MX-CHP,mosquito,2010,2,2010-02-01,0
MX-CHP,mosquito,2010,3,2010-03-01,0
MX-CHP,mosquito,2010,4,2010-04-01,0
MX-CHP,mosquito,2010,5,2010-05-01,0
MX-CHP,mosquito,2010,6,2010-06-01,0
MX-CHP,mosquito,2010,7,2010-07-01,0
MX-CHP,mosquito,2010,8,2010-08-01,0
MX-CHP,mosquito,2010,9,2010-09-01,0
MX-CHP,mosquito,2010,10,2010-10-01,0
MX-CHP,mosquito,2010,11,2010-11-01,0
MX-CHP,mosquito,2010,12,2010-12-01,0
MX-CHP,mosquito,2011,1,2011-01-01,0
MX-CHP,mosquito,2011,2,2011-02-01,0
MX-CHP,mosquito,2011,3,2011-03-01,0
MX-CHP,mosquito,2011,4,2011-04-01,0
MX-CHP,mosquito,2011,5,2011-05-01,0
MX-CHP,mosquito,2011,6,2011-06-01,21
MX-CHP,mosquito,2011,7,2011-07-01,0
MX-CHP,mosquito,2011,8,2011-08-01,0
MX-CHP,mosquito,2011,9,2011-09-01,26
MX-CHP,mosquito,2011,10,2011-10-01,0
MX-CHP,mosquito,2011,11,2011-11-01,0
MX-CHP,mosquito,2011,12,2011-12-01,0
MX-CHP,mosquito,2012,1,2012-01-01,0
MX-CHP,mosquito,2012,2,2012-02-01,0
MX-CHP,mosquito,2012,3,2012-03-01,16
MX-CHP,mosquito,2012,4,2012-04-01,0
MX-CHP,mosquito,2012,5,2012-05-01,0
MX-CHP,mosquito,2012,6,2012-06-01,35
MX-CHP,mosquito,2012,7,2012-07-01,36
MX-CHP,mosquito,2012,8,2012-08-01,28
MX-CHP,mosquito,2012,9,2012-09-01,25
MX-CHP,mosquito,2012,10,2012-10-01,14
MX-CHP,mosquito,2012,11,2012-11-01,0
MX-CHP,mosquito,2012,12,2012-12-01,0
MX-CHP,mosquito,2013,1,2013-01-01,13
MX-CHP,mosquito,2013,2,2013-02-01,16
MX-CHP,mosquito,2013,3,2013-03-01,25
MX-CHP,mosquito,2013,4,2013-04-01,18
MX-CHP,mosquito,2013,5,2013-05-01,16
MX-CHP,mosquito,2013,6,2013-06-01,22
MX-CHP,mosquito,2013,7,2013-07-01,32
MX-CHP,mosquito,2013,8,2013-08-01,0
MX-CHP,mosquito,2013,9,2013-09-01,22
MX-CHP,mosquito,2013,10,2013-10-01,15
MX-CHP,mosquito,2013,11,2013-11-01,15
MX-CHP,mosquito,2013,12,2013-12-01,0
MX-CHP,mosquito,2014,1,2014-01-01,18
MX-CHP,mosquito,2014,2,2014-02-01,12
MX-CHP,mosquito,2014,3,2014-03-01,16
MX-CHP,mosquito,2014,4,2014-04-01,0
MX-CHP,mosquito,2014,5,2014-05-01,26
MX-CHP,mosquito,2014,6,2014-06-01,37
MX-CHP,mosquito,2014,7,2014-07-01,31
MX-CHP,mosquito,2014,8,2014-08-01,17
MX-CHP,mosquito,2014,9,2014-09-01,22
MX-CHP,mosquito,2014,10,2014-10-01,18
MX-CHP,mosquito,2014,11,2014-11-01,23
MX-CHP,mosquito,2014,12,2014-12-01,24
MX-CHP,mosquito,2015,1,2015-01-01,18
MX-CHP,mosquito,2015,2,2015-02-01,19
MX-CHP,mosquito,2015,3,2015-03-01,26
MX-CHP,mosquito,2015,4,2015-04-01,30
MX-CHP,mosquito,2015,5,2015-05-01,33
MX-CHP,mosquito,2015,6,2015-06-01,63
MX-CHP,mosquito,2015,7,2015-07-01,100
MX-CHP,mosquito,2015,8,2015-08-01,40
MX-CHP,mosquito,2015,9,2015-09-01,50
MX-CHP,mosquito,2015,10,2015-10-01,26
MX-CHP,mosquito,2015,11,2015-11-01,22
MX-CHP,mosquito,2015,12,2015-12-01,16
MX-CHP,mosquito,2016,1,2016-01-01,23
MX-CHP,mosquito,2016,2,2016-02-01,34
MX-CHP,mosquito,2016,3,2016-03-01,35
MX-CHP,mosquito,2016,4,2016-04-01,26
MX-CHP,mosquito,2016,5,2016-05-01,23
MX-CHP,mosquito,2016,6,2016-06-01,35
MX-CHP,mosquito,2016,7,2016-07-01,32
MX-CHP,mosquito,2016,8,2016-08-01,29
MX-CHP,mosquito,2016,9,2016-09-01,19
MX-CHP,mosquito,2016,10,2016-10-01,26
MX-CHP,mosquito,2016,11,2016-11-01,0
MX-CHP,mosquito,2016,12,2016-12-01,0
MX-CHP,mosquito,2017,1,2017-01-01,0
MX-CHP,mosquito,2017,2,2017-02-01,0
MX-CHP,mosquito,2017,3,2017-03-01,0
MX-CHP,mosquito,2017,4,2017-04-01,0
MX-CHP,mosquito,2017,5,2017-05-01,8
MX-CHP,mosquito,2017,6,2017-06-01,9
MX-CHP,mosquito,2017,7,2017-07-01,0
MX-CHP,mosquito,2017,8,2017-08-01,11
MX-CHP,mosquito,2017,9,2017-09-01,0
MX-CHP,mosquito,2017,10,2017-10-01,0
MX-CHP,mosquito,2017,11,2017-11-01,7
MX-CHP,mosquito,2017,12,2017-12-01,0
MX-CHP,mosquito,2018,1,2018-01-01,0
MX-CHP,mosquito,2018,2,2018-02-01,0
MX-CHP,mosquito,2018,3,2018-03-01,11
MX-CHP,mosquito,2018,4,2018-04-01,0
MX-CHP,mosquito,2018,5,2018-05-01,7
MX-CHP,mosquito,2018,6,2018-06-01,0
MX-CHP,mosquito,2018,7,2018-07-01,15
MX-CHP,mosquito,2018,8,2018-08-01,10
MX-CHP,mosquito,2018,9,2018-09-01,0
MX-CHP,mosquito,2018,10,2018-10-01,0
MX-CHP,mosquito,2018,11,2018-11-01,0
MX-CHP,mosquito,2018,12,2018-12-01,0
MX-CHP,mosquito,2019,1,2019-01-01,0
MX-CHP,mosquito,2019,2,2019-02-01,0
MX-CHP,mosquito,2019,3,2019-03-01,0
MX-CHP,mosquito,2019,4,2019-04-01,0
MX-CHP,mosquito,2019,5,2019-05-01,0
MX-CHP,mosquito,2019,6,2019-06-01,0
MX-CHP,mosquito,2019,7,2019-07-01,9
MX-CHP,mosquito,2019,8,2019-08-01,0
MX-CHP,mosquito,2019,9,2019-09-01,0
MX-CHP,mosquito,2019,10,2019-10-01,0
MX-CHP,mosquito,2019,11,2019-11-01,0
MX-CHP,mosquito,2019,12,2019-12-01,0
MX-CHP,mosquito,2020,1,2020-01-01,0
MX-CHP,mosquito,2020,2,2020-02-01,0
MX-CHP,mosquito,2020,3,2020-03-01,9
MX-CHP,mosquito,2020,4,2020-04-01,5
MX-CHP,mosquito,2020,5,2020-05-01,10
MX-CHP,mosquito,2020,6,2020-06-01,13
MX-CHP,mosquito,2020,7,2020-07-01,13
MX-CHP,mosquito,2020,8,2020-08-01,9
MX-CHP,mosquito,2020,9,2020-09-01,9
MX-CHP,mosquito,2020,10,2020-10-01,10
MX-CHP,mosquito,2020,11,2020-11-01,6
MX-CHP,mosquito,2020,12,2020-12-01,7
MX-CHP,mosquito,2021,1,2021-01-01,6
MX-CHP,mosquito,2021,2,2021-02-01,14
MX-CHP,mosquito,2021,3,2021-03-01,14
MX-CHP,mosquito,2021,4,2021-04-01,29
MX-CHP,mosquito,2021,5,2021-05-01,46
MX-CHP,mosquito,2021,6,2021-06-01,29
MX-CHP,mosquito,2021,7,2021-07-01,35
MX-CHP,mosquito,2021,8,2021-08-01,35
MX-CHP,mosquito,2021,9,2021-09-01,27
MX-CHP,mosquito,2021,10,2021-10-01,22
MX-CHP,mosquito,2021,11,2021-11-01,19
MX-CHP,mosquito,2021,12,2021-12-01,21
MX-CHP,mosquito,2022,1,2022-01-01,19
MX-CHP,mosquito,2022,2,2022-02-01,17
MX-CHP,mosquito,2022,3,2022-03-01,20
MX-CHP,mosquito,2022,4,2022-04-01,30
MX-CHP,mosquito,2022,5,2022-05-01,28
MX-CHP,mosquito,2022,6,2022-06-01,39
MX-CHP,mosquito,2022,7,2022-07-01,55
MX-CHP,mosquito,2022,8,2022-08-01,29
MX-CHP,mosquito,2022,9,2022-09-01,37
MX-CHP,mosquito,2022,10,2022-10-01,35
MX-CHP,mosquito,2022,11,2022-11-01,27
MX-CHP,mosquito,2022,12,2022-12-01,28
MX-CHP,vector,2004,1,2004-01-01,0
MX-CHP,vector,2004,2,2004-02-01,0
MX-CHP,vector,2004,3,2004-03-01,0
MX-CHP,vector,2004,4,2004-04-01,0
MX-CHP,vector,2004,5,2004-05-01,0
MX-CHP,vector,2004,6,2004-06-01,0
MX-CHP,vector,2004,7,2004-07-01,0
MX-CHP,vector,2004,8,2004-08-01,0
MX-CHP,vector,2004,9,2004-09-01,0
MX-CHP,vector,2004,10,2004-10-01,0
MX-CHP,vector,2004,11,2004-11-01,0
MX-CHP,vector,2004,12,2004-12-01,0
MX-CHP,vector,2005,1,2005-01-01,0
MX-CHP,vector,2005,2,2005-02-01,0
MX-CHP,vector,2005,3,2005-03-01,0
MX-CHP,vector,2005,4,2005-04-01,0
MX-CHP,vector,2005,5,2005-05-01,0
MX-CHP,vector,2005,6,2005-06-01,0
MX-CHP,vector,2005,7,2005-07-01,0
MX-CHP,vector,2005,8,2005-08-01,0
MX-CHP,vector,2005,9,2005-09-01,0
MX-CHP,vector,2005,10,2005-10-01,0
MX-CHP,vector,2005,11,2005-11-01,0
MX-CHP,vector,2005,12,2005-12-01,0
MX-CHP,vector,2006,1,2006-01-01,0
MX-CHP,vector,2006,2,2006-02-01,0
MX-CHP,vector,2006,3,2006-03-01,0
MX-CHP,vector,2006,4,2006-04-01,0
MX-CHP,vector,2006,5,2006-05-01,0
MX-CHP,vector,2006,6,2006-06-01,0
MX-CHP,vector,2006,7,2006-07-01,0
MX-CHP,vector,2006,8,2006-08-01,0
MX-CHP,vector,2006,9,2006-09-01,0
MX-CHP,vector,2006,10,2006-10-01,0
MX-CHP,vector,2006,11,2006-11-01,0
MX-CHP,vector,2006,12,2006-12-01,0
MX-CHP,vector,2007,1,2007-01-01,0
MX-CHP,vector,2007,2,2007-02-01,0
MX-CHP,vector,2007,3,2007-03-01,0
MX-CHP,vector,2007,4,2007-04-01,0
MX-CHP,vector,2007,5,2007-05-01,0
MX-CHP,vector,2007,6,2007-06-01,0
MX-CHP,vector,2007,7,2007-07-01,0
MX-CHP,vector,2007,8,2007-08-01,0
MX-CHP,vector,2007,9,2007-09-01,0
MX-CHP,vector,2007,10,2007-10-01,0
MX-CHP,vector,2007,11,2007-11-01,0
MX-CHP,vector,2007,12,2007-12-01,0
MX-CHP,vector,2008,1,2008-01-01,0
MX-CHP,vector,2008,2,2008-02-01,0
MX-CHP,vector,2008,3,2008-03-01,0
MX-CHP,vector,2008,4,2008-04-01,0
MX-CHP,vector,2008,5,2008-05-01,0
MX-CHP,vector,2008,6,2008-06-01,0
MX-CHP,vector,2008,7,2008-07-01,0
MX-CHP,vector,2008,8,2008-08-01,0
MX-CHP,vector,2008,9,2008-09-01,0
MX-CHP,vector,2008,10,2008-10-01,0
MX-CHP,vector,2008,11,2008-11-01,0
MX-CHP,vector,2008,12,2008-12-01,0
MX-CHP,vector,2009,1,2009-01-01,0
MX-CHP,vector,2009,2,2009-02-01,0
MX-CHP,vector,2009,3,2009-03-01,0
MX-CHP,vector,2009,4,2009-04-01,0
MX-CHP,vector,2009,5,2009-05-01,0
MX-CHP,vector,2009,6,2009-06-01,0
MX-CHP,vector,2009,7,2009-07-01,0
MX-CHP,vector,2009,8,2009-08-01,0
MX-CHP,vector,2009,9,2009-09-01,0
MX-CHP,vector,2009,10,2009-10-01,0
MX-CHP,vector,2009,11,2009-11-01,0
MX-CHP,vector,2009,12,2009-12-01,0
MX-CHP,vector,2010,1,2010-01-01,0
MX-CHP,vector,2010,2,2010-02-01,0
MX-CHP,vector,2010,3,2010-03-01,0
MX-CHP,vector,2010,4,2010-04-01,0
MX-CHP,vector,2010,5,2010-05-01,0
MX-CHP,vector,2010,6,2010-06-01,0
MX-CHP,vector,2010,7,2010-07-01,0
MX-CHP,vector,2010,8,2010-08-01,0
MX-CHP,vector,2010,9,2010-09-01,0
MX-CHP,vector,2010,10,2010-10-01,0
MX-CHP,vector,2010,11,2010-11-01,0
MX-CHP,vector,2010,12,2010-12-01,0
MX-CHP,vector,2011,1,2011-01-01,0
MX-CHP,vector,2011,2,2011-02-01,0
MX-CHP,vector,2011,3,2011-03-01,100
MX-CHP,vector,2011,4,2011-04-01,0
MX-CHP,vector,2011,5,2011-05-01,0
MX-CHP,vector,2011,6,2011-06-01,0
MX-CHP,vector,2011,7,2011-07-01,0
MX-CHP,vector,2011,8,2011-08-01,0
MX-CHP,vector,2011,9,2011-09-01,0
MX-CHP,vector,2011,10,2011-10-01,0
MX-CHP,vector,2011,11,2011-11-01,0
MX-CHP,vector,2011,12,2011-12-01,0
MX-CHP,vector,2012,1,2012-01-01,55
MX-CHP,vector,2012,2,2012-02-01,53
MX-CHP,vector,2012,3,2012-03-01,61
MX-CHP,vector,2012,4,2012-04-01,0
MX-CHP,vector,2012,5,2012-05-01,47
MX-CHP,vector,2012,6,2012-06-01,0
MX-CHP,vector,2012,7,2012-07-01,0
MX-CHP,vector,2012,8,2012-08-01,70
MX-CHP,vector,2012,9,2012-09-01,77
MX-CHP,vector,2012,10,2012-10-01,59
MX-CHP,vector,2012,11,2012-11-01,54
MX-CHP,vector,2012,12,2012-12-01,0
MX-CHP,vector,2013,1,2013-01-01,0
MX-CHP,vector,2013,2,2013-02-01,64
MX-CHP,vector,2013,3,2013-03-01,66
MX-CHP,vector,2013,4,2013-04-01,51
MX-CHP,vector,2013,5,2013-05-01,36
MX-CHP,vector,2013,6,2013-06-01,53
MX-CHP,vector,2013,7,2013-07-01,74
MX-CHP,vector,2013,8,2013-08-01,49
MX-CHP,vector,2013,9,2013-09-01,97
MX-CHP,vector,2013,10,2013-10-01,68
MX-CHP,vector,2013,11,2013-11-01,56
MX-CHP,vector,2013,12,2013-12-01,0
MX-CHP,vector,2014,1,2014-01-01,46
MX-CHP,vector,2014,2,2014-02-01,86
MX-CHP,vector,2014,3,2014-03-01,32
MX-CHP,vector,2014,4,2014-04-01,0
MX-CHP,vector,2014,5,2014-05-01,40
MX-CHP,vector,2014,6,2014-06-01,0
MX-CHP,vector,2014,7,2014-07-01,37
MX-CHP,vector,2014,8,2014-08-01,0
MX-CHP,vector,2014,9,2014-09-01,90
MX-CHP,vector,2014,10,2014-10-01,39
MX-CHP,vector,2014,11,2014-11-01,0
MX-CHP,vector,2014,12,2014-12-01,38
MX-CHP,vector,2015,1,2015-01-01,0
MX-CHP,vector,2015,2,2015-02-01,74
MX-CHP,vector,2015,3,2015-03-01,39
MX-CHP,vector,2015,4,2015-04-01,28
MX-CHP,vector,2015,5,2015-05-01,46
MX-CHP,vector,2015,6,2015-06-01,28
MX-CHP,vector,2015,7,2015-07-01,40
MX-CHP,vector,2015,8,2015-08-01,50
MX-CHP,vector,2015,9,2015-09-01,62
MX-CHP,vector,2015,10,2015-10-01,55
MX-CHP,vector,2015,11,2015-11-01,40
MX-CHP,vector,2015,12,2015-12-01,45
MX-CHP,vector,2016,1,2016-01-01,25
MX-CHP,vector,2016,2,2016-02-01,52
MX-CHP,vector,2016,3,2016-03-01,44
MX-CHP,vector,2016,4,2016-04-01,33
MX-CHP,vector,2016,5,2016-05-01,25
MX-CHP,vector,2016,6,2016-06-01,26
MX-CHP,vector,2016,7,2016-07-01,42
MX-CHP,vector,2016,8,2016-08-01,53
MX-CHP,vector,2016,9,2016-09-01,53
MX-CHP,vector,2016,10,2016-10-01,53
MX-CHP,vector,2016,11,2016-11-01,0
MX-CHP,vector,2016,12,2016-12-01,0
MX-CHP,vector,2017,1,2017-01-01,0
MX-CHP,vector,2017,2,2017-02-01,0
MX-CHP,vector,2017,3,2017-03-01,0
MX-CHP,vector,2017,4,2017-04-01,0
MX-CHP,vector,2017,5,2017-05-01,0
MX-CHP,vector,2017,6,2017-06-01,0
MX-CHP,vector,2017,7,2017-07-01,0
MX-CHP,vector,2017,8,2017-08-01,0
MX-CHP,vector,2017,9,2017-09-01,0
MX-CHP,vector,2017,10,2017-10-01,0
MX-CHP,vector,2017,11,2017-11-01,0
MX-CHP,vector,2017,12,2017-12-01,0
MX-CHP,vector,2018,1,2018-01-01,0
MX-CHP,vector,2018,2,2018-02-01,0
MX-CHP,vector,2018,3,2018-03-01,0
MX-CHP,vector,2018,4,2018-04-01,0
MX-CHP,vector,2018,5,2018-05-01,0
MX-CHP,vector,2018,6,2018-06-01,0
MX-CHP,vector,2018,7,2018-07-01,0
MX-CHP,vector,2018,8,2018-08-01,0
MX-CHP,vector,2018,9,2018-09-01,0
MX-CHP,vector,2018,10,2018-10-01,0
MX-CHP,vector,2018,11,2018-11-01,0
MX-CHP,vector,2018,12,2018-12-01,0
MX-CHP,vector,2019,1,2019-01-01,0
MX-CHP,vector,2019,2,2019-02-01,0
MX-CHP,vector,2019,3,2019-03-01,0
MX-CHP,vector,2019,4,2019-04-01,0
MX-CHP,vector,2019,5,2019-05-01,0
MX-CHP,vector,2019,6,2019-06-01,0
MX-CHP,vector,2019,7,2019-07-01,0
MX-CHP,vector,2019,8,2019-08-01,0
MX-CHP,vector,2019,9,2019-09-01,0
MX-CHP,vector,2019,10,2019-10-01,0
MX-CHP,vector,2019,11,2019-11-01,0
MX-CHP,vector,2019,12,2019-12-01,0
MX-CHP,vector,2020,1,2020-01-01,0
MX-CHP,vector,2020,2,2020-02-01,0
MX-CHP,vector,2020,3,2020-03-01,0
MX-CHP,vector,2020,4,2020-04-01,0
MX-CHP,vector,2020,5,2020-05-01,0
MX-CHP,vector,2020,6,2020-06-01,0
MX-CHP,vector,2020,7,2020-07-01,0
MX-CHP,vector,2020,8,2020-08-01,0
MX-CHP,vector,2020,9,2020-09-01,0
MX-CHP,vector,2020,10,2020-10-01,0
MX-CHP,vector,2020,11,2020-11-01,0
MX-CHP,vector,2020,12,2020-12-01,0
MX-CHP,vector,2021,1,2021-01-01,0
MX-CHP,vector,2021,2,2021-02-01,22
MX-CHP,vector,2021,3,2021-03-01,22
MX-CHP,vector,2021,4,2021-04-01,0
MX-CHP,vector,2021,5,2021-05-01,0
MX-CHP,vector,2021,6,2021-06-01,0
MX-CHP,vector,2021,7,2021-07-01,0
MX-CHP,vector,2021,8,2021-08-01,20
MX-CHP,vector,2021,9,2021-09-01,0
MX-CHP,vector,2021,10,2021-10-01,17
MX-CHP,vector,2021,11,2021-11-01,20
MX-CHP,vector,2021,12,2021-12-01,0
MX-CHP,vector,2022,1,2022-01-01,18
MX-CHP,vector,2022,2,2022-02-01,50
MX-CHP,vector,2022,3,2022-03-01,30
MX-CHP,vector,2022,4,2022-04-01,22
MX-CHP,vector,2022,5,2022-05-01,29
MX-CHP,vector,2022,6,2022-06-01,27
MX-CHP,vector,2022,7,2022-07-01,16
MX-CHP,vector,2022,8,2022-08-01,23
MX-CHP,vector,2022,9,2022-09-01,34
MX-CHP,vector,2022,10,2022-10-01,32
MX-CHP,vector,2022,11,2022-11-01,29
MX-CHP,vector,2022,12,2022-12-01,26
MX-COA,Aedes_aegypti,2004,1,2004-01-01,0
MX-COA,Aedes_aegypti,2004,2,2004-02-01,0
MX-COA,Aedes_aegypti,2004,3,2004-03-01,0
MX-COA,Aedes_aegypti,2004,4,2004-04-01,0
MX-COA,Aedes_aegypti,2004,5,2004-05-01,0
MX-COA,Aedes_aegypti,2004,6,2004-06-01,0
MX-COA,Aedes_aegypti,2004,7,2004-07-01,0
MX-COA,Aedes_aegypti,2004,8,2004-08-01,0
MX-COA,Aedes_aegypti,2004,9,2004-09-01,0
MX-COA,Aedes_aegypti,2004,10,2004-10-01,0
MX-COA,Aedes_aegypti,2004,11,2004-11-01,0
MX-COA,Aedes_aegypti,2004,12,2004-12-01,0
MX-COA,Aedes_aegypti,2005,1,2005-01-01,0
MX-COA,Aedes_aegypti,2005,2,2005-02-01,0
MX-COA,Aedes_aegypti,2005,3,2005-03-01,0
MX-COA,Aedes_aegypti,2005,4,2005-04-01,0
MX-COA,Aedes_aegypti,2005,5,2005-05-01,0
MX-COA,Aedes_aegypti,2005,6,2005-06-01,0
MX-COA,Aedes_aegypti,2005,7,2005-07-01,0
MX-COA,Aedes_aegypti,2005,8,2005-08-01,100
MX-COA,Aedes_aegypti,2005,9,2005-09-01,0
MX-COA,Aedes_aegypti,2005,10,2005-10-01,0
MX-COA,Aedes_aegypti,2005,11,2005-11-01,0
MX-COA,Aedes_aegypti,2005,12,2005-12-01,0
MX-COA,Aedes_aegypti,2006,1,2006-01-01,0
MX-COA,Aedes_aegypti,2006,2,2006-02-01,0
MX-COA,Aedes_aegypti,2006,3,2006-03-01,0
MX-COA,Aedes_aegypti,2006,4,2006-04-01,0
MX-COA,Aedes_aegypti,2006,5,2006-05-01,0
MX-COA,Aedes_aegypti,2006,6,2006-06-01,0
MX-COA,Aedes_aegypti,2006,7,2006-07-01,0
MX-COA,Aedes_aegypti,2006,8,2006-08-01,0
MX-COA,Aedes_aegypti,2006,9,2006-09-01,0
MX-COA,Aedes_aegypti,2006,10,2006-10-01,0
MX-COA,Aedes_aegypti,2006,11,2006-11-01,0
MX-COA,Aedes_aegypti,2006,12,2006-12-01,0
MX-COA,Aedes_aegypti,2007,1,2007-01-01,0
MX-COA,Aedes_aegypti,2007,2,2007-02-01,0
MX-COA,Aedes_aegypti,2007,3,2007-03-01,0
MX-COA,Aedes_aegypti,2007,4,2007-04-01,0
MX-COA,Aedes_aegypti,2007,5,2007-05-01,0
MX-COA,Aedes_aegypti,2007,6,2007-06-01,0
MX-COA,Aedes_aegypti,2007,7,2007-07-01,0
MX-COA,Aedes_aegypti,2007,8,2007-08-01,0
MX-COA,Aedes_aegypti,2007,9,2007-09-01,0
MX-COA,Aedes_aegypti,2007,10,2007-10-01,0
MX-COA,Aedes_aegypti,2007,11,2007-11-01,0
MX-COA,Aedes_aegypti,2007,12,2007-12-01,0
MX-COA,Aedes_aegypti,2008,1,2008-01-01,0
MX-COA,Aedes_aegypti,2008,2,2008-02-01,0
MX-COA,Aedes_aegypti,2008,3,2008-03-01,0
MX-COA,Aedes_aegypti,2008,4,2008-04-01,0
MX-COA,Aedes_aegypti,2008,5,2008-05-01,0
MX-COA,Aedes_aegypti,2008,6,2008-06-01,0
MX-COA,Aedes_aegypti,2008,7,2008-07-01,0
MX-COA,Aedes_aegypti,2008,8,2008-08-01,0
MX-COA,Aedes_aegypti,2008,9,2008-09-01,0
MX-COA,Aedes_aegypti,2008,10,2008-10-01,0
MX-COA,Aedes_aegypti,2008,11,2008-11-01,0
MX-COA,Aedes_aegypti,2008,12,2008-12-01,0
MX-COA,Aedes_aegypti,2009,1,2009-01-01,0
MX-COA,Aedes_aegypti,2009,2,2009-02-01,0
MX-COA,Aedes_aegypti,2009,3,2009-03-01,0
MX-COA,Aedes_aegypti,2009,4,2009-04-01,0
MX-COA,Aedes_aegypti,2009,5,2009-05-01,0
MX-COA,Aedes_aegypti,2009,6,2009-06-01,0
MX-COA,Aedes_aegypti,2009,7,2009-07-01,0
MX-COA,Aedes_aegypti,2009,8,2009-08-01,0
MX-COA,Aedes_aegypti,2009,9,2009-09-01,0
MX-COA,Aedes_aegypti,2009,10,2009-10-01,0
MX-COA,Aedes_aegypti,2009,11,2009-11-01,0
MX-COA,Aedes_aegypti,2009,12,2009-12-01,0
MX-COA,Aedes_aegypti,2010,1,2010-01-01,0
MX-COA,Aedes_aegypti,2010,2,2010-02-01,0
MX-COA,Aedes_aegypti,2010,3,2010-03-01,0
MX-COA,Aedes_aegypti,2010,4,2010-04-01,0
MX-COA,Aedes_aegypti,2010,5,2010-05-01,0
MX-COA,Aedes_aegypti,2010,6,2010-06-01,0
MX-COA,Aedes_aegypti,2010,7,2010-07-01,0
MX-COA,Aedes_aegypti,2010,8,2010-08-01,0
MX-COA,Aedes_aegypti,2010,9,2010-09-01,0
MX-COA,Aedes_aegypti,2010,10,2010-10-01,0
MX-COA,Aedes_aegypti,2010,11,2010-11-01,0
MX-COA,Aedes_aegypti,2010,12,2010-12-01,0
MX-COA,Aedes_aegypti,2011,1,2011-01-01,0
MX-COA,Aedes_aegypti,2011,2,2011-02-01,0
MX-COA,Aedes_aegypti,2011,3,2011-03-01,0
MX-COA,Aedes_aegypti,2011,4,2011-04-01,0
MX-COA,Aedes_aegypti,2011,5,2011-05-01,0
MX-COA,Aedes_aegypti,2011,6,2011-06-01,0
MX-COA,Aedes_aegypti,2011,7,2011-07-01,0
MX-COA,Aedes_aegypti,2011,8,2011-08-01,0
MX-COA,Aedes_aegypti,2011,9,2011-09-01,0
MX-COA,Aedes_aegypti,2011,10,2011-10-01,0
MX-COA,Aedes_aegypti,2011,11,2011-11-01,0
MX-COA,Aedes_aegypti,2011,12,2011-12-01,0
MX-COA,Aedes_aegypti,2012,1,2012-01-01,0
MX-COA,Aedes_aegypti,2012,2,2012-02-01,0
MX-COA,Aedes_aegypti,2012,3,2012-03-01,0
MX-COA,Aedes_aegypti,2012,4,2012-04-01,0
MX-COA,Aedes_aegypti,2012,5,2012-05-01,0
MX-COA,Aedes_aegypti,2012,6,2012-06-01,0
MX-COA,Aedes_aegypti,2012,7,2012-07-01,0
MX-COA,Aedes_aegypti,2012,8,2012-08-01,0
MX-COA,Aedes_aegypti,2012,9,2012-09-01,0
MX-COA,Aedes_aegypti,2012,10,2012-10-01,0
MX-COA,Aedes_aegypti,2012,11,2012-11-01,0
MX-COA,Aedes_aegypti,2012,12,2012-12-01,0
MX-COA,Aedes_aegypti,2013,1,2013-01-01,0
MX-COA,Aedes_aegypti,2013,2,2013-02-01,0
MX-COA,Aedes_aegypti,2013,3,2013-03-01,0
MX-COA,Aedes_aegypti,2013,4,2013-04-01,0
MX-COA,Aedes_aegypti,2013,5,2013-05-01,0
MX-COA,Aedes_aegypti,2013,6,2013-06-01,0
MX-COA,Aedes_aegypti,2013,7,2013-07-01,0
MX-COA,Aedes_aegypti,2013,8,2013-08-01,0
MX-COA,Aedes_aegypti,2013,9,2013-09-01,0
MX-COA,Aedes_aegypti,2013,10,2013-10-01,0
MX-COA,Aedes_aegypti,2013,11,2013-11-01,0
MX-COA,Aedes_aegypti,2013,12,2013-12-01,0
MX-COA,Aedes_aegypti,2014,1,2014-01-01,0
MX-COA,Aedes_aegypti,2014,2,2014-02-01,0
MX-COA,Aedes_aegypti,2014,3,2014-03-01,0
MX-COA,Aedes_aegypti,2014,4,2014-04-01,0
MX-COA,Aedes_aegypti,2014,5,2014-05-01,0
MX-COA,Aedes_aegypti,2014,6,2014-06-01,0
MX-COA,Aedes_aegypti,2014,7,2014-07-01,0
MX-COA,Aedes_aegypti,2014,8,2014-08-01,0
MX-COA,Aedes_aegypti,2014,9,2014-09-01,0
MX-COA,Aedes_aegypti,2014,10,2014-10-01,0
MX-COA,Aedes_aegypti,2014,11,2014-11-01,0
MX-COA,Aedes_aegypti,2014,12,2014-12-01,0
MX-COA,Aedes_aegypti,2015,1,2015-01-01,0
MX-COA,Aedes_aegypti,2015,2,2015-02-01,0
MX-COA,Aedes_aegypti,2015,3,2015-03-01,0
MX-COA,Aedes_aegypti,2015,4,2015-04-01,0
MX-COA,Aedes_aegypti,2015,5,2015-05-01,0
MX-COA,Aedes_aegypti,2015,6,2015-06-01,0
MX-COA,Aedes_aegypti,2015,7,2015-07-01,0
MX-COA,Aedes_aegypti,2015,8,2015-08-01,0
MX-COA,Aedes_aegypti,2015,9,2015-09-01,0
MX-COA,Aedes_aegypti,2015,10,2015-10-01,0
MX-COA,Aedes_aegypti,2015,11,2015-11-01,0
MX-COA,Aedes_aegypti,2015,12,2015-12-01,0
MX-COA,Aedes_aegypti,2016,1,2016-01-01,0
MX-COA,Aedes_aegypti,2016,2,2016-02-01,0
MX-COA,Aedes_aegypti,2016,3,2016-03-01,0
MX-COA,Aedes_aegypti,2016,4,2016-04-01,0
MX-COA,Aedes_aegypti,2016,5,2016-05-01,0
MX-COA,Aedes_aegypti,2016,6,2016-06-01,0
MX-COA,Aedes_aegypti,2016,7,2016-07-01,0
MX-COA,Aedes_aegypti,2016,8,2016-08-01,0
MX-COA,Aedes_aegypti,2016,9,2016-09-01,0
MX-COA,Aedes_aegypti,2016,10,2016-10-01,0
MX-COA,Aedes_aegypti,2016,11,2016-11-01,0
MX-COA,Aedes_aegypti,2016,12,2016-12-01,0
MX-COA,Aedes_aegypti,2017,1,2017-01-01,0
MX-COA,Aedes_aegypti,2017,2,2017-02-01,0
MX-COA,Aedes_aegypti,2017,3,2017-03-01,0
MX-COA,Aedes_aegypti,2017,4,2017-04-01,0
MX-COA,Aedes_aegypti,2017,5,2017-05-01,0
MX-COA,Aedes_aegypti,2017,6,2017-06-01,0
MX-COA,Aedes_aegypti,2017,7,2017-07-01,0
MX-COA,Aedes_aegypti,2017,8,2017-08-01,0
MX-COA,Aedes_aegypti,2017,9,2017-09-01,0
MX-COA,Aedes_aegypti,2017,10,2017-10-01,2
MX-COA,Aedes_aegypti,2017,11,2017-11-01,0
MX-COA,Aedes_aegypti,2017,12,2017-12-01,0
MX-COA,Aedes_aegypti,2018,1,2018-01-01,0
MX-COA,Aedes_aegypti,2018,2,2018-02-01,0
MX-COA,Aedes_aegypti,2018,3,2018-03-01,0
MX-COA,Aedes_aegypti,2018,4,2018-04-01,0
MX-COA,Aedes_aegypti,2018,5,2018-05-01,0
MX-COA,Aedes_aegypti,2018,6,2018-06-01,0
MX-COA,Aedes_aegypti,2018,7,2018-07-01,0
MX-COA,Aedes_aegypti,2018,8,2018-08-01,0
MX-COA,Aedes_aegypti,2018,9,2018-09-01,0
MX-COA,Aedes_aegypti,2018,10,2018-10-01,0
MX-COA,Aedes_aegypti,2018,11,2018-11-01,0
MX-COA,Aedes_aegypti,2018,12,2018-12-01,0
MX-COA,Aedes_aegypti,2019,1,2019-01-01,0
MX-COA,Aedes_aegypti,2019,2,2019-02-01,0
MX-COA,Aedes_aegypti,2019,3,2019-03-01,0
MX-COA,Aedes_aegypti,2019,4,2019-04-01,0
MX-COA,Aedes_aegypti,2019,5,2019-05-01,0
MX-COA,Aedes_aegypti,2019,6,2019-06-01,0
MX-COA,Aedes_aegypti,2019,7,2019-07-01,0
MX-COA,Aedes_aegypti,2019,8,2019-08-01,0
MX-COA,Aedes_aegypti,2019,9,2019-09-01,0
MX-COA,Aedes_aegypti,2019,10,2019-10-01,0
MX-COA,Aedes_aegypti,2019,11,2019-11-01,0
MX-COA,Aedes_aegypti,2019,12,2019-12-01,0
MX-COA,Aedes_aegypti,2020,1,2020-01-01,0
MX-COA,Aedes_aegypti,2020,2,2020-02-01,0
MX-COA,Aedes_aegypti,2020,3,2020-03-01,0
MX-COA,Aedes_aegypti,2020,4,2020-04-01,0
MX-COA,Aedes_aegypti,2020,5,2020-05-01,0
MX-COA,Aedes_aegypti,2020,6,2020-06-01,0
MX-COA,Aedes_aegypti,2020,7,2020-07-01,0
MX-COA,Aedes_aegypti,2020,8,2020-08-01,0
MX-COA,Aedes_aegypti,2020,9,2020-09-01,2
MX-COA,Aedes_aegypti,2020,10,2020-10-01,4
MX-COA,Aedes_aegypti,2020,11,2020-11-01,3
MX-COA,Aedes_aegypti,2020,12,2020-12-01,0
MX-COA,Aedes_aegypti,2021,1,2021-01-01,0
MX-COA,Aedes_aegypti,2021,2,2021-02-01,0
MX-COA,Aedes_aegypti,2021,3,2021-03-01,0
MX-COA,Aedes_aegypti,2021,4,2021-04-01,0
MX-COA,Aedes_aegypti,2021,5,2021-05-01,0
MX-COA,Aedes_aegypti,2021,6,2021-06-01,0
MX-COA,Aedes_aegypti,2021,7,2021-07-01,0
MX-COA,Aedes_aegypti,2021,8,2021-08-01,0
MX-COA,Aedes_aegypti,2021,9,2021-09-01,0
MX-COA,Aedes_aegypti,2021,10,2021-10-01,2
MX-COA,Aedes_aegypti,2021,11,2021-11-01,0
MX-COA,Aedes_aegypti,2021,12,2021-12-01,0
MX-COA,Aedes_aegypti,2022,1,2022-01-01,0
MX-COA,Aedes_aegypti,2022,2,2022-02-01,0
MX-COA,Aedes_aegypti,2022,3,2022-03-01,0
MX-COA,Aedes_aegypti,2022,4,2022-04-01,0
MX-COA,Aedes_aegypti,2022,5,2022-05-01,1
MX-COA,Aedes_aegypti,2022,6,2022-06-01,0
MX-COA,Aedes_aegypti,2022,7,2022-07-01,0
MX-COA,Aedes_aegypti,2022,8,2022-08-01,0
MX-COA,Aedes_aegypti,2022,9,2022-09-01,0
MX-COA,Aedes_aegypti,2022,10,2022-10-01,1
MX-COA,Aedes_aegypti,2022,11,2022-11-01,2
MX-COA,Aedes_aegypti,2022,12,2022-12-01,0
MX-COA,mosquito,2004,1,2004-01-01,0
MX-COA,mosquito,2004,2,2004-02-01,0
MX-COA,mosquito,2004,3,2004-03-01,0
MX-COA,mosquito,2004,4,2004-04-01,0
MX-COA,mosquito,2004,5,2004-05-01,0
MX-COA,mosquito,2004,6,2004-06-01,0
MX-COA,mosquito,2004,7,2004-07-01,0
MX-COA,mosquito,2004,8,2004-08-01,0
MX-COA,mosquito,2004,9,2004-09-01,0
MX-COA,mosquito,2004,10,2004-10-01,0
MX-COA,mosquito,2004,11,2004-11-01,0
MX-COA,mosquito,2004,12,2004-12-01,0
MX-COA,mosquito,2005,1,2005-01-01,0
MX-COA,mosquito,2005,2,2005-02-01,0
MX-COA,mosquito,2005,3,2005-03-01,0
MX-COA,mosquito,2005,4,2005-04-01,0
MX-COA,mosquito,2005,5,2005-05-01,0
MX-COA,mosquito,2005,6,2005-06-01,0
MX-COA,mosquito,2005,7,2005-07-01,0
MX-COA,mosquito,2005,8,2005-08-01,0
MX-COA,mosquito,2005,9,2005-09-01,0
MX-COA,mosquito,2005,10,2005-10-01,0
MX-COA,mosquito,2005,11,2005-11-01,0
MX-COA,mosquito,2005,12,2005-12-01,0
MX-COA,mosquito,2006,1,2006-01-01,0
MX-COA,mosquito,2006,2,2006-02-01,0
MX-COA,mosquito,2006,3,2006-03-01,0
MX-COA,mosquito,2006,4,2006-04-01,0
MX-COA,mosquito,2006,5,2006-05-01,0
MX-COA,mosquito,2006,6,2006-06-01,0
MX-COA,mosquito,2006,7,2006-07-01,0
MX-COA,mosquito,2006,8,2006-08-01,0
MX-COA,mosquito,2006,9,2006-09-01,0
MX-COA,mosquito,2006,10,2006-10-01,0
MX-COA,mosquito,2006,11,2006-11-01,0
MX-COA,mosquito,2006,12,2006-12-01,0
MX-COA,mosquito,2007,1,2007-01-01,0
MX-COA,mosquito,2007,2,2007-02-01,0
MX-COA,mosquito,2007,3,2007-03-01,0
MX-COA,mosquito,2007,4,2007-04-01,0
MX-COA,mosquito,2007,5,2007-05-01,0
MX-COA,mosquito,2007,6,2007-06-01,0
MX-COA,mosquito,2007,7,2007-07-01,0
MX-COA,mosquito,2007,8,2007-08-01,100
MX-COA,mosquito,2007,9,2007-09-01,0
MX-COA,mosquito,2007,10,2007-10-01,0
MX-COA,mosquito,2007,11,2007-11-01,0
MX-COA,mosquito,2007,12,2007-12-01,0
MX-COA,mosquito,2008,1,2008-01-01,0
MX-COA,mosquito,2008,2,2008-02-01,0
MX-COA,mosquito,2008,3,2008-03-01,0
MX-COA,mosquito,2008,4,2008-04-01,0
MX-COA,mosquito,2008,5,2008-05-01,0
MX-COA,mosquito,2008,6,2008-06-01,0
MX-COA,mosquito,2008,7,2008-07-01,0
MX-COA,mosquito,2008,8,2008-08-01,0
MX-COA,mosquito,2008,9,2008-09-01,0
MX-COA,mosquito,2008,10,2008-10-01,0
MX-COA,mosquito,2008,11,2008-11-01,0
MX-COA,mosquito,2008,12,2008-12-01,0
MX-COA,mosquito,2009,1,2009-01-01,0
MX-COA,mosquito,2009,2,2009-02-01,0
MX-COA,mosquito,2009,3,2009-03-01,0
MX-COA,mosquito,2009,4,2009-04-01,0
MX-COA,mosquito,2009,5,2009-05-01,0
MX-COA,mosquito,2009,6,2009-06-01,0
MX-COA,mosquito,2009,7,2009-07-01,69
MX-COA,mosquito,2009,8,2009-08-01,0
MX-COA,mosquito,2009,9,2009-09-01,0
MX-COA,mosquito,2009,10,2009-10-01,0
MX-COA,mosquito,2009,11,2009-11-01,0
MX-COA,mosquito,2009,12,2009-12-01,0
MX-COA,mosquito,2010,1,2010-01-01,0
MX-COA,mosquito,2010,2,2010-02-01,0
MX-COA,mosquito,2010,3,2010-03-01,0
MX-COA,mosquito,2010,4,2010-04-01,0
MX-COA,mosquito,2010,5,2010-05-01,0
MX-COA,mosquito,2010,6,2010-06-01,0
MX-COA,mosquito,2010,7,2010-07-01,0
MX-COA,mosquito,2010,8,2010-08-01,57
MX-COA,mosquito,2010,9,2010-09-01,0
MX-COA,mosquito,2010,10,2010-10-01,0
MX-COA,mosquito,2010,11,2010-11-01,0
MX-COA,mosquito,2010,12,2010-12-01,0
MX-COA,mosquito,2011,1,2011-01-01,0
MX-COA,mosquito,2011,2,2011-02-01,0
MX-COA,mosquito,2011,3,2011-03-01,0
MX-COA,mosquito,2011,4,2011-04-01,14
MX-COA,mosquito,2011,5,2011-05-01,0
MX-COA,mosquito,2011,6,2011-06-01,10
MX-COA,mosquito,2011,7,2011-07-01,17
MX-COA,mosquito,2011,8,2011-08-01,14
MX-COA,mosquito,2011,9,2011-09-01,17
MX-COA,mosquito,2011,10,2011-10-01,15
MX-COA,mosquito,2011,11,2011-11-01,0
MX-COA,mosquito,2011,12,2011-12-01,0
MX-COA,mosquito,2012,1,2012-01-01,0
MX-COA,mosquito,2012,2,2012-02-01,0
MX-COA,mosquito,2012,3,2012-03-01,0
MX-COA,mosquito,2012,4,2012-04-01,18
MX-COA,mosquito,2012,5,2012-05-01,13
MX-COA,mosquito,2012,6,2012-06-01,19
MX-COA,mosquito,2012,7,2012-07-01,15
MX-COA,mosquito,2012,8,2012-08-01,20
MX-COA,mosquito,2012,9,2012-09-01,22
MX-COA,mosquito,2012,10,2012-10-01,20
MX-COA,mosquito,2012,11,2012-11-01,13
MX-COA,mosquito,2012,12,2012-12-01,0
MX-COA,mosquito,2013,1,2013-01-01,0
MX-COA,mosquito,2013,2,2013-02-01,0
MX-COA,mosquito,2013,3,2013-03-01,7
MX-COA,mosquito,2013,4,2013-04-01,11
MX-COA,mosquito,2013,5,2013-05-01,11
MX-COA,mosquito,2013,6,2013-06-01,23
MX-COA,mosquito,2013,7,2013-07-01,29
MX-COA,mosquito,2013,8,2013-08-01,31
MX-COA,mosquito,2013,9,2013-09-01,24
MX-COA,mosquito,2013,10,2013-10-01,22
MX-COA,mosquito,2013,11,2013-11-01,13
MX-COA,mosquito,2013,12,2013-12-01,0
MX-COA,mosquito,2014,1,2014-01-01,0
MX-COA,mosquito,2014,2,2014-02-01,8
MX-COA,mosquito,2014,3,2014-03-01,8
MX-COA,mosquito,2014,4,2014-04-01,14
MX-COA,mosquito,2014,5,2014-05-01,16
MX-COA,mosquito,2014,6,2014-06-01,29
MX-COA,mosquito,2014,7,2014-07-01,40
MX-COA,mosquito,2014,8,2014-08-01,30
MX-COA,mosquito,2014,9,2014-09-01,34
MX-COA,mosquito,2014,10,2014-10-01,22
MX-COA,mosquito,2014,11,2014-11-01,14
MX-COA,mosquito,2014,12,2014-12-01,8
MX-COA,mosquito,2015,1,2015-01-01,6
MX-COA,mosquito,2015,2,2015-02-01,0
MX-COA,mosquito,2015,3,2015-03-01,17
MX-COA,mosquito,2015,4,2015-04-01,31
MX-COA,mosquito,2015,5,2015-05-01,26
MX-COA,mosquito,2015,6,2015-06-01,35
MX-COA,mosquito,2015,7,2015-07-01,36
MX-COA,mosquito,2015,8,2015-08-01,31
MX-COA,mosquito,2015,9,2015-09-01,23
MX-COA,mosquito,2015,10,2015-10-01,13
MX-COA,mosquito,2015,11,2015-11-01,19
MX-COA,mosquito,2015,12,2015-12-01,10
MX-COA,mosquito,2016,1,2016-01-01,11
MX-COA,mosquito,2016,2,2016-02-01,13
MX-COA,mosquito,2016,3,2016-03-01,15
MX-COA,mosquito,2016,4,2016-04-01,24
MX-COA,mosquito,2016,5,2016-05-01,32
MX-COA,mosquito,2016,6,2016-06-01,23
MX-COA,mosquito,2016,7,2016-07-01,23
MX-COA,mosquito,2016,8,2016-08-01,29
MX-COA,mosquito,2016,9,2016-09-01,54
MX-COA,mosquito,2016,10,2016-10-01,26
MX-COA,mosquito,2016,11,2016-11-01,0
MX-COA,mosquito,2016,12,2016-12-01,0
MX-COA,mosquito,2017,1,2017-01-01,0
MX-COA,mosquito,2017,2,2017-02-01,0
MX-COA,mosquito,2017,3,2017-03-01,0
MX-COA,mosquito,2017,4,2017-04-01,0
MX-COA,mosquito,2017,5,2017-05-01,7
MX-COA,mosquito,2017,6,2017-06-01,0
MX-COA,mosquito,2017,7,2017-07-01,8
MX-COA,mosquito,2017,8,2017-08-01,7
MX-COA,mosquito,2017,9,2017-09-01,0
MX-COA,mosquito,2017,10,2017-10-01,9
MX-COA,mosquito,2017,11,2017-11-01,0
MX-COA,mosquito,2017,12,2017-12-01,0
MX-COA,mosquito,2018,1,2018-01-01,0
MX-COA,mosquito,2018,2,2018-02-01,0
MX-COA,mosquito,2018,3,2018-03-01,0
MX-COA,mosquito,2018,4,2018-04-01,0
MX-COA,mosquito,2018,5,2018-05-01,6
MX-COA,mosquito,2018,6,2018-06-01,12
MX-COA,mosquito,2018,7,2018-07-01,25
MX-COA,mosquito,2018,8,2018-08-01,12
MX-COA,mosquito,2018,9,2018-09-01,6
MX-COA,mosquito,2018,10,2018-10-01,0
MX-COA,mosquito,2018,11,2018-11-01,0
MX-COA,mosquito,2018,12,2018-12-01,0
MX-COA,mosquito,2019,1,2019-01-01,0
MX-COA,mosquito,2019,2,2019-02-01,0
MX-COA,mosquito,2019,3,2019-03-01,0
MX-COA,mosquito,2019,4,2019-04-01,0
MX-COA,mosquito,2019,5,2019-05-01,5
MX-COA,mosquito,2019,6,2019-06-01,0
MX-COA,mosquito,2019,7,2019-07-01,0
MX-COA,mosquito,2019,8,2019-08-01,0
MX-COA,mosquito,2019,9,2019-09-01,0
MX-COA,mosquito,2019,10,2019-10-01,0
MX-COA,mosquito,2019,11,2019-11-01,0
MX-COA,mosquito,2019,12,2019-12-01,0
MX-COA,mosquito,2020,1,2020-01-01,0
MX-COA,mosquito,2020,2,2020-02-01,0
MX-COA,mosquito,2020,3,2020-03-01,0
MX-COA,mosquito,2020,4,2020-04-01,8
MX-COA,mosquito,2020,5,2020-05-01,16
MX-COA,mosquito,2020,6,2020-06-01,9
MX-COA,mosquito,2020,7,2020-07-01,8
MX-COA,mosquito,2020,8,2020-08-01,10
MX-COA,mosquito,2020,9,2020-09-01,11
MX-COA,mosquito,2020,10,2020-10-01,16
MX-COA,mosquito,2020,11,2020-11-01,12
MX-COA,mosquito,2020,12,2020-12-01,4
MX-COA,mosquito,2021,1,2021-01-01,4
MX-COA,mosquito,2021,2,2021-02-01,4
MX-COA,mosquito,2021,3,2021-03-01,11
MX-COA,mosquito,2021,4,2021-04-01,15
MX-COA,mosquito,2021,5,2021-05-01,28
MX-COA,mosquito,2021,6,2021-06-01,30
MX-COA,mosquito,2021,7,2021-07-01,47
MX-COA,mosquito,2021,8,2021-08-01,37
MX-COA,mosquito,2021,9,2021-09-01,23
MX-COA,mosquito,2021,10,2021-10-01,22
MX-COA,mosquito,2021,11,2021-11-01,14
MX-COA,mosquito,2021,12,2021-12-01,12
MX-COA,mosquito,2022,1,2022-01-01,8
MX-COA,mosquito,2022,2,2022-02-01,9
MX-COA,mosquito,2022,3,2022-03-01,11
MX-COA,mosquito,2022,4,2022-04-01,14
MX-COA,mosquito,2022,5,2022-05-01,32
MX-COA,mosquito,2022,6,2022-06-01,30
MX-COA,mosquito,2022,7,2022-07-01,34
MX-COA,mosquito,2022,8,2022-08-01,37
MX-COA,mosquito,2022,9,2022-09-01,62
MX-COA,mosquito,2022,10,2022-10-01,32
MX-COA,mosquito,2022,11,2022-11-01,27
MX-COA,mosquito,2022,12,2022-12-01,8
MX-COA,vector,2004,1,2004-01-01,0
MX-COA,vector,2004,2,2004-02-01,0
MX-COA,vector,2004,3,2004-03-01,0
MX-COA,vector,2004,4,2004-04-01,0
MX-COA,vector,2004,5,2004-05-01,0
MX-COA,vector,2004,6,2004-06-01,0
MX-COA,vector,2004,7,2004-07-01,0
MX-COA,vector,2004,8,2004-08-01,0
MX-COA,vector,2004,9,2004-09-01,0
MX-COA,vector,2004,10,2004-10-01,0
MX-COA,vector,2004,11,2004-11-01,0
MX-COA,vector,2004,12,2004-12-01,0
MX-COA,vector,2005,1,2005-01-01,0
MX-COA,vector,2005,2,2005-02-01,0
MX-COA,vector,2005,3,2005-03-01,0
MX-COA,vector,2005,4,2005-04-01,0
MX-COA,vector,2005,5,2005-05-01,0
MX-COA,vector,2005,6,2005-06-01,0
MX-COA,vector,2005,7,2005-07-01,0
MX-COA,vector,2005,8,2005-08-01,0
MX-COA,vector,2005,9,2005-09-01,0
MX-COA,vector,2005,10,2005-10-01,0
MX-COA,vector,2005,11,2005-11-01,0
MX-COA,vector,2005,12,2005-12-01,0
MX-COA,vector,2006,1,2006-01-01,0
MX-COA,vector,2006,2,2006-02-01,0
MX-COA,vector,2006,3,2006-03-01,0
MX-COA,vector,2006,4,2006-04-01,0
MX-COA,vector,2006,5,2006-05-01,0
MX-COA,vector,2006,6,2006-06-01,0
MX-COA,vector,2006,7,2006-07-01,0
MX-COA,vector,2006,8,2006-08-01,0
MX-COA,vector,2006,9,2006-09-01,0
MX-COA,vector,2006,10,2006-10-01,0
MX-COA,vector,2006,11,2006-11-01,0
MX-COA,vector,2006,12,2006-12-01,0
MX-COA,vector,2007,1,2007-01-01,0
MX-COA,vector,2007,2,2007-02-01,0
MX-COA,vector,2007,3,2007-03-01,0
MX-COA,vector,2007,4,2007-04-01,0
MX-COA,vector,2007,5,2007-05-01,0
MX-COA,vector,2007,6,2007-06-01,0
MX-COA,vector,2007,7,2007-07-01,0
MX-COA,vector,2007,8,2007-08-01,0
MX-COA,vector,2007,9,2007-09-01,0
MX-COA,vector,2007,10,2007-10-01,0
MX-COA,vector,2007,11,2007-11-01,0
MX-COA,vector,2007,12,2007-12-01,0
MX-COA,vector,2008,1,2008-01-01,0
MX-COA,vector,2008,2,2008-02-01,0
MX-COA,vector,2008,3,2008-03-01,0
MX-COA,vector,2008,4,2008-04-01,0
MX-COA,vector,2008,5,2008-05-01,0
MX-COA,vector,2008,6,2008-06-01,0
MX-COA,vector,2008,7,2008-07-01,0
MX-COA,vector,2008,8,2008-08-01,0
MX-COA,vector,2008,9,2008-09-01,0
MX-COA,vector,2008,10,2008-10-01,0
MX-COA,vector,2008,11,2008-11-01,0
MX-COA,vector,2008,12,2008-12-01,0
MX-COA,vector,2009,1,2009-01-01,0
MX-COA,vector,2009,2,2009-02-01,0
MX-COA,vector,2009,3,2009-03-01,0
MX-COA,vector,2009,4,2009-04-01,0
MX-COA,vector,2009,5,2009-05-01,0
MX-COA,vector,2009,6,2009-06-01,0
MX-COA,vector,2009,7,2009-07-01,0
MX-COA,vector,2009,8,2009-08-01,0
MX-COA,vector,2009,9,2009-09-01,0
MX-COA,vector,2009,10,2009-10-01,0
MX-COA,vector,2009,11,2009-11-01,0
MX-COA,vector,2009,12,2009-12-01,0
MX-COA,vector,2010,1,2010-01-01,0
MX-COA,vector,2010,2,2010-02-01,0
MX-COA,vector,2010,3,2010-03-01,0
MX-COA,vector,2010,4,2010-04-01,0
MX-COA,vector,2010,5,2010-05-01,0
MX-COA,vector,2010,6,2010-06-01,0
MX-COA,vector,2010,7,2010-07-01,0
MX-COA,vector,2010,8,2010-08-01,0
MX-COA,vector,2010,9,2010-09-01,0
MX-COA,vector,2010,10,2010-10-01,0
MX-COA,vector,2010,11,2010-11-01,0
MX-COA,vector,2010,12,2010-12-01,0
MX-COA,vector,2011,1,2011-01-01,0
MX-COA,vector,2011,2,2011-02-01,0
MX-COA,vector,2011,3,2011-03-01,60
MX-COA,vector,2011,4,2011-04-01,67
MX-COA,vector,2011,5,2011-05-01,51
MX-COA,vector,2011,6,2011-06-01,54
MX-COA,vector,2011,7,2011-07-01,59
MX-COA,vector,2011,8,2011-08-01,58
MX-COA,vector,2011,9,2011-09-01,100
MX-COA,vector,2011,10,2011-10-01,60
MX-COA,vector,2011,11,2011-11-01,73
MX-COA,vector,2011,12,2011-12-01,48
MX-COA,vector,2012,1,2012-01-01,49
MX-COA,vector,2012,2,2012-02-01,71
MX-COA,vector,2012,3,2012-03-01,37
MX-COA,vector,2012,4,2012-04-01,48
MX-COA,vector,2012,5,2012-05-01,59
MX-COA,vector,2012,6,2012-06-01,73
MX-COA,vector,2012,7,2012-07-01,50
MX-COA,vector,2012,8,2012-08-01,80
MX-COA,vector,2012,9,2012-09-01,94
MX-COA,vector,2012,10,2012-10-01,56
MX-COA,vector,2012,11,2012-11-01,76
MX-COA,vector,2012,12,2012-12-01,0
MX-COA,vector,2013,1,2013-01-01,75
MX-COA,vector,2013,2,2013-02-01,85
MX-COA,vector,2013,3,2013-03-01,55
MX-COA,vector,2013,4,2013-04-01,50
MX-COA,vector,2013,5,2013-05-01,53
MX-COA,vector,2013,6,2013-06-01,41
MX-COA,vector,2013,7,2013-07-01,71
MX-COA,vector,2013,8,2013-08-01,80
MX-COA,vector,2013,9,2013-09-01,77
MX-COA,vector,2013,10,2013-10-01,59
MX-COA,vector,2013,11,2013-11-01,91
MX-COA,vector,2013,12,2013-12-01,41
MX-COA,vector,2014,1,2014-01-01,58
MX-COA,vector,2014,2,2014-02-01,47
MX-COA,vector,2014,3,2014-03-01,49
MX-COA,vector,2014,4,2014-04-01,28
MX-COA,vector,2014,5,2014-05-01,59
MX-COA,vector,2014,6,2014-06-01,53
MX-COA,vector,2014,7,2014-07-01,0
MX-COA,vector,2014,8,2014-08-01,67
MX-COA,vector,2014,9,2014-09-01,66
MX-COA,vector,2014,10,2014-10-01,79
MX-COA,vector,2014,11,2014-11-01,50
MX-COA,vector,2014,12,2014-12-01,0
MX-COA,vector,2015,1,2015-01-01,39
MX-COA,vector,2015,2,2015-02-01,51
MX-COA,vector,2015,3,2015-03-01,42
MX-COA,vector,2015,4,2015-04-01,53
MX-COA,vector,2015,5,2015-05-01,56
MX-COA,vector,2015,6,2015-06-01,47
MX-COA,vector,2015,7,2015-07-01,39
MX-COA,vector,2015,8,2015-08-01,71
MX-COA,vector,2015,9,2015-09-01,87
MX-COA,vector,2015,10,2015-10-01,53
MX-COA,vector,2015,11,2015-11-01,41
MX-COA,vector,2015,12,2015-12-01,38
MX-COA,vector,2016,1,2016-01-01,49
MX-COA,vector,2016,2,2016-02-01,35
MX-COA,vector,2016,3,2016-03-01,51
MX-COA,vector,2016,4,2016-04-01,55
MX-COA,vector,2016,5,2016-05-01,64
MX-COA,vector,2016,6,2016-06-01,37
MX-COA,vector,2016,7,2016-07-01,0
MX-COA,vector,2016,8,2016-08-01,57
MX-COA,vector,2016,9,2016-09-01,71
MX-COA,vector,2016,10,2016-10-01,38
MX-COA,vector,2016,11,2016-11-01,0
MX-COA,vector,2016,12,2016-12-01,0
MX-COA,vector,2017,1,2017-01-01,0
MX-COA,vector,2017,2,2017-02-01,0
MX-COA,vector,2017,3,2017-03-01,0
MX-COA,vector,2017,4,2017-04-01,0
MX-COA,vector,2017,5,2017-05-01,0
MX-COA,vector,2017,6,2017-06-01,0
MX-COA,vector,2017,7,2017-07-01,0
MX-COA,vector,2017,8,2017-08-01,0
MX-COA,vector,2017,9,2017-09-01,0
MX-COA,vector,2017,10,2017-10-01,0
MX-COA,vector,2017,11,2017-11-01,0
MX-COA,vector,2017,12,2017-12-01,0
MX-COA,vector,2018,1,2018-01-01,0
MX-COA,vector,2018,2,2018-02-01,0
MX-COA,vector,2018,3,2018-03-01,0
MX-COA,vector,2018,4,2018-04-01,0
MX-COA,vector,2018,5,2018-05-01,0
MX-COA,vector,2018,6,2018-06-01,0
MX-COA,vector,2018,7,2018-07-01,0
MX-COA,vector,2018,8,2018-08-01,0
MX-COA,vector,2018,9,2018-09-01,0
MX-COA,vector,2018,10,2018-10-01,0
MX-COA,vector,2018,11,2018-11-01,0
MX-COA,vector,2018,12,2018-12-01,0
MX-COA,vector,2019,1,2019-01-01,0
MX-COA,vector,2019,2,2019-02-01,0
MX-COA,vector,2019,3,2019-03-01,0
MX-COA,vector,2019,4,2019-04-01,0
MX-COA,vector,2019,5,2019-05-01,0
MX-COA,vector,2019,6,2019-06-01,24
MX-COA,vector,2019,7,2019-07-01,0
MX-COA,vector,2019,8,2019-08-01,0
MX-COA,vector,2019,9,2019-09-01,0
MX-COA,vector,2019,10,2019-10-01,0
MX-COA,vector,2019,11,2019-11-01,0
MX-COA,vector,2019,12,2019-12-01,0
MX-COA,vector,2020,1,2020-01-01,0
MX-COA,vector,2020,2,2020-02-01,0
MX-COA,vector,2020,3,2020-03-01,0
MX-COA,vector,2020,4,2020-04-01,0
MX-COA,vector,2020,5,2020-05-01,0
MX-COA,vector,2020,6,2020-06-01,24
MX-COA,vector,2020,7,2020-07-01,0
MX-COA,vector,2020,8,2020-08-01,0
MX-COA,vector,2020,9,2020-09-01,15
MX-COA,vector,2020,10,2020-10-01,23
MX-COA,vector,2020,11,2020-11-01,0
MX-COA,vector,2020,12,2020-12-01,0
MX-COA,vector,2021,1,2021-01-01,27
MX-COA,vector,2021,2,2021-02-01,44
MX-COA,vector,2021,3,2021-03-01,27
MX-COA,vector,2021,4,2021-04-01,19
MX-COA,vector,2021,5,2021-05-01,23
MX-COA,vector,2021,6,2021-06-01,24
MX-COA,vector,2021,7,2021-07-01,0
MX-COA,vector,2021,8,2021-08-01,0
MX-COA,vector,2021,9,2021-09-01,35
MX-COA,vector,2021,10,2021-10-01,23
MX-COA,vector,2021,11,2021-11-01,23
MX-COA,vector,2021,12,2021-12-01,0
MX-COA,vector,2022,1,2022-01-01,18
MX-COA,vector,2022,2,2022-02-01,41
MX-COA,vector,2022,3,2022-03-01,36
MX-COA,vector,2022,4,2022-04-01,36
MX-COA,vector,2022,5,2022-05-01,82
MX-COA,vector,2022,6,2022-06-01,59
MX-COA,vector,2022,7,2022-07-01,32
MX-COA,vector,2022,8,2022-08-01,52
MX-COA,vector,2022,9,2022-09-01,67
MX-COA,vector,2022,10,2022-10-01,50
MX-COA,vector,2022,11,2022-11-01,42
MX-COA,vector,2022,12,2022-12-01,53
MX-COL,Aedes_aegypti,2004,1,2004-01-01,0
MX-COL,Aedes_aegypti,2004,2,2004-02-01,0
MX-COL,Aedes_aegypti,2004,3,2004-03-01,0
MX-COL,Aedes_aegypti,2004,4,2004-04-01,0
MX-COL,Aedes_aegypti,2004,5,2004-05-01,0
MX-COL,Aedes_aegypti,2004,6,2004-06-01,0
MX-COL,Aedes_aegypti,2004,7,2004-07-01,0
MX-COL,Aedes_aegypti,2004,8,2004-08-01,0
MX-COL,Aedes_aegypti,2004,9,2004-09-01,0
MX-COL,Aedes_aegypti,2004,10,2004-10-01,0
MX-COL,Aedes_aegypti,2004,11,2004-11-01,0
MX-COL,Aedes_aegypti,2004,12,2004-12-01,0
MX-COL,Aedes_aegypti,2005,1,2005-01-01,0
MX-COL,Aedes_aegypti,2005,2,2005-02-01,0
MX-COL,Aedes_aegypti,2005,3,2005-03-01,0
MX-COL,Aedes_aegypti,2005,4,2005-04-01,0
MX-COL,Aedes_aegypti,2005,5,2005-05-01,0
MX-COL,Aedes_aegypti,2005,6,2005-06-01,0
MX-COL,Aedes_aegypti,2005,7,2005-07-01,0
MX-COL,Aedes_aegypti,2005,8,2005-08-01,0
MX-COL,Aedes_aegypti,2005,9,2005-09-01,0
MX-COL,Aedes_aegypti,2005,10,2005-10-01,0
MX-COL,Aedes_aegypti,2005,11,2005-11-01,0
MX-COL,Aedes_aegypti,2005,12,2005-12-01,0
MX-COL,Aedes_aegypti,2006,1,2006-01-01,0
MX-COL,Aedes_aegypti,2006,2,2006-02-01,0
MX-COL,Aedes_aegypti,2006,3,2006-03-01,0
MX-COL,Aedes_aegypti,2006,4,2006-04-01,0
MX-COL,Aedes_aegypti,2006,5,2006-05-01,0
MX-COL,Aedes_aegypti,2006,6,2006-06-01,0
MX-COL,Aedes_aegypti,2006,7,2006-07-01,0
MX-COL,Aedes_aegypti,2006,8,2006-08-01,0
MX-COL,Aedes_aegypti,2006,9,2006-09-01,0
MX-COL,Aedes_aegypti,2006,10,2006-10-01,0
MX-COL,Aedes_aegypti,2006,11,2006-11-01,0
MX-COL,Aedes_aegypti,2006,12,2006-12-01,0
MX-COL,Aedes_aegypti,2007,1,2007-01-01,0
MX-COL,Aedes_aegypti,2007,2,2007-02-01,0
MX-COL,Aedes_aegypti,2007,3,2007-03-01,0
MX-COL,Aedes_aegypti,2007,4,2007-04-01,0
MX-COL,Aedes_aegypti,2007,5,2007-05-01,0
MX-COL,Aedes_aegypti,2007,6,2007-06-01,0
MX-COL,Aedes_aegypti,2007,7,2007-07-01,0
MX-COL,Aedes_aegypti,2007,8,2007-08-01,0
MX-COL,Aedes_aegypti,2007,9,2007-09-01,0
MX-COL,Aedes_aegypti,2007,10,2007-10-01,0
MX-COL,Aedes_aegypti,2007,11,2007-11-01,0
MX-COL,Aedes_aegypti,2007,12,2007-12-01,0
MX-COL,Aedes_aegypti,2008,1,2008-01-01,0
MX-COL,Aedes_aegypti,2008,2,2008-02-01,0
MX-COL,Aedes_aegypti,2008,3,2008-03-01,0
MX-COL,Aedes_aegypti,2008,4,2008-04-01,0
MX-COL,Aedes_aegypti,2008,5,2008-05-01,0
MX-COL,Aedes_aegypti,2008,6,2008-06-01,0
MX-COL,Aedes_aegypti,2008,7,2008-07-01,0
MX-COL,Aedes_aegypti,2008,8,2008-08-01,0
MX-COL,Aedes_aegypti,2008,9,2008-09-01,0
MX-COL,Aedes_aegypti,2008,10,2008-10-01,0
MX-COL,Aedes_aegypti,2008,11,2008-11-01,0
MX-COL,Aedes_aegypti,2008,12,2008-12-01,0
MX-COL,Aedes_aegypti,2009,1,2009-01-01,0
MX-COL,Aedes_aegypti,2009,2,2009-02-01,0
MX-COL,Aedes_aegypti,2009,3,2009-03-01,0
MX-COL,Aedes_aegypti,2009,4,2009-04-01,0
MX-COL,Aedes_aegypti,2009,5,2009-05-01,0
MX-COL,Aedes_aegypti,2009,6,2009-06-01,0
MX-COL,Aedes_aegypti,2009,7,2009-07-01,0
MX-COL,Aedes_aegypti,2009,8,2009-08-01,0
MX-COL,Aedes_aegypti,2009,9,2009-09-01,0
MX-COL,Aedes_aegypti,2009,10,2009-10-01,0
MX-COL,Aedes_aegypti,2009,11,2009-11-01,0
MX-COL,Aedes_aegypti,2009,12,2009-12-01,0
MX-COL,Aedes_aegypti,2010,1,2010-01-01,0
MX-COL,Aedes_aegypti,2010,2,2010-02-01,0
MX-COL,Aedes_aegypti,2010,3,2010-03-01,0
MX-COL,Aedes_aegypti,2010,4,2010-04-01,0
MX-COL,Aedes_aegypti,2010,5,2010-05-01,0
MX-COL,Aedes_aegypti,2010,6,2010-06-01,0
MX-COL,Aedes_aegypti,2010,7,2010-07-01,0
MX-COL,Aedes_aegypti,2010,8,2010-08-01,0
MX-COL,Aedes_aegypti,2010,9,2010-09-01,0
MX-COL,Aedes_aegypti,2010,10,2010-10-01,0
MX-COL,Aedes_aegypti,2010,11,2010-11-01,0
MX-COL,Aedes_aegypti,2010,12,2010-12-01,0
MX-COL,Aedes_aegypti,2011,1,2011-01-01,0
MX-COL,Aedes_aegypti,2011,2,2011-02-01,0
MX-COL,Aedes_aegypti,2011,3,2011-03-01,0
MX-COL,Aedes_aegypti,2011,4,2011-04-01,0
MX-COL,Aedes_aegypti,2011,5,2011-05-01,0
MX-COL,Aedes_aegypti,2011,6,2011-06-01,0
MX-COL,Aedes_aegypti,2011,7,2011-07-01,0
MX-COL,Aedes_aegypti,2011,8,2011-08-01,0
MX-COL,Aedes_aegypti,2011,9,2011-09-01,0
MX-COL,Aedes_aegypti,2011,10,2011-10-01,0
MX-COL,Aedes_aegypti,2011,11,2011-11-01,0
MX-COL,Aedes_aegypti,2011,12,2011-12-01,0
MX-COL,Aedes_aegypti,2012,1,2012-01-01,0
MX-COL,Aedes_aegypti,2012,2,2012-02-01,0
MX-COL,Aedes_aegypti,2012,3,2012-03-01,0
MX-COL,Aedes_aegypti,2012,4,2012-04-01,0
MX-COL,Aedes_aegypti,2012,5,2012-05-01,0
MX-COL,Aedes_aegypti,2012,6,2012-06-01,0
MX-COL,Aedes_aegypti,2012,7,2012-07-01,0
MX-COL,Aedes_aegypti,2012,8,2012-08-01,0
MX-COL,Aedes_aegypti,2012,9,2012-09-01,0
MX-COL,Aedes_aegypti,2012,10,2012-10-01,0
MX-COL,Aedes_aegypti,2012,11,2012-11-01,0
MX-COL,Aedes_aegypti,2012,12,2012-12-01,0
MX-COL,Aedes_aegypti,2013,1,2013-01-01,0
MX-COL,Aedes_aegypti,2013,2,2013-02-01,0
MX-COL,Aedes_aegypti,2013,3,2013-03-01,0
MX-COL,Aedes_aegypti,2013,4,2013-04-01,0
MX-COL,Aedes_aegypti,2013,5,2013-05-01,0
MX-COL,Aedes_aegypti,2013,6,2013-06-01,0
MX-COL,Aedes_aegypti,2013,7,2013-07-01,0
MX-COL,Aedes_aegypti,2013,8,2013-08-01,0
MX-COL,Aedes_aegypti,2013,9,2013-09-01,0
MX-COL,Aedes_aegypti,2013,10,2013-10-01,0
MX-COL,Aedes_aegypti,2013,11,2013-11-01,0
MX-COL,Aedes_aegypti,2013,12,2013-12-01,0
MX-COL,Aedes_aegypti,2014,1,2014-01-01,0
MX-COL,Aedes_aegypti,2014,2,2014-02-01,0
MX-COL,Aedes_aegypti,2014,3,2014-03-01,0
MX-COL,Aedes_aegypti,2014,4,2014-04-01,0
MX-COL,Aedes_aegypti,2014,5,2014-05-01,0
MX-COL,Aedes_aegypti,2014,6,2014-06-01,0
MX-COL,Aedes_aegypti,2014,7,2014-07-01,0
MX-COL,Aedes_aegypti,2014,8,2014-08-01,0
MX-COL,Aedes_aegypti,2014,9,2014-09-01,0
MX-COL,Aedes_aegypti,2014,10,2014-10-01,0
MX-COL,Aedes_aegypti,2014,11,2014-11-01,0
MX-COL,Aedes_aegypti,2014,12,2014-12-01,0
MX-COL,Aedes_aegypti,2015,1,2015-01-01,0
MX-COL,Aedes_aegypti,2015,2,2015-02-01,0
MX-COL,Aedes_aegypti,2015,3,2015-03-01,0
MX-COL,Aedes_aegypti,2015,4,2015-04-01,0
MX-COL,Aedes_aegypti,2015,5,2015-05-01,0
MX-COL,Aedes_aegypti,2015,6,2015-06-01,0
MX-COL,Aedes_aegypti,2015,7,2015-07-01,0
MX-COL,Aedes_aegypti,2015,8,2015-08-01,0
MX-COL,Aedes_aegypti,2015,9,2015-09-01,0
MX-COL,Aedes_aegypti,2015,10,2015-10-01,0
MX-COL,Aedes_aegypti,2015,11,2015-11-01,0
MX-COL,Aedes_aegypti,2015,12,2015-12-01,0
MX-COL,Aedes_aegypti,2016,1,2016-01-01,0
MX-COL,Aedes_aegypti,2016,2,2016-02-01,0
MX-COL,Aedes_aegypti,2016,3,2016-03-01,0
MX-COL,Aedes_aegypti,2016,4,2016-04-01,0
MX-COL,Aedes_aegypti,2016,5,2016-05-01,0
MX-COL,Aedes_aegypti,2016,6,2016-06-01,0
MX-COL,Aedes_aegypti,2016,7,2016-07-01,0
MX-COL,Aedes_aegypti,2016,8,2016-08-01,0
MX-COL,Aedes_aegypti,2016,9,2016-09-01,0
MX-COL,Aedes_aegypti,2016,10,2016-10-01,0
MX-COL,Aedes_aegypti,2016,11,2016-11-01,0
MX-COL,Aedes_aegypti,2016,12,2016-12-01,0
MX-COL,Aedes_aegypti,2017,1,2017-01-01,0
MX-COL,Aedes_aegypti,2017,2,2017-02-01,0
MX-COL,Aedes_aegypti,2017,3,2017-03-01,0
MX-COL,Aedes_aegypti,2017,4,2017-04-01,0
MX-COL,Aedes_aegypti,2017,5,2017-05-01,0
MX-COL,Aedes_aegypti,2017,6,2017-06-01,0
MX-COL,Aedes_aegypti,2017,7,2017-07-01,0
MX-COL,Aedes_aegypti,2017,8,2017-08-01,0
MX-COL,Aedes_aegypti,2017,9,2017-09-01,0
MX-COL,Aedes_aegypti,2017,10,2017-10-01,0
MX-COL,Aedes_aegypti,2017,11,2017-11-01,0
MX-COL,Aedes_aegypti,2017,12,2017-12-01,0
MX-COL,Aedes_aegypti,2018,1,2018-01-01,0
MX-COL,Aedes_aegypti,2018,2,2018-02-01,0
MX-COL,Aedes_aegypti,2018,3,2018-03-01,0
MX-COL,Aedes_aegypti,2018,4,2018-04-01,0
MX-COL,Aedes_aegypti,2018,5,2018-05-01,0
MX-COL,Aedes_aegypti,2018,6,2018-06-01,0
MX-COL,Aedes_aegypti,2018,7,2018-07-01,0
MX-COL,Aedes_aegypti,2018,8,2018-08-01,0
MX-COL,Aedes_aegypti,2018,9,2018-09-01,0
MX-COL,Aedes_aegypti,2018,10,2018-10-01,0
MX-COL,Aedes_aegypti,2018,11,2018-11-01,0
MX-COL,Aedes_aegypti,2018,12,2018-12-01,0
MX-COL,Aedes_aegypti,2019,1,2019-01-01,0
MX-COL,Aedes_aegypti,2019,2,2019-02-01,0
MX-COL,Aedes_aegypti,2019,3,2019-03-01,0
MX-COL,Aedes_aegypti,2019,4,2019-04-01,0
MX-COL,Aedes_aegypti,2019,5,2019-05-01,0
MX-COL,Aedes_aegypti,2019,6,2019-06-01,0
MX-COL,Aedes_aegypti,2019,7,2019-07-01,0
MX-COL,Aedes_aegypti,2019,8,2019-08-01,0
MX-COL,Aedes_aegypti,2019,9,2019-09-01,0
MX-COL,Aedes_aegypti,2019,10,2019-10-01,0
MX-COL,Aedes_aegypti,2019,11,2019-11-01,0
MX-COL,Aedes_aegypti,2019,12,2019-12-01,0
MX-COL,Aedes_aegypti,2020,1,2020-01-01,0
MX-COL,Aedes_aegypti,2020,2,2020-02-01,0
MX-COL,Aedes_aegypti,2020,3,2020-03-01,0
MX-COL,Aedes_aegypti,2020,4,2020-04-01,0
MX-COL,Aedes_aegypti,2020,5,2020-05-01,0
MX-COL,Aedes_aegypti,2020,6,2020-06-01,0
MX-COL,Aedes_aegypti,2020,7,2020-07-01,0
MX-COL,Aedes_aegypti,2020,8,2020-08-01,0
MX-COL,Aedes_aegypti,2020,9,2020-09-01,0
MX-COL,Aedes_aegypti,2020,10,2020-10-01,0
MX-COL,Aedes_aegypti,2020,11,2020-11-01,0
MX-COL,Aedes_aegypti,2020,12,2020-12-01,0
MX-COL,Aedes_aegypti,2021,1,2021-01-01,0
MX-COL,Aedes_aegypti,2021,2,2021-02-01,100
MX-COL,Aedes_aegypti,2021,3,2021-03-01,0
MX-COL,Aedes_aegypti,2021,4,2021-04-01,0
MX-COL,Aedes_aegypti,2021,5,2021-05-01,0
MX-COL,Aedes_aegypti,2021,6,2021-06-01,0
MX-COL,Aedes_aegypti,2021,7,2021-07-01,0
MX-COL,Aedes_aegypti,2021,8,2021-08-01,0
MX-COL,Aedes_aegypti,2021,9,2021-09-01,0
MX-COL,Aedes_aegypti,2021,10,2021-10-01,0
MX-COL,Aedes_aegypti,2021,11,2021-11-01,0
MX-COL,Aedes_aegypti,2021,12,2021-12-01,0
MX-COL,Aedes_aegypti,2022,1,2022-01-01,0
MX-COL,Aedes_aegypti,2022,2,2022-02-01,0
MX-COL,Aedes_aegypti,2022,3,2022-03-01,0
MX-COL,Aedes_aegypti,2022,4,2022-04-01,0
MX-COL,Aedes_aegypti,2022,5,2022-05-01,0
MX-COL,Aedes_aegypti,2022,6,2022-06-01,0
MX-COL,Aedes_aegypti,2022,7,2022-07-01,0
MX-COL,Aedes_aegypti,2022,8,2022-08-01,0
MX-COL,Aedes_aegypti,2022,9,2022-09-01,52
MX-COL,Aedes_aegypti,2022,10,2022-10-01,0
MX-COL,Aedes_aegypti,2022,11,2022-11-01,0
MX-COL,Aedes_aegypti,2022,12,2022-12-01,0
MX-COL,mosquito,2004,1,2004-01-01,0
MX-COL,mosquito,2004,2,2004-02-01,0
MX-COL,mosquito,2004,3,2004-03-01,0
MX-COL,mosquito,2004,4,2004-04-01,0
MX-COL,mosquito,2004,5,2004-05-01,0
MX-COL,mosquito,2004,6,2004-06-01,0
MX-COL,mosquito,2004,7,2004-07-01,0
MX-COL,mosquito,2004,8,2004-08-01,0
MX-COL,mosquito,2004,9,2004-09-01,0
MX-COL,mosquito,2004,10,2004-10-01,0
MX-COL,mosquito,2004,11,2004-11-01,0
MX-COL,mosquito,2004,12,2004-12-01,0
MX-COL,mosquito,2005,1,2005-01-01,0
MX-COL,mosquito,2005,2,2005-02-01,0
MX-COL,mosquito,2005,3,2005-03-01,0
MX-COL,mosquito,2005,4,2005-04-01,0
MX-COL,mosquito,2005,5,2005-05-01,0
MX-COL,mosquito,2005,6,2005-06-01,0
MX-COL,mosquito,2005,7,2005-07-01,0
MX-COL,mosquito,2005,8,2005-08-01,0
MX-COL,mosquito,2005,9,2005-09-01,0
MX-COL,mosquito,2005,10,2005-10-01,0
MX-COL,mosquito,2005,11,2005-11-01,0
MX-COL,mosquito,2005,12,2005-12-01,0
MX-COL,mosquito,2006,1,2006-01-01,0
MX-COL,mosquito,2006,2,2006-02-01,0
MX-COL,mosquito,2006,3,2006-03-01,0
MX-COL,mosquito,2006,4,2006-04-01,0
MX-COL,mosquito,2006,5,2006-05-01,0
MX-COL,mosquito,2006,6,2006-06-01,0
MX-COL,mosquito,2006,7,2006-07-01,0
MX-COL,mosquito,2006,8,2006-08-01,0
MX-COL,mosquito,2006,9,2006-09-01,0
MX-COL,mosquito,2006,10,2006-10-01,0
MX-COL,mosquito,2006,11,2006-11-01,0
MX-COL,mosquito,2006,12,2006-12-01,0
MX-COL,mosquito,2007,1,2007-01-01,0
MX-COL,mosquito,2007,2,2007-02-01,0
MX-COL,mosquito,2007,3,2007-03-01,0
MX-COL,mosquito,2007,4,2007-04-01,0
MX-COL,mosquito,2007,5,2007-05-01,0
MX-COL,mosquito,2007,6,2007-06-01,0
MX-COL,mosquito,2007,7,2007-07-01,0
MX-COL,mosquito,2007,8,2007-08-01,0
MX-COL,mosquito,2007,9,2007-09-01,100
MX-COL,mosquito,2007,10,2007-10-01,0
MX-COL,mosquito,2007,11,2007-11-01,0
MX-COL,mosquito,2007,12,2007-12-01,0
MX-COL,mosquito,2008,1,2008-01-01,0
MX-COL,mosquito,2008,2,2008-02-01,0
MX-COL,mosquito,2008,3,2008-03-01,0
MX-COL,mosquito,2008,4,2008-04-01,0
MX-COL,mosquito,2008,5,2008-05-01,0
MX-COL,mosquito,2008,6,2008-06-01,0
MX-COL,mosquito,2008,7,2008-07-01,0
MX-COL,mosquito,2008,8,2008-08-01,0
MX-COL,mosquito,2008,9,2008-09-01,0
MX-COL,mosquito,2008,10,2008-10-01,0
MX-COL,mosquito,2008,11,2008-11-01,0
MX-COL,mosquito,2008,12,2008-12-01,0
MX-COL,mosquito,2009,1,2009-01-01,0
MX-COL,mosquito,2009,2,2009-02-01,0
MX-COL,mosquito,2009,3,2009-03-01,0
MX-COL,mosquito,2009,4,2009-04-01,0
MX-COL,mosquito,2009,5,2009-05-01,0
MX-COL,mosquito,2009,6,2009-06-01,0
MX-COL,mosquito,2009,7,2009-07-01,0
MX-COL,mosquito,2009,8,2009-08-01,0
MX-COL,mosquito,2009,9,2009-09-01,0
MX-COL,mosquito,2009,10,2009-10-01,0
MX-COL,mosquito,2009,11,2009-11-01,0
MX-COL,mosquito,2009,12,2009-12-01,0
MX-COL,mosquito,2010,1,2010-01-01,0
MX-COL,mosquito,2010,2,2010-02-01,0
MX-COL,mosquito,2010,3,2010-03-01,0
MX-COL,mosquito,2010,4,2010-04-01,0
MX-COL,mosquito,2010,5,2010-05-01,0
MX-COL,mosquito,2010,6,2010-06-01,0
MX-COL,mosquito,2010,7,2010-07-01,0
MX-COL,mosquito,2010,8,2010-08-01,0
MX-COL,mosquito,2010,9,2010-09-01,0
MX-COL,mosquito,2010,10,2010-10-01,0
MX-COL,mosquito,2010,11,2010-11-01,0
MX-COL,mosquito,2010,12,2010-12-01,0
MX-COL,mosquito,2011,1,2011-01-01,0
MX-COL,mosquito,2011,2,2011-02-01,0
MX-COL,mosquito,2011,3,2011-03-01,0
MX-COL,mosquito,2011,4,2011-04-01,0
MX-COL,mosquito,2011,5,2011-05-01,0
MX-COL,mosquito,2011,6,2011-06-01,0
MX-COL,mosquito,2011,7,2011-07-01,14
MX-COL,mosquito,2011,8,2011-08-01,0
MX-COL,mosquito,2011,9,2011-09-01,10
MX-COL,mosquito,2011,10,2011-10-01,12
MX-COL,mosquito,2011,11,2011-11-01,0
MX-COL,mosquito,2011,12,2011-12-01,0
MX-COL,mosquito,2012,1,2012-01-01,0
MX-COL,mosquito,2012,2,2012-02-01,0
MX-COL,mosquito,2012,3,2012-03-01,7
MX-COL,mosquito,2012,4,2012-04-01,0
MX-COL,mosquito,2012,5,2012-05-01,0
MX-COL,mosquito,2012,6,2012-06-01,8
MX-COL,mosquito,2012,7,2012-07-01,10
MX-COL,mosquito,2012,8,2012-08-01,9
MX-COL,mosquito,2012,9,2012-09-01,6
MX-COL,mosquito,2012,10,2012-10-01,0
MX-COL,mosquito,2012,11,2012-11-01,0
MX-COL,mosquito,2012,12,2012-12-01,7
MX-COL,mosquito,2013,1,2013-01-01,5
MX-COL,mosquito,2013,2,2013-02-01,0
MX-COL,mosquito,2013,3,2013-03-01,0
MX-COL,mosquito,2013,4,2013-04-01,6
MX-COL,mosquito,2013,5,2013-05-01,8
MX-COL,mosquito,2013,6,2013-06-01,0
MX-COL,mosquito,2013,7,2013-07-01,15
MX-COL,mosquito,2013,8,2013-08-01,9
MX-COL,mosquito,2013,9,2013-09-01,9
MX-COL,mosquito,2013,10,2013-10-01,10
MX-COL,mosquito,2013,11,2013-11-01,8
MX-COL,mosquito,2013,12,2013-12-01,5
MX-COL,mosquito,2014,1,2014-01-01,0
MX-COL,mosquito,2014,2,2014-02-01,0
MX-COL,mosquito,2014,3,2014-03-01,0
MX-COL,mosquito,2014,4,2014-04-01,0
MX-COL,mosquito,2014,5,2014-05-01,0
MX-COL,mosquito,2014,6,2014-06-01,9
MX-COL,mosquito,2014,7,2014-07-01,14
MX-COL,mosquito,2014,8,2014-08-01,9
MX-COL,mosquito,2014,9,2014-09-01,9
MX-COL,mosquito,2014,10,2014-10-01,4
MX-COL,mosquito,2014,11,2014-11-01,0
MX-COL,mosquito,2014,12,2014-12-01,5
MX-COL,mosquito,2015,1,2015-01-01,5
MX-COL,mosquito,2015,2,2015-02-01,5
MX-COL,mosquito,2015,3,2015-03-01,6
MX-COL,mosquito,2015,4,2015-04-01,13
MX-COL,mosquito,2015,5,2015-05-01,7
MX-COL,mosquito,2015,6,2015-06-01,19
MX-COL,mosquito,2015,7,2015-07-01,30
MX-COL,mosquito,2015,8,2015-08-01,19
MX-COL,mosquito,2015,9,2015-09-01,14
MX-COL,mosquito,2015,10,2015-10-01,12
MX-COL,mosquito,2015,11,2015-11-01,0
MX-COL,mosquito,2015,12,2015-12-01,0
MX-COL,mosquito,2016,1,2016-01-01,10
MX-COL,mosquito,2016,2,2016-02-01,18
MX-COL,mosquito,2016,3,2016-03-01,10
MX-COL,mosquito,2016,4,2016-04-01,10
MX-COL,mosquito,2016,5,2016-05-01,0
MX-COL,mosquito,2016,6,2016-06-01,0
MX-COL,mosquito,2016,7,2016-07-01,14
MX-COL,mosquito,2016,8,2016-08-01,8
MX-COL,mosquito,2016,9,2016-09-01,12
MX-COL,mosquito,2016,10,2016-10-01,21
MX-COL,mosquito,2016,11,2016-11-01,0
MX-COL,mosquito,2016,12,2016-12-01,0
MX-COL,mosquito,2017,1,2017-01-01,0
MX-COL,mosquito,2017,2,2017-02-01,0
MX-COL,mosquito,2017,3,2017-03-01,0
MX-COL,mosquito,2017,4,2017-04-01,0
MX-COL,mosquito,2017,5,2017-05-01,0
MX-COL,mosquito,2017,6,2017-06-01,0
MX-COL,mosquito,2017,7,2017-07-01,0
MX-COL,mosquito,2017,8,2017-08-01,0
MX-COL,mosquito,2017,9,2017-09-01,0
MX-COL,mosquito,2017,10,2017-10-01,0
MX-COL,mosquito,2017,11,2017-11-01,0
MX-COL,mosquito,2017,12,2017-12-01,0
MX-COL,mosquito,2018,1,2018-01-01,0
MX-COL,mosquito,2018,2,2018-02-01,0
MX-COL,mosquito,2018,3,2018-03-01,0
MX-COL,mosquito,2018,4,2018-04-01,0
MX-COL,mosquito,2018,5,2018-05-01,0
MX-COL,mosquito,2018,6,2018-06-01,0
MX-COL,mosquito,2018,7,2018-07-01,0
MX-COL,mosquito,2018,8,2018-08-01,0
MX-COL,mosquito,2018,9,2018-09-01,0
MX-COL,mosquito,2018,10,2018-10-01,0
MX-COL,mosquito,2018,11,2018-11-01,0
MX-COL,mosquito,2018,12,2018-12-01,0
MX-COL,mosquito,2019,1,2019-01-01,0
MX-COL,mosquito,2019,2,2019-02-01,0
MX-COL,mosquito,2019,3,2019-03-01,0
MX-COL,mosquito,2019,4,2019-04-01,0
MX-COL,mosquito,2019,5,2019-05-01,0
MX-COL,mosquito,2019,6,2019-06-01,0
MX-COL,mosquito,2019,7,2019-07-01,0
MX-COL,mosquito,2019,8,2019-08-01,0
MX-COL,mosquito,2019,9,2019-09-01,0
MX-COL,mosquito,2019,10,2019-10-01,0
MX-COL,mosquito,2019,11,2019-11-01,0
MX-COL,mosquito,2019,12,2019-12-01,0
MX-COL,mosquito,2020,1,2020-01-01,0
MX-COL,mosquito,2020,2,2020-02-01,0
MX-COL,mosquito,2020,3,2020-03-01,0
MX-COL,mosquito,2020,4,2020-04-01,0
MX-COL,mosquito,2020,5,2020-05-01,9
MX-COL,mosquito,2020,6,2020-06-01,0
MX-COL,mosquito,2020,7,2020-07-01,0
MX-COL,mosquito,2020,8,2020-08-01,0
MX-COL,mosquito,2020,9,2020-09-01,0
MX-COL,mosquito,2020,10,2020-10-01,0
MX-COL,mosquito,2020,11,2020-11-01,0
MX-COL,mosquito,2020,12,2020-12-01,0
MX-COL,mosquito,2021,1,2021-01-01,0
MX-COL,mosquito,2021,2,2021-02-01,0
MX-COL,mosquito,2021,3,2021-03-01,0
MX-COL,mosquito,2021,4,2021-04-01,0
MX-COL,mosquito,2021,5,2021-05-01,0
MX-COL,mosquito,2021,6,2021-06-01,7
MX-COL,mosquito,2021,7,2021-07-01,17
MX-COL,mosquito,2021,8,2021-08-01,9
MX-COL,mosquito,2021,9,2021-09-01,0
MX-COL,mosquito,2021,10,2021-10-01,7
MX-COL,mosquito,2021,11,2021-11-01,0
MX-COL,mosquito,2021,12,2021-12-01,0
MX-COL,mosquito,2022,1,2022-01-01,0
MX-COL,mosquito,2022,2,2022-02-01,0
MX-COL,mosquito,2022,3,2022-03-01,5
MX-COL,mosquito,2022,4,2022-04-01,6
MX-COL,mosquito,2022,5,2022-05-01,6
MX-COL,mosquito,2022,6,2022-06-01,7
MX-COL,mosquito,2022,7,2022-07-01,16
MX-COL,mosquito,2022,8,2022-08-01,11
MX-COL,mosquito,2022,9,2022-09-01,8
MX-COL,mosquito,2022,10,2022-10-01,9
MX-COL,mosquito,2022,11,2022-11-01,8
MX-COL,mosquito,2022,12,2022-12-01,8
MX-COL,vector,2004,1,2004-01-01,0
MX-COL,vector,2004,2,2004-02-01,0
MX-COL,vector,2004,3,2004-03-01,0
MX-COL,vector,2004,4,2004-04-01,0
MX-COL,vector,2004,5,2004-05-01,0
MX-COL,vector,2004,6,2004-06-01,0
MX-COL,vector,2004,7,2004-07-01,0
MX-COL,vector,2004,8,2004-08-01,0
MX-COL,vector,2004,9,2004-09-01,0
MX-COL,vector,2004,10,2004-10-01,0
MX-COL,vector,2004,11,2004-11-01,0
MX-COL,vector,2004,12,2004-12-01,0
MX-COL,vector,2005,1,2005-01-01,0
MX-COL,vector,2005,2,2005-02-01,0
MX-COL,vector,2005,3,2005-03-01,0
MX-COL,vector,2005,4,2005-04-01,0
MX-COL,vector,2005,5,2005-05-01,0
MX-COL,vector,2005,6,2005-06-01,0
MX-COL,vector,2005,7,2005-07-01,0
MX-COL,vector,2005,8,2005-08-01,0
MX-COL,vector,2005,9,2005-09-01,0
MX-COL,vector,2005,10,2005-10-01,0
MX-COL,vector,2005,11,2005-11-01,0
MX-COL,vector,2005,12,2005-12-01,0
MX-COL,vector,2006,1,2006-01-01,0
MX-COL,vector,2006,2,2006-02-01,0
MX-COL,vector,2006,3,2006-03-01,0
MX-COL,vector,2006,4,2006-04-01,0
MX-COL,vector,2006,5,2006-05-01,0
MX-COL,vector,2006,6,2006-06-01,0
MX-COL,vector,2006,7,2006-07-01,0
MX-COL,vector,2006,8,2006-08-01,0
MX-COL,vector,2006,9,2006-09-01,0
MX-COL,vector,2006,10,2006-10-01,0
MX-COL,vector,2006,11,2006-11-01,0
MX-COL,vector,2006,12,2006-12-01,0
MX-COL,vector,2007,1,2007-01-01,0
MX-COL,vector,2007,2,2007-02-01,0
MX-COL,vector,2007,3,2007-03-01,0
MX-COL,vector,2007,4,2007-04-01,0
MX-COL,vector,2007,5,2007-05-01,0
MX-COL,vector,2007,6,2007-06-01,71
MX-COL,vector,2007,7,2007-07-01,0
MX-COL,vector,2007,8,2007-08-01,0
MX-COL,vector,2007,9,2007-09-01,0
MX-COL,vector,2007,10,2007-10-01,0
MX-COL,vector,2007,11,2007-11-01,0
MX-COL,vector,2007,12,2007-12-01,100
MX-COL,vector,2008,1,2008-01-01,0
MX-COL,vector,2008,2,2008-02-01,0
MX-COL,vector,2008,3,2008-03-01,0
MX-COL,vector,2008,4,2008-04-01,0
MX-COL,vector,2008,5,2008-05-01,0
MX-COL,vector,2008,6,2008-06-01,0
MX-COL,vector,2008,7,2008-07-01,0
MX-COL,vector,2008,8,2008-08-01,0
MX-COL,vector,2008,9,2008-09-01,60
MX-COL,vector,2008,10,2008-10-01,0
MX-COL,vector,2008,11,2008-11-01,0
MX-COL,vector,2008,12,2008-12-01,0
MX-COL,vector,2009,1,2009-01-01,0
MX-COL,vector,2009,2,2009-02-01,0
MX-COL,vector,2009,3,2009-03-01,0
MX-COL,vector,2009,4,2009-04-01,0
MX-COL,vector,2009,5,2009-05-01,0
MX-COL,vector,2009,6,2009-06-01,0
MX-COL,vector,2009,7,2009-07-01,0
MX-COL,vector,2009,8,2009-08-01,0
MX-COL,vector,2009,9,2009-09-01,0
MX-COL,vector,2009,10,2009-10-01,0
MX-COL,vector,2009,11,2009-11-01,0
MX-COL,vector,2009,12,2009-12-01,0
MX-COL,vector,2010,1,2010-01-01,0
MX-COL,vector,2010,2,2010-02-01,0
MX-COL,vector,2010,3,2010-03-01,0
MX-COL,vector,2010,4,2010-04-01,0
MX-COL,vector,2010,5,2010-05-01,0
MX-COL,vector,2010,6,2010-06-01,0
MX-COL,vector,2010,7,2010-07-01,0
MX-COL,vector,2010,8,2010-08-01,0
MX-COL,vector,2010,9,2010-09-01,0
MX-COL,vector,2010,10,2010-10-01,0
MX-COL,vector,2010,11,2010-11-01,0
MX-COL,vector,2010,12,2010-12-01,0
MX-COL,vector,2011,1,2011-01-01,0
MX-COL,vector,2011,2,2011-02-01,9
MX-COL,vector,2011,3,2011-03-01,0
MX-COL,vector,2011,4,2011-04-01,0
MX-COL,vector,2011,5,2011-05-01,0
MX-COL,vector,2011,6,2011-06-01,0
MX-COL,vector,2011,7,2011-07-01,0
MX-COL,vector,2011,8,2011-08-01,0
MX-COL,vector,2011,9,2011-09-01,5
MX-COL,vector,2011,10,2011-10-01,0
MX-COL,vector,2011,11,2011-11-01,5
MX-COL,vector,2011,12,2011-12-01,0
MX-COL,vector,2012,1,2012-01-01,0
MX-COL,vector,2012,2,2012-02-01,6
MX-COL,vector,2012,3,2012-03-01,0
MX-COL,vector,2012,4,2012-04-01,0
MX-COL,vector,2012,5,2012-05-01,0
MX-COL,vector,2012,6,2012-06-01,0
MX-COL,vector,2012,7,2012-07-01,0
MX-COL,vector,2012,8,2012-08-01,5
MX-COL,vector,2012,9,2012-09-01,0
MX-COL,vector,2012,10,2012-10-01,4
MX-COL,vector,2012,11,2012-11-01,0
MX-COL,vector,2012,12,2012-12-01,0
MX-COL,vector,2013,1,2013-01-01,0
MX-COL,vector,2013,2,2013-02-01,4
MX-COL,vector,2013,3,2013-03-01,0
MX-COL,vector,2013,4,2013-04-01,0
MX-COL,vector,2013,5,2013-05-01,0
MX-COL,vector,2013,6,2013-06-01,0
MX-COL,vector,2013,7,2013-07-01,0
MX-COL,vector,2013,8,2013-08-01,0
MX-COL,vector,2013,9,2013-09-01,3
MX-COL,vector,2013,10,2013-10-01,2
MX-COL,vector,2013,11,2013-11-01,0
MX-COL,vector,2013,12,2013-12-01,5
MX-COL,vector,2014,1,2014-01-01,0
MX-COL,vector,2014,2,2014-02-01,0
MX-COL,vector,2014,3,2014-03-01,0
MX-COL,vector,2014,4,2014-04-01,0
MX-COL,vector,2014,5,2014-05-01,0
MX-COL,vector,2014,6,2014-06-01,0
MX-COL,vector,2014,7,2014-07-01,0
MX-COL,vector,2014,8,2014-08-01,3
MX-COL,vector,2014,9,2014-09-01,3
MX-COL,vector,2014,10,2014-10-01,0
MX-COL,vector,2014,11,2014-11-01,0
MX-COL,vector,2014,12,2014-12-01,0
MX-COL,vector,2015,1,2015-01-01,0
MX-COL,vector,2015,2,2015-02-01,0
MX-COL,vector,2015,3,2015-03-01,0
MX-COL,vector,2015,4,2015-04-01,0
MX-COL,vector,2015,5,2015-05-01,0
MX-COL,vector,2015,6,2015-06-01,0
MX-COL,vector,2015,7,2015-07-01,0
MX-COL,vector,2015,8,2015-08-01,0
MX-COL,vector,2015,9,2015-09-01,0
MX-COL,vector,2015,10,2015-10-01,0
MX-COL,vector,2015,11,2015-11-01,0
MX-COL,vector,2015,12,2015-12-01,0
MX-COL,vector,2016,1,2016-01-01,0
MX-COL,vector,2016,2,2016-02-01,0
MX-COL,vector,2016,3,2016-03-01,0
MX-COL,vector,2016,4,2016-04-01,0
MX-COL,vector,2016,5,2016-05-01,0
MX-COL,vector,2016,6,2016-06-01,0
MX-COL,vector,2016,7,2016-07-01,0
MX-COL,vector,2016,8,2016-08-01,0
MX-COL,vector,2016,9,2016-09-01,0
MX-COL,vector,2016,10,2016-10-01,0
MX-COL,vector,2016,11,2016-11-01,0
MX-COL,vector,2016,12,2016-12-01,0
MX-COL,vector,2017,1,2017-01-01,0
MX-COL,vector,2017,2,2017-02-01,0
MX-COL,vector,2017,3,2017-03-01,0
MX-COL,vector,2017,4,2017-04-01,0
MX-COL,vector,2017,5,2017-05-01,0
MX-COL,vector,2017,6,2017-06-01,0
MX-COL,vector,2017,7,2017-07-01,0
MX-COL,vector,2017,8,2017-08-01,0
MX-COL,vector,2017,9,2017-09-01,0
MX-COL,vector,2017,10,2017-10-01,0
MX-COL,vector,2017,11,2017-11-01,0
MX-COL,vector,2017,12,2017-12-01,0
MX-COL,vector,2018,1,2018-01-01,0
MX-COL,vector,2018,2,2018-02-01,0
MX-COL,vector,2018,3,2018-03-01,0
MX-COL,vector,2018,4,2018-04-01,0
MX-COL,vector,2018,5,2018-05-01,0
MX-COL,vector,2018,6,2018-06-01,0
MX-COL,vector,2018,7,2018-07-01,0
MX-COL,vector,2018,8,2018-08-01,0
MX-COL,vector,2018,9,2018-09-01,0
MX-COL,vector,2018,10,2018-10-01,0
MX-COL,vector,2018,11,2018-11-01,0
MX-COL,vector,2018,12,2018-12-01,0
MX-COL,vector,2019,1,2019-01-01,0
MX-COL,vector,2019,2,2019-02-01,0
MX-COL,vector,2019,3,2019-03-01,0
MX-COL,vector,2019,4,2019-04-01,0
MX-COL,vector,2019,5,2019-05-01,0
MX-COL,vector,2019,6,2019-06-01,0
MX-COL,vector,2019,7,2019-07-01,0
MX-COL,vector,2019,8,2019-08-01,0
MX-COL,vector,2019,9,2019-09-01,0
MX-COL,vector,2019,10,2019-10-01,0
MX-COL,vector,2019,11,2019-11-01,0
MX-COL,vector,2019,12,2019-12-01,0
MX-COL,vector,2020,1,2020-01-01,0
MX-COL,vector,2020,2,2020-02-01,0
MX-COL,vector,2020,3,2020-03-01,0
MX-COL,vector,2020,4,2020-04-01,0
MX-COL,vector,2020,5,2020-05-01,0
MX-COL,vector,2020,6,2020-06-01,0
MX-COL,vector,2020,7,2020-07-01,0
MX-COL,vector,2020,8,2020-08-01,0
MX-COL,vector,2020,9,2020-09-01,0
MX-COL,vector,2020,10,2020-10-01,0
MX-COL,vector,2020,11,2020-11-01,0
MX-COL,vector,2020,12,2020-12-01,0
MX-COL,vector,2021,1,2021-01-01,0
MX-COL,vector,2021,2,2021-02-01,0
MX-COL,vector,2021,3,2021-03-01,0
MX-COL,vector,2021,4,2021-04-01,0
MX-COL,vector,2021,5,2021-05-01,0
MX-COL,vector,2021,6,2021-06-01,0
MX-COL,vector,2021,7,2021-07-01,0
MX-COL,vector,2021,8,2021-08-01,0
MX-COL,vector,2021,9,2021-09-01,0
MX-COL,vector,2021,10,2021-10-01,0
MX-COL,vector,2021,11,2021-11-01,0
MX-COL,vector,2021,12,2021-12-01,0
MX-COL,vector,2022,1,2022-01-01,0
MX-COL,vector,2022,2,2022-02-01,0
MX-COL,vector,2022,3,2022-03-01,0
MX-COL,vector,2022,4,2022-04-01,0
MX-COL,vector,2022,5,2022-05-01,0
MX-COL,vector,2022,6,2022-06-01,0
MX-COL,vector,2022,7,2022-07-01,0
MX-COL,vector,2022,8,2022-08-01,0
MX-COL,vector,2022,9,2022-09-01,0
MX-COL,vector,2022,10,2022-10-01,0
MX-COL,vector,2022,11,2022-11-01,0
MX-COL,vector,2022,12,2022-12-01,0
MX-DIF,Aedes_aegypti,2004,1,2004-01-01,0
MX-DIF,Aedes_aegypti,2004,2,2004-02-01,0
MX-DIF,Aedes_aegypti,2004,3,2004-03-01,0
MX-DIF,Aedes_aegypti,2004,4,2004-04-01,0
MX-DIF,Aedes_aegypti,2004,5,2004-05-01,0
MX-DIF,Aedes_aegypti,2004,6,2004-06-01,0
MX-DIF,Aedes_aegypti,2004,7,2004-07-01,0
MX-DIF,Aedes_aegypti,2004,8,2004-08-01,0
MX-DIF,Aedes_aegypti,2004,9,2004-09-01,0
MX-DIF,Aedes_aegypti,2004,10,2004-10-01,0
MX-DIF,Aedes_aegypti,2004,11,2004-11-01,0
MX-DIF,Aedes_aegypti,2004,12,2004-12-01,0
MX-DIF,Aedes_aegypti,2005,1,2005-01-01,0
MX-DIF,Aedes_aegypti,2005,2,2005-02-01,0
MX-DIF,Aedes_aegypti,2005,3,2005-03-01,0
MX-DIF,Aedes_aegypti,2005,4,2005-04-01,0
MX-DIF,Aedes_aegypti,2005,5,2005-05-01,0
MX-DIF,Aedes_aegypti,2005,6,2005-06-01,0
MX-DIF,Aedes_aegypti,2005,7,2005-07-01,0
MX-DIF,Aedes_aegypti,2005,8,2005-08-01,0
MX-DIF,Aedes_aegypti,2005,9,2005-09-01,0
MX-DIF,Aedes_aegypti,2005,10,2005-10-01,0
MX-DIF,Aedes_aegypti,2005,11,2005-11-01,0
MX-DIF,Aedes_aegypti,2005,12,2005-12-01,0
MX-DIF,Aedes_aegypti,2006,1,2006-01-01,0
MX-DIF,Aedes_aegypti,2006,2,2006-02-01,0
MX-DIF,Aedes_aegypti,2006,3,2006-03-01,0
MX-DIF,Aedes_aegypti,2006,4,2006-04-01,0
MX-DIF,Aedes_aegypti,2006,5,2006-05-01,0
MX-DIF,Aedes_aegypti,2006,6,2006-06-01,0
MX-DIF,Aedes_aegypti,2006,7,2006-07-01,0
MX-DIF,Aedes_aegypti,2006,8,2006-08-01,0
MX-DIF,Aedes_aegypti,2006,9,2006-09-01,0
MX-DIF,Aedes_aegypti,2006,10,2006-10-01,0
MX-DIF,Aedes_aegypti,2006,11,2006-11-01,88
MX-DIF,Aedes_aegypti,2006,12,2006-12-01,0
MX-DIF,Aedes_aegypti,2007,1,2007-01-01,0
MX-DIF,Aedes_aegypti,2007,2,2007-02-01,0
MX-DIF,Aedes_aegypti,2007,3,2007-03-01,0
MX-DIF,Aedes_aegypti,2007,4,2007-04-01,0
MX-DIF,Aedes_aegypti,2007,5,2007-05-01,0
MX-DIF,Aedes_aegypti,2007,6,2007-06-01,0
MX-DIF,Aedes_aegypti,2007,7,2007-07-01,0
MX-DIF,Aedes_aegypti,2007,8,2007-08-01,0
MX-DIF,Aedes_aegypti,2007,9,2007-09-01,0
MX-DIF,Aedes_aegypti,2007,10,2007-10-01,70
MX-DIF,Aedes_aegypti,2007,11,2007-11-01,49
MX-DIF,Aedes_aegypti,2007,12,2007-12-01,0
MX-DIF,Aedes_aegypti,2008,1,2008-01-01,0
MX-DIF,Aedes_aegypti,2008,2,2008-02-01,0
MX-DIF,Aedes_aegypti,2008,3,2008-03-01,0
MX-DIF,Aedes_aegypti,2008,4,2008-04-01,40
MX-DIF,Aedes_aegypti,2008,5,2008-05-01,39
MX-DIF,Aedes_aegypti,2008,6,2008-06-01,72
MX-DIF,Aedes_aegypti,2008,7,2008-07-01,0
MX-DIF,Aedes_aegypti,2008,8,2008-08-01,0
MX-DIF,Aedes_aegypti,2008,9,2008-09-01,0
MX-DIF,Aedes_aegypti,2008,10,2008-10-01,47
MX-DIF,Aedes_aegypti,2008,11,2008-11-01,0
MX-DIF,Aedes_aegypti,2008,12,2008-12-01,0
MX-DIF,Aedes_aegypti,2009,1,2009-01-01,0
MX-DIF,Aedes_aegypti,2009,2,2009-02-01,52
MX-DIF,Aedes_aegypti,2009,3,2009-03-01,32
MX-DIF,Aedes_aegypti,2009,4,2009-04-01,0
MX-DIF,Aedes_aegypti,2009,5,2009-05-01,31
MX-DIF,Aedes_aegypti,2009,6,2009-06-01,38
MX-DIF,Aedes_aegypti,2009,7,2009-07-01,0
MX-DIF,Aedes_aegypti,2009,8,2009-08-01,48
MX-DIF,Aedes_aegypti,2009,9,2009-09-01,51
MX-DIF,Aedes_aegypti,2009,10,2009-10-01,100
MX-DIF,Aedes_aegypti,2009,11,2009-11-01,69
MX-DIF,Aedes_aegypti,2009,12,2009-12-01,0
MX-DIF,Aedes_aegypti,2010,1,2010-01-01,36
MX-DIF,Aedes_aegypti,2010,2,2010-02-01,28
MX-DIF,Aedes_aegypti,2010,3,2010-03-01,34
MX-DIF,Aedes_aegypti,2010,4,2010-04-01,35
MX-DIF,Aedes_aegypti,2010,5,2010-05-01,42
MX-DIF,Aedes_aegypti,2010,6,2010-06-01,50
MX-DIF,Aedes_aegypti,2010,7,2010-07-01,68
MX-DIF,Aedes_aegypti,2010,8,2010-08-01,37
MX-DIF,Aedes_aegypti,2010,9,2010-09-01,42
MX-DIF,Aedes_aegypti,2010,10,2010-10-01,41
MX-DIF,Aedes_aegypti,2010,11,2010-11-01,33
MX-DIF,Aedes_aegypti,2010,12,2010-12-01,0
MX-DIF,Aedes_aegypti,2011,1,2011-01-01,0
MX-DIF,Aedes_aegypti,2011,2,2011-02-01,0
MX-DIF,Aedes_aegypti,2011,3,2011-03-01,0
MX-DIF,Aedes_aegypti,2011,4,2011-04-01,0
MX-DIF,Aedes_aegypti,2011,5,2011-05-01,0
MX-DIF,Aedes_aegypti,2011,6,2011-06-01,0
MX-DIF,Aedes_aegypti,2011,7,2011-07-01,0
MX-DIF,Aedes_aegypti,2011,8,2011-08-01,0
MX-DIF,Aedes_aegypti,2011,9,2011-09-01,0
MX-DIF,Aedes_aegypti,2011,10,2011-10-01,28
MX-DIF,Aedes_aegypti,2011,11,2011-11-01,0
MX-DIF,Aedes_aegypti,2011,12,2011-12-01,0
MX-DIF,Aedes_aegypti,2012,1,2012-01-01,0
MX-DIF,Aedes_aegypti,2012,2,2012-02-01,0
MX-DIF,Aedes_aegypti,2012,3,2012-03-01,0
MX-DIF,Aedes_aegypti,2012,4,2012-04-01,0
MX-DIF,Aedes_aegypti,2012,5,2012-05-01,0
MX-DIF,Aedes_aegypti,2012,6,2012-06-01,0
MX-DIF,Aedes_aegypti,2012,7,2012-07-01,0
MX-DIF,Aedes_aegypti,2012,8,2012-08-01,0
MX-DIF,Aedes_aegypti,2012,9,2012-09-01,29
MX-DIF,Aedes_aegypti,2012,10,2012-10-01,16
MX-DIF,Aedes_aegypti,2012,11,2012-11-01,0
MX-DIF,Aedes_aegypti,2012,12,2012-12-01,0
MX-DIF,Aedes_aegypti,2013,1,2013-01-01,0
MX-DIF,Aedes_aegypti,2013,2,2013-02-01,0
MX-DIF,Aedes_aegypti,2013,3,2013-03-01,0
MX-DIF,Aedes_aegypti,2013,4,2013-04-01,0
MX-DIF,Aedes_aegypti,2013,5,2013-05-01,0
MX-DIF,Aedes_aegypti,2013,6,2013-06-01,0
MX-DIF,Aedes_aegypti,2013,7,2013-07-01,0
MX-DIF,Aedes_aegypti,2013,8,2013-08-01,25
MX-DIF,Aedes_aegypti,2013,9,2013-09-01,27
MX-DIF,Aedes_aegypti,2013,10,2013-10-01,50
MX-DIF,Aedes_aegypti,2013,11,2013-11-01,24
MX-DIF,Aedes_aegypti,2013,12,2013-12-01,0
MX-DIF,Aedes_aegypti,2014,1,2014-01-01,0
MX-DIF,Aedes_aegypti,2014,2,2014-02-01,0
MX-DIF,Aedes_aegypti,2014,3,2014-03-01,15
MX-DIF,Aedes_aegypti,2014,4,2014-04-01,20
MX-DIF,Aedes_aegypti,2014,5,2014-05-01,18
MX-DIF,Aedes_aegypti,2014,6,2014-06-01,0
MX-DIF,Aedes_aegypti,2014,7,2014-07-01,24
MX-DIF,Aedes_aegypti,2014,8,2014-08-01,0
MX-DIF,Aedes_aegypti,2014,9,2014-09-01,18
MX-DIF,Aedes_aegypti,2014,10,2014-10-01,20
MX-DIF,Aedes_aegypti,2014,11,2014-11-01,16
MX-DIF,Aedes_aegypti,2014,12,2014-12-01,0
MX-DIF,Aedes_aegypti,2015,1,2015-01-01,0
MX-DIF,Aedes_aegypti,2015,2,2015-02-01,0
MX-DIF,Aedes_aegypti,2015,3,2015-03-01,0
MX-DIF,Aedes_aegypti,2015,4,2015-04-01,0
MX-DIF,Aedes_aegypti,2015,5,2015-05-01,0
MX-DIF,Aedes_aegypti,2015,6,2015-06-01,14
MX-DIF,Aedes_aegypti,2015,7,2015-07-01,34
MX-DIF,Aedes_aegypti,2015,8,2015-08-01,34
MX-DIF,Aedes_aegypti,2015,9,2015-09-01,35
MX-DIF,Aedes_aegypti,2015,10,2015-10-01,19
MX-DIF,Aedes_aegypti,2015,11,2015-11-01,45
MX-DIF,Aedes_aegypti,2015,12,2015-12-01,25
MX-DIF,Aedes_aegypti,2016,1,2016-01-01,36
MX-DIF,Aedes_aegypti,2016,2,2016-02-01,78
MX-DIF,Aedes_aegypti,2016,3,2016-03-01,47
MX-DIF,Aedes_aegypti,2016,4,2016-04-01,23
MX-DIF,Aedes_aegypti,2016,5,2016-05-01,30
MX-DIF,Aedes_aegypti,2016,6,2016-06-01,28
MX-DIF,Aedes_aegypti,2016,7,2016-07-01,30
MX-DIF,Aedes_aegypti,2016,8,2016-08-01,31
MX-DIF,Aedes_aegypti,2016,9,2016-09-01,36
MX-DIF,Aedes_aegypti,2016,10,2016-10-01,29
MX-DIF,Aedes_aegypti,2016,11,2016-11-01,24
MX-DIF,Aedes_aegypti,2016,12,2016-12-01,0
MX-DIF,Aedes_aegypti,2017,1,2017-01-01,0
MX-DIF,Aedes_aegypti,2017,2,2017-02-01,0
MX-DIF,Aedes_aegypti,2017,3,2017-03-01,0
MX-DIF,Aedes_aegypti,2017,4,2017-04-01,0
MX-DIF,Aedes_aegypti,2017,5,2017-05-01,15
MX-DIF,Aedes_aegypti,2017,6,2017-06-01,22
MX-DIF,Aedes_aegypti,2017,7,2017-07-01,0
MX-DIF,Aedes_aegypti,2017,8,2017-08-01,21
MX-DIF,Aedes_aegypti,2017,9,2017-09-01,23
MX-DIF,Aedes_aegypti,2017,10,2017-10-01,0
MX-DIF,Aedes_aegypti,2017,11,2017-11-01,20
MX-DIF,Aedes_aegypti,2017,12,2017-12-01,0
MX-DIF,Aedes_aegypti,2018,1,2018-01-01,15
MX-DIF,Aedes_aegypti,2018,2,2018-02-01,0
MX-DIF,Aedes_aegypti,2018,3,2018-03-01,16
MX-DIF,Aedes_aegypti,2018,4,2018-04-01,0
MX-DIF,Aedes_aegypti,2018,5,2018-05-01,16
MX-DIF,Aedes_aegypti,2018,6,2018-06-01,0
MX-DIF,Aedes_aegypti,2018,7,2018-07-01,0
MX-DIF,Aedes_aegypti,2018,8,2018-08-01,27
MX-DIF,Aedes_aegypti,2018,9,2018-09-01,26
MX-DIF,Aedes_aegypti,2018,10,2018-10-01,0
MX-DIF,Aedes_aegypti,2018,11,2018-11-01,16
MX-DIF,Aedes_aegypti,2018,12,2018-12-01,0
MX-DIF,Aedes_aegypti,2019,1,2019-01-01,0
MX-DIF,Aedes_aegypti,2019,2,2019-02-01,0
MX-DIF,Aedes_aegypti,2019,3,2019-03-01,0
MX-DIF,Aedes_aegypti,2019,4,2019-04-01,17
MX-DIF,Aedes_aegypti,2019,5,2019-05-01,0
MX-DIF,Aedes_aegypti,2019,6,2019-06-01,24
MX-DIF,Aedes_aegypti,2019,7,2019-07-01,22
MX-DIF,Aedes_aegypti,2019,8,2019-08-01,26
MX-DIF,Aedes_aegypti,2019,9,2019-09-01,37
MX-DIF,Aedes_aegypti,2019,10,2019-10-01,44
MX-DIF,Aedes_aegypti,2019,11,2019-11-01,31
MX-DIF,Aedes_aegypti,2019,12,2019-12-01,0
MX-DIF,Aedes_aegypti,2020,1,2020-01-01,0
MX-DIF,Aedes_aegypti,2020,2,2020-02-01,0
MX-DIF,Aedes_aegypti,2020,3,2020-03-01,16
MX-DIF,Aedes_aegypti,2020,4,2020-04-01,29
MX-DIF,Aedes_aegypti,2020,5,2020-05-01,20
MX-DIF,Aedes_aegypti,2020,6,2020-06-01,26
MX-DIF,Aedes_aegypti,2020,7,2020-07-01,25
MX-DIF,Aedes_aegypti,2020,8,2020-08-01,44
MX-DIF,Aedes_aegypti,2020,9,2020-09-01,39
MX-DIF,Aedes_aegypti,2020,10,2020-10-01,28
MX-DIF,Aedes_aegypti,2020,11,2020-11-01,0
MX-DIF,Aedes_aegypti,2020,12,2020-12-01,0
MX-DIF,Aedes_aegypti,2021,1,2021-01-01,0
MX-DIF,Aedes_aegypti,2021,2,2021-02-01,0
MX-DIF,Aedes_aegypti,2021,3,2021-03-01,15
MX-DIF,Aedes_aegypti,2021,4,2021-04-01,21
MX-DIF,Aedes_aegypti,2021,5,2021-05-01,16
MX-DIF,Aedes_aegypti,2021,6,2021-06-01,32
MX-DIF,Aedes_aegypti,2021,7,2021-07-01,24
MX-DIF,Aedes_aegypti,2021,8,2021-08-01,15
MX-DIF,Aedes_aegypti,2021,9,2021-09-01,0
MX-DIF,Aedes_aegypti,2021,10,2021-10-01,26
MX-DIF,Aedes_aegypti,2021,11,2021-11-01,0
MX-DIF,Aedes_aegypti,2021,12,2021-12-01,0
MX-DIF,Aedes_aegypti,2022,1,2022-01-01,0
MX-DIF,Aedes_aegypti,2022,2,2022-02-01,0
MX-DIF,Aedes_aegypti,2022,3,2022-03-01,16
MX-DIF,Aedes_aegypti,2022,4,2022-04-01,0
MX-DIF,Aedes_aegypti,2022,5,2022-05-01,15
MX-DIF,Aedes_aegypti,2022,6,2022-06-01,17
MX-DIF,Aedes_aegypti,2022,7,2022-07-01,0
MX-DIF,Aedes_aegypti,2022,8,2022-08-01,33
MX-DIF,Aedes_aegypti,2022,9,2022-09-01,14
MX-DIF,Aedes_aegypti,2022,10,2022-10-01,0
MX-DIF,Aedes_aegypti,2022,11,2022-11-01,21
MX-DIF,Aedes_aegypti,2022,12,2022-12-01,24
MX-DIF,mosquito,2004,1,2004-01-01,0
MX-DIF,mosquito,2004,2,2004-02-01,0
MX-DIF,mosquito,2004,3,2004-03-01,0
MX-DIF,mosquito,2004,4,2004-04-01,0
MX-DIF,mosquito,2004,5,2004-05-01,0
MX-DIF,mosquito,2004,6,2004-06-01,0
MX-DIF,mosquito,2004,7,2004-07-01,0
MX-DIF,mosquito,2004,8,2004-08-01,36
MX-DIF,mosquito,2004,9,2004-09-01,0
MX-DIF,mosquito,2004,10,2004-10-01,39
MX-DIF,mosquito,2004,11,2004-11-01,0
MX-DIF,mosquito,2004,12,2004-12-01,0
MX-DIF,mosquito,2005,1,2005-01-01,0
MX-DIF,mosquito,2005,2,2005-02-01,0
MX-DIF,mosquito,2005,3,2005-03-01,41
MX-DIF,mosquito,2005,4,2005-04-01,24
MX-DIF,mosquito,2005,5,2005-05-01,0
MX-DIF,mosquito,2005,6,2005-06-01,24
MX-DIF,mosquito,2005,7,2005-07-01,38
MX-DIF,mosquito,2005,8,2005-08-01,34
MX-DIF,mosquito,2005,9,2005-09-01,24
MX-DIF,mosquito,2005,10,2005-10-01,32
MX-DIF,mosquito,2005,11,2005-11-01,31
MX-DIF,mosquito,2005,12,2005-12-01,0
MX-DIF,mosquito,2006,1,2006-01-01,17
MX-DIF,mosquito,2006,2,2006-02-01,18
MX-DIF,mosquito,2006,3,2006-03-01,23
MX-DIF,mosquito,2006,4,2006-04-01,21
MX-DIF,mosquito,2006,5,2006-05-01,33
MX-DIF,mosquito,2006,6,2006-06-01,24
MX-DIF,mosquito,2006,7,2006-07-01,26
MX-DIF,mosquito,2006,8,2006-08-01,32
MX-DIF,mosquito,2006,9,2006-09-01,28
MX-DIF,mosquito,2006,10,2006-10-01,28
MX-DIF,mosquito,2006,11,2006-11-01,18
MX-DIF,mosquito,2006,12,2006-12-01,22
MX-DIF,mosquito,2007,1,2007-01-01,24
MX-DIF,mosquito,2007,2,2007-02-01,22
MX-DIF,mosquito,2007,3,2007-03-01,25
MX-DIF,mosquito,2007,4,2007-04-01,30
MX-DIF,mosquito,2007,5,2007-05-01,26
MX-DIF,mosquito,2007,6,2007-06-01,31
MX-DIF,mosquito,2007,7,2007-07-01,24
MX-DIF,mosquito,2007,8,2007-08-01,23
MX-DIF,mosquito,2007,9,2007-09-01,31
MX-DIF,mosquito,2007,10,2007-10-01,41
MX-DIF,mosquito,2007,11,2007-11-01,22
MX-DIF,mosquito,2007,12,2007-12-01,21
MX-DIF,mosquito,2008,1,2008-01-01,21
MX-DIF,mosquito,2008,2,2008-02-01,18
MX-DIF,mosquito,2008,3,2008-03-01,20
MX-DIF,mosquito,2008,4,2008-04-01,23
MX-DIF,mosquito,2008,5,2008-05-01,33
MX-DIF,mosquito,2008,6,2008-06-01,28
MX-DIF,mosquito,2008,7,2008-07-01,25
MX-DIF,mosquito,2008,8,2008-08-01,29
MX-DIF,mosquito,2008,9,2008-09-01,30
MX-DIF,mosquito,2008,10,2008-10-01,26
MX-DIF,mosquito,2008,11,2008-11-01,20
MX-DIF,mosquito,2008,12,2008-12-01,20
MX-DIF,mosquito,2009,1,2009-01-01,18
MX-DIF,mosquito,2009,2,2009-02-01,19
MX-DIF,mosquito,2009,3,2009-03-01,22
MX-DIF,mosquito,2009,4,2009-04-01,21
MX-DIF,mosquito,2009,5,2009-05-01,26
MX-DIF,mosquito,2009,6,2009-06-01,31
MX-DIF,mosquito,2009,7,2009-07-01,29
MX-DIF,mosquito,2009,8,2009-08-01,31
MX-DIF,mosquito,2009,9,2009-09-01,32
MX-DIF,mosquito,2009,10,2009-10-01,49
MX-DIF,mosquito,2009,11,2009-11-01,38
MX-DIF,mosquito,2009,12,2009-12-01,23
MX-DIF,mosquito,2010,1,2010-01-01,19
MX-DIF,mosquito,2010,2,2010-02-01,21
MX-DIF,mosquito,2010,3,2010-03-01,25
MX-DIF,mosquito,2010,4,2010-04-01,27
MX-DIF,mosquito,2010,5,2010-05-01,36
MX-DIF,mosquito,2010,6,2010-06-01,33
MX-DIF,mosquito,2010,7,2010-07-01,42
MX-DIF,mosquito,2010,8,2010-08-01,42
MX-DIF,mosquito,2010,9,2010-09-01,35
MX-DIF,mosquito,2010,10,2010-10-01,27
MX-DIF,mosquito,2010,11,2010-11-01,21
MX-DIF,mosquito,2010,12,2010-12-01,22
MX-DIF,mosquito,2011,1,2011-01-01,20
MX-DIF,mosquito,2011,2,2011-02-01,16
MX-DIF,mosquito,2011,3,2011-03-01,19
MX-DIF,mosquito,2011,4,2011-04-01,29
MX-DIF,mosquito,2011,5,2011-05-01,50
MX-DIF,mosquito,2011,6,2011-06-01,36
MX-DIF,mosquito,2011,7,2011-07-01,31
MX-DIF,mosquito,2011,8,2011-08-01,43
MX-DIF,mosquito,2011,9,2011-09-01,34
MX-DIF,mosquito,2011,10,2011-10-01,32
MX-DIF,mosquito,2011,11,2011-11-01,19
MX-DIF,mosquito,2011,12,2011-12-01,19
MX-DIF,mosquito,2012,1,2012-01-01,19
MX-DIF,mosquito,2012,2,2012-02-01,17
MX-DIF,mosquito,2012,3,2012-03-01,24
MX-DIF,mosquito,2012,4,2012-04-01,23
MX-DIF,mosquito,2012,5,2012-05-01,42
MX-DIF,mosquito,2012,6,2012-06-01,30
MX-DIF,mosquito,2012,7,2012-07-01,36
MX-DIF,mosquito,2012,8,2012-08-01,42
MX-DIF,mosquito,2012,9,2012-09-01,43
MX-DIF,mosquito,2012,10,2012-10-01,36
MX-DIF,mosquito,2012,11,2012-11-01,20
MX-DIF,mosquito,2012,12,2012-12-01,20
MX-DIF,mosquito,2013,1,2013-01-01,18
MX-DIF,mosquito,2013,2,2013-02-01,19
MX-DIF,mosquito,2013,3,2013-03-01,23
MX-DIF,mosquito,2013,4,2013-04-01,35
MX-DIF,mosquito,2013,5,2013-05-01,35
MX-DIF,mosquito,2013,6,2013-06-01,49
MX-DIF,mosquito,2013,7,2013-07-01,53
MX-DIF,mosquito,2013,8,2013-08-01,53
MX-DIF,mosquito,2013,9,2013-09-01,45
MX-DIF,mosquito,2013,10,2013-10-01,51
MX-DIF,mosquito,2013,11,2013-11-01,28
MX-DIF,mosquito,2013,12,2013-12-01,19
MX-DIF,mosquito,2014,1,2014-01-01,19
MX-DIF,mosquito,2014,2,2014-02-01,21
MX-DIF,mosquito,2014,3,2014-03-01,29
MX-DIF,mosquito,2014,4,2014-04-01,43
MX-DIF,mosquito,2014,5,2014-05-01,37
MX-DIF,mosquito,2014,6,2014-06-01,49
MX-DIF,mosquito,2014,7,2014-07-01,61
MX-DIF,mosquito,2014,8,2014-08-01,63
MX-DIF,mosquito,2014,9,2014-09-01,47
MX-DIF,mosquito,2014,10,2014-10-01,41
MX-DIF,mosquito,2014,11,2014-11-01,33
MX-DIF,mosquito,2014,12,2014-12-01,24
MX-DIF,mosquito,2015,1,2015-01-01,21
MX-DIF,mosquito,2015,2,2015-02-01,22
MX-DIF,mosquito,2015,3,2015-03-01,30
MX-DIF,mosquito,2015,4,2015-04-01,56
MX-DIF,mosquito,2015,5,2015-05-01,52
MX-DIF,mosquito,2015,6,2015-06-01,70
MX-DIF,mosquito,2015,7,2015-07-01,80
MX-DIF,mosquito,2015,8,2015-08-01,100
MX-DIF,mosquito,2015,9,2015-09-01,71
MX-DIF,mosquito,2015,10,2015-10-01,48
MX-DIF,mosquito,2015,11,2015-11-01,55
MX-DIF,mosquito,2015,12,2015-12-01,38
MX-DIF,mosquito,2016,1,2016-01-01,42
MX-DIF,mosquito,2016,2,2016-02-01,66
MX-DIF,mosquito,2016,3,2016-03-01,47
MX-DIF,mosquito,2016,4,2016-04-01,53
MX-DIF,mosquito,2016,5,2016-05-01,68
MX-DIF,mosquito,2016,6,2016-06-01,54
MX-DIF,mosquito,2016,7,2016-07-01,71
MX-DIF,mosquito,2016,8,2016-08-01,69
MX-DIF,mosquito,2016,9,2016-09-01,62
MX-DIF,mosquito,2016,10,2016-10-01,51
MX-DIF,mosquito,2016,11,2016-11-01,6
MX-DIF,mosquito,2016,12,2016-12-01,3
MX-DIF,mosquito,2017,1,2017-01-01,5
MX-DIF,mosquito,2017,2,2017-02-01,4
MX-DIF,mosquito,2017,3,2017-03-01,6
MX-DIF,mosquito,2017,4,2017-04-01,7
MX-DIF,mosquito,2017,5,2017-05-01,10
MX-DIF,mosquito,2017,6,2017-06-01,17
MX-DIF,mosquito,2017,7,2017-07-01,14
MX-DIF,mosquito,2017,8,2017-08-01,14
MX-DIF,mosquito,2017,9,2017-09-01,11
MX-DIF,mosquito,2017,10,2017-10-01,12
MX-DIF,mosquito,2017,11,2017-11-01,7
MX-DIF,mosquito,2017,12,2017-12-01,5
MX-DIF,mosquito,2018,1,2018-01-01,3
MX-DIF,mosquito,2018,2,2018-02-01,5
MX-DIF,mosquito,2018,3,2018-03-01,15
MX-DIF,mosquito,2018,4,2018-04-01,10
MX-DIF,mosquito,2018,5,2018-05-01,17
MX-DIF,mosquito,2018,6,2018-06-01,18
MX-DIF,mosquito,2018,7,2018-07-01,28
MX-DIF,mosquito,2018,8,2018-08-01,19
MX-DIF,mosquito,2018,9,2018-09-01,12
MX-DIF,mosquito,2018,10,2018-10-01,6
MX-DIF,mosquito,2018,11,2018-11-01,8
MX-DIF,mosquito,2018,12,2018-12-01,4
MX-DIF,mosquito,2019,1,2019-01-01,5
MX-DIF,mosquito,2019,2,2019-02-01,6
MX-DIF,mosquito,2019,3,2019-03-01,8
MX-DIF,mosquito,2019,4,2019-04-01,10
MX-DIF,mosquito,2019,5,2019-05-01,13
MX-DIF,mosquito,2019,6,2019-06-01,12
MX-DIF,mosquito,2019,7,2019-07-01,14
MX-DIF,mosquito,2019,8,2019-08-01,15
MX-DIF,mosquito,2019,9,2019-09-01,9
MX-DIF,mosquito,2019,10,2019-10-01,9
MX-DIF,mosquito,2019,11,2019-11-01,7
MX-DIF,mosquito,2019,12,2019-12-01,7
MX-DIF,mosquito,2020,1,2020-01-01,7
MX-DIF,mosquito,2020,2,2020-02-01,6
MX-DIF,mosquito,2020,3,2020-03-01,12
MX-DIF,mosquito,2020,4,2020-04-01,20
MX-DIF,mosquito,2020,5,2020-05-01,19
MX-DIF,mosquito,2020,6,2020-06-01,19
MX-DIF,mosquito,2020,7,2020-07-01,23
MX-DIF,mosquito,2020,8,2020-08-01,22
MX-DIF,mosquito,2020,9,2020-09-01,18
MX-DIF,mosquito,2020,10,2020-10-01,18
MX-DIF,mosquito,2020,11,2020-11-01,14
MX-DIF,mosquito,2020,12,2020-12-01,11
MX-DIF,mosquito,2021,1,2021-01-01,8
MX-DIF,mosquito,2021,2,2021-02-01,15
MX-DIF,mosquito,2021,3,2021-03-01,29
MX-DIF,mosquito,2021,4,2021-04-01,36
MX-DIF,mosquito,2021,5,2021-05-01,49
MX-DIF,mosquito,2021,6,2021-06-01,38
MX-DIF,mosquito,2021,7,2021-07-01,57
MX-DIF,mosquito,2021,8,2021-08-01,60
MX-DIF,mosquito,2021,9,2021-09-01,42
MX-DIF,mosquito,2021,10,2021-10-01,46
MX-DIF,mosquito,2021,11,2021-11-01,28
MX-DIF,mosquito,2021,12,2021-12-01,22
MX-DIF,mosquito,2022,1,2022-01-01,20
MX-DIF,mosquito,2022,2,2022-02-01,23
MX-DIF,mosquito,2022,3,2022-03-01,29
MX-DIF,mosquito,2022,4,2022-04-01,39
MX-DIF,mosquito,2022,5,2022-05-01,52
MX-DIF,mosquito,2022,6,2022-06-01,37
MX-DIF,mosquito,2022,7,2022-07-01,62
MX-DIF,mosquito,2022,8,2022-08-01,61
MX-DIF,mosquito,2022,9,2022-09-01,52
MX-DIF,mosquito,2022,10,2022-10-01,44
MX-DIF,mosquito,2022,11,2022-11-01,41
MX-DIF,mosquito,2022,12,2022-12-01,25
MX-DIF,vector,2004,1,2004-01-01,0
MX-DIF,vector,2004,2,2004-02-01,86
MX-DIF,vector,2004,3,2004-03-01,0
MX-DIF,vector,2004,4,2004-04-01,0
MX-DIF,vector,2004,5,2004-05-01,0
MX-DIF,vector,2004,6,2004-06-01,64
MX-DIF,vector,2004,7,2004-07-01,0
MX-DIF,vector,2004,8,2004-08-01,75
MX-DIF,vector,2004,9,2004-09-01,100
MX-DIF,vector,2004,10,2004-10-01,55
MX-DIF,vector,2004,11,2004-11-01,59
MX-DIF,vector,2004,12,2004-12-01,0
MX-DIF,vector,2005,1,2005-01-01,56
MX-DIF,vector,2005,2,2005-02-01,62
MX-DIF,vector,2005,3,2005-03-01,44
MX-DIF,vector,2005,4,2005-04-01,37
MX-DIF,vector,2005,5,2005-05-01,36
MX-DIF,vector,2005,6,2005-06-01,37
MX-DIF,vector,2005,7,2005-07-01,0
MX-DIF,vector,2005,8,2005-08-01,64
MX-DIF,vector,2005,9,2005-09-01,87
MX-DIF,vector,2005,10,2005-10-01,79
MX-DIF,vector,2005,11,2005-11-01,56
MX-DIF,vector,2005,12,2005-12-01,38
MX-DIF,vector,2006,1,2006-01-01,35
MX-DIF,vector,2006,2,2006-02-01,64
MX-DIF,vector,2006,3,2006-03-01,28
MX-DIF,vector,2006,4,2006-04-01,30
MX-DIF,vector,2006,5,2006-05-01,40
MX-DIF,vector,2006,6,2006-06-01,0
MX-DIF,vector,2006,7,2006-07-01,23
MX-DIF,vector,2006,8,2006-08-01,50
MX-DIF,vector,2006,9,2006-09-01,74
MX-DIF,vector,2006,10,2006-10-01,50
MX-DIF,vector,2006,11,2006-11-01,37
MX-DIF,vector,2006,12,2006-12-01,19
MX-DIF,vector,2007,1,2007-01-01,28
MX-DIF,vector,2007,2,2007-02-01,42
MX-DIF,vector,2007,3,2007-03-01,35
MX-DIF,vector,2007,4,2007-04-01,25
MX-DIF,vector,2007,5,2007-05-01,29
MX-DIF,vector,2007,6,2007-06-01,23
MX-DIF,vector,2007,7,2007-07-01,25
MX-DIF,vector,2007,8,2007-08-01,58
MX-DIF,vector,2007,9,2007-09-01,80
MX-DIF,vector,2007,10,2007-10-01,50
MX-DIF,vector,2007,11,2007-11-01,43
MX-DIF,vector,2007,12,2007-12-01,28
MX-DIF,vector,2008,1,2008-01-01,34
MX-DIF,vector,2008,2,2008-02-01,49
MX-DIF,vector,2008,3,2008-03-01,34
MX-DIF,vector,2008,4,2008-04-01,30
MX-DIF,vector,2008,5,2008-05-01,31
MX-DIF,vector,2008,6,2008-06-01,25
MX-DIF,vector,2008,7,2008-07-01,33
MX-DIF,vector,2008,8,2008-08-01,66
MX-DIF,vector,2008,9,2008-09-01,82
MX-DIF,vector,2008,10,2008-10-01,60
MX-DIF,vector,2008,11,2008-11-01,49
MX-DIF,vector,2008,12,2008-12-01,41
MX-DIF,vector,2009,1,2009-01-01,33
MX-DIF,vector,2009,2,2009-02-01,52
MX-DIF,vector,2009,3,2009-03-01,48
MX-DIF,vector,2009,4,2009-04-01,38
MX-DIF,vector,2009,5,2009-05-01,40
MX-DIF,vector,2009,6,2009-06-01,38
MX-DIF,vector,2009,7,2009-07-01,35
MX-DIF,vector,2009,8,2009-08-01,62
MX-DIF,vector,2009,9,2009-09-01,80
MX-DIF,vector,2009,10,2009-10-01,62
MX-DIF,vector,2009,11,2009-11-01,49
MX-DIF,vector,2009,12,2009-12-01,43
MX-DIF,vector,2010,1,2010-01-01,41
MX-DIF,vector,2010,2,2010-02-01,52
MX-DIF,vector,2010,3,2010-03-01,50
MX-DIF,vector,2010,4,2010-04-01,46
MX-DIF,vector,2010,5,2010-05-01,44
MX-DIF,vector,2010,6,2010-06-01,33
MX-DIF,vector,2010,7,2010-07-01,35
MX-DIF,vector,2010,8,2010-08-01,64
MX-DIF,vector,2010,9,2010-09-01,69
MX-DIF,vector,2010,10,2010-10-01,55
MX-DIF,vector,2010,11,2010-11-01,46
MX-DIF,vector,2010,12,2010-12-01,35
MX-DIF,vector,2011,1,2011-01-01,35
MX-DIF,vector,2011,2,2011-02-01,47
MX-DIF,vector,2011,3,2011-03-01,42
MX-DIF,vector,2011,4,2011-04-01,38
MX-DIF,vector,2011,5,2011-05-01,34
MX-DIF,vector,2011,6,2011-06-01,29
MX-DIF,vector,2011,7,2011-07-01,31
MX-DIF,vector,2011,8,2011-08-01,59
MX-DIF,vector,2011,9,2011-09-01,72
MX-DIF,vector,2011,10,2011-10-01,53
MX-DIF,vector,2011,11,2011-11-01,45
MX-DIF,vector,2011,12,2011-12-01,35
MX-DIF,vector,2012,1,2012-01-01,35
MX-DIF,vector,2012,2,2012-02-01,56
MX-DIF,vector,2012,3,2012-03-01,43
MX-DIF,vector,2012,4,2012-04-01,30
MX-DIF,vector,2012,5,2012-05-01,38
MX-DIF,vector,2012,6,2012-06-01,33
MX-DIF,vector,2012,7,2012-07-01,27
MX-DIF,vector,2012,8,2012-08-01,54
MX-DIF,vector,2012,9,2012-09-01,64
MX-DIF,vector,2012,10,2012-10-01,45
MX-DIF,vector,2012,11,2012-11-01,34
MX-DIF,vector,2012,12,2012-12-01,25
MX-DIF,vector,2013,1,2013-01-01,31
MX-DIF,vector,2013,2,2013-02-01,46
MX-DIF,vector,2013,3,2013-03-01,38
MX-DIF,vector,2013,4,2013-04-01,36
MX-DIF,vector,2013,5,2013-05-01,29
MX-DIF,vector,2013,6,2013-06-01,32
MX-DIF,vector,2013,7,2013-07-01,28
MX-DIF,vector,2013,8,2013-08-01,52
MX-DIF,vector,2013,9,2013-09-01,52
MX-DIF,vector,2013,10,2013-10-01,45
MX-DIF,vector,2013,11,2013-11-01,40
MX-DIF,vector,2013,12,2013-12-01,28
MX-DIF,vector,2014,1,2014-01-01,30
MX-DIF,vector,2014,2,2014-02-01,43
MX-DIF,vector,2014,3,2014-03-01,38
MX-DIF,vector,2014,4,2014-04-01,32
MX-DIF,vector,2014,5,2014-05-01,34
MX-DIF,vector,2014,6,2014-06-01,26
MX-DIF,vector,2014,7,2014-07-01,26
MX-DIF,vector,2014,8,2014-08-01,48
MX-DIF,vector,2014,9,2014-09-01,54
MX-DIF,vector,2014,10,2014-10-01,40
MX-DIF,vector,2014,11,2014-11-01,35
MX-DIF,vector,2014,12,2014-12-01,25
MX-DIF,vector,2015,1,2015-01-01,33
MX-DIF,vector,2015,2,2015-02-01,40
MX-DIF,vector,2015,3,2015-03-01,40
MX-DIF,vector,2015,4,2015-04-01,38
MX-DIF,vector,2015,5,2015-05-01,37
MX-DIF,vector,2015,6,2015-06-01,31
MX-DIF,vector,2015,7,2015-07-01,26
MX-DIF,vector,2015,8,2015-08-01,39
MX-DIF,vector,2015,9,2015-09-01,53
MX-DIF,vector,2015,10,2015-10-01,44
MX-DIF,vector,2015,11,2015-11-01,40
MX-DIF,vector,2015,12,2015-12-01,28
MX-DIF,vector,2016,1,2016-01-01,27
MX-DIF,vector,2016,2,2016-02-01,42
MX-DIF,vector,2016,3,2016-03-01,34
MX-DIF,vector,2016,4,2016-04-01,34
MX-DIF,vector,2016,5,2016-05-01,34
MX-DIF,vector,2016,6,2016-06-01,32
MX-DIF,vector,2016,7,2016-07-01,20
MX-DIF,vector,2016,8,2016-08-01,38
MX-DIF,vector,2016,9,2016-09-01,49
MX-DIF,vector,2016,10,2016-10-01,43
MX-DIF,vector,2016,11,2016-11-01,3
MX-DIF,vector,2016,12,2016-12-01,0
MX-DIF,vector,2017,1,2017-01-01,0
MX-DIF,vector,2017,2,2017-02-01,0
MX-DIF,vector,2017,3,2017-03-01,0
MX-DIF,vector,2017,4,2017-04-01,0
MX-DIF,vector,2017,5,2017-05-01,0
MX-DIF,vector,2017,6,2017-06-01,0
MX-DIF,vector,2017,7,2017-07-01,0
MX-DIF,vector,2017,8,2017-08-01,0
MX-DIF,vector,2017,9,2017-09-01,0
MX-DIF,vector,2017,10,2017-10-01,2
MX-DIF,vector,2017,11,2017-11-01,0
MX-DIF,vector,2017,12,2017-12-01,0
MX-DIF,vector,2018,1,2018-01-01,0
MX-DIF,vector,2018,2,2018-02-01,0
MX-DIF,vector,2018,3,2018-03-01,0
MX-DIF,vector,2018,4,2018-04-01,0
MX-DIF,vector,2018,5,2018-05-01,0
MX-DIF,vector,2018,6,2018-06-01,0
MX-DIF,vector,2018,7,2018-07-01,0
MX-DIF,vector,2018,8,2018-08-01,0
MX-DIF,vector,2018,9,2018-09-01,0
MX-DIF,vector,2018,10,2018-10-01,0
MX-DIF,vector,2018,11,2018-11-01,0
MX-DIF,vector,2018,12,2018-12-01,0
MX-DIF,vector,2019,1,2019-01-01,0
MX-DIF,vector,2019,2,2019-02-01,3
MX-DIF,vector,2019,3,2019-03-01,0
MX-DIF,vector,2019,4,2019-04-01,0
MX-DIF,vector,2019,5,2019-05-01,0
MX-DIF,vector,2019,6,2019-06-01,0
MX-DIF,vector,2019,7,2019-07-01,0
MX-DIF,vector,2019,8,2019-08-01,2
MX-DIF,vector,2019,9,2019-09-01,0
MX-DIF,vector,2019,10,2019-10-01,0
MX-DIF,vector,2019,11,2019-11-01,0
MX-DIF,vector,2019,12,2019-12-01,0
MX-DIF,vector,2020,1,2020-01-01,0
MX-DIF,vector,2020,2,2020-02-01,0
MX-DIF,vector,2020,3,2020-03-01,4
MX-DIF,vector,2020,4,2020-04-01,6
MX-DIF,vector,2020,5,2020-05-01,7
MX-DIF,vector,2020,6,2020-06-01,7
MX-DIF,vector,2020,7,2020-07-01,4
MX-DIF,vector,2020,8,2020-08-01,4
MX-DIF,vector,2020,9,2020-09-01,8
MX-DIF,vector,2020,10,2020-10-01,10
MX-DIF,vector,2020,11,2020-11-01,11
MX-DIF,vector,2020,12,2020-12-01,9
MX-DIF,vector,2021,1,2021-01-01,10
MX-DIF,vector,2021,2,2021-02-01,18
MX-DIF,vector,2021,3,2021-03-01,21
MX-DIF,vector,2021,4,2021-04-01,15
MX-DIF,vector,2021,5,2021-05-01,14
MX-DIF,vector,2021,6,2021-06-01,15
MX-DIF,vector,2021,7,2021-07-01,9
MX-DIF,vector,2021,8,2021-08-01,12
MX-DIF,vector,2021,9,2021-09-01,23
MX-DIF,vector,2021,10,2021-10-01,16
MX-DIF,vector,2021,11,2021-11-01,17
MX-DIF,vector,2021,12,2021-12-01,14
MX-DIF,vector,2022,1,2022-01-01,19
MX-DIF,vector,2022,2,2022-02-01,34
MX-DIF,vector,2022,3,2022-03-01,34
MX-DIF,vector,2022,4,2022-04-01,26
MX-DIF,vector,2022,5,2022-05-01,42
MX-DIF,vector,2022,6,2022-06-01,34
MX-DIF,vector,2022,7,2022-07-01,28
MX-DIF,vector,2022,8,2022-08-01,41
MX-DIF,vector,2022,9,2022-09-01,48
MX-DIF,vector,2022,10,2022-10-01,47
MX-DIF,vector,2022,11,2022-11-01,44
MX-DIF,vector,2022,12,2022-12-01,37
MX-DUR,Aedes_aegypti,2004,1,2004-01-01,0
MX-DUR,Aedes_aegypti,2004,2,2004-02-01,0
MX-DUR,Aedes_aegypti,2004,3,2004-03-01,0
MX-DUR,Aedes_aegypti,2004,4,2004-04-01,0
MX-DUR,Aedes_aegypti,2004,5,2004-05-01,0
MX-DUR,Aedes_aegypti,2004,6,2004-06-01,0
MX-DUR,Aedes_aegypti,2004,7,2004-07-01,0
MX-DUR,Aedes_aegypti,2004,8,2004-08-01,0
MX-DUR,Aedes_aegypti,2004,9,2004-09-01,0
MX-DUR,Aedes_aegypti,2004,10,2004-10-01,0
MX-DUR,Aedes_aegypti,2004,11,2004-11-01,0
MX-DUR,Aedes_aegypti,2004,12,2004-12-01,0
MX-DUR,Aedes_aegypti,2005,1,2005-01-01,0
MX-DUR,Aedes_aegypti,2005,2,2005-02-01,0
MX-DUR,Aedes_aegypti,2005,3,2005-03-01,0
MX-DUR,Aedes_aegypti,2005,4,2005-04-01,0
MX-DUR,Aedes_aegypti,2005,5,2005-05-01,0
MX-DUR,Aedes_aegypti,2005,6,2005-06-01,0
MX-DUR,Aedes_aegypti,2005,7,2005-07-01,0
MX-DUR,Aedes_aegypti,2005,8,2005-08-01,0
MX-DUR,Aedes_aegypti,2005,9,2005-09-01,0
MX-DUR,Aedes_aegypti,2005,10,2005-10-01,0
MX-DUR,Aedes_aegypti,2005,11,2005-11-01,0
MX-DUR,Aedes_aegypti,2005,12,2005-12-01,0
MX-DUR,Aedes_aegypti,2006,1,2006-01-01,0
MX-DUR,Aedes_aegypti,2006,2,2006-02-01,0
MX-DUR,Aedes_aegypti,2006,3,2006-03-01,0
MX-DUR,Aedes_aegypti,2006,4,2006-04-01,0
MX-DUR,Aedes_aegypti,2006,5,2006-05-01,0
MX-DUR,Aedes_aegypti,2006,6,2006-06-01,0
MX-DUR,Aedes_aegypti,2006,7,2006-07-01,0
MX-DUR,Aedes_aegypti,2006,8,2006-08-01,0
MX-DUR,Aedes_aegypti,2006,9,2006-09-01,0
MX-DUR,Aedes_aegypti,2006,10,2006-10-01,0
MX-DUR,Aedes_aegypti,2006,11,2006-11-01,0
MX-DUR,Aedes_aegypti,2006,12,2006-12-01,0
MX-DUR,Aedes_aegypti,2007,1,2007-01-01,0
MX-DUR,Aedes_aegypti,2007,2,2007-02-01,0
MX-DUR,Aedes_aegypti,2007,3,2007-03-01,0
MX-DUR,Aedes_aegypti,2007,4,2007-04-01,0
MX-DUR,Aedes_aegypti,2007,5,2007-05-01,0
MX-DUR,Aedes_aegypti,2007,6,2007-06-01,0
MX-DUR,Aedes_aegypti,2007,7,2007-07-01,0
MX-DUR,Aedes_aegypti,2007,8,2007-08-01,0
MX-DUR,Aedes_aegypti,2007,9,2007-09-01,0
MX-DUR,Aedes_aegypti,2007,10,2007-10-01,0
MX-DUR,Aedes_aegypti,2007,11,2007-11-01,0
MX-DUR,Aedes_aegypti,2007,12,2007-12-01,0
MX-DUR,Aedes_aegypti,2008,1,2008-01-01,0
MX-DUR,Aedes_aegypti,2008,2,2008-02-01,0
MX-DUR,Aedes_aegypti,2008,3,2008-03-01,0
MX-DUR,Aedes_aegypti,2008,4,2008-04-01,0
MX-DUR,Aedes_aegypti,2008,5,2008-05-01,0
MX-DUR,Aedes_aegypti,2008,6,2008-06-01,0
MX-DUR,Aedes_aegypti,2008,7,2008-07-01,0
MX-DUR,Aedes_aegypti,2008,8,2008-08-01,0
MX-DUR,Aedes_aegypti,2008,9,2008-09-01,0
MX-DUR,Aedes_aegypti,2008,10,2008-10-01,0
MX-DUR,Aedes_aegypti,2008,11,2008-11-01,0
MX-DUR,Aedes_aegypti,2008,12,2008-12-01,0
MX-DUR,Aedes_aegypti,2009,1,2009-01-01,0
MX-DUR,Aedes_aegypti,2009,2,2009-02-01,0
MX-DUR,Aedes_aegypti,2009,3,2009-03-01,0
MX-DUR,Aedes_aegypti,2009,4,2009-04-01,0
MX-DUR,Aedes_aegypti,2009,5,2009-05-01,0
MX-DUR,Aedes_aegypti,2009,6,2009-06-01,0
MX-DUR,Aedes_aegypti,2009,7,2009-07-01,0
MX-DUR,Aedes_aegypti,2009,8,2009-08-01,0
MX-DUR,Aedes_aegypti,2009,9,2009-09-01,0
MX-DUR,Aedes_aegypti,2009,10,2009-10-01,0
MX-DUR,Aedes_aegypti,2009,11,2009-11-01,0
MX-DUR,Aedes_aegypti,2009,12,2009-12-01,0
MX-DUR,Aedes_aegypti,2010,1,2010-01-01,0
MX-DUR,Aedes_aegypti,2010,2,2010-02-01,0
MX-DUR,Aedes_aegypti,2010,3,2010-03-01,0
MX-DUR,Aedes_aegypti,2010,4,2010-04-01,0
MX-DUR,Aedes_aegypti,2010,5,2010-05-01,0
MX-DUR,Aedes_aegypti,2010,6,2010-06-01,0
MX-DUR,Aedes_aegypti,2010,7,2010-07-01,0
MX-DUR,Aedes_aegypti,2010,8,2010-08-01,0
MX-DUR,Aedes_aegypti,2010,9,2010-09-01,0
MX-DUR,Aedes_aegypti,2010,10,2010-10-01,0
MX-DUR,Aedes_aegypti,2010,11,2010-11-01,0
MX-DUR,Aedes_aegypti,2010,12,2010-12-01,0
MX-DUR,Aedes_aegypti,2011,1,2011-01-01,0
MX-DUR,Aedes_aegypti,2011,2,2011-02-01,0
MX-DUR,Aedes_aegypti,2011,3,2011-03-01,0
MX-DUR,Aedes_aegypti,2011,4,2011-04-01,0
MX-DUR,Aedes_aegypti,2011,5,2011-05-01,0
MX-DUR,Aedes_aegypti,2011,6,2011-06-01,0
MX-DUR,Aedes_aegypti,2011,7,2011-07-01,0
MX-DUR,Aedes_aegypti,2011,8,2011-08-01,0
MX-DUR,Aedes_aegypti,2011,9,2011-09-01,0
MX-DUR,Aedes_aegypti,2011,10,2011-10-01,0
MX-DUR,Aedes_aegypti,2011,11,2011-11-01,0
MX-DUR,Aedes_aegypti,2011,12,2011-12-01,0
MX-DUR,Aedes_aegypti,2012,1,2012-01-01,0
MX-DUR,Aedes_aegypti,2012,2,2012-02-01,0
MX-DUR,Aedes_aegypti,2012,3,2012-03-01,0
MX-DUR,Aedes_aegypti,2012,4,2012-04-01,0
MX-DUR,Aedes_aegypti,2012,5,2012-05-01,0
MX-DUR,Aedes_aegypti,2012,6,2012-06-01,0
MX-DUR,Aedes_aegypti,2012,7,2012-07-01,0
MX-DUR,Aedes_aegypti,2012,8,2012-08-01,0
MX-DUR,Aedes_aegypti,2012,9,2012-09-01,0
MX-DUR,Aedes_aegypti,2012,10,2012-10-01,0
MX-DUR,Aedes_aegypti,2012,11,2012-11-01,0
MX-DUR,Aedes_aegypti,2012,12,2012-12-01,0
MX-DUR,Aedes_aegypti,2013,1,2013-01-01,0
MX-DUR,Aedes_aegypti,2013,2,2013-02-01,0
MX-DUR,Aedes_aegypti,2013,3,2013-03-01,0
MX-DUR,Aedes_aegypti,2013,4,2013-04-01,0
MX-DUR,Aedes_aegypti,2013,5,2013-05-01,0
MX-DUR,Aedes_aegypti,2013,6,2013-06-01,0
MX-DUR,Aedes_aegypti,2013,7,2013-07-01,0
MX-DUR,Aedes_aegypti,2013,8,2013-08-01,0
MX-DUR,Aedes_aegypti,2013,9,2013-09-01,0
MX-DUR,Aedes_aegypti,2013,10,2013-10-01,0
MX-DUR,Aedes_aegypti,2013,11,2013-11-01,0
MX-DUR,Aedes_aegypti,2013,12,2013-12-01,0
MX-DUR,Aedes_aegypti,2014,1,2014-01-01,0
MX-DUR,Aedes_aegypti,2014,2,2014-02-01,0
MX-DUR,Aedes_aegypti,2014,3,2014-03-01,0
MX-DUR,Aedes_aegypti,2014,4,2014-04-01,0
MX-DUR,Aedes_aegypti,2014,5,2014-05-01,0
MX-DUR,Aedes_aegypti,2014,6,2014-06-01,0
MX-DUR,Aedes_aegypti,2014,7,2014-07-01,0
MX-DUR,Aedes_aegypti,2014,8,2014-08-01,0
MX-DUR,Aedes_aegypti,2014,9,2014-09-01,0
MX-DUR,Aedes_aegypti,2014,10,2014-10-01,0
MX-DUR,Aedes_aegypti,2014,11,2014-11-01,0
MX-DUR,Aedes_aegypti,2014,12,2014-12-01,0
MX-DUR,Aedes_aegypti,2015,1,2015-01-01,0
MX-DUR,Aedes_aegypti,2015,2,2015-02-01,0
MX-DUR,Aedes_aegypti,2015,3,2015-03-01,0
MX-DUR,Aedes_aegypti,2015,4,2015-04-01,0
MX-DUR,Aedes_aegypti,2015,5,2015-05-01,0
MX-DUR,Aedes_aegypti,2015,6,2015-06-01,0
MX-DUR,Aedes_aegypti,2015,7,2015-07-01,0
MX-DUR,Aedes_aegypti,2015,8,2015-08-01,0
MX-DUR,Aedes_aegypti,2015,9,2015-09-01,0
MX-DUR,Aedes_aegypti,2015,10,2015-10-01,0
MX-DUR,Aedes_aegypti,2015,11,2015-11-01,0
MX-DUR,Aedes_aegypti,2015,12,2015-12-01,0
MX-DUR,Aedes_aegypti,2016,1,2016-01-01,0
MX-DUR,Aedes_aegypti,2016,2,2016-02-01,0
MX-DUR,Aedes_aegypti,2016,3,2016-03-01,0
MX-DUR,Aedes_aegypti,2016,4,2016-04-01,0
MX-DUR,Aedes_aegypti,2016,5,2016-05-01,0
MX-DUR,Aedes_aegypti,2016,6,2016-06-01,0
MX-DUR,Aedes_aegypti,2016,7,2016-07-01,0
MX-DUR,Aedes_aegypti,2016,8,2016-08-01,0
MX-DUR,Aedes_aegypti,2016,9,2016-09-01,100
MX-DUR,Aedes_aegypti,2016,10,2016-10-01,0
MX-DUR,Aedes_aegypti,2016,11,2016-11-01,0
MX-DUR,Aedes_aegypti,2016,12,2016-12-01,0
MX-DUR,Aedes_aegypti,2017,1,2017-01-01,0
MX-DUR,Aedes_aegypti,2017,2,2017-02-01,0
MX-DUR,Aedes_aegypti,2017,3,2017-03-01,0
MX-DUR,Aedes_aegypti,2017,4,2017-04-01,0
MX-DUR,Aedes_aegypti,2017,5,2017-05-01,0
MX-DUR,Aedes_aegypti,2017,6,2017-06-01,0
MX-DUR,Aedes_aegypti,2017,7,2017-07-01,0
MX-DUR,Aedes_aegypti,2017,8,2017-08-01,0
MX-DUR,Aedes_aegypti,2017,9,2017-09-01,0
MX-DUR,Aedes_aegypti,2017,10,2017-10-01,0
MX-DUR,Aedes_aegypti,2017,11,2017-11-01,0
MX-DUR,Aedes_aegypti,2017,12,2017-12-01,0
MX-DUR,Aedes_aegypti,2018,1,2018-01-01,0
MX-DUR,Aedes_aegypti,2018,2,2018-02-01,0
MX-DUR,Aedes_aegypti,2018,3,2018-03-01,0
MX-DUR,Aedes_aegypti,2018,4,2018-04-01,0
MX-DUR,Aedes_aegypti,2018,5,2018-05-01,74
MX-DUR,Aedes_aegypti,2018,6,2018-06-01,0
MX-DUR,Aedes_aegypti,2018,7,2018-07-01,0
MX-DUR,Aedes_aegypti,2018,8,2018-08-01,0
MX-DUR,Aedes_aegypti,2018,9,2018-09-01,0
MX-DUR,Aedes_aegypti,2018,10,2018-10-01,0
MX-DUR,Aedes_aegypti,2018,11,2018-11-01,0
MX-DUR,Aedes_aegypti,2018,12,2018-12-01,0
MX-DUR,Aedes_aegypti,2019,1,2019-01-01,0
MX-DUR,Aedes_aegypti,2019,2,2019-02-01,0
MX-DUR,Aedes_aegypti,2019,3,2019-03-01,0
MX-DUR,Aedes_aegypti,2019,4,2019-04-01,0
MX-DUR,Aedes_aegypti,2019,5,2019-05-01,0
MX-DUR,Aedes_aegypti,2019,6,2019-06-01,0
MX-DUR,Aedes_aegypti,2019,7,2019-07-01,0
MX-DUR,Aedes_aegypti,2019,8,2019-08-01,0
MX-DUR,Aedes_aegypti,2019,9,2019-09-01,0
MX-DUR,Aedes_aegypti,2019,10,2019-10-01,0
MX-DUR,Aedes_aegypti,2019,11,2019-11-01,0
MX-DUR,Aedes_aegypti,2019,12,2019-12-01,0
MX-DUR,Aedes_aegypti,2020,1,2020-01-01,0
MX-DUR,Aedes_aegypti,2020,2,2020-02-01,0
MX-DUR,Aedes_aegypti,2020,3,2020-03-01,0
MX-DUR,Aedes_aegypti,2020,4,2020-04-01,0
MX-DUR,Aedes_aegypti,2020,5,2020-05-01,0
MX-DUR,Aedes_aegypti,2020,6,2020-06-01,0
MX-DUR,Aedes_aegypti,2020,7,2020-07-01,0
MX-DUR,Aedes_aegypti,2020,8,2020-08-01,0
MX-DUR,Aedes_aegypti,2020,9,2020-09-01,0
MX-DUR,Aedes_aegypti,2020,10,2020-10-01,0
MX-DUR,Aedes_aegypti,2020,11,2020-11-01,0
MX-DUR,Aedes_aegypti,2020,12,2020-12-01,0
MX-DUR,Aedes_aegypti,2021,1,2021-01-01,0
MX-DUR,Aedes_aegypti,2021,2,2021-02-01,0
MX-DUR,Aedes_aegypti,2021,3,2021-03-01,0
MX-DUR,Aedes_aegypti,2021,4,2021-04-01,0
MX-DUR,Aedes_aegypti,2021,5,2021-05-01,0
MX-DUR,Aedes_aegypti,2021,6,2021-06-01,0
MX-DUR,Aedes_aegypti,2021,7,2021-07-01,0
MX-DUR,Aedes_aegypti,2021,8,2021-08-01,0
MX-DUR,Aedes_aegypti,2021,9,2021-09-01,0
MX-DUR,Aedes_aegypti,2021,10,2021-10-01,0
MX-DUR,Aedes_aegypti,2021,11,2021-11-01,0
MX-DUR,Aedes_aegypti,2021,12,2021-12-01,0
MX-DUR,Aedes_aegypti,2022,1,2022-01-01,0
MX-DUR,Aedes_aegypti,2022,2,2022-02-01,0
MX-DUR,Aedes_aegypti,2022,3,2022-03-01,0
MX-DUR,Aedes_aegypti,2022,4,2022-04-01,0
MX-DUR,Aedes_aegypti,2022,5,2022-05-01,0
MX-DUR,Aedes_aegypti,2022,6,2022-06-01,0
MX-DUR,Aedes_aegypti,2022,7,2022-07-01,0
MX-DUR,Aedes_aegypti,2022,8,2022-08-01,0
MX-DUR,Aedes_aegypti,2022,9,2022-09-01,0
MX-DUR,Aedes_aegypti,2022,10,2022-10-01,0
MX-DUR,Aedes_aegypti,2022,11,2022-11-01,0
MX-DUR,Aedes_aegypti,2022,12,2022-12-01,0
MX-DUR,mosquito,2004,1,2004-01-01,0
MX-DUR,mosquito,2004,2,2004-02-01,0
MX-DUR,mosquito,2004,3,2004-03-01,0
MX-DUR,mosquito,2004,4,2004-04-01,0
MX-DUR,mosquito,2004,5,2004-05-01,0
MX-DUR,mosquito,2004,6,2004-06-01,0
MX-DUR,mosquito,2004,7,2004-07-01,0
MX-DUR,mosquito,2004,8,2004-08-01,0
MX-DUR,mosquito,2004,9,2004-09-01,0
MX-DUR,mosquito,2004,10,2004-10-01,0
MX-DUR,mosquito,2004,11,2004-11-01,0
MX-DUR,mosquito,2004,12,2004-12-01,0
MX-DUR,mosquito,2005,1,2005-01-01,0
MX-DUR,mosquito,2005,2,2005-02-01,0
MX-DUR,mosquito,2005,3,2005-03-01,0
MX-DUR,mosquito,2005,4,2005-04-01,0
MX-DUR,mosquito,2005,5,2005-05-01,0
MX-DUR,mosquito,2005,6,2005-06-01,0
MX-DUR,mosquito,2005,7,2005-07-01,0
MX-DUR,mosquito,2005,8,2005-08-01,0
MX-DUR,mosquito,2005,9,2005-09-01,0
MX-DUR,mosquito,2005,10,2005-10-01,0
MX-DUR,mosquito,2005,11,2005-11-01,0
MX-DUR,mosquito,2005,12,2005-12-01,0
MX-DUR,mosquito,2006,1,2006-01-01,0
MX-DUR,mosquito,2006,2,2006-02-01,0
MX-DUR,mosquito,2006,3,2006-03-01,0
MX-DUR,mosquito,2006,4,2006-04-01,0
MX-DUR,mosquito,2006,5,2006-05-01,0
MX-DUR,mosquito,2006,6,2006-06-01,0
MX-DUR,mosquito,2006,7,2006-07-01,0
MX-DUR,mosquito,2006,8,2006-08-01,0
MX-DUR,mosquito,2006,9,2006-09-01,0
MX-DUR,mosquito,2006,10,2006-10-01,0
MX-DUR,mosquito,2006,11,2006-11-01,0
MX-DUR,mosquito,2006,12,2006-12-01,0
MX-DUR,mosquito,2007,1,2007-01-01,0
MX-DUR,mosquito,2007,2,2007-02-01,0
MX-DUR,mosquito,2007,3,2007-03-01,0
MX-DUR,mosquito,2007,4,2007-04-01,0
MX-DUR,mosquito,2007,5,2007-05-01,0
MX-DUR,mosquito,2007,6,2007-06-01,0
MX-DUR,mosquito,2007,7,2007-07-01,0
MX-DUR,mosquito,2007,8,2007-08-01,0
MX-DUR,mosquito,2007,9,2007-09-01,0
MX-DUR,mosquito,2007,10,2007-10-01,0
MX-DUR,mosquito,2007,11,2007-11-01,0
MX-DUR,mosquito,2007,12,2007-12-01,0
MX-DUR,mosquito,2008,1,2008-01-01,0
MX-DUR,mosquito,2008,2,2008-02-01,0
MX-DUR,mosquito,2008,3,2008-03-01,0
MX-DUR,mosquito,2008,4,2008-04-01,0
MX-DUR,mosquito,2008,5,2008-05-01,0
MX-DUR,mosquito,2008,6,2008-06-01,0
MX-DUR,mosquito,2008,7,2008-07-01,0
MX-DUR,mosquito,2008,8,2008-08-01,0
MX-DUR,mosquito,2008,9,2008-09-01,0
MX-DUR,mosquito,2008,10,2008-10-01,0
MX-DUR,mosquito,2008,11,2008-11-01,0
MX-DUR,mosquito,2008,12,2008-12-01,0
MX-DUR,mosquito,2009,1,2009-01-01,0
MX-DUR,mosquito,2009,2,2009-02-01,0
MX-DUR,mosquito,2009,3,2009-03-01,0
MX-DUR,mosquito,2009,4,2009-04-01,0
MX-DUR,mosquito,2009,5,2009-05-01,0
MX-DUR,mosquito,2009,6,2009-06-01,0
MX-DUR,mosquito,2009,7,2009-07-01,0
MX-DUR,mosquito,2009,8,2009-08-01,0
MX-DUR,mosquito,2009,9,2009-09-01,0
MX-DUR,mosquito,2009,10,2009-10-01,0
MX-DUR,mosquito,2009,11,2009-11-01,0
MX-DUR,mosquito,2009,12,2009-12-01,0
MX-DUR,mosquito,2010,1,2010-01-01,0
MX-DUR,mosquito,2010,2,2010-02-01,0
MX-DUR,mosquito,2010,3,2010-03-01,0
MX-DUR,mosquito,2010,4,2010-04-01,0
MX-DUR,mosquito,2010,5,2010-05-01,0
MX-DUR,mosquito,2010,6,2010-06-01,0
MX-DUR,mosquito,2010,7,2010-07-01,0
MX-DUR,mosquito,2010,8,2010-08-01,0
MX-DUR,mosquito,2010,9,2010-09-01,0
MX-DUR,mosquito,2010,10,2010-10-01,0
MX-DUR,mosquito,2010,11,2010-11-01,0
MX-DUR,mosquito,2010,12,2010-12-01,0
MX-DUR,mosquito,2011,1,2011-01-01,0
MX-DUR,mosquito,2011,2,2011-02-01,0
MX-DUR,mosquito,2011,3,2011-03-01,0
MX-DUR,mosquito,2011,4,2011-04-01,0
MX-DUR,mosquito,2011,5,2011-05-01,0
MX-DUR,mosquito,2011,6,2011-06-01,0
MX-DUR,mosquito,2011,7,2011-07-01,75
MX-DUR,mosquito,2011,8,2011-08-01,0
MX-DUR,mosquito,2011,9,2011-09-01,0
MX-DUR,mosquito,2011,10,2011-10-01,0
MX-DUR,mosquito,2011,11,2011-11-01,0
MX-DUR,mosquito,2011,12,2011-12-01,0
MX-DUR,mosquito,2012,1,2012-01-01,0
MX-DUR,mosquito,2012,2,2012-02-01,0
MX-DUR,mosquito,2012,3,2012-03-01,0
MX-DUR,mosquito,2012,4,2012-04-01,0
MX-DUR,mosquito,2012,5,2012-05-01,0
MX-DUR,mosquito,2012,6,2012-06-01,0
MX-DUR,mosquito,2012,7,2012-07-01,0
MX-DUR,mosquito,2012,8,2012-08-01,66
MX-DUR,mosquito,2012,9,2012-09-01,52
MX-DUR,mosquito,2012,10,2012-10-01,0
MX-DUR,mosquito,2012,11,2012-11-01,46
MX-DUR,mosquito,2012,12,2012-12-01,0
MX-DUR,mosquito,2013,1,2013-01-01,0
MX-DUR,mosquito,2013,2,2013-02-01,0
MX-DUR,mosquito,2013,3,2013-03-01,0
MX-DUR,mosquito,2013,4,2013-04-01,0
MX-DUR,mosquito,2013,5,2013-05-01,0
MX-DUR,mosquito,2013,6,2013-06-01,0
MX-DUR,mosquito,2013,7,2013-07-01,38
MX-DUR,mosquito,2013,8,2013-08-01,40
MX-DUR,mosquito,2013,9,2013-09-01,0
MX-DUR,mosquito,2013,10,2013-10-01,66
MX-DUR,mosquito,2013,11,2013-11-01,0
MX-DUR,mosquito,2013,12,2013-12-01,0
MX-DUR,mosquito,2014,1,2014-01-01,0
MX-DUR,mosquito,2014,2,2014-02-01,0
MX-DUR,mosquito,2014,3,2014-03-01,0
MX-DUR,mosquito,2014,4,2014-04-01,0
MX-DUR,mosquito,2014,5,2014-05-01,0
MX-DUR,mosquito,2014,6,2014-06-01,43
MX-DUR,mosquito,2014,7,2014-07-01,64
MX-DUR,mosquito,2014,8,2014-08-01,64
MX-DUR,mosquito,2014,9,2014-09-01,0
MX-DUR,mosquito,2014,10,2014-10-01,33
MX-DUR,mosquito,2014,11,2014-11-01,0
MX-DUR,mosquito,2014,12,2014-12-01,0
MX-DUR,mosquito,2015,1,2015-01-01,0
MX-DUR,mosquito,2015,2,2015-02-01,0
MX-DUR,mosquito,2015,3,2015-03-01,0
MX-DUR,mosquito,2015,4,2015-04-01,0
MX-DUR,mosquito,2015,5,2015-05-01,0
MX-DUR,mosquito,2015,6,2015-06-01,78
MX-DUR,mosquito,2015,7,2015-07-01,79
MX-DUR,mosquito,2015,8,2015-08-01,83
MX-DUR,mosquito,2015,9,2015-09-01,71
MX-DUR,mosquito,2015,10,2015-10-01,44
MX-DUR,mosquito,2015,11,2015-11-01,26
MX-DUR,mosquito,2015,12,2015-12-01,20
MX-DUR,mosquito,2016,1,2016-01-01,0
MX-DUR,mosquito,2016,2,2016-02-01,44
MX-DUR,mosquito,2016,3,2016-03-01,20
MX-DUR,mosquito,2016,4,2016-04-01,20
MX-DUR,mosquito,2016,5,2016-05-01,25
MX-DUR,mosquito,2016,6,2016-06-01,39
MX-DUR,mosquito,2016,7,2016-07-01,51
MX-DUR,mosquito,2016,8,2016-08-01,82
MX-DUR,mosquito,2016,9,2016-09-01,100
MX-DUR,mosquito,2016,10,2016-10-01,54
MX-DUR,mosquito,2016,11,2016-11-01,0
MX-DUR,mosquito,2016,12,2016-12-01,0
MX-DUR,mosquito,2017,1,2017-01-01,0
MX-DUR,mosquito,2017,2,2017-02-01,0
MX-DUR,mosquito,2017,3,2017-03-01,0
MX-DUR,mosquito,2017,4,2017-04-01,0
MX-DUR,mosquito,2017,5,2017-05-01,0
MX-DUR,mosquito,2017,6,2017-06-01,0
MX-DUR,mosquito,2017,7,2017-07-01,0
MX-DUR,mosquito,2017,8,2017-08-01,0
MX-DUR,mosquito,2017,9,2017-09-01,0
MX-DUR,mosquito,2017,10,2017-10-01,0
MX-DUR,mosquito,2017,11,2017-11-01,0
MX-DUR,mosquito,2017,12,2017-12-01,0
MX-DUR,mosquito,2018,1,2018-01-01,0
MX-DUR,mosquito,2018,2,2018-02-01,0
MX-DUR,mosquito,2018,3,2018-03-01,0
MX-DUR,mosquito,2018,4,2018-04-01,0
MX-DUR,mosquito,2018,5,2018-05-01,0
MX-DUR,mosquito,2018,6,2018-06-01,24
MX-DUR,mosquito,2018,7,2018-07-01,25
MX-DUR,mosquito,2018,8,2018-08-01,24
MX-DUR,mosquito,2018,9,2018-09-01,0
MX-DUR,mosquito,2018,10,2018-10-01,0
MX-DUR,mosquito,2018,11,2018-11-01,0
MX-DUR,mosquito,2018,12,2018-12-01,0
MX-DUR,mosquito,2019,1,2019-01-01,0
MX-DUR,mosquito,2019,2,2019-02-01,0
MX-DUR,mosquito,2019,3,2019-03-01,0
MX-DUR,mosquito,2019,4,2019-04-01,0
MX-DUR,mosquito,2019,5,2019-05-01,0
MX-DUR,mosquito,2019,6,2019-06-01,0
MX-DUR,mosquito,2019,7,2019-07-01,0
MX-DUR,mosquito,2019,8,2019-08-01,0
MX-DUR,mosquito,2019,9,2019-09-01,0
MX-DUR,mosquito,2019,10,2019-10-01,0
MX-DUR,mosquito,2019,11,2019-11-01,0
MX-DUR,mosquito,2019,12,2019-12-01,0
MX-DUR,mosquito,2020,1,2020-01-01,0
MX-DUR,mosquito,2020,2,2020-02-01,0
MX-DUR,mosquito,2020,3,2020-03-01,0
MX-DUR,mosquito,2020,4,2020-04-01,0
MX-DUR,mosquito,2020,5,2020-05-01,0
MX-DUR,mosquito,2020,6,2020-06-01,17
MX-DUR,mosquito,2020,7,2020-07-01,24
MX-DUR,mosquito,2020,8,2020-08-01,42
MX-DUR,mosquito,2020,9,2020-09-01,16
MX-DUR,mosquito,2020,10,2020-10-01,18
MX-DUR,mosquito,2020,11,2020-11-01,0
MX-DUR,mosquito,2020,12,2020-12-01,0
MX-DUR,mosquito,2021,1,2021-01-01,0
MX-DUR,mosquito,2021,2,2021-02-01,0
MX-DUR,mosquito,2021,3,2021-03-01,15
MX-DUR,mosquito,2021,4,2021-04-01,14
MX-DUR,mosquito,2021,5,2021-05-01,56
MX-DUR,mosquito,2021,6,2021-06-01,35
MX-DUR,mosquito,2021,7,2021-07-01,71
MX-DUR,mosquito,2021,8,2021-08-01,64
MX-DUR,mosquito,2021,9,2021-09-01,34
MX-DUR,mosquito,2021,10,2021-10-01,20
MX-DUR,mosquito,2021,11,2021-11-01,17
MX-DUR,mosquito,2021,12,2021-12-01,0
MX-DUR,mosquito,2022,1,2022-01-01,0
MX-DUR,mosquito,2022,2,2022-02-01,18
MX-DUR,mosquito,2022,3,2022-03-01,0
MX-DUR,mosquito,2022,4,2022-04-01,16
MX-DUR,mosquito,2022,5,2022-05-01,29
MX-DUR,mosquito,2022,6,2022-06-01,31
MX-DUR,mosquito,2022,7,2022-07-01,60
MX-DUR,mosquito,2022,8,2022-08-01,61
MX-DUR,mosquito,2022,9,2022-09-01,92
MX-DUR,mosquito,2022,10,2022-10-01,48
MX-DUR,mosquito,2022,11,2022-11-01,23
MX-DUR,mosquito,2022,12,2022-12-01,17
MX-DUR,vector,2004,1,2004-01-01,0
MX-DUR,vector,2004,2,2004-02-01,0
MX-DUR,vector,2004,3,2004-03-01,0
MX-DUR,vector,2004,4,2004-04-01,0
MX-DUR,vector,2004,5,2004-05-01,0
MX-DUR,vector,2004,6,2004-06-01,0
MX-DUR,vector,2004,7,2004-07-01,0
MX-DUR,vector,2004,8,2004-08-01,0
MX-DUR,vector,2004,9,2004-09-01,0
MX-DUR,vector,2004,10,2004-10-01,0
MX-DUR,vector,2004,11,2004-11-01,0
MX-DUR,vector,2004,12,2004-12-01,0
MX-DUR,vector,2005,1,2005-01-01,0
MX-DUR,vector,2005,2,2005-02-01,0
MX-DUR,vector,2005,3,2005-03-01,0
MX-DUR,vector,2005,4,2005-04-01,0
MX-DUR,vector,2005,5,2005-05-01,0
MX-DUR,vector,2005,6,2005-06-01,0
MX-DUR,vector,2005,7,2005-07-01,0
MX-DUR,vector,2005,8,2005-08-01,0
MX-DUR,vector,2005,9,2005-09-01,0
MX-DUR,vector,2005,10,2005-10-01,0
MX-DUR,vector,2005,11,2005-11-01,0
MX-DUR,vector,2005,12,2005-12-01,0
MX-DUR,vector,2006,1,2006-01-01,0
MX-DUR,vector,2006,2,2006-02-01,0
MX-DUR,vector,2006,3,2006-03-01,0
MX-DUR,vector,2006,4,2006-04-01,0
MX-DUR,vector,2006,5,2006-05-01,0
MX-DUR,vector,2006,6,2006-06-01,0
MX-DUR,vector,2006,7,2006-07-01,0
MX-DUR,vector,2006,8,2006-08-01,0
MX-DUR,vector,2006,9,2006-09-01,0
MX-DUR,vector,2006,10,2006-10-01,0
MX-DUR,vector,2006,11,2006-11-01,0
MX-DUR,vector,2006,12,2006-12-01,0
MX-DUR,vector,2007,1,2007-01-01,0
MX-DUR,vector,2007,2,2007-02-01,0
MX-DUR,vector,2007,3,2007-03-01,0
MX-DUR,vector,2007,4,2007-04-01,0
MX-DUR,vector,2007,5,2007-05-01,0
MX-DUR,vector,2007,6,2007-06-01,0
MX-DUR,vector,2007,7,2007-07-01,0
MX-DUR,vector,2007,8,2007-08-01,0
MX-DUR,vector,2007,9,2007-09-01,0
MX-DUR,vector,2007,10,2007-10-01,0
MX-DUR,vector,2007,11,2007-11-01,0
MX-DUR,vector,2007,12,2007-12-01,0
MX-DUR,vector,2008,1,2008-01-01,0
MX-DUR,vector,2008,2,2008-02-01,0
MX-DUR,vector,2008,3,2008-03-01,0
MX-DUR,vector,2008,4,2008-04-01,0
MX-DUR,vector,2008,5,2008-05-01,0
MX-DUR,vector,2008,6,2008-06-01,0
MX-DUR,vector,2008,7,2008-07-01,0
MX-DUR,vector,2008,8,2008-08-01,0
MX-DUR,vector,2008,9,2008-09-01,0
MX-DUR,vector,2008,10,2008-10-01,0
MX-DUR,vector,2008,11,2008-11-01,0
MX-DUR,vector,2008,12,2008-12-01,0
MX-DUR,vector,2009,1,2009-01-01,0
MX-DUR,vector,2009,2,2009-02-01,0
MX-DUR,vector,2009,3,2009-03-01,0
MX-DUR,vector,2009,4,2009-04-01,0
MX-DUR,vector,2009,5,2009-05-01,0
MX-DUR,vector,2009,6,2009-06-01,0
MX-DUR,vector,2009,7,2009-07-01,0
MX-DUR,vector,2009,8,2009-08-01,0
MX-DUR,vector,2009,9,2009-09-01,0
MX-DUR,vector,2009,10,2009-10-01,0
MX-DUR,vector,2009,11,2009-11-01,0
MX-DUR,vector,2009,12,2009-12-01,0
MX-DUR,vector,2010,1,2010-01-01,0
MX-DUR,vector,2010,2,2010-02-01,0
MX-DUR,vector,2010,3,2010-03-01,0
MX-DUR,vector,2010,4,2010-04-01,0
MX-DUR,vector,2010,5,2010-05-01,0
MX-DUR,vector,2010,6,2010-06-01,0
MX-DUR,vector,2010,7,2010-07-01,0
MX-DUR,vector,2010,8,2010-08-01,0
MX-DUR,vector,2010,9,2010-09-01,0
MX-DUR,vector,2010,10,2010-10-01,0
MX-DUR,vector,2010,11,2010-11-01,0
MX-DUR,vector,2010,12,2010-12-01,0
MX-DUR,vector,2011,1,2011-01-01,0
MX-DUR,vector,2011,2,2011-02-01,0
MX-DUR,vector,2011,3,2011-03-01,0
MX-DUR,vector,2011,4,2011-04-01,0
MX-DUR,vector,2011,5,2011-05-01,0
MX-DUR,vector,2011,6,2011-06-01,0
MX-DUR,vector,2011,7,2011-07-01,0
MX-DUR,vector,2011,8,2011-08-01,0
MX-DUR,vector,2011,9,2011-09-01,0
MX-DUR,vector,2011,10,2011-10-01,0
MX-DUR,vector,2011,11,2011-11-01,0
MX-DUR,vector,2011,12,2011-12-01,0
MX-DUR,vector,2012,1,2012-01-01,0
MX-DUR,vector,2012,2,2012-02-01,93
MX-DUR,vector,2012,3,2012-03-01,100
MX-DUR,vector,2012,4,2012-04-01,0
MX-DUR,vector,2012,5,2012-05-01,0
MX-DUR,vector,2012,6,2012-06-01,0
MX-DUR,vector,2012,7,2012-07-01,0
MX-DUR,vector,2012,8,2012-08-01,0
MX-DUR,vector,2012,9,2012-09-01,0
MX-DUR,vector,2012,10,2012-10-01,99
MX-DUR,vector,2012,11,2012-11-01,0
MX-DUR,vector,2012,12,2012-12-01,0
MX-DUR,vector,2013,1,2013-01-01,0
MX-DUR,vector,2013,2,2013-02-01,0
MX-DUR,vector,2013,3,2013-03-01,0
MX-DUR,vector,2013,4,2013-04-01,0
MX-DUR,vector,2013,5,2013-05-01,0
MX-DUR,vector,2013,6,2013-06-01,94
MX-DUR,vector,2013,7,2013-07-01,76
MX-DUR,vector,2013,8,2013-08-01,73
MX-DUR,vector,2013,9,2013-09-01,67
MX-DUR,vector,2013,10,2013-10-01,77
MX-DUR,vector,2013,11,2013-11-01,0
MX-DUR,vector,2013,12,2013-12-01,0
MX-DUR,vector,2014,1,2014-01-01,0
MX-DUR,vector,2014,2,2014-02-01,0
MX-DUR,vector,2014,3,2014-03-01,68
MX-DUR,vector,2014,4,2014-04-01,0
MX-DUR,vector,2014,5,2014-05-01,0
MX-DUR,vector,2014,6,2014-06-01,0
MX-DUR,vector,2014,7,2014-07-01,0
MX-DUR,vector,2014,8,2014-08-01,70
MX-DUR,vector,2014,9,2014-09-01,0
MX-DUR,vector,2014,10,2014-10-01,59
MX-DUR,vector,2014,11,2014-11-01,0
MX-DUR,vector,2014,12,2014-12-01,0
MX-DUR,vector,2015,1,2015-01-01,0
MX-DUR,vector,2015,2,2015-02-01,0
MX-DUR,vector,2015,3,2015-03-01,63
MX-DUR,vector,2015,4,2015-04-01,0
MX-DUR,vector,2015,5,2015-05-01,0
MX-DUR,vector,2015,6,2015-06-01,0
MX-DUR,vector,2015,7,2015-07-01,62
MX-DUR,vector,2015,8,2015-08-01,0
MX-DUR,vector,2015,9,2015-09-01,79
MX-DUR,vector,2015,10,2015-10-01,33
MX-DUR,vector,2015,11,2015-11-01,0
MX-DUR,vector,2015,12,2015-12-01,0
MX-DUR,vector,2016,1,2016-01-01,0
MX-DUR,vector,2016,2,2016-02-01,0
MX-DUR,vector,2016,3,2016-03-01,38
MX-DUR,vector,2016,4,2016-04-01,0
MX-DUR,vector,2016,5,2016-05-01,41
MX-DUR,vector,2016,6,2016-06-01,59
MX-DUR,vector,2016,7,2016-07-01,0
MX-DUR,vector,2016,8,2016-08-01,44
MX-DUR,vector,2016,9,2016-09-01,0
MX-DUR,vector,2016,10,2016-10-01,0
MX-DUR,vector,2016,11,2016-11-01,0
MX-DUR,vector,2016,12,2016-12-01,0
MX-DUR,vector,2017,1,2017-01-01,0
MX-DUR,vector,2017,2,2017-02-01,0
MX-DUR,vector,2017,3,2017-03-01,0
MX-DUR,vector,2017,4,2017-04-01,0
MX-DUR,vector,2017,5,2017-05-01,0
MX-DUR,vector,2017,6,2017-06-01,0
MX-DUR,vector,2017,7,2017-07-01,0
MX-DUR,vector,2017,8,2017-08-01,0
MX-DUR,vector,2017,9,2017-09-01,0
MX-DUR,vector,2017,10,2017-10-01,0
MX-DUR,vector,2017,11,2017-11-01,0
MX-DUR,vector,2017,12,2017-12-01,0
MX-DUR,vector,2018,1,2018-01-01,0
MX-DUR,vector,2018,2,2018-02-01,0
MX-DUR,vector,2018,3,2018-03-01,0
MX-DUR,vector,2018,4,2018-04-01,0
MX-DUR,vector,2018,5,2018-05-01,0
MX-DUR,vector,2018,6,2018-06-01,0
MX-DUR,vector,2018,7,2018-07-01,0
MX-DUR,vector,2018,8,2018-08-01,0
MX-DUR,vector,2018,9,2018-09-01,0
MX-DUR,vector,2018,10,2018-10-01,0
MX-DUR,vector,2018,11,2018-11-01,0
MX-DUR,vector,2018,12,2018-12-01,0
MX-DUR,vector,2019,1,2019-01-01,0
MX-DUR,vector,2019,2,2019-02-01,0
MX-DUR,vector,2019,3,2019-03-01,0
MX-DUR,vector,2019,4,2019-04-01,0
MX-DUR,vector,2019,5,2019-05-01,0
MX-DUR,vector,2019,6,2019-06-01,0
MX-DUR,vector,2019,7,2019-07-01,0
MX-DUR,vector,2019,8,2019-08-01,0
MX-DUR,vector,2019,9,2019-09-01,0
MX-DUR,vector,2019,10,2019-10-01,0
MX-DUR,vector,2019,11,2019-11-01,0
MX-DUR,vector,2019,12,2019-12-01,0
MX-DUR,vector,2020,1,2020-01-01,0
MX-DUR,vector,2020,2,2020-02-01,0
MX-DUR,vector,2020,3,2020-03-01,0
MX-DUR,vector,2020,4,2020-04-01,0
MX-DUR,vector,2020,5,2020-05-01,0
MX-DUR,vector,2020,6,2020-06-01,0
MX-DUR,vector,2020,7,2020-07-01,0
MX-DUR,vector,2020,8,2020-08-01,0
MX-DUR,vector,2020,9,2020-09-01,0
MX-DUR,vector,2020,10,2020-10-01,0
MX-DUR,vector,2020,11,2020-11-01,0
MX-DUR,vector,2020,12,2020-12-01,0
MX-DUR,vector,2021,1,2021-01-01,0
MX-DUR,vector,2021,2,2021-02-01,0
MX-DUR,vector,2021,3,2021-03-01,26
MX-DUR,vector,2021,4,2021-04-01,0
MX-DUR,vector,2021,5,2021-05-01,0
MX-DUR,vector,2021,6,2021-06-01,0
MX-DUR,vector,2021,7,2021-07-01,0
MX-DUR,vector,2021,8,2021-08-01,0
MX-DUR,vector,2021,9,2021-09-01,0
MX-DUR,vector,2021,10,2021-10-01,0
MX-DUR,vector,2021,11,2021-11-01,0
MX-DUR,vector,2021,12,2021-12-01,0
MX-DUR,vector,2022,1,2022-01-01,0
MX-DUR,vector,2022,2,2022-02-01,46
MX-DUR,vector,2022,3,2022-03-01,27
MX-DUR,vector,2022,4,2022-04-01,34
MX-DUR,vector,2022,5,2022-05-01,26
MX-DUR,vector,2022,6,2022-06-01,37
MX-DUR,vector,2022,7,2022-07-01,30
MX-DUR,vector,2022,8,2022-08-01,35
MX-DUR,vector,2022,9,2022-09-01,31
MX-DUR,vector,2022,10,2022-10-01,31
MX-DUR,vector,2022,11,2022-11-01,36
MX-DUR,vector,2022,12,2022-12-01,35
MX-GRO,Aedes_aegypti,2004,1,2004-01-01,0
MX-GRO,Aedes_aegypti,2004,2,2004-02-01,0
MX-GRO,Aedes_aegypti,2004,3,2004-03-01,0
MX-GRO,Aedes_aegypti,2004,4,2004-04-01,0
MX-GRO,Aedes_aegypti,2004,5,2004-05-01,0
MX-GRO,Aedes_aegypti,2004,6,2004-06-01,0
MX-GRO,Aedes_aegypti,2004,7,2004-07-01,0
MX-GRO,Aedes_aegypti,2004,8,2004-08-01,0
MX-GRO,Aedes_aegypti,2004,9,2004-09-01,0
MX-GRO,Aedes_aegypti,2004,10,2004-10-01,0
MX-GRO,Aedes_aegypti,2004,11,2004-11-01,0
MX-GRO,Aedes_aegypti,2004,12,2004-12-01,0
MX-GRO,Aedes_aegypti,2005,1,2005-01-01,0
MX-GRO,Aedes_aegypti,2005,2,2005-02-01,0
MX-GRO,Aedes_aegypti,2005,3,2005-03-01,0
MX-GRO,Aedes_aegypti,2005,4,2005-04-01,0
MX-GRO,Aedes_aegypti,2005,5,2005-05-01,0
MX-GRO,Aedes_aegypti,2005,6,2005-06-01,0
MX-GRO,Aedes_aegypti,2005,7,2005-07-01,0
MX-GRO,Aedes_aegypti,2005,8,2005-08-01,0
MX-GRO,Aedes_aegypti,2005,9,2005-09-01,0
MX-GRO,Aedes_aegypti,2005,10,2005-10-01,0
MX-GRO,Aedes_aegypti,2005,11,2005-11-01,0
MX-GRO,Aedes_aegypti,2005,12,2005-12-01,0
MX-GRO,Aedes_aegypti,2006,1,2006-01-01,0
MX-GRO,Aedes_aegypti,2006,2,2006-02-01,0
MX-GRO,Aedes_aegypti,2006,3,2006-03-01,0
MX-GRO,Aedes_aegypti,2006,4,2006-04-01,0
MX-GRO,Aedes_aegypti,2006,5,2006-05-01,0
MX-GRO,Aedes_aegypti,2006,6,2006-06-01,0
MX-GRO,Aedes_aegypti,2006,7,2006-07-01,0
MX-GRO,Aedes_aegypti,2006,8,2006-08-01,0
MX-GRO,Aedes_aegypti,2006,9,2006-09-01,0
MX-GRO,Aedes_aegypti,2006,10,2006-10-01,0
MX-GRO,Aedes_aegypti,2006,11,2006-11-01,0
MX-GRO,Aedes_aegypti,2006,12,2006-12-01,0
MX-GRO,Aedes_aegypti,2007,1,2007-01-01,0
MX-GRO,Aedes_aegypti,2007,2,2007-02-01,0
MX-GRO,Aedes_aegypti,2007,3,2007-03-01,0
MX-GRO,Aedes_aegypti,2007,4,2007-04-01,0
MX-GRO,Aedes_aegypti,2007,5,2007-05-01,0
MX-GRO,Aedes_aegypti,2007,6,2007-06-01,0
MX-GRO,Aedes_aegypti,2007,7,2007-07-01,0
MX-GRO,Aedes_aegypti,2007,8,2007-08-01,0
MX-GRO,Aedes_aegypti,2007,9,2007-09-01,0
MX-GRO,Aedes_aegypti,2007,10,2007-10-01,0
MX-GRO,Aedes_aegypti,2007,11,2007-11-01,0
MX-GRO,Aedes_aegypti,2007,12,2007-12-01,0
MX-GRO,Aedes_aegypti,2008,1,2008-01-01,0
MX-GRO,Aedes_aegypti,2008,2,2008-02-01,0
MX-GRO,Aedes_aegypti,2008,3,2008-03-01,0
MX-GRO,Aedes_aegypti,2008,4,2008-04-01,0
MX-GRO,Aedes_aegypti,2008,5,2008-05-01,0
MX-GRO,Aedes_aegypti,2008,6,2008-06-01,0
MX-GRO,Aedes_aegypti,2008,7,2008-07-01,0
MX-GRO,Aedes_aegypti,2008,8,2008-08-01,0
MX-GRO,Aedes_aegypti,2008,9,2008-09-01,0
MX-GRO,Aedes_aegypti,2008,10,2008-10-01,0
MX-GRO,Aedes_aegypti,2008,11,2008-11-01,0
MX-GRO,Aedes_aegypti,2008,12,2008-12-01,0
MX-GRO,Aedes_aegypti,2009,1,2009-01-01,0
MX-GRO,Aedes_aegypti,2009,2,2009-02-01,0
MX-GRO,Aedes_aegypti,2009,3,2009-03-01,0
MX-GRO,Aedes_aegypti,2009,4,2009-04-01,0
MX-GRO,Aedes_aegypti,2009,5,2009-05-01,0
MX-GRO,Aedes_aegypti,2009,6,2009-06-01,0
MX-GRO,Aedes_aegypti,2009,7,2009-07-01,0
MX-GRO,Aedes_aegypti,2009,8,2009-08-01,0
MX-GRO,Aedes_aegypti,2009,9,2009-09-01,0
MX-GRO,Aedes_aegypti,2009,10,2009-10-01,0
MX-GRO,Aedes_aegypti,2009,11,2009-11-01,0
MX-GRO,Aedes_aegypti,2009,12,2009-12-01,0
MX-GRO,Aedes_aegypti,2010,1,2010-01-01,0
MX-GRO,Aedes_aegypti,2010,2,2010-02-01,0
MX-GRO,Aedes_aegypti,2010,3,2010-03-01,0
MX-GRO,Aedes_aegypti,2010,4,2010-04-01,0
MX-GRO,Aedes_aegypti,2010,5,2010-05-01,0
MX-GRO,Aedes_aegypti,2010,6,2010-06-01,0
MX-GRO,Aedes_aegypti,2010,7,2010-07-01,0
MX-GRO,Aedes_aegypti,2010,8,2010-08-01,0
MX-GRO,Aedes_aegypti,2010,9,2010-09-01,0
MX-GRO,Aedes_aegypti,2010,10,2010-10-01,0
MX-GRO,Aedes_aegypti,2010,11,2010-11-01,0
MX-GRO,Aedes_aegypti,2010,12,2010-12-01,0
MX-GRO,Aedes_aegypti,2011,1,2011-01-01,0
MX-GRO,Aedes_aegypti,2011,2,2011-02-01,0
MX-GRO,Aedes_aegypti,2011,3,2011-03-01,0
MX-GRO,Aedes_aegypti,2011,4,2011-04-01,0
MX-GRO,Aedes_aegypti,2011,5,2011-05-01,0
MX-GRO,Aedes_aegypti,2011,6,2011-06-01,0
MX-GRO,Aedes_aegypti,2011,7,2011-07-01,0
MX-GRO,Aedes_aegypti,2011,8,2011-08-01,0
MX-GRO,Aedes_aegypti,2011,9,2011-09-01,0
MX-GRO,Aedes_aegypti,2011,10,2011-10-01,0
MX-GRO,Aedes_aegypti,2011,11,2011-11-01,0
MX-GRO,Aedes_aegypti,2011,12,2011-12-01,0
MX-GRO,Aedes_aegypti,2012,1,2012-01-01,0
MX-GRO,Aedes_aegypti,2012,2,2012-02-01,0
MX-GRO,Aedes_aegypti,2012,3,2012-03-01,0
MX-GRO,Aedes_aegypti,2012,4,2012-04-01,100
MX-GRO,Aedes_aegypti,2012,5,2012-05-01,0
MX-GRO,Aedes_aegypti,2012,6,2012-06-01,0
MX-GRO,Aedes_aegypti,2012,7,2012-07-01,0
MX-GRO,Aedes_aegypti,2012,8,2012-08-01,0
MX-GRO,Aedes_aegypti,2012,9,2012-09-01,0
MX-GRO,Aedes_aegypti,2012,10,2012-10-01,0
MX-GRO,Aedes_aegypti,2012,11,2012-11-01,0
MX-GRO,Aedes_aegypti,2012,12,2012-12-01,0
MX-GRO,Aedes_aegypti,2013,1,2013-01-01,0
MX-GRO,Aedes_aegypti,2013,2,2013-02-01,0
MX-GRO,Aedes_aegypti,2013,3,2013-03-01,0
MX-GRO,Aedes_aegypti,2013,4,2013-04-01,0
MX-GRO,Aedes_aegypti,2013,5,2013-05-01,0
MX-GRO,Aedes_aegypti,2013,6,2013-06-01,0
MX-GRO,Aedes_aegypti,2013,7,2013-07-01,0
MX-GRO,Aedes_aegypti,2013,8,2013-08-01,0
MX-GRO,Aedes_aegypti,2013,9,2013-09-01,0
MX-GRO,Aedes_aegypti,2013,10,2013-10-01,0
MX-GRO,Aedes_aegypti,2013,11,2013-11-01,0
MX-GRO,Aedes_aegypti,2013,12,2013-12-01,0
MX-GRO,Aedes_aegypti,2014,1,2014-01-01,43
MX-GRO,Aedes_aegypti,2014,2,2014-02-01,0
MX-GRO,Aedes_aegypti,2014,3,2014-03-01,0
MX-GRO,Aedes_aegypti,2014,4,2014-04-01,0
MX-GRO,Aedes_aegypti,2014,5,2014-05-01,0
MX-GRO,Aedes_aegypti,2014,6,2014-06-01,0
MX-GRO,Aedes_aegypti,2014,7,2014-07-01,0
MX-GRO,Aedes_aegypti,2014,8,2014-08-01,0
MX-GRO,Aedes_aegypti,2014,9,2014-09-01,0
MX-GRO,Aedes_aegypti,2014,10,2014-10-01,0
MX-GRO,Aedes_aegypti,2014,11,2014-11-01,0
MX-GRO,Aedes_aegypti,2014,12,2014-12-01,0
MX-GRO,Aedes_aegypti,2015,1,2015-01-01,0
MX-GRO,Aedes_aegypti,2015,2,2015-02-01,0
MX-GRO,Aedes_aegypti,2015,3,2015-03-01,0
MX-GRO,Aedes_aegypti,2015,4,2015-04-01,0
MX-GRO,Aedes_aegypti,2015,5,2015-05-01,0
MX-GRO,Aedes_aegypti,2015,6,2015-06-01,0
MX-GRO,Aedes_aegypti,2015,7,2015-07-01,0
MX-GRO,Aedes_aegypti,2015,8,2015-08-01,0
MX-GRO,Aedes_aegypti,2015,9,2015-09-01,0
MX-GRO,Aedes_aegypti,2015,10,2015-10-01,0
MX-GRO,Aedes_aegypti,2015,11,2015-11-01,0
MX-GRO,Aedes_aegypti,2015,12,2015-12-01,0
MX-GRO,Aedes_aegypti,2016,1,2016-01-01,0
MX-GRO,Aedes_aegypti,2016,2,2016-02-01,33
MX-GRO,Aedes_aegypti,2016,3,2016-03-01,0
MX-GRO,Aedes_aegypti,2016,4,2016-04-01,0
MX-GRO,Aedes_aegypti,2016,5,2016-05-01,0
MX-GRO,Aedes_aegypti,2016,6,2016-06-01,0
MX-GRO,Aedes_aegypti,2016,7,2016-07-01,0
MX-GRO,Aedes_aegypti,2016,8,2016-08-01,0
MX-GRO,Aedes_aegypti,2016,9,2016-09-01,0
MX-GRO,Aedes_aegypti,2016,10,2016-10-01,0
MX-GRO,Aedes_aegypti,2016,11,2016-11-01,0
MX-GRO,Aedes_aegypti,2016,12,2016-12-01,0
MX-GRO,Aedes_aegypti,2017,1,2017-01-01,0
MX-GRO,Aedes_aegypti,2017,2,2017-02-01,0
MX-GRO,Aedes_aegypti,2017,3,2017-03-01,0
MX-GRO,Aedes_aegypti,2017,4,2017-04-01,0
MX-GRO,Aedes_aegypti,2017,5,2017-05-01,0
MX-GRO,Aedes_aegypti,2017,6,2017-06-01,0
MX-GRO,Aedes_aegypti,2017,7,2017-07-01,0
MX-GRO,Aedes_aegypti,2017,8,2017-08-01,0
MX-GRO,Aedes_aegypti,2017,9,2017-09-01,0
MX-GRO,Aedes_aegypti,2017,10,2017-10-01,0
MX-GRO,Aedes_aegypti,2017,11,2017-11-01,0
MX-GRO,Aedes_aegypti,2017,12,2017-12-01,0
MX-GRO,Aedes_aegypti,2018,1,2018-01-01,0
MX-GRO,Aedes_aegypti,2018,2,2018-02-01,0
MX-GRO,Aedes_aegypti,2018,3,2018-03-01,0
MX-GRO,Aedes_aegypti,2018,4,2018-04-01,0
MX-GRO,Aedes_aegypti,2018,5,2018-05-01,0
MX-GRO,Aedes_aegypti,2018,6,2018-06-01,0
MX-GRO,Aedes_aegypti,2018,7,2018-07-01,0
MX-GRO,Aedes_aegypti,2018,8,2018-08-01,0
MX-GRO,Aedes_aegypti,2018,9,2018-09-01,0
MX-GRO,Aedes_aegypti,2018,10,2018-10-01,0
MX-GRO,Aedes_aegypti,2018,11,2018-11-01,0
MX-GRO,Aedes_aegypti,2018,12,2018-12-01,0
MX-GRO,Aedes_aegypti,2019,1,2019-01-01,0
MX-GRO,Aedes_aegypti,2019,2,2019-02-01,0
MX-GRO,Aedes_aegypti,2019,3,2019-03-01,0
MX-GRO,Aedes_aegypti,2019,4,2019-04-01,0
MX-GRO,Aedes_aegypti,2019,5,2019-05-01,0
MX-GRO,Aedes_aegypti,2019,6,2019-06-01,0
MX-GRO,Aedes_aegypti,2019,7,2019-07-01,0
MX-GRO,Aedes_aegypti,2019,8,2019-08-01,0
MX-GRO,Aedes_aegypti,2019,9,2019-09-01,0
MX-GRO,Aedes_aegypti,2019,10,2019-10-01,0
MX-GRO,Aedes_aegypti,2019,11,2019-11-01,0
MX-GRO,Aedes_aegypti,2019,12,2019-12-01,0
MX-GRO,Aedes_aegypti,2020,1,2020-01-01,0
MX-GRO,Aedes_aegypti,2020,2,2020-02-01,0
MX-GRO,Aedes_aegypti,2020,3,2020-03-01,0
MX-GRO,Aedes_aegypti,2020,4,2020-04-01,0
MX-GRO,Aedes_aegypti,2020,5,2020-05-01,0
MX-GRO,Aedes_aegypti,2020,6,2020-06-01,0
MX-GRO,Aedes_aegypti,2020,7,2020-07-01,0
MX-GRO,Aedes_aegypti,2020,8,2020-08-01,0
MX-GRO,Aedes_aegypti,2020,9,2020-09-01,0
MX-GRO,Aedes_aegypti,2020,10,2020-10-01,0
MX-GRO,Aedes_aegypti,2020,11,2020-11-01,0
MX-GRO,Aedes_aegypti,2020,12,2020-12-01,0
MX-GRO,Aedes_aegypti,2021,1,2021-01-01,0
MX-GRO,Aedes_aegypti,2021,2,2021-02-01,0
MX-GRO,Aedes_aegypti,2021,3,2021-03-01,0
MX-GRO,Aedes_aegypti,2021,4,2021-04-01,0
MX-GRO,Aedes_aegypti,2021,5,2021-05-01,0
MX-GRO,Aedes_aegypti,2021,6,2021-06-01,0
MX-GRO,Aedes_aegypti,2021,7,2021-07-01,0
MX-GRO,Aedes_aegypti,2021,8,2021-08-01,0
MX-GRO,Aedes_aegypti,2021,9,2021-09-01,0
MX-GRO,Aedes_aegypti,2021,10,2021-10-01,0
MX-GRO,Aedes_aegypti,2021,11,2021-11-01,0
MX-GRO,Aedes_aegypti,2021,12,2021-12-01,0
MX-GRO,Aedes_aegypti,2022,1,2022-01-01,0
MX-GRO,Aedes_aegypti,2022,2,2022-02-01,0
MX-GRO,Aedes_aegypti,2022,3,2022-03-01,0
MX-GRO,Aedes_aegypti,2022,4,2022-04-01,0
MX-GRO,Aedes_aegypti,2022,5,2022-05-01,0
MX-GRO,Aedes_aegypti,2022,6,2022-06-01,0
MX-GRO,Aedes_aegypti,2022,7,2022-07-01,0
MX-GRO,Aedes_aegypti,2022,8,2022-08-01,0
MX-GRO,Aedes_aegypti,2022,9,2022-09-01,0
MX-GRO,Aedes_aegypti,2022,10,2022-10-01,0
MX-GRO,Aedes_aegypti,2022,11,2022-11-01,0
MX-GRO,Aedes_aegypti,2022,12,2022-12-01,0
MX-GRO,mosquito,2004,1,2004-01-01,0
MX-GRO,mosquito,2004,2,2004-02-01,0
MX-GRO,mosquito,2004,3,2004-03-01,0
MX-GRO,mosquito,2004,4,2004-04-01,0
MX-GRO,mosquito,2004,5,2004-05-01,0
MX-GRO,mosquito,2004,6,2004-06-01,0
MX-GRO,mosquito,2004,7,2004-07-01,0
MX-GRO,mosquito,2004,8,2004-08-01,0
MX-GRO,mosquito,2004,9,2004-09-01,0
MX-GRO,mosquito,2004,10,2004-10-01,0
MX-GRO,mosquito,2004,11,2004-11-01,0
MX-GRO,mosquito,2004,12,2004-12-01,0
MX-GRO,mosquito,2005,1,2005-01-01,0
MX-GRO,mosquito,2005,2,2005-02-01,0
MX-GRO,mosquito,2005,3,2005-03-01,0
MX-GRO,mosquito,2005,4,2005-04-01,0
MX-GRO,mosquito,2005,5,2005-05-01,0
MX-GRO,mosquito,2005,6,2005-06-01,0
MX-GRO,mosquito,2005,7,2005-07-01,0
MX-GRO,mosquito,2005,8,2005-08-01,0
MX-GRO,mosquito,2005,9,2005-09-01,0
MX-GRO,mosquito,2005,10,2005-10-01,0
MX-GRO,mosquito,2005,11,2005-11-01,0
MX-GRO,mosquito,2005,12,2005-12-01,0
MX-GRO,mosquito,2006,1,2006-01-01,0
MX-GRO,mosquito,2006,2,2006-02-01,0
MX-GRO,mosquito,2006,3,2006-03-01,0
MX-GRO,mosquito,2006,4,2006-04-01,0
MX-GRO,mosquito,2006,5,2006-05-01,0
MX-GRO,mosquito,2006,6,2006-06-01,0
MX-GRO,mosquito,2006,7,2006-07-01,0
MX-GRO,mosquito,2006,8,2006-08-01,0
MX-GRO,mosquito,2006,9,2006-09-01,0
MX-GRO,mosquito,2006,10,2006-10-01,0
MX-GRO,mosquito,2006,11,2006-11-01,0
MX-GRO,mosquito,2006,12,2006-12-01,0
MX-GRO,mosquito,2007,1,2007-01-01,0
MX-GRO,mosquito,2007,2,2007-02-01,0
MX-GRO,mosquito,2007,3,2007-03-01,0
MX-GRO,mosquito,2007,4,2007-04-01,0
MX-GRO,mosquito,2007,5,2007-05-01,0
MX-GRO,mosquito,2007,6,2007-06-01,0
MX-GRO,mosquito,2007,7,2007-07-01,0
MX-GRO,mosquito,2007,8,2007-08-01,0
MX-GRO,mosquito,2007,9,2007-09-01,0
MX-GRO,mosquito,2007,10,2007-10-01,0
MX-GRO,mosquito,2007,11,2007-11-01,0
MX-GRO,mosquito,2007,12,2007-12-01,0
MX-GRO,mosquito,2008,1,2008-01-01,0
MX-GRO,mosquito,2008,2,2008-02-01,0
MX-GRO,mosquito,2008,3,2008-03-01,0
MX-GRO,mosquito,2008,4,2008-04-01,0
MX-GRO,mosquito,2008,5,2008-05-01,0
MX-GRO,mosquito,2008,6,2008-06-01,0
MX-GRO,mosquito,2008,7,2008-07-01,0
MX-GRO,mosquito,2008,8,2008-08-01,0
MX-GRO,mosquito,2008,9,2008-09-01,0
MX-GRO,mosquito,2008,10,2008-10-01,0
MX-GRO,mosquito,2008,11,2008-11-01,0
MX-GRO,mosquito,2008,12,2008-12-01,0
MX-GRO,mosquito,2009,1,2009-01-01,0
MX-GRO,mosquito,2009,2,2009-02-01,0
MX-GRO,mosquito,2009,3,2009-03-01,0
MX-GRO,mosquito,2009,4,2009-04-01,0
MX-GRO,mosquito,2009,5,2009-05-01,0
MX-GRO,mosquito,2009,6,2009-06-01,0
MX-GRO,mosquito,2009,7,2009-07-01,0
MX-GRO,mosquito,2009,8,2009-08-01,0
MX-GRO,mosquito,2009,9,2009-09-01,0
MX-GRO,mosquito,2009,10,2009-10-01,0
MX-GRO,mosquito,2009,11,2009-11-01,100
MX-GRO,mosquito,2009,12,2009-12-01,0
MX-GRO,mosquito,2010,1,2010-01-01,0
MX-GRO,mosquito,2010,2,2010-02-01,0
MX-GRO,mosquito,2010,3,2010-03-01,0
MX-GRO,mosquito,2010,4,2010-04-01,0
MX-GRO,mosquito,2010,5,2010-05-01,0
MX-GRO,mosquito,2010,6,2010-06-01,0
MX-GRO,mosquito,2010,7,2010-07-01,0
MX-GRO,mosquito,2010,8,2010-08-01,0
MX-GRO,mosquito,2010,9,2010-09-01,0
MX-GRO,mosquito,2010,10,2010-10-01,0
MX-GRO,mosquito,2010,11,2010-11-01,0
MX-GRO,mosquito,2010,12,2010-12-01,0
MX-GRO,mosquito,2011,1,2011-01-01,0
MX-GRO,mosquito,2011,2,2011-02-01,0
MX-GRO,mosquito,2011,3,2011-03-01,0
MX-GRO,mosquito,2011,4,2011-04-01,0
MX-GRO,mosquito,2011,5,2011-05-01,0
MX-GRO,mosquito,2011,6,2011-06-01,1
MX-GRO,mosquito,2011,7,2011-07-01,3
MX-GRO,mosquito,2011,8,2011-08-01,1
MX-GRO,mosquito,2011,9,2011-09-01,2
MX-GRO,mosquito,2011,10,2011-10-01,0
MX-GRO,mosquito,2011,11,2011-11-01,0
MX-GRO,mosquito,2011,12,2011-12-01,1
MX-GRO,mosquito,2012,1,2012-01-01,1
MX-GRO,mosquito,2012,2,2012-02-01,1
MX-GRO,mosquito,2012,3,2012-03-01,0
MX-GRO,mosquito,2012,4,2012-04-01,1
MX-GRO,mosquito,2012,5,2012-05-01,1
MX-GRO,mosquito,2012,6,2012-06-01,2
MX-GRO,mosquito,2012,7,2012-07-01,3
MX-GRO,mosquito,2012,8,2012-08-01,2
MX-GRO,mosquito,2012,9,2012-09-01,2
MX-GRO,mosquito,2012,10,2012-10-01,1
MX-GRO,mosquito,2012,11,2012-11-01,1
MX-GRO,mosquito,2012,12,2012-12-01,0
MX-GRO,mosquito,2013,1,2013-01-01,0
MX-GRO,mosquito,2013,2,2013-02-01,0
MX-GRO,mosquito,2013,3,2013-03-01,1
MX-GRO,mosquito,2013,4,2013-04-01,1
MX-GRO,mosquito,2013,5,2013-05-01,1
MX-GRO,mosquito,2013,6,2013-06-01,2
MX-GRO,mosquito,2013,7,2013-07-01,2
MX-GRO,mosquito,2013,8,2013-08-01,1
MX-GRO,mosquito,2013,9,2013-09-01,2
MX-GRO,mosquito,2013,10,2013-10-01,2
MX-GRO,mosquito,2013,11,2013-11-01,0
MX-GRO,mosquito,2013,12,2013-12-01,1
MX-GRO,mosquito,2014,1,2014-01-01,1
MX-GRO,mosquito,2014,2,2014-02-01,1
MX-GRO,mosquito,2014,3,2014-03-01,1
MX-GRO,mosquito,2014,4,2014-04-01,1
MX-GRO,mosquito,2014,5,2014-05-01,1
MX-GRO,mosquito,2014,6,2014-06-01,3
MX-GRO,mosquito,2014,7,2014-07-01,2
MX-GRO,mosquito,2014,8,2014-08-01,2
MX-GRO,mosquito,2014,9,2014-09-01,2
MX-GRO,mosquito,2014,10,2014-10-01,1
MX-GRO,mosquito,2014,11,2014-11-01,2
MX-GRO,mosquito,2014,12,2014-12-01,1
MX-GRO,mosquito,2015,1,2015-01-01,2
MX-GRO,mosquito,2015,2,2015-02-01,2
MX-GRO,mosquito,2015,3,2015-03-01,5
MX-GRO,mosquito,2015,4,2015-04-01,4
MX-GRO,mosquito,2015,5,2015-05-01,3
MX-GRO,mosquito,2015,6,2015-06-01,3
MX-GRO,mosquito,2015,7,2015-07-01,4
MX-GRO,mosquito,2015,8,2015-08-01,4
MX-GRO,mosquito,2015,9,2015-09-01,2
MX-GRO,mosquito,2015,10,2015-10-01,1
MX-GRO,mosquito,2015,11,2015-11-01,1
MX-GRO,mosquito,2015,12,2015-12-01,2
MX-GRO,mosquito,2016,1,2016-01-01,2
MX-GRO,mosquito,2016,2,2016-02-01,3
MX-GRO,mosquito,2016,3,2016-03-01,2
MX-GRO,mosquito,2016,4,2016-04-01,1
MX-GRO,mosquito,2016,5,2016-05-01,2
MX-GRO,mosquito,2016,6,2016-06-01,2
MX-GRO,mosquito,2016,7,2016-07-01,4
MX-GRO,mosquito,2016,8,2016-08-01,3
MX-GRO,mosquito,2016,9,2016-09-01,2
MX-GRO,mosquito,2016,10,2016-10-01,2
MX-GRO,mosquito,2016,11,2016-11-01,0
MX-GRO,mosquito,2016,12,2016-12-01,0
MX-GRO,mosquito,2017,1,2017-01-01,0
MX-GRO,mosquito,2017,2,2017-02-01,0
MX-GRO,mosquito,2017,3,2017-03-01,0
MX-GRO,mosquito,2017,4,2017-04-01,0
MX-GRO,mosquito,2017,5,2017-05-01,0
MX-GRO,mosquito,2017,6,2017-06-01,0
MX-GRO,mosquito,2017,7,2017-07-01,1
MX-GRO,mosquito,2017,8,2017-08-01,1
MX-GRO,mosquito,2017,9,2017-09-01,0
MX-GRO,mosquito,2017,10,2017-10-01,0
MX-GRO,mosquito,2017,11,2017-11-01,0
MX-GRO,mosquito,2017,12,2017-12-01,0
MX-GRO,mosquito,2018,1,2018-01-01,0
MX-GRO,mosquito,2018,2,2018-02-01,0
MX-GRO,mosquito,2018,3,2018-03-01,0
MX-GRO,mosquito,2018,4,2018-04-01,0
MX-GRO,mosquito,2018,5,2018-05-01,0
MX-GRO,mosquito,2018,6,2018-06-01,1
MX-GRO,mosquito,2018,7,2018-07-01,0
MX-GRO,mosquito,2018,8,2018-08-01,1
MX-GRO,mosquito,2018,9,2018-09-01,0
MX-GRO,mosquito,2018,10,2018-10-01,0
MX-GRO,mosquito,2018,11,2018-11-01,0
MX-GRO,mosquito,2018,12,2018-12-01,0
MX-GRO,mosquito,2019,1,2019-01-01,0
MX-GRO,mosquito,2019,2,2019-02-01,0
MX-GRO,mosquito,2019,3,2019-03-01,0
MX-GRO,mosquito,2019,4,2019-04-01,0
MX-GRO,mosquito,2019,5,2019-05-01,0
MX-GRO,mosquito,2019,6,2019-06-01,0
MX-GRO,mosquito,2019,7,2019-07-01,1
MX-GRO,mosquito,2019,8,2019-08-01,0
MX-GRO,mosquito,2019,9,2019-09-01,0
MX-GRO,mosquito,2019,10,2019-10-01,0
MX-GRO,mosquito,2019,11,2019-11-01,0
MX-GRO,mosquito,2019,12,2019-12-01,0
MX-GRO,mosquito,2020,1,2020-01-01,0
MX-GRO,mosquito,2020,2,2020-02-01,0
MX-GRO,mosquito,2020,3,2020-03-01,0
MX-GRO,mosquito,2020,4,2020-04-01,0
MX-GRO,mosquito,2020,5,2020-05-01,1
MX-GRO,mosquito,2020,6,2020-06-01,1
MX-GRO,mosquito,2020,7,2020-07-01,2
MX-GRO,mosquito,2020,8,2020-08-01,1
MX-GRO,mosquito,2020,9,2020-09-01,1
MX-GRO,mosquito,2020,10,2020-10-01,1
MX-GRO,mosquito,2020,11,2020-11-01,1
MX-GRO,mosquito,2020,12,2020-12-01,1
MX-GRO,mosquito,2021,1,2021-01-01,1
MX-GRO,mosquito,2021,2,2021-02-01,1
MX-GRO,mosquito,2021,3,2021-03-01,1
MX-GRO,mosquito,2021,4,2021-04-01,1
MX-GRO,mosquito,2021,5,2021-05-01,2
MX-GRO,mosquito,2021,6,2021-06-01,2
MX-GRO,mosquito,2021,7,2021-07-01,5
MX-GRO,mosquito,2021,8,2021-08-01,3
MX-GRO,mosquito,2021,9,2021-09-01,2
MX-GRO,mosquito,2021,10,2021-10-01,2
MX-GRO,mosquito,2021,11,2021-11-01,2
MX-GRO,mosquito,2021,12,2021-12-01,1
MX-GRO,mosquito,2022,1,2022-01-01,1
MX-GRO,mosquito,2022,2,2022-02-01,2
MX-GRO,mosquito,2022,3,2022-03-01,1
MX-GRO,mosquito,2022,4,2022-04-01,1
MX-GRO,mosquito,2022,5,2022-05-01,1
MX-GRO,mosquito,2022,6,2022-06-01,2
MX-GRO,mosquito,2022,7,2022-07-01,5
MX-GRO,mosquito,2022,8,2022-08-01,3
MX-GRO,mosquito,2022,9,2022-09-01,2
MX-GRO,mosquito,2022,10,2022-10-01,3
MX-GRO,mosquito,2022,11,2022-11-01,2
MX-GRO,mosquito,2022,12,2022-12-01,2
MX-GRO,vector,2004,1,2004-01-01,0
MX-GRO,vector,2004,2,2004-02-01,0
MX-GRO,vector,2004,3,2004-03-01,0
MX-GRO,vector,2004,4,2004-04-01,0
MX-GRO,vector,2004,5,2004-05-01,0
MX-GRO,vector,2004,6,2004-06-01,0
MX-GRO,vector,2004,7,2004-07-01,0
MX-GRO,vector,2004,8,2004-08-01,0
MX-GRO,vector,2004,9,2004-09-01,0
MX-GRO,vector,2004,10,2004-10-01,0
MX-GRO,vector,2004,11,2004-11-01,0
MX-GRO,vector,2004,12,2004-12-01,0
MX-GRO,vector,2005,1,2005-01-01,0
MX-GRO,vector,2005,2,2005-02-01,0
MX-GRO,vector,2005,3,2005-03-01,0
MX-GRO,vector,2005,4,2005-04-01,0
MX-GRO,vector,2005,5,2005-05-01,0
MX-GRO,vector,2005,6,2005-06-01,0
MX-GRO,vector,2005,7,2005-07-01,0
MX-GRO,vector,2005,8,2005-08-01,0
MX-GRO,vector,2005,9,2005-09-01,0
MX-GRO,vector,2005,10,2005-10-01,0
MX-GRO,vector,2005,11,2005-11-01,0
MX-GRO,vector,2005,12,2005-12-01,0
MX-GRO,vector,2006,1,2006-01-01,0
MX-GRO,vector,2006,2,2006-02-01,0
MX-GRO,vector,2006,3,2006-03-01,0
MX-GRO,vector,2006,4,2006-04-01,0
MX-GRO,vector,2006,5,2006-05-01,0
MX-GRO,vector,2006,6,2006-06-01,0
MX-GRO,vector,2006,7,2006-07-01,0
MX-GRO,vector,2006,8,2006-08-01,0
MX-GRO,vector,2006,9,2006-09-01,0
MX-GRO,vector,2006,10,2006-10-01,0
MX-GRO,vector,2006,11,2006-11-01,0
MX-GRO,vector,2006,12,2006-12-01,0
MX-GRO,vector,2007,1,2007-01-01,0
MX-GRO,vector,2007,2,2007-02-01,0
MX-GRO,vector,2007,3,2007-03-01,0
MX-GRO,vector,2007,4,2007-04-01,0
MX-GRO,vector,2007,5,2007-05-01,0
MX-GRO,vector,2007,6,2007-06-01,0
MX-GRO,vector,2007,7,2007-07-01,0
MX-GRO,vector,2007,8,2007-08-01,0
MX-GRO,vector,2007,9,2007-09-01,0
MX-GRO,vector,2007,10,2007-10-01,0
MX-GRO,vector,2007,11,2007-11-01,0
MX-GRO,vector,2007,12,2007-12-01,0
MX-GRO,vector,2008,1,2008-01-01,0
MX-GRO,vector,2008,2,2008-02-01,0
MX-GRO,vector,2008,3,2008-03-01,0
MX-GRO,vector,2008,4,2008-04-01,0
MX-GRO,vector,2008,5,2008-05-01,0
MX-GRO,vector,2008,6,2008-06-01,0
MX-GRO,vector,2008,7,2008-07-01,0
MX-GRO,vector,2008,8,2008-08-01,0
MX-GRO,vector,2008,9,2008-09-01,0
MX-GRO,vector,2008,10,2008-10-01,0
MX-GRO,vector,2008,11,2008-11-01,0
MX-GRO,vector,2008,12,2008-12-01,0
MX-GRO,vector,2009,1,2009-01-01,0
MX-GRO,vector,2009,2,2009-02-01,0
MX-GRO,vector,2009,3,2009-03-01,0
MX-GRO,vector,2009,4,2009-04-01,0
MX-GRO,vector,2009,5,2009-05-01,0
MX-GRO,vector,2009,6,2009-06-01,0
MX-GRO,vector,2009,7,2009-07-01,0
MX-GRO,vector,2009,8,2009-08-01,0
MX-GRO,vector,2009,9,2009-09-01,0
MX-GRO,vector,2009,10,2009-10-01,0
MX-GRO,vector,2009,11,2009-11-01,0
MX-GRO,vector,2009,12,2009-12-01,0
MX-GRO,vector,2010,1,2010-01-01,0
MX-GRO,vector,2010,2,2010-02-01,0
MX-GRO,vector,2010,3,2010-03-01,0
MX-GRO,vector,2010,4,2010-04-01,0
MX-GRO,vector,2010,5,2010-05-01,0
MX-GRO,vector,2010,6,2010-06-01,0
MX-GRO,vector,2010,7,2010-07-01,0
MX-GRO,vector,2010,8,2010-08-01,0
MX-GRO,vector,2010,9,2010-09-01,0
MX-GRO,vector,2010,10,2010-10-01,0
MX-GRO,vector,2010,11,2010-11-01,0
MX-GRO,vector,2010,12,2010-12-01,0
MX-GRO,vector,2011,1,2011-01-01,0
MX-GRO,vector,2011,2,2011-02-01,0
MX-GRO,vector,2011,3,2011-03-01,0
MX-GRO,vector,2011,4,2011-04-01,0
MX-GRO,vector,2011,5,2011-05-01,0
MX-GRO,vector,2011,6,2011-06-01,0
MX-GRO,vector,2011,7,2011-07-01,0
MX-GRO,vector,2011,8,2011-08-01,0
MX-GRO,vector,2011,9,2011-09-01,73
MX-GRO,vector,2011,10,2011-10-01,89
MX-GRO,vector,2011,11,2011-11-01,86
MX-GRO,vector,2011,12,2011-12-01,0
MX-GRO,vector,2012,1,2012-01-01,0
MX-GRO,vector,2012,2,2012-02-01,76
MX-GRO,vector,2012,3,2012-03-01,73
MX-GRO,vector,2012,4,2012-04-01,0
MX-GRO,vector,2012,5,2012-05-01,81
MX-GRO,vector,2012,6,2012-06-01,0
MX-GRO,vector,2012,7,2012-07-01,0
MX-GRO,vector,2012,8,2012-08-01,0
MX-GRO,vector,2012,9,2012-09-01,100
MX-GRO,vector,2012,10,2012-10-01,57
MX-GRO,vector,2012,11,2012-11-01,92
MX-GRO,vector,2012,12,2012-12-01,0
MX-GRO,vector,2013,1,2013-01-01,64
MX-GRO,vector,2013,2,2013-02-01,77
MX-GRO,vector,2013,3,2013-03-01,68
MX-GRO,vector,2013,4,2013-04-01,0
MX-GRO,vector,2013,5,2013-05-01,0
MX-GRO,vector,2013,6,2013-06-01,0
MX-GRO,vector,2013,7,2013-07-01,0
MX-GRO,vector,2013,8,2013-08-01,0
MX-GRO,vector,2013,9,2013-09-01,0
MX-GRO,vector,2013,10,2013-10-01,47
MX-GRO,vector,2013,11,2013-11-01,71
MX-GRO,vector,2013,12,2013-12-01,84
MX-GRO,vector,2014,1,2014-01-01,54
MX-GRO,vector,2014,2,2014-02-01,77
MX-GRO,vector,2014,3,2014-03-01,57
MX-GRO,vector,2014,4,2014-04-01,0
MX-GRO,vector,2014,5,2014-05-01,61
MX-GRO,vector,2014,6,2014-06-01,0
MX-GRO,vector,2014,7,2014-07-01,0
MX-GRO,vector,2014,8,2014-08-01,0
MX-GRO,vector,2014,9,2014-09-01,87
MX-GRO,vector,2014,10,2014-10-01,0
MX-GRO,vector,2014,11,2014-11-01,0
MX-GRO,vector,2014,12,2014-12-01,0
MX-GRO,vector,2015,1,2015-01-01,42
MX-GRO,vector,2015,2,2015-02-01,0
MX-GRO,vector,2015,3,2015-03-01,42
MX-GRO,vector,2015,4,2015-04-01,0
MX-GRO,vector,2015,5,2015-05-01,0
MX-GRO,vector,2015,6,2015-06-01,61
MX-GRO,vector,2015,7,2015-07-01,0
MX-GRO,vector,2015,8,2015-08-01,85
MX-GRO,vector,2015,9,2015-09-01,59
MX-GRO,vector,2015,10,2015-10-01,0
MX-GRO,vector,2015,11,2015-11-01,96
MX-GRO,vector,2015,12,2015-12-01,0
MX-GRO,vector,2016,1,2016-01-01,0
MX-GRO,vector,2016,2,2016-02-01,0
MX-GRO,vector,2016,3,2016-03-01,36
MX-GRO,vector,2016,4,2016-04-01,48
MX-GRO,vector,2016,5,2016-05-01,53
MX-GRO,vector,2016,6,2016-06-01,0
MX-GRO,vector,2016,7,2016-07-01,0
MX-GRO,vector,2016,8,2016-08-01,0
MX-GRO,vector,2016,9,2016-09-01,46
MX-GRO,vector,2016,10,2016-10-01,0
MX-GRO,vector,2016,11,2016-11-01,0
MX-GRO,vector,2016,12,2016-12-01,0
MX-GRO,vector,2017,1,2017-01-01,54
MX-GRO,vector,2017,2,2017-02-01,0
MX-GRO,vector,2017,3,2017-03-01,0
MX-GRO,vector,2017,4,2017-04-01,0
MX-GRO,vector,2017,5,2017-05-01,0
MX-GRO,vector,2017,6,2017-06-01,0
MX-GRO,vector,2017,7,2017-07-01,0
MX-GRO,vector,2017,8,2017-08-01,0
MX-GRO,vector,2017,9,2017-09-01,0
MX-GRO,vector,2017,10,2017-10-01,0
MX-GRO,vector,2017,11,2017-11-01,0
MX-GRO,vector,2017,12,2017-12-01,0
MX-GRO,vector,2018,1,2018-01-01,0
MX-GRO,vector,2018,2,2018-02-01,0
MX-GRO,vector,2018,3,2018-03-01,0
MX-GRO,vector,2018,4,2018-04-01,0
MX-GRO,vector,2018,5,2018-05-01,0
MX-GRO,vector,2018,6,2018-06-01,0
MX-GRO,vector,2018,7,2018-07-01,0
MX-GRO,vector,2018,8,2018-08-01,0
MX-GRO,vector,2018,9,2018-09-01,0
MX-GRO,vector,2018,10,2018-10-01,0
MX-GRO,vector,2018,11,2018-11-01,0
MX-GRO,vector,2018,12,2018-12-01,0
MX-GRO,vector,2019,1,2019-01-01,0
MX-GRO,vector,2019,2,2019-02-01,0
MX-GRO,vector,2019,3,2019-03-01,0
MX-GRO,vector,2019,4,2019-04-01,0
MX-GRO,vector,2019,5,2019-05-01,0
MX-GRO,vector,2019,6,2019-06-01,0
MX-GRO,vector,2019,7,2019-07-01,0
MX-GRO,vector,2019,8,2019-08-01,0
MX-GRO,vector,2019,9,2019-09-01,0
MX-GRO,vector,2019,10,2019-10-01,0
MX-GRO,vector,2019,11,2019-11-01,0
MX-GRO,vector,2019,12,2019-12-01,0
MX-GRO,vector,2020,1,2020-01-01,0
MX-GRO,vector,2020,2,2020-02-01,0
MX-GRO,vector,2020,3,2020-03-01,0
MX-GRO,vector,2020,4,2020-04-01,0
MX-GRO,vector,2020,5,2020-05-01,0
MX-GRO,vector,2020,6,2020-06-01,0
MX-GRO,vector,2020,7,2020-07-01,0
MX-GRO,vector,2020,8,2020-08-01,0
MX-GRO,vector,2020,9,2020-09-01,31
MX-GRO,vector,2020,10,2020-10-01,0
MX-GRO,vector,2020,11,2020-11-01,0
MX-GRO,vector,2020,12,2020-12-01,0
MX-GRO,vector,2021,1,2021-01-01,0
MX-GRO,vector,2021,2,2021-02-01,45
MX-GRO,vector,2021,3,2021-03-01,50
MX-GRO,vector,2021,4,2021-04-01,0
MX-GRO,vector,2021,5,2021-05-01,36
MX-GRO,vector,2021,6,2021-06-01,0
MX-GRO,vector,2021,7,2021-07-01,0
MX-GRO,vector,2021,8,2021-08-01,0
MX-GRO,vector,2021,9,2021-09-01,0
MX-GRO,vector,2021,10,2021-10-01,0
MX-GRO,vector,2021,11,2021-11-01,56
MX-GRO,vector,2021,12,2021-12-01,0
MX-GRO,vector,2022,1,2022-01-01,0
MX-GRO,vector,2022,2,2022-02-01,34
MX-GRO,vector,2022,3,2022-03-01,41
MX-GRO,vector,2022,4,2022-04-01,0
MX-GRO,vector,2022,5,2022-05-01,30
MX-GRO,vector,2022,6,2022-06-01,33
MX-GRO,vector,2022,7,2022-07-01,0
MX-GRO,vector,2022,8,2022-08-01,0
MX-GRO,vector,2022,9,2022-09-01,56
MX-GRO,vector,2022,10,2022-10-01,36
MX-GRO,vector,2022,11,2022-11-01,53
MX-GRO,vector,2022,12,2022-12-01,40
MX-GUA,Aedes_aegypti,2004,1,2004-01-01,0
MX-GUA,Aedes_aegypti,2004,2,2004-02-01,0
MX-GUA,Aedes_aegypti,2004,3,2004-03-01,0
MX-GUA,Aedes_aegypti,2004,4,2004-04-01,0
MX-GUA,Aedes_aegypti,2004,5,2004-05-01,0
MX-GUA,Aedes_aegypti,2004,6,2004-06-01,0
MX-GUA,Aedes_aegypti,2004,7,2004-07-01,0
MX-GUA,Aedes_aegypti,2004,8,2004-08-01,0
MX-GUA,Aedes_aegypti,2004,9,2004-09-01,0
MX-GUA,Aedes_aegypti,2004,10,2004-10-01,0
MX-GUA,Aedes_aegypti,2004,11,2004-11-01,0
MX-GUA,Aedes_aegypti,2004,12,2004-12-01,0
MX-GUA,Aedes_aegypti,2005,1,2005-01-01,0
MX-GUA,Aedes_aegypti,2005,2,2005-02-01,0
MX-GUA,Aedes_aegypti,2005,3,2005-03-01,0
MX-GUA,Aedes_aegypti,2005,4,2005-04-01,0
MX-GUA,Aedes_aegypti,2005,5,2005-05-01,0
MX-GUA,Aedes_aegypti,2005,6,2005-06-01,0
MX-GUA,Aedes_aegypti,2005,7,2005-07-01,0
MX-GUA,Aedes_aegypti,2005,8,2005-08-01,0
MX-GUA,Aedes_aegypti,2005,9,2005-09-01,0
MX-GUA,Aedes_aegypti,2005,10,2005-10-01,0
MX-GUA,Aedes_aegypti,2005,11,2005-11-01,0
MX-GUA,Aedes_aegypti,2005,12,2005-12-01,0
MX-GUA,Aedes_aegypti,2006,1,2006-01-01,0
MX-GUA,Aedes_aegypti,2006,2,2006-02-01,0
MX-GUA,Aedes_aegypti,2006,3,2006-03-01,100
MX-GUA,Aedes_aegypti,2006,4,2006-04-01,0
MX-GUA,Aedes_aegypti,2006,5,2006-05-01,0
MX-GUA,Aedes_aegypti,2006,6,2006-06-01,0
MX-GUA,Aedes_aegypti,2006,7,2006-07-01,0
MX-GUA,Aedes_aegypti,2006,8,2006-08-01,0
MX-GUA,Aedes_aegypti,2006,9,2006-09-01,0
MX-GUA,Aedes_aegypti,2006,10,2006-10-01,0
MX-GUA,Aedes_aegypti,2006,11,2006-11-01,0
MX-GUA,Aedes_aegypti,2006,12,2006-12-01,0
MX-GUA,Aedes_aegypti,2007,1,2007-01-01,0
MX-GUA,Aedes_aegypti,2007,2,2007-02-01,0
MX-GUA,Aedes_aegypti,2007,3,2007-03-01,0
MX-GUA,Aedes_aegypti,2007,4,2007-04-01,0
MX-GUA,Aedes_aegypti,2007,5,2007-05-01,0
MX-GUA,Aedes_aegypti,2007,6,2007-06-01,0
MX-GUA,Aedes_aegypti,2007,7,2007-07-01,0
MX-GUA,Aedes_aegypti,2007,8,2007-08-01,0
MX-GUA,Aedes_aegypti,2007,9,2007-09-01,0
MX-GUA,Aedes_aegypti,2007,10,2007-10-01,0
MX-GUA,Aedes_aegypti,2007,11,2007-11-01,0
MX-GUA,Aedes_aegypti,2007,12,2007-12-01,0
MX-GUA,Aedes_aegypti,2008,1,2008-01-01,0
MX-GUA,Aedes_aegypti,2008,2,2008-02-01,0
MX-GUA,Aedes_aegypti,2008,3,2008-03-01,0
MX-GUA,Aedes_aegypti,2008,4,2008-04-01,0
MX-GUA,Aedes_aegypti,2008,5,2008-05-01,0
MX-GUA,Aedes_aegypti,2008,6,2008-06-01,0
MX-GUA,Aedes_aegypti,2008,7,2008-07-01,0
MX-GUA,Aedes_aegypti,2008,8,2008-08-01,0
MX-GUA,Aedes_aegypti,2008,9,2008-09-01,0
MX-GUA,Aedes_aegypti,2008,10,2008-10-01,0
MX-GUA,Aedes_aegypti,2008,11,2008-11-01,0
MX-GUA,Aedes_aegypti,2008,12,2008-12-01,0
MX-GUA,Aedes_aegypti,2009,1,2009-01-01,0
MX-GUA,Aedes_aegypti,2009,2,2009-02-01,0
MX-GUA,Aedes_aegypti,2009,3,2009-03-01,0
MX-GUA,Aedes_aegypti,2009,4,2009-04-01,0
MX-GUA,Aedes_aegypti,2009,5,2009-05-01,0
MX-GUA,Aedes_aegypti,2009,6,2009-06-01,0
MX-GUA,Aedes_aegypti,2009,7,2009-07-01,0
MX-GUA,Aedes_aegypti,2009,8,2009-08-01,0
MX-GUA,Aedes_aegypti,2009,9,2009-09-01,0
MX-GUA,Aedes_aegypti,2009,10,2009-10-01,0
MX-GUA,Aedes_aegypti,2009,11,2009-11-01,0
MX-GUA,Aedes_aegypti,2009,12,2009-12-01,0
MX-GUA,Aedes_aegypti,2010,1,2010-01-01,0
MX-GUA,Aedes_aegypti,2010,2,2010-02-01,0
MX-GUA,Aedes_aegypti,2010,3,2010-03-01,0
MX-GUA,Aedes_aegypti,2010,4,2010-04-01,0
MX-GUA,Aedes_aegypti,2010,5,2010-05-01,0
MX-GUA,Aedes_aegypti,2010,6,2010-06-01,0
MX-GUA,Aedes_aegypti,2010,7,2010-07-01,0
MX-GUA,Aedes_aegypti,2010,8,2010-08-01,0
MX-GUA,Aedes_aegypti,2010,9,2010-09-01,0
MX-GUA,Aedes_aegypti,2010,10,2010-10-01,0
MX-GUA,Aedes_aegypti,2010,11,2010-11-01,0
MX-GUA,Aedes_aegypti,2010,12,2010-12-01,0
MX-GUA,Aedes_aegypti,2011,1,2011-01-01,0
MX-GUA,Aedes_aegypti,2011,2,2011-02-01,0
MX-GUA,Aedes_aegypti,2011,3,2011-03-01,0
MX-GUA,Aedes_aegypti,2011,4,2011-04-01,0
MX-GUA,Aedes_aegypti,2011,5,2011-05-01,0
MX-GUA,Aedes_aegypti,2011,6,2011-06-01,0
MX-GUA,Aedes_aegypti,2011,7,2011-07-01,0
MX-GUA,Aedes_aegypti,2011,8,2011-08-01,0
MX-GUA,Aedes_aegypti,2011,9,2011-09-01,0
MX-GUA,Aedes_aegypti,2011,10,2011-10-01,0
MX-GUA,Aedes_aegypti,2011,11,2011-11-01,0
MX-GUA,Aedes_aegypti,2011,12,2011-12-01,0
MX-GUA,Aedes_aegypti,2012,1,2012-01-01,0
MX-GUA,Aedes_aegypti,2012,2,2012-02-01,0
MX-GUA,Aedes_aegypti,2012,3,2012-03-01,0
MX-GUA,Aedes_aegypti,2012,4,2012-04-01,0
MX-GUA,Aedes_aegypti,2012,5,2012-05-01,0
MX-GUA,Aedes_aegypti,2012,6,2012-06-01,0
MX-GUA,Aedes_aegypti,2012,7,2012-07-01,0
MX-GUA,Aedes_aegypti,2012,8,2012-08-01,0
MX-GUA,Aedes_aegypti,2012,9,2012-09-01,0
MX-GUA,Aedes_aegypti,2012,10,2012-10-01,0
MX-GUA,Aedes_aegypti,2012,11,2012-11-01,0
MX-GUA,Aedes_aegypti,2012,12,2012-12-01,0
MX-GUA,Aedes_aegypti,2013,1,2013-01-01,0
MX-GUA,Aedes_aegypti,2013,2,2013-02-01,0
MX-GUA,Aedes_aegypti,2013,3,2013-03-01,0
MX-GUA,Aedes_aegypti,2013,4,2013-04-01,0
MX-GUA,Aedes_aegypti,2013,5,2013-05-01,0
MX-GUA,Aedes_aegypti,2013,6,2013-06-01,0
MX-GUA,Aedes_aegypti,2013,7,2013-07-01,0
MX-GUA,Aedes_aegypti,2013,8,2013-08-01,0
MX-GUA,Aedes_aegypti,2013,9,2013-09-01,0
MX-GUA,Aedes_aegypti,2013,10,2013-10-01,0
MX-GUA,Aedes_aegypti,2013,11,2013-11-01,0
MX-GUA,Aedes_aegypti,2013,12,2013-12-01,0
MX-GUA,Aedes_aegypti,2014,1,2014-01-01,0
MX-GUA,Aedes_aegypti,2014,2,2014-02-01,0
MX-GUA,Aedes_aegypti,2014,3,2014-03-01,0
MX-GUA,Aedes_aegypti,2014,4,2014-04-01,0
MX-GUA,Aedes_aegypti,2014,5,2014-05-01,0
MX-GUA,Aedes_aegypti,2014,6,2014-06-01,0
MX-GUA,Aedes_aegypti,2014,7,2014-07-01,0
MX-GUA,Aedes_aegypti,2014,8,2014-08-01,0
MX-GUA,Aedes_aegypti,2014,9,2014-09-01,0
MX-GUA,Aedes_aegypti,2014,10,2014-10-01,0
MX-GUA,Aedes_aegypti,2014,11,2014-11-01,0
MX-GUA,Aedes_aegypti,2014,12,2014-12-01,0
MX-GUA,Aedes_aegypti,2015,1,2015-01-01,0
MX-GUA,Aedes_aegypti,2015,2,2015-02-01,0
MX-GUA,Aedes_aegypti,2015,3,2015-03-01,0
MX-GUA,Aedes_aegypti,2015,4,2015-04-01,0
MX-GUA,Aedes_aegypti,2015,5,2015-05-01,0
MX-GUA,Aedes_aegypti,2015,6,2015-06-01,0
MX-GUA,Aedes_aegypti,2015,7,2015-07-01,0
MX-GUA,Aedes_aegypti,2015,8,2015-08-01,0
MX-GUA,Aedes_aegypti,2015,9,2015-09-01,0
MX-GUA,Aedes_aegypti,2015,10,2015-10-01,0
MX-GUA,Aedes_aegypti,2015,11,2015-11-01,3
MX-GUA,Aedes_aegypti,2015,12,2015-12-01,0
MX-GUA,Aedes_aegypti,2016,1,2016-01-01,0
MX-GUA,Aedes_aegypti,2016,2,2016-02-01,0
MX-GUA,Aedes_aegypti,2016,3,2016-03-01,0
MX-GUA,Aedes_aegypti,2016,4,2016-04-01,0
MX-GUA,Aedes_aegypti,2016,5,2016-05-01,0
MX-GUA,Aedes_aegypti,2016,6,2016-06-01,0
MX-GUA,Aedes_aegypti,2016,7,2016-07-01,0
MX-GUA,Aedes_aegypti,2016,8,2016-08-01,0
MX-GUA,Aedes_aegypti,2016,9,2016-09-01,0
MX-GUA,Aedes_aegypti,2016,10,2016-10-01,0
MX-GUA,Aedes_aegypti,2016,11,2016-11-01,0
MX-GUA,Aedes_aegypti,2016,12,2016-12-01,0
MX-GUA,Aedes_aegypti,2017,1,2017-01-01,0
MX-GUA,Aedes_aegypti,2017,2,2017-02-01,0
MX-GUA,Aedes_aegypti,2017,3,2017-03-01,0
MX-GUA,Aedes_aegypti,2017,4,2017-04-01,0
MX-GUA,Aedes_aegypti,2017,5,2017-05-01,0
MX-GUA,Aedes_aegypti,2017,6,2017-06-01,0
MX-GUA,Aedes_aegypti,2017,7,2017-07-01,0
MX-GUA,Aedes_aegypti,2017,8,2017-08-01,6
MX-GUA,Aedes_aegypti,2017,9,2017-09-01,20
MX-GUA,Aedes_aegypti,2017,10,2017-10-01,9
MX-GUA,Aedes_aegypti,2017,11,2017-11-01,3
MX-GUA,Aedes_aegypti,2017,12,2017-12-01,0
MX-GUA,Aedes_aegypti,2018,1,2018-01-01,0
MX-GUA,Aedes_aegypti,2018,2,2018-02-01,0
MX-GUA,Aedes_aegypti,2018,3,2018-03-01,0
MX-GUA,Aedes_aegypti,2018,4,2018-04-01,0
MX-GUA,Aedes_aegypti,2018,5,2018-05-01,0
MX-GUA,Aedes_aegypti,2018,6,2018-06-01,0
MX-GUA,Aedes_aegypti,2018,7,2018-07-01,2
MX-GUA,Aedes_aegypti,2018,8,2018-08-01,2
MX-GUA,Aedes_aegypti,2018,9,2018-09-01,0
MX-GUA,Aedes_aegypti,2018,10,2018-10-01,3
MX-GUA,Aedes_aegypti,2018,11,2018-11-01,0
MX-GUA,Aedes_aegypti,2018,12,2018-12-01,0
MX-GUA,Aedes_aegypti,2019,1,2019-01-01,0
MX-GUA,Aedes_aegypti,2019,2,2019-02-01,0
MX-GUA,Aedes_aegypti,2019,3,2019-03-01,0
MX-GUA,Aedes_aegypti,2019,4,2019-04-01,0
MX-GUA,Aedes_aegypti,2019,5,2019-05-01,0
MX-GUA,Aedes_aegypti,2019,6,2019-06-01,0
MX-GUA,Aedes_aegypti,2019,7,2019-07-01,2
MX-GUA,Aedes_aegypti,2019,8,2019-08-01,4
MX-GUA,Aedes_aegypti,2019,9,2019-09-01,2
MX-GUA,Aedes_aegypti,2019,10,2019-10-01,4
MX-GUA,Aedes_aegypti,2019,11,2019-11-01,4
MX-GUA,Aedes_aegypti,2019,12,2019-12-01,0
MX-GUA,Aedes_aegypti,2020,1,2020-01-01,0
MX-GUA,Aedes_aegypti,2020,2,2020-02-01,0
MX-GUA,Aedes_aegypti,2020,3,2020-03-01,0
MX-GUA,Aedes_aegypti,2020,4,2020-04-01,0
MX-GUA,Aedes_aegypti,2020,5,2020-05-01,0
MX-GUA,Aedes_aegypti,2020,6,2020-06-01,0
MX-GUA,Aedes_aegypti,2020,7,2020-07-01,1
MX-GUA,Aedes_aegypti,2020,8,2020-08-01,4
MX-GUA,Aedes_aegypti,2020,9,2020-09-01,4
MX-GUA,Aedes_aegypti,2020,10,2020-10-01,3
MX-GUA,Aedes_aegypti,2020,11,2020-11-01,0
MX-GUA,Aedes_aegypti,2020,12,2020-12-01,2
MX-GUA,Aedes_aegypti,2021,1,2021-01-01,0
MX-GUA,Aedes_aegypti,2021,2,2021-02-01,0
MX-GUA,Aedes_aegypti,2021,3,2021-03-01,2
MX-GUA,Aedes_aegypti,2021,4,2021-04-01,0
MX-GUA,Aedes_aegypti,2021,5,2021-05-01,1
MX-GUA,Aedes_aegypti,2021,6,2021-06-01,2
MX-GUA,Aedes_aegypti,2021,7,2021-07-01,2
MX-GUA,Aedes_aegypti,2021,8,2021-08-01,3
MX-GUA,Aedes_aegypti,2021,9,2021-09-01,2
MX-GUA,Aedes_aegypti,2021,10,2021-10-01,2
MX-GUA,Aedes_aegypti,2021,11,2021-11-01,0
MX-GUA,Aedes_aegypti,2021,12,2021-12-01,0
MX-GUA,Aedes_aegypti,2022,1,2022-01-01,0
MX-GUA,Aedes_aegypti,2022,2,2022-02-01,1
MX-GUA,Aedes_aegypti,2022,3,2022-03-01,0
MX-GUA,Aedes_aegypti,2022,4,2022-04-01,0
MX-GUA,Aedes_aegypti,2022,5,2022-05-01,1
MX-GUA,Aedes_aegypti,2022,6,2022-06-01,0
MX-GUA,Aedes_aegypti,2022,7,2022-07-01,0
MX-GUA,Aedes_aegypti,2022,8,2022-08-01,1
MX-GUA,Aedes_aegypti,2022,9,2022-09-01,2
MX-GUA,Aedes_aegypti,2022,10,2022-10-01,1
MX-GUA,Aedes_aegypti,2022,11,2022-11-01,0
MX-GUA,Aedes_aegypti,2022,12,2022-12-01,0
MX-GUA,mosquito,2004,1,2004-01-01,0
MX-GUA,mosquito,2004,2,2004-02-01,0
MX-GUA,mosquito,2004,3,2004-03-01,0
MX-GUA,mosquito,2004,4,2004-04-01,0
MX-GUA,mosquito,2004,5,2004-05-01,0
MX-GUA,mosquito,2004,6,2004-06-01,0
MX-GUA,mosquito,2004,7,2004-07-01,0
MX-GUA,mosquito,2004,8,2004-08-01,0
MX-GUA,mosquito,2004,9,2004-09-01,0
MX-GUA,mosquito,2004,10,2004-10-01,0
MX-GUA,mosquito,2004,11,2004-11-01,0
MX-GUA,mosquito,2004,12,2004-12-01,0
MX-GUA,mosquito,2005,1,2005-01-01,0
MX-GUA,mosquito,2005,2,2005-02-01,0
MX-GUA,mosquito,2005,3,2005-03-01,0
MX-GUA,mosquito,2005,4,2005-04-01,0
MX-GUA,mosquito,2005,5,2005-05-01,0
MX-GUA,mosquito,2005,6,2005-06-01,0
MX-GUA,mosquito,2005,7,2005-07-01,0
MX-GUA,mosquito,2005,8,2005-08-01,0
MX-GUA,mosquito,2005,9,2005-09-01,0
MX-GUA,mosquito,2005,10,2005-10-01,0
MX-GUA,mosquito,2005,11,2005-11-01,0
MX-GUA,mosquito,2005,12,2005-12-01,0
MX-GUA,mosquito,2006,1,2006-01-01,0
MX-GUA,mosquito,2006,2,2006-02-01,0
MX-GUA,mosquito,2006,3,2006-03-01,0
MX-GUA,mosquito,2006,4,2006-04-01,0
MX-GUA,mosquito,2006,5,2006-05-01,0
MX-GUA,mosquito,2006,6,2006-06-01,0
MX-GUA,mosquito,2006,7,2006-07-01,0
MX-GUA,mosquito,2006,8,2006-08-01,0
MX-GUA,mosquito,2006,9,2006-09-01,0
MX-GUA,mosquito,2006,10,2006-10-01,0
MX-GUA,mosquito,2006,11,2006-11-01,0
MX-GUA,mosquito,2006,12,2006-12-01,0
MX-GUA,mosquito,2007,1,2007-01-01,0
MX-GUA,mosquito,2007,2,2007-02-01,0
MX-GUA,mosquito,2007,3,2007-03-01,0
MX-GUA,mosquito,2007,4,2007-04-01,0
MX-GUA,mosquito,2007,5,2007-05-01,0
MX-GUA,mosquito,2007,6,2007-06-01,0
MX-GUA,mosquito,2007,7,2007-07-01,0
MX-GUA,mosquito,2007,8,2007-08-01,0
MX-GUA,mosquito,2007,9,2007-09-01,0
MX-GUA,mosquito,2007,10,2007-10-01,0
MX-GUA,mosquito,2007,11,2007-11-01,0
MX-GUA,mosquito,2007,12,2007-12-01,0
MX-GUA,mosquito,2008,1,2008-01-01,0
MX-GUA,mosquito,2008,2,2008-02-01,0
MX-GUA,mosquito,2008,3,2008-03-01,0
MX-GUA,mosquito,2008,4,2008-04-01,0
MX-GUA,mosquito,2008,5,2008-05-01,0
MX-GUA,mosquito,2008,6,2008-06-01,0
MX-GUA,mosquito,2008,7,2008-07-01,0
MX-GUA,mosquito,2008,8,2008-08-01,0
MX-GUA,mosquito,2008,9,2008-09-01,0
MX-GUA,mosquito,2008,10,2008-10-01,0
MX-GUA,mosquito,2008,11,2008-11-01,0
MX-GUA,mosquito,2008,12,2008-12-01,0
MX-GUA,mosquito,2009,1,2009-01-01,0
MX-GUA,mosquito,2009,2,2009-02-01,0
MX-GUA,mosquito,2009,3,2009-03-01,0
MX-GUA,mosquito,2009,4,2009-04-01,0
MX-GUA,mosquito,2009,5,2009-05-01,0
MX-GUA,mosquito,2009,6,2009-06-01,0
MX-GUA,mosquito,2009,7,2009-07-01,0
MX-GUA,mosquito,2009,8,2009-08-01,0
MX-GUA,mosquito,2009,9,2009-09-01,0
MX-GUA,mosquito,2009,10,2009-10-01,0
MX-GUA,mosquito,2009,11,2009-11-01,0
MX-GUA,mosquito,2009,12,2009-12-01,95
MX-GUA,mosquito,2010,1,2010-01-01,0
MX-GUA,mosquito,2010,2,2010-02-01,0
MX-GUA,mosquito,2010,3,2010-03-01,0
MX-GUA,mosquito,2010,4,2010-04-01,0
MX-GUA,mosquito,2010,5,2010-05-01,0
MX-GUA,mosquito,2010,6,2010-06-01,0
MX-GUA,mosquito,2010,7,2010-07-01,0
MX-GUA,mosquito,2010,8,2010-08-01,0
MX-GUA,mosquito,2010,9,2010-09-01,0
MX-GUA,mosquito,2010,10,2010-10-01,0
MX-GUA,mosquito,2010,11,2010-11-01,0
MX-GUA,mosquito,2010,12,2010-12-01,0
MX-GUA,mosquito,2011,1,2011-01-01,0
MX-GUA,mosquito,2011,2,2011-02-01,27
MX-GUA,mosquito,2011,3,2011-03-01,27
MX-GUA,mosquito,2011,4,2011-04-01,28
MX-GUA,mosquito,2011,5,2011-05-01,43
MX-GUA,mosquito,2011,6,2011-06-01,42
MX-GUA,mosquito,2011,7,2011-07-01,39
MX-GUA,mosquito,2011,8,2011-08-01,40
MX-GUA,mosquito,2011,9,2011-09-01,39
MX-GUA,mosquito,2011,10,2011-10-01,41
MX-GUA,mosquito,2011,11,2011-11-01,19
MX-GUA,mosquito,2011,12,2011-12-01,21
MX-GUA,mosquito,2012,1,2012-01-01,17
MX-GUA,mosquito,2012,2,2012-02-01,0
MX-GUA,mosquito,2012,3,2012-03-01,22
MX-GUA,mosquito,2012,4,2012-04-01,28
MX-GUA,mosquito,2012,5,2012-05-01,38
MX-GUA,mosquito,2012,6,2012-06-01,42
MX-GUA,mosquito,2012,7,2012-07-01,36
MX-GUA,mosquito,2012,8,2012-08-01,68
MX-GUA,mosquito,2012,9,2012-09-01,66
MX-GUA,mosquito,2012,10,2012-10-01,44
MX-GUA,mosquito,2012,11,2012-11-01,18
MX-GUA,mosquito,2012,12,2012-12-01,19
MX-GUA,mosquito,2013,1,2013-01-01,16
MX-GUA,mosquito,2013,2,2013-02-01,0
MX-GUA,mosquito,2013,3,2013-03-01,25
MX-GUA,mosquito,2013,4,2013-04-01,46
MX-GUA,mosquito,2013,5,2013-05-01,39
MX-GUA,mosquito,2013,6,2013-06-01,49
MX-GUA,mosquito,2013,7,2013-07-01,51
MX-GUA,mosquito,2013,8,2013-08-01,72
MX-GUA,mosquito,2013,9,2013-09-01,41
MX-GUA,mosquito,2013,10,2013-10-01,35
MX-GUA,mosquito,2013,11,2013-11-01,24
MX-GUA,mosquito,2013,12,2013-12-01,13
MX-GUA,mosquito,2014,1,2014-01-01,13
MX-GUA,mosquito,2014,2,2014-02-01,19
MX-GUA,mosquito,2014,3,2014-03-01,26
MX-GUA,mosquito,2014,4,2014-04-01,31
MX-GUA,mosquito,2014,5,2014-05-01,32
MX-GUA,mosquito,2014,6,2014-06-01,63
MX-GUA,mosquito,2014,7,2014-07-01,65
MX-GUA,mosquito,2014,8,2014-08-01,71
MX-GUA,mosquito,2014,9,2014-09-01,43
MX-GUA,mosquito,2014,10,2014-10-01,32
MX-GUA,mosquito,2014,11,2014-11-01,18
MX-GUA,mosquito,2014,12,2014-12-01,17
MX-GUA,mosquito,2015,1,2015-01-01,16
MX-GUA,mosquito,2015,2,2015-02-01,17
MX-GUA,mosquito,2015,3,2015-03-01,17
MX-GUA,mosquito,2015,4,2015-04-01,39
MX-GUA,mosquito,2015,5,2015-05-01,56
MX-GUA,mosquito,2015,6,2015-06-01,76
MX-GUA,mosquito,2015,7,2015-07-01,82
MX-GUA,mosquito,2015,8,2015-08-01,88
MX-GUA,mosquito,2015,9,2015-09-01,65
MX-GUA,mosquito,2015,10,2015-10-01,35
MX-GUA,mosquito,2015,11,2015-11-01,45
MX-GUA,mosquito,2015,12,2015-12-01,24
MX-GUA,mosquito,2016,1,2016-01-01,25
MX-GUA,mosquito,2016,2,2016-02-01,49
MX-GUA,mosquito,2016,3,2016-03-01,30
MX-GUA,mosquito,2016,4,2016-04-01,43
MX-GUA,mosquito,2016,5,2016-05-01,66
MX-GUA,mosquito,2016,6,2016-06-01,65
MX-GUA,mosquito,2016,7,2016-07-01,53
MX-GUA,mosquito,2016,8,2016-08-01,84
MX-GUA,mosquito,2016,9,2016-09-01,74
MX-GUA,mosquito,2016,10,2016-10-01,36
MX-GUA,mosquito,2016,11,2016-11-01,8
MX-GUA,mosquito,2016,12,2016-12-01,0
MX-GUA,mosquito,2017,1,2017-01-01,0
MX-GUA,mosquito,2017,2,2017-02-01,0
MX-GUA,mosquito,2017,3,2017-03-01,0
MX-GUA,mosquito,2017,4,2017-04-01,10
MX-GUA,mosquito,2017,5,2017-05-01,12
MX-GUA,mosquito,2017,6,2017-06-01,20
MX-GUA,mosquito,2017,7,2017-07-01,14
MX-GUA,mosquito,2017,8,2017-08-01,23
MX-GUA,mosquito,2017,9,2017-09-01,20
MX-GUA,mosquito,2017,10,2017-10-01,11
MX-GUA,mosquito,2017,11,2017-11-01,6
MX-GUA,mosquito,2017,12,2017-12-01,0
MX-GUA,mosquito,2018,1,2018-01-01,0
MX-GUA,mosquito,2018,2,2018-02-01,6
MX-GUA,mosquito,2018,3,2018-03-01,9
MX-GUA,mosquito,2018,4,2018-04-01,12
MX-GUA,mosquito,2018,5,2018-05-01,24
MX-GUA,mosquito,2018,6,2018-06-01,26
MX-GUA,mosquito,2018,7,2018-07-01,41
MX-GUA,mosquito,2018,8,2018-08-01,30
MX-GUA,mosquito,2018,9,2018-09-01,12
MX-GUA,mosquito,2018,10,2018-10-01,7
MX-GUA,mosquito,2018,11,2018-11-01,0
MX-GUA,mosquito,2018,12,2018-12-01,0
MX-GUA,mosquito,2019,1,2019-01-01,0
MX-GUA,mosquito,2019,2,2019-02-01,0
MX-GUA,mosquito,2019,3,2019-03-01,9
MX-GUA,mosquito,2019,4,2019-04-01,0
MX-GUA,mosquito,2019,5,2019-05-01,9
MX-GUA,mosquito,2019,6,2019-06-01,14
MX-GUA,mosquito,2019,7,2019-07-01,12
MX-GUA,mosquito,2019,8,2019-08-01,15
MX-GUA,mosquito,2019,9,2019-09-01,8
MX-GUA,mosquito,2019,10,2019-10-01,5
MX-GUA,mosquito,2019,11,2019-11-01,6
MX-GUA,mosquito,2019,12,2019-12-01,0
MX-GUA,mosquito,2020,1,2020-01-01,0
MX-GUA,mosquito,2020,2,2020-02-01,0
MX-GUA,mosquito,2020,3,2020-03-01,11
MX-GUA,mosquito,2020,4,2020-04-01,14
MX-GUA,mosquito,2020,5,2020-05-01,16
MX-GUA,mosquito,2020,6,2020-06-01,14
MX-GUA,mosquito,2020,7,2020-07-01,22
MX-GUA,mosquito,2020,8,2020-08-01,18
MX-GUA,mosquito,2020,9,2020-09-01,21
MX-GUA,mosquito,2020,10,2020-10-01,18
MX-GUA,mosquito,2020,11,2020-11-01,12
MX-GUA,mosquito,2020,12,2020-12-01,8
MX-GUA,mosquito,2021,1,2021-01-01,7
MX-GUA,mosquito,2021,2,2021-02-01,14
MX-GUA,mosquito,2021,3,2021-03-01,25
MX-GUA,mosquito,2021,4,2021-04-01,36
MX-GUA,mosquito,2021,5,2021-05-01,61
MX-GUA,mosquito,2021,6,2021-06-01,47
MX-GUA,mosquito,2021,7,2021-07-01,74
MX-GUA,mosquito,2021,8,2021-08-01,84
MX-GUA,mosquito,2021,9,2021-09-01,46
MX-GUA,mosquito,2021,10,2021-10-01,40
MX-GUA,mosquito,2021,11,2021-11-01,21
MX-GUA,mosquito,2021,12,2021-12-01,18
MX-GUA,mosquito,2022,1,2022-01-01,16
MX-GUA,mosquito,2022,2,2022-02-01,21
MX-GUA,mosquito,2022,3,2022-03-01,30
MX-GUA,mosquito,2022,4,2022-04-01,39
MX-GUA,mosquito,2022,5,2022-05-01,63
MX-GUA,mosquito,2022,6,2022-06-01,44
MX-GUA,mosquito,2022,7,2022-07-01,77
MX-GUA,mosquito,2022,8,2022-08-01,100
MX-GUA,mosquito,2022,9,2022-09-01,82
MX-GUA,mosquito,2022,10,2022-10-01,50
MX-GUA,mosquito,2022,11,2022-11-01,37
MX-GUA,mosquito,2022,12,2022-12-01,26
MX-GUA,vector,2004,1,2004-01-01,0
MX-GUA,vector,2004,2,2004-02-01,0
MX-GUA,vector,2004,3,2004-03-01,0
MX-GUA,vector,2004,4,2004-04-01,0
MX-GUA,vector,2004,5,2004-05-01,0
MX-GUA,vector,2004,6,2004-06-01,0
MX-GUA,vector,2004,7,2004-07-01,0
MX-GUA,vector,2004,8,2004-08-01,0
MX-GUA,vector,2004,9,2004-09-01,0
MX-GUA,vector,2004,10,2004-10-01,0
MX-GUA,vector,2004,11,2004-11-01,0
MX-GUA,vector,2004,12,2004-12-01,0
MX-GUA,vector,2005,1,2005-01-01,0
MX-GUA,vector,2005,2,2005-02-01,0
MX-GUA,vector,2005,3,2005-03-01,0
MX-GUA,vector,2005,4,2005-04-01,0
MX-GUA,vector,2005,5,2005-05-01,0
MX-GUA,vector,2005,6,2005-06-01,0
MX-GUA,vector,2005,7,2005-07-01,0
MX-GUA,vector,2005,8,2005-08-01,0
MX-GUA,vector,2005,9,2005-09-01,0
MX-GUA,vector,2005,10,2005-10-01,0
MX-GUA,vector,2005,11,2005-11-01,0
MX-GUA,vector,2005,12,2005-12-01,0
MX-GUA,vector,2006,1,2006-01-01,0
MX-GUA,vector,2006,2,2006-02-01,0
MX-GUA,vector,2006,3,2006-03-01,0
MX-GUA,vector,2006,4,2006-04-01,0
MX-GUA,vector,2006,5,2006-05-01,0
MX-GUA,vector,2006,6,2006-06-01,0
MX-GUA,vector,2006,7,2006-07-01,0
MX-GUA,vector,2006,8,2006-08-01,0
MX-GUA,vector,2006,9,2006-09-01,0
MX-GUA,vector,2006,10,2006-10-01,0
MX-GUA,vector,2006,11,2006-11-01,0
MX-GUA,vector,2006,12,2006-12-01,0
MX-GUA,vector,2007,1,2007-01-01,0
MX-GUA,vector,2007,2,2007-02-01,0
MX-GUA,vector,2007,3,2007-03-01,0
MX-GUA,vector,2007,4,2007-04-01,0
MX-GUA,vector,2007,5,2007-05-01,0
MX-GUA,vector,2007,6,2007-06-01,0
MX-GUA,vector,2007,7,2007-07-01,0
MX-GUA,vector,2007,8,2007-08-01,0
MX-GUA,vector,2007,9,2007-09-01,0
MX-GUA,vector,2007,10,2007-10-01,0
MX-GUA,vector,2007,11,2007-11-01,0
MX-GUA,vector,2007,12,2007-12-01,0
MX-GUA,vector,2008,1,2008-01-01,0
MX-GUA,vector,2008,2,2008-02-01,0
MX-GUA,vector,2008,3,2008-03-01,0
MX-GUA,vector,2008,4,2008-04-01,0
MX-GUA,vector,2008,5,2008-05-01,0
MX-GUA,vector,2008,6,2008-06-01,0
MX-GUA,vector,2008,7,2008-07-01,0
MX-GUA,vector,2008,8,2008-08-01,0
MX-GUA,vector,2008,9,2008-09-01,0
MX-GUA,vector,2008,10,2008-10-01,0
MX-GUA,vector,2008,11,2008-11-01,0
MX-GUA,vector,2008,12,2008-12-01,0
MX-GUA,vector,2009,1,2009-01-01,0
MX-GUA,vector,2009,2,2009-02-01,0
MX-GUA,vector,2009,3,2009-03-01,0
MX-GUA,vector,2009,4,2009-04-01,0
MX-GUA,vector,2009,5,2009-05-01,0
MX-GUA,vector,2009,6,2009-06-01,0
MX-GUA,vector,2009,7,2009-07-01,0
MX-GUA,vector,2009,8,2009-08-01,75
MX-GUA,vector,2009,9,2009-09-01,0
MX-GUA,vector,2009,10,2009-10-01,0
MX-GUA,vector,2009,11,2009-11-01,0
MX-GUA,vector,2009,12,2009-12-01,0
MX-GUA,vector,2010,1,2010-01-01,0
MX-GUA,vector,2010,2,2010-02-01,0
MX-GUA,vector,2010,3,2010-03-01,0
MX-GUA,vector,2010,4,2010-04-01,0
MX-GUA,vector,2010,5,2010-05-01,0
MX-GUA,vector,2010,6,2010-06-01,0
MX-GUA,vector,2010,7,2010-07-01,0
MX-GUA,vector,2010,8,2010-08-01,0
MX-GUA,vector,2010,9,2010-09-01,100
MX-GUA,vector,2010,10,2010-10-01,0
MX-GUA,vector,2010,11,2010-11-01,0
MX-GUA,vector,2010,12,2010-12-01,0
MX-GUA,vector,2011,1,2011-01-01,23
MX-GUA,vector,2011,2,2011-02-01,29
MX-GUA,vector,2011,3,2011-03-01,20
MX-GUA,vector,2011,4,2011-04-01,20
MX-GUA,vector,2011,5,2011-05-01,0
MX-GUA,vector,2011,6,2011-06-01,23
MX-GUA,vector,2011,7,2011-07-01,0
MX-GUA,vector,2011,8,2011-08-01,28
MX-GUA,vector,2011,9,2011-09-01,37
MX-GUA,vector,2011,10,2011-10-01,25
MX-GUA,vector,2011,11,2011-11-01,25
MX-GUA,vector,2011,12,2011-12-01,24
MX-GUA,vector,2012,1,2012-01-01,20
MX-GUA,vector,2012,2,2012-02-01,29
MX-GUA,vector,2012,3,2012-03-01,31
MX-GUA,vector,2012,4,2012-04-01,16
MX-GUA,vector,2012,5,2012-05-01,19
MX-GUA,vector,2012,6,2012-06-01,26
MX-GUA,vector,2012,7,2012-07-01,19
MX-GUA,vector,2012,8,2012-08-01,28
MX-GUA,vector,2012,9,2012-09-01,38
MX-GUA,vector,2012,10,2012-10-01,28
MX-GUA,vector,2012,11,2012-11-01,21
MX-GUA,vector,2012,12,2012-12-01,14
MX-GUA,vector,2013,1,2013-01-01,15
MX-GUA,vector,2013,2,2013-02-01,31
MX-GUA,vector,2013,3,2013-03-01,25
MX-GUA,vector,2013,4,2013-04-01,23
MX-GUA,vector,2013,5,2013-05-01,20
MX-GUA,vector,2013,6,2013-06-01,17
MX-GUA,vector,2013,7,2013-07-01,15
MX-GUA,vector,2013,8,2013-08-01,26
MX-GUA,vector,2013,9,2013-09-01,26
MX-GUA,vector,2013,10,2013-10-01,19
MX-GUA,vector,2013,11,2013-11-01,22
MX-GUA,vector,2013,12,2013-12-01,15
MX-GUA,vector,2014,1,2014-01-01,18
MX-GUA,vector,2014,2,2014-02-01,32
MX-GUA,vector,2014,3,2014-03-01,17
MX-GUA,vector,2014,4,2014-04-01,16
MX-GUA,vector,2014,5,2014-05-01,18
MX-GUA,vector,2014,6,2014-06-01,18
MX-GUA,vector,2014,7,2014-07-01,15
MX-GUA,vector,2014,8,2014-08-01,25
MX-GUA,vector,2014,9,2014-09-01,30
MX-GUA,vector,2014,10,2014-10-01,20
MX-GUA,vector,2014,11,2014-11-01,15
MX-GUA,vector,2014,12,2014-12-01,14
MX-GUA,vector,2015,1,2015-01-01,14
MX-GUA,vector,2015,2,2015-02-01,25
MX-GUA,vector,2015,3,2015-03-01,11
MX-GUA,vector,2015,4,2015-04-01,22
MX-GUA,vector,2015,5,2015-05-01,17
MX-GUA,vector,2015,6,2015-06-01,17
MX-GUA,vector,2015,7,2015-07-01,13
MX-GUA,vector,2015,8,2015-08-01,22
MX-GUA,vector,2015,9,2015-09-01,38
MX-GUA,vector,2015,10,2015-10-01,22
MX-GUA,vector,2015,11,2015-11-01,23
MX-GUA,vector,2015,12,2015-12-01,11
MX-GUA,vector,2016,1,2016-01-01,12
MX-GUA,vector,2016,2,2016-02-01,23
MX-GUA,vector,2016,3,2016-03-01,15
MX-GUA,vector,2016,4,2016-04-01,18
MX-GUA,vector,2016,5,2016-05-01,14
MX-GUA,vector,2016,6,2016-06-01,21
MX-GUA,vector,2016,7,2016-07-01,11
MX-GUA,vector,2016,8,2016-08-01,21
MX-GUA,vector,2016,9,2016-09-01,33
MX-GUA,vector,2016,10,2016-10-01,20
MX-GUA,vector,2016,11,2016-11-01,0
MX-GUA,vector,2016,12,2016-12-01,0
MX-GUA,vector,2017,1,2017-01-01,0
MX-GUA,vector,2017,2,2017-02-01,0
MX-GUA,vector,2017,3,2017-03-01,0
MX-GUA,vector,2017,4,2017-04-01,0
MX-GUA,vector,2017,5,2017-05-01,0
MX-GUA,vector,2017,6,2017-06-01,0
MX-GUA,vector,2017,7,2017-07-01,0
MX-GUA,vector,2017,8,2017-08-01,0
MX-GUA,vector,2017,9,2017-09-01,0
MX-GUA,vector,2017,10,2017-10-01,0
MX-GUA,vector,2017,11,2017-11-01,0
MX-GUA,vector,2017,12,2017-12-01,0
MX-GUA,vector,2018,1,2018-01-01,0
MX-GUA,vector,2018,2,2018-02-01,0
MX-GUA,vector,2018,3,2018-03-01,0
MX-GUA,vector,2018,4,2018-04-01,0
MX-GUA,vector,2018,5,2018-05-01,0
MX-GUA,vector,2018,6,2018-06-01,0
MX-GUA,vector,2018,7,2018-07-01,0
MX-GUA,vector,2018,8,2018-08-01,0
MX-GUA,vector,2018,9,2018-09-01,0
MX-GUA,vector,2018,10,2018-10-01,0
MX-GUA,vector,2018,11,2018-11-01,0
MX-GUA,vector,2018,12,2018-12-01,0
MX-GUA,vector,2019,1,2019-01-01,0
MX-GUA,vector,2019,2,2019-02-01,0
MX-GUA,vector,2019,3,2019-03-01,0
MX-GUA,vector,2019,4,2019-04-01,0
MX-GUA,vector,2019,5,2019-05-01,0
MX-GUA,vector,2019,6,2019-06-01,0
MX-GUA,vector,2019,7,2019-07-01,0
MX-GUA,vector,2019,8,2019-08-01,0
MX-GUA,vector,2019,9,2019-09-01,0
MX-GUA,vector,2019,10,2019-10-01,0
MX-GUA,vector,2019,11,2019-11-01,0
MX-GUA,vector,2019,12,2019-12-01,0
MX-GUA,vector,2020,1,2020-01-01,0
MX-GUA,vector,2020,2,2020-02-01,0
MX-GUA,vector,2020,3,2020-03-01,0
MX-GUA,vector,2020,4,2020-04-01,0
MX-GUA,vector,2020,5,2020-05-01,3
MX-GUA,vector,2020,6,2020-06-01,0
MX-GUA,vector,2020,7,2020-07-01,0
MX-GUA,vector,2020,8,2020-08-01,4
MX-GUA,vector,2020,9,2020-09-01,8
MX-GUA,vector,2020,10,2020-10-01,5
MX-GUA,vector,2020,11,2020-11-01,4
MX-GUA,vector,2020,12,2020-12-01,7
MX-GUA,vector,2021,1,2021-01-01,8
MX-GUA,vector,2021,2,2021-02-01,13
MX-GUA,vector,2021,3,2021-03-01,17
MX-GUA,vector,2021,4,2021-04-01,8
MX-GUA,vector,2021,5,2021-05-01,9
MX-GUA,vector,2021,6,2021-06-01,8
MX-GUA,vector,2021,7,2021-07-01,0
MX-GUA,vector,2021,8,2021-08-01,9
MX-GUA,vector,2021,9,2021-09-01,15
MX-GUA,vector,2021,10,2021-10-01,8
MX-GUA,vector,2021,11,2021-11-01,12
MX-GUA,vector,2021,12,2021-12-01,6
MX-GUA,vector,2022,1,2022-01-01,15
MX-GUA,vector,2022,2,2022-02-01,20
MX-GUA,vector,2022,3,2022-03-01,14
MX-GUA,vector,2022,4,2022-04-01,12
MX-GUA,vector,2022,5,2022-05-01,20
MX-GUA,vector,2022,6,2022-06-01,18
MX-GUA,vector,2022,7,2022-07-01,10
MX-GUA,vector,2022,8,2022-08-01,14
MX-GUA,vector,2022,9,2022-09-01,27
MX-GUA,vector,2022,10,2022-10-01,21
MX-GUA,vector,2022,11,2022-11-01,16
MX-GUA,vector,2022,12,2022-12-01,15
MX-HID,Aedes_aegypti,2004,1,2004-01-01,0
MX-HID,Aedes_aegypti,2004,2,2004-02-01,0
MX-HID,Aedes_aegypti,2004,3,2004-03-01,0
MX-HID,Aedes_aegypti,2004,4,2004-04-01,0
MX-HID,Aedes_aegypti,2004,5,2004-05-01,0
MX-HID,Aedes_aegypti,2004,6,2004-06-01,0
MX-HID,Aedes_aegypti,2004,7,2004-07-01,0
MX-HID,Aedes_aegypti,2004,8,2004-08-01,0
MX-HID,Aedes_aegypti,2004,9,2004-09-01,0
MX-HID,Aedes_aegypti,2004,10,2004-10-01,0
MX-HID,Aedes_aegypti,2004,11,2004-11-01,0
MX-HID,Aedes_aegypti,2004,12,2004-12-01,0
MX-HID,Aedes_aegypti,2005,1,2005-01-01,0
MX-HID,Aedes_aegypti,2005,2,2005-02-01,0
MX-HID,Aedes_aegypti,2005,3,2005-03-01,0
MX-HID,Aedes_aegypti,2005,4,2005-04-01,0
MX-HID,Aedes_aegypti,2005,5,2005-05-01,0
MX-HID,Aedes_aegypti,2005,6,2005-06-01,0
MX-HID,Aedes_aegypti,2005,7,2005-07-01,0
MX-HID,Aedes_aegypti,2005,8,2005-08-01,0
MX-HID,Aedes_aegypti,2005,9,2005-09-01,0
MX-HID,Aedes_aegypti,2005,10,2005-10-01,0
MX-HID,Aedes_aegypti,2005,11,2005-11-01,0
MX-HID,Aedes_aegypti,2005,12,2005-12-01,0
MX-HID,Aedes_aegypti,2006,1,2006-01-01,0
MX-HID,Aedes_aegypti,2006,2,2006-02-01,0
MX-HID,Aedes_aegypti,2006,3,2006-03-01,0
MX-HID,Aedes_aegypti,2006,4,2006-04-01,0
MX-HID,Aedes_aegypti,2006,5,2006-05-01,0
MX-HID,Aedes_aegypti,2006,6,2006-06-01,0
MX-HID,Aedes_aegypti,2006,7,2006-07-01,0
MX-HID,Aedes_aegypti,2006,8,2006-08-01,0
MX-HID,Aedes_aegypti,2006,9,2006-09-01,0
MX-HID,Aedes_aegypti,2006,10,2006-10-01,0
MX-HID,Aedes_aegypti,2006,11,2006-11-01,0
MX-HID,Aedes_aegypti,2006,12,2006-12-01,0
MX-HID,Aedes_aegypti,2007,1,2007-01-01,0
MX-HID,Aedes_aegypti,2007,2,2007-02-01,0
MX-HID,Aedes_aegypti,2007,3,2007-03-01,0
MX-HID,Aedes_aegypti,2007,4,2007-04-01,0
MX-HID,Aedes_aegypti,2007,5,2007-05-01,0
MX-HID,Aedes_aegypti,2007,6,2007-06-01,0
MX-HID,Aedes_aegypti,2007,7,2007-07-01,0
MX-HID,Aedes_aegypti,2007,8,2007-08-01,0
MX-HID,Aedes_aegypti,2007,9,2007-09-01,0
MX-HID,Aedes_aegypti,2007,10,2007-10-01,0
MX-HID,Aedes_aegypti,2007,11,2007-11-01,0
MX-HID,Aedes_aegypti,2007,12,2007-12-01,0
MX-HID,Aedes_aegypti,2008,1,2008-01-01,0
MX-HID,Aedes_aegypti,2008,2,2008-02-01,0
MX-HID,Aedes_aegypti,2008,3,2008-03-01,0
MX-HID,Aedes_aegypti,2008,4,2008-04-01,0
MX-HID,Aedes_aegypti,2008,5,2008-05-01,0
MX-HID,Aedes_aegypti,2008,6,2008-06-01,0
MX-HID,Aedes_aegypti,2008,7,2008-07-01,0
MX-HID,Aedes_aegypti,2008,8,2008-08-01,0
MX-HID,Aedes_aegypti,2008,9,2008-09-01,0
MX-HID,Aedes_aegypti,2008,10,2008-10-01,0
MX-HID,Aedes_aegypti,2008,11,2008-11-01,0
MX-HID,Aedes_aegypti,2008,12,2008-12-01,0
MX-HID,Aedes_aegypti,2009,1,2009-01-01,0
MX-HID,Aedes_aegypti,2009,2,2009-02-01,0
MX-HID,Aedes_aegypti,2009,3,2009-03-01,0
MX-HID,Aedes_aegypti,2009,4,2009-04-01,0
MX-HID,Aedes_aegypti,2009,5,2009-05-01,0
MX-HID,Aedes_aegypti,2009,6,2009-06-01,0
MX-HID,Aedes_aegypti,2009,7,2009-07-01,0
MX-HID,Aedes_aegypti,2009,8,2009-08-01,0
MX-HID,Aedes_aegypti,2009,9,2009-09-01,0
MX-HID,Aedes_aegypti,2009,10,2009-10-01,0
MX-HID,Aedes_aegypti,2009,11,2009-11-01,0
MX-HID,Aedes_aegypti,2009,12,2009-12-01,0
MX-HID,Aedes_aegypti,2010,1,2010-01-01,0
MX-HID,Aedes_aegypti,2010,2,2010-02-01,0
MX-HID,Aedes_aegypti,2010,3,2010-03-01,0
MX-HID,Aedes_aegypti,2010,4,2010-04-01,0
MX-HID,Aedes_aegypti,2010,5,2010-05-01,0
MX-HID,Aedes_aegypti,2010,6,2010-06-01,0
MX-HID,Aedes_aegypti,2010,7,2010-07-01,0
MX-HID,Aedes_aegypti,2010,8,2010-08-01,0
MX-HID,Aedes_aegypti,2010,9,2010-09-01,0
MX-HID,Aedes_aegypti,2010,10,2010-10-01,0
MX-HID,Aedes_aegypti,2010,11,2010-11-01,0
MX-HID,Aedes_aegypti,2010,12,2010-12-01,0
MX-HID,Aedes_aegypti,2011,1,2011-01-01,0
MX-HID,Aedes_aegypti,2011,2,2011-02-01,0
MX-HID,Aedes_aegypti,2011,3,2011-03-01,0
MX-HID,Aedes_aegypti,2011,4,2011-04-01,0
MX-HID,Aedes_aegypti,2011,5,2011-05-01,0
MX-HID,Aedes_aegypti,2011,6,2011-06-01,0
MX-HID,Aedes_aegypti,2011,7,2011-07-01,0
MX-HID,Aedes_aegypti,2011,8,2011-08-01,0
MX-HID,Aedes_aegypti,2011,9,2011-09-01,0
MX-HID,Aedes_aegypti,2011,10,2011-10-01,0
MX-HID,Aedes_aegypti,2011,11,2011-11-01,0
MX-HID,Aedes_aegypti,2011,12,2011-12-01,0
MX-HID,Aedes_aegypti,2012,1,2012-01-01,0
MX-HID,Aedes_aegypti,2012,2,2012-02-01,0
MX-HID,Aedes_aegypti,2012,3,2012-03-01,0
MX-HID,Aedes_aegypti,2012,4,2012-04-01,0
MX-HID,Aedes_aegypti,2012,5,2012-05-01,0
MX-HID,Aedes_aegypti,2012,6,2012-06-01,0
MX-HID,Aedes_aegypti,2012,7,2012-07-01,0
MX-HID,Aedes_aegypti,2012,8,2012-08-01,0
MX-HID,Aedes_aegypti,2012,9,2012-09-01,0
MX-HID,Aedes_aegypti,2012,10,2012-10-01,0
MX-HID,Aedes_aegypti,2012,11,2012-11-01,0
MX-HID,Aedes_aegypti,2012,12,2012-12-01,0
MX-HID,Aedes_aegypti,2013,1,2013-01-01,0
MX-HID,Aedes_aegypti,2013,2,2013-02-01,0
MX-HID,Aedes_aegypti,2013,3,2013-03-01,0
MX-HID,Aedes_aegypti,2013,4,2013-04-01,0
MX-HID,Aedes_aegypti,2013,5,2013-05-01,0
MX-HID,Aedes_aegypti,2013,6,2013-06-01,0
MX-HID,Aedes_aegypti,2013,7,2013-07-01,0
MX-HID,Aedes_aegypti,2013,8,2013-08-01,0
MX-HID,Aedes_aegypti,2013,9,2013-09-01,0
MX-HID,Aedes_aegypti,2013,10,2013-10-01,0
MX-HID,Aedes_aegypti,2013,11,2013-11-01,0
MX-HID,Aedes_aegypti,2013,12,2013-12-01,0
MX-HID,Aedes_aegypti,2014,1,2014-01-01,0
MX-HID,Aedes_aegypti,2014,2,2014-02-01,0
MX-HID,Aedes_aegypti,2014,3,2014-03-01,0
MX-HID,Aedes_aegypti,2014,4,2014-04-01,0
MX-HID,Aedes_aegypti,2014,5,2014-05-01,0
MX-HID,Aedes_aegypti,2014,6,2014-06-01,0
MX-HID,Aedes_aegypti,2014,7,2014-07-01,0
MX-HID,Aedes_aegypti,2014,8,2014-08-01,0
MX-HID,Aedes_aegypti,2014,9,2014-09-01,0
MX-HID,Aedes_aegypti,2014,10,2014-10-01,0
MX-HID,Aedes_aegypti,2014,11,2014-11-01,0
MX-HID,Aedes_aegypti,2014,12,2014-12-01,0
MX-HID,Aedes_aegypti,2015,1,2015-01-01,0
MX-HID,Aedes_aegypti,2015,2,2015-02-01,0
MX-HID,Aedes_aegypti,2015,3,2015-03-01,0
MX-HID,Aedes_aegypti,2015,4,2015-04-01,0
MX-HID,Aedes_aegypti,2015,5,2015-05-01,0
MX-HID,Aedes_aegypti,2015,6,2015-06-01,0
MX-HID,Aedes_aegypti,2015,7,2015-07-01,0
MX-HID,Aedes_aegypti,2015,8,2015-08-01,0
MX-HID,Aedes_aegypti,2015,9,2015-09-01,0
MX-HID,Aedes_aegypti,2015,10,2015-10-01,0
MX-HID,Aedes_aegypti,2015,11,2015-11-01,0
MX-HID,Aedes_aegypti,2015,12,2015-12-01,0
MX-HID,Aedes_aegypti,2016,1,2016-01-01,0
MX-HID,Aedes_aegypti,2016,2,2016-02-01,0
MX-HID,Aedes_aegypti,2016,3,2016-03-01,0
MX-HID,Aedes_aegypti,2016,4,2016-04-01,0
MX-HID,Aedes_aegypti,2016,5,2016-05-01,0
MX-HID,Aedes_aegypti,2016,6,2016-06-01,0
MX-HID,Aedes_aegypti,2016,7,2016-07-01,0
MX-HID,Aedes_aegypti,2016,8,2016-08-01,0
MX-HID,Aedes_aegypti,2016,9,2016-09-01,0
MX-HID,Aedes_aegypti,2016,10,2016-10-01,0
MX-HID,Aedes_aegypti,2016,11,2016-11-01,0
MX-HID,Aedes_aegypti,2016,12,2016-12-01,0
MX-HID,Aedes_aegypti,2017,1,2017-01-01,0
MX-HID,Aedes_aegypti,2017,2,2017-02-01,0
MX-HID,Aedes_aegypti,2017,3,2017-03-01,0
MX-HID,Aedes_aegypti,2017,4,2017-04-01,0
MX-HID,Aedes_aegypti,2017,5,2017-05-01,100
MX-HID,Aedes_aegypti,2017,6,2017-06-01,0
MX-HID,Aedes_aegypti,2017,7,2017-07-01,0
MX-HID,Aedes_aegypti,2017,8,2017-08-01,0
MX-HID,Aedes_aegypti,2017,9,2017-09-01,0
MX-HID,Aedes_aegypti,2017,10,2017-10-01,0
MX-HID,Aedes_aegypti,2017,11,2017-11-01,0
MX-HID,Aedes_aegypti,2017,12,2017-12-01,0
MX-HID,Aedes_aegypti,2018,1,2018-01-01,0
MX-HID,Aedes_aegypti,2018,2,2018-02-01,0
MX-HID,Aedes_aegypti,2018,3,2018-03-01,0
MX-HID,Aedes_aegypti,2018,4,2018-04-01,0
MX-HID,Aedes_aegypti,2018,5,2018-05-01,0
MX-HID,Aedes_aegypti,2018,6,2018-06-01,0
MX-HID,Aedes_aegypti,2018,7,2018-07-01,0
MX-HID,Aedes_aegypti,2018,8,2018-08-01,0
MX-HID,Aedes_aegypti,2018,9,2018-09-01,0
MX-HID,Aedes_aegypti,2018,10,2018-10-01,0
MX-HID,Aedes_aegypti,2018,11,2018-11-01,0
MX-HID,Aedes_aegypti,2018,12,2018-12-01,0
MX-HID,Aedes_aegypti,2019,1,2019-01-01,0
MX-HID,Aedes_aegypti,2019,2,2019-02-01,0
MX-HID,Aedes_aegypti,2019,3,2019-03-01,0
MX-HID,Aedes_aegypti,2019,4,2019-04-01,0
MX-HID,Aedes_aegypti,2019,5,2019-05-01,0
MX-HID,Aedes_aegypti,2019,6,2019-06-01,0
MX-HID,Aedes_aegypti,2019,7,2019-07-01,0
MX-HID,Aedes_aegypti,2019,8,2019-08-01,0
MX-HID,Aedes_aegypti,2019,9,2019-09-01,0
MX-HID,Aedes_aegypti,2019,10,2019-10-01,0
MX-HID,Aedes_aegypti,2019,11,2019-11-01,0
MX-HID,Aedes_aegypti,2019,12,2019-12-01,0
MX-HID,Aedes_aegypti,2020,1,2020-01-01,0
MX-HID,Aedes_aegypti,2020,2,2020-02-01,0
MX-HID,Aedes_aegypti,2020,3,2020-03-01,0
MX-HID,Aedes_aegypti,2020,4,2020-04-01,0
MX-HID,Aedes_aegypti,2020,5,2020-05-01,0
MX-HID,Aedes_aegypti,2020,6,2020-06-01,0
MX-HID,Aedes_aegypti,2020,7,2020-07-01,0
MX-HID,Aedes_aegypti,2020,8,2020-08-01,0
MX-HID,Aedes_aegypti,2020,9,2020-09-01,0
MX-HID,Aedes_aegypti,2020,10,2020-10-01,0
MX-HID,Aedes_aegypti,2020,11,2020-11-01,0
MX-HID,Aedes_aegypti,2020,12,2020-12-01,0
MX-HID,Aedes_aegypti,2021,1,2021-01-01,0
MX-HID,Aedes_aegypti,2021,2,2021-02-01,0
MX-HID,Aedes_aegypti,2021,3,2021-03-01,0
MX-HID,Aedes_aegypti,2021,4,2021-04-01,0
MX-HID,Aedes_aegypti,2021,5,2021-05-01,0
MX-HID,Aedes_aegypti,2021,6,2021-06-01,0
MX-HID,Aedes_aegypti,2021,7,2021-07-01,0
MX-HID,Aedes_aegypti,2021,8,2021-08-01,0
MX-HID,Aedes_aegypti,2021,9,2021-09-01,0
MX-HID,Aedes_aegypti,2021,10,2021-10-01,0
MX-HID,Aedes_aegypti,2021,11,2021-11-01,0
MX-HID,Aedes_aegypti,2021,12,2021-12-01,0
MX-HID,Aedes_aegypti,2022,1,2022-01-01,0
MX-HID,Aedes_aegypti,2022,2,2022-02-01,0
MX-HID,Aedes_aegypti,2022,3,2022-03-01,0
MX-HID,Aedes_aegypti,2022,4,2022-04-01,0
MX-HID,Aedes_aegypti,2022,5,2022-05-01,0
MX-HID,Aedes_aegypti,2022,6,2022-06-01,0
MX-HID,Aedes_aegypti,2022,7,2022-07-01,0
MX-HID,Aedes_aegypti,2022,8,2022-08-01,0
MX-HID,Aedes_aegypti,2022,9,2022-09-01,0
MX-HID,Aedes_aegypti,2022,10,2022-10-01,0
MX-HID,Aedes_aegypti,2022,11,2022-11-01,0
MX-HID,Aedes_aegypti,2022,12,2022-12-01,0
MX-HID,mosquito,2004,1,2004-01-01,0
MX-HID,mosquito,2004,2,2004-02-01,0
MX-HID,mosquito,2004,3,2004-03-01,0
MX-HID,mosquito,2004,4,2004-04-01,0
MX-HID,mosquito,2004,5,2004-05-01,0
MX-HID,mosquito,2004,6,2004-06-01,0
MX-HID,mosquito,2004,7,2004-07-01,0
MX-HID,mosquito,2004,8,2004-08-01,0
MX-HID,mosquito,2004,9,2004-09-01,0
MX-HID,mosquito,2004,10,2004-10-01,0
MX-HID,mosquito,2004,11,2004-11-01,0
MX-HID,mosquito,2004,12,2004-12-01,0
MX-HID,mosquito,2005,1,2005-01-01,0
MX-HID,mosquito,2005,2,2005-02-01,0
MX-HID,mosquito,2005,3,2005-03-01,0
MX-HID,mosquito,2005,4,2005-04-01,0
MX-HID,mosquito,2005,5,2005-05-01,0
MX-HID,mosquito,2005,6,2005-06-01,0
MX-HID,mosquito,2005,7,2005-07-01,0
MX-HID,mosquito,2005,8,2005-08-01,0
MX-HID,mosquito,2005,9,2005-09-01,0
MX-HID,mosquito,2005,10,2005-10-01,0
MX-HID,mosquito,2005,11,2005-11-01,0
MX-HID,mosquito,2005,12,2005-12-01,0
MX-HID,mosquito,2006,1,2006-01-01,0
MX-HID,mosquito,2006,2,2006-02-01,0
MX-HID,mosquito,2006,3,2006-03-01,0
MX-HID,mosquito,2006,4,2006-04-01,0
MX-HID,mosquito,2006,5,2006-05-01,0
MX-HID,mosquito,2006,6,2006-06-01,0
MX-HID,mosquito,2006,7,2006-07-01,0
MX-HID,mosquito,2006,8,2006-08-01,0
MX-HID,mosquito,2006,9,2006-09-01,0
MX-HID,mosquito,2006,10,2006-10-01,0
MX-HID,mosquito,2006,11,2006-11-01,0
MX-HID,mosquito,2006,12,2006-12-01,0
MX-HID,mosquito,2007,1,2007-01-01,0
MX-HID,mosquito,2007,2,2007-02-01,0
MX-HID,mosquito,2007,3,2007-03-01,0
MX-HID,mosquito,2007,4,2007-04-01,100
MX-HID,mosquito,2007,5,2007-05-01,0
MX-HID,mosquito,2007,6,2007-06-01,0
MX-HID,mosquito,2007,7,2007-07-01,0
MX-HID,mosquito,2007,8,2007-08-01,0
MX-HID,mosquito,2007,9,2007-09-01,0
MX-HID,mosquito,2007,10,2007-10-01,0
MX-HID,mosquito,2007,11,2007-11-01,0
MX-HID,mosquito,2007,12,2007-12-01,0
MX-HID,mosquito,2008,1,2008-01-01,0
MX-HID,mosquito,2008,2,2008-02-01,0
MX-HID,mosquito,2008,3,2008-03-01,0
MX-HID,mosquito,2008,4,2008-04-01,0
MX-HID,mosquito,2008,5,2008-05-01,0
MX-HID,mosquito,2008,6,2008-06-01,0
MX-HID,mosquito,2008,7,2008-07-01,0
MX-HID,mosquito,2008,8,2008-08-01,0
MX-HID,mosquito,2008,9,2008-09-01,0
MX-HID,mosquito,2008,10,2008-10-01,0
MX-HID,mosquito,2008,11,2008-11-01,0
MX-HID,mosquito,2008,12,2008-12-01,0
MX-HID,mosquito,2009,1,2009-01-01,0
MX-HID,mosquito,2009,2,2009-02-01,0
MX-HID,mosquito,2009,3,2009-03-01,0
MX-HID,mosquito,2009,4,2009-04-01,0
MX-HID,mosquito,2009,5,2009-05-01,0
MX-HID,mosquito,2009,6,2009-06-01,0
MX-HID,mosquito,2009,7,2009-07-01,0
MX-HID,mosquito,2009,8,2009-08-01,0
MX-HID,mosquito,2009,9,2009-09-01,0
MX-HID,mosquito,2009,10,2009-10-01,0
MX-HID,mosquito,2009,11,2009-11-01,0
MX-HID,mosquito,2009,12,2009-12-01,0
MX-HID,mosquito,2010,1,2010-01-01,0
MX-HID,mosquito,2010,2,2010-02-01,0
MX-HID,mosquito,2010,3,2010-03-01,0
MX-HID,mosquito,2010,4,2010-04-01,0
MX-HID,mosquito,2010,5,2010-05-01,0
MX-HID,mosquito,2010,6,2010-06-01,0
MX-HID,mosquito,2010,7,2010-07-01,0
MX-HID,mosquito,2010,8,2010-08-01,0
MX-HID,mosquito,2010,9,2010-09-01,0
MX-HID,mosquito,2010,10,2010-10-01,0
MX-HID,mosquito,2010,11,2010-11-01,0
MX-HID,mosquito,2010,12,2010-12-01,0
MX-HID,mosquito,2011,1,2011-01-01,0
MX-HID,mosquito,2011,2,2011-02-01,0
MX-HID,mosquito,2011,3,2011-03-01,0
MX-HID,mosquito,2011,4,2011-04-01,0
MX-HID,mosquito,2011,5,2011-05-01,0
MX-HID,mosquito,2011,6,2011-06-01,0
MX-HID,mosquito,2011,7,2011-07-01,0
MX-HID,mosquito,2011,8,2011-08-01,0
MX-HID,mosquito,2011,9,2011-09-01,0
MX-HID,mosquito,2011,10,2011-10-01,0
MX-HID,mosquito,2011,11,2011-11-01,0
MX-HID,mosquito,2011,12,2011-12-01,0
MX-HID,mosquito,2012,1,2012-01-01,0
MX-HID,mosquito,2012,2,2012-02-01,0
MX-HID,mosquito,2012,3,2012-03-01,0
MX-HID,mosquito,2012,4,2012-04-01,0
MX-HID,mosquito,2012,5,2012-05-01,2
MX-HID,mosquito,2012,6,2012-06-01,2
MX-HID,mosquito,2012,7,2012-07-01,0
MX-HID,mosquito,2012,8,2012-08-01,0
MX-HID,mosquito,2012,9,2012-09-01,0
MX-HID,mosquito,2012,10,2012-10-01,2
MX-HID,mosquito,2012,11,2012-11-01,0
MX-HID,mosquito,2012,12,2012-12-01,0
MX-HID,mosquito,2013,1,2013-01-01,0
MX-HID,mosquito,2013,2,2013-02-01,0
MX-HID,mosquito,2013,3,2013-03-01,0
MX-HID,mosquito,2013,4,2013-04-01,3
MX-HID,mosquito,2013,5,2013-05-01,2
MX-HID,mosquito,2013,6,2013-06-01,3
MX-HID,mosquito,2013,7,2013-07-01,4
MX-HID,mosquito,2013,8,2013-08-01,2
MX-HID,mosquito,2013,9,2013-09-01,2
MX-HID,mosquito,2013,10,2013-10-01,0
MX-HID,mosquito,2013,11,2013-11-01,0
MX-HID,mosquito,2013,12,2013-12-01,1
MX-HID,mosquito,2014,1,2014-01-01,0
MX-HID,mosquito,2014,2,2014-02-01,0
MX-HID,mosquito,2014,3,2014-03-01,1
MX-HID,mosquito,2014,4,2014-04-01,2
MX-HID,mosquito,2014,5,2014-05-01,1
MX-HID,mosquito,2014,6,2014-06-01,4
MX-HID,mosquito,2014,7,2014-07-01,4
MX-HID,mosquito,2014,8,2014-08-01,2
MX-HID,mosquito,2014,9,2014-09-01,2
MX-HID,mosquito,2014,10,2014-10-01,2
MX-HID,mosquito,2014,11,2014-11-01,2
MX-HID,mosquito,2014,12,2014-12-01,2
MX-HID,mosquito,2015,1,2015-01-01,1
MX-HID,mosquito,2015,2,2015-02-01,1
MX-HID,mosquito,2015,3,2015-03-01,0
MX-HID,mosquito,2015,4,2015-04-01,2
MX-HID,mosquito,2015,5,2015-05-01,2
MX-HID,mosquito,2015,6,2015-06-01,3
MX-HID,mosquito,2015,7,2015-07-01,3
MX-HID,mosquito,2015,8,2015-08-01,3
MX-HID,mosquito,2015,9,2015-09-01,3
MX-HID,mosquito,2015,10,2015-10-01,3
MX-HID,mosquito,2015,11,2015-11-01,3
MX-HID,mosquito,2015,12,2015-12-01,2
MX-HID,mosquito,2016,1,2016-01-01,1
MX-HID,mosquito,2016,2,2016-02-01,2
MX-HID,mosquito,2016,3,2016-03-01,3
MX-HID,mosquito,2016,4,2016-04-01,2
MX-HID,mosquito,2016,5,2016-05-01,4
MX-HID,mosquito,2016,6,2016-06-01,3
MX-HID,mosquito,2016,7,2016-07-01,3
MX-HID,mosquito,2016,8,2016-08-01,4
MX-HID,mosquito,2016,9,2016-09-01,2
MX-HID,mosquito,2016,10,2016-10-01,2
MX-HID,mosquito,2016,11,2016-11-01,0
MX-HID,mosquito,2016,12,2016-12-01,0
MX-HID,mosquito,2017,1,2017-01-01,0
MX-HID,mosquito,2017,2,2017-02-01,0
MX-HID,mosquito,2017,3,2017-03-01,0
MX-HID,mosquito,2017,4,2017-04-01,0
MX-HID,mosquito,2017,5,2017-05-01,0
MX-HID,mosquito,2017,6,2017-06-01,0
MX-HID,mosquito,2017,7,2017-07-01,0
MX-HID,mosquito,2017,8,2017-08-01,0
MX-HID,mosquito,2017,9,2017-09-01,0
MX-HID,mosquito,2017,10,2017-10-01,0
MX-HID,mosquito,2017,11,2017-11-01,0
MX-HID,mosquito,2017,12,2017-12-01,0
MX-HID,mosquito,2018,1,2018-01-01,0
MX-HID,mosquito,2018,2,2018-02-01,0
MX-HID,mosquito,2018,3,2018-03-01,0
MX-HID,mosquito,2018,4,2018-04-01,0
MX-HID,mosquito,2018,5,2018-05-01,1
MX-HID,mosquito,2018,6,2018-06-01,0
MX-HID,mosquito,2018,7,2018-07-01,1
MX-HID,mosquito,2018,8,2018-08-01,1
MX-HID,mosquito,2018,9,2018-09-01,1
MX-HID,mosquito,2018,10,2018-10-01,0
MX-HID,mosquito,2018,11,2018-11-01,0
MX-HID,mosquito,2018,12,2018-12-01,0
MX-HID,mosquito,2019,1,2019-01-01,0
MX-HID,mosquito,2019,2,2019-02-01,0
MX-HID,mosquito,2019,3,2019-03-01,0
MX-HID,mosquito,2019,4,2019-04-01,0
MX-HID,mosquito,2019,5,2019-05-01,0
MX-HID,mosquito,2019,6,2019-06-01,0
MX-HID,mosquito,2019,7,2019-07-01,1
MX-HID,mosquito,2019,8,2019-08-01,0
MX-HID,mosquito,2019,9,2019-09-01,0
MX-HID,mosquito,2019,10,2019-10-01,1
MX-HID,mosquito,2019,11,2019-11-01,0
MX-HID,mosquito,2019,12,2019-12-01,0
MX-HID,mosquito,2020,1,2020-01-01,0
MX-HID,mosquito,2020,2,2020-02-01,0
MX-HID,mosquito,2020,3,2020-03-01,0
MX-HID,mosquito,2020,4,2020-04-01,1
MX-HID,mosquito,2020,5,2020-05-01,1
MX-HID,mosquito,2020,6,2020-06-01,1
MX-HID,mosquito,2020,7,2020-07-01,1
MX-HID,mosquito,2020,8,2020-08-01,1
MX-HID,mosquito,2020,9,2020-09-01,1
MX-HID,mosquito,2020,10,2020-10-01,1
MX-HID,mosquito,2020,11,2020-11-01,1
MX-HID,mosquito,2020,12,2020-12-01,0
MX-HID,mosquito,2021,1,2021-01-01,1
MX-HID,mosquito,2021,2,2021-02-01,1
MX-HID,mosquito,2021,3,2021-03-01,1
MX-HID,mosquito,2021,4,2021-04-01,2
MX-HID,mosquito,2021,5,2021-05-01,4
MX-HID,mosquito,2021,6,2021-06-01,3
MX-HID,mosquito,2021,7,2021-07-01,3
MX-HID,mosquito,2021,8,2021-08-01,4
MX-HID,mosquito,2021,9,2021-09-01,2
MX-HID,mosquito,2021,10,2021-10-01,2
MX-HID,mosquito,2021,11,2021-11-01,2
MX-HID,mosquito,2021,12,2021-12-01,1
MX-HID,mosquito,2022,1,2022-01-01,1
MX-HID,mosquito,2022,2,2022-02-01,1
MX-HID,mosquito,2022,3,2022-03-01,1
MX-HID,mosquito,2022,4,2022-04-01,2
MX-HID,mosquito,2022,5,2022-05-01,3
MX-HID,mosquito,2022,6,2022-06-01,2
MX-HID,mosquito,2022,7,2022-07-01,3
MX-HID,mosquito,2022,8,2022-08-01,3
MX-HID,mosquito,2022,9,2022-09-01,2
MX-HID,mosquito,2022,10,2022-10-01,3
MX-HID,mosquito,2022,11,2022-11-01,2
MX-HID,mosquito,2022,12,2022-12-01,2
MX-HID,vector,2004,1,2004-01-01,0
MX-HID,vector,2004,2,2004-02-01,0
MX-HID,vector,2004,3,2004-03-01,0
MX-HID,vector,2004,4,2004-04-01,0
MX-HID,vector,2004,5,2004-05-01,0
MX-HID,vector,2004,6,2004-06-01,0
MX-HID,vector,2004,7,2004-07-01,0
MX-HID,vector,2004,8,2004-08-01,0
MX-HID,vector,2004,9,2004-09-01,0
MX-HID,vector,2004,10,2004-10-01,0
MX-HID,vector,2004,11,2004-11-01,0
MX-HID,vector,2004,12,2004-12-01,0
MX-HID,vector,2005,1,2005-01-01,0
MX-HID,vector,2005,2,2005-02-01,0
MX-HID,vector,2005,3,2005-03-01,0
MX-HID,vector,2005,4,2005-04-01,0
MX-HID,vector,2005,5,2005-05-01,0
MX-HID,vector,2005,6,2005-06-01,0
MX-HID,vector,2005,7,2005-07-01,0
MX-HID,vector,2005,8,2005-08-01,0
MX-HID,vector,2005,9,2005-09-01,0
MX-HID,vector,2005,10,2005-10-01,0
MX-HID,vector,2005,11,2005-11-01,0
MX-HID,vector,2005,12,2005-12-01,0
MX-HID,vector,2006,1,2006-01-01,0
MX-HID,vector,2006,2,2006-02-01,0
MX-HID,vector,2006,3,2006-03-01,0
MX-HID,vector,2006,4,2006-04-01,0
MX-HID,vector,2006,5,2006-05-01,0
MX-HID,vector,2006,6,2006-06-01,0
MX-HID,vector,2006,7,2006-07-01,0
MX-HID,vector,2006,8,2006-08-01,0
MX-HID,vector,2006,9,2006-09-01,0
MX-HID,vector,2006,10,2006-10-01,0
MX-HID,vector,2006,11,2006-11-01,0
MX-HID,vector,2006,12,2006-12-01,0
MX-HID,vector,2007,1,2007-01-01,0
MX-HID,vector,2007,2,2007-02-01,0
MX-HID,vector,2007,3,2007-03-01,0
MX-HID,vector,2007,4,2007-04-01,0
MX-HID,vector,2007,5,2007-05-01,0
MX-HID,vector,2007,6,2007-06-01,0
MX-HID,vector,2007,7,2007-07-01,0
MX-HID,vector,2007,8,2007-08-01,0
MX-HID,vector,2007,9,2007-09-01,0
MX-HID,vector,2007,10,2007-10-01,0
MX-HID,vector,2007,11,2007-11-01,0
MX-HID,vector,2007,12,2007-12-01,0
MX-HID,vector,2008,1,2008-01-01,0
MX-HID,vector,2008,2,2008-02-01,0
MX-HID,vector,2008,3,2008-03-01,0
MX-HID,vector,2008,4,2008-04-01,0
MX-HID,vector,2008,5,2008-05-01,0
MX-HID,vector,2008,6,2008-06-01,0
MX-HID,vector,2008,7,2008-07-01,0
MX-HID,vector,2008,8,2008-08-01,0
MX-HID,vector,2008,9,2008-09-01,0
MX-HID,vector,2008,10,2008-10-01,0
MX-HID,vector,2008,11,2008-11-01,0
MX-HID,vector,2008,12,2008-12-01,0
MX-HID,vector,2009,1,2009-01-01,0
MX-HID,vector,2009,2,2009-02-01,0
MX-HID,vector,2009,3,2009-03-01,0
MX-HID,vector,2009,4,2009-04-01,0
MX-HID,vector,2009,5,2009-05-01,0
MX-HID,vector,2009,6,2009-06-01,0
MX-HID,vector,2009,7,2009-07-01,0
MX-HID,vector,2009,8,2009-08-01,0
MX-HID,vector,2009,9,2009-09-01,0
MX-HID,vector,2009,10,2009-10-01,0
MX-HID,vector,2009,11,2009-11-01,0
MX-HID,vector,2009,12,2009-12-01,0
MX-HID,vector,2010,1,2010-01-01,0
MX-HID,vector,2010,2,2010-02-01,0
MX-HID,vector,2010,3,2010-03-01,0
MX-HID,vector,2010,4,2010-04-01,0
MX-HID,vector,2010,5,2010-05-01,0
MX-HID,vector,2010,6,2010-06-01,0
MX-HID,vector,2010,7,2010-07-01,0
MX-HID,vector,2010,8,2010-08-01,0
MX-HID,vector,2010,9,2010-09-01,0
MX-HID,vector,2010,10,2010-10-01,0
MX-HID,vector,2010,11,2010-11-01,0
MX-HID,vector,2010,12,2010-12-01,0
MX-HID,vector,2011,1,2011-01-01,0
MX-HID,vector,2011,2,2011-02-01,0
MX-HID,vector,2011,3,2011-03-01,79
MX-HID,vector,2011,4,2011-04-01,0
MX-HID,vector,2011,5,2011-05-01,0
MX-HID,vector,2011,6,2011-06-01,0
MX-HID,vector,2011,7,2011-07-01,0
MX-HID,vector,2011,8,2011-08-01,100
MX-HID,vector,2011,9,2011-09-01,82
MX-HID,vector,2011,10,2011-10-01,0
MX-HID,vector,2011,11,2011-11-01,0
MX-HID,vector,2011,12,2011-12-01,0
MX-HID,vector,2012,1,2012-01-01,51
MX-HID,vector,2012,2,2012-02-01,85
MX-HID,vector,2012,3,2012-03-01,76
MX-HID,vector,2012,4,2012-04-01,0
MX-HID,vector,2012,5,2012-05-01,0
MX-HID,vector,2012,6,2012-06-01,0
MX-HID,vector,2012,7,2012-07-01,0
MX-HID,vector,2012,8,2012-08-01,74
MX-HID,vector,2012,9,2012-09-01,73
MX-HID,vector,2012,10,2012-10-01,51
MX-HID,vector,2012,11,2012-11-01,0
MX-HID,vector,2012,12,2012-12-01,66
MX-HID,vector,2013,1,2013-01-01,51
MX-HID,vector,2013,2,2013-02-01,74
MX-HID,vector,2013,3,2013-03-01,0
MX-HID,vector,2013,4,2013-04-01,46
MX-HID,vector,2013,5,2013-05-01,0
MX-HID,vector,2013,6,2013-06-01,33
MX-HID,vector,2013,7,2013-07-01,0
MX-HID,vector,2013,8,2013-08-01,61
MX-HID,vector,2013,9,2013-09-01,59
MX-HID,vector,2013,10,2013-10-01,0
MX-HID,vector,2013,11,2013-11-01,0
MX-HID,vector,2013,12,2013-12-01,32
MX-HID,vector,2014,1,2014-01-01,38
MX-HID,vector,2014,2,2014-02-01,86
MX-HID,vector,2014,3,2014-03-01,41
MX-HID,vector,2014,4,2014-04-01,36
MX-HID,vector,2014,5,2014-05-01,43
MX-HID,vector,2014,6,2014-06-01,46
MX-HID,vector,2014,7,2014-07-01,0
MX-HID,vector,2014,8,2014-08-01,74
MX-HID,vector,2014,9,2014-09-01,88
MX-HID,vector,2014,10,2014-10-01,46
MX-HID,vector,2014,11,2014-11-01,37
MX-HID,vector,2014,12,2014-12-01,34
MX-HID,vector,2015,1,2015-01-01,32
MX-HID,vector,2015,2,2015-02-01,43
MX-HID,vector,2015,3,2015-03-01,44
MX-HID,vector,2015,4,2015-04-01,0
MX-HID,vector,2015,5,2015-05-01,26
MX-HID,vector,2015,6,2015-06-01,37
MX-HID,vector,2015,7,2015-07-01,0
MX-HID,vector,2015,8,2015-08-01,56
MX-HID,vector,2015,9,2015-09-01,46
MX-HID,vector,2015,10,2015-10-01,58
MX-HID,vector,2015,11,2015-11-01,43
MX-HID,vector,2015,12,2015-12-01,0
MX-HID,vector,2016,1,2016-01-01,45
MX-HID,vector,2016,2,2016-02-01,74
MX-HID,vector,2016,3,2016-03-01,76
MX-HID,vector,2016,4,2016-04-01,34
MX-HID,vector,2016,5,2016-05-01,53
MX-HID,vector,2016,6,2016-06-01,27
MX-HID,vector,2016,7,2016-07-01,0
MX-HID,vector,2016,8,2016-08-01,56
MX-HID,vector,2016,9,2016-09-01,62
MX-HID,vector,2016,10,2016-10-01,54
MX-HID,vector,2016,11,2016-11-01,0
MX-HID,vector,2016,12,2016-12-01,0
MX-HID,vector,2017,1,2017-01-01,0
MX-HID,vector,2017,2,2017-02-01,0
MX-HID,vector,2017,3,2017-03-01,0
MX-HID,vector,2017,4,2017-04-01,0
MX-HID,vector,2017,5,2017-05-01,0
MX-HID,vector,2017,6,2017-06-01,0
MX-HID,vector,2017,7,2017-07-01,0
MX-HID,vector,2017,8,2017-08-01,0
MX-HID,vector,2017,9,2017-09-01,0
MX-HID,vector,2017,10,2017-10-01,0
MX-HID,vector,2017,11,2017-11-01,0
MX-HID,vector,2017,12,2017-12-01,0
MX-HID,vector,2018,1,2018-01-01,0
MX-HID,vector,2018,2,2018-02-01,0
MX-HID,vector,2018,3,2018-03-01,0
MX-HID,vector,2018,4,2018-04-01,0
MX-HID,vector,2018,5,2018-05-01,0
MX-HID,vector,2018,6,2018-06-01,0
MX-HID,vector,2018,7,2018-07-01,0
MX-HID,vector,2018,8,2018-08-01,0
MX-HID,vector,2018,9,2018-09-01,0
MX-HID,vector,2018,10,2018-10-01,0
MX-HID,vector,2018,11,2018-11-01,0
MX-HID,vector,2018,12,2018-12-01,0
MX-HID,vector,2019,1,2019-01-01,0
MX-HID,vector,2019,2,2019-02-01,0
MX-HID,vector,2019,3,2019-03-01,0
MX-HID,vector,2019,4,2019-04-01,0
MX-HID,vector,2019,5,2019-05-01,0
MX-HID,vector,2019,6,2019-06-01,0
MX-HID,vector,2019,7,2019-07-01,0
MX-HID,vector,2019,8,2019-08-01,0
MX-HID,vector,2019,9,2019-09-01,0
MX-HID,vector,2019,10,2019-10-01,0
MX-HID,vector,2019,11,2019-11-01,0
MX-HID,vector,2019,12,2019-12-01,0
MX-HID,vector,2020,1,2020-01-01,0
MX-HID,vector,2020,2,2020-02-01,0
MX-HID,vector,2020,3,2020-03-01,0
MX-HID,vector,2020,4,2020-04-01,0
MX-HID,vector,2020,5,2020-05-01,0
MX-HID,vector,2020,6,2020-06-01,0
MX-HID,vector,2020,7,2020-07-01,0
MX-HID,vector,2020,8,2020-08-01,0
MX-HID,vector,2020,9,2020-09-01,0
MX-HID,vector,2020,10,2020-10-01,13
MX-HID,vector,2020,11,2020-11-01,14
MX-HID,vector,2020,12,2020-12-01,0
MX-HID,vector,2021,1,2021-01-01,0
MX-HID,vector,2021,2,2021-02-01,44
MX-HID,vector,2021,3,2021-03-01,27
MX-HID,vector,2021,4,2021-04-01,21
MX-HID,vector,2021,5,2021-05-01,0
MX-HID,vector,2021,6,2021-06-01,18
MX-HID,vector,2021,7,2021-07-01,0
MX-HID,vector,2021,8,2021-08-01,0
MX-HID,vector,2021,9,2021-09-01,0
MX-HID,vector,2021,10,2021-10-01,0
MX-HID,vector,2021,11,2021-11-01,23
MX-HID,vector,2021,12,2021-12-01,0
MX-HID,vector,2022,1,2022-01-01,22
MX-HID,vector,2022,2,2022-02-01,28
MX-HID,vector,2022,3,2022-03-01,28
MX-HID,vector,2022,4,2022-04-01,22
MX-HID,vector,2022,5,2022-05-01,30
MX-HID,vector,2022,6,2022-06-01,27
MX-HID,vector,2022,7,2022-07-01,22
MX-HID,vector,2022,8,2022-08-01,31
MX-HID,vector,2022,9,2022-09-01,40
MX-HID,vector,2022,10,2022-10-01,46
MX-HID,vector,2022,11,2022-11-01,30
MX-HID,vector,2022,12,2022-12-01,20
MX-JAL,Aedes_aegypti,2004,1,2004-01-01,0
MX-JAL,Aedes_aegypti,2004,2,2004-02-01,0
MX-JAL,Aedes_aegypti,2004,3,2004-03-01,0
MX-JAL,Aedes_aegypti,2004,4,2004-04-01,0
MX-JAL,Aedes_aegypti,2004,5,2004-05-01,0
MX-JAL,Aedes_aegypti,2004,6,2004-06-01,0
MX-JAL,Aedes_aegypti,2004,7,2004-07-01,0
MX-JAL,Aedes_aegypti,2004,8,2004-08-01,0
MX-JAL,Aedes_aegypti,2004,9,2004-09-01,0
MX-JAL,Aedes_aegypti,2004,10,2004-10-01,0
MX-JAL,Aedes_aegypti,2004,11,2004-11-01,0
MX-JAL,Aedes_aegypti,2004,12,2004-12-01,0
MX-JAL,Aedes_aegypti,2005,1,2005-01-01,0
MX-JAL,Aedes_aegypti,2005,2,2005-02-01,0
MX-JAL,Aedes_aegypti,2005,3,2005-03-01,0
MX-JAL,Aedes_aegypti,2005,4,2005-04-01,0
MX-JAL,Aedes_aegypti,2005,5,2005-05-01,0
MX-JAL,Aedes_aegypti,2005,6,2005-06-01,0
MX-JAL,Aedes_aegypti,2005,7,2005-07-01,0
MX-JAL,Aedes_aegypti,2005,8,2005-08-01,0
MX-JAL,Aedes_aegypti,2005,9,2005-09-01,0
MX-JAL,Aedes_aegypti,2005,10,2005-10-01,0
MX-JAL,Aedes_aegypti,2005,11,2005-11-01,0
MX-JAL,Aedes_aegypti,2005,12,2005-12-01,0
MX-JAL,Aedes_aegypti,2006,1,2006-01-01,0
MX-JAL,Aedes_aegypti,2006,2,2006-02-01,0
MX-JAL,Aedes_aegypti,2006,3,2006-03-01,0
MX-JAL,Aedes_aegypti,2006,4,2006-04-01,0
MX-JAL,Aedes_aegypti,2006,5,2006-05-01,0
MX-JAL,Aedes_aegypti,2006,6,2006-06-01,0
MX-JAL,Aedes_aegypti,2006,7,2006-07-01,0
MX-JAL,Aedes_aegypti,2006,8,2006-08-01,0
MX-JAL,Aedes_aegypti,2006,9,2006-09-01,0
MX-JAL,Aedes_aegypti,2006,10,2006-10-01,0
MX-JAL,Aedes_aegypti,2006,11,2006-11-01,0
MX-JAL,Aedes_aegypti,2006,12,2006-12-01,0
MX-JAL,Aedes_aegypti,2007,1,2007-01-01,0
MX-JAL,Aedes_aegypti,2007,2,2007-02-01,0
MX-JAL,Aedes_aegypti,2007,3,2007-03-01,0
MX-JAL,Aedes_aegypti,2007,4,2007-04-01,0
MX-JAL,Aedes_aegypti,2007,5,2007-05-01,0
MX-JAL,Aedes_aegypti,2007,6,2007-06-01,0
MX-JAL,Aedes_aegypti,2007,7,2007-07-01,0
MX-JAL,Aedes_aegypti,2007,8,2007-08-01,0
MX-JAL,Aedes_aegypti,2007,9,2007-09-01,0
MX-JAL,Aedes_aegypti,2007,10,2007-10-01,0
MX-JAL,Aedes_aegypti,2007,11,2007-11-01,0
MX-JAL,Aedes_aegypti,2007,12,2007-12-01,0
MX-JAL,Aedes_aegypti,2008,1,2008-01-01,0
MX-JAL,Aedes_aegypti,2008,2,2008-02-01,0
MX-JAL,Aedes_aegypti,2008,3,2008-03-01,0
MX-JAL,Aedes_aegypti,2008,4,2008-04-01,0
MX-JAL,Aedes_aegypti,2008,5,2008-05-01,0
MX-JAL,Aedes_aegypti,2008,6,2008-06-01,0
MX-JAL,Aedes_aegypti,2008,7,2008-07-01,0
MX-JAL,Aedes_aegypti,2008,8,2008-08-01,0
MX-JAL,Aedes_aegypti,2008,9,2008-09-01,0
MX-JAL,Aedes_aegypti,2008,10,2008-10-01,19
MX-JAL,Aedes_aegypti,2008,11,2008-11-01,0
MX-JAL,Aedes_aegypti,2008,12,2008-12-01,0
MX-JAL,Aedes_aegypti,2009,1,2009-01-01,0
MX-JAL,Aedes_aegypti,2009,2,2009-02-01,0
MX-JAL,Aedes_aegypti,2009,3,2009-03-01,0
MX-JAL,Aedes_aegypti,2009,4,2009-04-01,0
MX-JAL,Aedes_aegypti,2009,5,2009-05-01,0
MX-JAL,Aedes_aegypti,2009,6,2009-06-01,0
MX-JAL,Aedes_aegypti,2009,7,2009-07-01,0
MX-JAL,Aedes_aegypti,2009,8,2009-08-01,0
MX-JAL,Aedes_aegypti,2009,9,2009-09-01,58
MX-JAL,Aedes_aegypti,2009,10,2009-10-01,65
MX-JAL,Aedes_aegypti,2009,11,2009-11-01,27
MX-JAL,Aedes_aegypti,2009,12,2009-12-01,0
MX-JAL,Aedes_aegypti,2010,1,2010-01-01,0
MX-JAL,Aedes_aegypti,2010,2,2010-02-01,0
MX-JAL,Aedes_aegypti,2010,3,2010-03-01,0
MX-JAL,Aedes_aegypti,2010,4,2010-04-01,0
MX-JAL,Aedes_aegypti,2010,5,2010-05-01,0
MX-JAL,Aedes_aegypti,2010,6,2010-06-01,0
MX-JAL,Aedes_aegypti,2010,7,2010-07-01,0
MX-JAL,Aedes_aegypti,2010,8,2010-08-01,17
MX-JAL,Aedes_aegypti,2010,9,2010-09-01,0
MX-JAL,Aedes_aegypti,2010,10,2010-10-01,0
MX-JAL,Aedes_aegypti,2010,11,2010-11-01,0
MX-JAL,Aedes_aegypti,2010,12,2010-12-01,0
MX-JAL,Aedes_aegypti,2011,1,2011-01-01,0
MX-JAL,Aedes_aegypti,2011,2,2011-02-01,0
MX-JAL,Aedes_aegypti,2011,3,2011-03-01,0
MX-JAL,Aedes_aegypti,2011,4,2011-04-01,0
MX-JAL,Aedes_aegypti,2011,5,2011-05-01,0
MX-JAL,Aedes_aegypti,2011,6,2011-06-01,0
MX-JAL,Aedes_aegypti,2011,7,2011-07-01,13
MX-JAL,Aedes_aegypti,2011,8,2011-08-01,14
MX-JAL,Aedes_aegypti,2011,9,2011-09-01,16
MX-JAL,Aedes_aegypti,2011,10,2011-10-01,0
MX-JAL,Aedes_aegypti,2011,11,2011-11-01,0
MX-JAL,Aedes_aegypti,2011,12,2011-12-01,12
MX-JAL,Aedes_aegypti,2012,1,2012-01-01,0
MX-JAL,Aedes_aegypti,2012,2,2012-02-01,0
MX-JAL,Aedes_aegypti,2012,3,2012-03-01,0
MX-JAL,Aedes_aegypti,2012,4,2012-04-01,0
MX-JAL,Aedes_aegypti,2012,5,2012-05-01,0
MX-JAL,Aedes_aegypti,2012,6,2012-06-01,0
MX-JAL,Aedes_aegypti,2012,7,2012-07-01,0
MX-JAL,Aedes_aegypti,2012,8,2012-08-01,12
MX-JAL,Aedes_aegypti,2012,9,2012-09-01,14
MX-JAL,Aedes_aegypti,2012,10,2012-10-01,9
MX-JAL,Aedes_aegypti,2012,11,2012-11-01,9
MX-JAL,Aedes_aegypti,2012,12,2012-12-01,0
MX-JAL,Aedes_aegypti,2013,1,2013-01-01,0
MX-JAL,Aedes_aegypti,2013,2,2013-02-01,0
MX-JAL,Aedes_aegypti,2013,3,2013-03-01,0
MX-JAL,Aedes_aegypti,2013,4,2013-04-01,0
MX-JAL,Aedes_aegypti,2013,5,2013-05-01,0
MX-JAL,Aedes_aegypti,2013,6,2013-06-01,0
MX-JAL,Aedes_aegypti,2013,7,2013-07-01,8
MX-JAL,Aedes_aegypti,2013,8,2013-08-01,10
MX-JAL,Aedes_aegypti,2013,9,2013-09-01,11
MX-JAL,Aedes_aegypti,2013,10,2013-10-01,15
MX-JAL,Aedes_aegypti,2013,11,2013-11-01,15
MX-JAL,Aedes_aegypti,2013,12,2013-12-01,0
MX-JAL,Aedes_aegypti,2014,1,2014-01-01,0
MX-JAL,Aedes_aegypti,2014,2,2014-02-01,7
MX-JAL,Aedes_aegypti,2014,3,2014-03-01,0
MX-JAL,Aedes_aegypti,2014,4,2014-04-01,0
MX-JAL,Aedes_aegypti,2014,5,2014-05-01,0
MX-JAL,Aedes_aegypti,2014,6,2014-06-01,8
MX-JAL,Aedes_aegypti,2014,7,2014-07-01,7
MX-JAL,Aedes_aegypti,2014,8,2014-08-01,0
MX-JAL,Aedes_aegypti,2014,9,2014-09-01,7
MX-JAL,Aedes_aegypti,2014,10,2014-10-01,9
MX-JAL,Aedes_aegypti,2014,11,2014-11-01,0
MX-JAL,Aedes_aegypti,2014,12,2014-12-01,0
MX-JAL,Aedes_aegypti,2015,1,2015-01-01,0
MX-JAL,Aedes_aegypti,2015,2,2015-02-01,0
MX-JAL,Aedes_aegypti,2015,3,2015-03-01,0
MX-JAL,Aedes_aegypti,2015,4,2015-04-01,0
MX-JAL,Aedes_aegypti,2015,5,2015-05-01,0
MX-JAL,Aedes_aegypti,2015,6,2015-06-01,0
MX-JAL,Aedes_aegypti,2015,7,2015-07-01,8
MX-JAL,Aedes_aegypti,2015,8,2015-08-01,12
MX-JAL,Aedes_aegypti,2015,9,2015-09-01,15
MX-JAL,Aedes_aegypti,2015,10,2015-10-01,10
MX-JAL,Aedes_aegypti,2015,11,2015-11-01,14
MX-JAL,Aedes_aegypti,2015,12,2015-12-01,9
MX-JAL,Aedes_aegypti,2016,1,2016-01-01,11
MX-JAL,Aedes_aegypti,2016,2,2016-02-01,12
MX-JAL,Aedes_aegypti,2016,3,2016-03-01,6
MX-JAL,Aedes_aegypti,2016,4,2016-04-01,10
MX-JAL,Aedes_aegypti,2016,5,2016-05-01,0
MX-JAL,Aedes_aegypti,2016,6,2016-06-01,6
MX-JAL,Aedes_aegypti,2016,7,2016-07-01,7
MX-JAL,Aedes_aegypti,2016,8,2016-08-01,9
MX-JAL,Aedes_aegypti,2016,9,2016-09-01,8
MX-JAL,Aedes_aegypti,2016,10,2016-10-01,10
MX-JAL,Aedes_aegypti,2016,11,2016-11-01,7
MX-JAL,Aedes_aegypti,2016,12,2016-12-01,0
MX-JAL,Aedes_aegypti,2017,1,2017-01-01,0
MX-JAL,Aedes_aegypti,2017,2,2017-02-01,0
MX-JAL,Aedes_aegypti,2017,3,2017-03-01,0
MX-JAL,Aedes_aegypti,2017,4,2017-04-01,0
MX-JAL,Aedes_aegypti,2017,5,2017-05-01,0
MX-JAL,Aedes_aegypti,2017,6,2017-06-01,0
MX-JAL,Aedes_aegypti,2017,7,2017-07-01,6
MX-JAL,Aedes_aegypti,2017,8,2017-08-01,0
MX-JAL,Aedes_aegypti,2017,9,2017-09-01,13
MX-JAL,Aedes_aegypti,2017,10,2017-10-01,8
MX-JAL,Aedes_aegypti,2017,11,2017-11-01,6
MX-JAL,Aedes_aegypti,2017,12,2017-12-01,0
MX-JAL,Aedes_aegypti,2018,1,2018-01-01,0
MX-JAL,Aedes_aegypti,2018,2,2018-02-01,0
MX-JAL,Aedes_aegypti,2018,3,2018-03-01,0
MX-JAL,Aedes_aegypti,2018,4,2018-04-01,0
MX-JAL,Aedes_aegypti,2018,5,2018-05-01,0
MX-JAL,Aedes_aegypti,2018,6,2018-06-01,0
MX-JAL,Aedes_aegypti,2018,7,2018-07-01,5
MX-JAL,Aedes_aegypti,2018,8,2018-08-01,5
MX-JAL,Aedes_aegypti,2018,9,2018-09-01,8
MX-JAL,Aedes_aegypti,2018,10,2018-10-01,9
MX-JAL,Aedes_aegypti,2018,11,2018-11-01,0
MX-JAL,Aedes_aegypti,2018,12,2018-12-01,0
MX-JAL,Aedes_aegypti,2019,1,2019-01-01,0
MX-JAL,Aedes_aegypti,2019,2,2019-02-01,7
MX-JAL,Aedes_aegypti,2019,3,2019-03-01,0
MX-JAL,Aedes_aegypti,2019,4,2019-04-01,0
MX-JAL,Aedes_aegypti,2019,5,2019-05-01,0
MX-JAL,Aedes_aegypti,2019,6,2019-06-01,5
MX-JAL,Aedes_aegypti,2019,7,2019-07-01,7
MX-JAL,Aedes_aegypti,2019,8,2019-08-01,27
MX-JAL,Aedes_aegypti,2019,9,2019-09-01,100
MX-JAL,Aedes_aegypti,2019,10,2019-10-01,90
MX-JAL,Aedes_aegypti,2019,11,2019-11-01,39
MX-JAL,Aedes_aegypti,2019,12,2019-12-01,7
MX-JAL,Aedes_aegypti,2020,1,2020-01-01,5
MX-JAL,Aedes_aegypti,2020,2,2020-02-01,5
MX-JAL,Aedes_aegypti,2020,3,2020-03-01,7
MX-JAL,Aedes_aegypti,2020,4,2020-04-01,12
MX-JAL,Aedes_aegypti,2020,5,2020-05-01,13
MX-JAL,Aedes_aegypti,2020,6,2020-06-01,25
MX-JAL,Aedes_aegypti,2020,7,2020-07-01,41
MX-JAL,Aedes_aegypti,2020,8,2020-08-01,35
MX-JAL,Aedes_aegypti,2020,9,2020-09-01,23
MX-JAL,Aedes_aegypti,2020,10,2020-10-01,29
MX-JAL,Aedes_aegypti,2020,11,2020-11-01,13
MX-JAL,Aedes_aegypti,2020,12,2020-12-01,8
MX-JAL,Aedes_aegypti,2021,1,2021-01-01,5
MX-JAL,Aedes_aegypti,2021,2,2021-02-01,5
MX-JAL,Aedes_aegypti,2021,3,2021-03-01,10
MX-JAL,Aedes_aegypti,2021,4,2021-04-01,7
MX-JAL,Aedes_aegypti,2021,5,2021-05-01,5
MX-JAL,Aedes_aegypti,2021,6,2021-06-01,10
MX-JAL,Aedes_aegypti,2021,7,2021-07-01,9
MX-JAL,Aedes_aegypti,2021,8,2021-08-01,11
MX-JAL,Aedes_aegypti,2021,9,2021-09-01,6
MX-JAL,Aedes_aegypti,2021,10,2021-10-01,10
MX-JAL,Aedes_aegypti,2021,11,2021-11-01,0
MX-JAL,Aedes_aegypti,2021,12,2021-12-01,0
MX-JAL,Aedes_aegypti,2022,1,2022-01-01,0
MX-JAL,Aedes_aegypti,2022,2,2022-02-01,5
MX-JAL,Aedes_aegypti,2022,3,2022-03-01,4
MX-JAL,Aedes_aegypti,2022,4,2022-04-01,7
MX-JAL,Aedes_aegypti,2022,5,2022-05-01,5
MX-JAL,Aedes_aegypti,2022,6,2022-06-01,4
MX-JAL,Aedes_aegypti,2022,7,2022-07-01,5
MX-JAL,Aedes_aegypti,2022,8,2022-08-01,9
MX-JAL,Aedes_aegypti,2022,9,2022-09-01,9
MX-JAL,Aedes_aegypti,2022,10,2022-10-01,9
MX-JAL,Aedes_aegypti,2022,11,2022-11-01,4
MX-JAL,Aedes_aegypti,2022,12,2022-12-01,0
MX-JAL,mosquito,2004,1,2004-01-01,0
MX-JAL,mosquito,2004,2,2004-02-01,0
MX-JAL,mosquito,2004,3,2004-03-01,0
MX-JAL,mosquito,2004,4,2004-04-01,0
MX-JAL,mosquito,2004,5,2004-05-01,0
MX-JAL,mosquito,2004,6,2004-06-01,0
MX-JAL,mosquito,2004,7,2004-07-01,0
MX-JAL,mosquito,2004,8,2004-08-01,0
MX-JAL,mosquito,2004,9,2004-09-01,0
MX-JAL,mosquito,2004,10,2004-10-01,0
MX-JAL,mosquito,2004,11,2004-11-01,0
MX-JAL,mosquito,2004,12,2004-12-01,0
MX-JAL,mosquito,2005,1,2005-01-01,0
MX-JAL,mosquito,2005,2,2005-02-01,0
MX-JAL,mosquito,2005,3,2005-03-01,0
MX-JAL,mosquito,2005,4,2005-04-01,0
MX-JAL,mosquito,2005,5,2005-05-01,0
MX-JAL,mosquito,2005,6,2005-06-01,59
MX-JAL,mosquito,2005,7,2005-07-01,0
MX-JAL,mosquito,2005,8,2005-08-01,0
MX-JAL,mosquito,2005,9,2005-09-01,0
MX-JAL,mosquito,2005,10,2005-10-01,0
MX-JAL,mosquito,2005,11,2005-11-01,0
MX-JAL,mosquito,2005,12,2005-12-01,0
MX-JAL,mosquito,2006,1,2006-01-01,0
MX-JAL,mosquito,2006,2,2006-02-01,0
MX-JAL,mosquito,2006,3,2006-03-01,0
MX-JAL,mosquito,2006,4,2006-04-01,0
MX-JAL,mosquito,2006,5,2006-05-01,30
MX-JAL,mosquito,2006,6,2006-06-01,29
MX-JAL,mosquito,2006,7,2006-07-01,0
MX-JAL,mosquito,2006,8,2006-08-01,32
MX-JAL,mosquito,2006,9,2006-09-01,30
MX-JAL,mosquito,2006,10,2006-10-01,0
MX-JAL,mosquito,2006,11,2006-11-01,0
MX-JAL,mosquito,2006,12,2006-12-01,0
MX-JAL,mosquito,2007,1,2007-01-01,0
MX-JAL,mosquito,2007,2,2007-02-01,0
MX-JAL,mosquito,2007,3,2007-03-01,17
MX-JAL,mosquito,2007,4,2007-04-01,0
MX-JAL,mosquito,2007,5,2007-05-01,17
MX-JAL,mosquito,2007,6,2007-06-01,0
MX-JAL,mosquito,2007,7,2007-07-01,18
MX-JAL,mosquito,2007,8,2007-08-01,19
MX-JAL,mosquito,2007,9,2007-09-01,16
MX-JAL,mosquito,2007,10,2007-10-01,21
MX-JAL,mosquito,2007,11,2007-11-01,18
MX-JAL,mosquito,2007,12,2007-12-01,0
MX-JAL,mosquito,2008,1,2008-01-01,11
MX-JAL,mosquito,2008,2,2008-02-01,16
MX-JAL,mosquito,2008,3,2008-03-01,16
MX-JAL,mosquito,2008,4,2008-04-01,19
MX-JAL,mosquito,2008,5,2008-05-01,19
MX-JAL,mosquito,2008,6,2008-06-01,23
MX-JAL,mosquito,2008,7,2008-07-01,24
MX-JAL,mosquito,2008,8,2008-08-01,21
MX-JAL,mosquito,2008,9,2008-09-01,23
MX-JAL,mosquito,2008,10,2008-10-01,27
MX-JAL,mosquito,2008,11,2008-11-01,20
MX-JAL,mosquito,2008,12,2008-12-01,18
MX-JAL,mosquito,2009,1,2009-01-01,11
MX-JAL,mosquito,2009,2,2009-02-01,14
MX-JAL,mosquito,2009,3,2009-03-01,13
MX-JAL,mosquito,2009,4,2009-04-01,20
MX-JAL,mosquito,2009,5,2009-05-01,16
MX-JAL,mosquito,2009,6,2009-06-01,28
MX-JAL,mosquito,2009,7,2009-07-01,19
MX-JAL,mosquito,2009,8,2009-08-01,32
MX-JAL,mosquito,2009,9,2009-09-01,94
MX-JAL,mosquito,2009,10,2009-10-01,91
MX-JAL,mosquito,2009,11,2009-11-01,35
MX-JAL,mosquito,2009,12,2009-12-01,11
MX-JAL,mosquito,2010,1,2010-01-01,13
MX-JAL,mosquito,2010,2,2010-02-01,14
MX-JAL,mosquito,2010,3,2010-03-01,19
MX-JAL,mosquito,2010,4,2010-04-01,19
MX-JAL,mosquito,2010,5,2010-05-01,28
MX-JAL,mosquito,2010,6,2010-06-01,28
MX-JAL,mosquito,2010,7,2010-07-01,32
MX-JAL,mosquito,2010,8,2010-08-01,41
MX-JAL,mosquito,2010,9,2010-09-01,29
MX-JAL,mosquito,2010,10,2010-10-01,21
MX-JAL,mosquito,2010,11,2010-11-01,19
MX-JAL,mosquito,2010,12,2010-12-01,20
MX-JAL,mosquito,2011,1,2011-01-01,14
MX-JAL,mosquito,2011,2,2011-02-01,9
MX-JAL,mosquito,2011,3,2011-03-01,25
MX-JAL,mosquito,2011,4,2011-04-01,28
MX-JAL,mosquito,2011,5,2011-05-01,33
MX-JAL,mosquito,2011,6,2011-06-01,50
MX-JAL,mosquito,2011,7,2011-07-01,51
MX-JAL,mosquito,2011,8,2011-08-01,50
MX-JAL,mosquito,2011,9,2011-09-01,37
MX-JAL,mosquito,2011,10,2011-10-01,35
MX-JAL,mosquito,2011,11,2011-11-01,28
MX-JAL,mosquito,2011,12,2011-12-01,22
MX-JAL,mosquito,2012,1,2012-01-01,14
MX-JAL,mosquito,2012,2,2012-02-01,14
MX-JAL,mosquito,2012,3,2012-03-01,27
MX-JAL,mosquito,2012,4,2012-04-01,31
MX-JAL,mosquito,2012,5,2012-05-01,40
MX-JAL,mosquito,2012,6,2012-06-01,47
MX-JAL,mosquito,2012,7,2012-07-01,60
MX-JAL,mosquito,2012,8,2012-08-01,46
MX-JAL,mosquito,2012,9,2012-09-01,52
MX-JAL,mosquito,2012,10,2012-10-01,39
MX-JAL,mosquito,2012,11,2012-11-01,28
MX-JAL,mosquito,2012,12,2012-12-01,19
MX-JAL,mosquito,2013,1,2013-01-01,15
MX-JAL,mosquito,2013,2,2013-02-01,16
MX-JAL,mosquito,2013,3,2013-03-01,19
MX-JAL,mosquito,2013,4,2013-04-01,34
MX-JAL,mosquito,2013,5,2013-05-01,35
MX-JAL,mosquito,2013,6,2013-06-01,61
MX-JAL,mosquito,2013,7,2013-07-01,53
MX-JAL,mosquito,2013,8,2013-08-01,53
MX-JAL,mosquito,2013,9,2013-09-01,42
MX-JAL,mosquito,2013,10,2013-10-01,53
MX-JAL,mosquito,2013,11,2013-11-01,32
MX-JAL,mosquito,2013,12,2013-12-01,17
MX-JAL,mosquito,2014,1,2014-01-01,17
MX-JAL,mosquito,2014,2,2014-02-01,24
MX-JAL,mosquito,2014,3,2014-03-01,24
MX-JAL,mosquito,2014,4,2014-04-01,38
MX-JAL,mosquito,2014,5,2014-05-01,42
MX-JAL,mosquito,2014,6,2014-06-01,58
MX-JAL,mosquito,2014,7,2014-07-01,68
MX-JAL,mosquito,2014,8,2014-08-01,56
MX-JAL,mosquito,2014,9,2014-09-01,43
MX-JAL,mosquito,2014,10,2014-10-01,38
MX-JAL,mosquito,2014,11,2014-11-01,22
MX-JAL,mosquito,2014,12,2014-12-01,15
MX-JAL,mosquito,2015,1,2015-01-01,19
MX-JAL,mosquito,2015,2,2015-02-01,19
MX-JAL,mosquito,2015,3,2015-03-01,23
MX-JAL,mosquito,2015,4,2015-04-01,51
MX-JAL,mosquito,2015,5,2015-05-01,61
MX-JAL,mosquito,2015,6,2015-06-01,70
MX-JAL,mosquito,2015,7,2015-07-01,80
MX-JAL,mosquito,2015,8,2015-08-01,90
MX-JAL,mosquito,2015,9,2015-09-01,70
MX-JAL,mosquito,2015,10,2015-10-01,54
MX-JAL,mosquito,2015,11,2015-11-01,52
MX-JAL,mosquito,2015,12,2015-12-01,37
MX-JAL,mosquito,2016,1,2016-01-01,41
MX-JAL,mosquito,2016,2,2016-02-01,54
MX-JAL,mosquito,2016,3,2016-03-01,44
MX-JAL,mosquito,2016,4,2016-04-01,42
MX-JAL,mosquito,2016,5,2016-05-01,61
MX-JAL,mosquito,2016,6,2016-06-01,61
MX-JAL,mosquito,2016,7,2016-07-01,76
MX-JAL,mosquito,2016,8,2016-08-01,60
MX-JAL,mosquito,2016,9,2016-09-01,57
MX-JAL,mosquito,2016,10,2016-10-01,45
MX-JAL,mosquito,2016,11,2016-11-01,7
MX-JAL,mosquito,2016,12,2016-12-01,8
MX-JAL,mosquito,2017,1,2017-01-01,5
MX-JAL,mosquito,2017,2,2017-02-01,5
MX-JAL,mosquito,2017,3,2017-03-01,10
MX-JAL,mosquito,2017,4,2017-04-01,10
MX-JAL,mosquito,2017,5,2017-05-01,14
MX-JAL,mosquito,2017,6,2017-06-01,26
MX-JAL,mosquito,2017,7,2017-07-01,29
MX-JAL,mosquito,2017,8,2017-08-01,30
MX-JAL,mosquito,2017,9,2017-09-01,19
MX-JAL,mosquito,2017,10,2017-10-01,18
MX-JAL,mosquito,2017,11,2017-11-01,8
MX-JAL,mosquito,2017,12,2017-12-01,6
MX-JAL,mosquito,2018,1,2018-01-01,6
MX-JAL,mosquito,2018,2,2018-02-01,8
MX-JAL,mosquito,2018,3,2018-03-01,13
MX-JAL,mosquito,2018,4,2018-04-01,13
MX-JAL,mosquito,2018,5,2018-05-01,20
MX-JAL,mosquito,2018,6,2018-06-01,27
MX-JAL,mosquito,2018,7,2018-07-01,52
MX-JAL,mosquito,2018,8,2018-08-01,36
MX-JAL,mosquito,2018,9,2018-09-01,10
MX-JAL,mosquito,2018,10,2018-10-01,8
MX-JAL,mosquito,2018,11,2018-11-01,9
MX-JAL,mosquito,2018,12,2018-12-01,6
MX-JAL,mosquito,2019,1,2019-01-01,6
MX-JAL,mosquito,2019,2,2019-02-01,8
MX-JAL,mosquito,2019,3,2019-03-01,10
MX-JAL,mosquito,2019,4,2019-04-01,10
MX-JAL,mosquito,2019,5,2019-05-01,8
MX-JAL,mosquito,2019,6,2019-06-01,19
MX-JAL,mosquito,2019,7,2019-07-01,20
MX-JAL,mosquito,2019,8,2019-08-01,16
MX-JAL,mosquito,2019,9,2019-09-01,15
MX-JAL,mosquito,2019,10,2019-10-01,15
MX-JAL,mosquito,2019,11,2019-11-01,9
MX-JAL,mosquito,2019,12,2019-12-01,9
MX-JAL,mosquito,2020,1,2020-01-01,7
MX-JAL,mosquito,2020,2,2020-02-01,8
MX-JAL,mosquito,2020,3,2020-03-01,14
MX-JAL,mosquito,2020,4,2020-04-01,14
MX-JAL,mosquito,2020,5,2020-05-01,19
MX-JAL,mosquito,2020,6,2020-06-01,24
MX-JAL,mosquito,2020,7,2020-07-01,36
MX-JAL,mosquito,2020,8,2020-08-01,31
MX-JAL,mosquito,2020,9,2020-09-01,28
MX-JAL,mosquito,2020,10,2020-10-01,29
MX-JAL,mosquito,2020,11,2020-11-01,17
MX-JAL,mosquito,2020,12,2020-12-01,13
MX-JAL,mosquito,2021,1,2021-01-01,9
MX-JAL,mosquito,2021,2,2021-02-01,17
MX-JAL,mosquito,2021,3,2021-03-01,27
MX-JAL,mosquito,2021,4,2021-04-01,34
MX-JAL,mosquito,2021,5,2021-05-01,50
MX-JAL,mosquito,2021,6,2021-06-01,50
MX-JAL,mosquito,2021,7,2021-07-01,76
MX-JAL,mosquito,2021,8,2021-08-01,75
MX-JAL,mosquito,2021,9,2021-09-01,46
MX-JAL,mosquito,2021,10,2021-10-01,40
MX-JAL,mosquito,2021,11,2021-11-01,31
MX-JAL,mosquito,2021,12,2021-12-01,24
MX-JAL,mosquito,2022,1,2022-01-01,24
MX-JAL,mosquito,2022,2,2022-02-01,32
MX-JAL,mosquito,2022,3,2022-03-01,31
MX-JAL,mosquito,2022,4,2022-04-01,33
MX-JAL,mosquito,2022,5,2022-05-01,48
MX-JAL,mosquito,2022,6,2022-06-01,58
MX-JAL,mosquito,2022,7,2022-07-01,100
MX-JAL,mosquito,2022,8,2022-08-01,93
MX-JAL,mosquito,2022,9,2022-09-01,76
MX-JAL,mosquito,2022,10,2022-10-01,59
MX-JAL,mosquito,2022,11,2022-11-01,38
MX-JAL,mosquito,2022,12,2022-12-01,25
MX-JAL,vector,2004,1,2004-01-01,0
MX-JAL,vector,2004,2,2004-02-01,0
MX-JAL,vector,2004,3,2004-03-01,0
MX-JAL,vector,2004,4,2004-04-01,0
MX-JAL,vector,2004,5,2004-05-01,0
MX-JAL,vector,2004,6,2004-06-01,0
MX-JAL,vector,2004,7,2004-07-01,0
MX-JAL,vector,2004,8,2004-08-01,0
MX-JAL,vector,2004,9,2004-09-01,0
MX-JAL,vector,2004,10,2004-10-01,0
MX-JAL,vector,2004,11,2004-11-01,0
MX-JAL,vector,2004,12,2004-12-01,0
MX-JAL,vector,2005,1,2005-01-01,0
MX-JAL,vector,2005,2,2005-02-01,0
MX-JAL,vector,2005,3,2005-03-01,0
MX-JAL,vector,2005,4,2005-04-01,0
MX-JAL,vector,2005,5,2005-05-01,100
MX-JAL,vector,2005,6,2005-06-01,0
MX-JAL,vector,2005,7,2005-07-01,0
MX-JAL,vector,2005,8,2005-08-01,0
MX-JAL,vector,2005,9,2005-09-01,0
MX-JAL,vector,2005,10,2005-10-01,0
MX-JAL,vector,2005,11,2005-11-01,0
MX-JAL,vector,2005,12,2005-12-01,0
MX-JAL,vector,2006,1,2006-01-01,0
MX-JAL,vector,2006,2,2006-02-01,71
MX-JAL,vector,2006,3,2006-03-01,47
MX-JAL,vector,2006,4,2006-04-01,0
MX-JAL,vector,2006,5,2006-05-01,0
MX-JAL,vector,2006,6,2006-06-01,45
MX-JAL,vector,2006,7,2006-07-01,0
MX-JAL,vector,2006,8,2006-08-01,76
MX-JAL,vector,2006,9,2006-09-01,0
MX-JAL,vector,2006,10,2006-10-01,0
MX-JAL,vector,2006,11,2006-11-01,0
MX-JAL,vector,2006,12,2006-12-01,0
MX-JAL,vector,2007,1,2007-01-01,45
MX-JAL,vector,2007,2,2007-02-01,0
MX-JAL,vector,2007,3,2007-03-01,37
MX-JAL,vector,2007,4,2007-04-01,39
MX-JAL,vector,2007,5,2007-05-01,37
MX-JAL,vector,2007,6,2007-06-01,0
MX-JAL,vector,2007,7,2007-07-01,0
MX-JAL,vector,2007,8,2007-08-01,52
MX-JAL,vector,2007,9,2007-09-01,66
MX-JAL,vector,2007,10,2007-10-01,59
MX-JAL,vector,2007,11,2007-11-01,56
MX-JAL,vector,2007,12,2007-12-01,38
MX-JAL,vector,2008,1,2008-01-01,33
MX-JAL,vector,2008,2,2008-02-01,59
MX-JAL,vector,2008,3,2008-03-01,47
MX-JAL,vector,2008,4,2008-04-01,33
MX-JAL,vector,2008,5,2008-05-01,31
MX-JAL,vector,2008,6,2008-06-01,29
MX-JAL,vector,2008,7,2008-07-01,36
MX-JAL,vector,2008,8,2008-08-01,80
MX-JAL,vector,2008,9,2008-09-01,57
MX-JAL,vector,2008,10,2008-10-01,51
MX-JAL,vector,2008,11,2008-11-01,38
MX-JAL,vector,2008,12,2008-12-01,49
MX-JAL,vector,2009,1,2009-01-01,36
MX-JAL,vector,2009,2,2009-02-01,49
MX-JAL,vector,2009,3,2009-03-01,60
MX-JAL,vector,2009,4,2009-04-01,37
MX-JAL,vector,2009,5,2009-05-01,30
MX-JAL,vector,2009,6,2009-06-01,50
MX-JAL,vector,2009,7,2009-07-01,41
MX-JAL,vector,2009,8,2009-08-01,45
MX-JAL,vector,2009,9,2009-09-01,78
MX-JAL,vector,2009,10,2009-10-01,56
MX-JAL,vector,2009,11,2009-11-01,55
MX-JAL,vector,2009,12,2009-12-01,51
MX-JAL,vector,2010,1,2010-01-01,44
MX-JAL,vector,2010,2,2010-02-01,57
MX-JAL,vector,2010,3,2010-03-01,57
MX-JAL,vector,2010,4,2010-04-01,37
MX-JAL,vector,2010,5,2010-05-01,60
MX-JAL,vector,2010,6,2010-06-01,37
MX-JAL,vector,2010,7,2010-07-01,28
MX-JAL,vector,2010,8,2010-08-01,58
MX-JAL,vector,2010,9,2010-09-01,58
MX-JAL,vector,2010,10,2010-10-01,56
MX-JAL,vector,2010,11,2010-11-01,41
MX-JAL,vector,2010,12,2010-12-01,25
MX-JAL,vector,2011,1,2011-01-01,29
MX-JAL,vector,2011,2,2011-02-01,45
MX-JAL,vector,2011,3,2011-03-01,42
MX-JAL,vector,2011,4,2011-04-01,46
MX-JAL,vector,2011,5,2011-05-01,28
MX-JAL,vector,2011,6,2011-06-01,39
MX-JAL,vector,2011,7,2011-07-01,36
MX-JAL,vector,2011,8,2011-08-01,40
MX-JAL,vector,2011,9,2011-09-01,62
MX-JAL,vector,2011,10,2011-10-01,47
MX-JAL,vector,2011,11,2011-11-01,53
MX-JAL,vector,2011,12,2011-12-01,36
MX-JAL,vector,2012,1,2012-01-01,33
MX-JAL,vector,2012,2,2012-02-01,52
MX-JAL,vector,2012,3,2012-03-01,51
MX-JAL,vector,2012,4,2012-04-01,41
MX-JAL,vector,2012,5,2012-05-01,51
MX-JAL,vector,2012,6,2012-06-01,39
MX-JAL,vector,2012,7,2012-07-01,36
MX-JAL,vector,2012,8,2012-08-01,49
MX-JAL,vector,2012,9,2012-09-01,57
MX-JAL,vector,2012,10,2012-10-01,47
MX-JAL,vector,2012,11,2012-11-01,46
MX-JAL,vector,2012,12,2012-12-01,26
MX-JAL,vector,2013,1,2013-01-01,33
MX-JAL,vector,2013,2,2013-02-01,42
MX-JAL,vector,2013,3,2013-03-01,30
MX-JAL,vector,2013,4,2013-04-01,36
MX-JAL,vector,2013,5,2013-05-01,37
MX-JAL,vector,2013,6,2013-06-01,31
MX-JAL,vector,2013,7,2013-07-01,35
MX-JAL,vector,2013,8,2013-08-01,42
MX-JAL,vector,2013,9,2013-09-01,46
MX-JAL,vector,2013,10,2013-10-01,44
MX-JAL,vector,2013,11,2013-11-01,42
MX-JAL,vector,2013,12,2013-12-01,32
MX-JAL,vector,2014,1,2014-01-01,33
MX-JAL,vector,2014,2,2014-02-01,40
MX-JAL,vector,2014,3,2014-03-01,40
MX-JAL,vector,2014,4,2014-04-01,31
MX-JAL,vector,2014,5,2014-05-01,39
MX-JAL,vector,2014,6,2014-06-01,41
MX-JAL,vector,2014,7,2014-07-01,29
MX-JAL,vector,2014,8,2014-08-01,41
MX-JAL,vector,2014,9,2014-09-01,55
MX-JAL,vector,2014,10,2014-10-01,45
MX-JAL,vector,2014,11,2014-11-01,45
MX-JAL,vector,2014,12,2014-12-01,33
MX-JAL,vector,2015,1,2015-01-01,32
MX-JAL,vector,2015,2,2015-02-01,43
MX-JAL,vector,2015,3,2015-03-01,39
MX-JAL,vector,2015,4,2015-04-01,38
MX-JAL,vector,2015,5,2015-05-01,28
MX-JAL,vector,2015,6,2015-06-01,25
MX-JAL,vector,2015,7,2015-07-01,24
MX-JAL,vector,2015,8,2015-08-01,29
MX-JAL,vector,2015,9,2015-09-01,51
MX-JAL,vector,2015,10,2015-10-01,32
MX-JAL,vector,2015,11,2015-11-01,44
MX-JAL,vector,2015,12,2015-12-01,25
MX-JAL,vector,2016,1,2016-01-01,26
MX-JAL,vector,2016,2,2016-02-01,38
MX-JAL,vector,2016,3,2016-03-01,30
MX-JAL,vector,2016,4,2016-04-01,32
MX-JAL,vector,2016,5,2016-05-01,29
MX-JAL,vector,2016,6,2016-06-01,20
MX-JAL,vector,2016,7,2016-07-01,21
MX-JAL,vector,2016,8,2016-08-01,29
MX-JAL,vector,2016,9,2016-09-01,34
MX-JAL,vector,2016,10,2016-10-01,38
MX-JAL,vector,2016,11,2016-11-01,0
MX-JAL,vector,2016,12,2016-12-01,0
MX-JAL,vector,2017,1,2017-01-01,0
MX-JAL,vector,2017,2,2017-02-01,0
MX-JAL,vector,2017,3,2017-03-01,0
MX-JAL,vector,2017,4,2017-04-01,0
MX-JAL,vector,2017,5,2017-05-01,0
MX-JAL,vector,2017,6,2017-06-01,0
MX-JAL,vector,2017,7,2017-07-01,0
MX-JAL,vector,2017,8,2017-08-01,0
MX-JAL,vector,2017,9,2017-09-01,0
MX-JAL,vector,2017,10,2017-10-01,0
MX-JAL,vector,2017,11,2017-11-01,0
MX-JAL,vector,2017,12,2017-12-01,0
MX-JAL,vector,2018,1,2018-01-01,0
MX-JAL,vector,2018,2,2018-02-01,0
MX-JAL,vector,2018,3,2018-03-01,0
MX-JAL,vector,2018,4,2018-04-01,0
MX-JAL,vector,2018,5,2018-05-01,0
MX-JAL,vector,2018,6,2018-06-01,0
MX-JAL,vector,2018,7,2018-07-01,0
MX-JAL,vector,2018,8,2018-08-01,0
MX-JAL,vector,2018,9,2018-09-01,0
MX-JAL,vector,2018,10,2018-10-01,0
MX-JAL,vector,2018,11,2018-11-01,0
MX-JAL,vector,2018,12,2018-12-01,0
MX-JAL,vector,2019,1,2019-01-01,0
MX-JAL,vector,2019,2,2019-02-01,0
MX-JAL,vector,2019,3,2019-03-01,0
MX-JAL,vector,2019,4,2019-04-01,0
MX-JAL,vector,2019,5,2019-05-01,0
MX-JAL,vector,2019,6,2019-06-01,0
MX-JAL,vector,2019,7,2019-07-01,0
MX-JAL,vector,2019,8,2019-08-01,0
MX-JAL,vector,2019,9,2019-09-01,0
MX-JAL,vector,2019,10,2019-10-01,0
MX-JAL,vector,2019,11,2019-11-01,0
MX-JAL,vector,2019,12,2019-12-01,0
MX-JAL,vector,2020,1,2020-01-01,0
MX-JAL,vector,2020,2,2020-02-01,0
MX-JAL,vector,2020,3,2020-03-01,0
MX-JAL,vector,2020,4,2020-04-01,4
MX-JAL,vector,2020,5,2020-05-01,6
MX-JAL,vector,2020,6,2020-06-01,3
MX-JAL,vector,2020,7,2020-07-01,0
MX-JAL,vector,2020,8,2020-08-01,6
MX-JAL,vector,2020,9,2020-09-01,5
MX-JAL,vector,2020,10,2020-10-01,6
MX-JAL,vector,2020,11,2020-11-01,6
MX-JAL,vector,2020,12,2020-12-01,6
MX-JAL,vector,2021,1,2021-01-01,5
MX-JAL,vector,2021,2,2021-02-01,15
MX-JAL,vector,2021,3,2021-03-01,19
MX-JAL,vector,2021,4,2021-04-01,12
MX-JAL,vector,2021,5,2021-05-01,10
MX-JAL,vector,2021,6,2021-06-01,11
MX-JAL,vector,2021,7,2021-07-01,0
MX-JAL,vector,2021,8,2021-08-01,11
MX-JAL,vector,2021,9,2021-09-01,18
MX-JAL,vector,2021,10,2021-10-01,14
MX-JAL,vector,2021,11,2021-11-01,16
MX-JAL,vector,2021,12,2021-12-01,12
MX-JAL,vector,2022,1,2022-01-01,16
MX-JAL,vector,2022,2,2022-02-01,31
MX-JAL,vector,2022,3,2022-03-01,26
MX-JAL,vector,2022,4,2022-04-01,22
MX-JAL,vector,2022,5,2022-05-01,38
MX-JAL,vector,2022,6,2022-06-01,29
MX-JAL,vector,2022,7,2022-07-01,25
MX-JAL,vector,2022,8,2022-08-01,34
MX-JAL,vector,2022,9,2022-09-01,33
MX-JAL,vector,2022,10,2022-10-01,44
MX-JAL,vector,2022,11,2022-11-01,32
MX-JAL,vector,2022,12,2022-12-01,27
MX-MEX,Aedes_aegypti,2004,1,2004-01-01,0
MX-MEX,Aedes_aegypti,2004,2,2004-02-01,0
MX-MEX,Aedes_aegypti,2004,3,2004-03-01,0
MX-MEX,Aedes_aegypti,2004,4,2004-04-01,0
MX-MEX,Aedes_aegypti,2004,5,2004-05-01,0
MX-MEX,Aedes_aegypti,2004,6,2004-06-01,0
MX-MEX,Aedes_aegypti,2004,7,2004-07-01,0
MX-MEX,Aedes_aegypti,2004,8,2004-08-01,0
MX-MEX,Aedes_aegypti,2004,9,2004-09-01,0
MX-MEX,Aedes_aegypti,2004,10,2004-10-01,0
MX-MEX,Aedes_aegypti,2004,11,2004-11-01,0
MX-MEX,Aedes_aegypti,2004,12,2004-12-01,0
MX-MEX,Aedes_aegypti,2005,1,2005-01-01,0
MX-MEX,Aedes_aegypti,2005,2,2005-02-01,0
MX-MEX,Aedes_aegypti,2005,3,2005-03-01,0
MX-MEX,Aedes_aegypti,2005,4,2005-04-01,0
MX-MEX,Aedes_aegypti,2005,5,2005-05-01,0
MX-MEX,Aedes_aegypti,2005,6,2005-06-01,0
MX-MEX,Aedes_aegypti,2005,7,2005-07-01,0
MX-MEX,Aedes_aegypti,2005,8,2005-08-01,0
MX-MEX,Aedes_aegypti,2005,9,2005-09-01,0
MX-MEX,Aedes_aegypti,2005,10,2005-10-01,0
MX-MEX,Aedes_aegypti,2005,11,2005-11-01,0
MX-MEX,Aedes_aegypti,2005,12,2005-12-01,0
MX-MEX,Aedes_aegypti,2006,1,2006-01-01,0
MX-MEX,Aedes_aegypti,2006,2,2006-02-01,0
MX-MEX,Aedes_aegypti,2006,3,2006-03-01,0
MX-MEX,Aedes_aegypti,2006,4,2006-04-01,0
MX-MEX,Aedes_aegypti,2006,5,2006-05-01,0
MX-MEX,Aedes_aegypti,2006,6,2006-06-01,0
MX-MEX,Aedes_aegypti,2006,7,2006-07-01,0
MX-MEX,Aedes_aegypti,2006,8,2006-08-01,0
MX-MEX,Aedes_aegypti,2006,9,2006-09-01,0
MX-MEX,Aedes_aegypti,2006,10,2006-10-01,0
MX-MEX,Aedes_aegypti,2006,11,2006-11-01,0
MX-MEX,Aedes_aegypti,2006,12,2006-12-01,0
MX-MEX,Aedes_aegypti,2007,1,2007-01-01,0
MX-MEX,Aedes_aegypti,2007,2,2007-02-01,0
MX-MEX,Aedes_aegypti,2007,3,2007-03-01,0
MX-MEX,Aedes_aegypti,2007,4,2007-04-01,0
MX-MEX,Aedes_aegypti,2007,5,2007-05-01,0
MX-MEX,Aedes_aegypti,2007,6,2007-06-01,0
MX-MEX,Aedes_aegypti,2007,7,2007-07-01,0
MX-MEX,Aedes_aegypti,2007,8,2007-08-01,0
MX-MEX,Aedes_aegypti,2007,9,2007-09-01,0
MX-MEX,Aedes_aegypti,2007,10,2007-10-01,0
MX-MEX,Aedes_aegypti,2007,11,2007-11-01,0
MX-MEX,Aedes_aegypti,2007,12,2007-12-01,0
MX-MEX,Aedes_aegypti,2008,1,2008-01-01,0
MX-MEX,Aedes_aegypti,2008,2,2008-02-01,0
MX-MEX,Aedes_aegypti,2008,3,2008-03-01,0
MX-MEX,Aedes_aegypti,2008,4,2008-04-01,0
MX-MEX,Aedes_aegypti,2008,5,2008-05-01,0
MX-MEX,Aedes_aegypti,2008,6,2008-06-01,0
MX-MEX,Aedes_aegypti,2008,7,2008-07-01,0
MX-MEX,Aedes_aegypti,2008,8,2008-08-01,0
MX-MEX,Aedes_aegypti,2008,9,2008-09-01,0
MX-MEX,Aedes_aegypti,2008,10,2008-10-01,0
MX-MEX,Aedes_aegypti,2008,11,2008-11-01,0
MX-MEX,Aedes_aegypti,2008,12,2008-12-01,0
MX-MEX,Aedes_aegypti,2009,1,2009-01-01,0
MX-MEX,Aedes_aegypti,2009,2,2009-02-01,0
MX-MEX,Aedes_aegypti,2009,3,2009-03-01,0
MX-MEX,Aedes_aegypti,2009,4,2009-04-01,0
MX-MEX,Aedes_aegypti,2009,5,2009-05-01,0
MX-MEX,Aedes_aegypti,2009,6,2009-06-01,0
MX-MEX,Aedes_aegypti,2009,7,2009-07-01,0
MX-MEX,Aedes_aegypti,2009,8,2009-08-01,0
MX-MEX,Aedes_aegypti,2009,9,2009-09-01,0
MX-MEX,Aedes_aegypti,2009,10,2009-10-01,0
MX-MEX,Aedes_aegypti,2009,11,2009-11-01,0
MX-MEX,Aedes_aegypti,2009,12,2009-12-01,0
MX-MEX,Aedes_aegypti,2010,1,2010-01-01,0
MX-MEX,Aedes_aegypti,2010,2,2010-02-01,0
MX-MEX,Aedes_aegypti,2010,3,2010-03-01,0
MX-MEX,Aedes_aegypti,2010,4,2010-04-01,0
MX-MEX,Aedes_aegypti,2010,5,2010-05-01,0
MX-MEX,Aedes_aegypti,2010,6,2010-06-01,0
MX-MEX,Aedes_aegypti,2010,7,2010-07-01,0
MX-MEX,Aedes_aegypti,2010,8,2010-08-01,0
MX-MEX,Aedes_aegypti,2010,9,2010-09-01,0
MX-MEX,Aedes_aegypti,2010,10,2010-10-01,0
MX-MEX,Aedes_aegypti,2010,11,2010-11-01,0
MX-MEX,Aedes_aegypti,2010,12,2010-12-01,0
MX-MEX,Aedes_aegypti,2011,1,2011-01-01,0
MX-MEX,Aedes_aegypti,2011,2,2011-02-01,0
MX-MEX,Aedes_aegypti,2011,3,2011-03-01,0
MX-MEX,Aedes_aegypti,2011,4,2011-04-01,0
MX-MEX,Aedes_aegypti,2011,5,2011-05-01,0
MX-MEX,Aedes_aegypti,2011,6,2011-06-01,0
MX-MEX,Aedes_aegypti,2011,7,2011-07-01,0
MX-MEX,Aedes_aegypti,2011,8,2011-08-01,0
MX-MEX,Aedes_aegypti,2011,9,2011-09-01,0
MX-MEX,Aedes_aegypti,2011,10,2011-10-01,0
MX-MEX,Aedes_aegypti,2011,11,2011-11-01,0
MX-MEX,Aedes_aegypti,2011,12,2011-12-01,0
MX-MEX,Aedes_aegypti,2012,1,2012-01-01,0
MX-MEX,Aedes_aegypti,2012,2,2012-02-01,0
MX-MEX,Aedes_aegypti,2012,3,2012-03-01,0
MX-MEX,Aedes_aegypti,2012,4,2012-04-01,0
MX-MEX,Aedes_aegypti,2012,5,2012-05-01,0
MX-MEX,Aedes_aegypti,2012,6,2012-06-01,0
MX-MEX,Aedes_aegypti,2012,7,2012-07-01,0
MX-MEX,Aedes_aegypti,2012,8,2012-08-01,0
MX-MEX,Aedes_aegypti,2012,9,2012-09-01,0
MX-MEX,Aedes_aegypti,2012,10,2012-10-01,0
MX-MEX,Aedes_aegypti,2012,11,2012-11-01,0
MX-MEX,Aedes_aegypti,2012,12,2012-12-01,0
MX-MEX,Aedes_aegypti,2013,1,2013-01-01,0
MX-MEX,Aedes_aegypti,2013,2,2013-02-01,0
MX-MEX,Aedes_aegypti,2013,3,2013-03-01,0
MX-MEX,Aedes_aegypti,2013,4,2013-04-01,0
MX-MEX,Aedes_aegypti,2013,5,2013-05-01,0
MX-MEX,Aedes_aegypti,2013,6,2013-06-01,0
MX-MEX,Aedes_aegypti,2013,7,2013-07-01,0
MX-MEX,Aedes_aegypti,2013,8,2013-08-01,0
MX-MEX,Aedes_aegypti,2013,9,2013-09-01,45
MX-MEX,Aedes_aegypti,2013,10,2013-10-01,60
MX-MEX,Aedes_aegypti,2013,11,2013-11-01,0
MX-MEX,Aedes_aegypti,2013,12,2013-12-01,0
MX-MEX,Aedes_aegypti,2014,1,2014-01-01,0
MX-MEX,Aedes_aegypti,2014,2,2014-02-01,0
MX-MEX,Aedes_aegypti,2014,3,2014-03-01,0
MX-MEX,Aedes_aegypti,2014,4,2014-04-01,0
MX-MEX,Aedes_aegypti,2014,5,2014-05-01,0
MX-MEX,Aedes_aegypti,2014,6,2014-06-01,0
MX-MEX,Aedes_aegypti,2014,7,2014-07-01,0
MX-MEX,Aedes_aegypti,2014,8,2014-08-01,0
MX-MEX,Aedes_aegypti,2014,9,2014-09-01,27
MX-MEX,Aedes_aegypti,2014,10,2014-10-01,0
MX-MEX,Aedes_aegypti,2014,11,2014-11-01,0
MX-MEX,Aedes_aegypti,2014,12,2014-12-01,0
MX-MEX,Aedes_aegypti,2015,1,2015-01-01,0
MX-MEX,Aedes_aegypti,2015,2,2015-02-01,0
MX-MEX,Aedes_aegypti,2015,3,2015-03-01,0
MX-MEX,Aedes_aegypti,2015,4,2015-04-01,0
MX-MEX,Aedes_aegypti,2015,5,2015-05-01,0
MX-MEX,Aedes_aegypti,2015,6,2015-06-01,32
MX-MEX,Aedes_aegypti,2015,7,2015-07-01,0
MX-MEX,Aedes_aegypti,2015,8,2015-08-01,0
MX-MEX,Aedes_aegypti,2015,9,2015-09-01,33
MX-MEX,Aedes_aegypti,2015,10,2015-10-01,0
MX-MEX,Aedes_aegypti,2015,11,2015-11-01,34
MX-MEX,Aedes_aegypti,2015,12,2015-12-01,33
MX-MEX,Aedes_aegypti,2016,1,2016-01-01,16
MX-MEX,Aedes_aegypti,2016,2,2016-02-01,35
MX-MEX,Aedes_aegypti,2016,3,2016-03-01,27
MX-MEX,Aedes_aegypti,2016,4,2016-04-01,25
MX-MEX,Aedes_aegypti,2016,5,2016-05-01,22
MX-MEX,Aedes_aegypti,2016,6,2016-06-01,29
MX-MEX,Aedes_aegypti,2016,7,2016-07-01,0
MX-MEX,Aedes_aegypti,2016,8,2016-08-01,33
MX-MEX,Aedes_aegypti,2016,9,2016-09-01,47
MX-MEX,Aedes_aegypti,2016,10,2016-10-01,22
MX-MEX,Aedes_aegypti,2016,11,2016-11-01,0
MX-MEX,Aedes_aegypti,2016,12,2016-12-01,0
MX-MEX,Aedes_aegypti,2017,1,2017-01-01,0
MX-MEX,Aedes_aegypti,2017,2,2017-02-01,0
MX-MEX,Aedes_aegypti,2017,3,2017-03-01,17
MX-MEX,Aedes_aegypti,2017,4,2017-04-01,25
MX-MEX,Aedes_aegypti,2017,5,2017-05-01,0
MX-MEX,Aedes_aegypti,2017,6,2017-06-01,0
MX-MEX,Aedes_aegypti,2017,7,2017-07-01,21
MX-MEX,Aedes_aegypti,2017,8,2017-08-01,0
MX-MEX,Aedes_aegypti,2017,9,2017-09-01,22
MX-MEX,Aedes_aegypti,2017,10,2017-10-01,26
MX-MEX,Aedes_aegypti,2017,11,2017-11-01,0
MX-MEX,Aedes_aegypti,2017,12,2017-12-01,0
MX-MEX,Aedes_aegypti,2018,1,2018-01-01,0
MX-MEX,Aedes_aegypti,2018,2,2018-02-01,0
MX-MEX,Aedes_aegypti,2018,3,2018-03-01,42
MX-MEX,Aedes_aegypti,2018,4,2018-04-01,0
MX-MEX,Aedes_aegypti,2018,5,2018-05-01,0
MX-MEX,Aedes_aegypti,2018,6,2018-06-01,0
MX-MEX,Aedes_aegypti,2018,7,2018-07-01,0
MX-MEX,Aedes_aegypti,2018,8,2018-08-01,0
MX-MEX,Aedes_aegypti,2018,9,2018-09-01,75
MX-MEX,Aedes_aegypti,2018,10,2018-10-01,27
MX-MEX,Aedes_aegypti,2018,11,2018-11-01,0
MX-MEX,Aedes_aegypti,2018,12,2018-12-01,0
MX-MEX,Aedes_aegypti,2019,1,2019-01-01,0
MX-MEX,Aedes_aegypti,2019,2,2019-02-01,0
MX-MEX,Aedes_aegypti,2019,3,2019-03-01,0
MX-MEX,Aedes_aegypti,2019,4,2019-04-01,100
MX-MEX,Aedes_aegypti,2019,5,2019-05-01,0
MX-MEX,Aedes_aegypti,2019,6,2019-06-01,0
MX-MEX,Aedes_aegypti,2019,7,2019-07-01,0
MX-MEX,Aedes_aegypti,2019,8,2019-08-01,0
MX-MEX,Aedes_aegypti,2019,9,2019-09-01,22
MX-MEX,Aedes_aegypti,2019,10,2019-10-01,59
MX-MEX,Aedes_aegypti,2019,11,2019-11-01,20
MX-MEX,Aedes_aegypti,2019,12,2019-12-01,0
MX-MEX,Aedes_aegypti,2020,1,2020-01-01,0
MX-MEX,Aedes_aegypti,2020,2,2020-02-01,0
MX-MEX,Aedes_aegypti,2020,3,2020-03-01,0
MX-MEX,Aedes_aegypti,2020,4,2020-04-01,13
MX-MEX,Aedes_aegypti,2020,5,2020-05-01,13
MX-MEX,Aedes_aegypti,2020,6,2020-06-01,27
MX-MEX,Aedes_aegypti,2020,7,2020-07-01,20
MX-MEX,Aedes_aegypti,2020,8,2020-08-01,27
MX-MEX,Aedes_aegypti,2020,9,2020-09-01,29
MX-MEX,Aedes_aegypti,2020,10,2020-10-01,14
MX-MEX,Aedes_aegypti,2020,11,2020-11-01,14
MX-MEX,Aedes_aegypti,2020,12,2020-12-01,0
MX-MEX,Aedes_aegypti,2021,1,2021-01-01,0
MX-MEX,Aedes_aegypti,2021,2,2021-02-01,0
MX-MEX,Aedes_aegypti,2021,3,2021-03-01,0
MX-MEX,Aedes_aegypti,2021,4,2021-04-01,0
MX-MEX,Aedes_aegypti,2021,5,2021-05-01,27
MX-MEX,Aedes_aegypti,2021,6,2021-06-01,14
MX-MEX,Aedes_aegypti,2021,7,2021-07-01,0
MX-MEX,Aedes_aegypti,2021,8,2021-08-01,13
MX-MEX,Aedes_aegypti,2021,9,2021-09-01,25
MX-MEX,Aedes_aegypti,2021,10,2021-10-01,16
MX-MEX,Aedes_aegypti,2021,11,2021-11-01,13
MX-MEX,Aedes_aegypti,2021,12,2021-12-01,0
MX-MEX,Aedes_aegypti,2022,1,2022-01-01,0
MX-MEX,Aedes_aegypti,2022,2,2022-02-01,0
MX-MEX,Aedes_aegypti,2022,3,2022-03-01,9
MX-MEX,Aedes_aegypti,2022,4,2022-04-01,12
MX-MEX,Aedes_aegypti,2022,5,2022-05-01,0
MX-MEX,Aedes_aegypti,2022,6,2022-06-01,0
MX-MEX,Aedes_aegypti,2022,7,2022-07-01,11
MX-MEX,Aedes_aegypti,2022,8,2022-08-01,11
MX-MEX,Aedes_aegypti,2022,9,2022-09-01,15
MX-MEX,Aedes_aegypti,2022,10,2022-10-01,0
MX-MEX,Aedes_aegypti,2022,11,2022-11-01,0
MX-MEX,Aedes_aegypti,2022,12,2022-12-01,14
MX-MEX,mosquito,2004,1,2004-01-01,0
MX-MEX,mosquito,2004,2,2004-02-01,0
MX-MEX,mosquito,2004,3,2004-03-01,0
MX-MEX,mosquito,2004,4,2004-04-01,0
MX-MEX,mosquito,2004,5,2004-05-01,0
MX-MEX,mosquito,2004,6,2004-06-01,0
MX-MEX,mosquito,2004,7,2004-07-01,0
MX-MEX,mosquito,2004,8,2004-08-01,0
MX-MEX,mosquito,2004,9,2004-09-01,0
MX-MEX,mosquito,2004,10,2004-10-01,0
MX-MEX,mosquito,2004,11,2004-11-01,0
MX-MEX,mosquito,2004,12,2004-12-01,0
MX-MEX,mosquito,2005,1,2005-01-01,0
MX-MEX,mosquito,2005,2,2005-02-01,0
MX-MEX,mosquito,2005,3,2005-03-01,0
MX-MEX,mosquito,2005,4,2005-04-01,0
MX-MEX,mosquito,2005,5,2005-05-01,0
MX-MEX,mosquito,2005,6,2005-06-01,0
MX-MEX,mosquito,2005,7,2005-07-01,0
MX-MEX,mosquito,2005,8,2005-08-01,0
MX-MEX,mosquito,2005,9,2005-09-01,0
MX-MEX,mosquito,2005,10,2005-10-01,0
MX-MEX,mosquito,2005,11,2005-11-01,0
MX-MEX,mosquito,2005,12,2005-12-01,0
MX-MEX,mosquito,2006,1,2006-01-01,0
MX-MEX,mosquito,2006,2,2006-02-01,0
MX-MEX,mosquito,2006,3,2006-03-01,0
MX-MEX,mosquito,2006,4,2006-04-01,0
MX-MEX,mosquito,2006,5,2006-05-01,0
MX-MEX,mosquito,2006,6,2006-06-01,0
MX-MEX,mosquito,2006,7,2006-07-01,0
MX-MEX,mosquito,2006,8,2006-08-01,0
MX-MEX,mosquito,2006,9,2006-09-01,0
MX-MEX,mosquito,2006,10,2006-10-01,0
MX-MEX,mosquito,2006,11,2006-11-01,0
MX-MEX,mosquito,2006,12,2006-12-01,0
MX-MEX,mosquito,2007,1,2007-01-01,0
MX-MEX,mosquito,2007,2,2007-02-01,0
MX-MEX,mosquito,2007,3,2007-03-01,0
MX-MEX,mosquito,2007,4,2007-04-01,0
MX-MEX,mosquito,2007,5,2007-05-01,0
MX-MEX,mosquito,2007,6,2007-06-01,0
MX-MEX,mosquito,2007,7,2007-07-01,0
MX-MEX,mosquito,2007,8,2007-08-01,0
MX-MEX,mosquito,2007,9,2007-09-01,0
MX-MEX,mosquito,2007,10,2007-10-01,0
MX-MEX,mosquito,2007,11,2007-11-01,0
MX-MEX,mosquito,2007,12,2007-12-01,0
MX-MEX,mosquito,2008,1,2008-01-01,0
MX-MEX,mosquito,2008,2,2008-02-01,0
MX-MEX,mosquito,2008,3,2008-03-01,0
MX-MEX,mosquito,2008,4,2008-04-01,0
MX-MEX,mosquito,2008,5,2008-05-01,0
MX-MEX,mosquito,2008,6,2008-06-01,0
MX-MEX,mosquito,2008,7,2008-07-01,0
MX-MEX,mosquito,2008,8,2008-08-01,0
MX-MEX,mosquito,2008,9,2008-09-01,0
MX-MEX,mosquito,2008,10,2008-10-01,0
MX-MEX,mosquito,2008,11,2008-11-01,0
MX-MEX,mosquito,2008,12,2008-12-01,0
MX-MEX,mosquito,2009,1,2009-01-01,0
MX-MEX,mosquito,2009,2,2009-02-01,0
MX-MEX,mosquito,2009,3,2009-03-01,0
MX-MEX,mosquito,2009,4,2009-04-01,0
MX-MEX,mosquito,2009,5,2009-05-01,0
MX-MEX,mosquito,2009,6,2009-06-01,0
MX-MEX,mosquito,2009,7,2009-07-01,0
MX-MEX,mosquito,2009,8,2009-08-01,0
MX-MEX,mosquito,2009,9,2009-09-01,0
MX-MEX,mosquito,2009,10,2009-10-01,0
MX-MEX,mosquito,2009,11,2009-11-01,0
MX-MEX,mosquito,2009,12,2009-12-01,0
MX-MEX,mosquito,2010,1,2010-01-01,0
MX-MEX,mosquito,2010,2,2010-02-01,0
MX-MEX,mosquito,2010,3,2010-03-01,0
MX-MEX,mosquito,2010,4,2010-04-01,0
MX-MEX,mosquito,2010,5,2010-05-01,0
MX-MEX,mosquito,2010,6,2010-06-01,0
MX-MEX,mosquito,2010,7,2010-07-01,0
MX-MEX,mosquito,2010,8,2010-08-01,0
MX-MEX,mosquito,2010,9,2010-09-01,0
MX-MEX,mosquito,2010,10,2010-10-01,0
MX-MEX,mosquito,2010,11,2010-11-01,0
MX-MEX,mosquito,2010,12,2010-12-01,0
MX-MEX,mosquito,2011,1,2011-01-01,49
MX-MEX,mosquito,2011,2,2011-02-01,37
MX-MEX,mosquito,2011,3,2011-03-01,27
MX-MEX,mosquito,2011,4,2011-04-01,28
MX-MEX,mosquito,2011,5,2011-05-01,91
MX-MEX,mosquito,2011,6,2011-06-01,73
MX-MEX,mosquito,2011,7,2011-07-01,19
MX-MEX,mosquito,2011,8,2011-08-01,40
MX-MEX,mosquito,2011,9,2011-09-01,77
MX-MEX,mosquito,2011,10,2011-10-01,100
MX-MEX,mosquito,2011,11,2011-11-01,95
MX-MEX,mosquito,2011,12,2011-12-01,52
MX-MEX,mosquito,2012,1,2012-01-01,53
MX-MEX,mosquito,2012,2,2012-02-01,27
MX-MEX,mosquito,2012,3,2012-03-01,33
MX-MEX,mosquito,2012,4,2012-04-01,42
MX-MEX,mosquito,2012,5,2012-05-01,95
MX-MEX,mosquito,2012,6,2012-06-01,51
MX-MEX,mosquito,2012,7,2012-07-01,27
MX-MEX,mosquito,2012,8,2012-08-01,29
MX-MEX,mosquito,2012,9,2012-09-01,74
MX-MEX,mosquito,2012,10,2012-10-01,80
MX-MEX,mosquito,2012,11,2012-11-01,81
MX-MEX,mosquito,2012,12,2012-12-01,35
MX-MEX,mosquito,2013,1,2013-01-01,44
MX-MEX,mosquito,2013,2,2013-02-01,37
MX-MEX,mosquito,2013,3,2013-03-01,23
MX-MEX,mosquito,2013,4,2013-04-01,33
MX-MEX,mosquito,2013,5,2013-05-01,82
MX-MEX,mosquito,2013,6,2013-06-01,57
MX-MEX,mosquito,2013,7,2013-07-01,17
MX-MEX,mosquito,2013,8,2013-08-01,31
MX-MEX,mosquito,2013,9,2013-09-01,54
MX-MEX,mosquito,2013,10,2013-10-01,89
MX-MEX,mosquito,2013,11,2013-11-01,44
MX-MEX,mosquito,2013,12,2013-12-01,28
MX-MEX,mosquito,2014,1,2014-01-01,40
MX-MEX,mosquito,2014,2,2014-02-01,30
MX-MEX,mosquito,2014,3,2014-03-01,29
MX-MEX,mosquito,2014,4,2014-04-01,33
MX-MEX,mosquito,2014,5,2014-05-01,82
MX-MEX,mosquito,2014,6,2014-06-01,52
MX-MEX,mosquito,2014,7,2014-07-01,13
MX-MEX,mosquito,2014,8,2014-08-01,19
MX-MEX,mosquito,2014,9,2014-09-01,47
MX-MEX,mosquito,2014,10,2014-10-01,56
MX-MEX,mosquito,2014,11,2014-11-01,49
MX-MEX,mosquito,2014,12,2014-12-01,22
MX-MEX,mosquito,2015,1,2015-01-01,33
MX-MEX,mosquito,2015,2,2015-02-01,30
MX-MEX,mosquito,2015,3,2015-03-01,30
MX-MEX,mosquito,2015,4,2015-04-01,22
MX-MEX,mosquito,2015,5,2015-05-01,28
MX-MEX,mosquito,2015,6,2015-06-01,47
MX-MEX,mosquito,2015,7,2015-07-01,18
MX-MEX,mosquito,2015,8,2015-08-01,26
MX-MEX,mosquito,2015,9,2015-09-01,39
MX-MEX,mosquito,2015,10,2015-10-01,61
MX-MEX,mosquito,2015,11,2015-11-01,50
MX-MEX,mosquito,2015,12,2015-12-01,22
MX-MEX,mosquito,2016,1,2016-01-01,21
MX-MEX,mosquito,2016,2,2016-02-01,26
MX-MEX,mosquito,2016,3,2016-03-01,16
MX-MEX,mosquito,2016,4,2016-04-01,21
MX-MEX,mosquito,2016,5,2016-05-01,27
MX-MEX,mosquito,2016,6,2016-06-01,37
MX-MEX,mosquito,2016,7,2016-07-01,12
MX-MEX,mosquito,2016,8,2016-08-01,15
MX-MEX,mosquito,2016,9,2016-09-01,37
MX-MEX,mosquito,2016,10,2016-10-01,57
MX-MEX,mosquito,2016,11,2016-11-01,47
MX-MEX,mosquito,2016,12,2016-12-01,20
MX-MEX,mosquito,2017,1,2017-01-01,20
MX-MEX,mosquito,2017,2,2017-02-01,24
MX-MEX,mosquito,2017,3,2017-03-01,26
MX-MEX,mosquito,2017,4,2017-04-01,21
MX-MEX,mosquito,2017,5,2017-05-01,37
MX-MEX,mosquito,2017,6,2017-06-01,46
MX-MEX,mosquito,2017,7,2017-07-01,19
MX-MEX,mosquito,2017,8,2017-08-01,26
MX-MEX,mosquito,2017,9,2017-09-01,29
MX-MEX,mosquito,2017,10,2017-10-01,68
MX-MEX,mosquito,2017,11,2017-11-01,75
MX-MEX,mosquito,2017,12,2017-12-01,27
MX-MEX,mosquito,2018,1,2018-01-01,24
MX-MEX,mosquito,2018,2,2018-02-01,31
MX-MEX,mosquito,2018,3,2018-03-01,22
MX-MEX,mosquito,2018,4,2018-04-01,21
MX-MEX,mosquito,2018,5,2018-05-01,28
MX-MEX,mosquito,2018,6,2018-06-01,32
MX-MEX,mosquito,2018,7,2018-07-01,14
MX-MEX,mosquito,2018,8,2018-08-01,17
MX-MEX,mosquito,2018,9,2018-09-01,48
MX-MEX,mosquito,2018,10,2018-10-01,74
MX-MEX,mosquito,2018,11,2018-11-01,36
MX-MEX,mosquito,2018,12,2018-12-01,23
MX-MEX,mosquito,2019,1,2019-01-01,21
MX-MEX,mosquito,2019,2,2019-02-01,35
MX-MEX,mosquito,2019,3,2019-03-01,30
MX-MEX,mosquito,2019,4,2019-04-01,26
MX-MEX,mosquito,2019,5,2019-05-01,29
MX-MEX,mosquito,2019,6,2019-06-01,25
MX-MEX,mosquito,2019,7,2019-07-01,13
MX-MEX,mosquito,2019,8,2019-08-01,16
MX-MEX,mosquito,2019,9,2019-09-01,30
MX-MEX,mosquito,2019,10,2019-10-01,33
MX-MEX,mosquito,2019,11,2019-11-01,25
MX-MEX,mosquito,2019,12,2019-12-01,14
MX-MEX,mosquito,2020,1,2020-01-01,17
MX-MEX,mosquito,2020,2,2020-02-01,20
MX-MEX,mosquito,2020,3,2020-03-01,30
MX-MEX,mosquito,2020,4,2020-04-01,29
MX-MEX,mosquito,2020,5,2020-05-01,23
MX-MEX,mosquito,2020,6,2020-06-01,28
MX-MEX,mosquito,2020,7,2020-07-01,12
MX-MEX,mosquito,2020,8,2020-08-01,19
MX-MEX,mosquito,2020,9,2020-09-01,15
MX-MEX,mosquito,2020,10,2020-10-01,26
MX-MEX,mosquito,2020,11,2020-11-01,20
MX-MEX,mosquito,2020,12,2020-12-01,15
MX-MEX,mosquito,2021,1,2021-01-01,14
MX-MEX,mosquito,2021,2,2021-02-01,16
MX-MEX,mosquito,2021,3,2021-03-01,21
MX-MEX,mosquito,2021,4,2021-04-01,33
MX-MEX,mosquito,2021,5,2021-05-01,32
MX-MEX,mosquito,2021,6,2021-06-01,39
MX-MEX,mosquito,2021,7,2021-07-01,14
MX-MEX,mosquito,2021,8,2021-08-01,11
MX-MEX,mosquito,2021,9,2021-09-01,25
MX-MEX,mosquito,2021,10,2021-10-01,33
MX-MEX,mosquito,2021,11,2021-11-01,26
MX-MEX,mosquito,2021,12,2021-12-01,16
MX-MEX,mosquito,2022,1,2022-01-01,18
MX-MEX,mosquito,2022,2,2022-02-01,21
MX-MEX,mosquito,2022,3,2022-03-01,37
MX-MEX,mosquito,2022,4,2022-04-01,42
MX-MEX,mosquito,2022,5,2022-05-01,40
MX-MEX,mosquito,2022,6,2022-06-01,30
MX-MEX,mosquito,2022,7,2022-07-01,14
MX-MEX,mosquito,2022,8,2022-08-01,10
MX-MEX,mosquito,2022,9,2022-09-01,22
MX-MEX,mosquito,2022,10,2022-10-01,29
MX-MEX,mosquito,2022,11,2022-11-01,26
MX-MEX,mosquito,2022,12,2022-12-01,14
MX-MEX,vector,2004,1,2004-01-01,0
MX-MEX,vector,2004,2,2004-02-01,0
MX-MEX,vector,2004,3,2004-03-01,0
MX-MEX,vector,2004,4,2004-04-01,0
MX-MEX,vector,2004,5,2004-05-01,0
MX-MEX,vector,2004,6,2004-06-01,0
MX-MEX,vector,2004,7,2004-07-01,0
MX-MEX,vector,2004,8,2004-08-01,0
MX-MEX,vector,2004,9,2004-09-01,0
MX-MEX,vector,2004,10,2004-10-01,0
MX-MEX,vector,2004,11,2004-11-01,0
MX-MEX,vector,2004,12,2004-12-01,0
MX-MEX,vector,2005,1,2005-01-01,0
MX-MEX,vector,2005,2,2005-02-01,100
MX-MEX,vector,2005,3,2005-03-01,0
MX-MEX,vector,2005,4,2005-04-01,0
MX-MEX,vector,2005,5,2005-05-01,0
MX-MEX,vector,2005,6,2005-06-01,0
MX-MEX,vector,2005,7,2005-07-01,0
MX-MEX,vector,2005,8,2005-08-01,0
MX-MEX,vector,2005,9,2005-09-01,0
MX-MEX,vector,2005,10,2005-10-01,0
MX-MEX,vector,2005,11,2005-11-01,0
MX-MEX,vector,2005,12,2005-12-01,0
MX-MEX,vector,2006,1,2006-01-01,0
MX-MEX,vector,2006,2,2006-02-01,0
MX-MEX,vector,2006,3,2006-03-01,0
MX-MEX,vector,2006,4,2006-04-01,0
MX-MEX,vector,2006,5,2006-05-01,0
MX-MEX,vector,2006,6,2006-06-01,0
MX-MEX,vector,2006,7,2006-07-01,0
MX-MEX,vector,2006,8,2006-08-01,0
MX-MEX,vector,2006,9,2006-09-01,0
MX-MEX,vector,2006,10,2006-10-01,0
MX-MEX,vector,2006,11,2006-11-01,0
MX-MEX,vector,2006,12,2006-12-01,0
MX-MEX,vector,2007,1,2007-01-01,0
MX-MEX,vector,2007,2,2007-02-01,0
MX-MEX,vector,2007,3,2007-03-01,0
MX-MEX,vector,2007,4,2007-04-01,0
MX-MEX,vector,2007,5,2007-05-01,0
MX-MEX,vector,2007,6,2007-06-01,0
MX-MEX,vector,2007,7,2007-07-01,0
MX-MEX,vector,2007,8,2007-08-01,0
MX-MEX,vector,2007,9,2007-09-01,0
MX-MEX,vector,2007,10,2007-10-01,0
MX-MEX,vector,2007,11,2007-11-01,0
MX-MEX,vector,2007,12,2007-12-01,0
MX-MEX,vector,2008,1,2008-01-01,0
MX-MEX,vector,2008,2,2008-02-01,0
MX-MEX,vector,2008,3,2008-03-01,0
MX-MEX,vector,2008,4,2008-04-01,0
MX-MEX,vector,2008,5,2008-05-01,0
MX-MEX,vector,2008,6,2008-06-01,0
MX-MEX,vector,2008,7,2008-07-01,0
MX-MEX,vector,2008,8,2008-08-01,0
MX-MEX,vector,2008,9,2008-09-01,0
MX-MEX,vector,2008,10,2008-10-01,0
MX-MEX,vector,2008,11,2008-11-01,0
MX-MEX,vector,2008,12,2008-12-01,0
MX-MEX,vector,2009,1,2009-01-01,0
MX-MEX,vector,2009,2,2009-02-01,0
MX-MEX,vector,2009,3,2009-03-01,0
MX-MEX,vector,2009,4,2009-04-01,0
MX-MEX,vector,2009,5,2009-05-01,0
MX-MEX,vector,2009,6,2009-06-01,0
MX-MEX,vector,2009,7,2009-07-01,0
MX-MEX,vector,2009,8,2009-08-01,0
MX-MEX,vector,2009,9,2009-09-01,0
MX-MEX,vector,2009,10,2009-10-01,0
MX-MEX,vector,2009,11,2009-11-01,0
MX-MEX,vector,2009,12,2009-12-01,0
MX-MEX,vector,2010,1,2010-01-01,0
MX-MEX,vector,2010,2,2010-02-01,0
MX-MEX,vector,2010,3,2010-03-01,0
MX-MEX,vector,2010,4,2010-04-01,0
MX-MEX,vector,2010,5,2010-05-01,0
MX-MEX,vector,2010,6,2010-06-01,0
MX-MEX,vector,2010,7,2010-07-01,0
MX-MEX,vector,2010,8,2010-08-01,0
MX-MEX,vector,2010,9,2010-09-01,0
MX-MEX,vector,2010,10,2010-10-01,0
MX-MEX,vector,2010,11,2010-11-01,0
MX-MEX,vector,2010,12,2010-12-01,0
MX-MEX,vector,2011,1,2011-01-01,7
MX-MEX,vector,2011,2,2011-02-01,6
MX-MEX,vector,2011,3,2011-03-01,5
MX-MEX,vector,2011,4,2011-04-01,5
MX-MEX,vector,2011,5,2011-05-01,5
MX-MEX,vector,2011,6,2011-06-01,7
MX-MEX,vector,2011,7,2011-07-01,5
MX-MEX,vector,2011,8,2011-08-01,10
MX-MEX,vector,2011,9,2011-09-01,14
MX-MEX,vector,2011,10,2011-10-01,10
MX-MEX,vector,2011,11,2011-11-01,8
MX-MEX,vector,2011,12,2011-12-01,6
MX-MEX,vector,2012,1,2012-01-01,6
MX-MEX,vector,2012,2,2012-02-01,8
MX-MEX,vector,2012,3,2012-03-01,5
MX-MEX,vector,2012,4,2012-04-01,5
MX-MEX,vector,2012,5,2012-05-01,5
MX-MEX,vector,2012,6,2012-06-01,5
MX-MEX,vector,2012,7,2012-07-01,3
MX-MEX,vector,2012,8,2012-08-01,9
MX-MEX,vector,2012,9,2012-09-01,12
MX-MEX,vector,2012,10,2012-10-01,7
MX-MEX,vector,2012,11,2012-11-01,8
MX-MEX,vector,2012,12,2012-12-01,4
MX-MEX,vector,2013,1,2013-01-01,6
MX-MEX,vector,2013,2,2013-02-01,6
MX-MEX,vector,2013,3,2013-03-01,7
MX-MEX,vector,2013,4,2013-04-01,7
MX-MEX,vector,2013,5,2013-05-01,5
MX-MEX,vector,2013,6,2013-06-01,5
MX-MEX,vector,2013,7,2013-07-01,4
MX-MEX,vector,2013,8,2013-08-01,10
MX-MEX,vector,2013,9,2013-09-01,14
MX-MEX,vector,2013,10,2013-10-01,9
MX-MEX,vector,2013,11,2013-11-01,6
MX-MEX,vector,2013,12,2013-12-01,4
MX-MEX,vector,2014,1,2014-01-01,6
MX-MEX,vector,2014,2,2014-02-01,6
MX-MEX,vector,2014,3,2014-03-01,6
MX-MEX,vector,2014,4,2014-04-01,5
MX-MEX,vector,2014,5,2014-05-01,4
MX-MEX,vector,2014,6,2014-06-01,4
MX-MEX,vector,2014,7,2014-07-01,3
MX-MEX,vector,2014,8,2014-08-01,9
MX-MEX,vector,2014,9,2014-09-01,11
MX-MEX,vector,2014,10,2014-10-01,9
MX-MEX,vector,2014,11,2014-11-01,6
MX-MEX,vector,2014,12,2014-12-01,5
MX-MEX,vector,2015,1,2015-01-01,5
MX-MEX,vector,2015,2,2015-02-01,9
MX-MEX,vector,2015,3,2015-03-01,6
MX-MEX,vector,2015,4,2015-04-01,6
MX-MEX,vector,2015,5,2015-05-01,5
MX-MEX,vector,2015,6,2015-06-01,5
MX-MEX,vector,2015,7,2015-07-01,4
MX-MEX,vector,2015,8,2015-08-01,7
MX-MEX,vector,2015,9,2015-09-01,12
MX-MEX,vector,2015,10,2015-10-01,9
MX-MEX,vector,2015,11,2015-11-01,7
MX-MEX,vector,2015,12,2015-12-01,5
MX-MEX,vector,2016,1,2016-01-01,4
MX-MEX,vector,2016,2,2016-02-01,6
MX-MEX,vector,2016,3,2016-03-01,6
MX-MEX,vector,2016,4,2016-04-01,5
MX-MEX,vector,2016,5,2016-05-01,5
MX-MEX,vector,2016,6,2016-06-01,4
MX-MEX,vector,2016,7,2016-07-01,3
MX-MEX,vector,2016,8,2016-08-01,6
MX-MEX,vector,2016,9,2016-09-01,10
MX-MEX,vector,2016,10,2016-10-01,6
MX-MEX,vector,2016,11,2016-11-01,1
MX-MEX,vector,2016,12,2016-12-01,0
MX-MEX,vector,2017,1,2017-01-01,0
MX-MEX,vector,2017,2,2017-02-01,0
MX-MEX,vector,2017,3,2017-03-01,0
MX-MEX,vector,2017,4,2017-04-01,0
MX-MEX,vector,2017,5,2017-05-01,0
MX-MEX,vector,2017,6,2017-06-01,0
MX-MEX,vector,2017,7,2017-07-01,0
MX-MEX,vector,2017,8,2017-08-01,0
MX-MEX,vector,2017,9,2017-09-01,0
MX-MEX,vector,2017,10,2017-10-01,0
MX-MEX,vector,2017,11,2017-11-01,0
MX-MEX,vector,2017,12,2017-12-01,0
MX-MEX,vector,2018,1,2018-01-01,0
MX-MEX,vector,2018,2,2018-02-01,0
MX-MEX,vector,2018,3,2018-03-01,0
MX-MEX,vector,2018,4,2018-04-01,0
MX-MEX,vector,2018,5,2018-05-01,0
MX-MEX,vector,2018,6,2018-06-01,0
MX-MEX,vector,2018,7,2018-07-01,0
MX-MEX,vector,2018,8,2018-08-01,0
MX-MEX,vector,2018,9,2018-09-01,0
MX-MEX,vector,2018,10,2018-10-01,0
MX-MEX,vector,2018,11,2018-11-01,0
MX-MEX,vector,2018,12,2018-12-01,0
MX-MEX,vector,2019,1,2019-01-01,0
MX-MEX,vector,2019,2,2019-02-01,0
MX-MEX,vector,2019,3,2019-03-01,0
MX-MEX,vector,2019,4,2019-04-01,0
MX-MEX,vector,2019,5,2019-05-01,0
MX-MEX,vector,2019,6,2019-06-01,0
MX-MEX,vector,2019,7,2019-07-01,0
MX-MEX,vector,2019,8,2019-08-01,0
MX-MEX,vector,2019,9,2019-09-01,0
MX-MEX,vector,2019,10,2019-10-01,0
MX-MEX,vector,2019,11,2019-11-01,0
MX-MEX,vector,2019,12,2019-12-01,0
MX-MEX,vector,2020,1,2020-01-01,0
MX-MEX,vector,2020,2,2020-02-01,0
MX-MEX,vector,2020,3,2020-03-01,0
MX-MEX,vector,2020,4,2020-04-01,1
MX-MEX,vector,2020,5,2020-05-01,1
MX-MEX,vector,2020,6,2020-06-01,1
MX-MEX,vector,2020,7,2020-07-01,1
MX-MEX,vector,2020,8,2020-08-01,1
MX-MEX,vector,2020,9,2020-09-01,1
MX-MEX,vector,2020,10,2020-10-01,2
MX-MEX,vector,2020,11,2020-11-01,2
MX-MEX,vector,2020,12,2020-12-01,1
MX-MEX,vector,2021,1,2021-01-01,1
MX-MEX,vector,2021,2,2021-02-01,3
MX-MEX,vector,2021,3,2021-03-01,4
MX-MEX,vector,2021,4,2021-04-01,3
MX-MEX,vector,2021,5,2021-05-01,2
MX-MEX,vector,2021,6,2021-06-01,2
MX-MEX,vector,2021,7,2021-07-01,1
MX-MEX,vector,2021,8,2021-08-01,3
MX-MEX,vector,2021,9,2021-09-01,4
MX-MEX,vector,2021,10,2021-10-01,2
MX-MEX,vector,2021,11,2021-11-01,3
MX-MEX,vector,2021,12,2021-12-01,2
MX-MEX,vector,2022,1,2022-01-01,3
MX-MEX,vector,2022,2,2022-02-01,5
MX-MEX,vector,2022,3,2022-03-01,6
MX-MEX,vector,2022,4,2022-04-01,3
MX-MEX,vector,2022,5,2022-05-01,4
MX-MEX,vector,2022,6,2022-06-01,4
MX-MEX,vector,2022,7,2022-07-01,3
MX-MEX,vector,2022,8,2022-08-01,5
MX-MEX,vector,2022,9,2022-09-01,7
MX-MEX,vector,2022,10,2022-10-01,7
MX-MEX,vector,2022,11,2022-11-01,6
MX-MEX,vector,2022,12,2022-12-01,5
MX-MIC,Aedes_aegypti,2004,1,2004-01-01,0
MX-MIC,Aedes_aegypti,2004,2,2004-02-01,0
MX-MIC,Aedes_aegypti,2004,3,2004-03-01,0
MX-MIC,Aedes_aegypti,2004,4,2004-04-01,0
MX-MIC,Aedes_aegypti,2004,5,2004-05-01,0
MX-MIC,Aedes_aegypti,2004,6,2004-06-01,0
MX-MIC,Aedes_aegypti,2004,7,2004-07-01,0
MX-MIC,Aedes_aegypti,2004,8,2004-08-01,100
MX-MIC,Aedes_aegypti,2004,9,2004-09-01,0
MX-MIC,Aedes_aegypti,2004,10,2004-10-01,0
MX-MIC,Aedes_aegypti,2004,11,2004-11-01,0
MX-MIC,Aedes_aegypti,2004,12,2004-12-01,0
MX-MIC,Aedes_aegypti,2005,1,2005-01-01,0
MX-MIC,Aedes_aegypti,2005,2,2005-02-01,0
MX-MIC,Aedes_aegypti,2005,3,2005-03-01,0
MX-MIC,Aedes_aegypti,2005,4,2005-04-01,0
MX-MIC,Aedes_aegypti,2005,5,2005-05-01,0
MX-MIC,Aedes_aegypti,2005,6,2005-06-01,0
MX-MIC,Aedes_aegypti,2005,7,2005-07-01,0
MX-MIC,Aedes_aegypti,2005,8,2005-08-01,0
MX-MIC,Aedes_aegypti,2005,9,2005-09-01,0
MX-MIC,Aedes_aegypti,2005,10,2005-10-01,42
MX-MIC,Aedes_aegypti,2005,11,2005-11-01,0
MX-MIC,Aedes_aegypti,2005,12,2005-12-01,0
MX-MIC,Aedes_aegypti,2006,1,2006-01-01,0
MX-MIC,Aedes_aegypti,2006,2,2006-02-01,0
MX-MIC,Aedes_aegypti,2006,3,2006-03-01,0
MX-MIC,Aedes_aegypti,2006,4,2006-04-01,0
MX-MIC,Aedes_aegypti,2006,5,2006-05-01,0
MX-MIC,Aedes_aegypti,2006,6,2006-06-01,0
MX-MIC,Aedes_aegypti,2006,7,2006-07-01,0
MX-MIC,Aedes_aegypti,2006,8,2006-08-01,0
MX-MIC,Aedes_aegypti,2006,9,2006-09-01,0
MX-MIC,Aedes_aegypti,2006,10,2006-10-01,0
MX-MIC,Aedes_aegypti,2006,11,2006-11-01,0
MX-MIC,Aedes_aegypti,2006,12,2006-12-01,0
MX-MIC,Aedes_aegypti,2007,1,2007-01-01,0
MX-MIC,Aedes_aegypti,2007,2,2007-02-01,0
MX-MIC,Aedes_aegypti,2007,3,2007-03-01,0
MX-MIC,Aedes_aegypti,2007,4,2007-04-01,0
MX-MIC,Aedes_aegypti,2007,5,2007-05-01,0
MX-MIC,Aedes_aegypti,2007,6,2007-06-01,0
MX-MIC,Aedes_aegypti,2007,7,2007-07-01,0
MX-MIC,Aedes_aegypti,2007,8,2007-08-01,0
MX-MIC,Aedes_aegypti,2007,9,2007-09-01,0
MX-MIC,Aedes_aegypti,2007,10,2007-10-01,0
MX-MIC,Aedes_aegypti,2007,11,2007-11-01,0
MX-MIC,Aedes_aegypti,2007,12,2007-12-01,0
MX-MIC,Aedes_aegypti,2008,1,2008-01-01,0
MX-MIC,Aedes_aegypti,2008,2,2008-02-01,0
MX-MIC,Aedes_aegypti,2008,3,2008-03-01,0
MX-MIC,Aedes_aegypti,2008,4,2008-04-01,0
MX-MIC,Aedes_aegypti,2008,5,2008-05-01,0
MX-MIC,Aedes_aegypti,2008,6,2008-06-01,0
MX-MIC,Aedes_aegypti,2008,7,2008-07-01,0
MX-MIC,Aedes_aegypti,2008,8,2008-08-01,0
MX-MIC,Aedes_aegypti,2008,9,2008-09-01,0
MX-MIC,Aedes_aegypti,2008,10,2008-10-01,0
MX-MIC,Aedes_aegypti,2008,11,2008-11-01,0
MX-MIC,Aedes_aegypti,2008,12,2008-12-01,0
MX-MIC,Aedes_aegypti,2009,1,2009-01-01,0
MX-MIC,Aedes_aegypti,2009,2,2009-02-01,0
MX-MIC,Aedes_aegypti,2009,3,2009-03-01,0
MX-MIC,Aedes_aegypti,2009,4,2009-04-01,0
MX-MIC,Aedes_aegypti,2009,5,2009-05-01,0
MX-MIC,Aedes_aegypti,2009,6,2009-06-01,0
MX-MIC,Aedes_aegypti,2009,7,2009-07-01,0
MX-MIC,Aedes_aegypti,2009,8,2009-08-01,0
MX-MIC,Aedes_aegypti,2009,9,2009-09-01,0
MX-MIC,Aedes_aegypti,2009,10,2009-10-01,0
MX-MIC,Aedes_aegypti,2009,11,2009-11-01,0
MX-MIC,Aedes_aegypti,2009,12,2009-12-01,0
MX-MIC,Aedes_aegypti,2010,1,2010-01-01,0
MX-MIC,Aedes_aegypti,2010,2,2010-02-01,0
MX-MIC,Aedes_aegypti,2010,3,2010-03-01,0
MX-MIC,Aedes_aegypti,2010,4,2010-04-01,0
MX-MIC,Aedes_aegypti,2010,5,2010-05-01,0
MX-MIC,Aedes_aegypti,2010,6,2010-06-01,0
MX-MIC,Aedes_aegypti,2010,7,2010-07-01,0
MX-MIC,Aedes_aegypti,2010,8,2010-08-01,0
MX-MIC,Aedes_aegypti,2010,9,2010-09-01,0
MX-MIC,Aedes_aegypti,2010,10,2010-10-01,0
MX-MIC,Aedes_aegypti,2010,11,2010-11-01,0
MX-MIC,Aedes_aegypti,2010,12,2010-12-01,0
MX-MIC,Aedes_aegypti,2011,1,2011-01-01,0
MX-MIC,Aedes_aegypti,2011,2,2011-02-01,0
MX-MIC,Aedes_aegypti,2011,3,2011-03-01,0
MX-MIC,Aedes_aegypti,2011,4,2011-04-01,0
MX-MIC,Aedes_aegypti,2011,5,2011-05-01,3
MX-MIC,Aedes_aegypti,2011,6,2011-06-01,0
MX-MIC,Aedes_aegypti,2011,7,2011-07-01,0
MX-MIC,Aedes_aegypti,2011,8,2011-08-01,0
MX-MIC,Aedes_aegypti,2011,9,2011-09-01,0
MX-MIC,Aedes_aegypti,2011,10,2011-10-01,0
MX-MIC,Aedes_aegypti,2011,11,2011-11-01,0
MX-MIC,Aedes_aegypti,2011,12,2011-12-01,0
MX-MIC,Aedes_aegypti,2012,1,2012-01-01,0
MX-MIC,Aedes_aegypti,2012,2,2012-02-01,0
MX-MIC,Aedes_aegypti,2012,3,2012-03-01,0
MX-MIC,Aedes_aegypti,2012,4,2012-04-01,0
MX-MIC,Aedes_aegypti,2012,5,2012-05-01,0
MX-MIC,Aedes_aegypti,2012,6,2012-06-01,0
MX-MIC,Aedes_aegypti,2012,7,2012-07-01,0
MX-MIC,Aedes_aegypti,2012,8,2012-08-01,0
MX-MIC,Aedes_aegypti,2012,9,2012-09-01,0
MX-MIC,Aedes_aegypti,2012,10,2012-10-01,0
MX-MIC,Aedes_aegypti,2012,11,2012-11-01,0
MX-MIC,Aedes_aegypti,2012,12,2012-12-01,0
MX-MIC,Aedes_aegypti,2013,1,2013-01-01,0
MX-MIC,Aedes_aegypti,2013,2,2013-02-01,0
MX-MIC,Aedes_aegypti,2013,3,2013-03-01,0
MX-MIC,Aedes_aegypti,2013,4,2013-04-01,0
MX-MIC,Aedes_aegypti,2013,5,2013-05-01,0
MX-MIC,Aedes_aegypti,2013,6,2013-06-01,0
MX-MIC,Aedes_aegypti,2013,7,2013-07-01,0
MX-MIC,Aedes_aegypti,2013,8,2013-08-01,0
MX-MIC,Aedes_aegypti,2013,9,2013-09-01,0
MX-MIC,Aedes_aegypti,2013,10,2013-10-01,0
MX-MIC,Aedes_aegypti,2013,11,2013-11-01,0
MX-MIC,Aedes_aegypti,2013,12,2013-12-01,0
MX-MIC,Aedes_aegypti,2014,1,2014-01-01,0
MX-MIC,Aedes_aegypti,2014,2,2014-02-01,0
MX-MIC,Aedes_aegypti,2014,3,2014-03-01,0
MX-MIC,Aedes_aegypti,2014,4,2014-04-01,0
MX-MIC,Aedes_aegypti,2014,5,2014-05-01,0
MX-MIC,Aedes_aegypti,2014,6,2014-06-01,0
MX-MIC,Aedes_aegypti,2014,7,2014-07-01,0
MX-MIC,Aedes_aegypti,2014,8,2014-08-01,0
MX-MIC,Aedes_aegypti,2014,9,2014-09-01,0
MX-MIC,Aedes_aegypti,2014,10,2014-10-01,0
MX-MIC,Aedes_aegypti,2014,11,2014-11-01,0
MX-MIC,Aedes_aegypti,2014,12,2014-12-01,0
MX-MIC,Aedes_aegypti,2015,1,2015-01-01,0
MX-MIC,Aedes_aegypti,2015,2,2015-02-01,0
MX-MIC,Aedes_aegypti,2015,3,2015-03-01,0
MX-MIC,Aedes_aegypti,2015,4,2015-04-01,0
MX-MIC,Aedes_aegypti,2015,5,2015-05-01,0
MX-MIC,Aedes_aegypti,2015,6,2015-06-01,0
MX-MIC,Aedes_aegypti,2015,7,2015-07-01,0
MX-MIC,Aedes_aegypti,2015,8,2015-08-01,0
MX-MIC,Aedes_aegypti,2015,9,2015-09-01,0
MX-MIC,Aedes_aegypti,2015,10,2015-10-01,0
MX-MIC,Aedes_aegypti,2015,11,2015-11-01,0
MX-MIC,Aedes_aegypti,2015,12,2015-12-01,0
MX-MIC,Aedes_aegypti,2016,1,2016-01-01,0
MX-MIC,Aedes_aegypti,2016,2,2016-02-01,0
MX-MIC,Aedes_aegypti,2016,3,2016-03-01,0
MX-MIC,Aedes_aegypti,2016,4,2016-04-01,0
MX-MIC,Aedes_aegypti,2016,5,2016-05-01,0
MX-MIC,Aedes_aegypti,2016,6,2016-06-01,0
MX-MIC,Aedes_aegypti,2016,7,2016-07-01,0
MX-MIC,Aedes_aegypti,2016,8,2016-08-01,0
MX-MIC,Aedes_aegypti,2016,9,2016-09-01,0
MX-MIC,Aedes_aegypti,2016,10,2016-10-01,0
MX-MIC,Aedes_aegypti,2016,11,2016-11-01,0
MX-MIC,Aedes_aegypti,2016,12,2016-12-01,0
MX-MIC,Aedes_aegypti,2017,1,2017-01-01,0
MX-MIC,Aedes_aegypti,2017,2,2017-02-01,0
MX-MIC,Aedes_aegypti,2017,3,2017-03-01,0
MX-MIC,Aedes_aegypti,2017,4,2017-04-01,0
MX-MIC,Aedes_aegypti,2017,5,2017-05-01,0
MX-MIC,Aedes_aegypti,2017,6,2017-06-01,0
MX-MIC,Aedes_aegypti,2017,7,2017-07-01,0
MX-MIC,Aedes_aegypti,2017,8,2017-08-01,0
MX-MIC,Aedes_aegypti,2017,9,2017-09-01,0
MX-MIC,Aedes_aegypti,2017,10,2017-10-01,0
MX-MIC,Aedes_aegypti,2017,11,2017-11-01,0
MX-MIC,Aedes_aegypti,2017,12,2017-12-01,0
MX-MIC,Aedes_aegypti,2018,1,2018-01-01,0
MX-MIC,Aedes_aegypti,2018,2,2018-02-01,1
MX-MIC,Aedes_aegypti,2018,3,2018-03-01,0
MX-MIC,Aedes_aegypti,2018,4,2018-04-01,0
MX-MIC,Aedes_aegypti,2018,5,2018-05-01,0
MX-MIC,Aedes_aegypti,2018,6,2018-06-01,0
MX-MIC,Aedes_aegypti,2018,7,2018-07-01,0
MX-MIC,Aedes_aegypti,2018,8,2018-08-01,0
MX-MIC,Aedes_aegypti,2018,9,2018-09-01,0
MX-MIC,Aedes_aegypti,2018,10,2018-10-01,0
MX-MIC,Aedes_aegypti,2018,11,2018-11-01,0
MX-MIC,Aedes_aegypti,2018,12,2018-12-01,0
MX-MIC,Aedes_aegypti,2019,1,2019-01-01,0
MX-MIC,Aedes_aegypti,2019,2,2019-02-01,0
MX-MIC,Aedes_aegypti,2019,3,2019-03-01,0
MX-MIC,Aedes_aegypti,2019,4,2019-04-01,0
MX-MIC,Aedes_aegypti,2019,5,2019-05-01,0
MX-MIC,Aedes_aegypti,2019,6,2019-06-01,0
MX-MIC,Aedes_aegypti,2019,7,2019-07-01,0
MX-MIC,Aedes_aegypti,2019,8,2019-08-01,0
MX-MIC,Aedes_aegypti,2019,9,2019-09-01,0
MX-MIC,Aedes_aegypti,2019,10,2019-10-01,0
MX-MIC,Aedes_aegypti,2019,11,2019-11-01,0
MX-MIC,Aedes_aegypti,2019,12,2019-12-01,0
MX-MIC,Aedes_aegypti,2020,1,2020-01-01,0
MX-MIC,Aedes_aegypti,2020,2,2020-02-01,0
MX-MIC,Aedes_aegypti,2020,3,2020-03-01,0
MX-MIC,Aedes_aegypti,2020,4,2020-04-01,0
MX-MIC,Aedes_aegypti,2020,5,2020-05-01,0
MX-MIC,Aedes_aegypti,2020,6,2020-06-01,0
MX-MIC,Aedes_aegypti,2020,7,2020-07-01,0
MX-MIC,Aedes_aegypti,2020,8,2020-08-01,0
MX-MIC,Aedes_aegypti,2020,9,2020-09-01,0
MX-MIC,Aedes_aegypti,2020,10,2020-10-01,0
MX-MIC,Aedes_aegypti,2020,11,2020-11-01,0
MX-MIC,Aedes_aegypti,2020,12,2020-12-01,0
MX-MIC,Aedes_aegypti,2021,1,2021-01-01,0
MX-MIC,Aedes_aegypti,2021,2,2021-02-01,0
MX-MIC,Aedes_aegypti,2021,3,2021-03-01,0
MX-MIC,Aedes_aegypti,2021,4,2021-04-01,0
MX-MIC,Aedes_aegypti,2021,5,2021-05-01,0
MX-MIC,Aedes_aegypti,2021,6,2021-06-01,0
MX-MIC,Aedes_aegypti,2021,7,2021-07-01,0
MX-MIC,Aedes_aegypti,2021,8,2021-08-01,0
MX-MIC,Aedes_aegypti,2021,9,2021-09-01,0
MX-MIC,Aedes_aegypti,2021,10,2021-10-01,0
MX-MIC,Aedes_aegypti,2021,11,2021-11-01,0
MX-MIC,Aedes_aegypti,2021,12,2021-12-01,0
MX-MIC,Aedes_aegypti,2022,1,2022-01-01,0
MX-MIC,Aedes_aegypti,2022,2,2022-02-01,0
MX-MIC,Aedes_aegypti,2022,3,2022-03-01,0
MX-MIC,Aedes_aegypti,2022,4,2022-04-01,0
MX-MIC,Aedes_aegypti,2022,5,2022-05-01,0
MX-MIC,Aedes_aegypti,2022,6,2022-06-01,0
MX-MIC,Aedes_aegypti,2022,7,2022-07-01,0
MX-MIC,Aedes_aegypti,2022,8,2022-08-01,0
MX-MIC,Aedes_aegypti,2022,9,2022-09-01,0
MX-MIC,Aedes_aegypti,2022,10,2022-10-01,0
MX-MIC,Aedes_aegypti,2022,11,2022-11-01,0
MX-MIC,Aedes_aegypti,2022,12,2022-12-01,0
MX-MIC,mosquito,2004,1,2004-01-01,0
MX-MIC,mosquito,2004,2,2004-02-01,0
MX-MIC,mosquito,2004,3,2004-03-01,0
MX-MIC,mosquito,2004,4,2004-04-01,0
MX-MIC,mosquito,2004,5,2004-05-01,0
MX-MIC,mosquito,2004,6,2004-06-01,0
MX-MIC,mosquito,2004,7,2004-07-01,0
MX-MIC,mosquito,2004,8,2004-08-01,0
MX-MIC,mosquito,2004,9,2004-09-01,0
MX-MIC,mosquito,2004,10,2004-10-01,0
MX-MIC,mosquito,2004,11,2004-11-01,0
MX-MIC,mosquito,2004,12,2004-12-01,0
MX-MIC,mosquito,2005,1,2005-01-01,0
MX-MIC,mosquito,2005,2,2005-02-01,0
MX-MIC,mosquito,2005,3,2005-03-01,0
MX-MIC,mosquito,2005,4,2005-04-01,0
MX-MIC,mosquito,2005,5,2005-05-01,0
MX-MIC,mosquito,2005,6,2005-06-01,0
MX-MIC,mosquito,2005,7,2005-07-01,0
MX-MIC,mosquito,2005,8,2005-08-01,0
MX-MIC,mosquito,2005,9,2005-09-01,0
MX-MIC,mosquito,2005,10,2005-10-01,0
MX-MIC,mosquito,2005,11,2005-11-01,0
MX-MIC,mosquito,2005,12,2005-12-01,0
MX-MIC,mosquito,2006,1,2006-01-01,0
MX-MIC,mosquito,2006,2,2006-02-01,0
MX-MIC,mosquito,2006,3,2006-03-01,0
MX-MIC,mosquito,2006,4,2006-04-01,0
MX-MIC,mosquito,2006,5,2006-05-01,0
MX-MIC,mosquito,2006,6,2006-06-01,0
MX-MIC,mosquito,2006,7,2006-07-01,0
MX-MIC,mosquito,2006,8,2006-08-01,0
MX-MIC,mosquito,2006,9,2006-09-01,0
MX-MIC,mosquito,2006,10,2006-10-01,0
MX-MIC,mosquito,2006,11,2006-11-01,0
MX-MIC,mosquito,2006,12,2006-12-01,0
MX-MIC,mosquito,2007,1,2007-01-01,0
MX-MIC,mosquito,2007,2,2007-02-01,0
MX-MIC,mosquito,2007,3,2007-03-01,0
MX-MIC,mosquito,2007,4,2007-04-01,0
MX-MIC,mosquito,2007,5,2007-05-01,0
MX-MIC,mosquito,2007,6,2007-06-01,0
MX-MIC,mosquito,2007,7,2007-07-01,0
MX-MIC,mosquito,2007,8,2007-08-01,0
MX-MIC,mosquito,2007,9,2007-09-01,0
MX-MIC,mosquito,2007,10,2007-10-01,0
MX-MIC,mosquito,2007,11,2007-11-01,0
MX-MIC,mosquito,2007,12,2007-12-01,0
MX-MIC,mosquito,2008,1,2008-01-01,0
MX-MIC,mosquito,2008,2,2008-02-01,0
MX-MIC,mosquito,2008,3,2008-03-01,0
MX-MIC,mosquito,2008,4,2008-04-01,0
MX-MIC,mosquito,2008,5,2008-05-01,0
MX-MIC,mosquito,2008,6,2008-06-01,0
MX-MIC,mosquito,2008,7,2008-07-01,0
MX-MIC,mosquito,2008,8,2008-08-01,0
MX-MIC,mosquito,2008,9,2008-09-01,0
MX-MIC,mosquito,2008,10,2008-10-01,0
MX-MIC,mosquito,2008,11,2008-11-01,0
MX-MIC,mosquito,2008,12,2008-12-01,0
MX-MIC,mosquito,2009,1,2009-01-01,0
MX-MIC,mosquito,2009,2,2009-02-01,0
MX-MIC,mosquito,2009,3,2009-03-01,0
MX-MIC,mosquito,2009,4,2009-04-01,0
MX-MIC,mosquito,2009,5,2009-05-01,0
MX-MIC,mosquito,2009,6,2009-06-01,0
MX-MIC,mosquito,2009,7,2009-07-01,0
MX-MIC,mosquito,2009,8,2009-08-01,0
MX-MIC,mosquito,2009,9,2009-09-01,0
MX-MIC,mosquito,2009,10,2009-10-01,0
MX-MIC,mosquito,2009,11,2009-11-01,0
MX-MIC,mosquito,2009,12,2009-12-01,0
MX-MIC,mosquito,2010,1,2010-01-01,0
MX-MIC,mosquito,2010,2,2010-02-01,0
MX-MIC,mosquito,2010,3,2010-03-01,0
MX-MIC,mosquito,2010,4,2010-04-01,0
MX-MIC,mosquito,2010,5,2010-05-01,0
MX-MIC,mosquito,2010,6,2010-06-01,0
MX-MIC,mosquito,2010,7,2010-07-01,0
MX-MIC,mosquito,2010,8,2010-08-01,0
MX-MIC,mosquito,2010,9,2010-09-01,0
MX-MIC,mosquito,2010,10,2010-10-01,0
MX-MIC,mosquito,2010,11,2010-11-01,0
MX-MIC,mosquito,2010,12,2010-12-01,0
MX-MIC,mosquito,2011,1,2011-01-01,0
MX-MIC,mosquito,2011,2,2011-02-01,0
MX-MIC,mosquito,2011,3,2011-03-01,0
MX-MIC,mosquito,2011,4,2011-04-01,25
MX-MIC,mosquito,2011,5,2011-05-01,30
MX-MIC,mosquito,2011,6,2011-06-01,30
MX-MIC,mosquito,2011,7,2011-07-01,20
MX-MIC,mosquito,2011,8,2011-08-01,31
MX-MIC,mosquito,2011,9,2011-09-01,20
MX-MIC,mosquito,2011,10,2011-10-01,23
MX-MIC,mosquito,2011,11,2011-11-01,20
MX-MIC,mosquito,2011,12,2011-12-01,0
MX-MIC,mosquito,2012,1,2012-01-01,0
MX-MIC,mosquito,2012,2,2012-02-01,12
MX-MIC,mosquito,2012,3,2012-03-01,19
MX-MIC,mosquito,2012,4,2012-04-01,20
MX-MIC,mosquito,2012,5,2012-05-01,31
MX-MIC,mosquito,2012,6,2012-06-01,26
MX-MIC,mosquito,2012,7,2012-07-01,35
MX-MIC,mosquito,2012,8,2012-08-01,34
MX-MIC,mosquito,2012,9,2012-09-01,39
MX-MIC,mosquito,2012,10,2012-10-01,24
MX-MIC,mosquito,2012,11,2012-11-01,20
MX-MIC,mosquito,2012,12,2012-12-01,0
MX-MIC,mosquito,2013,1,2013-01-01,22
MX-MIC,mosquito,2013,2,2013-02-01,16
MX-MIC,mosquito,2013,3,2013-03-01,14
MX-MIC,mosquito,2013,4,2013-04-01,19
MX-MIC,mosquito,2013,5,2013-05-01,29
MX-MIC,mosquito,2013,6,2013-06-01,38
MX-MIC,mosquito,2013,7,2013-07-01,35
MX-MIC,mosquito,2013,8,2013-08-01,40
MX-MIC,mosquito,2013,9,2013-09-01,23
MX-MIC,mosquito,2013,10,2013-10-01,32
MX-MIC,mosquito,2013,11,2013-11-01,21
MX-MIC,mosquito,2013,12,2013-12-01,13
MX-MIC,mosquito,2014,1,2014-01-01,0
MX-MIC,mosquito,2014,2,2014-02-01,16
MX-MIC,mosquito,2014,3,2014-03-01,22
MX-MIC,mosquito,2014,4,2014-04-01,31
MX-MIC,mosquito,2014,5,2014-05-01,32
MX-MIC,mosquito,2014,6,2014-06-01,40
MX-MIC,mosquito,2014,7,2014-07-01,41
MX-MIC,mosquito,2014,8,2014-08-01,31
MX-MIC,mosquito,2014,9,2014-09-01,28
MX-MIC,mosquito,2014,10,2014-10-01,24
MX-MIC,mosquito,2014,11,2014-11-01,14
MX-MIC,mosquito,2014,12,2014-12-01,10
MX-MIC,mosquito,2015,1,2015-01-01,17
MX-MIC,mosquito,2015,2,2015-02-01,15
MX-MIC,mosquito,2015,3,2015-03-01,20
MX-MIC,mosquito,2015,4,2015-04-01,30
MX-MIC,mosquito,2015,5,2015-05-01,38
MX-MIC,mosquito,2015,6,2015-06-01,47
MX-MIC,mosquito,2015,7,2015-07-01,63
MX-MIC,mosquito,2015,8,2015-08-01,100
MX-MIC,mosquito,2015,9,2015-09-01,47
MX-MIC,mosquito,2015,10,2015-10-01,47
MX-MIC,mosquito,2015,11,2015-11-01,46
MX-MIC,mosquito,2015,12,2015-12-01,25
MX-MIC,mosquito,2016,1,2016-01-01,20
MX-MIC,mosquito,2016,2,2016-02-01,34
MX-MIC,mosquito,2016,3,2016-03-01,27
MX-MIC,mosquito,2016,4,2016-04-01,30
MX-MIC,mosquito,2016,5,2016-05-01,45
MX-MIC,mosquito,2016,6,2016-06-01,57
MX-MIC,mosquito,2016,7,2016-07-01,49
MX-MIC,mosquito,2016,8,2016-08-01,36
MX-MIC,mosquito,2016,9,2016-09-01,38
MX-MIC,mosquito,2016,10,2016-10-01,30
MX-MIC,mosquito,2016,11,2016-11-01,0
MX-MIC,mosquito,2016,12,2016-12-01,0
MX-MIC,mosquito,2017,1,2017-01-01,0
MX-MIC,mosquito,2017,2,2017-02-01,0
MX-MIC,mosquito,2017,3,2017-03-01,0
MX-MIC,mosquito,2017,4,2017-04-01,6
MX-MIC,mosquito,2017,5,2017-05-01,0
MX-MIC,mosquito,2017,6,2017-06-01,19
MX-MIC,mosquito,2017,7,2017-07-01,14
MX-MIC,mosquito,2017,8,2017-08-01,13
MX-MIC,mosquito,2017,9,2017-09-01,9
MX-MIC,mosquito,2017,10,2017-10-01,9
MX-MIC,mosquito,2017,11,2017-11-01,0
MX-MIC,mosquito,2017,12,2017-12-01,0
MX-MIC,mosquito,2018,1,2018-01-01,0
MX-MIC,mosquito,2018,2,2018-02-01,0
MX-MIC,mosquito,2018,3,2018-03-01,6
MX-MIC,mosquito,2018,4,2018-04-01,8
MX-MIC,mosquito,2018,5,2018-05-01,9
MX-MIC,mosquito,2018,6,2018-06-01,15
MX-MIC,mosquito,2018,7,2018-07-01,30
MX-MIC,mosquito,2018,8,2018-08-01,16
MX-MIC,mosquito,2018,9,2018-09-01,0
MX-MIC,mosquito,2018,10,2018-10-01,0
MX-MIC,mosquito,2018,11,2018-11-01,0
MX-MIC,mosquito,2018,12,2018-12-01,7
MX-MIC,mosquito,2019,1,2019-01-01,0
MX-MIC,mosquito,2019,2,2019-02-01,0
MX-MIC,mosquito,2019,3,2019-03-01,0
MX-MIC,mosquito,2019,4,2019-04-01,0
MX-MIC,mosquito,2019,5,2019-05-01,0
MX-MIC,mosquito,2019,6,2019-06-01,15
MX-MIC,mosquito,2019,7,2019-07-01,12
MX-MIC,mosquito,2019,8,2019-08-01,10
MX-MIC,mosquito,2019,9,2019-09-01,6
MX-MIC,mosquito,2019,10,2019-10-01,0
MX-MIC,mosquito,2019,11,2019-11-01,0
MX-MIC,mosquito,2019,12,2019-12-01,11
MX-MIC,mosquito,2020,1,2020-01-01,14
MX-MIC,mosquito,2020,2,2020-02-01,0
MX-MIC,mosquito,2020,3,2020-03-01,10
MX-MIC,mosquito,2020,4,2020-04-01,9
MX-MIC,mosquito,2020,5,2020-05-01,9
MX-MIC,mosquito,2020,6,2020-06-01,22
MX-MIC,mosquito,2020,7,2020-07-01,35
MX-MIC,mosquito,2020,8,2020-08-01,28
MX-MIC,mosquito,2020,9,2020-09-01,29
MX-MIC,mosquito,2020,10,2020-10-01,31
MX-MIC,mosquito,2020,11,2020-11-01,23
MX-MIC,mosquito,2020,12,2020-12-01,11
MX-MIC,mosquito,2021,1,2021-01-01,9
MX-MIC,mosquito,2021,2,2021-02-01,12
MX-MIC,mosquito,2021,3,2021-03-01,18
MX-MIC,mosquito,2021,4,2021-04-01,36
MX-MIC,mosquito,2021,5,2021-05-01,57
MX-MIC,mosquito,2021,6,2021-06-01,33
MX-MIC,mosquito,2021,7,2021-07-01,54
MX-MIC,mosquito,2021,8,2021-08-01,44
MX-MIC,mosquito,2021,9,2021-09-01,33
MX-MIC,mosquito,2021,10,2021-10-01,25
MX-MIC,mosquito,2021,11,2021-11-01,24
MX-MIC,mosquito,2021,12,2021-12-01,22
MX-MIC,mosquito,2022,1,2022-01-01,17
MX-MIC,mosquito,2022,2,2022-02-01,20
MX-MIC,mosquito,2022,3,2022-03-01,20
MX-MIC,mosquito,2022,4,2022-04-01,23
MX-MIC,mosquito,2022,5,2022-05-01,35
MX-MIC,mosquito,2022,6,2022-06-01,32
MX-MIC,mosquito,2022,7,2022-07-01,56
MX-MIC,mosquito,2022,8,2022-08-01,52
MX-MIC,mosquito,2022,9,2022-09-01,43
MX-MIC,mosquito,2022,10,2022-10-01,38
MX-MIC,mosquito,2022,11,2022-11-01,27
MX-MIC,mosquito,2022,12,2022-12-01,20
MX-MIC,vector,2004,1,2004-01-01,0
MX-MIC,vector,2004,2,2004-02-01,0
MX-MIC,vector,2004,3,2004-03-01,0
MX-MIC,vector,2004,4,2004-04-01,0
MX-MIC,vector,2004,5,2004-05-01,0
MX-MIC,vector,2004,6,2004-06-01,0
MX-MIC,vector,2004,7,2004-07-01,0
MX-MIC,vector,2004,8,2004-08-01,0
MX-MIC,vector,2004,9,2004-09-01,0
MX-MIC,vector,2004,10,2004-10-01,0
MX-MIC,vector,2004,11,2004-11-01,0
MX-MIC,vector,2004,12,2004-12-01,0
MX-MIC,vector,2005,1,2005-01-01,0
MX-MIC,vector,2005,2,2005-02-01,0
MX-MIC,vector,2005,3,2005-03-01,0
MX-MIC,vector,2005,4,2005-04-01,0
MX-MIC,vector,2005,5,2005-05-01,0
MX-MIC,vector,2005,6,2005-06-01,0
MX-MIC,vector,2005,7,2005-07-01,0
MX-MIC,vector,2005,8,2005-08-01,0
MX-MIC,vector,2005,9,2005-09-01,0
MX-MIC,vector,2005,10,2005-10-01,0
MX-MIC,vector,2005,11,2005-11-01,0
MX-MIC,vector,2005,12,2005-12-01,0
MX-MIC,vector,2006,1,2006-01-01,0
MX-MIC,vector,2006,2,2006-02-01,0
MX-MIC,vector,2006,3,2006-03-01,0
MX-MIC,vector,2006,4,2006-04-01,0
MX-MIC,vector,2006,5,2006-05-01,0
MX-MIC,vector,2006,6,2006-06-01,0
MX-MIC,vector,2006,7,2006-07-01,0
MX-MIC,vector,2006,8,2006-08-01,0
MX-MIC,vector,2006,9,2006-09-01,0
MX-MIC,vector,2006,10,2006-10-01,0
MX-MIC,vector,2006,11,2006-11-01,0
MX-MIC,vector,2006,12,2006-12-01,0
MX-MIC,vector,2007,1,2007-01-01,0
MX-MIC,vector,2007,2,2007-02-01,0
MX-MIC,vector,2007,3,2007-03-01,0
MX-MIC,vector,2007,4,2007-04-01,0
MX-MIC,vector,2007,5,2007-05-01,0
MX-MIC,vector,2007,6,2007-06-01,0
MX-MIC,vector,2007,7,2007-07-01,0
MX-MIC,vector,2007,8,2007-08-01,0
MX-MIC,vector,2007,9,2007-09-01,0
MX-MIC,vector,2007,10,2007-10-01,0
MX-MIC,vector,2007,11,2007-11-01,0
MX-MIC,vector,2007,12,2007-12-01,0
MX-MIC,vector,2008,1,2008-01-01,0
MX-MIC,vector,2008,2,2008-02-01,0
MX-MIC,vector,2008,3,2008-03-01,0
MX-MIC,vector,2008,4,2008-04-01,0
MX-MIC,vector,2008,5,2008-05-01,0
MX-MIC,vector,2008,6,2008-06-01,0
MX-MIC,vector,2008,7,2008-07-01,0
MX-MIC,vector,2008,8,2008-08-01,0
MX-MIC,vector,2008,9,2008-09-01,0
MX-MIC,vector,2008,10,2008-10-01,0
MX-MIC,vector,2008,11,2008-11-01,0
MX-MIC,vector,2008,12,2008-12-01,0
MX-MIC,vector,2009,1,2009-01-01,0
MX-MIC,vector,2009,2,2009-02-01,0
MX-MIC,vector,2009,3,2009-03-01,0
MX-MIC,vector,2009,4,2009-04-01,0
MX-MIC,vector,2009,5,2009-05-01,0
MX-MIC,vector,2009,6,2009-06-01,0
MX-MIC,vector,2009,7,2009-07-01,0
MX-MIC,vector,2009,8,2009-08-01,0
MX-MIC,vector,2009,9,2009-09-01,0
MX-MIC,vector,2009,10,2009-10-01,0
MX-MIC,vector,2009,11,2009-11-01,0
MX-MIC,vector,2009,12,2009-12-01,0
MX-MIC,vector,2010,1,2010-01-01,0
MX-MIC,vector,2010,2,2010-02-01,0
MX-MIC,vector,2010,3,2010-03-01,0
MX-MIC,vector,2010,4,2010-04-01,0
MX-MIC,vector,2010,5,2010-05-01,0
MX-MIC,vector,2010,6,2010-06-01,0
MX-MIC,vector,2010,7,2010-07-01,0
MX-MIC,vector,2010,8,2010-08-01,0
MX-MIC,vector,2010,9,2010-09-01,0
MX-MIC,vector,2010,10,2010-10-01,0
MX-MIC,vector,2010,11,2010-11-01,0
MX-MIC,vector,2010,12,2010-12-01,0
MX-MIC,vector,2011,1,2011-01-01,60
MX-MIC,vector,2011,2,2011-02-01,0
MX-MIC,vector,2011,3,2011-03-01,0
MX-MIC,vector,2011,4,2011-04-01,0
MX-MIC,vector,2011,5,2011-05-01,0
MX-MIC,vector,2011,6,2011-06-01,67
MX-MIC,vector,2011,7,2011-07-01,0
MX-MIC,vector,2011,8,2011-08-01,0
MX-MIC,vector,2011,9,2011-09-01,68
MX-MIC,vector,2011,10,2011-10-01,54
MX-MIC,vector,2011,11,2011-11-01,56
MX-MIC,vector,2011,12,2011-12-01,0
MX-MIC,vector,2012,1,2012-01-01,45
MX-MIC,vector,2012,2,2012-02-01,0
MX-MIC,vector,2012,3,2012-03-01,55
MX-MIC,vector,2012,4,2012-04-01,54
MX-MIC,vector,2012,5,2012-05-01,0
MX-MIC,vector,2012,6,2012-06-01,100
MX-MIC,vector,2012,7,2012-07-01,36
MX-MIC,vector,2012,8,2012-08-01,85
MX-MIC,vector,2012,9,2012-09-01,96
MX-MIC,vector,2012,10,2012-10-01,64
MX-MIC,vector,2012,11,2012-11-01,32
MX-MIC,vector,2012,12,2012-12-01,45
MX-MIC,vector,2013,1,2013-01-01,54
MX-MIC,vector,2013,2,2013-02-01,60
MX-MIC,vector,2013,3,2013-03-01,86
MX-MIC,vector,2013,4,2013-04-01,44
MX-MIC,vector,2013,5,2013-05-01,78
MX-MIC,vector,2013,6,2013-06-01,44
MX-MIC,vector,2013,7,2013-07-01,0
MX-MIC,vector,2013,8,2013-08-01,61
MX-MIC,vector,2013,9,2013-09-01,78
MX-MIC,vector,2013,10,2013-10-01,51
MX-MIC,vector,2013,11,2013-11-01,35
MX-MIC,vector,2013,12,2013-12-01,43
MX-MIC,vector,2014,1,2014-01-01,42
MX-MIC,vector,2014,2,2014-02-01,89
MX-MIC,vector,2014,3,2014-03-01,58
MX-MIC,vector,2014,4,2014-04-01,27
MX-MIC,vector,2014,5,2014-05-01,57
MX-MIC,vector,2014,6,2014-06-01,41
MX-MIC,vector,2014,7,2014-07-01,32
MX-MIC,vector,2014,8,2014-08-01,72
MX-MIC,vector,2014,9,2014-09-01,77
MX-MIC,vector,2014,10,2014-10-01,40
MX-MIC,vector,2014,11,2014-11-01,51
MX-MIC,vector,2014,12,2014-12-01,28
MX-MIC,vector,2015,1,2015-01-01,29
MX-MIC,vector,2015,2,2015-02-01,51
MX-MIC,vector,2015,3,2015-03-01,35
MX-MIC,vector,2015,4,2015-04-01,39
MX-MIC,vector,2015,5,2015-05-01,51
MX-MIC,vector,2015,6,2015-06-01,49
MX-MIC,vector,2015,7,2015-07-01,29
MX-MIC,vector,2015,8,2015-08-01,32
MX-MIC,vector,2015,9,2015-09-01,66
MX-MIC,vector,2015,10,2015-10-01,42
MX-MIC,vector,2015,11,2015-11-01,53
MX-MIC,vector,2015,12,2015-12-01,0
MX-MIC,vector,2016,1,2016-01-01,37
MX-MIC,vector,2016,2,2016-02-01,44
MX-MIC,vector,2016,3,2016-03-01,0
MX-MIC,vector,2016,4,2016-04-01,34
MX-MIC,vector,2016,5,2016-05-01,39
MX-MIC,vector,2016,6,2016-06-01,48
MX-MIC,vector,2016,7,2016-07-01,22
MX-MIC,vector,2016,8,2016-08-01,61
MX-MIC,vector,2016,9,2016-09-01,53
MX-MIC,vector,2016,10,2016-10-01,46
MX-MIC,vector,2016,11,2016-11-01,0
MX-MIC,vector,2016,12,2016-12-01,0
MX-MIC,vector,2017,1,2017-01-01,0
MX-MIC,vector,2017,2,2017-02-01,0
MX-MIC,vector,2017,3,2017-03-01,0
MX-MIC,vector,2017,4,2017-04-01,0
MX-MIC,vector,2017,5,2017-05-01,0
MX-MIC,vector,2017,6,2017-06-01,0
MX-MIC,vector,2017,7,2017-07-01,0
MX-MIC,vector,2017,8,2017-08-01,0
MX-MIC,vector,2017,9,2017-09-01,0
MX-MIC,vector,2017,10,2017-10-01,0
MX-MIC,vector,2017,11,2017-11-01,0
MX-MIC,vector,2017,12,2017-12-01,0
MX-MIC,vector,2018,1,2018-01-01,0
MX-MIC,vector,2018,2,2018-02-01,0
MX-MIC,vector,2018,3,2018-03-01,0
MX-MIC,vector,2018,4,2018-04-01,0
MX-MIC,vector,2018,5,2018-05-01,0
MX-MIC,vector,2018,6,2018-06-01,0
MX-MIC,vector,2018,7,2018-07-01,0
MX-MIC,vector,2018,8,2018-08-01,0
MX-MIC,vector,2018,9,2018-09-01,0
MX-MIC,vector,2018,10,2018-10-01,0
MX-MIC,vector,2018,11,2018-11-01,0
MX-MIC,vector,2018,12,2018-12-01,0
MX-MIC,vector,2019,1,2019-01-01,0
MX-MIC,vector,2019,2,2019-02-01,0
MX-MIC,vector,2019,3,2019-03-01,0
MX-MIC,vector,2019,4,2019-04-01,0
MX-MIC,vector,2019,5,2019-05-01,0
MX-MIC,vector,2019,6,2019-06-01,0
MX-MIC,vector,2019,7,2019-07-01,0
MX-MIC,vector,2019,8,2019-08-01,0
MX-MIC,vector,2019,9,2019-09-01,0
MX-MIC,vector,2019,10,2019-10-01,0
MX-MIC,vector,2019,11,2019-11-01,0
MX-MIC,vector,2019,12,2019-12-01,0
MX-MIC,vector,2020,1,2020-01-01,0
MX-MIC,vector,2020,2,2020-02-01,0
MX-MIC,vector,2020,3,2020-03-01,0
MX-MIC,vector,2020,4,2020-04-01,0
MX-MIC,vector,2020,5,2020-05-01,0
MX-MIC,vector,2020,6,2020-06-01,0
MX-MIC,vector,2020,7,2020-07-01,0
MX-MIC,vector,2020,8,2020-08-01,0
MX-MIC,vector,2020,9,2020-09-01,15
MX-MIC,vector,2020,10,2020-10-01,19
MX-MIC,vector,2020,11,2020-11-01,0
MX-MIC,vector,2020,12,2020-12-01,0
MX-MIC,vector,2021,1,2021-01-01,0
MX-MIC,vector,2021,2,2021-02-01,0
MX-MIC,vector,2021,3,2021-03-01,25
MX-MIC,vector,2021,4,2021-04-01,25
MX-MIC,vector,2021,5,2021-05-01,0
MX-MIC,vector,2021,6,2021-06-01,15
MX-MIC,vector,2021,7,2021-07-01,15
MX-MIC,vector,2021,8,2021-08-01,17
MX-MIC,vector,2021,9,2021-09-01,32
MX-MIC,vector,2021,10,2021-10-01,30
MX-MIC,vector,2021,11,2021-11-01,27
MX-MIC,vector,2021,12,2021-12-01,18
MX-MIC,vector,2022,1,2022-01-01,0
MX-MIC,vector,2022,2,2022-02-01,41
MX-MIC,vector,2022,3,2022-03-01,25
MX-MIC,vector,2022,4,2022-04-01,24
MX-MIC,vector,2022,5,2022-05-01,44
MX-MIC,vector,2022,6,2022-06-01,28
MX-MIC,vector,2022,7,2022-07-01,24
MX-MIC,vector,2022,8,2022-08-01,33
MX-MIC,vector,2022,9,2022-09-01,39
MX-MIC,vector,2022,10,2022-10-01,54
MX-MIC,vector,2022,11,2022-11-01,48
MX-MIC,vector,2022,12,2022-12-01,32
MX-MOR,Aedes_aegypti,2004,1,2004-01-01,0
MX-MOR,Aedes_aegypti,2004,2,2004-02-01,0
MX-MOR,Aedes_aegypti,2004,3,2004-03-01,0
MX-MOR,Aedes_aegypti,2004,4,2004-04-01,0
MX-MOR,Aedes_aegypti,2004,5,2004-05-01,0
MX-MOR,Aedes_aegypti,2004,6,2004-06-01,0
MX-MOR,Aedes_aegypti,2004,7,2004-07-01,0
MX-MOR,Aedes_aegypti,2004,8,2004-08-01,0
MX-MOR,Aedes_aegypti,2004,9,2004-09-01,100
MX-MOR,Aedes_aegypti,2004,10,2004-10-01,0
MX-MOR,Aedes_aegypti,2004,11,2004-11-01,0
MX-MOR,Aedes_aegypti,2004,12,2004-12-01,0
MX-MOR,Aedes_aegypti,2005,1,2005-01-01,0
MX-MOR,Aedes_aegypti,2005,2,2005-02-01,0
MX-MOR,Aedes_aegypti,2005,3,2005-03-01,0
MX-MOR,Aedes_aegypti,2005,4,2005-04-01,0
MX-MOR,Aedes_aegypti,2005,5,2005-05-01,0
MX-MOR,Aedes_aegypti,2005,6,2005-06-01,0
MX-MOR,Aedes_aegypti,2005,7,2005-07-01,0
MX-MOR,Aedes_aegypti,2005,8,2005-08-01,0
MX-MOR,Aedes_aegypti,2005,9,2005-09-01,0
MX-MOR,Aedes_aegypti,2005,10,2005-10-01,0
MX-MOR,Aedes_aegypti,2005,11,2005-11-01,0
MX-MOR,Aedes_aegypti,2005,12,2005-12-01,0
MX-MOR,Aedes_aegypti,2006,1,2006-01-01,0
MX-MOR,Aedes_aegypti,2006,2,2006-02-01,0
MX-MOR,Aedes_aegypti,2006,3,2006-03-01,0
MX-MOR,Aedes_aegypti,2006,4,2006-04-01,0
MX-MOR,Aedes_aegypti,2006,5,2006-05-01,0
MX-MOR,Aedes_aegypti,2006,6,2006-06-01,0
MX-MOR,Aedes_aegypti,2006,7,2006-07-01,0
MX-MOR,Aedes_aegypti,2006,8,2006-08-01,0
MX-MOR,Aedes_aegypti,2006,9,2006-09-01,0
MX-MOR,Aedes_aegypti,2006,10,2006-10-01,0
MX-MOR,Aedes_aegypti,2006,11,2006-11-01,0
MX-MOR,Aedes_aegypti,2006,12,2006-12-01,0
MX-MOR,Aedes_aegypti,2007,1,2007-01-01,0
MX-MOR,Aedes_aegypti,2007,2,2007-02-01,0
MX-MOR,Aedes_aegypti,2007,3,2007-03-01,0
MX-MOR,Aedes_aegypti,2007,4,2007-04-01,0
MX-MOR,Aedes_aegypti,2007,5,2007-05-01,0
MX-MOR,Aedes_aegypti,2007,6,2007-06-01,0
MX-MOR,Aedes_aegypti,2007,7,2007-07-01,0
MX-MOR,Aedes_aegypti,2007,8,2007-08-01,0
MX-MOR,Aedes_aegypti,2007,9,2007-09-01,0
MX-MOR,Aedes_aegypti,2007,10,2007-10-01,0
MX-MOR,Aedes_aegypti,2007,11,2007-11-01,0
MX-MOR,Aedes_aegypti,2007,12,2007-12-01,0
MX-MOR,Aedes_aegypti,2008,1,2008-01-01,0
MX-MOR,Aedes_aegypti,2008,2,2008-02-01,0
MX-MOR,Aedes_aegypti,2008,3,2008-03-01,0
MX-MOR,Aedes_aegypti,2008,4,2008-04-01,0
MX-MOR,Aedes_aegypti,2008,5,2008-05-01,0
MX-MOR,Aedes_aegypti,2008,6,2008-06-01,0
MX-MOR,Aedes_aegypti,2008,7,2008-07-01,0
MX-MOR,Aedes_aegypti,2008,8,2008-08-01,0
MX-MOR,Aedes_aegypti,2008,9,2008-09-01,0
MX-MOR,Aedes_aegypti,2008,10,2008-10-01,0
MX-MOR,Aedes_aegypti,2008,11,2008-11-01,0
MX-MOR,Aedes_aegypti,2008,12,2008-12-01,0
MX-MOR,Aedes_aegypti,2009,1,2009-01-01,0
MX-MOR,Aedes_aegypti,2009,2,2009-02-01,0
MX-MOR,Aedes_aegypti,2009,3,2009-03-01,0
MX-MOR,Aedes_aegypti,2009,4,2009-04-01,0
MX-MOR,Aedes_aegypti,2009,5,2009-05-01,0
MX-MOR,Aedes_aegypti,2009,6,2009-06-01,0
MX-MOR,Aedes_aegypti,2009,7,2009-07-01,0
MX-MOR,Aedes_aegypti,2009,8,2009-08-01,0
MX-MOR,Aedes_aegypti,2009,9,2009-09-01,0
MX-MOR,Aedes_aegypti,2009,10,2009-10-01,0
MX-MOR,Aedes_aegypti,2009,11,2009-11-01,0
MX-MOR,Aedes_aegypti,2009,12,2009-12-01,0
MX-MOR,Aedes_aegypti,2010,1,2010-01-01,0
MX-MOR,Aedes_aegypti,2010,2,2010-02-01,0
MX-MOR,Aedes_aegypti,2010,3,2010-03-01,0
MX-MOR,Aedes_aegypti,2010,4,2010-04-01,0
MX-MOR,Aedes_aegypti,2010,5,2010-05-01,0
MX-MOR,Aedes_aegypti,2010,6,2010-06-01,0
MX-MOR,Aedes_aegypti,2010,7,2010-07-01,0
MX-MOR,Aedes_aegypti,2010,8,2010-08-01,0
MX-MOR,Aedes_aegypti,2010,9,2010-09-01,0
MX-MOR,Aedes_aegypti,2010,10,2010-10-01,0
MX-MOR,Aedes_aegypti,2010,11,2010-11-01,0
MX-MOR,Aedes_aegypti,2010,12,2010-12-01,0
MX-MOR,Aedes_aegypti,2011,1,2011-01-01,0
MX-MOR,Aedes_aegypti,2011,2,2011-02-01,0
MX-MOR,Aedes_aegypti,2011,3,2011-03-01,0
MX-MOR,Aedes_aegypti,2011,4,2011-04-01,0
MX-MOR,Aedes_aegypti,2011,5,2011-05-01,0
MX-MOR,Aedes_aegypti,2011,6,2011-06-01,0
MX-MOR,Aedes_aegypti,2011,7,2011-07-01,0
MX-MOR,Aedes_aegypti,2011,8,2011-08-01,0
MX-MOR,Aedes_aegypti,2011,9,2011-09-01,0
MX-MOR,Aedes_aegypti,2011,10,2011-10-01,0
MX-MOR,Aedes_aegypti,2011,11,2011-11-01,0
MX-MOR,Aedes_aegypti,2011,12,2011-12-01,0
MX-MOR,Aedes_aegypti,2012,1,2012-01-01,0
MX-MOR,Aedes_aegypti,2012,2,2012-02-01,0
MX-MOR,Aedes_aegypti,2012,3,2012-03-01,0
MX-MOR,Aedes_aegypti,2012,4,2012-04-01,0
MX-MOR,Aedes_aegypti,2012,5,2012-05-01,0
MX-MOR,Aedes_aegypti,2012,6,2012-06-01,0
MX-MOR,Aedes_aegypti,2012,7,2012-07-01,0
MX-MOR,Aedes_aegypti,2012,8,2012-08-01,0
MX-MOR,Aedes_aegypti,2012,9,2012-09-01,0
MX-MOR,Aedes_aegypti,2012,10,2012-10-01,0
MX-MOR,Aedes_aegypti,2012,11,2012-11-01,0
MX-MOR,Aedes_aegypti,2012,12,2012-12-01,0
MX-MOR,Aedes_aegypti,2013,1,2013-01-01,0
MX-MOR,Aedes_aegypti,2013,2,2013-02-01,0
MX-MOR,Aedes_aegypti,2013,3,2013-03-01,0
MX-MOR,Aedes_aegypti,2013,4,2013-04-01,0
MX-MOR,Aedes_aegypti,2013,5,2013-05-01,0
MX-MOR,Aedes_aegypti,2013,6,2013-06-01,0
MX-MOR,Aedes_aegypti,2013,7,2013-07-01,0
MX-MOR,Aedes_aegypti,2013,8,2013-08-01,0
MX-MOR,Aedes_aegypti,2013,9,2013-09-01,3
MX-MOR,Aedes_aegypti,2013,10,2013-10-01,0
MX-MOR,Aedes_aegypti,2013,11,2013-11-01,0
MX-MOR,Aedes_aegypti,2013,12,2013-12-01,0
MX-MOR,Aedes_aegypti,2014,1,2014-01-01,0
MX-MOR,Aedes_aegypti,2014,2,2014-02-01,0
MX-MOR,Aedes_aegypti,2014,3,2014-03-01,0
MX-MOR,Aedes_aegypti,2014,4,2014-04-01,0
MX-MOR,Aedes_aegypti,2014,5,2014-05-01,0
MX-MOR,Aedes_aegypti,2014,6,2014-06-01,0
MX-MOR,Aedes_aegypti,2014,7,2014-07-01,0
MX-MOR,Aedes_aegypti,2014,8,2014-08-01,0
MX-MOR,Aedes_aegypti,2014,9,2014-09-01,0
MX-MOR,Aedes_aegypti,2014,10,2014-10-01,0
MX-MOR,Aedes_aegypti,2014,11,2014-11-01,0
MX-MOR,Aedes_aegypti,2014,12,2014-12-01,0
MX-MOR,Aedes_aegypti,2015,1,2015-01-01,0
MX-MOR,Aedes_aegypti,2015,2,2015-02-01,0
MX-MOR,Aedes_aegypti,2015,3,2015-03-01,0
MX-MOR,Aedes_aegypti,2015,4,2015-04-01,0
MX-MOR,Aedes_aegypti,2015,5,2015-05-01,0
MX-MOR,Aedes_aegypti,2015,6,2015-06-01,0
MX-MOR,Aedes_aegypti,2015,7,2015-07-01,0
MX-MOR,Aedes_aegypti,2015,8,2015-08-01,0
MX-MOR,Aedes_aegypti,2015,9,2015-09-01,0
MX-MOR,Aedes_aegypti,2015,10,2015-10-01,0
MX-MOR,Aedes_aegypti,2015,11,2015-11-01,3
MX-MOR,Aedes_aegypti,2015,12,2015-12-01,0
MX-MOR,Aedes_aegypti,2016,1,2016-01-01,0
MX-MOR,Aedes_aegypti,2016,2,2016-02-01,0
MX-MOR,Aedes_aegypti,2016,3,2016-03-01,0
MX-MOR,Aedes_aegypti,2016,4,2016-04-01,0
MX-MOR,Aedes_aegypti,2016,5,2016-05-01,0
MX-MOR,Aedes_aegypti,2016,6,2016-06-01,3
MX-MOR,Aedes_aegypti,2016,7,2016-07-01,0
MX-MOR,Aedes_aegypti,2016,8,2016-08-01,0
MX-MOR,Aedes_aegypti,2016,9,2016-09-01,0
MX-MOR,Aedes_aegypti,2016,10,2016-10-01,5
MX-MOR,Aedes_aegypti,2016,11,2016-11-01,0
MX-MOR,Aedes_aegypti,2016,12,2016-12-01,0
MX-MOR,Aedes_aegypti,2017,1,2017-01-01,0
MX-MOR,Aedes_aegypti,2017,2,2017-02-01,0
MX-MOR,Aedes_aegypti,2017,3,2017-03-01,0
MX-MOR,Aedes_aegypti,2017,4,2017-04-01,0
MX-MOR,Aedes_aegypti,2017,5,2017-05-01,0
MX-MOR,Aedes_aegypti,2017,6,2017-06-01,0
MX-MOR,Aedes_aegypti,2017,7,2017-07-01,0
MX-MOR,Aedes_aegypti,2017,8,2017-08-01,0
MX-MOR,Aedes_aegypti,2017,9,2017-09-01,0
MX-MOR,Aedes_aegypti,2017,10,2017-10-01,0
MX-MOR,Aedes_aegypti,2017,11,2017-11-01,0
MX-MOR,Aedes_aegypti,2017,12,2017-12-01,0
MX-MOR,Aedes_aegypti,2018,1,2018-01-01,0
MX-MOR,Aedes_aegypti,2018,2,2018-02-01,0
MX-MOR,Aedes_aegypti,2018,3,2018-03-01,0
MX-MOR,Aedes_aegypti,2018,4,2018-04-01,0
MX-MOR,Aedes_aegypti,2018,5,2018-05-01,0
MX-MOR,Aedes_aegypti,2018,6,2018-06-01,0
MX-MOR,Aedes_aegypti,2018,7,2018-07-01,0
MX-MOR,Aedes_aegypti,2018,8,2018-08-01,0
MX-MOR,Aedes_aegypti,2018,9,2018-09-01,0
MX-MOR,Aedes_aegypti,2018,10,2018-10-01,0
MX-MOR,Aedes_aegypti,2018,11,2018-11-01,0
MX-MOR,Aedes_aegypti,2018,12,2018-12-01,0
MX-MOR,Aedes_aegypti,2019,1,2019-01-01,0
MX-MOR,Aedes_aegypti,2019,2,2019-02-01,0
MX-MOR,Aedes_aegypti,2019,3,2019-03-01,0
MX-MOR,Aedes_aegypti,2019,4,2019-04-01,0
MX-MOR,Aedes_aegypti,2019,5,2019-05-01,3
MX-MOR,Aedes_aegypti,2019,6,2019-06-01,0
MX-MOR,Aedes_aegypti,2019,7,2019-07-01,0
MX-MOR,Aedes_aegypti,2019,8,2019-08-01,0
MX-MOR,Aedes_aegypti,2019,9,2019-09-01,2
MX-MOR,Aedes_aegypti,2019,10,2019-10-01,2
MX-MOR,Aedes_aegypti,2019,11,2019-11-01,3
MX-MOR,Aedes_aegypti,2019,12,2019-12-01,0
MX-MOR,Aedes_aegypti,2020,1,2020-01-01,0
MX-MOR,Aedes_aegypti,2020,2,2020-02-01,2
MX-MOR,Aedes_aegypti,2020,3,2020-03-01,0
MX-MOR,Aedes_aegypti,2020,4,2020-04-01,0
MX-MOR,Aedes_aegypti,2020,5,2020-05-01,1
MX-MOR,Aedes_aegypti,2020,6,2020-06-01,0
MX-MOR,Aedes_aegypti,2020,7,2020-07-01,2
MX-MOR,Aedes_aegypti,2020,8,2020-08-01,2
MX-MOR,Aedes_aegypti,2020,9,2020-09-01,2
MX-MOR,Aedes_aegypti,2020,10,2020-10-01,2
MX-MOR,Aedes_aegypti,2020,11,2020-11-01,0
MX-MOR,Aedes_aegypti,2020,12,2020-12-01,0
MX-MOR,Aedes_aegypti,2021,1,2021-01-01,0
MX-MOR,Aedes_aegypti,2021,2,2021-02-01,0
MX-MOR,Aedes_aegypti,2021,3,2021-03-01,0
MX-MOR,Aedes_aegypti,2021,4,2021-04-01,0
MX-MOR,Aedes_aegypti,2021,5,2021-05-01,0
MX-MOR,Aedes_aegypti,2021,6,2021-06-01,0
MX-MOR,Aedes_aegypti,2021,7,2021-07-01,0
MX-MOR,Aedes_aegypti,2021,8,2021-08-01,0
MX-MOR,Aedes_aegypti,2021,9,2021-09-01,0
MX-MOR,Aedes_aegypti,2021,10,2021-10-01,0
MX-MOR,Aedes_aegypti,2021,11,2021-11-01,0
MX-MOR,Aedes_aegypti,2021,12,2021-12-01,0
MX-MOR,Aedes_aegypti,2022,1,2022-01-01,0
MX-MOR,Aedes_aegypti,2022,2,2022-02-01,0
MX-MOR,Aedes_aegypti,2022,3,2022-03-01,0
MX-MOR,Aedes_aegypti,2022,4,2022-04-01,0
MX-MOR,Aedes_aegypti,2022,5,2022-05-01,0
MX-MOR,Aedes_aegypti,2022,6,2022-06-01,0
MX-MOR,Aedes_aegypti,2022,7,2022-07-01,2
MX-MOR,Aedes_aegypti,2022,8,2022-08-01,0
MX-MOR,Aedes_aegypti,2022,9,2022-09-01,0
MX-MOR,Aedes_aegypti,2022,10,2022-10-01,0
MX-MOR,Aedes_aegypti,2022,11,2022-11-01,0
MX-MOR,Aedes_aegypti,2022,12,2022-12-01,0
MX-MOR,mosquito,2004,1,2004-01-01,0
MX-MOR,mosquito,2004,2,2004-02-01,0
MX-MOR,mosquito,2004,3,2004-03-01,0
MX-MOR,mosquito,2004,4,2004-04-01,0
MX-MOR,mosquito,2004,5,2004-05-01,0
MX-MOR,mosquito,2004,6,2004-06-01,0
MX-MOR,mosquito,2004,7,2004-07-01,0
MX-MOR,mosquito,2004,8,2004-08-01,0
MX-MOR,mosquito,2004,9,2004-09-01,0
MX-MOR,mosquito,2004,10,2004-10-01,0
MX-MOR,mosquito,2004,11,2004-11-01,0
MX-MOR,mosquito,2004,12,2004-12-01,0
MX-MOR,mosquito,2005,1,2005-01-01,0
MX-MOR,mosquito,2005,2,2005-02-01,0
MX-MOR,mosquito,2005,3,2005-03-01,0
MX-MOR,mosquito,2005,4,2005-04-01,0
MX-MOR,mosquito,2005,5,2005-05-01,100
MX-MOR,mosquito,2005,6,2005-06-01,0
MX-MOR,mosquito,2005,7,2005-07-01,0
MX-MOR,mosquito,2005,8,2005-08-01,0
MX-MOR,mosquito,2005,9,2005-09-01,0
MX-MOR,mosquito,2005,10,2005-10-01,0
MX-MOR,mosquito,2005,11,2005-11-01,0
MX-MOR,mosquito,2005,12,2005-12-01,0
MX-MOR,mosquito,2006,1,2006-01-01,0
MX-MOR,mosquito,2006,2,2006-02-01,0
MX-MOR,mosquito,2006,3,2006-03-01,0
MX-MOR,mosquito,2006,4,2006-04-01,0
MX-MOR,mosquito,2006,5,2006-05-01,0
MX-MOR,mosquito,2006,6,2006-06-01,0
MX-MOR,mosquito,2006,7,2006-07-01,0
MX-MOR,mosquito,2006,8,2006-08-01,0
MX-MOR,mosquito,2006,9,2006-09-01,0
MX-MOR,mosquito,2006,10,2006-10-01,0
MX-MOR,mosquito,2006,11,2006-11-01,0
MX-MOR,mosquito,2006,12,2006-12-01,0
MX-MOR,mosquito,2007,1,2007-01-01,0
MX-MOR,mosquito,2007,2,2007-02-01,0
MX-MOR,mosquito,2007,3,2007-03-01,0
MX-MOR,mosquito,2007,4,2007-04-01,0
MX-MOR,mosquito,2007,5,2007-05-01,0
MX-MOR,mosquito,2007,6,2007-06-01,0
MX-MOR,mosquito,2007,7,2007-07-01,0
MX-MOR,mosquito,2007,8,2007-08-01,0
MX-MOR,mosquito,2007,9,2007-09-01,0
MX-MOR,mosquito,2007,10,2007-10-01,0
MX-MOR,mosquito,2007,11,2007-11-01,0
MX-MOR,mosquito,2007,12,2007-12-01,0
MX-MOR,mosquito,2008,1,2008-01-01,0
MX-MOR,mosquito,2008,2,2008-02-01,0
MX-MOR,mosquito,2008,3,2008-03-01,0
MX-MOR,mosquito,2008,4,2008-04-01,0
MX-MOR,mosquito,2008,5,2008-05-01,0
MX-MOR,mosquito,2008,6,2008-06-01,0
MX-MOR,mosquito,2008,7,2008-07-01,0
MX-MOR,mosquito,2008,8,2008-08-01,0
MX-MOR,mosquito,2008,9,2008-09-01,0
MX-MOR,mosquito,2008,10,2008-10-01,0
MX-MOR,mosquito,2008,11,2008-11-01,0
MX-MOR,mosquito,2008,12,2008-12-01,0
MX-MOR,mosquito,2009,1,2009-01-01,0
MX-MOR,mosquito,2009,2,2009-02-01,0
MX-MOR,mosquito,2009,3,2009-03-01,0
MX-MOR,mosquito,2009,4,2009-04-01,0
MX-MOR,mosquito,2009,5,2009-05-01,0
MX-MOR,mosquito,2009,6,2009-06-01,0
MX-MOR,mosquito,2009,7,2009-07-01,0
MX-MOR,mosquito,2009,8,2009-08-01,0
MX-MOR,mosquito,2009,9,2009-09-01,0
MX-MOR,mosquito,2009,10,2009-10-01,0
MX-MOR,mosquito,2009,11,2009-11-01,0
MX-MOR,mosquito,2009,12,2009-12-01,0
MX-MOR,mosquito,2010,1,2010-01-01,0
MX-MOR,mosquito,2010,2,2010-02-01,0
MX-MOR,mosquito,2010,3,2010-03-01,0
MX-MOR,mosquito,2010,4,2010-04-01,0
MX-MOR,mosquito,2010,5,2010-05-01,0
MX-MOR,mosquito,2010,6,2010-06-01,0
MX-MOR,mosquito,2010,7,2010-07-01,0
MX-MOR,mosquito,2010,8,2010-08-01,0
MX-MOR,mosquito,2010,9,2010-09-01,0
MX-MOR,mosquito,2010,10,2010-10-01,0
MX-MOR,mosquito,2010,11,2010-11-01,0
MX-MOR,mosquito,2010,12,2010-12-01,0
MX-MOR,mosquito,2011,1,2011-01-01,0
MX-MOR,mosquito,2011,2,2011-02-01,0
MX-MOR,mosquito,2011,3,2011-03-01,0
MX-MOR,mosquito,2011,4,2011-04-01,0
MX-MOR,mosquito,2011,5,2011-05-01,9
MX-MOR,mosquito,2011,6,2011-06-01,6
MX-MOR,mosquito,2011,7,2011-07-01,0
MX-MOR,mosquito,2011,8,2011-08-01,0
MX-MOR,mosquito,2011,9,2011-09-01,0
MX-MOR,mosquito,2011,10,2011-10-01,8
MX-MOR,mosquito,2011,11,2011-11-01,8
MX-MOR,mosquito,2011,12,2011-12-01,0
MX-MOR,mosquito,2012,1,2012-01-01,5
MX-MOR,mosquito,2012,2,2012-02-01,0
MX-MOR,mosquito,2012,3,2012-03-01,0
MX-MOR,mosquito,2012,4,2012-04-01,0
MX-MOR,mosquito,2012,5,2012-05-01,13
MX-MOR,mosquito,2012,6,2012-06-01,8
MX-MOR,mosquito,2012,7,2012-07-01,0
MX-MOR,mosquito,2012,8,2012-08-01,5
MX-MOR,mosquito,2012,9,2012-09-01,9
MX-MOR,mosquito,2012,10,2012-10-01,9
MX-MOR,mosquito,2012,11,2012-11-01,6
MX-MOR,mosquito,2012,12,2012-12-01,0
MX-MOR,mosquito,2013,1,2013-01-01,4
MX-MOR,mosquito,2013,2,2013-02-01,0
MX-MOR,mosquito,2013,3,2013-03-01,0
MX-MOR,mosquito,2013,4,2013-04-01,3
MX-MOR,mosquito,2013,5,2013-05-01,7
MX-MOR,mosquito,2013,6,2013-06-01,7
MX-MOR,mosquito,2013,7,2013-07-01,0
MX-MOR,mosquito,2013,8,2013-08-01,4
MX-MOR,mosquito,2013,9,2013-09-01,4
MX-MOR,mosquito,2013,10,2013-10-01,5
MX-MOR,mosquito,2013,11,2013-11-01,4
MX-MOR,mosquito,2013,12,2013-12-01,0
MX-MOR,mosquito,2014,1,2014-01-01,0
MX-MOR,mosquito,2014,2,2014-02-01,4
MX-MOR,mosquito,2014,3,2014-03-01,3
MX-MOR,mosquito,2014,4,2014-04-01,4
MX-MOR,mosquito,2014,5,2014-05-01,7
MX-MOR,mosquito,2014,6,2014-06-01,3
MX-MOR,mosquito,2014,7,2014-07-01,0
MX-MOR,mosquito,2014,8,2014-08-01,0
MX-MOR,mosquito,2014,9,2014-09-01,4
MX-MOR,mosquito,2014,10,2014-10-01,6
MX-MOR,mosquito,2014,11,2014-11-01,0
MX-MOR,mosquito,2014,12,2014-12-01,0
MX-MOR,mosquito,2015,1,2015-01-01,0
MX-MOR,mosquito,2015,2,2015-02-01,0
MX-MOR,mosquito,2015,3,2015-03-01,4
MX-MOR,mosquito,2015,4,2015-04-01,0
MX-MOR,mosquito,2015,5,2015-05-01,6
MX-MOR,mosquito,2015,6,2015-06-01,0
MX-MOR,mosquito,2015,7,2015-07-01,0
MX-MOR,mosquito,2015,8,2015-08-01,0
MX-MOR,mosquito,2015,9,2015-09-01,3
MX-MOR,mosquito,2015,10,2015-10-01,6
MX-MOR,mosquito,2015,11,2015-11-01,4
MX-MOR,mosquito,2015,12,2015-12-01,0
MX-MOR,mosquito,2016,1,2016-01-01,0
MX-MOR,mosquito,2016,2,2016-02-01,0
MX-MOR,mosquito,2016,3,2016-03-01,3
MX-MOR,mosquito,2016,4,2016-04-01,2
MX-MOR,mosquito,2016,5,2016-05-01,4
MX-MOR,mosquito,2016,6,2016-06-01,5
MX-MOR,mosquito,2016,7,2016-07-01,0
MX-MOR,mosquito,2016,8,2016-08-01,0
MX-MOR,mosquito,2016,9,2016-09-01,4
MX-MOR,mosquito,2016,10,2016-10-01,0
MX-MOR,mosquito,2016,11,2016-11-01,0
MX-MOR,mosquito,2016,12,2016-12-01,0
MX-MOR,mosquito,2017,1,2017-01-01,0
MX-MOR,mosquito,2017,2,2017-02-01,0
MX-MOR,mosquito,2017,3,2017-03-01,3
MX-MOR,mosquito,2017,4,2017-04-01,0
MX-MOR,mosquito,2017,5,2017-05-01,0
MX-MOR,mosquito,2017,6,2017-06-01,5
MX-MOR,mosquito,2017,7,2017-07-01,0
MX-MOR,mosquito,2017,8,2017-08-01,0
MX-MOR,mosquito,2017,9,2017-09-01,0
MX-MOR,mosquito,2017,10,2017-10-01,6
MX-MOR,mosquito,2017,11,2017-11-01,5
MX-MOR,mosquito,2017,12,2017-12-01,0
MX-MOR,mosquito,2018,1,2018-01-01,0
MX-MOR,mosquito,2018,2,2018-02-01,0
MX-MOR,mosquito,2018,3,2018-03-01,0
MX-MOR,mosquito,2018,4,2018-04-01,5
MX-MOR,mosquito,2018,5,2018-05-01,0
MX-MOR,mosquito,2018,6,2018-06-01,3
MX-MOR,mosquito,2018,7,2018-07-01,3
MX-MOR,mosquito,2018,8,2018-08-01,3
MX-MOR,mosquito,2018,9,2018-09-01,3
MX-MOR,mosquito,2018,10,2018-10-01,5
MX-MOR,mosquito,2018,11,2018-11-01,0
MX-MOR,mosquito,2018,12,2018-12-01,0
MX-MOR,mosquito,2019,1,2019-01-01,0
MX-MOR,mosquito,2019,2,2019-02-01,0
MX-MOR,mosquito,2019,3,2019-03-01,3
MX-MOR,mosquito,2019,4,2019-04-01,0
MX-MOR,mosquito,2019,5,2019-05-01,5
MX-MOR,mosquito,2019,6,2019-06-01,3
MX-MOR,mosquito,2019,7,2019-07-01,0
MX-MOR,mosquito,2019,8,2019-08-01,0
MX-MOR,mosquito,2019,9,2019-09-01,3
MX-MOR,mosquito,2019,10,2019-10-01,3
MX-MOR,mosquito,2019,11,2019-11-01,3
MX-MOR,mosquito,2019,12,2019-12-01,0
MX-MOR,mosquito,2020,1,2020-01-01,0
MX-MOR,mosquito,2020,2,2020-02-01,0
MX-MOR,mosquito,2020,3,2020-03-01,3
MX-MOR,mosquito,2020,4,2020-04-01,4
MX-MOR,mosquito,2020,5,2020-05-01,3
MX-MOR,mosquito,2020,6,2020-06-01,0
MX-MOR,mosquito,2020,7,2020-07-01,0
MX-MOR,mosquito,2020,8,2020-08-01,3
MX-MOR,mosquito,2020,9,2020-09-01,3
MX-MOR,mosquito,2020,10,2020-10-01,3
MX-MOR,mosquito,2020,11,2020-11-01,2
MX-MOR,mosquito,2020,12,2020-12-01,0
MX-MOR,mosquito,2021,1,2021-01-01,0
MX-MOR,mosquito,2021,2,2021-02-01,0
MX-MOR,mosquito,2021,3,2021-03-01,0
MX-MOR,mosquito,2021,4,2021-04-01,3
MX-MOR,mosquito,2021,5,2021-05-01,2
MX-MOR,mosquito,2021,6,2021-06-01,2
MX-MOR,mosquito,2021,7,2021-07-01,0
MX-MOR,mosquito,2021,8,2021-08-01,0
MX-MOR,mosquito,2021,9,2021-09-01,2
MX-MOR,mosquito,2021,10,2021-10-01,3
MX-MOR,mosquito,2021,11,2021-11-01,0
MX-MOR,mosquito,2021,12,2021-12-01,0
MX-MOR,mosquito,2022,1,2022-01-01,0
MX-MOR,mosquito,2022,2,2022-02-01,2
MX-MOR,mosquito,2022,3,2022-03-01,3
MX-MOR,mosquito,2022,4,2022-04-01,4
MX-MOR,mosquito,2022,5,2022-05-01,3
MX-MOR,mosquito,2022,6,2022-06-01,2
MX-MOR,mosquito,2022,7,2022-07-01,0
MX-MOR,mosquito,2022,8,2022-08-01,0
MX-MOR,mosquito,2022,9,2022-09-01,3
MX-MOR,mosquito,2022,10,2022-10-01,4
MX-MOR,mosquito,2022,11,2022-11-01,3
MX-MOR,mosquito,2022,12,2022-12-01,0
MX-MOR,vector,2004,1,2004-01-01,0
MX-MOR,vector,2004,2,2004-02-01,0
MX-MOR,vector,2004,3,2004-03-01,0
MX-MOR,vector,2004,4,2004-04-01,0
MX-MOR,vector,2004,5,2004-05-01,0
MX-MOR,vector,2004,6,2004-06-01,0
MX-MOR,vector,2004,7,2004-07-01,0
MX-MOR,vector,2004,8,2004-08-01,0
MX-MOR,vector,2004,9,2004-09-01,0
MX-MOR,vector,2004,10,2004-10-01,0
MX-MOR,vector,2004,11,2004-11-01,0
MX-MOR,vector,2004,12,2004-12-01,0
MX-MOR,vector,2005,1,2005-01-01,0
MX-MOR,vector,2005,2,2005-02-01,0
MX-MOR,vector,2005,3,2005-03-01,0
MX-MOR,vector,2005,4,2005-04-01,0
MX-MOR,vector,2005,5,2005-05-01,0
MX-MOR,vector,2005,6,2005-06-01,0
MX-MOR,vector,2005,7,2005-07-01,0
MX-MOR,vector,2005,8,2005-08-01,0
MX-MOR,vector,2005,9,2005-09-01,0
MX-MOR,vector,2005,10,2005-10-01,0
MX-MOR,vector,2005,11,2005-11-01,0
MX-MOR,vector,2005,12,2005-12-01,0
MX-MOR,vector,2006,1,2006-01-01,0
MX-MOR,vector,2006,2,2006-02-01,0
MX-MOR,vector,2006,3,2006-03-01,0
MX-MOR,vector,2006,4,2006-04-01,0
MX-MOR,vector,2006,5,2006-05-01,0
MX-MOR,vector,2006,6,2006-06-01,0
MX-MOR,vector,2006,7,2006-07-01,0
MX-MOR,vector,2006,8,2006-08-01,0
MX-MOR,vector,2006,9,2006-09-01,0
MX-MOR,vector,2006,10,2006-10-01,0
MX-MOR,vector,2006,11,2006-11-01,0
MX-MOR,vector,2006,12,2006-12-01,0
MX-MOR,vector,2007,1,2007-01-01,0
MX-MOR,vector,2007,2,2007-02-01,0
MX-MOR,vector,2007,3,2007-03-01,0
MX-MOR,vector,2007,4,2007-04-01,0
MX-MOR,vector,2007,5,2007-05-01,0
MX-MOR,vector,2007,6,2007-06-01,0
MX-MOR,vector,2007,7,2007-07-01,0
MX-MOR,vector,2007,8,2007-08-01,0
MX-MOR,vector,2007,9,2007-09-01,0
MX-MOR,vector,2007,10,2007-10-01,0
MX-MOR,vector,2007,11,2007-11-01,0
MX-MOR,vector,2007,12,2007-12-01,0
MX-MOR,vector,2008,1,2008-01-01,0
MX-MOR,vector,2008,2,2008-02-01,0
MX-MOR,vector,2008,3,2008-03-01,0
MX-MOR,vector,2008,4,2008-04-01,0
MX-MOR,vector,2008,5,2008-05-01,0
MX-MOR,vector,2008,6,2008-06-01,0
MX-MOR,vector,2008,7,2008-07-01,0
MX-MOR,vector,2008,8,2008-08-01,0
MX-MOR,vector,2008,9,2008-09-01,0
MX-MOR,vector,2008,10,2008-10-01,0
MX-MOR,vector,2008,11,2008-11-01,0
MX-MOR,vector,2008,12,2008-12-01,0
MX-MOR,vector,2009,1,2009-01-01,0
MX-MOR,vector,2009,2,2009-02-01,0
MX-MOR,vector,2009,3,2009-03-01,0
MX-MOR,vector,2009,4,2009-04-01,0
MX-MOR,vector,2009,5,2009-05-01,0
MX-MOR,vector,2009,6,2009-06-01,0
MX-MOR,vector,2009,7,2009-07-01,0
MX-MOR,vector,2009,8,2009-08-01,0
MX-MOR,vector,2009,9,2009-09-01,0
MX-MOR,vector,2009,10,2009-10-01,0
MX-MOR,vector,2009,11,2009-11-01,0
MX-MOR,vector,2009,12,2009-12-01,0
MX-MOR,vector,2010,1,2010-01-01,0
MX-MOR,vector,2010,2,2010-02-01,0
MX-MOR,vector,2010,3,2010-03-01,0
MX-MOR,vector,2010,4,2010-04-01,0
MX-MOR,vector,2010,5,2010-05-01,0
MX-MOR,vector,2010,6,2010-06-01,0
MX-MOR,vector,2010,7,2010-07-01,0
MX-MOR,vector,2010,8,2010-08-01,0
MX-MOR,vector,2010,9,2010-09-01,0
MX-MOR,vector,2010,10,2010-10-01,0
MX-MOR,vector,2010,11,2010-11-01,0
MX-MOR,vector,2010,12,2010-12-01,0
MX-MOR,vector,2011,1,2011-01-01,0
MX-MOR,vector,2011,2,2011-02-01,0
MX-MOR,vector,2011,3,2011-03-01,0
MX-MOR,vector,2011,4,2011-04-01,0
MX-MOR,vector,2011,5,2011-05-01,59
MX-MOR,vector,2011,6,2011-06-01,0
MX-MOR,vector,2011,7,2011-07-01,0
MX-MOR,vector,2011,8,2011-08-01,72
MX-MOR,vector,2011,9,2011-09-01,79
MX-MOR,vector,2011,10,2011-10-01,44
MX-MOR,vector,2011,11,2011-11-01,43
MX-MOR,vector,2011,12,2011-12-01,0
MX-MOR,vector,2012,1,2012-01-01,42
MX-MOR,vector,2012,2,2012-02-01,67
MX-MOR,vector,2012,3,2012-03-01,46
MX-MOR,vector,2012,4,2012-04-01,0
MX-MOR,vector,2012,5,2012-05-01,0
MX-MOR,vector,2012,6,2012-06-01,0
MX-MOR,vector,2012,7,2012-07-01,0
MX-MOR,vector,2012,8,2012-08-01,59
MX-MOR,vector,2012,9,2012-09-01,100
MX-MOR,vector,2012,10,2012-10-01,34
MX-MOR,vector,2012,11,2012-11-01,50
MX-MOR,vector,2012,12,2012-12-01,47
MX-MOR,vector,2013,1,2013-01-01,46
MX-MOR,vector,2013,2,2013-02-01,41
MX-MOR,vector,2013,3,2013-03-01,0
MX-MOR,vector,2013,4,2013-04-01,31
MX-MOR,vector,2013,5,2013-05-01,50
MX-MOR,vector,2013,6,2013-06-01,32
MX-MOR,vector,2013,7,2013-07-01,38
MX-MOR,vector,2013,8,2013-08-01,35
MX-MOR,vector,2013,9,2013-09-01,64
MX-MOR,vector,2013,10,2013-10-01,32
MX-MOR,vector,2013,11,2013-11-01,26
MX-MOR,vector,2013,12,2013-12-01,34
MX-MOR,vector,2014,1,2014-01-01,0
MX-MOR,vector,2014,2,2014-02-01,73
MX-MOR,vector,2014,3,2014-03-01,45
MX-MOR,vector,2014,4,2014-04-01,32
MX-MOR,vector,2014,5,2014-05-01,40
MX-MOR,vector,2014,6,2014-06-01,35
MX-MOR,vector,2014,7,2014-07-01,0
MX-MOR,vector,2014,8,2014-08-01,48
MX-MOR,vector,2014,9,2014-09-01,39
MX-MOR,vector,2014,10,2014-10-01,44
MX-MOR,vector,2014,11,2014-11-01,46
MX-MOR,vector,2014,12,2014-12-01,0
MX-MOR,vector,2015,1,2015-01-01,0
MX-MOR,vector,2015,2,2015-02-01,55
MX-MOR,vector,2015,3,2015-03-01,34
MX-MOR,vector,2015,4,2015-04-01,0
MX-MOR,vector,2015,5,2015-05-01,0
MX-MOR,vector,2015,6,2015-06-01,0
MX-MOR,vector,2015,7,2015-07-01,36
MX-MOR,vector,2015,8,2015-08-01,35
MX-MOR,vector,2015,9,2015-09-01,55
MX-MOR,vector,2015,10,2015-10-01,45
MX-MOR,vector,2015,11,2015-11-01,47
MX-MOR,vector,2015,12,2015-12-01,0
MX-MOR,vector,2016,1,2016-01-01,38
MX-MOR,vector,2016,2,2016-02-01,28
MX-MOR,vector,2016,3,2016-03-01,32
MX-MOR,vector,2016,4,2016-04-01,22
MX-MOR,vector,2016,5,2016-05-01,29
MX-MOR,vector,2016,6,2016-06-01,41
MX-MOR,vector,2016,7,2016-07-01,37
MX-MOR,vector,2016,8,2016-08-01,0
MX-MOR,vector,2016,9,2016-09-01,52
MX-MOR,vector,2016,10,2016-10-01,57
MX-MOR,vector,2016,11,2016-11-01,0
MX-MOR,vector,2016,12,2016-12-01,0
MX-MOR,vector,2017,1,2017-01-01,0
MX-MOR,vector,2017,2,2017-02-01,0
MX-MOR,vector,2017,3,2017-03-01,0
MX-MOR,vector,2017,4,2017-04-01,0
MX-MOR,vector,2017,5,2017-05-01,0
MX-MOR,vector,2017,6,2017-06-01,0
MX-MOR,vector,2017,7,2017-07-01,0
MX-MOR,vector,2017,8,2017-08-01,0
MX-MOR,vector,2017,9,2017-09-01,0
MX-MOR,vector,2017,10,2017-10-01,0
MX-MOR,vector,2017,11,2017-11-01,0
MX-MOR,vector,2017,12,2017-12-01,0
MX-MOR,vector,2018,1,2018-01-01,0
MX-MOR,vector,2018,2,2018-02-01,0
MX-MOR,vector,2018,3,2018-03-01,0
MX-MOR,vector,2018,4,2018-04-01,0
MX-MOR,vector,2018,5,2018-05-01,0
MX-MOR,vector,2018,6,2018-06-01,0
MX-MOR,vector,2018,7,2018-07-01,0
MX-MOR,vector,2018,8,2018-08-01,0
MX-MOR,vector,2018,9,2018-09-01,0
MX-MOR,vector,2018,10,2018-10-01,0
MX-MOR,vector,2018,11,2018-11-01,0
MX-MOR,vector,2018,12,2018-12-01,0
MX-MOR,vector,2019,1,2019-01-01,0
MX-MOR,vector,2019,2,2019-02-01,0
MX-MOR,vector,2019,3,2019-03-01,0
MX-MOR,vector,2019,4,2019-04-01,0
MX-MOR,vector,2019,5,2019-05-01,0
MX-MOR,vector,2019,6,2019-06-01,0
MX-MOR,vector,2019,7,2019-07-01,0
MX-MOR,vector,2019,8,2019-08-01,0
MX-MOR,vector,2019,9,2019-09-01,0
MX-MOR,vector,2019,10,2019-10-01,0
MX-MOR,vector,2019,11,2019-11-01,0
MX-MOR,vector,2019,12,2019-12-01,0
MX-MOR,vector,2020,1,2020-01-01,0
MX-MOR,vector,2020,2,2020-02-01,0
MX-MOR,vector,2020,3,2020-03-01,0
MX-MOR,vector,2020,4,2020-04-01,0
MX-MOR,vector,2020,5,2020-05-01,0
MX-MOR,vector,2020,6,2020-06-01,0
MX-MOR,vector,2020,7,2020-07-01,0
MX-MOR,vector,2020,8,2020-08-01,0
MX-MOR,vector,2020,9,2020-09-01,0
MX-MOR,vector,2020,10,2020-10-01,0
MX-MOR,vector,2020,11,2020-11-01,0
MX-MOR,vector,2020,12,2020-12-01,0
MX-MOR,vector,2021,1,2021-01-01,0
MX-MOR,vector,2021,2,2021-02-01,25
MX-MOR,vector,2021,3,2021-03-01,19
MX-MOR,vector,2021,4,2021-04-01,21
MX-MOR,vector,2021,5,2021-05-01,0
MX-MOR,vector,2021,6,2021-06-01,17
MX-MOR,vector,2021,7,2021-07-01,20
MX-MOR,vector,2021,8,2021-08-01,0
MX-MOR,vector,2021,9,2021-09-01,0
MX-MOR,vector,2021,10,2021-10-01,0
MX-MOR,vector,2021,11,2021-11-01,0
MX-MOR,vector,2021,12,2021-12-01,0
MX-MOR,vector,2022,1,2022-01-01,0
MX-MOR,vector,2022,2,2022-02-01,31
MX-MOR,vector,2022,3,2022-03-01,37
MX-MOR,vector,2022,4,2022-04-01,22
MX-MOR,vector,2022,5,2022-05-01,37
MX-MOR,vector,2022,6,2022-06-01,24
MX-MOR,vector,2022,7,2022-07-01,21
MX-MOR,vector,2022,8,2022-08-01,25
MX-MOR,vector,2022,9,2022-09-01,46
MX-MOR,vector,2022,10,2022-10-01,50
MX-MOR,vector,2022,11,2022-11-01,23
MX-MOR,vector,2022,12,2022-12-01,27
MX-NAY,Aedes_aegypti,2004,1,2004-01-01,0
MX-NAY,Aedes_aegypti,2004,2,2004-02-01,0
MX-NAY,Aedes_aegypti,2004,3,2004-03-01,0
MX-NAY,Aedes_aegypti,2004,4,2004-04-01,0
MX-NAY,Aedes_aegypti,2004,5,2004-05-01,0
MX-NAY,Aedes_aegypti,2004,6,2004-06-01,0
MX-NAY,Aedes_aegypti,2004,7,2004-07-01,0
MX-NAY,Aedes_aegypti,2004,8,2004-08-01,0
MX-NAY,Aedes_aegypti,2004,9,2004-09-01,0
MX-NAY,Aedes_aegypti,2004,10,2004-10-01,0
MX-NAY,Aedes_aegypti,2004,11,2004-11-01,0
MX-NAY,Aedes_aegypti,2004,12,2004-12-01,0
MX-NAY,Aedes_aegypti,2005,1,2005-01-01,0
MX-NAY,Aedes_aegypti,2005,2,2005-02-01,0
MX-NAY,Aedes_aegypti,2005,3,2005-03-01,0
MX-NAY,Aedes_aegypti,2005,4,2005-04-01,0
MX-NAY,Aedes_aegypti,2005,5,2005-05-01,0
MX-NAY,Aedes_aegypti,2005,6,2005-06-01,0
MX-NAY,Aedes_aegypti,2005,7,2005-07-01,0
MX-NAY,Aedes_aegypti,2005,8,2005-08-01,0
MX-NAY,Aedes_aegypti,2005,9,2005-09-01,0
MX-NAY,Aedes_aegypti,2005,10,2005-10-01,0
MX-NAY,Aedes_aegypti,2005,11,2005-11-01,0
MX-NAY,Aedes_aegypti,2005,12,2005-12-01,0
MX-NAY,Aedes_aegypti,2006,1,2006-01-01,0
MX-NAY,Aedes_aegypti,2006,2,2006-02-01,0
MX-NAY,Aedes_aegypti,2006,3,2006-03-01,0
MX-NAY,Aedes_aegypti,2006,4,2006-04-01,0
MX-NAY,Aedes_aegypti,2006,5,2006-05-01,0
MX-NAY,Aedes_aegypti,2006,6,2006-06-01,0
MX-NAY,Aedes_aegypti,2006,7,2006-07-01,0
MX-NAY,Aedes_aegypti,2006,8,2006-08-01,0
MX-NAY,Aedes_aegypti,2006,9,2006-09-01,0
MX-NAY,Aedes_aegypti,2006,10,2006-10-01,0
MX-NAY,Aedes_aegypti,2006,11,2006-11-01,0
MX-NAY,Aedes_aegypti,2006,12,2006-12-01,0
MX-NAY,Aedes_aegypti,2007,1,2007-01-01,0
MX-NAY,Aedes_aegypti,2007,2,2007-02-01,0
MX-NAY,Aedes_aegypti,2007,3,2007-03-01,0
MX-NAY,Aedes_aegypti,2007,4,2007-04-01,0
MX-NAY,Aedes_aegypti,2007,5,2007-05-01,0
MX-NAY,Aedes_aegypti,2007,6,2007-06-01,0
MX-NAY,Aedes_aegypti,2007,7,2007-07-01,0
MX-NAY,Aedes_aegypti,2007,8,2007-08-01,0
MX-NAY,Aedes_aegypti,2007,9,2007-09-01,0
MX-NAY,Aedes_aegypti,2007,10,2007-10-01,0
MX-NAY,Aedes_aegypti,2007,11,2007-11-01,0
MX-NAY,Aedes_aegypti,2007,12,2007-12-01,0
MX-NAY,Aedes_aegypti,2008,1,2008-01-01,0
MX-NAY,Aedes_aegypti,2008,2,2008-02-01,0
MX-NAY,Aedes_aegypti,2008,3,2008-03-01,0
MX-NAY,Aedes_aegypti,2008,4,2008-04-01,0
MX-NAY,Aedes_aegypti,2008,5,2008-05-01,0
MX-NAY,Aedes_aegypti,2008,6,2008-06-01,0
MX-NAY,Aedes_aegypti,2008,7,2008-07-01,0
MX-NAY,Aedes_aegypti,2008,8,2008-08-01,0
MX-NAY,Aedes_aegypti,2008,9,2008-09-01,0
MX-NAY,Aedes_aegypti,2008,10,2008-10-01,0
MX-NAY,Aedes_aegypti,2008,11,2008-11-01,0
MX-NAY,Aedes_aegypti,2008,12,2008-12-01,0
MX-NAY,Aedes_aegypti,2009,1,2009-01-01,0
MX-NAY,Aedes_aegypti,2009,2,2009-02-01,0
MX-NAY,Aedes_aegypti,2009,3,2009-03-01,0
MX-NAY,Aedes_aegypti,2009,4,2009-04-01,0
MX-NAY,Aedes_aegypti,2009,5,2009-05-01,0
MX-NAY,Aedes_aegypti,2009,6,2009-06-01,0
MX-NAY,Aedes_aegypti,2009,7,2009-07-01,0
MX-NAY,Aedes_aegypti,2009,8,2009-08-01,0
MX-NAY,Aedes_aegypti,2009,9,2009-09-01,0
MX-NAY,Aedes_aegypti,2009,10,2009-10-01,0
MX-NAY,Aedes_aegypti,2009,11,2009-11-01,0
MX-NAY,Aedes_aegypti,2009,12,2009-12-01,0
MX-NAY,Aedes_aegypti,2010,1,2010-01-01,0
MX-NAY,Aedes_aegypti,2010,2,2010-02-01,0
MX-NAY,Aedes_aegypti,2010,3,2010-03-01,0
MX-NAY,Aedes_aegypti,2010,4,2010-04-01,0
MX-NAY,Aedes_aegypti,2010,5,2010-05-01,0
MX-NAY,Aedes_aegypti,2010,6,2010-06-01,0
MX-NAY,Aedes_aegypti,2010,7,2010-07-01,0
MX-NAY,Aedes_aegypti,2010,8,2010-08-01,0
MX-NAY,Aedes_aegypti,2010,9,2010-09-01,0
MX-NAY,Aedes_aegypti,2010,10,2010-10-01,0
MX-NAY,Aedes_aegypti,2010,11,2010-11-01,0
MX-NAY,Aedes_aegypti,2010,12,2010-12-01,0
MX-NAY,Aedes_aegypti,2011,1,2011-01-01,0
MX-NAY,Aedes_aegypti,2011,2,2011-02-01,0
MX-NAY,Aedes_aegypti,2011,3,2011-03-01,0
MX-NAY,Aedes_aegypti,2011,4,2011-04-01,0
MX-NAY,Aedes_aegypti,2011,5,2011-05-01,0
MX-NAY,Aedes_aegypti,2011,6,2011-06-01,0
MX-NAY,Aedes_aegypti,2011,7,2011-07-01,0
MX-NAY,Aedes_aegypti,2011,8,2011-08-01,0
MX-NAY,Aedes_aegypti,2011,9,2011-09-01,0
MX-NAY,Aedes_aegypti,2011,10,2011-10-01,0
MX-NAY,Aedes_aegypti,2011,11,2011-11-01,0
MX-NAY,Aedes_aegypti,2011,12,2011-12-01,0
MX-NAY,Aedes_aegypti,2012,1,2012-01-01,0
MX-NAY,Aedes_aegypti,2012,2,2012-02-01,0
MX-NAY,Aedes_aegypti,2012,3,2012-03-01,0
MX-NAY,Aedes_aegypti,2012,4,2012-04-01,0
MX-NAY,Aedes_aegypti,2012,5,2012-05-01,0
MX-NAY,Aedes_aegypti,2012,6,2012-06-01,0
MX-NAY,Aedes_aegypti,2012,7,2012-07-01,0
MX-NAY,Aedes_aegypti,2012,8,2012-08-01,0
MX-NAY,Aedes_aegypti,2012,9,2012-09-01,0
MX-NAY,Aedes_aegypti,2012,10,2012-10-01,0
MX-NAY,Aedes_aegypti,2012,11,2012-11-01,0
MX-NAY,Aedes_aegypti,2012,12,2012-12-01,0
MX-NAY,Aedes_aegypti,2013,1,2013-01-01,0
MX-NAY,Aedes_aegypti,2013,2,2013-02-01,0
MX-NAY,Aedes_aegypti,2013,3,2013-03-01,0
MX-NAY,Aedes_aegypti,2013,4,2013-04-01,0
MX-NAY,Aedes_aegypti,2013,5,2013-05-01,0
MX-NAY,Aedes_aegypti,2013,6,2013-06-01,0
MX-NAY,Aedes_aegypti,2013,7,2013-07-01,0
MX-NAY,Aedes_aegypti,2013,8,2013-08-01,0
MX-NAY,Aedes_aegypti,2013,9,2013-09-01,100
MX-NAY,Aedes_aegypti,2013,10,2013-10-01,0
MX-NAY,Aedes_aegypti,2013,11,2013-11-01,0
MX-NAY,Aedes_aegypti,2013,12,2013-12-01,0
MX-NAY,Aedes_aegypti,2014,1,2014-01-01,0
MX-NAY,Aedes_aegypti,2014,2,2014-02-01,0
MX-NAY,Aedes_aegypti,2014,3,2014-03-01,0
MX-NAY,Aedes_aegypti,2014,4,2014-04-01,0
MX-NAY,Aedes_aegypti,2014,5,2014-05-01,0
MX-NAY,Aedes_aegypti,2014,6,2014-06-01,0
MX-NAY,Aedes_aegypti,2014,7,2014-07-01,0
MX-NAY,Aedes_aegypti,2014,8,2014-08-01,0
MX-NAY,Aedes_aegypti,2014,9,2014-09-01,0
MX-NAY,Aedes_aegypti,2014,10,2014-10-01,0
MX-NAY,Aedes_aegypti,2014,11,2014-11-01,0
MX-NAY,Aedes_aegypti,2014,12,2014-12-01,0
MX-NAY,Aedes_aegypti,2015,1,2015-01-01,0
MX-NAY,Aedes_aegypti,2015,2,2015-02-01,0
MX-NAY,Aedes_aegypti,2015,3,2015-03-01,0
MX-NAY,Aedes_aegypti,2015,4,2015-04-01,0
MX-NAY,Aedes_aegypti,2015,5,2015-05-01,0
MX-NAY,Aedes_aegypti,2015,6,2015-06-01,0
MX-NAY,Aedes_aegypti,2015,7,2015-07-01,0
MX-NAY,Aedes_aegypti,2015,8,2015-08-01,0
MX-NAY,Aedes_aegypti,2015,9,2015-09-01,0
MX-NAY,Aedes_aegypti,2015,10,2015-10-01,0
MX-NAY,Aedes_aegypti,2015,11,2015-11-01,0
MX-NAY,Aedes_aegypti,2015,12,2015-12-01,0
MX-NAY,Aedes_aegypti,2016,1,2016-01-01,0
MX-NAY,Aedes_aegypti,2016,2,2016-02-01,0
MX-NAY,Aedes_aegypti,2016,3,2016-03-01,0
MX-NAY,Aedes_aegypti,2016,4,2016-04-01,0
MX-NAY,Aedes_aegypti,2016,5,2016-05-01,0
MX-NAY,Aedes_aegypti,2016,6,2016-06-01,0
MX-NAY,Aedes_aegypti,2016,7,2016-07-01,0
MX-NAY,Aedes_aegypti,2016,8,2016-08-01,0
MX-NAY,Aedes_aegypti,2016,9,2016-09-01,0
MX-NAY,Aedes_aegypti,2016,10,2016-10-01,0
MX-NAY,Aedes_aegypti,2016,11,2016-11-01,0
MX-NAY,Aedes_aegypti,2016,12,2016-12-01,0
MX-NAY,Aedes_aegypti,2017,1,2017-01-01,0
MX-NAY,Aedes_aegypti,2017,2,2017-02-01,0
MX-NAY,Aedes_aegypti,2017,3,2017-03-01,0
MX-NAY,Aedes_aegypti,2017,4,2017-04-01,0
MX-NAY,Aedes_aegypti,2017,5,2017-05-01,0
MX-NAY,Aedes_aegypti,2017,6,2017-06-01,0
MX-NAY,Aedes_aegypti,2017,7,2017-07-01,0
MX-NAY,Aedes_aegypti,2017,8,2017-08-01,0
MX-NAY,Aedes_aegypti,2017,9,2017-09-01,0
MX-NAY,Aedes_aegypti,2017,10,2017-10-01,0
MX-NAY,Aedes_aegypti,2017,11,2017-11-01,0
MX-NAY,Aedes_aegypti,2017,12,2017-12-01,0
MX-NAY,Aedes_aegypti,2018,1,2018-01-01,0
MX-NAY,Aedes_aegypti,2018,2,2018-02-01,0
MX-NAY,Aedes_aegypti,2018,3,2018-03-01,0
MX-NAY,Aedes_aegypti,2018,4,2018-04-01,0
MX-NAY,Aedes_aegypti,2018,5,2018-05-01,0
MX-NAY,Aedes_aegypti,2018,6,2018-06-01,0
MX-NAY,Aedes_aegypti,2018,7,2018-07-01,0
MX-NAY,Aedes_aegypti,2018,8,2018-08-01,0
MX-NAY,Aedes_aegypti,2018,9,2018-09-01,0
MX-NAY,Aedes_aegypti,2018,10,2018-10-01,0
MX-NAY,Aedes_aegypti,2018,11,2018-11-01,0
MX-NAY,Aedes_aegypti,2018,12,2018-12-01,0
MX-NAY,Aedes_aegypti,2019,1,2019-01-01,0
MX-NAY,Aedes_aegypti,2019,2,2019-02-01,0
MX-NAY,Aedes_aegypti,2019,3,2019-03-01,0
MX-NAY,Aedes_aegypti,2019,4,2019-04-01,0
MX-NAY,Aedes_aegypti,2019,5,2019-05-01,0
MX-NAY,Aedes_aegypti,2019,6,2019-06-01,0
MX-NAY,Aedes_aegypti,2019,7,2019-07-01,0
MX-NAY,Aedes_aegypti,2019,8,2019-08-01,0
MX-NAY,Aedes_aegypti,2019,9,2019-09-01,0
MX-NAY,Aedes_aegypti,2019,10,2019-10-01,73
MX-NAY,Aedes_aegypti,2019,11,2019-11-01,0
MX-NAY,Aedes_aegypti,2019,12,2019-12-01,0
MX-NAY,Aedes_aegypti,2020,1,2020-01-01,0
MX-NAY,Aedes_aegypti,2020,2,2020-02-01,0
MX-NAY,Aedes_aegypti,2020,3,2020-03-01,0
MX-NAY,Aedes_aegypti,2020,4,2020-04-01,0
MX-NAY,Aedes_aegypti,2020,5,2020-05-01,0
MX-NAY,Aedes_aegypti,2020,6,2020-06-01,0
MX-NAY,Aedes_aegypti,2020,7,2020-07-01,0
MX-NAY,Aedes_aegypti,2020,8,2020-08-01,0
MX-NAY,Aedes_aegypti,2020,9,2020-09-01,0
MX-NAY,Aedes_aegypti,2020,10,2020-10-01,51
MX-NAY,Aedes_aegypti,2020,11,2020-11-01,0
MX-NAY,Aedes_aegypti,2020,12,2020-12-01,0
MX-NAY,Aedes_aegypti,2021,1,2021-01-01,0
MX-NAY,Aedes_aegypti,2021,2,2021-02-01,0
MX-NAY,Aedes_aegypti,2021,3,2021-03-01,0
MX-NAY,Aedes_aegypti,2021,4,2021-04-01,0
MX-NAY,Aedes_aegypti,2021,5,2021-05-01,0
MX-NAY,Aedes_aegypti,2021,6,2021-06-01,0
MX-NAY,Aedes_aegypti,2021,7,2021-07-01,0
MX-NAY,Aedes_aegypti,2021,8,2021-08-01,0
MX-NAY,Aedes_aegypti,2021,9,2021-09-01,0
MX-NAY,Aedes_aegypti,2021,10,2021-10-01,0
MX-NAY,Aedes_aegypti,2021,11,2021-11-01,0
MX-NAY,Aedes_aegypti,2021,12,2021-12-01,0
MX-NAY,Aedes_aegypti,2022,1,2022-01-01,0
MX-NAY,Aedes_aegypti,2022,2,2022-02-01,0
MX-NAY,Aedes_aegypti,2022,3,2022-03-01,0
MX-NAY,Aedes_aegypti,2022,4,2022-04-01,0
MX-NAY,Aedes_aegypti,2022,5,2022-05-01,0
MX-NAY,Aedes_aegypti,2022,6,2022-06-01,0
MX-NAY,Aedes_aegypti,2022,7,2022-07-01,0
MX-NAY,Aedes_aegypti,2022,8,2022-08-01,0
MX-NAY,Aedes_aegypti,2022,9,2022-09-01,0
MX-NAY,Aedes_aegypti,2022,10,2022-10-01,0
MX-NAY,Aedes_aegypti,2022,11,2022-11-01,0
MX-NAY,Aedes_aegypti,2022,12,2022-12-01,0
MX-NAY,mosquito,2004,1,2004-01-01,0
MX-NAY,mosquito,2004,2,2004-02-01,0
MX-NAY,mosquito,2004,3,2004-03-01,0
MX-NAY,mosquito,2004,4,2004-04-01,0
MX-NAY,mosquito,2004,5,2004-05-01,0
MX-NAY,mosquito,2004,6,2004-06-01,0
MX-NAY,mosquito,2004,7,2004-07-01,0
MX-NAY,mosquito,2004,8,2004-08-01,0
MX-NAY,mosquito,2004,9,2004-09-01,0
MX-NAY,mosquito,2004,10,2004-10-01,0
MX-NAY,mosquito,2004,11,2004-11-01,0
MX-NAY,mosquito,2004,12,2004-12-01,0
MX-NAY,mosquito,2005,1,2005-01-01,0
MX-NAY,mosquito,2005,2,2005-02-01,0
MX-NAY,mosquito,2005,3,2005-03-01,0
MX-NAY,mosquito,2005,4,2005-04-01,0
MX-NAY,mosquito,2005,5,2005-05-01,0
MX-NAY,mosquito,2005,6,2005-06-01,0
MX-NAY,mosquito,2005,7,2005-07-01,0
MX-NAY,mosquito,2005,8,2005-08-01,0
MX-NAY,mosquito,2005,9,2005-09-01,0
MX-NAY,mosquito,2005,10,2005-10-01,0
MX-NAY,mosquito,2005,11,2005-11-01,0
MX-NAY,mosquito,2005,12,2005-12-01,0
MX-NAY,mosquito,2006,1,2006-01-01,0
MX-NAY,mosquito,2006,2,2006-02-01,0
MX-NAY,mosquito,2006,3,2006-03-01,0
MX-NAY,mosquito,2006,4,2006-04-01,0
MX-NAY,mosquito,2006,5,2006-05-01,0
MX-NAY,mosquito,2006,6,2006-06-01,0
MX-NAY,mosquito,2006,7,2006-07-01,0
MX-NAY,mosquito,2006,8,2006-08-01,0
MX-NAY,mosquito,2006,9,2006-09-01,0
MX-NAY,mosquito,2006,10,2006-10-01,0
MX-NAY,mosquito,2006,11,2006-11-01,0
MX-NAY,mosquito,2006,12,2006-12-01,0
MX-NAY,mosquito,2007,1,2007-01-01,0
MX-NAY,mosquito,2007,2,2007-02-01,0
MX-NAY,mosquito,2007,3,2007-03-01,0
MX-NAY,mosquito,2007,4,2007-04-01,0
MX-NAY,mosquito,2007,5,2007-05-01,0
MX-NAY,mosquito,2007,6,2007-06-01,0
MX-NAY,mosquito,2007,7,2007-07-01,0
MX-NAY,mosquito,2007,8,2007-08-01,0
MX-NAY,mosquito,2007,9,2007-09-01,0
MX-NAY,mosquito,2007,10,2007-10-01,0
MX-NAY,mosquito,2007,11,2007-11-01,0
MX-NAY,mosquito,2007,12,2007-12-01,0
MX-NAY,mosquito,2008,1,2008-01-01,0
MX-NAY,mosquito,2008,2,2008-02-01,0
MX-NAY,mosquito,2008,3,2008-03-01,0
MX-NAY,mosquito,2008,4,2008-04-01,0
MX-NAY,mosquito,2008,5,2008-05-01,0
MX-NAY,mosquito,2008,6,2008-06-01,0
MX-NAY,mosquito,2008,7,2008-07-01,0
MX-NAY,mosquito,2008,8,2008-08-01,0
MX-NAY,mosquito,2008,9,2008-09-01,0
MX-NAY,mosquito,2008,10,2008-10-01,0
MX-NAY,mosquito,2008,11,2008-11-01,0
MX-NAY,mosquito,2008,12,2008-12-01,0
MX-NAY,mosquito,2009,1,2009-01-01,0
MX-NAY,mosquito,2009,2,2009-02-01,0
MX-NAY,mosquito,2009,3,2009-03-01,0
MX-NAY,mosquito,2009,4,2009-04-01,0
MX-NAY,mosquito,2009,5,2009-05-01,0
MX-NAY,mosquito,2009,6,2009-06-01,0
MX-NAY,mosquito,2009,7,2009-07-01,0
MX-NAY,mosquito,2009,8,2009-08-01,0
MX-NAY,mosquito,2009,9,2009-09-01,0
MX-NAY,mosquito,2009,10,2009-10-01,0
MX-NAY,mosquito,2009,11,2009-11-01,0
MX-NAY,mosquito,2009,12,2009-12-01,0
MX-NAY,mosquito,2010,1,2010-01-01,0
MX-NAY,mosquito,2010,2,2010-02-01,0
MX-NAY,mosquito,2010,3,2010-03-01,0
MX-NAY,mosquito,2010,4,2010-04-01,0
MX-NAY,mosquito,2010,5,2010-05-01,0
MX-NAY,mosquito,2010,6,2010-06-01,0
MX-NAY,mosquito,2010,7,2010-07-01,0
MX-NAY,mosquito,2010,8,2010-08-01,0
MX-NAY,mosquito,2010,9,2010-09-01,0
MX-NAY,mosquito,2010,10,2010-10-01,0
MX-NAY,mosquito,2010,11,2010-11-01,0
MX-NAY,mosquito,2010,12,2010-12-01,0
MX-NAY,mosquito,2011,1,2011-01-01,0
MX-NAY,mosquito,2011,2,2011-02-01,0
MX-NAY,mosquito,2011,3,2011-03-01,0
MX-NAY,mosquito,2011,4,2011-04-01,0
MX-NAY,mosquito,2011,5,2011-05-01,0
MX-NAY,mosquito,2011,6,2011-06-01,45
MX-NAY,mosquito,2011,7,2011-07-01,0
MX-NAY,mosquito,2011,8,2011-08-01,0
MX-NAY,mosquito,2011,9,2011-09-01,0
MX-NAY,mosquito,2011,10,2011-10-01,0
MX-NAY,mosquito,2011,11,2011-11-01,0
MX-NAY,mosquito,2011,12,2011-12-01,0
MX-NAY,mosquito,2012,1,2012-01-01,0
MX-NAY,mosquito,2012,2,2012-02-01,0
MX-NAY,mosquito,2012,3,2012-03-01,0
MX-NAY,mosquito,2012,4,2012-04-01,0
MX-NAY,mosquito,2012,5,2012-05-01,0
MX-NAY,mosquito,2012,6,2012-06-01,0
MX-NAY,mosquito,2012,7,2012-07-01,43
MX-NAY,mosquito,2012,8,2012-08-01,0
MX-NAY,mosquito,2012,9,2012-09-01,0
MX-NAY,mosquito,2012,10,2012-10-01,0
MX-NAY,mosquito,2012,11,2012-11-01,0
MX-NAY,mosquito,2012,12,2012-12-01,0
MX-NAY,mosquito,2013,1,2013-01-01,0
MX-NAY,mosquito,2013,2,2013-02-01,0
MX-NAY,mosquito,2013,3,2013-03-01,0
MX-NAY,mosquito,2013,4,2013-04-01,0
MX-NAY,mosquito,2013,5,2013-05-01,38
MX-NAY,mosquito,2013,6,2013-06-01,40
MX-NAY,mosquito,2013,7,2013-07-01,42
MX-NAY,mosquito,2013,8,2013-08-01,71
MX-NAY,mosquito,2013,9,2013-09-01,85
MX-NAY,mosquito,2013,10,2013-10-01,65
MX-NAY,mosquito,2013,11,2013-11-01,0
MX-NAY,mosquito,2013,12,2013-12-01,0
MX-NAY,mosquito,2014,1,2014-01-01,0
MX-NAY,mosquito,2014,2,2014-02-01,0
MX-NAY,mosquito,2014,3,2014-03-01,0
MX-NAY,mosquito,2014,4,2014-04-01,26
MX-NAY,mosquito,2014,5,2014-05-01,43
MX-NAY,mosquito,2014,6,2014-06-01,35
MX-NAY,mosquito,2014,7,2014-07-01,29
MX-NAY,mosquito,2014,8,2014-08-01,36
MX-NAY,mosquito,2014,9,2014-09-01,0
MX-NAY,mosquito,2014,10,2014-10-01,0
MX-NAY,mosquito,2014,11,2014-11-01,0
MX-NAY,mosquito,2014,12,2014-12-01,0
MX-NAY,mosquito,2015,1,2015-01-01,0
MX-NAY,mosquito,2015,2,2015-02-01,0
MX-NAY,mosquito,2015,3,2015-03-01,0
MX-NAY,mosquito,2015,4,2015-04-01,30
MX-NAY,mosquito,2015,5,2015-05-01,0
MX-NAY,mosquito,2015,6,2015-06-01,36
MX-NAY,mosquito,2015,7,2015-07-01,55
MX-NAY,mosquito,2015,8,2015-08-01,48
MX-NAY,mosquito,2015,9,2015-09-01,75
MX-NAY,mosquito,2015,10,2015-10-01,68
MX-NAY,mosquito,2015,11,2015-11-01,49
MX-NAY,mosquito,2015,12,2015-12-01,37
MX-NAY,mosquito,2016,1,2016-01-01,33
MX-NAY,mosquito,2016,2,2016-02-01,37
MX-NAY,mosquito,2016,3,2016-03-01,54
MX-NAY,mosquito,2016,4,2016-04-01,40
MX-NAY,mosquito,2016,5,2016-05-01,34
MX-NAY,mosquito,2016,6,2016-06-01,37
MX-NAY,mosquito,2016,7,2016-07-01,45
MX-NAY,mosquito,2016,8,2016-08-01,52
MX-NAY,mosquito,2016,9,2016-09-01,32
MX-NAY,mosquito,2016,10,2016-10-01,28
MX-NAY,mosquito,2016,11,2016-11-01,23
MX-NAY,mosquito,2016,12,2016-12-01,0
MX-NAY,mosquito,2017,1,2017-01-01,18
MX-NAY,mosquito,2017,2,2017-02-01,0
MX-NAY,mosquito,2017,3,2017-03-01,22
MX-NAY,mosquito,2017,4,2017-04-01,21
MX-NAY,mosquito,2017,5,2017-05-01,0
MX-NAY,mosquito,2017,6,2017-06-01,28
MX-NAY,mosquito,2017,7,2017-07-01,58
MX-NAY,mosquito,2017,8,2017-08-01,32
MX-NAY,mosquito,2017,9,2017-09-01,0
MX-NAY,mosquito,2017,10,2017-10-01,20
MX-NAY,mosquito,2017,11,2017-11-01,28
MX-NAY,mosquito,2017,12,2017-12-01,0
MX-NAY,mosquito,2018,1,2018-01-01,0
MX-NAY,mosquito,2018,2,2018-02-01,0
MX-NAY,mosquito,2018,3,2018-03-01,27
MX-NAY,mosquito,2018,4,2018-04-01,32
MX-NAY,mosquito,2018,5,2018-05-01,0
MX-NAY,mosquito,2018,6,2018-06-01,43
MX-NAY,mosquito,2018,7,2018-07-01,57
MX-NAY,mosquito,2018,8,2018-08-01,26
MX-NAY,mosquito,2018,9,2018-09-01,29
MX-NAY,mosquito,2018,10,2018-10-01,0
MX-NAY,mosquito,2018,11,2018-11-01,20
MX-NAY,mosquito,2018,12,2018-12-01,24
MX-NAY,mosquito,2019,1,2019-01-01,26
MX-NAY,mosquito,2019,2,2019-02-01,0
MX-NAY,mosquito,2019,3,2019-03-01,0
MX-NAY,mosquito,2019,4,2019-04-01,0
MX-NAY,mosquito,2019,5,2019-05-01,0
MX-NAY,mosquito,2019,6,2019-06-01,30
MX-NAY,mosquito,2019,7,2019-07-01,29
MX-NAY,mosquito,2019,8,2019-08-01,40
MX-NAY,mosquito,2019,9,2019-09-01,0
MX-NAY,mosquito,2019,10,2019-10-01,18
MX-NAY,mosquito,2019,11,2019-11-01,0
MX-NAY,mosquito,2019,12,2019-12-01,25
MX-NAY,mosquito,2020,1,2020-01-01,17
MX-NAY,mosquito,2020,2,2020-02-01,16
MX-NAY,mosquito,2020,3,2020-03-01,15
MX-NAY,mosquito,2020,4,2020-04-01,14
MX-NAY,mosquito,2020,5,2020-05-01,17
MX-NAY,mosquito,2020,6,2020-06-01,14
MX-NAY,mosquito,2020,7,2020-07-01,22
MX-NAY,mosquito,2020,8,2020-08-01,21
MX-NAY,mosquito,2020,9,2020-09-01,27
MX-NAY,mosquito,2020,10,2020-10-01,30
MX-NAY,mosquito,2020,11,2020-11-01,25
MX-NAY,mosquito,2020,12,2020-12-01,15
MX-NAY,mosquito,2021,1,2021-01-01,0
MX-NAY,mosquito,2021,2,2021-02-01,23
MX-NAY,mosquito,2021,3,2021-03-01,37
MX-NAY,mosquito,2021,4,2021-04-01,44
MX-NAY,mosquito,2021,5,2021-05-01,55
MX-NAY,mosquito,2021,6,2021-06-01,59
MX-NAY,mosquito,2021,7,2021-07-01,69
MX-NAY,mosquito,2021,8,2021-08-01,61
MX-NAY,mosquito,2021,9,2021-09-01,39
MX-NAY,mosquito,2021,10,2021-10-01,32
MX-NAY,mosquito,2021,11,2021-11-01,30
MX-NAY,mosquito,2021,12,2021-12-01,25
MX-NAY,mosquito,2022,1,2022-01-01,25
MX-NAY,mosquito,2022,2,2022-02-01,14
MX-NAY,mosquito,2022,3,2022-03-01,22
MX-NAY,mosquito,2022,4,2022-04-01,38
MX-NAY,mosquito,2022,5,2022-05-01,35
MX-NAY,mosquito,2022,6,2022-06-01,48
MX-NAY,mosquito,2022,7,2022-07-01,100
MX-NAY,mosquito,2022,8,2022-08-01,96
MX-NAY,mosquito,2022,9,2022-09-01,66
MX-NAY,mosquito,2022,10,2022-10-01,52
MX-NAY,mosquito,2022,11,2022-11-01,39
MX-NAY,mosquito,2022,12,2022-12-01,37
MX-NAY,vector,2004,1,2004-01-01,0
MX-NAY,vector,2004,2,2004-02-01,0
MX-NAY,vector,2004,3,2004-03-01,0
MX-NAY,vector,2004,4,2004-04-01,0
MX-NAY,vector,2004,5,2004-05-01,0
MX-NAY,vector,2004,6,2004-06-01,0
MX-NAY,vector,2004,7,2004-07-01,0
MX-NAY,vector,2004,8,2004-08-01,0
MX-NAY,vector,2004,9,2004-09-01,0
MX-NAY,vector,2004,10,2004-10-01,0
MX-NAY,vector,2004,11,2004-11-01,0
MX-NAY,vector,2004,12,2004-12-01,0
MX-NAY,vector,2005,1,2005-01-01,0
MX-NAY,vector,2005,2,2005-02-01,0
MX-NAY,vector,2005,3,2005-03-01,0
MX-NAY,vector,2005,4,2005-04-01,0
MX-NAY,vector,2005,5,2005-05-01,0
MX-NAY,vector,2005,6,2005-06-01,0
MX-NAY,vector,2005,7,2005-07-01,0
MX-NAY,vector,2005,8,2005-08-01,0
MX-NAY,vector,2005,9,2005-09-01,0
MX-NAY,vector,2005,10,2005-10-01,0
MX-NAY,vector,2005,11,2005-11-01,0
MX-NAY,vector,2005,12,2005-12-01,0
MX-NAY,vector,2006,1,2006-01-01,0
MX-NAY,vector,2006,2,2006-02-01,0
MX-NAY,vector,2006,3,2006-03-01,0
MX-NAY,vector,2006,4,2006-04-01,0
MX-NAY,vector,2006,5,2006-05-01,0
MX-NAY,vector,2006,6,2006-06-01,0
MX-NAY,vector,2006,7,2006-07-01,0
MX-NAY,vector,2006,8,2006-08-01,0
MX-NAY,vector,2006,9,2006-09-01,0
MX-NAY,vector,2006,10,2006-10-01,0
MX-NAY,vector,2006,11,2006-11-01,0
MX-NAY,vector,2006,12,2006-12-01,0
MX-NAY,vector,2007,1,2007-01-01,0
MX-NAY,vector,2007,2,2007-02-01,0
MX-NAY,vector,2007,3,2007-03-01,0
MX-NAY,vector,2007,4,2007-04-01,0
MX-NAY,vector,2007,5,2007-05-01,0
MX-NAY,vector,2007,6,2007-06-01,0
MX-NAY,vector,2007,7,2007-07-01,0
MX-NAY,vector,2007,8,2007-08-01,0
MX-NAY,vector,2007,9,2007-09-01,0
MX-NAY,vector,2007,10,2007-10-01,0
MX-NAY,vector,2007,11,2007-11-01,0
MX-NAY,vector,2007,12,2007-12-01,0
MX-NAY,vector,2008,1,2008-01-01,0
MX-NAY,vector,2008,2,2008-02-01,0
MX-NAY,vector,2008,3,2008-03-01,0
MX-NAY,vector,2008,4,2008-04-01,0
MX-NAY,vector,2008,5,2008-05-01,0
MX-NAY,vector,2008,6,2008-06-01,0
MX-NAY,vector,2008,7,2008-07-01,0
MX-NAY,vector,2008,8,2008-08-01,0
MX-NAY,vector,2008,9,2008-09-01,100
MX-NAY,vector,2008,10,2008-10-01,0
MX-NAY,vector,2008,11,2008-11-01,0
MX-NAY,vector,2008,12,2008-12-01,0
MX-NAY,vector,2009,1,2009-01-01,0
MX-NAY,vector,2009,2,2009-02-01,0
MX-NAY,vector,2009,3,2009-03-01,0
MX-NAY,vector,2009,4,2009-04-01,0
MX-NAY,vector,2009,5,2009-05-01,0
MX-NAY,vector,2009,6,2009-06-01,0
MX-NAY,vector,2009,7,2009-07-01,0
MX-NAY,vector,2009,8,2009-08-01,0
MX-NAY,vector,2009,9,2009-09-01,0
MX-NAY,vector,2009,10,2009-10-01,0
MX-NAY,vector,2009,11,2009-11-01,0
MX-NAY,vector,2009,12,2009-12-01,0
MX-NAY,vector,2010,1,2010-01-01,0
MX-NAY,vector,2010,2,2010-02-01,0
MX-NAY,vector,2010,3,2010-03-01,0
MX-NAY,vector,2010,4,2010-04-01,0
MX-NAY,vector,2010,5,2010-05-01,0
MX-NAY,vector,2010,6,2010-06-01,0
MX-NAY,vector,2010,7,2010-07-01,0
MX-NAY,vector,2010,8,2010-08-01,0
MX-NAY,vector,2010,9,2010-09-01,53
MX-NAY,vector,2010,10,2010-10-01,0
MX-NAY,vector,2010,11,2010-11-01,0
MX-NAY,vector,2010,12,2010-12-01,0
MX-NAY,vector,2011,1,2011-01-01,0
MX-NAY,vector,2011,2,2011-02-01,0
MX-NAY,vector,2011,3,2011-03-01,0
MX-NAY,vector,2011,4,2011-04-01,0
MX-NAY,vector,2011,5,2011-05-01,0
MX-NAY,vector,2011,6,2011-06-01,0
MX-NAY,vector,2011,7,2011-07-01,0
MX-NAY,vector,2011,8,2011-08-01,0
MX-NAY,vector,2011,9,2011-09-01,25
MX-NAY,vector,2011,10,2011-10-01,0
MX-NAY,vector,2011,11,2011-11-01,0
MX-NAY,vector,2011,12,2011-12-01,0
MX-NAY,vector,2012,1,2012-01-01,0
MX-NAY,vector,2012,2,2012-02-01,0
MX-NAY,vector,2012,3,2012-03-01,0
MX-NAY,vector,2012,4,2012-04-01,0
MX-NAY,vector,2012,5,2012-05-01,0
MX-NAY,vector,2012,6,2012-06-01,0
MX-NAY,vector,2012,7,2012-07-01,0
MX-NAY,vector,2012,8,2012-08-01,19
MX-NAY,vector,2012,9,2012-09-01,0
MX-NAY,vector,2012,10,2012-10-01,0
MX-NAY,vector,2012,11,2012-11-01,0
MX-NAY,vector,2012,12,2012-12-01,0
MX-NAY,vector,2013,1,2013-01-01,0
MX-NAY,vector,2013,2,2013-02-01,0
MX-NAY,vector,2013,3,2013-03-01,0
MX-NAY,vector,2013,4,2013-04-01,0
MX-NAY,vector,2013,5,2013-05-01,0
MX-NAY,vector,2013,6,2013-06-01,0
MX-NAY,vector,2013,7,2013-07-01,0
MX-NAY,vector,2013,8,2013-08-01,0
MX-NAY,vector,2013,9,2013-09-01,0
MX-NAY,vector,2013,10,2013-10-01,0
MX-NAY,vector,2013,11,2013-11-01,0
MX-NAY,vector,2013,12,2013-12-01,0
MX-NAY,vector,2014,1,2014-01-01,0
MX-NAY,vector,2014,2,2014-02-01,15
MX-NAY,vector,2014,3,2014-03-01,0
MX-NAY,vector,2014,4,2014-04-01,0
MX-NAY,vector,2014,5,2014-05-01,0
MX-NAY,vector,2014,6,2014-06-01,16
MX-NAY,vector,2014,7,2014-07-01,0
MX-NAY,vector,2014,8,2014-08-01,0
MX-NAY,vector,2014,9,2014-09-01,13
MX-NAY,vector,2014,10,2014-10-01,0
MX-NAY,vector,2014,11,2014-11-01,0
MX-NAY,vector,2014,12,2014-12-01,0
MX-NAY,vector,2015,1,2015-01-01,0
MX-NAY,vector,2015,2,2015-02-01,0
MX-NAY,vector,2015,3,2015-03-01,0
MX-NAY,vector,2015,4,2015-04-01,0
MX-NAY,vector,2015,5,2015-05-01,0
MX-NAY,vector,2015,6,2015-06-01,0
MX-NAY,vector,2015,7,2015-07-01,0
MX-NAY,vector,2015,8,2015-08-01,0
MX-NAY,vector,2015,9,2015-09-01,19
MX-NAY,vector,2015,10,2015-10-01,0
MX-NAY,vector,2015,11,2015-11-01,0
MX-NAY,vector,2015,12,2015-12-01,0
MX-NAY,vector,2016,1,2016-01-01,0
MX-NAY,vector,2016,2,2016-02-01,0
MX-NAY,vector,2016,3,2016-03-01,0
MX-NAY,vector,2016,4,2016-04-01,0
MX-NAY,vector,2016,5,2016-05-01,0
MX-NAY,vector,2016,6,2016-06-01,0
MX-NAY,vector,2016,7,2016-07-01,0
MX-NAY,vector,2016,8,2016-08-01,0
MX-NAY,vector,2016,9,2016-09-01,0
MX-NAY,vector,2016,10,2016-10-01,14
MX-NAY,vector,2016,11,2016-11-01,0
MX-NAY,vector,2016,12,2016-12-01,0
MX-NAY,vector,2017,1,2017-01-01,0
MX-NAY,vector,2017,2,2017-02-01,0
MX-NAY,vector,2017,3,2017-03-01,0
MX-NAY,vector,2017,4,2017-04-01,0
MX-NAY,vector,2017,5,2017-05-01,0
MX-NAY,vector,2017,6,2017-06-01,0
MX-NAY,vector,2017,7,2017-07-01,0
MX-NAY,vector,2017,8,2017-08-01,0
MX-NAY,vector,2017,9,2017-09-01,0
MX-NAY,vector,2017,10,2017-10-01,0
MX-NAY,vector,2017,11,2017-11-01,0
MX-NAY,vector,2017,12,2017-12-01,0
MX-NAY,vector,2018,1,2018-01-01,0
MX-NAY,vector,2018,2,2018-02-01,0
MX-NAY,vector,2018,3,2018-03-01,0
MX-NAY,vector,2018,4,2018-04-01,0
MX-NAY,vector,2018,5,2018-05-01,0
MX-NAY,vector,2018,6,2018-06-01,0
MX-NAY,vector,2018,7,2018-07-01,0
MX-NAY,vector,2018,8,2018-08-01,0
MX-NAY,vector,2018,9,2018-09-01,0
MX-NAY,vector,2018,10,2018-10-01,0
MX-NAY,vector,2018,11,2018-11-01,0
MX-NAY,vector,2018,12,2018-12-01,0
MX-NAY,vector,2019,1,2019-01-01,0
MX-NAY,vector,2019,2,2019-02-01,0
MX-NAY,vector,2019,3,2019-03-01,0
MX-NAY,vector,2019,4,2019-04-01,0
MX-NAY,vector,2019,5,2019-05-01,0
MX-NAY,vector,2019,6,2019-06-01,0
MX-NAY,vector,2019,7,2019-07-01,0
MX-NAY,vector,2019,8,2019-08-01,0
MX-NAY,vector,2019,9,2019-09-01,0
MX-NAY,vector,2019,10,2019-10-01,0
MX-NAY,vector,2019,11,2019-11-01,0
MX-NAY,vector,2019,12,2019-12-01,0
MX-NAY,vector,2020,1,2020-01-01,0
MX-NAY,vector,2020,2,2020-02-01,0
MX-NAY,vector,2020,3,2020-03-01,0
MX-NAY,vector,2020,4,2020-04-01,0
MX-NAY,vector,2020,5,2020-05-01,0
MX-NAY,vector,2020,6,2020-06-01,0
MX-NAY,vector,2020,7,2020-07-01,0
MX-NAY,vector,2020,8,2020-08-01,0
MX-NAY,vector,2020,9,2020-09-01,0
MX-NAY,vector,2020,10,2020-10-01,0
MX-NAY,vector,2020,11,2020-11-01,0
MX-NAY,vector,2020,12,2020-12-01,0
MX-NAY,vector,2021,1,2021-01-01,0
MX-NAY,vector,2021,2,2021-02-01,0
MX-NAY,vector,2021,3,2021-03-01,0
MX-NAY,vector,2021,4,2021-04-01,0
MX-NAY,vector,2021,5,2021-05-01,0
MX-NAY,vector,2021,6,2021-06-01,0
MX-NAY,vector,2021,7,2021-07-01,0
MX-NAY,vector,2021,8,2021-08-01,0
MX-NAY,vector,2021,9,2021-09-01,0
MX-NAY,vector,2021,10,2021-10-01,0
MX-NAY,vector,2021,11,2021-11-01,0
MX-NAY,vector,2021,12,2021-12-01,0
MX-NAY,vector,2022,1,2022-01-01,0
MX-NAY,vector,2022,2,2022-02-01,0
MX-NAY,vector,2022,3,2022-03-01,0
MX-NAY,vector,2022,4,2022-04-01,0
MX-NAY,vector,2022,5,2022-05-01,0
MX-NAY,vector,2022,6,2022-06-01,0
MX-NAY,vector,2022,7,2022-07-01,0
MX-NAY,vector,2022,8,2022-08-01,0
MX-NAY,vector,2022,9,2022-09-01,6
MX-NAY,vector,2022,10,2022-10-01,0
MX-NAY,vector,2022,11,2022-11-01,0
MX-NAY,vector,2022,12,2022-12-01,8
MX-NLE,Aedes_aegypti,2004,1,2004-01-01,0
MX-NLE,Aedes_aegypti,2004,2,2004-02-01,0
MX-NLE,Aedes_aegypti,2004,3,2004-03-01,0
MX-NLE,Aedes_aegypti,2004,4,2004-04-01,0
MX-NLE,Aedes_aegypti,2004,5,2004-05-01,0
MX-NLE,Aedes_aegypti,2004,6,2004-06-01,0
MX-NLE,Aedes_aegypti,2004,7,2004-07-01,0
MX-NLE,Aedes_aegypti,2004,8,2004-08-01,0
MX-NLE,Aedes_aegypti,2004,9,2004-09-01,0
MX-NLE,Aedes_aegypti,2004,10,2004-10-01,0
MX-NLE,Aedes_aegypti,2004,11,2004-11-01,0
MX-NLE,Aedes_aegypti,2004,12,2004-12-01,0
MX-NLE,Aedes_aegypti,2005,1,2005-01-01,0
MX-NLE,Aedes_aegypti,2005,2,2005-02-01,0
MX-NLE,Aedes_aegypti,2005,3,2005-03-01,0
MX-NLE,Aedes_aegypti,2005,4,2005-04-01,0
MX-NLE,Aedes_aegypti,2005,5,2005-05-01,0
MX-NLE,Aedes_aegypti,2005,6,2005-06-01,0
MX-NLE,Aedes_aegypti,2005,7,2005-07-01,0
MX-NLE,Aedes_aegypti,2005,8,2005-08-01,0
MX-NLE,Aedes_aegypti,2005,9,2005-09-01,0
MX-NLE,Aedes_aegypti,2005,10,2005-10-01,0
MX-NLE,Aedes_aegypti,2005,11,2005-11-01,0
MX-NLE,Aedes_aegypti,2005,12,2005-12-01,0
MX-NLE,Aedes_aegypti,2006,1,2006-01-01,0
MX-NLE,Aedes_aegypti,2006,2,2006-02-01,0
MX-NLE,Aedes_aegypti,2006,3,2006-03-01,0
MX-NLE,Aedes_aegypti,2006,4,2006-04-01,0
MX-NLE,Aedes_aegypti,2006,5,2006-05-01,0
MX-NLE,Aedes_aegypti,2006,6,2006-06-01,0
MX-NLE,Aedes_aegypti,2006,7,2006-07-01,0
MX-NLE,Aedes_aegypti,2006,8,2006-08-01,0
MX-NLE,Aedes_aegypti,2006,9,2006-09-01,0
MX-NLE,Aedes_aegypti,2006,10,2006-10-01,0
MX-NLE,Aedes_aegypti,2006,11,2006-11-01,0
MX-NLE,Aedes_aegypti,2006,12,2006-12-01,0
MX-NLE,Aedes_aegypti,2007,1,2007-01-01,0
MX-NLE,Aedes_aegypti,2007,2,2007-02-01,0
MX-NLE,Aedes_aegypti,2007,3,2007-03-01,0
MX-NLE,Aedes_aegypti,2007,4,2007-04-01,0
MX-NLE,Aedes_aegypti,2007,5,2007-05-01,0
MX-NLE,Aedes_aegypti,2007,6,2007-06-01,0
MX-NLE,Aedes_aegypti,2007,7,2007-07-01,0
MX-NLE,Aedes_aegypti,2007,8,2007-08-01,0
MX-NLE,Aedes_aegypti,2007,9,2007-09-01,0
MX-NLE,Aedes_aegypti,2007,10,2007-10-01,0
MX-NLE,Aedes_aegypti,2007,11,2007-11-01,0
MX-NLE,Aedes_aegypti,2007,12,2007-12-01,0
MX-NLE,Aedes_aegypti,2008,1,2008-01-01,0
MX-NLE,Aedes_aegypti,2008,2,2008-02-01,0
MX-NLE,Aedes_aegypti,2008,3,2008-03-01,0
MX-NLE,Aedes_aegypti,2008,4,2008-04-01,0
MX-NLE,Aedes_aegypti,2008,5,2008-05-01,0
MX-NLE,Aedes_aegypti,2008,6,2008-06-01,0
MX-NLE,Aedes_aegypti,2008,7,2008-07-01,0
MX-NLE,Aedes_aegypti,2008,8,2008-08-01,0
MX-NLE,Aedes_aegypti,2008,9,2008-09-01,0
MX-NLE,Aedes_aegypti,2008,10,2008-10-01,0
MX-NLE,Aedes_aegypti,2008,11,2008-11-01,100
MX-NLE,Aedes_aegypti,2008,12,2008-12-01,0
MX-NLE,Aedes_aegypti,2009,1,2009-01-01,0
MX-NLE,Aedes_aegypti,2009,2,2009-02-01,0
MX-NLE,Aedes_aegypti,2009,3,2009-03-01,0
MX-NLE,Aedes_aegypti,2009,4,2009-04-01,0
MX-NLE,Aedes_aegypti,2009,5,2009-05-01,0
MX-NLE,Aedes_aegypti,2009,6,2009-06-01,0
MX-NLE,Aedes_aegypti,2009,7,2009-07-01,0
MX-NLE,Aedes_aegypti,2009,8,2009-08-01,0
MX-NLE,Aedes_aegypti,2009,9,2009-09-01,0
MX-NLE,Aedes_aegypti,2009,10,2009-10-01,0
MX-NLE,Aedes_aegypti,2009,11,2009-11-01,0
MX-NLE,Aedes_aegypti,2009,12,2009-12-01,0
MX-NLE,Aedes_aegypti,2010,1,2010-01-01,0
MX-NLE,Aedes_aegypti,2010,2,2010-02-01,0
MX-NLE,Aedes_aegypti,2010,3,2010-03-01,0
MX-NLE,Aedes_aegypti,2010,4,2010-04-01,0
MX-NLE,Aedes_aegypti,2010,5,2010-05-01,0
MX-NLE,Aedes_aegypti,2010,6,2010-06-01,0
MX-NLE,Aedes_aegypti,2010,7,2010-07-01,0
MX-NLE,Aedes_aegypti,2010,8,2010-08-01,0
MX-NLE,Aedes_aegypti,2010,9,2010-09-01,0
MX-NLE,Aedes_aegypti,2010,10,2010-10-01,0
MX-NLE,Aedes_aegypti,2010,11,2010-11-01,0
MX-NLE,Aedes_aegypti,2010,12,2010-12-01,0
MX-NLE,Aedes_aegypti,2011,1,2011-01-01,0
MX-NLE,Aedes_aegypti,2011,2,2011-02-01,0
MX-NLE,Aedes_aegypti,2011,3,2011-03-01,0
MX-NLE,Aedes_aegypti,2011,4,2011-04-01,0
MX-NLE,Aedes_aegypti,2011,5,2011-05-01,0
MX-NLE,Aedes_aegypti,2011,6,2011-06-01,0
MX-NLE,Aedes_aegypti,2011,7,2011-07-01,0
MX-NLE,Aedes_aegypti,2011,8,2011-08-01,0
MX-NLE,Aedes_aegypti,2011,9,2011-09-01,0
MX-NLE,Aedes_aegypti,2011,10,2011-10-01,0
MX-NLE,Aedes_aegypti,2011,11,2011-11-01,0
MX-NLE,Aedes_aegypti,2011,12,2011-12-01,0
MX-NLE,Aedes_aegypti,2012,1,2012-01-01,0
MX-NLE,Aedes_aegypti,2012,2,2012-02-01,0
MX-NLE,Aedes_aegypti,2012,3,2012-03-01,0
MX-NLE,Aedes_aegypti,2012,4,2012-04-01,0
MX-NLE,Aedes_aegypti,2012,5,2012-05-01,0
MX-NLE,Aedes_aegypti,2012,6,2012-06-01,0
MX-NLE,Aedes_aegypti,2012,7,2012-07-01,0
MX-NLE,Aedes_aegypti,2012,8,2012-08-01,0
MX-NLE,Aedes_aegypti,2012,9,2012-09-01,0
MX-NLE,Aedes_aegypti,2012,10,2012-10-01,0
MX-NLE,Aedes_aegypti,2012,11,2012-11-01,0
MX-NLE,Aedes_aegypti,2012,12,2012-12-01,0
MX-NLE,Aedes_aegypti,2013,1,2013-01-01,0
MX-NLE,Aedes_aegypti,2013,2,2013-02-01,0
MX-NLE,Aedes_aegypti,2013,3,2013-03-01,0
MX-NLE,Aedes_aegypti,2013,4,2013-04-01,0
MX-NLE,Aedes_aegypti,2013,5,2013-05-01,0
MX-NLE,Aedes_aegypti,2013,6,2013-06-01,0
MX-NLE,Aedes_aegypti,2013,7,2013-07-01,0
MX-NLE,Aedes_aegypti,2013,8,2013-08-01,0
MX-NLE,Aedes_aegypti,2013,9,2013-09-01,69
MX-NLE,Aedes_aegypti,2013,10,2013-10-01,0
MX-NLE,Aedes_aegypti,2013,11,2013-11-01,0
MX-NLE,Aedes_aegypti,2013,12,2013-12-01,0
MX-NLE,Aedes_aegypti,2014,1,2014-01-01,0
MX-NLE,Aedes_aegypti,2014,2,2014-02-01,0
MX-NLE,Aedes_aegypti,2014,3,2014-03-01,0
MX-NLE,Aedes_aegypti,2014,4,2014-04-01,0
MX-NLE,Aedes_aegypti,2014,5,2014-05-01,0
MX-NLE,Aedes_aegypti,2014,6,2014-06-01,0
MX-NLE,Aedes_aegypti,2014,7,2014-07-01,0
MX-NLE,Aedes_aegypti,2014,8,2014-08-01,0
MX-NLE,Aedes_aegypti,2014,9,2014-09-01,0
MX-NLE,Aedes_aegypti,2014,10,2014-10-01,0
MX-NLE,Aedes_aegypti,2014,11,2014-11-01,0
MX-NLE,Aedes_aegypti,2014,12,2014-12-01,0
MX-NLE,Aedes_aegypti,2015,1,2015-01-01,0
MX-NLE,Aedes_aegypti,2015,2,2015-02-01,0
MX-NLE,Aedes_aegypti,2015,3,2015-03-01,0
MX-NLE,Aedes_aegypti,2015,4,2015-04-01,0
MX-NLE,Aedes_aegypti,2015,5,2015-05-01,0
MX-NLE,Aedes_aegypti,2015,6,2015-06-01,0
MX-NLE,Aedes_aegypti,2015,7,2015-07-01,0
MX-NLE,Aedes_aegypti,2015,8,2015-08-01,0
MX-NLE,Aedes_aegypti,2015,9,2015-09-01,0
MX-NLE,Aedes_aegypti,2015,10,2015-10-01,0
MX-NLE,Aedes_aegypti,2015,11,2015-11-01,0
MX-NLE,Aedes_aegypti,2015,12,2015-12-01,0
MX-NLE,Aedes_aegypti,2016,1,2016-01-01,0
MX-NLE,Aedes_aegypti,2016,2,2016-02-01,41
MX-NLE,Aedes_aegypti,2016,3,2016-03-01,0
MX-NLE,Aedes_aegypti,2016,4,2016-04-01,0
MX-NLE,Aedes_aegypti,2016,5,2016-05-01,0
MX-NLE,Aedes_aegypti,2016,6,2016-06-01,0
MX-NLE,Aedes_aegypti,2016,7,2016-07-01,0
MX-NLE,Aedes_aegypti,2016,8,2016-08-01,0
MX-NLE,Aedes_aegypti,2016,9,2016-09-01,0
MX-NLE,Aedes_aegypti,2016,10,2016-10-01,0
MX-NLE,Aedes_aegypti,2016,11,2016-11-01,0
MX-NLE,Aedes_aegypti,2016,12,2016-12-01,0
MX-NLE,Aedes_aegypti,2017,1,2017-01-01,0
MX-NLE,Aedes_aegypti,2017,2,2017-02-01,0
MX-NLE,Aedes_aegypti,2017,3,2017-03-01,0
MX-NLE,Aedes_aegypti,2017,4,2017-04-01,0
MX-NLE,Aedes_aegypti,2017,5,2017-05-01,0
MX-NLE,Aedes_aegypti,2017,6,2017-06-01,0
MX-NLE,Aedes_aegypti,2017,7,2017-07-01,0
MX-NLE,Aedes_aegypti,2017,8,2017-08-01,0
MX-NLE,Aedes_aegypti,2017,9,2017-09-01,0
MX-NLE,Aedes_aegypti,2017,10,2017-10-01,0
MX-NLE,Aedes_aegypti,2017,11,2017-11-01,0
MX-NLE,Aedes_aegypti,2017,12,2017-12-01,0
MX-NLE,Aedes_aegypti,2018,1,2018-01-01,0
MX-NLE,Aedes_aegypti,2018,2,2018-02-01,42
MX-NLE,Aedes_aegypti,2018,3,2018-03-01,0
MX-NLE,Aedes_aegypti,2018,4,2018-04-01,0
MX-NLE,Aedes_aegypti,2018,5,2018-05-01,0
MX-NLE,Aedes_aegypti,2018,6,2018-06-01,0
MX-NLE,Aedes_aegypti,2018,7,2018-07-01,0
MX-NLE,Aedes_aegypti,2018,8,2018-08-01,0
MX-NLE,Aedes_aegypti,2018,9,2018-09-01,0
MX-NLE,Aedes_aegypti,2018,10,2018-10-01,0
MX-NLE,Aedes_aegypti,2018,11,2018-11-01,0
MX-NLE,Aedes_aegypti,2018,12,2018-12-01,0
MX-NLE,Aedes_aegypti,2019,1,2019-01-01,0
MX-NLE,Aedes_aegypti,2019,2,2019-02-01,0
MX-NLE,Aedes_aegypti,2019,3,2019-03-01,0
MX-NLE,Aedes_aegypti,2019,4,2019-04-01,0
MX-NLE,Aedes_aegypti,2019,5,2019-05-01,0
MX-NLE,Aedes_aegypti,2019,6,2019-06-01,0
MX-NLE,Aedes_aegypti,2019,7,2019-07-01,0
MX-NLE,Aedes_aegypti,2019,8,2019-08-01,0
MX-NLE,Aedes_aegypti,2019,9,2019-09-01,0
MX-NLE,Aedes_aegypti,2019,10,2019-10-01,27
MX-NLE,Aedes_aegypti,2019,11,2019-11-01,0
MX-NLE,Aedes_aegypti,2019,12,2019-12-01,0
MX-NLE,Aedes_aegypti,2020,1,2020-01-01,0
MX-NLE,Aedes_aegypti,2020,2,2020-02-01,0
MX-NLE,Aedes_aegypti,2020,3,2020-03-01,0
MX-NLE,Aedes_aegypti,2020,4,2020-04-01,0
MX-NLE,Aedes_aegypti,2020,5,2020-05-01,0
MX-NLE,Aedes_aegypti,2020,6,2020-06-01,0
MX-NLE,Aedes_aegypti,2020,7,2020-07-01,33
MX-NLE,Aedes_aegypti,2020,8,2020-08-01,0
MX-NLE,Aedes_aegypti,2020,9,2020-09-01,0
MX-NLE,Aedes_aegypti,2020,10,2020-10-01,0
MX-NLE,Aedes_aegypti,2020,11,2020-11-01,0
MX-NLE,Aedes_aegypti,2020,12,2020-12-01,0
MX-NLE,Aedes_aegypti,2021,1,2021-01-01,0
MX-NLE,Aedes_aegypti,2021,2,2021-02-01,0
MX-NLE,Aedes_aegypti,2021,3,2021-03-01,0
MX-NLE,Aedes_aegypti,2021,4,2021-04-01,0
MX-NLE,Aedes_aegypti,2021,5,2021-05-01,0
MX-NLE,Aedes_aegypti,2021,6,2021-06-01,0
MX-NLE,Aedes_aegypti,2021,7,2021-07-01,0
MX-NLE,Aedes_aegypti,2021,8,2021-08-01,0
MX-NLE,Aedes_aegypti,2021,9,2021-09-01,0
MX-NLE,Aedes_aegypti,2021,10,2021-10-01,0
MX-NLE,Aedes_aegypti,2021,11,2021-11-01,0
MX-NLE,Aedes_aegypti,2021,12,2021-12-01,0
MX-NLE,Aedes_aegypti,2022,1,2022-01-01,0
MX-NLE,Aedes_aegypti,2022,2,2022-02-01,0
MX-NLE,Aedes_aegypti,2022,3,2022-03-01,0
MX-NLE,Aedes_aegypti,2022,4,2022-04-01,0
MX-NLE,Aedes_aegypti,2022,5,2022-05-01,0
MX-NLE,Aedes_aegypti,2022,6,2022-06-01,0
MX-NLE,Aedes_aegypti,2022,7,2022-07-01,0
MX-NLE,Aedes_aegypti,2022,8,2022-08-01,0
MX-NLE,Aedes_aegypti,2022,9,2022-09-01,0
MX-NLE,Aedes_aegypti,2022,10,2022-10-01,0
MX-NLE,Aedes_aegypti,2022,11,2022-11-01,0
MX-NLE,Aedes_aegypti,2022,12,2022-12-01,0
MX-NLE,mosquito,2004,1,2004-01-01,0
MX-NLE,mosquito,2004,2,2004-02-01,0
MX-NLE,mosquito,2004,3,2004-03-01,0
MX-NLE,mosquito,2004,4,2004-04-01,0
MX-NLE,mosquito,2004,5,2004-05-01,0
MX-NLE,mosquito,2004,6,2004-06-01,0
MX-NLE,mosquito,2004,7,2004-07-01,0
MX-NLE,mosquito,2004,8,2004-08-01,0
MX-NLE,mosquito,2004,9,2004-09-01,0
MX-NLE,mosquito,2004,10,2004-10-01,0
MX-NLE,mosquito,2004,11,2004-11-01,0
MX-NLE,mosquito,2004,12,2004-12-01,0
MX-NLE,mosquito,2005,1,2005-01-01,0
MX-NLE,mosquito,2005,2,2005-02-01,0
MX-NLE,mosquito,2005,3,2005-03-01,0
MX-NLE,mosquito,2005,4,2005-04-01,0
MX-NLE,mosquito,2005,5,2005-05-01,0
MX-NLE,mosquito,2005,6,2005-06-01,0
MX-NLE,mosquito,2005,7,2005-07-01,0
MX-NLE,mosquito,2005,8,2005-08-01,0
MX-NLE,mosquito,2005,9,2005-09-01,100
MX-NLE,mosquito,2005,10,2005-10-01,0
MX-NLE,mosquito,2005,11,2005-11-01,85
MX-NLE,mosquito,2005,12,2005-12-01,0
MX-NLE,mosquito,2006,1,2006-01-01,0
MX-NLE,mosquito,2006,2,2006-02-01,0
MX-NLE,mosquito,2006,3,2006-03-01,61
MX-NLE,mosquito,2006,4,2006-04-01,0
MX-NLE,mosquito,2006,5,2006-05-01,62
MX-NLE,mosquito,2006,6,2006-06-01,59
MX-NLE,mosquito,2006,7,2006-07-01,0
MX-NLE,mosquito,2006,8,2006-08-01,70
MX-NLE,mosquito,2006,9,2006-09-01,77
MX-NLE,mosquito,2006,10,2006-10-01,54
MX-NLE,mosquito,2006,11,2006-11-01,0
MX-NLE,mosquito,2006,12,2006-12-01,0
MX-NLE,mosquito,2007,1,2007-01-01,43
MX-NLE,mosquito,2007,2,2007-02-01,0
MX-NLE,mosquito,2007,3,2007-03-01,0
MX-NLE,mosquito,2007,4,2007-04-01,51
MX-NLE,mosquito,2007,5,2007-05-01,0
MX-NLE,mosquito,2007,6,2007-06-01,0
MX-NLE,mosquito,2007,7,2007-07-01,38
MX-NLE,mosquito,2007,8,2007-08-01,34
MX-NLE,mosquito,2007,9,2007-09-01,73
MX-NLE,mosquito,2007,10,2007-10-01,69
MX-NLE,mosquito,2007,11,2007-11-01,45
MX-NLE,mosquito,2007,12,2007-12-01,24
MX-NLE,mosquito,2008,1,2008-01-01,49
MX-NLE,mosquito,2008,2,2008-02-01,33
MX-NLE,mosquito,2008,3,2008-03-01,20
MX-NLE,mosquito,2008,4,2008-04-01,16
MX-NLE,mosquito,2008,5,2008-05-01,23
MX-NLE,mosquito,2008,6,2008-06-01,20
MX-NLE,mosquito,2008,7,2008-07-01,0
MX-NLE,mosquito,2008,8,2008-08-01,26
MX-NLE,mosquito,2008,9,2008-09-01,64
MX-NLE,mosquito,2008,10,2008-10-01,74
MX-NLE,mosquito,2008,11,2008-11-01,44
MX-NLE,mosquito,2008,12,2008-12-01,25
MX-NLE,mosquito,2009,1,2009-01-01,33
MX-NLE,mosquito,2009,2,2009-02-01,35
MX-NLE,mosquito,2009,3,2009-03-01,31
MX-NLE,mosquito,2009,4,2009-04-01,16
MX-NLE,mosquito,2009,5,2009-05-01,21
MX-NLE,mosquito,2009,6,2009-06-01,16
MX-NLE,mosquito,2009,7,2009-07-01,0
MX-NLE,mosquito,2009,8,2009-08-01,21
MX-NLE,mosquito,2009,9,2009-09-01,40
MX-NLE,mosquito,2009,10,2009-10-01,59
MX-NLE,mosquito,2009,11,2009-11-01,39
MX-NLE,mosquito,2009,12,2009-12-01,15
MX-NLE,mosquito,2010,1,2010-01-01,19
MX-NLE,mosquito,2010,2,2010-02-01,31
MX-NLE,mosquito,2010,3,2010-03-01,25
MX-NLE,mosquito,2010,4,2010-04-01,26
MX-NLE,mosquito,2010,5,2010-05-01,32
MX-NLE,mosquito,2010,6,2010-06-01,46
MX-NLE,mosquito,2010,7,2010-07-01,13
MX-NLE,mosquito,2010,8,2010-08-01,17
MX-NLE,mosquito,2010,9,2010-09-01,41
MX-NLE,mosquito,2010,10,2010-10-01,60
MX-NLE,mosquito,2010,11,2010-11-01,34
MX-NLE,mosquito,2010,12,2010-12-01,13
MX-NLE,mosquito,2011,1,2011-01-01,19
MX-NLE,mosquito,2011,2,2011-02-01,24
MX-NLE,mosquito,2011,3,2011-03-01,25
MX-NLE,mosquito,2011,4,2011-04-01,16
MX-NLE,mosquito,2011,5,2011-05-01,62
MX-NLE,mosquito,2011,6,2011-06-01,34
MX-NLE,mosquito,2011,7,2011-07-01,0
MX-NLE,mosquito,2011,8,2011-08-01,21
MX-NLE,mosquito,2011,9,2011-09-01,38
MX-NLE,mosquito,2011,10,2011-10-01,36
MX-NLE,mosquito,2011,11,2011-11-01,20
MX-NLE,mosquito,2011,12,2011-12-01,15
MX-NLE,mosquito,2012,1,2012-01-01,32
MX-NLE,mosquito,2012,2,2012-02-01,15
MX-NLE,mosquito,2012,3,2012-03-01,19
MX-NLE,mosquito,2012,4,2012-04-01,29
MX-NLE,mosquito,2012,5,2012-05-01,42
MX-NLE,mosquito,2012,6,2012-06-01,27
MX-NLE,mosquito,2012,7,2012-07-01,10
MX-NLE,mosquito,2012,8,2012-08-01,20
MX-NLE,mosquito,2012,9,2012-09-01,36
MX-NLE,mosquito,2012,10,2012-10-01,42
MX-NLE,mosquito,2012,11,2012-11-01,29
MX-NLE,mosquito,2012,12,2012-12-01,10
MX-NLE,mosquito,2013,1,2013-01-01,22
MX-NLE,mosquito,2013,2,2013-02-01,30
MX-NLE,mosquito,2013,3,2013-03-01,24
MX-NLE,mosquito,2013,4,2013-04-01,22
MX-NLE,mosquito,2013,5,2013-05-01,34
MX-NLE,mosquito,2013,6,2013-06-01,18
MX-NLE,mosquito,2013,7,2013-07-01,9
MX-NLE,mosquito,2013,8,2013-08-01,19
MX-NLE,mosquito,2013,9,2013-09-01,44
MX-NLE,mosquito,2013,10,2013-10-01,38
MX-NLE,mosquito,2013,11,2013-11-01,21
MX-NLE,mosquito,2013,12,2013-12-01,10
MX-NLE,mosquito,2014,1,2014-01-01,18
MX-NLE,mosquito,2014,2,2014-02-01,23
MX-NLE,mosquito,2014,3,2014-03-01,24
MX-NLE,mosquito,2014,4,2014-04-01,14
MX-NLE,mosquito,2014,5,2014-05-01,40
MX-NLE,mosquito,2014,6,2014-06-01,23
MX-NLE,mosquito,2014,7,2014-07-01,8
MX-NLE,mosquito,2014,8,2014-08-01,13
MX-NLE,mosquito,2014,9,2014-09-01,35
MX-NLE,mosquito,2014,10,2014-10-01,33
MX-NLE,mosquito,2014,11,2014-11-01,13
MX-NLE,mosquito,2014,12,2014-12-01,12
MX-NLE,mosquito,2015,1,2015-01-01,15
MX-NLE,mosquito,2015,2,2015-02-01,20
MX-NLE,mosquito,2015,3,2015-03-01,25
MX-NLE,mosquito,2015,4,2015-04-01,21
MX-NLE,mosquito,2015,5,2015-05-01,11
MX-NLE,mosquito,2015,6,2015-06-01,14
MX-NLE,mosquito,2015,7,2015-07-01,11
MX-NLE,mosquito,2015,8,2015-08-01,13
MX-NLE,mosquito,2015,9,2015-09-01,32
MX-NLE,mosquito,2015,10,2015-10-01,35
MX-NLE,mosquito,2015,11,2015-11-01,18
MX-NLE,mosquito,2015,12,2015-12-01,8
MX-NLE,mosquito,2016,1,2016-01-01,9
MX-NLE,mosquito,2016,2,2016-02-01,18
MX-NLE,mosquito,2016,3,2016-03-01,15
MX-NLE,mosquito,2016,4,2016-04-01,14
MX-NLE,mosquito,2016,5,2016-05-01,15
MX-NLE,mosquito,2016,6,2016-06-01,15
MX-NLE,mosquito,2016,7,2016-07-01,6
MX-NLE,mosquito,2016,8,2016-08-01,8
MX-NLE,mosquito,2016,9,2016-09-01,24
MX-NLE,mosquito,2016,10,2016-10-01,29
MX-NLE,mosquito,2016,11,2016-11-01,19
MX-NLE,mosquito,2016,12,2016-12-01,9
MX-NLE,mosquito,2017,1,2017-01-01,22
MX-NLE,mosquito,2017,2,2017-02-01,19
MX-NLE,mosquito,2017,3,2017-03-01,20
MX-NLE,mosquito,2017,4,2017-04-01,12
MX-NLE,mosquito,2017,5,2017-05-01,19
MX-NLE,mosquito,2017,6,2017-06-01,23
MX-NLE,mosquito,2017,7,2017-07-01,0
MX-NLE,mosquito,2017,8,2017-08-01,12
MX-NLE,mosquito,2017,9,2017-09-01,27
MX-NLE,mosquito,2017,10,2017-10-01,39
MX-NLE,mosquito,2017,11,2017-11-01,16
MX-NLE,mosquito,2017,12,2017-12-01,8
MX-NLE,mosquito,2018,1,2018-01-01,20
MX-NLE,mosquito,2018,2,2018-02-01,16
MX-NLE,mosquito,2018,3,2018-03-01,17
MX-NLE,mosquito,2018,4,2018-04-01,9
MX-NLE,mosquito,2018,5,2018-05-01,14
MX-NLE,mosquito,2018,6,2018-06-01,10
MX-NLE,mosquito,2018,7,2018-07-01,7
MX-NLE,mosquito,2018,8,2018-08-01,10
MX-NLE,mosquito,2018,9,2018-09-01,24
MX-NLE,mosquito,2018,10,2018-10-01,22
MX-NLE,mosquito,2018,11,2018-11-01,15
MX-NLE,mosquito,2018,12,2018-12-01,13
MX-NLE,mosquito,2019,1,2019-01-01,9
MX-NLE,mosquito,2019,2,2019-02-01,15
MX-NLE,mosquito,2019,3,2019-03-01,20
MX-NLE,mosquito,2019,4,2019-04-01,11
MX-NLE,mosquito,2019,5,2019-05-01,21
MX-NLE,mosquito,2019,6,2019-06-01,11
MX-NLE,mosquito,2019,7,2019-07-01,11
MX-NLE,mosquito,2019,8,2019-08-01,15
MX-NLE,mosquito,2019,9,2019-09-01,15
MX-NLE,mosquito,2019,10,2019-10-01,19
MX-NLE,mosquito,2019,11,2019-11-01,11
MX-NLE,mosquito,2019,12,2019-12-01,9
MX-NLE,mosquito,2020,1,2020-01-01,9
MX-NLE,mosquito,2020,2,2020-02-01,9
MX-NLE,mosquito,2020,3,2020-03-01,13
MX-NLE,mosquito,2020,4,2020-04-01,16
MX-NLE,mosquito,2020,5,2020-05-01,15
MX-NLE,mosquito,2020,6,2020-06-01,17
MX-NLE,mosquito,2020,7,2020-07-01,11
MX-NLE,mosquito,2020,8,2020-08-01,9
MX-NLE,mosquito,2020,9,2020-09-01,16
MX-NLE,mosquito,2020,10,2020-10-01,19
MX-NLE,mosquito,2020,11,2020-11-01,14
MX-NLE,mosquito,2020,12,2020-12-01,8
MX-NLE,mosquito,2021,1,2021-01-01,8
MX-NLE,mosquito,2021,2,2021-02-01,7
MX-NLE,mosquito,2021,3,2021-03-01,11
MX-NLE,mosquito,2021,4,2021-04-01,7
MX-NLE,mosquito,2021,5,2021-05-01,10
MX-NLE,mosquito,2021,6,2021-06-01,15
MX-NLE,mosquito,2021,7,2021-07-01,8
MX-NLE,mosquito,2021,8,2021-08-01,8
MX-NLE,mosquito,2021,9,2021-09-01,15
MX-NLE,mosquito,2021,10,2021-10-01,14
MX-NLE,mosquito,2021,11,2021-11-01,7
MX-NLE,mosquito,2021,12,2021-12-01,6
MX-NLE,mosquito,2022,1,2022-01-01,8
MX-NLE,mosquito,2022,2,2022-02-01,12
MX-NLE,mosquito,2022,3,2022-03-01,15
MX-NLE,mosquito,2022,4,2022-04-01,10
MX-NLE,mosquito,2022,5,2022-05-01,12
MX-NLE,mosquito,2022,6,2022-06-01,12
MX-NLE,mosquito,2022,7,2022-07-01,8
MX-NLE,mosquito,2022,8,2022-08-01,10
MX-NLE,mosquito,2022,9,2022-09-01,14
MX-NLE,mosquito,2022,10,2022-10-01,14
MX-NLE,mosquito,2022,11,2022-11-01,13
MX-NLE,mosquito,2022,12,2022-12-01,7
MX-NLE,vector,2004,1,2004-01-01,0
MX-NLE,vector,2004,2,2004-02-01,0
MX-NLE,vector,2004,3,2004-03-01,0
MX-NLE,vector,2004,4,2004-04-01,0
MX-NLE,vector,2004,5,2004-05-01,0
MX-NLE,vector,2004,6,2004-06-01,0
MX-NLE,vector,2004,7,2004-07-01,0
MX-NLE,vector,2004,8,2004-08-01,0
MX-NLE,vector,2004,9,2004-09-01,0
MX-NLE,vector,2004,10,2004-10-01,0
MX-NLE,vector,2004,11,2004-11-01,0
MX-NLE,vector,2004,12,2004-12-01,0
MX-NLE,vector,2005,1,2005-01-01,0
MX-NLE,vector,2005,2,2005-02-01,0
MX-NLE,vector,2005,3,2005-03-01,0
MX-NLE,vector,2005,4,2005-04-01,0
MX-NLE,vector,2005,5,2005-05-01,0
MX-NLE,vector,2005,6,2005-06-01,0
MX-NLE,vector,2005,7,2005-07-01,0
MX-NLE,vector,2005,8,2005-08-01,0
MX-NLE,vector,2005,9,2005-09-01,0
MX-NLE,vector,2005,10,2005-10-01,0
MX-NLE,vector,2005,11,2005-11-01,0
MX-NLE,vector,2005,12,2005-12-01,0
MX-NLE,vector,2006,1,2006-01-01,100
MX-NLE,vector,2006,2,2006-02-01,67
MX-NLE,vector,2006,3,2006-03-01,0
MX-NLE,vector,2006,4,2006-04-01,0
MX-NLE,vector,2006,5,2006-05-01,47
MX-NLE,vector,2006,6,2006-06-01,0
MX-NLE,vector,2006,7,2006-07-01,0
MX-NLE,vector,2006,8,2006-08-01,91
MX-NLE,vector,2006,9,2006-09-01,57
MX-NLE,vector,2006,10,2006-10-01,52
MX-NLE,vector,2006,11,2006-11-01,0
MX-NLE,vector,2006,12,2006-12-01,69
MX-NLE,vector,2007,1,2007-01-01,0
MX-NLE,vector,2007,2,2007-02-01,48
MX-NLE,vector,2007,3,2007-03-01,0
MX-NLE,vector,2007,4,2007-04-01,0
MX-NLE,vector,2007,5,2007-05-01,28
MX-NLE,vector,2007,6,2007-06-01,0
MX-NLE,vector,2007,7,2007-07-01,0
MX-NLE,vector,2007,8,2007-08-01,44
MX-NLE,vector,2007,9,2007-09-01,50
MX-NLE,vector,2007,10,2007-10-01,50
MX-NLE,vector,2007,11,2007-11-01,34
MX-NLE,vector,2007,12,2007-12-01,0
MX-NLE,vector,2008,1,2008-01-01,47
MX-NLE,vector,2008,2,2008-02-01,55
MX-NLE,vector,2008,3,2008-03-01,38
MX-NLE,vector,2008,4,2008-04-01,28
MX-NLE,vector,2008,5,2008-05-01,37
MX-NLE,vector,2008,6,2008-06-01,29
MX-NLE,vector,2008,7,2008-07-01,38
MX-NLE,vector,2008,8,2008-08-01,43
MX-NLE,vector,2008,9,2008-09-01,72
MX-NLE,vector,2008,10,2008-10-01,54
MX-NLE,vector,2008,11,2008-11-01,36
MX-NLE,vector,2008,12,2008-12-01,37
MX-NLE,vector,2009,1,2009-01-01,50
MX-NLE,vector,2009,2,2009-02-01,47
MX-NLE,vector,2009,3,2009-03-01,50
MX-NLE,vector,2009,4,2009-04-01,49
MX-NLE,vector,2009,5,2009-05-01,38
MX-NLE,vector,2009,6,2009-06-01,46
MX-NLE,vector,2009,7,2009-07-01,35
MX-NLE,vector,2009,8,2009-08-01,51
MX-NLE,vector,2009,9,2009-09-01,68
MX-NLE,vector,2009,10,2009-10-01,53
MX-NLE,vector,2009,11,2009-11-01,53
MX-NLE,vector,2009,12,2009-12-01,40
MX-NLE,vector,2010,1,2010-01-01,43
MX-NLE,vector,2010,2,2010-02-01,66
MX-NLE,vector,2010,3,2010-03-01,61
MX-NLE,vector,2010,4,2010-04-01,43
MX-NLE,vector,2010,5,2010-05-01,47
MX-NLE,vector,2010,6,2010-06-01,40
MX-NLE,vector,2010,7,2010-07-01,33
MX-NLE,vector,2010,8,2010-08-01,62
MX-NLE,vector,2010,9,2010-09-01,59
MX-NLE,vector,2010,10,2010-10-01,44
MX-NLE,vector,2010,11,2010-11-01,47
MX-NLE,vector,2010,12,2010-12-01,29
MX-NLE,vector,2011,1,2011-01-01,35
MX-NLE,vector,2011,2,2011-02-01,38
MX-NLE,vector,2011,3,2011-03-01,48
MX-NLE,vector,2011,4,2011-04-01,27
MX-NLE,vector,2011,5,2011-05-01,37
MX-NLE,vector,2011,6,2011-06-01,38
MX-NLE,vector,2011,7,2011-07-01,26
MX-NLE,vector,2011,8,2011-08-01,69
MX-NLE,vector,2011,9,2011-09-01,50
MX-NLE,vector,2011,10,2011-10-01,54
MX-NLE,vector,2011,11,2011-11-01,49
MX-NLE,vector,2011,12,2011-12-01,28
MX-NLE,vector,2012,1,2012-01-01,32
MX-NLE,vector,2012,2,2012-02-01,53
MX-NLE,vector,2012,3,2012-03-01,44
MX-NLE,vector,2012,4,2012-04-01,36
MX-NLE,vector,2012,5,2012-05-01,43
MX-NLE,vector,2012,6,2012-06-01,35
MX-NLE,vector,2012,7,2012-07-01,22
MX-NLE,vector,2012,8,2012-08-01,74
MX-NLE,vector,2012,9,2012-09-01,53
MX-NLE,vector,2012,10,2012-10-01,49
MX-NLE,vector,2012,11,2012-11-01,49
MX-NLE,vector,2012,12,2012-12-01,30
MX-NLE,vector,2013,1,2013-01-01,35
MX-NLE,vector,2013,2,2013-02-01,56
MX-NLE,vector,2013,3,2013-03-01,38
MX-NLE,vector,2013,4,2013-04-01,37
MX-NLE,vector,2013,5,2013-05-01,39
MX-NLE,vector,2013,6,2013-06-01,32
MX-NLE,vector,2013,7,2013-07-01,26
MX-NLE,vector,2013,8,2013-08-01,55
MX-NLE,vector,2013,9,2013-09-01,50
MX-NLE,vector,2013,10,2013-10-01,48
MX-NLE,vector,2013,11,2013-11-01,35
MX-NLE,vector,2013,12,2013-12-01,25
MX-NLE,vector,2014,1,2014-01-01,39
MX-NLE,vector,2014,2,2014-02-01,53
MX-NLE,vector,2014,3,2014-03-01,41
MX-NLE,vector,2014,4,2014-04-01,29
MX-NLE,vector,2014,5,2014-05-01,37
MX-NLE,vector,2014,6,2014-06-01,35
MX-NLE,vector,2014,7,2014-07-01,27
MX-NLE,vector,2014,8,2014-08-01,47
MX-NLE,vector,2014,9,2014-09-01,48
MX-NLE,vector,2014,10,2014-10-01,50
MX-NLE,vector,2014,11,2014-11-01,37
MX-NLE,vector,2014,12,2014-12-01,25
MX-NLE,vector,2015,1,2015-01-01,28
MX-NLE,vector,2015,2,2015-02-01,48
MX-NLE,vector,2015,3,2015-03-01,32
MX-NLE,vector,2015,4,2015-04-01,27
MX-NLE,vector,2015,5,2015-05-01,36
MX-NLE,vector,2015,6,2015-06-01,30
MX-NLE,vector,2015,7,2015-07-01,28
MX-NLE,vector,2015,8,2015-08-01,43
MX-NLE,vector,2015,9,2015-09-01,42
MX-NLE,vector,2015,10,2015-10-01,37
MX-NLE,vector,2015,11,2015-11-01,45
MX-NLE,vector,2015,12,2015-12-01,26
MX-NLE,vector,2016,1,2016-01-01,25
MX-NLE,vector,2016,2,2016-02-01,48
MX-NLE,vector,2016,3,2016-03-01,38
MX-NLE,vector,2016,4,2016-04-01,33
MX-NLE,vector,2016,5,2016-05-01,34
MX-NLE,vector,2016,6,2016-06-01,28
MX-NLE,vector,2016,7,2016-07-01,15
MX-NLE,vector,2016,8,2016-08-01,54
MX-NLE,vector,2016,9,2016-09-01,49
MX-NLE,vector,2016,10,2016-10-01,42
MX-NLE,vector,2016,11,2016-11-01,0
MX-NLE,vector,2016,12,2016-12-01,0
MX-NLE,vector,2017,1,2017-01-01,0
MX-NLE,vector,2017,2,2017-02-01,0
MX-NLE,vector,2017,3,2017-03-01,0
MX-NLE,vector,2017,4,2017-04-01,0
MX-NLE,vector,2017,5,2017-05-01,0
MX-NLE,vector,2017,6,2017-06-01,0
MX-NLE,vector,2017,7,2017-07-01,0
MX-NLE,vector,2017,8,2017-08-01,0
MX-NLE,vector,2017,9,2017-09-01,0
MX-NLE,vector,2017,10,2017-10-01,0
MX-NLE,vector,2017,11,2017-11-01,0
MX-NLE,vector,2017,12,2017-12-01,0
MX-NLE,vector,2018,1,2018-01-01,0
MX-NLE,vector,2018,2,2018-02-01,0
MX-NLE,vector,2018,3,2018-03-01,0
MX-NLE,vector,2018,4,2018-04-01,0
MX-NLE,vector,2018,5,2018-05-01,0
MX-NLE,vector,2018,6,2018-06-01,0
MX-NLE,vector,2018,7,2018-07-01,0
MX-NLE,vector,2018,8,2018-08-01,0
MX-NLE,vector,2018,9,2018-09-01,0
MX-NLE,vector,2018,10,2018-10-01,0
MX-NLE,vector,2018,11,2018-11-01,0
MX-NLE,vector,2018,12,2018-12-01,0
MX-NLE,vector,2019,1,2019-01-01,0
MX-NLE,vector,2019,2,2019-02-01,0
MX-NLE,vector,2019,3,2019-03-01,0
MX-NLE,vector,2019,4,2019-04-01,0
MX-NLE,vector,2019,5,2019-05-01,0
MX-NLE,vector,2019,6,2019-06-01,4
MX-NLE,vector,2019,7,2019-07-01,0
MX-NLE,vector,2019,8,2019-08-01,0
MX-NLE,vector,2019,9,2019-09-01,0
MX-NLE,vector,2019,10,2019-10-01,0
MX-NLE,vector,2019,11,2019-11-01,0
MX-NLE,vector,2019,12,2019-12-01,0
MX-NLE,vector,2020,1,2020-01-01,0
MX-NLE,vector,2020,2,2020-02-01,0
MX-NLE,vector,2020,3,2020-03-01,4
MX-NLE,vector,2020,4,2020-04-01,0
MX-NLE,vector,2020,5,2020-05-01,5
MX-NLE,vector,2020,6,2020-06-01,7
MX-NLE,vector,2020,7,2020-07-01,0
MX-NLE,vector,2020,8,2020-08-01,8
MX-NLE,vector,2020,9,2020-09-01,12
MX-NLE,vector,2020,10,2020-10-01,7
MX-NLE,vector,2020,11,2020-11-01,7
MX-NLE,vector,2020,12,2020-12-01,10
MX-NLE,vector,2021,1,2021-01-01,6
MX-NLE,vector,2021,2,2021-02-01,14
MX-NLE,vector,2021,3,2021-03-01,16
MX-NLE,vector,2021,4,2021-04-01,15
MX-NLE,vector,2021,5,2021-05-01,12
MX-NLE,vector,2021,6,2021-06-01,10
MX-NLE,vector,2021,7,2021-07-01,8
MX-NLE,vector,2021,8,2021-08-01,28
MX-NLE,vector,2021,9,2021-09-01,23
MX-NLE,vector,2021,10,2021-10-01,18
MX-NLE,vector,2021,11,2021-11-01,20
MX-NLE,vector,2021,12,2021-12-01,10
MX-NLE,vector,2022,1,2022-01-01,15
MX-NLE,vector,2022,2,2022-02-01,29
MX-NLE,vector,2022,3,2022-03-01,30
MX-NLE,vector,2022,4,2022-04-01,23
MX-NLE,vector,2022,5,2022-05-01,45
MX-NLE,vector,2022,6,2022-06-01,37
MX-NLE,vector,2022,7,2022-07-01,26
MX-NLE,vector,2022,8,2022-08-01,48
MX-NLE,vector,2022,9,2022-09-01,50
MX-NLE,vector,2022,10,2022-10-01,45
MX-NLE,vector,2022,11,2022-11-01,38
MX-NLE,vector,2022,12,2022-12-01,45
MX-OAX,Aedes_aegypti,2004,1,2004-01-01,0
MX-OAX,Aedes_aegypti,2004,2,2004-02-01,0
MX-OAX,Aedes_aegypti,2004,3,2004-03-01,0
MX-OAX,Aedes_aegypti,2004,4,2004-04-01,0
MX-OAX,Aedes_aegypti,2004,5,2004-05-01,0
MX-OAX,Aedes_aegypti,2004,6,2004-06-01,0
MX-OAX,Aedes_aegypti,2004,7,2004-07-01,0
MX-OAX,Aedes_aegypti,2004,8,2004-08-01,0
MX-OAX,Aedes_aegypti,2004,9,2004-09-01,0
MX-OAX,Aedes_aegypti,2004,10,2004-10-01,0
MX-OAX,Aedes_aegypti,2004,11,2004-11-01,0
MX-OAX,Aedes_aegypti,2004,12,2004-12-01,0
MX-OAX,Aedes_aegypti,2005,1,2005-01-01,0
MX-OAX,Aedes_aegypti,2005,2,2005-02-01,0
MX-OAX,Aedes_aegypti,2005,3,2005-03-01,0
MX-OAX,Aedes_aegypti,2005,4,2005-04-01,0
MX-OAX,Aedes_aegypti,2005,5,2005-05-01,0
MX-OAX,Aedes_aegypti,2005,6,2005-06-01,0
MX-OAX,Aedes_aegypti,2005,7,2005-07-01,0
MX-OAX,Aedes_aegypti,2005,8,2005-08-01,0
MX-OAX,Aedes_aegypti,2005,9,2005-09-01,0
MX-OAX,Aedes_aegypti,2005,10,2005-10-01,0
MX-OAX,Aedes_aegypti,2005,11,2005-11-01,0
MX-OAX,Aedes_aegypti,2005,12,2005-12-01,100
MX-OAX,Aedes_aegypti,2006,1,2006-01-01,0
MX-OAX,Aedes_aegypti,2006,2,2006-02-01,0
MX-OAX,Aedes_aegypti,2006,3,2006-03-01,0
MX-OAX,Aedes_aegypti,2006,4,2006-04-01,0
MX-OAX,Aedes_aegypti,2006,5,2006-05-01,0
MX-OAX,Aedes_aegypti,2006,6,2006-06-01,0
MX-OAX,Aedes_aegypti,2006,7,2006-07-01,0
MX-OAX,Aedes_aegypti,2006,8,2006-08-01,0
MX-OAX,Aedes_aegypti,2006,9,2006-09-01,0
MX-OAX,Aedes_aegypti,2006,10,2006-10-01,0
MX-OAX,Aedes_aegypti,2006,11,2006-11-01,0
MX-OAX,Aedes_aegypti,2006,12,2006-12-01,0
MX-OAX,Aedes_aegypti,2007,1,2007-01-01,0
MX-OAX,Aedes_aegypti,2007,2,2007-02-01,0
MX-OAX,Aedes_aegypti,2007,3,2007-03-01,0
MX-OAX,Aedes_aegypti,2007,4,2007-04-01,0
MX-OAX,Aedes_aegypti,2007,5,2007-05-01,0
MX-OAX,Aedes_aegypti,2007,6,2007-06-01,0
MX-OAX,Aedes_aegypti,2007,7,2007-07-01,0
MX-OAX,Aedes_aegypti,2007,8,2007-08-01,0
MX-OAX,Aedes_aegypti,2007,9,2007-09-01,0
MX-OAX,Aedes_aegypti,2007,10,2007-10-01,0
MX-OAX,Aedes_aegypti,2007,11,2007-11-01,0
MX-OAX,Aedes_aegypti,2007,12,2007-12-01,0
MX-OAX,Aedes_aegypti,2008,1,2008-01-01,0
MX-OAX,Aedes_aegypti,2008,2,2008-02-01,0
MX-OAX,Aedes_aegypti,2008,3,2008-03-01,0
MX-OAX,Aedes_aegypti,2008,4,2008-04-01,0
MX-OAX,Aedes_aegypti,2008,5,2008-05-01,0
MX-OAX,Aedes_aegypti,2008,6,2008-06-01,0
MX-OAX,Aedes_aegypti,2008,7,2008-07-01,0
MX-OAX,Aedes_aegypti,2008,8,2008-08-01,0
MX-OAX,Aedes_aegypti,2008,9,2008-09-01,0
MX-OAX,Aedes_aegypti,2008,10,2008-10-01,0
MX-OAX,Aedes_aegypti,2008,11,2008-11-01,0
MX-OAX,Aedes_aegypti,2008,12,2008-12-01,0
MX-OAX,Aedes_aegypti,2009,1,2009-01-01,0
MX-OAX,Aedes_aegypti,2009,2,2009-02-01,0
MX-OAX,Aedes_aegypti,2009,3,2009-03-01,0
MX-OAX,Aedes_aegypti,2009,4,2009-04-01,0
MX-OAX,Aedes_aegypti,2009,5,2009-05-01,0
MX-OAX,Aedes_aegypti,2009,6,2009-06-01,0
MX-OAX,Aedes_aegypti,2009,7,2009-07-01,0
MX-OAX,Aedes_aegypti,2009,8,2009-08-01,0
MX-OAX,Aedes_aegypti,2009,9,2009-09-01,0
MX-OAX,Aedes_aegypti,2009,10,2009-10-01,0
MX-OAX,Aedes_aegypti,2009,11,2009-11-01,0
MX-OAX,Aedes_aegypti,2009,12,2009-12-01,0
MX-OAX,Aedes_aegypti,2010,1,2010-01-01,0
MX-OAX,Aedes_aegypti,2010,2,2010-02-01,0
MX-OAX,Aedes_aegypti,2010,3,2010-03-01,0
MX-OAX,Aedes_aegypti,2010,4,2010-04-01,0
MX-OAX,Aedes_aegypti,2010,5,2010-05-01,0
MX-OAX,Aedes_aegypti,2010,6,2010-06-01,0
MX-OAX,Aedes_aegypti,2010,7,2010-07-01,0
MX-OAX,Aedes_aegypti,2010,8,2010-08-01,0
MX-OAX,Aedes_aegypti,2010,9,2010-09-01,0
MX-OAX,Aedes_aegypti,2010,10,2010-10-01,0
MX-OAX,Aedes_aegypti,2010,11,2010-11-01,0
MX-OAX,Aedes_aegypti,2010,12,2010-12-01,0
MX-OAX,Aedes_aegypti,2011,1,2011-01-01,0
MX-OAX,Aedes_aegypti,2011,2,2011-02-01,0
MX-OAX,Aedes_aegypti,2011,3,2011-03-01,0
MX-OAX,Aedes_aegypti,2011,4,2011-04-01,0
MX-OAX,Aedes_aegypti,2011,5,2011-05-01,0
MX-OAX,Aedes_aegypti,2011,6,2011-06-01,0
MX-OAX,Aedes_aegypti,2011,7,2011-07-01,0
MX-OAX,Aedes_aegypti,2011,8,2011-08-01,0
MX-OAX,Aedes_aegypti,2011,9,2011-09-01,0
MX-OAX,Aedes_aegypti,2011,10,2011-10-01,0
MX-OAX,Aedes_aegypti,2011,11,2011-11-01,0
MX-OAX,Aedes_aegypti,2011,12,2011-12-01,0
MX-OAX,Aedes_aegypti,2012,1,2012-01-01,0
MX-OAX,Aedes_aegypti,2012,2,2012-02-01,0
MX-OAX,Aedes_aegypti,2012,3,2012-03-01,0
MX-OAX,Aedes_aegypti,2012,4,2012-04-01,0
MX-OAX,Aedes_aegypti,2012,5,2012-05-01,0
MX-OAX,Aedes_aegypti,2012,6,2012-06-01,0
MX-OAX,Aedes_aegypti,2012,7,2012-07-01,0
MX-OAX,Aedes_aegypti,2012,8,2012-08-01,0
MX-OAX,Aedes_aegypti,2012,9,2012-09-01,0
MX-OAX,Aedes_aegypti,2012,10,2012-10-01,0
MX-OAX,Aedes_aegypti,2012,11,2012-11-01,0
MX-OAX,Aedes_aegypti,2012,12,2012-12-01,0
MX-OAX,Aedes_aegypti,2013,1,2013-01-01,0
MX-OAX,Aedes_aegypti,2013,2,2013-02-01,0
MX-OAX,Aedes_aegypti,2013,3,2013-03-01,0
MX-OAX,Aedes_aegypti,2013,4,2013-04-01,0
MX-OAX,Aedes_aegypti,2013,5,2013-05-01,0
MX-OAX,Aedes_aegypti,2013,6,2013-06-01,0
MX-OAX,Aedes_aegypti,2013,7,2013-07-01,0
MX-OAX,Aedes_aegypti,2013,8,2013-08-01,0
MX-OAX,Aedes_aegypti,2013,9,2013-09-01,0
MX-OAX,Aedes_aegypti,2013,10,2013-10-01,1
MX-OAX,Aedes_aegypti,2013,11,2013-11-01,0
MX-OAX,Aedes_aegypti,2013,12,2013-12-01,0
MX-OAX,Aedes_aegypti,2014,1,2014-01-01,0
MX-OAX,Aedes_aegypti,2014,2,2014-02-01,0
MX-OAX,Aedes_aegypti,2014,3,2014-03-01,0
MX-OAX,Aedes_aegypti,2014,4,2014-04-01,0
MX-OAX,Aedes_aegypti,2014,5,2014-05-01,0
MX-OAX,Aedes_aegypti,2014,6,2014-06-01,0
MX-OAX,Aedes_aegypti,2014,7,2014-07-01,0
MX-OAX,Aedes_aegypti,2014,8,2014-08-01,0
MX-OAX,Aedes_aegypti,2014,9,2014-09-01,0
MX-OAX,Aedes_aegypti,2014,10,2014-10-01,0
MX-OAX,Aedes_aegypti,2014,11,2014-11-01,0
MX-OAX,Aedes_aegypti,2014,12,2014-12-01,0
MX-OAX,Aedes_aegypti,2015,1,2015-01-01,0
MX-OAX,Aedes_aegypti,2015,2,2015-02-01,0
MX-OAX,Aedes_aegypti,2015,3,2015-03-01,0
MX-OAX,Aedes_aegypti,2015,4,2015-04-01,0
MX-OAX,Aedes_aegypti,2015,5,2015-05-01,0
MX-OAX,Aedes_aegypti,2015,6,2015-06-01,0
MX-OAX,Aedes_aegypti,2015,7,2015-07-01,0
MX-OAX,Aedes_aegypti,2015,8,2015-08-01,0
MX-OAX,Aedes_aegypti,2015,9,2015-09-01,0
MX-OAX,Aedes_aegypti,2015,10,2015-10-01,0
MX-OAX,Aedes_aegypti,2015,11,2015-11-01,0
MX-OAX,Aedes_aegypti,2015,12,2015-12-01,0
MX-OAX,Aedes_aegypti,2016,1,2016-01-01,0
MX-OAX,Aedes_aegypti,2016,2,2016-02-01,1
MX-OAX,Aedes_aegypti,2016,3,2016-03-01,0
MX-OAX,Aedes_aegypti,2016,4,2016-04-01,0
MX-OAX,Aedes_aegypti,2016,5,2016-05-01,0
MX-OAX,Aedes_aegypti,2016,6,2016-06-01,0
MX-OAX,Aedes_aegypti,2016,7,2016-07-01,0
MX-OAX,Aedes_aegypti,2016,8,2016-08-01,0
MX-OAX,Aedes_aegypti,2016,9,2016-09-01,0
MX-OAX,Aedes_aegypti,2016,10,2016-10-01,0
MX-OAX,Aedes_aegypti,2016,11,2016-11-01,0
MX-OAX,Aedes_aegypti,2016,12,2016-12-01,0
MX-OAX,Aedes_aegypti,2017,1,2017-01-01,0
MX-OAX,Aedes_aegypti,2017,2,2017-02-01,0
MX-OAX,Aedes_aegypti,2017,3,2017-03-01,0
MX-OAX,Aedes_aegypti,2017,4,2017-04-01,0
MX-OAX,Aedes_aegypti,2017,5,2017-05-01,0
MX-OAX,Aedes_aegypti,2017,6,2017-06-01,0
MX-OAX,Aedes_aegypti,2017,7,2017-07-01,0
MX-OAX,Aedes_aegypti,2017,8,2017-08-01,0
MX-OAX,Aedes_aegypti,2017,9,2017-09-01,0
MX-OAX,Aedes_aegypti,2017,10,2017-10-01,0
MX-OAX,Aedes_aegypti,2017,11,2017-11-01,0
MX-OAX,Aedes_aegypti,2017,12,2017-12-01,0
MX-OAX,Aedes_aegypti,2018,1,2018-01-01,0
MX-OAX,Aedes_aegypti,2018,2,2018-02-01,0
MX-OAX,Aedes_aegypti,2018,3,2018-03-01,0
MX-OAX,Aedes_aegypti,2018,4,2018-04-01,0
MX-OAX,Aedes_aegypti,2018,5,2018-05-01,0
MX-OAX,Aedes_aegypti,2018,6,2018-06-01,0
MX-OAX,Aedes_aegypti,2018,7,2018-07-01,0
MX-OAX,Aedes_aegypti,2018,8,2018-08-01,0
MX-OAX,Aedes_aegypti,2018,9,2018-09-01,0
MX-OAX,Aedes_aegypti,2018,10,2018-10-01,0
MX-OAX,Aedes_aegypti,2018,11,2018-11-01,0
MX-OAX,Aedes_aegypti,2018,12,2018-12-01,0
MX-OAX,Aedes_aegypti,2019,1,2019-01-01,0
MX-OAX,Aedes_aegypti,2019,2,2019-02-01,0
MX-OAX,Aedes_aegypti,2019,3,2019-03-01,0
MX-OAX,Aedes_aegypti,2019,4,2019-04-01,0
MX-OAX,Aedes_aegypti,2019,5,2019-05-01,0
MX-OAX,Aedes_aegypti,2019,6,2019-06-01,0
MX-OAX,Aedes_aegypti,2019,7,2019-07-01,0
MX-OAX,Aedes_aegypti,2019,8,2019-08-01,1
MX-OAX,Aedes_aegypti,2019,9,2019-09-01,1
MX-OAX,Aedes_aegypti,2019,10,2019-10-01,3
MX-OAX,Aedes_aegypti,2019,11,2019-11-01,0
MX-OAX,Aedes_aegypti,2019,12,2019-12-01,0
MX-OAX,Aedes_aegypti,2020,1,2020-01-01,0
MX-OAX,Aedes_aegypti,2020,2,2020-02-01,0
MX-OAX,Aedes_aegypti,2020,3,2020-03-01,1
MX-OAX,Aedes_aegypti,2020,4,2020-04-01,0
MX-OAX,Aedes_aegypti,2020,5,2020-05-01,0
MX-OAX,Aedes_aegypti,2020,6,2020-06-01,0
MX-OAX,Aedes_aegypti,2020,7,2020-07-01,1
MX-OAX,Aedes_aegypti,2020,8,2020-08-01,0
MX-OAX,Aedes_aegypti,2020,9,2020-09-01,0
MX-OAX,Aedes_aegypti,2020,10,2020-10-01,0
MX-OAX,Aedes_aegypti,2020,11,2020-11-01,0
MX-OAX,Aedes_aegypti,2020,12,2020-12-01,0
MX-OAX,Aedes_aegypti,2021,1,2021-01-01,0
MX-OAX,Aedes_aegypti,2021,2,2021-02-01,0
MX-OAX,Aedes_aegypti,2021,3,2021-03-01,0
MX-OAX,Aedes_aegypti,2021,4,2021-04-01,0
MX-OAX,Aedes_aegypti,2021,5,2021-05-01,0
MX-OAX,Aedes_aegypti,2021,6,2021-06-01,0
MX-OAX,Aedes_aegypti,2021,7,2021-07-01,1
MX-OAX,Aedes_aegypti,2021,8,2021-08-01,0
MX-OAX,Aedes_aegypti,2021,9,2021-09-01,0
MX-OAX,Aedes_aegypti,2021,10,2021-10-01,0
MX-OAX,Aedes_aegypti,2021,11,2021-11-01,0
MX-OAX,Aedes_aegypti,2021,12,2021-12-01,0
MX-OAX,Aedes_aegypti,2022,1,2022-01-01,0
MX-OAX,Aedes_aegypti,2022,2,2022-02-01,0
MX-OAX,Aedes_aegypti,2022,3,2022-03-01,0
MX-OAX,Aedes_aegypti,2022,4,2022-04-01,0
MX-OAX,Aedes_aegypti,2022,5,2022-05-01,0
MX-OAX,Aedes_aegypti,2022,6,2022-06-01,0
MX-OAX,Aedes_aegypti,2022,7,2022-07-01,1
MX-OAX,Aedes_aegypti,2022,8,2022-08-01,0
MX-OAX,Aedes_aegypti,2022,9,2022-09-01,0
MX-OAX,Aedes_aegypti,2022,10,2022-10-01,0
MX-OAX,Aedes_aegypti,2022,11,2022-11-01,0
MX-OAX,Aedes_aegypti,2022,12,2022-12-01,0
MX-OAX,mosquito,2004,1,2004-01-01,0
MX-OAX,mosquito,2004,2,2004-02-01,0
MX-OAX,mosquito,2004,3,2004-03-01,0
MX-OAX,mosquito,2004,4,2004-04-01,0
MX-OAX,mosquito,2004,5,2004-05-01,0
MX-OAX,mosquito,2004,6,2004-06-01,0
MX-OAX,mosquito,2004,7,2004-07-01,0
MX-OAX,mosquito,2004,8,2004-08-01,0
MX-OAX,mosquito,2004,9,2004-09-01,0
MX-OAX,mosquito,2004,10,2004-10-01,0
MX-OAX,mosquito,2004,11,2004-11-01,0
MX-OAX,mosquito,2004,12,2004-12-01,0
MX-OAX,mosquito,2005,1,2005-01-01,0
MX-OAX,mosquito,2005,2,2005-02-01,0
MX-OAX,mosquito,2005,3,2005-03-01,0
MX-OAX,mosquito,2005,4,2005-04-01,0
MX-OAX,mosquito,2005,5,2005-05-01,0
MX-OAX,mosquito,2005,6,2005-06-01,0
MX-OAX,mosquito,2005,7,2005-07-01,0
MX-OAX,mosquito,2005,8,2005-08-01,0
MX-OAX,mosquito,2005,9,2005-09-01,0
MX-OAX,mosquito,2005,10,2005-10-01,0
MX-OAX,mosquito,2005,11,2005-11-01,0
MX-OAX,mosquito,2005,12,2005-12-01,0
MX-OAX,mosquito,2006,1,2006-01-01,0
MX-OAX,mosquito,2006,2,2006-02-01,0
MX-OAX,mosquito,2006,3,2006-03-01,0
MX-OAX,mosquito,2006,4,2006-04-01,0
MX-OAX,mosquito,2006,5,2006-05-01,0
MX-OAX,mosquito,2006,6,2006-06-01,0
MX-OAX,mosquito,2006,7,2006-07-01,0
MX-OAX,mosquito,2006,8,2006-08-01,0
MX-OAX,mosquito,2006,9,2006-09-01,0
MX-OAX,mosquito,2006,10,2006-10-01,0
MX-OAX,mosquito,2006,11,2006-11-01,0
MX-OAX,mosquito,2006,12,2006-12-01,0
MX-OAX,mosquito,2007,1,2007-01-01,0
MX-OAX,mosquito,2007,2,2007-02-01,0
MX-OAX,mosquito,2007,3,2007-03-01,0
MX-OAX,mosquito,2007,4,2007-04-01,0
MX-OAX,mosquito,2007,5,2007-05-01,0
MX-OAX,mosquito,2007,6,2007-06-01,0
MX-OAX,mosquito,2007,7,2007-07-01,0
MX-OAX,mosquito,2007,8,2007-08-01,0
MX-OAX,mosquito,2007,9,2007-09-01,0
MX-OAX,mosquito,2007,10,2007-10-01,0
MX-OAX,mosquito,2007,11,2007-11-01,0
MX-OAX,mosquito,2007,12,2007-12-01,0
MX-OAX,mosquito,2008,1,2008-01-01,0
MX-OAX,mosquito,2008,2,2008-02-01,0
MX-OAX,mosquito,2008,3,2008-03-01,0
MX-OAX,mosquito,2008,4,2008-04-01,0
MX-OAX,mosquito,2008,5,2008-05-01,100
MX-OAX,mosquito,2008,6,2008-06-01,0
MX-OAX,mosquito,2008,7,2008-07-01,0
MX-OAX,mosquito,2008,8,2008-08-01,0
MX-OAX,mosquito,2008,9,2008-09-01,0
MX-OAX,mosquito,2008,10,2008-10-01,0
MX-OAX,mosquito,2008,11,2008-11-01,0
MX-OAX,mosquito,2008,12,2008-12-01,0
MX-OAX,mosquito,2009,1,2009-01-01,0
MX-OAX,mosquito,2009,2,2009-02-01,0
MX-OAX,mosquito,2009,3,2009-03-01,0
MX-OAX,mosquito,2009,4,2009-04-01,0
MX-OAX,mosquito,2009,5,2009-05-01,0
MX-OAX,mosquito,2009,6,2009-06-01,0
MX-OAX,mosquito,2009,7,2009-07-01,0
MX-OAX,mosquito,2009,8,2009-08-01,0
MX-OAX,mosquito,2009,9,2009-09-01,0
MX-OAX,mosquito,2009,10,2009-10-01,0
MX-OAX,mosquito,2009,11,2009-11-01,0
MX-OAX,mosquito,2009,12,2009-12-01,0
MX-OAX,mosquito,2010,1,2010-01-01,0
MX-OAX,mosquito,2010,2,2010-02-01,0
MX-OAX,mosquito,2010,3,2010-03-01,0
MX-OAX,mosquito,2010,4,2010-04-01,0
MX-OAX,mosquito,2010,5,2010-05-01,0
MX-OAX,mosquito,2010,6,2010-06-01,0
MX-OAX,mosquito,2010,7,2010-07-01,0
MX-OAX,mosquito,2010,8,2010-08-01,0
MX-OAX,mosquito,2010,9,2010-09-01,0
MX-OAX,mosquito,2010,10,2010-10-01,0
MX-OAX,mosquito,2010,11,2010-11-01,0
MX-OAX,mosquito,2010,12,2010-12-01,0
MX-OAX,mosquito,2011,1,2011-01-01,0
MX-OAX,mosquito,2011,2,2011-02-01,0
MX-OAX,mosquito,2011,3,2011-03-01,7
MX-OAX,mosquito,2011,4,2011-04-01,10
MX-OAX,mosquito,2011,5,2011-05-01,7
MX-OAX,mosquito,2011,6,2011-06-01,0
MX-OAX,mosquito,2011,7,2011-07-01,13
MX-OAX,mosquito,2011,8,2011-08-01,10
MX-OAX,mosquito,2011,9,2011-09-01,7
MX-OAX,mosquito,2011,10,2011-10-01,10
MX-OAX,mosquito,2011,11,2011-11-01,5
MX-OAX,mosquito,2011,12,2011-12-01,0
MX-OAX,mosquito,2012,1,2012-01-01,0
MX-OAX,mosquito,2012,2,2012-02-01,8
MX-OAX,mosquito,2012,3,2012-03-01,6
MX-OAX,mosquito,2012,4,2012-04-01,0
MX-OAX,mosquito,2012,5,2012-05-01,6
MX-OAX,mosquito,2012,6,2012-06-01,7
MX-OAX,mosquito,2012,7,2012-07-01,11
MX-OAX,mosquito,2012,8,2012-08-01,10
MX-OAX,mosquito,2012,9,2012-09-01,13
MX-OAX,mosquito,2012,10,2012-10-01,7
MX-OAX,mosquito,2012,11,2012-11-01,8
MX-OAX,mosquito,2012,12,2012-12-01,8
MX-OAX,mosquito,2013,1,2013-01-01,0
MX-OAX,mosquito,2013,2,2013-02-01,0
MX-OAX,mosquito,2013,3,2013-03-01,5
MX-OAX,mosquito,2013,4,2013-04-01,10
MX-OAX,mosquito,2013,5,2013-05-01,7
MX-OAX,mosquito,2013,6,2013-06-01,14
MX-OAX,mosquito,2013,7,2013-07-01,10
MX-OAX,mosquito,2013,8,2013-08-01,12
MX-OAX,mosquito,2013,9,2013-09-01,12
MX-OAX,mosquito,2013,10,2013-10-01,14
MX-OAX,mosquito,2013,11,2013-11-01,6
MX-OAX,mosquito,2013,12,2013-12-01,6
MX-OAX,mosquito,2014,1,2014-01-01,0
MX-OAX,mosquito,2014,2,2014-02-01,4
MX-OAX,mosquito,2014,3,2014-03-01,6
MX-OAX,mosquito,2014,4,2014-04-01,7
MX-OAX,mosquito,2014,5,2014-05-01,11
MX-OAX,mosquito,2014,6,2014-06-01,14
MX-OAX,mosquito,2014,7,2014-07-01,17
MX-OAX,mosquito,2014,8,2014-08-01,11
MX-OAX,mosquito,2014,9,2014-09-01,12
MX-OAX,mosquito,2014,10,2014-10-01,10
MX-OAX,mosquito,2014,11,2014-11-01,8
MX-OAX,mosquito,2014,12,2014-12-01,6
MX-OAX,mosquito,2015,1,2015-01-01,8
MX-OAX,mosquito,2015,2,2015-02-01,5
MX-OAX,mosquito,2015,3,2015-03-01,9
MX-OAX,mosquito,2015,4,2015-04-01,12
MX-OAX,mosquito,2015,5,2015-05-01,17
MX-OAX,mosquito,2015,6,2015-06-01,21
MX-OAX,mosquito,2015,7,2015-07-01,22
MX-OAX,mosquito,2015,8,2015-08-01,13
MX-OAX,mosquito,2015,9,2015-09-01,15
MX-OAX,mosquito,2015,10,2015-10-01,12
MX-OAX,mosquito,2015,11,2015-11-01,11
MX-OAX,mosquito,2015,12,2015-12-01,10
MX-OAX,mosquito,2016,1,2016-01-01,10
MX-OAX,mosquito,2016,2,2016-02-01,15
MX-OAX,mosquito,2016,3,2016-03-01,14
MX-OAX,mosquito,2016,4,2016-04-01,14
MX-OAX,mosquito,2016,5,2016-05-01,13
MX-OAX,mosquito,2016,6,2016-06-01,14
MX-OAX,mosquito,2016,7,2016-07-01,15
MX-OAX,mosquito,2016,8,2016-08-01,12
MX-OAX,mosquito,2016,9,2016-09-01,15
MX-OAX,mosquito,2016,10,2016-10-01,12
MX-OAX,mosquito,2016,11,2016-11-01,0
MX-OAX,mosquito,2016,12,2016-12-01,0
MX-OAX,mosquito,2017,1,2017-01-01,0
MX-OAX,mosquito,2017,2,2017-02-01,0
MX-OAX,mosquito,2017,3,2017-03-01,4
MX-OAX,mosquito,2017,4,2017-04-01,0
MX-OAX,mosquito,2017,5,2017-05-01,0
MX-OAX,mosquito,2017,6,2017-06-01,3
MX-OAX,mosquito,2017,7,2017-07-01,7
MX-OAX,mosquito,2017,8,2017-08-01,3
MX-OAX,mosquito,2017,9,2017-09-01,3
MX-OAX,mosquito,2017,10,2017-10-01,3
MX-OAX,mosquito,2017,11,2017-11-01,0
MX-OAX,mosquito,2017,12,2017-12-01,0
MX-OAX,mosquito,2018,1,2018-01-01,0
MX-OAX,mosquito,2018,2,2018-02-01,0
MX-OAX,mosquito,2018,3,2018-03-01,4
MX-OAX,mosquito,2018,4,2018-04-01,4
MX-OAX,mosquito,2018,5,2018-05-01,0
MX-OAX,mosquito,2018,6,2018-06-01,7
MX-OAX,mosquito,2018,7,2018-07-01,10
MX-OAX,mosquito,2018,8,2018-08-01,5
MX-OAX,mosquito,2018,9,2018-09-01,0
MX-OAX,mosquito,2018,10,2018-10-01,0
MX-OAX,mosquito,2018,11,2018-11-01,4
MX-OAX,mosquito,2018,12,2018-12-01,0
MX-OAX,mosquito,2019,1,2019-01-01,0
MX-OAX,mosquito,2019,2,2019-02-01,4
MX-OAX,mosquito,2019,3,2019-03-01,3
MX-OAX,mosquito,2019,4,2019-04-01,0
MX-OAX,mosquito,2019,5,2019-05-01,0
MX-OAX,mosquito,2019,6,2019-06-01,5
MX-OAX,mosquito,2019,7,2019-07-01,0
MX-OAX,mosquito,2019,8,2019-08-01,0
MX-OAX,mosquito,2019,9,2019-09-01,0
MX-OAX,mosquito,2019,10,2019-10-01,4
MX-OAX,mosquito,2019,11,2019-11-01,3
MX-OAX,mosquito,2019,12,2019-12-01,0
MX-OAX,mosquito,2020,1,2020-01-01,5
MX-OAX,mosquito,2020,2,2020-02-01,4
MX-OAX,mosquito,2020,3,2020-03-01,2
MX-OAX,mosquito,2020,4,2020-04-01,3
MX-OAX,mosquito,2020,5,2020-05-01,3
MX-OAX,mosquito,2020,6,2020-06-01,3
MX-OAX,mosquito,2020,7,2020-07-01,6
MX-OAX,mosquito,2020,8,2020-08-01,6
MX-OAX,mosquito,2020,9,2020-09-01,6
MX-OAX,mosquito,2020,10,2020-10-01,4
MX-OAX,mosquito,2020,11,2020-11-01,4
MX-OAX,mosquito,2020,12,2020-12-01,0
MX-OAX,mosquito,2021,1,2021-01-01,4
MX-OAX,mosquito,2021,2,2021-02-01,5
MX-OAX,mosquito,2021,3,2021-03-01,8
MX-OAX,mosquito,2021,4,2021-04-01,11
MX-OAX,mosquito,2021,5,2021-05-01,16
MX-OAX,mosquito,2021,6,2021-06-01,15
MX-OAX,mosquito,2021,7,2021-07-01,19
MX-OAX,mosquito,2021,8,2021-08-01,15
MX-OAX,mosquito,2021,9,2021-09-01,10
MX-OAX,mosquito,2021,10,2021-10-01,12
MX-OAX,mosquito,2021,11,2021-11-01,9
MX-OAX,mosquito,2021,12,2021-12-01,6
MX-OAX,mosquito,2022,1,2022-01-01,7
MX-OAX,mosquito,2022,2,2022-02-01,9
MX-OAX,mosquito,2022,3,2022-03-01,10
MX-OAX,mosquito,2022,4,2022-04-01,12
MX-OAX,mosquito,2022,5,2022-05-01,16
MX-OAX,mosquito,2022,6,2022-06-01,16
MX-OAX,mosquito,2022,7,2022-07-01,23
MX-OAX,mosquito,2022,8,2022-08-01,19
MX-OAX,mosquito,2022,9,2022-09-01,18
MX-OAX,mosquito,2022,10,2022-10-01,17
MX-OAX,mosquito,2022,11,2022-11-01,12
MX-OAX,mosquito,2022,12,2022-12-01,10
MX-OAX,vector,2004,1,2004-01-01,0
MX-OAX,vector,2004,2,2004-02-01,0
MX-OAX,vector,2004,3,2004-03-01,0
MX-OAX,vector,2004,4,2004-04-01,0
MX-OAX,vector,2004,5,2004-05-01,0
MX-OAX,vector,2004,6,2004-06-01,0
MX-OAX,vector,2004,7,2004-07-01,0
MX-OAX,vector,2004,8,2004-08-01,0
MX-OAX,vector,2004,9,2004-09-01,0
MX-OAX,vector,2004,10,2004-10-01,0
MX-OAX,vector,2004,11,2004-11-01,0
MX-OAX,vector,2004,12,2004-12-01,0
MX-OAX,vector,2005,1,2005-01-01,0
MX-OAX,vector,2005,2,2005-02-01,0
MX-OAX,vector,2005,3,2005-03-01,0
MX-OAX,vector,2005,4,2005-04-01,0
MX-OAX,vector,2005,5,2005-05-01,0
MX-OAX,vector,2005,6,2005-06-01,0
MX-OAX,vector,2005,7,2005-07-01,0
MX-OAX,vector,2005,8,2005-08-01,0
MX-OAX,vector,2005,9,2005-09-01,0
MX-OAX,vector,2005,10,2005-10-01,0
MX-OAX,vector,2005,11,2005-11-01,0
MX-OAX,vector,2005,12,2005-12-01,0
MX-OAX,vector,2006,1,2006-01-01,0
MX-OAX,vector,2006,2,2006-02-01,0
MX-OAX,vector,2006,3,2006-03-01,0
MX-OAX,vector,2006,4,2006-04-01,0
MX-OAX,vector,2006,5,2006-05-01,0
MX-OAX,vector,2006,6,2006-06-01,0
MX-OAX,vector,2006,7,2006-07-01,0
MX-OAX,vector,2006,8,2006-08-01,0
MX-OAX,vector,2006,9,2006-09-01,0
MX-OAX,vector,2006,10,2006-10-01,0
MX-OAX,vector,2006,11,2006-11-01,0
MX-OAX,vector,2006,12,2006-12-01,0
MX-OAX,vector,2007,1,2007-01-01,0
MX-OAX,vector,2007,2,2007-02-01,0
MX-OAX,vector,2007,3,2007-03-01,0
MX-OAX,vector,2007,4,2007-04-01,0
MX-OAX,vector,2007,5,2007-05-01,0
MX-OAX,vector,2007,6,2007-06-01,0
MX-OAX,vector,2007,7,2007-07-01,0
MX-OAX,vector,2007,8,2007-08-01,100
MX-OAX,vector,2007,9,2007-09-01,0
MX-OAX,vector,2007,10,2007-10-01,0
MX-OAX,vector,2007,11,2007-11-01,0
MX-OAX,vector,2007,12,2007-12-01,0
MX-OAX,vector,2008,1,2008-01-01,0
MX-OAX,vector,2008,2,2008-02-01,0
MX-OAX,vector,2008,3,2008-03-01,0
MX-OAX,vector,2008,4,2008-04-01,0
MX-OAX,vector,2008,5,2008-05-01,0
MX-OAX,vector,2008,6,2008-06-01,0
MX-OAX,vector,2008,7,2008-07-01,0
MX-OAX,vector,2008,8,2008-08-01,0
MX-OAX,vector,2008,9,2008-09-01,0
MX-OAX,vector,2008,10,2008-10-01,0
MX-OAX,vector,2008,11,2008-11-01,0
MX-OAX,vector,2008,12,2008-12-01,0
MX-OAX,vector,2009,1,2009-01-01,0
MX-OAX,vector,2009,2,2009-02-01,0
MX-OAX,vector,2009,3,2009-03-01,0
MX-OAX,vector,2009,4,2009-04-01,0
MX-OAX,vector,2009,5,2009-05-01,0
MX-OAX,vector,2009,6,2009-06-01,0
MX-OAX,vector,2009,7,2009-07-01,0
MX-OAX,vector,2009,8,2009-08-01,0
MX-OAX,vector,2009,9,2009-09-01,0
MX-OAX,vector,2009,10,2009-10-01,0
MX-OAX,vector,2009,11,2009-11-01,0
MX-OAX,vector,2009,12,2009-12-01,0
MX-OAX,vector,2010,1,2010-01-01,0
MX-OAX,vector,2010,2,2010-02-01,0
MX-OAX,vector,2010,3,2010-03-01,0
MX-OAX,vector,2010,4,2010-04-01,0
MX-OAX,vector,2010,5,2010-05-01,0
MX-OAX,vector,2010,6,2010-06-01,0
MX-OAX,vector,2010,7,2010-07-01,0
MX-OAX,vector,2010,8,2010-08-01,0
MX-OAX,vector,2010,9,2010-09-01,0
MX-OAX,vector,2010,10,2010-10-01,0
MX-OAX,vector,2010,11,2010-11-01,0
MX-OAX,vector,2010,12,2010-12-01,0
MX-OAX,vector,2011,1,2011-01-01,0
MX-OAX,vector,2011,2,2011-02-01,8
MX-OAX,vector,2011,3,2011-03-01,8
MX-OAX,vector,2011,4,2011-04-01,0
MX-OAX,vector,2011,5,2011-05-01,0
MX-OAX,vector,2011,6,2011-06-01,0
MX-OAX,vector,2011,7,2011-07-01,8
MX-OAX,vector,2011,8,2011-08-01,8
MX-OAX,vector,2011,9,2011-09-01,14
MX-OAX,vector,2011,10,2011-10-01,7
MX-OAX,vector,2011,11,2011-11-01,9
MX-OAX,vector,2011,12,2011-12-01,11
MX-OAX,vector,2012,1,2012-01-01,0
MX-OAX,vector,2012,2,2012-02-01,0
MX-OAX,vector,2012,3,2012-03-01,0
MX-OAX,vector,2012,4,2012-04-01,0
MX-OAX,vector,2012,5,2012-05-01,7
MX-OAX,vector,2012,6,2012-06-01,7
MX-OAX,vector,2012,7,2012-07-01,0
MX-OAX,vector,2012,8,2012-08-01,9
MX-OAX,vector,2012,9,2012-09-01,11
MX-OAX,vector,2012,10,2012-10-01,8
MX-OAX,vector,2012,11,2012-11-01,0
MX-OAX,vector,2012,12,2012-12-01,0
MX-OAX,vector,2013,1,2013-01-01,6
MX-OAX,vector,2013,2,2013-02-01,6
MX-OAX,vector,2013,3,2013-03-01,7
MX-OAX,vector,2013,4,2013-04-01,5
MX-OAX,vector,2013,5,2013-05-01,5
MX-OAX,vector,2013,6,2013-06-01,7
MX-OAX,vector,2013,7,2013-07-01,6
MX-OAX,vector,2013,8,2013-08-01,6
MX-OAX,vector,2013,9,2013-09-01,7
MX-OAX,vector,2013,10,2013-10-01,0
MX-OAX,vector,2013,11,2013-11-01,4
MX-OAX,vector,2013,12,2013-12-01,6
MX-OAX,vector,2014,1,2014-01-01,4
MX-OAX,vector,2014,2,2014-02-01,6
MX-OAX,vector,2014,3,2014-03-01,5
MX-OAX,vector,2014,4,2014-04-01,0
MX-OAX,vector,2014,5,2014-05-01,7
MX-OAX,vector,2014,6,2014-06-01,0
MX-OAX,vector,2014,7,2014-07-01,5
MX-OAX,vector,2014,8,2014-08-01,7
MX-OAX,vector,2014,9,2014-09-01,11
MX-OAX,vector,2014,10,2014-10-01,7
MX-OAX,vector,2014,11,2014-11-01,7
MX-OAX,vector,2014,12,2014-12-01,0
MX-OAX,vector,2015,1,2015-01-01,0
MX-OAX,vector,2015,2,2015-02-01,8
MX-OAX,vector,2015,3,2015-03-01,7
MX-OAX,vector,2015,4,2015-04-01,5
MX-OAX,vector,2015,5,2015-05-01,0
MX-OAX,vector,2015,6,2015-06-01,0
MX-OAX,vector,2015,7,2015-07-01,0
MX-OAX,vector,2015,8,2015-08-01,7
MX-OAX,vector,2015,9,2015-09-01,0
MX-OAX,vector,2015,10,2015-10-01,10
MX-OAX,vector,2015,11,2015-11-01,5
MX-OAX,vector,2015,12,2015-12-01,5
MX-OAX,vector,2016,1,2016-01-01,4
MX-OAX,vector,2016,2,2016-02-01,5
MX-OAX,vector,2016,3,2016-03-01,5
MX-OAX,vector,2016,4,2016-04-01,3
MX-OAX,vector,2016,5,2016-05-01,7
MX-OAX,vector,2016,6,2016-06-01,0
MX-OAX,vector,2016,7,2016-07-01,0
MX-OAX,vector,2016,8,2016-08-01,5
MX-OAX,vector,2016,9,2016-09-01,6
MX-OAX,vector,2016,10,2016-10-01,7
MX-OAX,vector,2016,11,2016-11-01,0
MX-OAX,vector,2016,12,2016-12-01,0
MX-OAX,vector,2017,1,2017-01-01,0
MX-OAX,vector,2017,2,2017-02-01,0
MX-OAX,vector,2017,3,2017-03-01,0
MX-OAX,vector,2017,4,2017-04-01,0
MX-OAX,vector,2017,5,2017-05-01,0
MX-OAX,vector,2017,6,2017-06-01,0
MX-OAX,vector,2017,7,2017-07-01,0
MX-OAX,vector,2017,8,2017-08-01,0
MX-OAX,vector,2017,9,2017-09-01,0
MX-OAX,vector,2017,10,2017-10-01,0
MX-OAX,vector,2017,11,2017-11-01,0
MX-OAX,vector,2017,12,2017-12-01,0
MX-OAX,vector,2018,1,2018-01-01,0
MX-OAX,vector,2018,2,2018-02-01,0
MX-OAX,vector,2018,3,2018-03-01,0
MX-OAX,vector,2018,4,2018-04-01,0
MX-OAX,vector,2018,5,2018-05-01,0
MX-OAX,vector,2018,6,2018-06-01,0
MX-OAX,vector,2018,7,2018-07-01,0
MX-OAX,vector,2018,8,2018-08-01,0
MX-OAX,vector,2018,9,2018-09-01,0
MX-OAX,vector,2018,10,2018-10-01,0
MX-OAX,vector,2018,11,2018-11-01,0
MX-OAX,vector,2018,12,2018-12-01,0
MX-OAX,vector,2019,1,2019-01-01,0
MX-OAX,vector,2019,2,2019-02-01,0
MX-OAX,vector,2019,3,2019-03-01,0
MX-OAX,vector,2019,4,2019-04-01,0
MX-OAX,vector,2019,5,2019-05-01,0
MX-OAX,vector,2019,6,2019-06-01,0
MX-OAX,vector,2019,7,2019-07-01,0
MX-OAX,vector,2019,8,2019-08-01,0
MX-OAX,vector,2019,9,2019-09-01,0
MX-OAX,vector,2019,10,2019-10-01,0
MX-OAX,vector,2019,11,2019-11-01,0
MX-OAX,vector,2019,12,2019-12-01,0
MX-OAX,vector,2020,1,2020-01-01,0
MX-OAX,vector,2020,2,2020-02-01,0
MX-OAX,vector,2020,3,2020-03-01,0
MX-OAX,vector,2020,4,2020-04-01,0
MX-OAX,vector,2020,5,2020-05-01,0
MX-OAX,vector,2020,6,2020-06-01,0
MX-OAX,vector,2020,7,2020-07-01,0
MX-OAX,vector,2020,8,2020-08-01,0
MX-OAX,vector,2020,9,2020-09-01,0
MX-OAX,vector,2020,10,2020-10-01,0
MX-OAX,vector,2020,11,2020-11-01,2
MX-OAX,vector,2020,12,2020-12-01,0
MX-OAX,vector,2021,1,2021-01-01,0
MX-OAX,vector,2021,2,2021-02-01,3
MX-OAX,vector,2021,3,2021-03-01,5
MX-OAX,vector,2021,4,2021-04-01,3
MX-OAX,vector,2021,5,2021-05-01,0
MX-OAX,vector,2021,6,2021-06-01,3
MX-OAX,vector,2021,7,2021-07-01,0
MX-OAX,vector,2021,8,2021-08-01,0
MX-OAX,vector,2021,9,2021-09-01,3
MX-OAX,vector,2021,10,2021-10-01,2
MX-OAX,vector,2021,11,2021-11-01,2
MX-OAX,vector,2021,12,2021-12-01,0
MX-OAX,vector,2022,1,2022-01-01,0
MX-OAX,vector,2022,2,2022-02-01,4
MX-OAX,vector,2022,3,2022-03-01,3
MX-OAX,vector,2022,4,2022-04-01,3
MX-OAX,vector,2022,5,2022-05-01,3
MX-OAX,vector,2022,6,2022-06-01,3
MX-OAX,vector,2022,7,2022-07-01,2
MX-OAX,vector,2022,8,2022-08-01,3
MX-OAX,vector,2022,9,2022-09-01,6
MX-OAX,vector,2022,10,2022-10-01,6
MX-OAX,vector,2022,11,2022-11-01,5
MX-OAX,vector,2022,12,2022-12-01,3
MX-PUE,Aedes_aegypti,2004,1,2004-01-01,0
MX-PUE,Aedes_aegypti,2004,2,2004-02-01,0
MX-PUE,Aedes_aegypti,2004,3,2004-03-01,0
MX-PUE,Aedes_aegypti,2004,4,2004-04-01,0
MX-PUE,Aedes_aegypti,2004,5,2004-05-01,0
MX-PUE,Aedes_aegypti,2004,6,2004-06-01,0
MX-PUE,Aedes_aegypti,2004,7,2004-07-01,0
MX-PUE,Aedes_aegypti,2004,8,2004-08-01,0
MX-PUE,Aedes_aegypti,2004,9,2004-09-01,0
MX-PUE,Aedes_aegypti,2004,10,2004-10-01,0
MX-PUE,Aedes_aegypti,2004,11,2004-11-01,0
MX-PUE,Aedes_aegypti,2004,12,2004-12-01,0
MX-PUE,Aedes_aegypti,2005,1,2005-01-01,0
MX-PUE,Aedes_aegypti,2005,2,2005-02-01,0
MX-PUE,Aedes_aegypti,2005,3,2005-03-01,0
MX-PUE,Aedes_aegypti,2005,4,2005-04-01,0
MX-PUE,Aedes_aegypti,2005,5,2005-05-01,0
MX-PUE,Aedes_aegypti,2005,6,2005-06-01,0
MX-PUE,Aedes_aegypti,2005,7,2005-07-01,0
MX-PUE,Aedes_aegypti,2005,8,2005-08-01,0
MX-PUE,Aedes_aegypti,2005,9,2005-09-01,0
MX-PUE,Aedes_aegypti,2005,10,2005-10-01,0
MX-PUE,Aedes_aegypti,2005,11,2005-11-01,0
MX-PUE,Aedes_aegypti,2005,12,2005-12-01,0
MX-PUE,Aedes_aegypti,2006,1,2006-01-01,0
MX-PUE,Aedes_aegypti,2006,2,2006-02-01,0
MX-PUE,Aedes_aegypti,2006,3,2006-03-01,0
MX-PUE,Aedes_aegypti,2006,4,2006-04-01,0
MX-PUE,Aedes_aegypti,2006,5,2006-05-01,0
MX-PUE,Aedes_aegypti,2006,6,2006-06-01,0
MX-PUE,Aedes_aegypti,2006,7,2006-07-01,0
MX-PUE,Aedes_aegypti,2006,8,2006-08-01,0
MX-PUE,Aedes_aegypti,2006,9,2006-09-01,0
MX-PUE,Aedes_aegypti,2006,10,2006-10-01,0
MX-PUE,Aedes_aegypti,2006,11,2006-11-01,0
MX-PUE,Aedes_aegypti,2006,12,2006-12-01,0
MX-PUE,Aedes_aegypti,2007,1,2007-01-01,0
MX-PUE,Aedes_aegypti,2007,2,2007-02-01,0
MX-PUE,Aedes_aegypti,2007,3,2007-03-01,0
MX-PUE,Aedes_aegypti,2007,4,2007-04-01,0
MX-PUE,Aedes_aegypti,2007,5,2007-05-01,0
MX-PUE,Aedes_aegypti,2007,6,2007-06-01,0
MX-PUE,Aedes_aegypti,2007,7,2007-07-01,0
MX-PUE,Aedes_aegypti,2007,8,2007-08-01,0
MX-PUE,Aedes_aegypti,2007,9,2007-09-01,0
MX-PUE,Aedes_aegypti,2007,10,2007-10-01,0
MX-PUE,Aedes_aegypti,2007,11,2007-11-01,0
MX-PUE,Aedes_aegypti,2007,12,2007-12-01,0
MX-PUE,Aedes_aegypti,2008,1,2008-01-01,0
MX-PUE,Aedes_aegypti,2008,2,2008-02-01,0
MX-PUE,Aedes_aegypti,2008,3,2008-03-01,0
MX-PUE,Aedes_aegypti,2008,4,2008-04-01,0
MX-PUE,Aedes_aegypti,2008,5,2008-05-01,0
MX-PUE,Aedes_aegypti,2008,6,2008-06-01,0
MX-PUE,Aedes_aegypti,2008,7,2008-07-01,0
MX-PUE,Aedes_aegypti,2008,8,2008-08-01,0
MX-PUE,Aedes_aegypti,2008,9,2008-09-01,0
MX-PUE,Aedes_aegypti,2008,10,2008-10-01,0
MX-PUE,Aedes_aegypti,2008,11,2008-11-01,0
MX-PUE,Aedes_aegypti,2008,12,2008-12-01,0
MX-PUE,Aedes_aegypti,2009,1,2009-01-01,0
MX-PUE,Aedes_aegypti,2009,2,2009-02-01,0
MX-PUE,Aedes_aegypti,2009,3,2009-03-01,0
MX-PUE,Aedes_aegypti,2009,4,2009-04-01,0
MX-PUE,Aedes_aegypti,2009,5,2009-05-01,0
MX-PUE,Aedes_aegypti,2009,6,2009-06-01,0
MX-PUE,Aedes_aegypti,2009,7,2009-07-01,0
MX-PUE,Aedes_aegypti,2009,8,2009-08-01,0
MX-PUE,Aedes_aegypti,2009,9,2009-09-01,0
MX-PUE,Aedes_aegypti,2009,10,2009-10-01,0
MX-PUE,Aedes_aegypti,2009,11,2009-11-01,0
MX-PUE,Aedes_aegypti,2009,12,2009-12-01,0
MX-PUE,Aedes_aegypti,2010,1,2010-01-01,0
MX-PUE,Aedes_aegypti,2010,2,2010-02-01,0
MX-PUE,Aedes_aegypti,2010,3,2010-03-01,0
MX-PUE,Aedes_aegypti,2010,4,2010-04-01,0
MX-PUE,Aedes_aegypti,2010,5,2010-05-01,0
MX-PUE,Aedes_aegypti,2010,6,2010-06-01,0
MX-PUE,Aedes_aegypti,2010,7,2010-07-01,0
MX-PUE,Aedes_aegypti,2010,8,2010-08-01,0
MX-PUE,Aedes_aegypti,2010,9,2010-09-01,0
MX-PUE,Aedes_aegypti,2010,10,2010-10-01,0
MX-PUE,Aedes_aegypti,2010,11,2010-11-01,0
MX-PUE,Aedes_aegypti,2010,12,2010-12-01,0
MX-PUE,Aedes_aegypti,2011,1,2011-01-01,0
MX-PUE,Aedes_aegypti,2011,2,2011-02-01,0
MX-PUE,Aedes_aegypti,2011,3,2011-03-01,0
MX-PUE,Aedes_aegypti,2011,4,2011-04-01,0
MX-PUE,Aedes_aegypti,2011,5,2011-05-01,0
MX-PUE,Aedes_aegypti,2011,6,2011-06-01,0
MX-PUE,Aedes_aegypti,2011,7,2011-07-01,0
MX-PUE,Aedes_aegypti,2011,8,2011-08-01,0
MX-PUE,Aedes_aegypti,2011,9,2011-09-01,0
MX-PUE,Aedes_aegypti,2011,10,2011-10-01,0
MX-PUE,Aedes_aegypti,2011,11,2011-11-01,0
MX-PUE,Aedes_aegypti,2011,12,2011-12-01,0
MX-PUE,Aedes_aegypti,2012,1,2012-01-01,0
MX-PUE,Aedes_aegypti,2012,2,2012-02-01,0
MX-PUE,Aedes_aegypti,2012,3,2012-03-01,0
MX-PUE,Aedes_aegypti,2012,4,2012-04-01,0
MX-PUE,Aedes_aegypti,2012,5,2012-05-01,0
MX-PUE,Aedes_aegypti,2012,6,2012-06-01,100
MX-PUE,Aedes_aegypti,2012,7,2012-07-01,0
MX-PUE,Aedes_aegypti,2012,8,2012-08-01,0
MX-PUE,Aedes_aegypti,2012,9,2012-09-01,0
MX-PUE,Aedes_aegypti,2012,10,2012-10-01,0
MX-PUE,Aedes_aegypti,2012,11,2012-11-01,0
MX-PUE,Aedes_aegypti,2012,12,2012-12-01,0
MX-PUE,Aedes_aegypti,2013,1,2013-01-01,0
MX-PUE,Aedes_aegypti,2013,2,2013-02-01,0
MX-PUE,Aedes_aegypti,2013,3,2013-03-01,0
MX-PUE,Aedes_aegypti,2013,4,2013-04-01,0
MX-PUE,Aedes_aegypti,2013,5,2013-05-01,0
MX-PUE,Aedes_aegypti,2013,6,2013-06-01,0
MX-PUE,Aedes_aegypti,2013,7,2013-07-01,0
MX-PUE,Aedes_aegypti,2013,8,2013-08-01,68
MX-PUE,Aedes_aegypti,2013,9,2013-09-01,57
MX-PUE,Aedes_aegypti,2013,10,2013-10-01,58
MX-PUE,Aedes_aegypti,2013,11,2013-11-01,0
MX-PUE,Aedes_aegypti,2013,12,2013-12-01,0
MX-PUE,Aedes_aegypti,2014,1,2014-01-01,0
MX-PUE,Aedes_aegypti,2014,2,2014-02-01,0
MX-PUE,Aedes_aegypti,2014,3,2014-03-01,0
MX-PUE,Aedes_aegypti,2014,4,2014-04-01,0
MX-PUE,Aedes_aegypti,2014,5,2014-05-01,0
MX-PUE,Aedes_aegypti,2014,6,2014-06-01,0
MX-PUE,Aedes_aegypti,2014,7,2014-07-01,0
MX-PUE,Aedes_aegypti,2014,8,2014-08-01,0
MX-PUE,Aedes_aegypti,2014,9,2014-09-01,0
MX-PUE,Aedes_aegypti,2014,10,2014-10-01,0
MX-PUE,Aedes_aegypti,2014,11,2014-11-01,0
MX-PUE,Aedes_aegypti,2014,12,2014-12-01,0
MX-PUE,Aedes_aegypti,2015,1,2015-01-01,0
MX-PUE,Aedes_aegypti,2015,2,2015-02-01,0
MX-PUE,Aedes_aegypti,2015,3,2015-03-01,0
MX-PUE,Aedes_aegypti,2015,4,2015-04-01,58
MX-PUE,Aedes_aegypti,2015,5,2015-05-01,0
MX-PUE,Aedes_aegypti,2015,6,2015-06-01,0
MX-PUE,Aedes_aegypti,2015,7,2015-07-01,0
MX-PUE,Aedes_aegypti,2015,8,2015-08-01,50
MX-PUE,Aedes_aegypti,2015,9,2015-09-01,0
MX-PUE,Aedes_aegypti,2015,10,2015-10-01,0
MX-PUE,Aedes_aegypti,2015,11,2015-11-01,38
MX-PUE,Aedes_aegypti,2015,12,2015-12-01,0
MX-PUE,Aedes_aegypti,2016,1,2016-01-01,0
MX-PUE,Aedes_aegypti,2016,2,2016-02-01,50
MX-PUE,Aedes_aegypti,2016,3,2016-03-01,0
MX-PUE,Aedes_aegypti,2016,4,2016-04-01,39
MX-PUE,Aedes_aegypti,2016,5,2016-05-01,0
MX-PUE,Aedes_aegypti,2016,6,2016-06-01,0
MX-PUE,Aedes_aegypti,2016,7,2016-07-01,0
MX-PUE,Aedes_aegypti,2016,8,2016-08-01,0
MX-PUE,Aedes_aegypti,2016,9,2016-09-01,0
MX-PUE,Aedes_aegypti,2016,10,2016-10-01,0
MX-PUE,Aedes_aegypti,2016,11,2016-11-01,0
MX-PUE,Aedes_aegypti,2016,12,2016-12-01,0
MX-PUE,Aedes_aegypti,2017,1,2017-01-01,0
MX-PUE,Aedes_aegypti,2017,2,2017-02-01,0
MX-PUE,Aedes_aegypti,2017,3,2017-03-01,0
MX-PUE,Aedes_aegypti,2017,4,2017-04-01,50
MX-PUE,Aedes_aegypti,2017,5,2017-05-01,0
MX-PUE,Aedes_aegypti,2017,6,2017-06-01,0
MX-PUE,Aedes_aegypti,2017,7,2017-07-01,0
MX-PUE,Aedes_aegypti,2017,8,2017-08-01,43
MX-PUE,Aedes_aegypti,2017,9,2017-09-01,0
MX-PUE,Aedes_aegypti,2017,10,2017-10-01,0
MX-PUE,Aedes_aegypti,2017,11,2017-11-01,0
MX-PUE,Aedes_aegypti,2017,12,2017-12-01,0
MX-PUE,Aedes_aegypti,2018,1,2018-01-01,0
MX-PUE,Aedes_aegypti,2018,2,2018-02-01,0
MX-PUE,Aedes_aegypti,2018,3,2018-03-01,0
MX-PUE,Aedes_aegypti,2018,4,2018-04-01,0
MX-PUE,Aedes_aegypti,2018,5,2018-05-01,0
MX-PUE,Aedes_aegypti,2018,6,2018-06-01,0
MX-PUE,Aedes_aegypti,2018,7,2018-07-01,0
MX-PUE,Aedes_aegypti,2018,8,2018-08-01,0
MX-PUE,Aedes_aegypti,2018,9,2018-09-01,0
MX-PUE,Aedes_aegypti,2018,10,2018-10-01,0
MX-PUE,Aedes_aegypti,2018,11,2018-11-01,40
MX-PUE,Aedes_aegypti,2018,12,2018-12-01,0
MX-PUE,Aedes_aegypti,2019,1,2019-01-01,0
MX-PUE,Aedes_aegypti,2019,2,2019-02-01,0
MX-PUE,Aedes_aegypti,2019,3,2019-03-01,0
MX-PUE,Aedes_aegypti,2019,4,2019-04-01,0
MX-PUE,Aedes_aegypti,2019,5,2019-05-01,0
MX-PUE,Aedes_aegypti,2019,6,2019-06-01,0
MX-PUE,Aedes_aegypti,2019,7,2019-07-01,0
MX-PUE,Aedes_aegypti,2019,8,2019-08-01,50
MX-PUE,Aedes_aegypti,2019,9,2019-09-01,99
MX-PUE,Aedes_aegypti,2019,10,2019-10-01,88
MX-PUE,Aedes_aegypti,2019,11,2019-11-01,46
MX-PUE,Aedes_aegypti,2019,12,2019-12-01,0
MX-PUE,Aedes_aegypti,2020,1,2020-01-01,0
MX-PUE,Aedes_aegypti,2020,2,2020-02-01,0
MX-PUE,Aedes_aegypti,2020,3,2020-03-01,0
MX-PUE,Aedes_aegypti,2020,4,2020-04-01,0
MX-PUE,Aedes_aegypti,2020,5,2020-05-01,0
MX-PUE,Aedes_aegypti,2020,6,2020-06-01,52
MX-PUE,Aedes_aegypti,2020,7,2020-07-01,71
MX-PUE,Aedes_aegypti,2020,8,2020-08-01,60
MX-PUE,Aedes_aegypti,2020,9,2020-09-01,89
MX-PUE,Aedes_aegypti,2020,10,2020-10-01,62
MX-PUE,Aedes_aegypti,2020,11,2020-11-01,0
MX-PUE,Aedes_aegypti,2020,12,2020-12-01,0
MX-PUE,Aedes_aegypti,2021,1,2021-01-01,0
MX-PUE,Aedes_aegypti,2021,2,2021-02-01,0
MX-PUE,Aedes_aegypti,2021,3,2021-03-01,0
MX-PUE,Aedes_aegypti,2021,4,2021-04-01,0
MX-PUE,Aedes_aegypti,2021,5,2021-05-01,0
MX-PUE,Aedes_aegypti,2021,6,2021-06-01,0
MX-PUE,Aedes_aegypti,2021,7,2021-07-01,47
MX-PUE,Aedes_aegypti,2021,8,2021-08-01,0
MX-PUE,Aedes_aegypti,2021,9,2021-09-01,0
MX-PUE,Aedes_aegypti,2021,10,2021-10-01,0
MX-PUE,Aedes_aegypti,2021,11,2021-11-01,0
MX-PUE,Aedes_aegypti,2021,12,2021-12-01,35
MX-PUE,Aedes_aegypti,2022,1,2022-01-01,0
MX-PUE,Aedes_aegypti,2022,2,2022-02-01,0
MX-PUE,Aedes_aegypti,2022,3,2022-03-01,0
MX-PUE,Aedes_aegypti,2022,4,2022-04-01,0
MX-PUE,Aedes_aegypti,2022,5,2022-05-01,0
MX-PUE,Aedes_aegypti,2022,6,2022-06-01,0
MX-PUE,Aedes_aegypti,2022,7,2022-07-01,0
MX-PUE,Aedes_aegypti,2022,8,2022-08-01,0
MX-PUE,Aedes_aegypti,2022,9,2022-09-01,29
MX-PUE,Aedes_aegypti,2022,10,2022-10-01,0
MX-PUE,Aedes_aegypti,2022,11,2022-11-01,0
MX-PUE,Aedes_aegypti,2022,12,2022-12-01,0
MX-PUE,mosquito,2004,1,2004-01-01,0
MX-PUE,mosquito,2004,2,2004-02-01,0
MX-PUE,mosquito,2004,3,2004-03-01,0
MX-PUE,mosquito,2004,4,2004-04-01,0
MX-PUE,mosquito,2004,5,2004-05-01,0
MX-PUE,mosquito,2004,6,2004-06-01,0
MX-PUE,mosquito,2004,7,2004-07-01,0
MX-PUE,mosquito,2004,8,2004-08-01,0
MX-PUE,mosquito,2004,9,2004-09-01,0
MX-PUE,mosquito,2004,10,2004-10-01,0
MX-PUE,mosquito,2004,11,2004-11-01,0
MX-PUE,mosquito,2004,12,2004-12-01,0
MX-PUE,mosquito,2005,1,2005-01-01,0
MX-PUE,mosquito,2005,2,2005-02-01,0
MX-PUE,mosquito,2005,3,2005-03-01,0
MX-PUE,mosquito,2005,4,2005-04-01,0
MX-PUE,mosquito,2005,5,2005-05-01,0
MX-PUE,mosquito,2005,6,2005-06-01,0
MX-PUE,mosquito,2005,7,2005-07-01,0
MX-PUE,mosquito,2005,8,2005-08-01,0
MX-PUE,mosquito,2005,9,2005-09-01,0
MX-PUE,mosquito,2005,10,2005-10-01,0
MX-PUE,mosquito,2005,11,2005-11-01,0
MX-PUE,mosquito,2005,12,2005-12-01,0
MX-PUE,mosquito,2006,1,2006-01-01,0
MX-PUE,mosquito,2006,2,2006-02-01,0
MX-PUE,mosquito,2006,3,2006-03-01,0
MX-PUE,mosquito,2006,4,2006-04-01,0
MX-PUE,mosquito,2006,5,2006-05-01,0
MX-PUE,mosquito,2006,6,2006-06-01,0
MX-PUE,mosquito,2006,7,2006-07-01,0
MX-PUE,mosquito,2006,8,2006-08-01,0
MX-PUE,mosquito,2006,9,2006-09-01,0
MX-PUE,mosquito,2006,10,2006-10-01,0
MX-PUE,mosquito,2006,11,2006-11-01,0
MX-PUE,mosquito,2006,12,2006-12-01,0
MX-PUE,mosquito,2007,1,2007-01-01,0
MX-PUE,mosquito,2007,2,2007-02-01,0
MX-PUE,mosquito,2007,3,2007-03-01,0
MX-PUE,mosquito,2007,4,2007-04-01,0
MX-PUE,mosquito,2007,5,2007-05-01,0
MX-PUE,mosquito,2007,6,2007-06-01,0
MX-PUE,mosquito,2007,7,2007-07-01,0
MX-PUE,mosquito,2007,8,2007-08-01,0
MX-PUE,mosquito,2007,9,2007-09-01,0
MX-PUE,mosquito,2007,10,2007-10-01,0
MX-PUE,mosquito,2007,11,2007-11-01,0
MX-PUE,mosquito,2007,12,2007-12-01,0
MX-PUE,mosquito,2008,1,2008-01-01,0
MX-PUE,mosquito,2008,2,2008-02-01,0
MX-PUE,mosquito,2008,3,2008-03-01,0
MX-PUE,mosquito,2008,4,2008-04-01,0
MX-PUE,mosquito,2008,5,2008-05-01,0
MX-PUE,mosquito,2008,6,2008-06-01,0
MX-PUE,mosquito,2008,7,2008-07-01,0
MX-PUE,mosquito,2008,8,2008-08-01,0
MX-PUE,mosquito,2008,9,2008-09-01,0
MX-PUE,mosquito,2008,10,2008-10-01,0
MX-PUE,mosquito,2008,11,2008-11-01,0
MX-PUE,mosquito,2008,12,2008-12-01,0
MX-PUE,mosquito,2009,1,2009-01-01,0
MX-PUE,mosquito,2009,2,2009-02-01,0
MX-PUE,mosquito,2009,3,2009-03-01,0
MX-PUE,mosquito,2009,4,2009-04-01,100
MX-PUE,mosquito,2009,5,2009-05-01,0
MX-PUE,mosquito,2009,6,2009-06-01,0
MX-PUE,mosquito,2009,7,2009-07-01,0
MX-PUE,mosquito,2009,8,2009-08-01,0
MX-PUE,mosquito,2009,9,2009-09-01,0
MX-PUE,mosquito,2009,10,2009-10-01,0
MX-PUE,mosquito,2009,11,2009-11-01,0
MX-PUE,mosquito,2009,12,2009-12-01,0
MX-PUE,mosquito,2010,1,2010-01-01,0
MX-PUE,mosquito,2010,2,2010-02-01,0
MX-PUE,mosquito,2010,3,2010-03-01,0
MX-PUE,mosquito,2010,4,2010-04-01,0
MX-PUE,mosquito,2010,5,2010-05-01,0
MX-PUE,mosquito,2010,6,2010-06-01,0
MX-PUE,mosquito,2010,7,2010-07-01,0
MX-PUE,mosquito,2010,8,2010-08-01,0
MX-PUE,mosquito,2010,9,2010-09-01,0
MX-PUE,mosquito,2010,10,2010-10-01,0
MX-PUE,mosquito,2010,11,2010-11-01,0
MX-PUE,mosquito,2010,12,2010-12-01,0
MX-PUE,mosquito,2011,1,2011-01-01,17
MX-PUE,mosquito,2011,2,2011-02-01,0
MX-PUE,mosquito,2011,3,2011-03-01,0
MX-PUE,mosquito,2011,4,2011-04-01,19
MX-PUE,mosquito,2011,5,2011-05-01,25
MX-PUE,mosquito,2011,6,2011-06-01,21
MX-PUE,mosquito,2011,7,2011-07-01,24
MX-PUE,mosquito,2011,8,2011-08-01,26
MX-PUE,mosquito,2011,9,2011-09-01,25
MX-PUE,mosquito,2011,10,2011-10-01,17
MX-PUE,mosquito,2011,11,2011-11-01,17
MX-PUE,mosquito,2011,12,2011-12-01,13
MX-PUE,mosquito,2012,1,2012-01-01,9
MX-PUE,mosquito,2012,2,2012-02-01,11
MX-PUE,mosquito,2012,3,2012-03-01,18
MX-PUE,mosquito,2012,4,2012-04-01,15
MX-PUE,mosquito,2012,5,2012-05-01,19
MX-PUE,mosquito,2012,6,2012-06-01,28
MX-PUE,mosquito,2012,7,2012-07-01,25
MX-PUE,mosquito,2012,8,2012-08-01,30
MX-PUE,mosquito,2012,9,2012-09-01,32
MX-PUE,mosquito,2012,10,2012-10-01,25
MX-PUE,mosquito,2012,11,2012-11-01,18
MX-PUE,mosquito,2012,12,2012-12-01,12
MX-PUE,mosquito,2013,1,2013-01-01,16
MX-PUE,mosquito,2013,2,2013-02-01,13
MX-PUE,mosquito,2013,3,2013-03-01,12
MX-PUE,mosquito,2013,4,2013-04-01,18
MX-PUE,mosquito,2013,5,2013-05-01,19
MX-PUE,mosquito,2013,6,2013-06-01,36
MX-PUE,mosquito,2013,7,2013-07-01,52
MX-PUE,mosquito,2013,8,2013-08-01,32
MX-PUE,mosquito,2013,9,2013-09-01,29
MX-PUE,mosquito,2013,10,2013-10-01,35
MX-PUE,mosquito,2013,11,2013-11-01,23
MX-PUE,mosquito,2013,12,2013-12-01,16
MX-PUE,mosquito,2014,1,2014-01-01,15
MX-PUE,mosquito,2014,2,2014-02-01,14
MX-PUE,mosquito,2014,3,2014-03-01,17
MX-PUE,mosquito,2014,4,2014-04-01,21
MX-PUE,mosquito,2014,5,2014-05-01,27
MX-PUE,mosquito,2014,6,2014-06-01,51
MX-PUE,mosquito,2014,7,2014-07-01,66
MX-PUE,mosquito,2014,8,2014-08-01,34
MX-PUE,mosquito,2014,9,2014-09-01,26
MX-PUE,mosquito,2014,10,2014-10-01,21
MX-PUE,mosquito,2014,11,2014-11-01,17
MX-PUE,mosquito,2014,12,2014-12-01,17
MX-PUE,mosquito,2015,1,2015-01-01,16
MX-PUE,mosquito,2015,2,2015-02-01,17
MX-PUE,mosquito,2015,3,2015-03-01,21
MX-PUE,mosquito,2015,4,2015-04-01,31
MX-PUE,mosquito,2015,5,2015-05-01,37
MX-PUE,mosquito,2015,6,2015-06-01,86
MX-PUE,mosquito,2015,7,2015-07-01,58
MX-PUE,mosquito,2015,8,2015-08-01,46
MX-PUE,mosquito,2015,9,2015-09-01,38
MX-PUE,mosquito,2015,10,2015-10-01,38
MX-PUE,mosquito,2015,11,2015-11-01,40
MX-PUE,mosquito,2015,12,2015-12-01,27
MX-PUE,mosquito,2016,1,2016-01-01,27
MX-PUE,mosquito,2016,2,2016-02-01,41
MX-PUE,mosquito,2016,3,2016-03-01,38
MX-PUE,mosquito,2016,4,2016-04-01,38
MX-PUE,mosquito,2016,5,2016-05-01,33
MX-PUE,mosquito,2016,6,2016-06-01,58
MX-PUE,mosquito,2016,7,2016-07-01,58
MX-PUE,mosquito,2016,8,2016-08-01,47
MX-PUE,mosquito,2016,9,2016-09-01,36
MX-PUE,mosquito,2016,10,2016-10-01,32
MX-PUE,mosquito,2016,11,2016-11-01,5
MX-PUE,mosquito,2016,12,2016-12-01,0
MX-PUE,mosquito,2017,1,2017-01-01,0
MX-PUE,mosquito,2017,2,2017-02-01,0
MX-PUE,mosquito,2017,3,2017-03-01,4
MX-PUE,mosquito,2017,4,2017-04-01,0
MX-PUE,mosquito,2017,5,2017-05-01,0
MX-PUE,mosquito,2017,6,2017-06-01,8
MX-PUE,mosquito,2017,7,2017-07-01,8
MX-PUE,mosquito,2017,8,2017-08-01,11
MX-PUE,mosquito,2017,9,2017-09-01,6
MX-PUE,mosquito,2017,10,2017-10-01,4
MX-PUE,mosquito,2017,11,2017-11-01,4
MX-PUE,mosquito,2017,12,2017-12-01,0
MX-PUE,mosquito,2018,1,2018-01-01,0
MX-PUE,mosquito,2018,2,2018-02-01,0
MX-PUE,mosquito,2018,3,2018-03-01,8
MX-PUE,mosquito,2018,4,2018-04-01,5
MX-PUE,mosquito,2018,5,2018-05-01,10
MX-PUE,mosquito,2018,6,2018-06-01,18
MX-PUE,mosquito,2018,7,2018-07-01,17
MX-PUE,mosquito,2018,8,2018-08-01,11
MX-PUE,mosquito,2018,9,2018-09-01,5
MX-PUE,mosquito,2018,10,2018-10-01,4
MX-PUE,mosquito,2018,11,2018-11-01,0
MX-PUE,mosquito,2018,12,2018-12-01,4
MX-PUE,mosquito,2019,1,2019-01-01,4
MX-PUE,mosquito,2019,2,2019-02-01,0
MX-PUE,mosquito,2019,3,2019-03-01,0
MX-PUE,mosquito,2019,4,2019-04-01,0
MX-PUE,mosquito,2019,5,2019-05-01,0
MX-PUE,mosquito,2019,6,2019-06-01,6
MX-PUE,mosquito,2019,7,2019-07-01,8
MX-PUE,mosquito,2019,8,2019-08-01,9
MX-PUE,mosquito,2019,9,2019-09-01,5
MX-PUE,mosquito,2019,10,2019-10-01,4
MX-PUE,mosquito,2019,11,2019-11-01,5
MX-PUE,mosquito,2019,12,2019-12-01,0
MX-PUE,mosquito,2020,1,2020-01-01,0
MX-PUE,mosquito,2020,2,2020-02-01,3
MX-PUE,mosquito,2020,3,2020-03-01,8
MX-PUE,mosquito,2020,4,2020-04-01,5
MX-PUE,mosquito,2020,5,2020-05-01,7
MX-PUE,mosquito,2020,6,2020-06-01,7
MX-PUE,mosquito,2020,7,2020-07-01,15
MX-PUE,mosquito,2020,8,2020-08-01,12
MX-PUE,mosquito,2020,9,2020-09-01,16
MX-PUE,mosquito,2020,10,2020-10-01,15
MX-PUE,mosquito,2020,11,2020-11-01,8
MX-PUE,mosquito,2020,12,2020-12-01,7
MX-PUE,mosquito,2021,1,2021-01-01,6
MX-PUE,mosquito,2021,2,2021-02-01,10
MX-PUE,mosquito,2021,3,2021-03-01,19
MX-PUE,mosquito,2021,4,2021-04-01,21
MX-PUE,mosquito,2021,5,2021-05-01,30
MX-PUE,mosquito,2021,6,2021-06-01,33
MX-PUE,mosquito,2021,7,2021-07-01,57
MX-PUE,mosquito,2021,8,2021-08-01,40
MX-PUE,mosquito,2021,9,2021-09-01,28
MX-PUE,mosquito,2021,10,2021-10-01,23
MX-PUE,mosquito,2021,11,2021-11-01,22
MX-PUE,mosquito,2021,12,2021-12-01,14
MX-PUE,mosquito,2022,1,2022-01-01,16
MX-PUE,mosquito,2022,2,2022-02-01,10
MX-PUE,mosquito,2022,3,2022-03-01,16
MX-PUE,mosquito,2022,4,2022-04-01,21
MX-PUE,mosquito,2022,5,2022-05-01,23
MX-PUE,mosquito,2022,6,2022-06-01,22
MX-PUE,mosquito,2022,7,2022-07-01,38
MX-PUE,mosquito,2022,8,2022-08-01,35
MX-PUE,mosquito,2022,9,2022-09-01,29
MX-PUE,mosquito,2022,10,2022-10-01,33
MX-PUE,mosquito,2022,11,2022-11-01,34
MX-PUE,mosquito,2022,12,2022-12-01,20
MX-PUE,vector,2004,1,2004-01-01,0
MX-PUE,vector,2004,2,2004-02-01,0
MX-PUE,vector,2004,3,2004-03-01,0
MX-PUE,vector,2004,4,2004-04-01,0
MX-PUE,vector,2004,5,2004-05-01,0
MX-PUE,vector,2004,6,2004-06-01,0
MX-PUE,vector,2004,7,2004-07-01,0
MX-PUE,vector,2004,8,2004-08-01,0
MX-PUE,vector,2004,9,2004-09-01,0
MX-PUE,vector,2004,10,2004-10-01,0
MX-PUE,vector,2004,11,2004-11-01,0
MX-PUE,vector,2004,12,2004-12-01,0
MX-PUE,vector,2005,1,2005-01-01,0
MX-PUE,vector,2005,2,2005-02-01,0
MX-PUE,vector,2005,3,2005-03-01,0
MX-PUE,vector,2005,4,2005-04-01,0
MX-PUE,vector,2005,5,2005-05-01,0
MX-PUE,vector,2005,6,2005-06-01,0
MX-PUE,vector,2005,7,2005-07-01,0
MX-PUE,vector,2005,8,2005-08-01,0
MX-PUE,vector,2005,9,2005-09-01,0
MX-PUE,vector,2005,10,2005-10-01,0
MX-PUE,vector,2005,11,2005-11-01,0
MX-PUE,vector,2005,12,2005-12-01,0
MX-PUE,vector,2006,1,2006-01-01,0
MX-PUE,vector,2006,2,2006-02-01,0
MX-PUE,vector,2006,3,2006-03-01,0
MX-PUE,vector,2006,4,2006-04-01,0
MX-PUE,vector,2006,5,2006-05-01,0
MX-PUE,vector,2006,6,2006-06-01,100
MX-PUE,vector,2006,7,2006-07-01,0
MX-PUE,vector,2006,8,2006-08-01,0
MX-PUE,vector,2006,9,2006-09-01,0
MX-PUE,vector,2006,10,2006-10-01,0
MX-PUE,vector,2006,11,2006-11-01,0
MX-PUE,vector,2006,12,2006-12-01,0
MX-PUE,vector,2007,1,2007-01-01,0
MX-PUE,vector,2007,2,2007-02-01,0
MX-PUE,vector,2007,3,2007-03-01,0
MX-PUE,vector,2007,4,2007-04-01,0
MX-PUE,vector,2007,5,2007-05-01,0
MX-PUE,vector,2007,6,2007-06-01,0
MX-PUE,vector,2007,7,2007-07-01,0
MX-PUE,vector,2007,8,2007-08-01,0
MX-PUE,vector,2007,9,2007-09-01,0
MX-PUE,vector,2007,10,2007-10-01,0
MX-PUE,vector,2007,11,2007-11-01,0
MX-PUE,vector,2007,12,2007-12-01,0
MX-PUE,vector,2008,1,2008-01-01,0
MX-PUE,vector,2008,2,2008-02-01,0
MX-PUE,vector,2008,3,2008-03-01,0
MX-PUE,vector,2008,4,2008-04-01,0
MX-PUE,vector,2008,5,2008-05-01,0
MX-PUE,vector,2008,6,2008-06-01,0
MX-PUE,vector,2008,7,2008-07-01,0
MX-PUE,vector,2008,8,2008-08-01,0
MX-PUE,vector,2008,9,2008-09-01,0
MX-PUE,vector,2008,10,2008-10-01,0
MX-PUE,vector,2008,11,2008-11-01,0
MX-PUE,vector,2008,12,2008-12-01,0
MX-PUE,vector,2009,1,2009-01-01,0
MX-PUE,vector,2009,2,2009-02-01,0
MX-PUE,vector,2009,3,2009-03-01,0
MX-PUE,vector,2009,4,2009-04-01,0
MX-PUE,vector,2009,5,2009-05-01,0
MX-PUE,vector,2009,6,2009-06-01,0
MX-PUE,vector,2009,7,2009-07-01,0
MX-PUE,vector,2009,8,2009-08-01,0
MX-PUE,vector,2009,9,2009-09-01,0
MX-PUE,vector,2009,10,2009-10-01,38
MX-PUE,vector,2009,11,2009-11-01,0
MX-PUE,vector,2009,12,2009-12-01,0
MX-PUE,vector,2010,1,2010-01-01,0
MX-PUE,vector,2010,2,2010-02-01,0
MX-PUE,vector,2010,3,2010-03-01,0
MX-PUE,vector,2010,4,2010-04-01,0
MX-PUE,vector,2010,5,2010-05-01,0
MX-PUE,vector,2010,6,2010-06-01,0
MX-PUE,vector,2010,7,2010-07-01,0
MX-PUE,vector,2010,8,2010-08-01,0
MX-PUE,vector,2010,9,2010-09-01,0
MX-PUE,vector,2010,10,2010-10-01,0
MX-PUE,vector,2010,11,2010-11-01,0
MX-PUE,vector,2010,12,2010-12-01,0
MX-PUE,vector,2011,1,2011-01-01,20
MX-PUE,vector,2011,2,2011-02-01,12
MX-PUE,vector,2011,3,2011-03-01,17
MX-PUE,vector,2011,4,2011-04-01,8
MX-PUE,vector,2011,5,2011-05-01,12
MX-PUE,vector,2011,6,2011-06-01,13
MX-PUE,vector,2011,7,2011-07-01,9
MX-PUE,vector,2011,8,2011-08-01,19
MX-PUE,vector,2011,9,2011-09-01,32
MX-PUE,vector,2011,10,2011-10-01,22
MX-PUE,vector,2011,11,2011-11-01,18
MX-PUE,vector,2011,12,2011-12-01,14
MX-PUE,vector,2012,1,2012-01-01,13
MX-PUE,vector,2012,2,2012-02-01,22
MX-PUE,vector,2012,3,2012-03-01,12
MX-PUE,vector,2012,4,2012-04-01,15
MX-PUE,vector,2012,5,2012-05-01,14
MX-PUE,vector,2012,6,2012-06-01,14
MX-PUE,vector,2012,7,2012-07-01,16
MX-PUE,vector,2012,8,2012-08-01,17
MX-PUE,vector,2012,9,2012-09-01,31
MX-PUE,vector,2012,10,2012-10-01,23
MX-PUE,vector,2012,11,2012-11-01,15
MX-PUE,vector,2012,12,2012-12-01,11
MX-PUE,vector,2013,1,2013-01-01,12
MX-PUE,vector,2013,2,2013-02-01,15
MX-PUE,vector,2013,3,2013-03-01,13
MX-PUE,vector,2013,4,2013-04-01,15
MX-PUE,vector,2013,5,2013-05-01,13
MX-PUE,vector,2013,6,2013-06-01,13
MX-PUE,vector,2013,7,2013-07-01,11
MX-PUE,vector,2013,8,2013-08-01,19
MX-PUE,vector,2013,9,2013-09-01,27
MX-PUE,vector,2013,10,2013-10-01,19
MX-PUE,vector,2013,11,2013-11-01,18
MX-PUE,vector,2013,12,2013-12-01,8
MX-PUE,vector,2014,1,2014-01-01,13
MX-PUE,vector,2014,2,2014-02-01,15
MX-PUE,vector,2014,3,2014-03-01,12
MX-PUE,vector,2014,4,2014-04-01,13
MX-PUE,vector,2014,5,2014-05-01,11
MX-PUE,vector,2014,6,2014-06-01,12
MX-PUE,vector,2014,7,2014-07-01,10
MX-PUE,vector,2014,8,2014-08-01,20
MX-PUE,vector,2014,9,2014-09-01,26
MX-PUE,vector,2014,10,2014-10-01,18
MX-PUE,vector,2014,11,2014-11-01,14
MX-PUE,vector,2014,12,2014-12-01,10
MX-PUE,vector,2015,1,2015-01-01,13
MX-PUE,vector,2015,2,2015-02-01,14
MX-PUE,vector,2015,3,2015-03-01,9
MX-PUE,vector,2015,4,2015-04-01,14
MX-PUE,vector,2015,5,2015-05-01,10
MX-PUE,vector,2015,6,2015-06-01,12
MX-PUE,vector,2015,7,2015-07-01,13
MX-PUE,vector,2015,8,2015-08-01,18
MX-PUE,vector,2015,9,2015-09-01,22
MX-PUE,vector,2015,10,2015-10-01,15
MX-PUE,vector,2015,11,2015-11-01,13
MX-PUE,vector,2015,12,2015-12-01,9
MX-PUE,vector,2016,1,2016-01-01,11
MX-PUE,vector,2016,2,2016-02-01,15
MX-PUE,vector,2016,3,2016-03-01,9
MX-PUE,vector,2016,4,2016-04-01,12
MX-PUE,vector,2016,5,2016-05-01,10
MX-PUE,vector,2016,6,2016-06-01,10
MX-PUE,vector,2016,7,2016-07-01,8
MX-PUE,vector,2016,8,2016-08-01,18
MX-PUE,vector,2016,9,2016-09-01,22
MX-PUE,vector,2016,10,2016-10-01,13
MX-PUE,vector,2016,11,2016-11-01,0
MX-PUE,vector,2016,12,2016-12-01,0
MX-PUE,vector,2017,1,2017-01-01,0
MX-PUE,vector,2017,2,2017-02-01,0
MX-PUE,vector,2017,3,2017-03-01,0
MX-PUE,vector,2017,4,2017-04-01,0
MX-PUE,vector,2017,5,2017-05-01,0
MX-PUE,vector,2017,6,2017-06-01,0
MX-PUE,vector,2017,7,2017-07-01,0
MX-PUE,vector,2017,8,2017-08-01,0
MX-PUE,vector,2017,9,2017-09-01,0
MX-PUE,vector,2017,10,2017-10-01,0
MX-PUE,vector,2017,11,2017-11-01,0
MX-PUE,vector,2017,12,2017-12-01,0
MX-PUE,vector,2018,1,2018-01-01,0
MX-PUE,vector,2018,2,2018-02-01,0
MX-PUE,vector,2018,3,2018-03-01,0
MX-PUE,vector,2018,4,2018-04-01,0
MX-PUE,vector,2018,5,2018-05-01,0
MX-PUE,vector,2018,6,2018-06-01,0
MX-PUE,vector,2018,7,2018-07-01,0
MX-PUE,vector,2018,8,2018-08-01,0
MX-PUE,vector,2018,9,2018-09-01,0
MX-PUE,vector,2018,10,2018-10-01,0
MX-PUE,vector,2018,11,2018-11-01,0
MX-PUE,vector,2018,12,2018-12-01,0
MX-PUE,vector,2019,1,2019-01-01,0
MX-PUE,vector,2019,2,2019-02-01,0
MX-PUE,vector,2019,3,2019-03-01,0
MX-PUE,vector,2019,4,2019-04-01,0
MX-PUE,vector,2019,5,2019-05-01,0
MX-PUE,vector,2019,6,2019-06-01,0
MX-PUE,vector,2019,7,2019-07-01,0
MX-PUE,vector,2019,8,2019-08-01,0
MX-PUE,vector,2019,9,2019-09-01,0
MX-PUE,vector,2019,10,2019-10-01,0
MX-PUE,vector,2019,11,2019-11-01,0
MX-PUE,vector,2019,12,2019-12-01,0
MX-PUE,vector,2020,1,2020-01-01,0
MX-PUE,vector,2020,2,2020-02-01,0
MX-PUE,vector,2020,3,2020-03-01,0
MX-PUE,vector,2020,4,2020-04-01,0
MX-PUE,vector,2020,5,2020-05-01,3
MX-PUE,vector,2020,6,2020-06-01,2
MX-PUE,vector,2020,7,2020-07-01,2
MX-PUE,vector,2020,8,2020-08-01,2
MX-PUE,vector,2020,9,2020-09-01,4
MX-PUE,vector,2020,10,2020-10-01,4
MX-PUE,vector,2020,11,2020-11-01,4
MX-PUE,vector,2020,12,2020-12-01,3
MX-PUE,vector,2021,1,2021-01-01,5
MX-PUE,vector,2021,2,2021-02-01,10
MX-PUE,vector,2021,3,2021-03-01,6
MX-PUE,vector,2021,4,2021-04-01,4
MX-PUE,vector,2021,5,2021-05-01,5
MX-PUE,vector,2021,6,2021-06-01,3
MX-PUE,vector,2021,7,2021-07-01,0
MX-PUE,vector,2021,8,2021-08-01,5
MX-PUE,vector,2021,9,2021-09-01,8
MX-PUE,vector,2021,10,2021-10-01,7
MX-PUE,vector,2021,11,2021-11-01,9
MX-PUE,vector,2021,12,2021-12-01,4
MX-PUE,vector,2022,1,2022-01-01,11
MX-PUE,vector,2022,2,2022-02-01,11
MX-PUE,vector,2022,3,2022-03-01,10
MX-PUE,vector,2022,4,2022-04-01,8
MX-PUE,vector,2022,5,2022-05-01,14
MX-PUE,vector,2022,6,2022-06-01,8
MX-PUE,vector,2022,7,2022-07-01,9
MX-PUE,vector,2022,8,2022-08-01,12
MX-PUE,vector,2022,9,2022-09-01,22
MX-PUE,vector,2022,10,2022-10-01,21
MX-PUE,vector,2022,11,2022-11-01,16
MX-PUE,vector,2022,12,2022-12-01,9
MX-QUE,Aedes_aegypti,2004,1,2004-01-01,0
MX-QUE,Aedes_aegypti,2004,2,2004-02-01,0
MX-QUE,Aedes_aegypti,2004,3,2004-03-01,0
MX-QUE,Aedes_aegypti,2004,4,2004-04-01,0
MX-QUE,Aedes_aegypti,2004,5,2004-05-01,0
MX-QUE,Aedes_aegypti,2004,6,2004-06-01,0
MX-QUE,Aedes_aegypti,2004,7,2004-07-01,0
MX-QUE,Aedes_aegypti,2004,8,2004-08-01,0
MX-QUE,Aedes_aegypti,2004,9,2004-09-01,0
MX-QUE,Aedes_aegypti,2004,10,2004-10-01,0
MX-QUE,Aedes_aegypti,2004,11,2004-11-01,0
MX-QUE,Aedes_aegypti,2004,12,2004-12-01,0
MX-QUE,Aedes_aegypti,2005,1,2005-01-01,0
MX-QUE,Aedes_aegypti,2005,2,2005-02-01,0
MX-QUE,Aedes_aegypti,2005,3,2005-03-01,0
MX-QUE,Aedes_aegypti,2005,4,2005-04-01,0
MX-QUE,Aedes_aegypti,2005,5,2005-05-01,0
MX-QUE,Aedes_aegypti,2005,6,2005-06-01,0
MX-QUE,Aedes_aegypti,2005,7,2005-07-01,0
MX-QUE,Aedes_aegypti,2005,8,2005-08-01,0
MX-QUE,Aedes_aegypti,2005,9,2005-09-01,0
MX-QUE,Aedes_aegypti,2005,10,2005-10-01,0
MX-QUE,Aedes_aegypti,2005,11,2005-11-01,0
MX-QUE,Aedes_aegypti,2005,12,2005-12-01,0
MX-QUE,Aedes_aegypti,2006,1,2006-01-01,0
MX-QUE,Aedes_aegypti,2006,2,2006-02-01,100
MX-QUE,Aedes_aegypti,2006,3,2006-03-01,0
MX-QUE,Aedes_aegypti,2006,4,2006-04-01,0
MX-QUE,Aedes_aegypti,2006,5,2006-05-01,0
MX-QUE,Aedes_aegypti,2006,6,2006-06-01,0
MX-QUE,Aedes_aegypti,2006,7,2006-07-01,0
MX-QUE,Aedes_aegypti,2006,8,2006-08-01,0
MX-QUE,Aedes_aegypti,2006,9,2006-09-01,0
MX-QUE,Aedes_aegypti,2006,10,2006-10-01,0
MX-QUE,Aedes_aegypti,2006,11,2006-11-01,0
MX-QUE,Aedes_aegypti,2006,12,2006-12-01,0
MX-QUE,Aedes_aegypti,2007,1,2007-01-01,0
MX-QUE,Aedes_aegypti,2007,2,2007-02-01,0
MX-QUE,Aedes_aegypti,2007,3,2007-03-01,0
MX-QUE,Aedes_aegypti,2007,4,2007-04-01,0
MX-QUE,Aedes_aegypti,2007,5,2007-05-01,0
MX-QUE,Aedes_aegypti,2007,6,2007-06-01,0
MX-QUE,Aedes_aegypti,2007,7,2007-07-01,0
MX-QUE,Aedes_aegypti,2007,8,2007-08-01,0
MX-QUE,Aedes_aegypti,2007,9,2007-09-01,0
MX-QUE,Aedes_aegypti,2007,10,2007-10-01,0
MX-QUE,Aedes_aegypti,2007,11,2007-11-01,0
MX-QUE,Aedes_aegypti,2007,12,2007-12-01,0
MX-QUE,Aedes_aegypti,2008,1,2008-01-01,0
MX-QUE,Aedes_aegypti,2008,2,2008-02-01,0
MX-QUE,Aedes_aegypti,2008,3,2008-03-01,0
MX-QUE,Aedes_aegypti,2008,4,2008-04-01,0
MX-QUE,Aedes_aegypti,2008,5,2008-05-01,0
MX-QUE,Aedes_aegypti,2008,6,2008-06-01,0
MX-QUE,Aedes_aegypti,2008,7,2008-07-01,0
MX-QUE,Aedes_aegypti,2008,8,2008-08-01,0
MX-QUE,Aedes_aegypti,2008,9,2008-09-01,0
MX-QUE,Aedes_aegypti,2008,10,2008-10-01,0
MX-QUE,Aedes_aegypti,2008,11,2008-11-01,0
MX-QUE,Aedes_aegypti,2008,12,2008-12-01,0
MX-QUE,Aedes_aegypti,2009,1,2009-01-01,0
MX-QUE,Aedes_aegypti,2009,2,2009-02-01,0
MX-QUE,Aedes_aegypti,2009,3,2009-03-01,0
MX-QUE,Aedes_aegypti,2009,4,2009-04-01,0
MX-QUE,Aedes_aegypti,2009,5,2009-05-01,0
MX-QUE,Aedes_aegypti,2009,6,2009-06-01,0
MX-QUE,Aedes_aegypti,2009,7,2009-07-01,0
MX-QUE,Aedes_aegypti,2009,8,2009-08-01,0
MX-QUE,Aedes_aegypti,2009,9,2009-09-01,0
MX-QUE,Aedes_aegypti,2009,10,2009-10-01,0
MX-QUE,Aedes_aegypti,2009,11,2009-11-01,0
MX-QUE,Aedes_aegypti,2009,12,2009-12-01,0
MX-QUE,Aedes_aegypti,2010,1,2010-01-01,0
MX-QUE,Aedes_aegypti,2010,2,2010-02-01,0
MX-QUE,Aedes_aegypti,2010,3,2010-03-01,0
MX-QUE,Aedes_aegypti,2010,4,2010-04-01,0
MX-QUE,Aedes_aegypti,2010,5,2010-05-01,0
MX-QUE,Aedes_aegypti,2010,6,2010-06-01,0
MX-QUE,Aedes_aegypti,2010,7,2010-07-01,0
MX-QUE,Aedes_aegypti,2010,8,2010-08-01,0
MX-QUE,Aedes_aegypti,2010,9,2010-09-01,0
MX-QUE,Aedes_aegypti,2010,10,2010-10-01,0
MX-QUE,Aedes_aegypti,2010,11,2010-11-01,0
MX-QUE,Aedes_aegypti,2010,12,2010-12-01,0
MX-QUE,Aedes_aegypti,2011,1,2011-01-01,0
MX-QUE,Aedes_aegypti,2011,2,2011-02-01,0
MX-QUE,Aedes_aegypti,2011,3,2011-03-01,0
MX-QUE,Aedes_aegypti,2011,4,2011-04-01,0
MX-QUE,Aedes_aegypti,2011,5,2011-05-01,0
MX-QUE,Aedes_aegypti,2011,6,2011-06-01,0
MX-QUE,Aedes_aegypti,2011,7,2011-07-01,0
MX-QUE,Aedes_aegypti,2011,8,2011-08-01,0
MX-QUE,Aedes_aegypti,2011,9,2011-09-01,0
MX-QUE,Aedes_aegypti,2011,10,2011-10-01,0
MX-QUE,Aedes_aegypti,2011,11,2011-11-01,0
MX-QUE,Aedes_aegypti,2011,12,2011-12-01,0
MX-QUE,Aedes_aegypti,2012,1,2012-01-01,0
MX-QUE,Aedes_aegypti,2012,2,2012-02-01,0
MX-QUE,Aedes_aegypti,2012,3,2012-03-01,0
MX-QUE,Aedes_aegypti,2012,4,2012-04-01,0
MX-QUE,Aedes_aegypti,2012,5,2012-05-01,0
MX-QUE,Aedes_aegypti,2012,6,2012-06-01,0
MX-QUE,Aedes_aegypti,2012,7,2012-07-01,0
MX-QUE,Aedes_aegypti,2012,8,2012-08-01,0
MX-QUE,Aedes_aegypti,2012,9,2012-09-01,0
MX-QUE,Aedes_aegypti,2012,10,2012-10-01,0
MX-QUE,Aedes_aegypti,2012,11,2012-11-01,0
MX-QUE,Aedes_aegypti,2012,12,2012-12-01,0
MX-QUE,Aedes_aegypti,2013,1,2013-01-01,0
MX-QUE,Aedes_aegypti,2013,2,2013-02-01,0
MX-QUE,Aedes_aegypti,2013,3,2013-03-01,0
MX-QUE,Aedes_aegypti,2013,4,2013-04-01,0
MX-QUE,Aedes_aegypti,2013,5,2013-05-01,0
MX-QUE,Aedes_aegypti,2013,6,2013-06-01,0
MX-QUE,Aedes_aegypti,2013,7,2013-07-01,0
MX-QUE,Aedes_aegypti,2013,8,2013-08-01,0
MX-QUE,Aedes_aegypti,2013,9,2013-09-01,0
MX-QUE,Aedes_aegypti,2013,10,2013-10-01,0
MX-QUE,Aedes_aegypti,2013,11,2013-11-01,0
MX-QUE,Aedes_aegypti,2013,12,2013-12-01,0
MX-QUE,Aedes_aegypti,2014,1,2014-01-01,0
MX-QUE,Aedes_aegypti,2014,2,2014-02-01,0
MX-QUE,Aedes_aegypti,2014,3,2014-03-01,0
MX-QUE,Aedes_aegypti,2014,4,2014-04-01,0
MX-QUE,Aedes_aegypti,2014,5,2014-05-01,0
MX-QUE,Aedes_aegypti,2014,6,2014-06-01,0
MX-QUE,Aedes_aegypti,2014,7,2014-07-01,0
MX-QUE,Aedes_aegypti,2014,8,2014-08-01,0
MX-QUE,Aedes_aegypti,2014,9,2014-09-01,0
MX-QUE,Aedes_aegypti,2014,10,2014-10-01,0
MX-QUE,Aedes_aegypti,2014,11,2014-11-01,0
MX-QUE,Aedes_aegypti,2014,12,2014-12-01,0
MX-QUE,Aedes_aegypti,2015,1,2015-01-01,0
MX-QUE,Aedes_aegypti,2015,2,2015-02-01,0
MX-QUE,Aedes_aegypti,2015,3,2015-03-01,0
MX-QUE,Aedes_aegypti,2015,4,2015-04-01,0
MX-QUE,Aedes_aegypti,2015,5,2015-05-01,0
MX-QUE,Aedes_aegypti,2015,6,2015-06-01,0
MX-QUE,Aedes_aegypti,2015,7,2015-07-01,0
MX-QUE,Aedes_aegypti,2015,8,2015-08-01,0
MX-QUE,Aedes_aegypti,2015,9,2015-09-01,0
MX-QUE,Aedes_aegypti,2015,10,2015-10-01,0
MX-QUE,Aedes_aegypti,2015,11,2015-11-01,0
MX-QUE,Aedes_aegypti,2015,12,2015-12-01,0
MX-QUE,Aedes_aegypti,2016,1,2016-01-01,0
MX-QUE,Aedes_aegypti,2016,2,2016-02-01,0
MX-QUE,Aedes_aegypti,2016,3,2016-03-01,0
MX-QUE,Aedes_aegypti,2016,4,2016-04-01,0
MX-QUE,Aedes_aegypti,2016,5,2016-05-01,0
MX-QUE,Aedes_aegypti,2016,6,2016-06-01,0
MX-QUE,Aedes_aegypti,2016,7,2016-07-01,0
MX-QUE,Aedes_aegypti,2016,8,2016-08-01,0
MX-QUE,Aedes_aegypti,2016,9,2016-09-01,0
MX-QUE,Aedes_aegypti,2016,10,2016-10-01,0
MX-QUE,Aedes_aegypti,2016,11,2016-11-01,0
MX-QUE,Aedes_aegypti,2016,12,2016-12-01,0
MX-QUE,Aedes_aegypti,2017,1,2017-01-01,0
MX-QUE,Aedes_aegypti,2017,2,2017-02-01,0
MX-QUE,Aedes_aegypti,2017,3,2017-03-01,0
MX-QUE,Aedes_aegypti,2017,4,2017-04-01,0
MX-QUE,Aedes_aegypti,2017,5,2017-05-01,0
MX-QUE,Aedes_aegypti,2017,6,2017-06-01,0
MX-QUE,Aedes_aegypti,2017,7,2017-07-01,0
MX-QUE,Aedes_aegypti,2017,8,2017-08-01,0
MX-QUE,Aedes_aegypti,2017,9,2017-09-01,0
MX-QUE,Aedes_aegypti,2017,10,2017-10-01,0
MX-QUE,Aedes_aegypti,2017,11,2017-11-01,0
MX-QUE,Aedes_aegypti,2017,12,2017-12-01,0
MX-QUE,Aedes_aegypti,2018,1,2018-01-01,0
MX-QUE,Aedes_aegypti,2018,2,2018-02-01,0
MX-QUE,Aedes_aegypti,2018,3,2018-03-01,0
MX-QUE,Aedes_aegypti,2018,4,2018-04-01,0
MX-QUE,Aedes_aegypti,2018,5,2018-05-01,0
MX-QUE,Aedes_aegypti,2018,6,2018-06-01,0
MX-QUE,Aedes_aegypti,2018,7,2018-07-01,0
MX-QUE,Aedes_aegypti,2018,8,2018-08-01,0
MX-QUE,Aedes_aegypti,2018,9,2018-09-01,0
MX-QUE,Aedes_aegypti,2018,10,2018-10-01,0
MX-QUE,Aedes_aegypti,2018,11,2018-11-01,0
MX-QUE,Aedes_aegypti,2018,12,2018-12-01,0
MX-QUE,Aedes_aegypti,2019,1,2019-01-01,0
MX-QUE,Aedes_aegypti,2019,2,2019-02-01,0
MX-QUE,Aedes_aegypti,2019,3,2019-03-01,0
MX-QUE,Aedes_aegypti,2019,4,2019-04-01,0
MX-QUE,Aedes_aegypti,2019,5,2019-05-01,0
MX-QUE,Aedes_aegypti,2019,6,2019-06-01,0
MX-QUE,Aedes_aegypti,2019,7,2019-07-01,0
MX-QUE,Aedes_aegypti,2019,8,2019-08-01,0
MX-QUE,Aedes_aegypti,2019,9,2019-09-01,0
MX-QUE,Aedes_aegypti,2019,10,2019-10-01,0
MX-QUE,Aedes_aegypti,2019,11,2019-11-01,0
MX-QUE,Aedes_aegypti,2019,12,2019-12-01,0
MX-QUE,Aedes_aegypti,2020,1,2020-01-01,0
MX-QUE,Aedes_aegypti,2020,2,2020-02-01,0
MX-QUE,Aedes_aegypti,2020,3,2020-03-01,0
MX-QUE,Aedes_aegypti,2020,4,2020-04-01,0
MX-QUE,Aedes_aegypti,2020,5,2020-05-01,0
MX-QUE,Aedes_aegypti,2020,6,2020-06-01,0
MX-QUE,Aedes_aegypti,2020,7,2020-07-01,0
MX-QUE,Aedes_aegypti,2020,8,2020-08-01,0
MX-QUE,Aedes_aegypti,2020,9,2020-09-01,0
MX-QUE,Aedes_aegypti,2020,10,2020-10-01,0
MX-QUE,Aedes_aegypti,2020,11,2020-11-01,0
MX-QUE,Aedes_aegypti,2020,12,2020-12-01,0
MX-QUE,Aedes_aegypti,2021,1,2021-01-01,0
MX-QUE,Aedes_aegypti,2021,2,2021-02-01,0
MX-QUE,Aedes_aegypti,2021,3,2021-03-01,0
MX-QUE,Aedes_aegypti,2021,4,2021-04-01,0
MX-QUE,Aedes_aegypti,2021,5,2021-05-01,0
MX-QUE,Aedes_aegypti,2021,6,2021-06-01,0
MX-QUE,Aedes_aegypti,2021,7,2021-07-01,0
MX-QUE,Aedes_aegypti,2021,8,2021-08-01,0
MX-QUE,Aedes_aegypti,2021,9,2021-09-01,0
MX-QUE,Aedes_aegypti,2021,10,2021-10-01,0
MX-QUE,Aedes_aegypti,2021,11,2021-11-01,0
MX-QUE,Aedes_aegypti,2021,12,2021-12-01,0
MX-QUE,Aedes_aegypti,2022,1,2022-01-01,0
MX-QUE,Aedes_aegypti,2022,2,2022-02-01,0
MX-QUE,Aedes_aegypti,2022,3,2022-03-01,0
MX-QUE,Aedes_aegypti,2022,4,2022-04-01,0
MX-QUE,Aedes_aegypti,2022,5,2022-05-01,0
MX-QUE,Aedes_aegypti,2022,6,2022-06-01,0
MX-QUE,Aedes_aegypti,2022,7,2022-07-01,0
MX-QUE,Aedes_aegypti,2022,8,2022-08-01,0
MX-QUE,Aedes_aegypti,2022,9,2022-09-01,0
MX-QUE,Aedes_aegypti,2022,10,2022-10-01,0
MX-QUE,Aedes_aegypti,2022,11,2022-11-01,0
MX-QUE,Aedes_aegypti,2022,12,2022-12-01,0
MX-QUE,mosquito,2004,1,2004-01-01,0
MX-QUE,mosquito,2004,2,2004-02-01,0
MX-QUE,mosquito,2004,3,2004-03-01,0
MX-QUE,mosquito,2004,4,2004-04-01,0
MX-QUE,mosquito,2004,5,2004-05-01,0
MX-QUE,mosquito,2004,6,2004-06-01,0
MX-QUE,mosquito,2004,7,2004-07-01,0
MX-QUE,mosquito,2004,8,2004-08-01,0
MX-QUE,mosquito,2004,9,2004-09-01,0
MX-QUE,mosquito,2004,10,2004-10-01,0
MX-QUE,mosquito,2004,11,2004-11-01,0
MX-QUE,mosquito,2004,12,2004-12-01,0
MX-QUE,mosquito,2005,1,2005-01-01,0
MX-QUE,mosquito,2005,2,2005-02-01,0
MX-QUE,mosquito,2005,3,2005-03-01,0
MX-QUE,mosquito,2005,4,2005-04-01,0
MX-QUE,mosquito,2005,5,2005-05-01,0
MX-QUE,mosquito,2005,6,2005-06-01,0
MX-QUE,mosquito,2005,7,2005-07-01,0
MX-QUE,mosquito,2005,8,2005-08-01,0
MX-QUE,mosquito,2005,9,2005-09-01,0
MX-QUE,mosquito,2005,10,2005-10-01,0
MX-QUE,mosquito,2005,11,2005-11-01,0
MX-QUE,mosquito,2005,12,2005-12-01,0
MX-QUE,mosquito,2006,1,2006-01-01,0
MX-QUE,mosquito,2006,2,2006-02-01,0
MX-QUE,mosquito,2006,3,2006-03-01,0
MX-QUE,mosquito,2006,4,2006-04-01,0
MX-QUE,mosquito,2006,5,2006-05-01,0
MX-QUE,mosquito,2006,6,2006-06-01,0
MX-QUE,mosquito,2006,7,2006-07-01,0
MX-QUE,mosquito,2006,8,2006-08-01,0
MX-QUE,mosquito,2006,9,2006-09-01,0
MX-QUE,mosquito,2006,10,2006-10-01,0
MX-QUE,mosquito,2006,11,2006-11-01,0
MX-QUE,mosquito,2006,12,2006-12-01,0
MX-QUE,mosquito,2007,1,2007-01-01,0
MX-QUE,mosquito,2007,2,2007-02-01,0
MX-QUE,mosquito,2007,3,2007-03-01,0
MX-QUE,mosquito,2007,4,2007-04-01,0
MX-QUE,mosquito,2007,5,2007-05-01,0
MX-QUE,mosquito,2007,6,2007-06-01,0
MX-QUE,mosquito,2007,7,2007-07-01,0
MX-QUE,mosquito,2007,8,2007-08-01,0
MX-QUE,mosquito,2007,9,2007-09-01,0
MX-QUE,mosquito,2007,10,2007-10-01,0
MX-QUE,mosquito,2007,11,2007-11-01,0
MX-QUE,mosquito,2007,12,2007-12-01,0
MX-QUE,mosquito,2008,1,2008-01-01,0
MX-QUE,mosquito,2008,2,2008-02-01,0
MX-QUE,mosquito,2008,3,2008-03-01,0
MX-QUE,mosquito,2008,4,2008-04-01,0
MX-QUE,mosquito,2008,5,2008-05-01,0
MX-QUE,mosquito,2008,6,2008-06-01,0
MX-QUE,mosquito,2008,7,2008-07-01,0
MX-QUE,mosquito,2008,8,2008-08-01,0
MX-QUE,mosquito,2008,9,2008-09-01,0
MX-QUE,mosquito,2008,10,2008-10-01,0
MX-QUE,mosquito,2008,11,2008-11-01,0
MX-QUE,mosquito,2008,12,2008-12-01,0
MX-QUE,mosquito,2009,1,2009-01-01,0
MX-QUE,mosquito,2009,2,2009-02-01,0
MX-QUE,mosquito,2009,3,2009-03-01,0
MX-QUE,mosquito,2009,4,2009-04-01,0
MX-QUE,mosquito,2009,5,2009-05-01,0
MX-QUE,mosquito,2009,6,2009-06-01,0
MX-QUE,mosquito,2009,7,2009-07-01,0
MX-QUE,mosquito,2009,8,2009-08-01,0
MX-QUE,mosquito,2009,9,2009-09-01,0
MX-QUE,mosquito,2009,10,2009-10-01,0
MX-QUE,mosquito,2009,11,2009-11-01,0
MX-QUE,mosquito,2009,12,2009-12-01,0
MX-QUE,mosquito,2010,1,2010-01-01,0
MX-QUE,mosquito,2010,2,2010-02-01,0
MX-QUE,mosquito,2010,3,2010-03-01,0
MX-QUE,mosquito,2010,4,2010-04-01,0
MX-QUE,mosquito,2010,5,2010-05-01,0
MX-QUE,mosquito,2010,6,2010-06-01,0
MX-QUE,mosquito,2010,7,2010-07-01,0
MX-QUE,mosquito,2010,8,2010-08-01,0
MX-QUE,mosquito,2010,9,2010-09-01,0
MX-QUE,mosquito,2010,10,2010-10-01,0
MX-QUE,mosquito,2010,11,2010-11-01,0
MX-QUE,mosquito,2010,12,2010-12-01,0
MX-QUE,mosquito,2011,1,2011-01-01,0
MX-QUE,mosquito,2011,2,2011-02-01,86
MX-QUE,mosquito,2011,3,2011-03-01,52
MX-QUE,mosquito,2011,4,2011-04-01,0
MX-QUE,mosquito,2011,5,2011-05-01,83
MX-QUE,mosquito,2011,6,2011-06-01,76
MX-QUE,mosquito,2011,7,2011-07-01,65
MX-QUE,mosquito,2011,8,2011-08-01,51
MX-QUE,mosquito,2011,9,2011-09-01,87
MX-QUE,mosquito,2011,10,2011-10-01,79
MX-QUE,mosquito,2011,11,2011-11-01,47
MX-QUE,mosquito,2011,12,2011-12-01,59
MX-QUE,mosquito,2012,1,2012-01-01,49
MX-QUE,mosquito,2012,2,2012-02-01,0
MX-QUE,mosquito,2012,3,2012-03-01,0
MX-QUE,mosquito,2012,4,2012-04-01,0
MX-QUE,mosquito,2012,5,2012-05-01,100
MX-QUE,mosquito,2012,6,2012-06-01,0
MX-QUE,mosquito,2012,7,2012-07-01,0
MX-QUE,mosquito,2012,8,2012-08-01,0
MX-QUE,mosquito,2012,9,2012-09-01,84
MX-QUE,mosquito,2012,10,2012-10-01,99
MX-QUE,mosquito,2012,11,2012-11-01,61
MX-QUE,mosquito,2012,12,2012-12-01,0
MX-QUE,mosquito,2013,1,2013-01-01,0
MX-QUE,mosquito,2013,2,2013-02-01,37
MX-QUE,mosquito,2013,3,2013-03-01,0
MX-QUE,mosquito,2013,4,2013-04-01,54
MX-QUE,mosquito,2013,5,2013-05-01,88
MX-QUE,mosquito,2013,6,2013-06-01,46
MX-QUE,mosquito,2013,7,2013-07-01,0
MX-QUE,mosquito,2013,8,2013-08-01,0
MX-QUE,mosquito,2013,9,2013-09-01,92
MX-QUE,mosquito,2013,10,2013-10-01,66
MX-QUE,mosquito,2013,11,2013-11-01,43
MX-QUE,mosquito,2013,12,2013-12-01,0
MX-QUE,mosquito,2014,1,2014-01-01,40
MX-QUE,mosquito,2014,2,2014-02-01,41
MX-QUE,mosquito,2014,3,2014-03-01,43
MX-QUE,mosquito,2014,4,2014-04-01,68
MX-QUE,mosquito,2014,5,2014-05-01,73
MX-QUE,mosquito,2014,6,2014-06-01,43
MX-QUE,mosquito,2014,7,2014-07-01,0
MX-QUE,mosquito,2014,8,2014-08-01,0
MX-QUE,mosquito,2014,9,2014-09-01,39
MX-QUE,mosquito,2014,10,2014-10-01,48
MX-QUE,mosquito,2014,11,2014-11-01,58
MX-QUE,mosquito,2014,12,2014-12-01,0
MX-QUE,mosquito,2015,1,2015-01-01,0
MX-QUE,mosquito,2015,2,2015-02-01,0
MX-QUE,mosquito,2015,3,2015-03-01,0
MX-QUE,mosquito,2015,4,2015-04-01,40
MX-QUE,mosquito,2015,5,2015-05-01,50
MX-QUE,mosquito,2015,6,2015-06-01,28
MX-QUE,mosquito,2015,7,2015-07-01,0
MX-QUE,mosquito,2015,8,2015-08-01,33
MX-QUE,mosquito,2015,9,2015-09-01,39
MX-QUE,mosquito,2015,10,2015-10-01,67
MX-QUE,mosquito,2015,11,2015-11-01,0
MX-QUE,mosquito,2015,12,2015-12-01,30
MX-QUE,mosquito,2016,1,2016-01-01,24
MX-QUE,mosquito,2016,2,2016-02-01,44
MX-QUE,mosquito,2016,3,2016-03-01,0
MX-QUE,mosquito,2016,4,2016-04-01,40
MX-QUE,mosquito,2016,5,2016-05-01,33
MX-QUE,mosquito,2016,6,2016-06-01,34
MX-QUE,mosquito,2016,7,2016-07-01,24
MX-QUE,mosquito,2016,8,2016-08-01,0
MX-QUE,mosquito,2016,9,2016-09-01,31
MX-QUE,mosquito,2016,10,2016-10-01,52
MX-QUE,mosquito,2016,11,2016-11-01,30
MX-QUE,mosquito,2016,12,2016-12-01,0
MX-QUE,mosquito,2017,1,2017-01-01,0
MX-QUE,mosquito,2017,2,2017-02-01,29
MX-QUE,mosquito,2017,3,2017-03-01,39
MX-QUE,mosquito,2017,4,2017-04-01,0
MX-QUE,mosquito,2017,5,2017-05-01,32
MX-QUE,mosquito,2017,6,2017-06-01,25
MX-QUE,mosquito,2017,7,2017-07-01,0
MX-QUE,mosquito,2017,8,2017-08-01,21
MX-QUE,mosquito,2017,9,2017-09-01,34
MX-QUE,mosquito,2017,10,2017-10-01,65
MX-QUE,mosquito,2017,11,2017-11-01,39
MX-QUE,mosquito,2017,12,2017-12-01,0
MX-QUE,mosquito,2018,1,2018-01-01,31
MX-QUE,mosquito,2018,2,2018-02-01,0
MX-QUE,mosquito,2018,3,2018-03-01,33
MX-QUE,mosquito,2018,4,2018-04-01,44
MX-QUE,mosquito,2018,5,2018-05-01,27
MX-QUE,mosquito,2018,6,2018-06-01,24
MX-QUE,mosquito,2018,7,2018-07-01,0
MX-QUE,mosquito,2018,8,2018-08-01,29
MX-QUE,mosquito,2018,9,2018-09-01,35
MX-QUE,mosquito,2018,10,2018-10-01,58
MX-QUE,mosquito,2018,11,2018-11-01,30
MX-QUE,mosquito,2018,12,2018-12-01,0
MX-QUE,mosquito,2019,1,2019-01-01,19
MX-QUE,mosquito,2019,2,2019-02-01,33
MX-QUE,mosquito,2019,3,2019-03-01,44
MX-QUE,mosquito,2019,4,2019-04-01,32
MX-QUE,mosquito,2019,5,2019-05-01,18
MX-QUE,mosquito,2019,6,2019-06-01,30
MX-QUE,mosquito,2019,7,2019-07-01,0
MX-QUE,mosquito,2019,8,2019-08-01,20
MX-QUE,mosquito,2019,9,2019-09-01,21
MX-QUE,mosquito,2019,10,2019-10-01,0
MX-QUE,mosquito,2019,11,2019-11-01,0
MX-QUE,mosquito,2019,12,2019-12-01,0
MX-QUE,mosquito,2020,1,2020-01-01,24
MX-QUE,mosquito,2020,2,2020-02-01,35
MX-QUE,mosquito,2020,3,2020-03-01,55
MX-QUE,mosquito,2020,4,2020-04-01,42
MX-QUE,mosquito,2020,5,2020-05-01,46
MX-QUE,mosquito,2020,6,2020-06-01,32
MX-QUE,mosquito,2020,7,2020-07-01,0
MX-QUE,mosquito,2020,8,2020-08-01,15
MX-QUE,mosquito,2020,9,2020-09-01,18
MX-QUE,mosquito,2020,10,2020-10-01,22
MX-QUE,mosquito,2020,11,2020-11-01,17
MX-QUE,mosquito,2020,12,2020-12-01,0
MX-QUE,mosquito,2021,1,2021-01-01,0
MX-QUE,mosquito,2021,2,2021-02-01,22
MX-QUE,mosquito,2021,3,2021-03-01,16
MX-QUE,mosquito,2021,4,2021-04-01,0
MX-QUE,mosquito,2021,5,2021-05-01,18
MX-QUE,mosquito,2021,6,2021-06-01,28
MX-QUE,mosquito,2021,7,2021-07-01,0
MX-QUE,mosquito,2021,8,2021-08-01,0
MX-QUE,mosquito,2021,9,2021-09-01,0
MX-QUE,mosquito,2021,10,2021-10-01,19
MX-QUE,mosquito,2021,11,2021-11-01,0
MX-QUE,mosquito,2021,12,2021-12-01,0
MX-QUE,mosquito,2022,1,2022-01-01,0
MX-QUE,mosquito,2022,2,2022-02-01,13
MX-QUE,mosquito,2022,3,2022-03-01,32
MX-QUE,mosquito,2022,4,2022-04-01,29
MX-QUE,mosquito,2022,5,2022-05-01,26
MX-QUE,mosquito,2022,6,2022-06-01,19
MX-QUE,mosquito,2022,7,2022-07-01,0
MX-QUE,mosquito,2022,8,2022-08-01,0
MX-QUE,mosquito,2022,9,2022-09-01,26
MX-QUE,mosquito,2022,10,2022-10-01,14
MX-QUE,mosquito,2022,11,2022-11-01,19
MX-QUE,mosquito,2022,12,2022-12-01,0
MX-QUE,vector,2004,1,2004-01-01,0
MX-QUE,vector,2004,2,2004-02-01,0
MX-QUE,vector,2004,3,2004-03-01,0
MX-QUE,vector,2004,4,2004-04-01,0
MX-QUE,vector,2004,5,2004-05-01,0
MX-QUE,vector,2004,6,2004-06-01,0
MX-QUE,vector,2004,7,2004-07-01,0
MX-QUE,vector,2004,8,2004-08-01,0
MX-QUE,vector,2004,9,2004-09-01,0
MX-QUE,vector,2004,10,2004-10-01,0
MX-QUE,vector,2004,11,2004-11-01,0
MX-QUE,vector,2004,12,2004-12-01,0
MX-QUE,vector,2005,1,2005-01-01,0
MX-QUE,vector,2005,2,2005-02-01,0
MX-QUE,vector,2005,3,2005-03-01,0
MX-QUE,vector,2005,4,2005-04-01,0
MX-QUE,vector,2005,5,2005-05-01,0
MX-QUE,vector,2005,6,2005-06-01,0
MX-QUE,vector,2005,7,2005-07-01,0
MX-QUE,vector,2005,8,2005-08-01,0
MX-QUE,vector,2005,9,2005-09-01,0
MX-QUE,vector,2005,10,2005-10-01,0
MX-QUE,vector,2005,11,2005-11-01,0
MX-QUE,vector,2005,12,2005-12-01,0
MX-QUE,vector,2006,1,2006-01-01,0
MX-QUE,vector,2006,2,2006-02-01,0
MX-QUE,vector,2006,3,2006-03-01,0
MX-QUE,vector,2006,4,2006-04-01,0
MX-QUE,vector,2006,5,2006-05-01,0
MX-QUE,vector,2006,6,2006-06-01,0
MX-QUE,vector,2006,7,2006-07-01,0
MX-QUE,vector,2006,8,2006-08-01,0
MX-QUE,vector,2006,9,2006-09-01,0
MX-QUE,vector,2006,10,2006-10-01,0
MX-QUE,vector,2006,11,2006-11-01,0
MX-QUE,vector,2006,12,2006-12-01,0
MX-QUE,vector,2007,1,2007-01-01,0
MX-QUE,vector,2007,2,2007-02-01,0
MX-QUE,vector,2007,3,2007-03-01,0
MX-QUE,vector,2007,4,2007-04-01,0
MX-QUE,vector,2007,5,2007-05-01,0
MX-QUE,vector,2007,6,2007-06-01,0
MX-QUE,vector,2007,7,2007-07-01,0
MX-QUE,vector,2007,8,2007-08-01,0
MX-QUE,vector,2007,9,2007-09-01,0
MX-QUE,vector,2007,10,2007-10-01,0
MX-QUE,vector,2007,11,2007-11-01,0
MX-QUE,vector,2007,12,2007-12-01,0
MX-QUE,vector,2008,1,2008-01-01,0
MX-QUE,vector,2008,2,2008-02-01,0
MX-QUE,vector,2008,3,2008-03-01,0
MX-QUE,vector,2008,4,2008-04-01,0
MX-QUE,vector,2008,5,2008-05-01,0
MX-QUE,vector,2008,6,2008-06-01,0
MX-QUE,vector,2008,7,2008-07-01,0
MX-QUE,vector,2008,8,2008-08-01,0
MX-QUE,vector,2008,9,2008-09-01,0
MX-QUE,vector,2008,10,2008-10-01,0
MX-QUE,vector,2008,11,2008-11-01,0
MX-QUE,vector,2008,12,2008-12-01,0
MX-QUE,vector,2009,1,2009-01-01,0
MX-QUE,vector,2009,2,2009-02-01,0
MX-QUE,vector,2009,3,2009-03-01,0
MX-QUE,vector,2009,4,2009-04-01,0
MX-QUE,vector,2009,5,2009-05-01,0
MX-QUE,vector,2009,6,2009-06-01,0
MX-QUE,vector,2009,7,2009-07-01,0
MX-QUE,vector,2009,8,2009-08-01,0
MX-QUE,vector,2009,9,2009-09-01,0
MX-QUE,vector,2009,10,2009-10-01,0
MX-QUE,vector,2009,11,2009-11-01,0
MX-QUE,vector,2009,12,2009-12-01,0
MX-QUE,vector,2010,1,2010-01-01,0
MX-QUE,vector,2010,2,2010-02-01,0
MX-QUE,vector,2010,3,2010-03-01,0
MX-QUE,vector,2010,4,2010-04-01,0
MX-QUE,vector,2010,5,2010-05-01,0
MX-QUE,vector,2010,6,2010-06-01,0
MX-QUE,vector,2010,7,2010-07-01,0
MX-QUE,vector,2010,8,2010-08-01,0
MX-QUE,vector,2010,9,2010-09-01,0
MX-QUE,vector,2010,10,2010-10-01,0
MX-QUE,vector,2010,11,2010-11-01,0
MX-QUE,vector,2010,12,2010-12-01,0
MX-QUE,vector,2011,1,2011-01-01,0
MX-QUE,vector,2011,2,2011-02-01,58
MX-QUE,vector,2011,3,2011-03-01,65
MX-QUE,vector,2011,4,2011-04-01,0
MX-QUE,vector,2011,5,2011-05-01,0
MX-QUE,vector,2011,6,2011-06-01,69
MX-QUE,vector,2011,7,2011-07-01,0
MX-QUE,vector,2011,8,2011-08-01,69
MX-QUE,vector,2011,9,2011-09-01,99
MX-QUE,vector,2011,10,2011-10-01,54
MX-QUE,vector,2011,11,2011-11-01,60
MX-QUE,vector,2011,12,2011-12-01,0
MX-QUE,vector,2012,1,2012-01-01,54
MX-QUE,vector,2012,2,2012-02-01,81
MX-QUE,vector,2012,3,2012-03-01,66
MX-QUE,vector,2012,4,2012-04-01,44
MX-QUE,vector,2012,5,2012-05-01,54
MX-QUE,vector,2012,6,2012-06-01,37
MX-QUE,vector,2012,7,2012-07-01,61
MX-QUE,vector,2012,8,2012-08-01,88
MX-QUE,vector,2012,9,2012-09-01,92
MX-QUE,vector,2012,10,2012-10-01,50
MX-QUE,vector,2012,11,2012-11-01,72
MX-QUE,vector,2012,12,2012-12-01,36
MX-QUE,vector,2013,1,2013-01-01,80
MX-QUE,vector,2013,2,2013-02-01,67
MX-QUE,vector,2013,3,2013-03-01,57
MX-QUE,vector,2013,4,2013-04-01,55
MX-QUE,vector,2013,5,2013-05-01,50
MX-QUE,vector,2013,6,2013-06-01,64
MX-QUE,vector,2013,7,2013-07-01,46
MX-QUE,vector,2013,8,2013-08-01,65
MX-QUE,vector,2013,9,2013-09-01,65
MX-QUE,vector,2013,10,2013-10-01,72
MX-QUE,vector,2013,11,2013-11-01,48
MX-QUE,vector,2013,12,2013-12-01,44
MX-QUE,vector,2014,1,2014-01-01,60
MX-QUE,vector,2014,2,2014-02-01,84
MX-QUE,vector,2014,3,2014-03-01,41
MX-QUE,vector,2014,4,2014-04-01,56
MX-QUE,vector,2014,5,2014-05-01,31
MX-QUE,vector,2014,6,2014-06-01,52
MX-QUE,vector,2014,7,2014-07-01,48
MX-QUE,vector,2014,8,2014-08-01,59
MX-QUE,vector,2014,9,2014-09-01,95
MX-QUE,vector,2014,10,2014-10-01,76
MX-QUE,vector,2014,11,2014-11-01,49
MX-QUE,vector,2014,12,2014-12-01,29
MX-QUE,vector,2015,1,2015-01-01,54
MX-QUE,vector,2015,2,2015-02-01,70
MX-QUE,vector,2015,3,2015-03-01,51
MX-QUE,vector,2015,4,2015-04-01,50
MX-QUE,vector,2015,5,2015-05-01,59
MX-QUE,vector,2015,6,2015-06-01,25
MX-QUE,vector,2015,7,2015-07-01,50
MX-QUE,vector,2015,8,2015-08-01,56
MX-QUE,vector,2015,9,2015-09-01,100
MX-QUE,vector,2015,10,2015-10-01,60
MX-QUE,vector,2015,11,2015-11-01,64
MX-QUE,vector,2015,12,2015-12-01,41
MX-QUE,vector,2016,1,2016-01-01,81
MX-QUE,vector,2016,2,2016-02-01,70
MX-QUE,vector,2016,3,2016-03-01,48
MX-QUE,vector,2016,4,2016-04-01,56
MX-QUE,vector,2016,5,2016-05-01,48
MX-QUE,vector,2016,6,2016-06-01,41
MX-QUE,vector,2016,7,2016-07-01,33
MX-QUE,vector,2016,8,2016-08-01,75
MX-QUE,vector,2016,9,2016-09-01,79
MX-QUE,vector,2016,10,2016-10-01,53
MX-QUE,vector,2016,11,2016-11-01,0
MX-QUE,vector,2016,12,2016-12-01,0
MX-QUE,vector,2017,1,2017-01-01,0
MX-QUE,vector,2017,2,2017-02-01,0
MX-QUE,vector,2017,3,2017-03-01,0
MX-QUE,vector,2017,4,2017-04-01,0
MX-QUE,vector,2017,5,2017-05-01,0
MX-QUE,vector,2017,6,2017-06-01,0
MX-QUE,vector,2017,7,2017-07-01,0
MX-QUE,vector,2017,8,2017-08-01,0
MX-QUE,vector,2017,9,2017-09-01,0
MX-QUE,vector,2017,10,2017-10-01,0
MX-QUE,vector,2017,11,2017-11-01,0
MX-QUE,vector,2017,12,2017-12-01,0
MX-QUE,vector,2018,1,2018-01-01,0
MX-QUE,vector,2018,2,2018-02-01,0
MX-QUE,vector,2018,3,2018-03-01,0
MX-QUE,vector,2018,4,2018-04-01,0
MX-QUE,vector,2018,5,2018-05-01,0
MX-QUE,vector,2018,6,2018-06-01,0
MX-QUE,vector,2018,7,2018-07-01,0
MX-QUE,vector,2018,8,2018-08-01,0
MX-QUE,vector,2018,9,2018-09-01,0
MX-QUE,vector,2018,10,2018-10-01,0
MX-QUE,vector,2018,11,2018-11-01,0
MX-QUE,vector,2018,12,2018-12-01,0
MX-QUE,vector,2019,1,2019-01-01,0
MX-QUE,vector,2019,2,2019-02-01,0
MX-QUE,vector,2019,3,2019-03-01,0
MX-QUE,vector,2019,4,2019-04-01,0
MX-QUE,vector,2019,5,2019-05-01,0
MX-QUE,vector,2019,6,2019-06-01,0
MX-QUE,vector,2019,7,2019-07-01,0
MX-QUE,vector,2019,8,2019-08-01,0
MX-QUE,vector,2019,9,2019-09-01,0
MX-QUE,vector,2019,10,2019-10-01,0
MX-QUE,vector,2019,11,2019-11-01,0
MX-QUE,vector,2019,12,2019-12-01,0
MX-QUE,vector,2020,1,2020-01-01,0
MX-QUE,vector,2020,2,2020-02-01,0
MX-QUE,vector,2020,3,2020-03-01,0
MX-QUE,vector,2020,4,2020-04-01,0
MX-QUE,vector,2020,5,2020-05-01,0
MX-QUE,vector,2020,6,2020-06-01,0
MX-QUE,vector,2020,7,2020-07-01,16
MX-QUE,vector,2020,8,2020-08-01,12
MX-QUE,vector,2020,9,2020-09-01,16
MX-QUE,vector,2020,10,2020-10-01,0
MX-QUE,vector,2020,11,2020-11-01,15
MX-QUE,vector,2020,12,2020-12-01,17
MX-QUE,vector,2021,1,2021-01-01,19
MX-QUE,vector,2021,2,2021-02-01,46
MX-QUE,vector,2021,3,2021-03-01,32
MX-QUE,vector,2021,4,2021-04-01,24
MX-QUE,vector,2021,5,2021-05-01,22
MX-QUE,vector,2021,6,2021-06-01,14
MX-QUE,vector,2021,7,2021-07-01,14
MX-QUE,vector,2021,8,2021-08-01,17
MX-QUE,vector,2021,9,2021-09-01,28
MX-QUE,vector,2021,10,2021-10-01,25
MX-QUE,vector,2021,11,2021-11-01,27
MX-QUE,vector,2021,12,2021-12-01,16
MX-QUE,vector,2022,1,2022-01-01,27
MX-QUE,vector,2022,2,2022-02-01,44
MX-QUE,vector,2022,3,2022-03-01,34
MX-QUE,vector,2022,4,2022-04-01,51
MX-QUE,vector,2022,5,2022-05-01,56
MX-QUE,vector,2022,6,2022-06-01,50
MX-QUE,vector,2022,7,2022-07-01,27
MX-QUE,vector,2022,8,2022-08-01,55
MX-QUE,vector,2022,9,2022-09-01,55
MX-QUE,vector,2022,10,2022-10-01,51
MX-QUE,vector,2022,11,2022-11-01,51
MX-QUE,vector,2022,12,2022-12-01,46
MX-ROO,Aedes_aegypti,2004,1,2004-01-01,0
MX-ROO,Aedes_aegypti,2004,2,2004-02-01,0
MX-ROO,Aedes_aegypti,2004,3,2004-03-01,0
MX-ROO,Aedes_aegypti,2004,4,2004-04-01,0
MX-ROO,Aedes_aegypti,2004,5,2004-05-01,0
MX-ROO,Aedes_aegypti,2004,6,2004-06-01,0
MX-ROO,Aedes_aegypti,2004,7,2004-07-01,0
MX-ROO,Aedes_aegypti,2004,8,2004-08-01,0
MX-ROO,Aedes_aegypti,2004,9,2004-09-01,0
MX-ROO,Aedes_aegypti,2004,10,2004-10-01,0
MX-ROO,Aedes_aegypti,2004,11,2004-11-01,0
MX-ROO,Aedes_aegypti,2004,12,2004-12-01,0
MX-ROO,Aedes_aegypti,2005,1,2005-01-01,0
MX-ROO,Aedes_aegypti,2005,2,2005-02-01,0
MX-ROO,Aedes_aegypti,2005,3,2005-03-01,0
MX-ROO,Aedes_aegypti,2005,4,2005-04-01,0
MX-ROO,Aedes_aegypti,2005,5,2005-05-01,0
MX-ROO,Aedes_aegypti,2005,6,2005-06-01,0
MX-ROO,Aedes_aegypti,2005,7,2005-07-01,0
MX-ROO,Aedes_aegypti,2005,8,2005-08-01,0
MX-ROO,Aedes_aegypti,2005,9,2005-09-01,0
MX-ROO,Aedes_aegypti,2005,10,2005-10-01,0
MX-ROO,Aedes_aegypti,2005,11,2005-11-01,0
MX-ROO,Aedes_aegypti,2005,12,2005-12-01,0
MX-ROO,Aedes_aegypti,2006,1,2006-01-01,0
MX-ROO,Aedes_aegypti,2006,2,2006-02-01,0
MX-ROO,Aedes_aegypti,2006,3,2006-03-01,0
MX-ROO,Aedes_aegypti,2006,4,2006-04-01,0
MX-ROO,Aedes_aegypti,2006,5,2006-05-01,0
MX-ROO,Aedes_aegypti,2006,6,2006-06-01,0
MX-ROO,Aedes_aegypti,2006,7,2006-07-01,0
MX-ROO,Aedes_aegypti,2006,8,2006-08-01,0
MX-ROO,Aedes_aegypti,2006,9,2006-09-01,0
MX-ROO,Aedes_aegypti,2006,10,2006-10-01,0
MX-ROO,Aedes_aegypti,2006,11,2006-11-01,0
MX-ROO,Aedes_aegypti,2006,12,2006-12-01,0
MX-ROO,Aedes_aegypti,2007,1,2007-01-01,0
MX-ROO,Aedes_aegypti,2007,2,2007-02-01,0
MX-ROO,Aedes_aegypti,2007,3,2007-03-01,0
MX-ROO,Aedes_aegypti,2007,4,2007-04-01,0
MX-ROO,Aedes_aegypti,2007,5,2007-05-01,0
MX-ROO,Aedes_aegypti,2007,6,2007-06-01,0
MX-ROO,Aedes_aegypti,2007,7,2007-07-01,0
MX-ROO,Aedes_aegypti,2007,8,2007-08-01,0
MX-ROO,Aedes_aegypti,2007,9,2007-09-01,0
MX-ROO,Aedes_aegypti,2007,10,2007-10-01,0
MX-ROO,Aedes_aegypti,2007,11,2007-11-01,0
MX-ROO,Aedes_aegypti,2007,12,2007-12-01,0
MX-ROO,Aedes_aegypti,2008,1,2008-01-01,0
MX-ROO,Aedes_aegypti,2008,2,2008-02-01,0
MX-ROO,Aedes_aegypti,2008,3,2008-03-01,0
MX-ROO,Aedes_aegypti,2008,4,2008-04-01,0
MX-ROO,Aedes_aegypti,2008,5,2008-05-01,0
MX-ROO,Aedes_aegypti,2008,6,2008-06-01,0
MX-ROO,Aedes_aegypti,2008,7,2008-07-01,0
MX-ROO,Aedes_aegypti,2008,8,2008-08-01,0
MX-ROO,Aedes_aegypti,2008,9,2008-09-01,0
MX-ROO,Aedes_aegypti,2008,10,2008-10-01,0
MX-ROO,Aedes_aegypti,2008,11,2008-11-01,0
MX-ROO,Aedes_aegypti,2008,12,2008-12-01,0
MX-ROO,Aedes_aegypti,2009,1,2009-01-01,0
MX-ROO,Aedes_aegypti,2009,2,2009-02-01,0
MX-ROO,Aedes_aegypti,2009,3,2009-03-01,0
MX-ROO,Aedes_aegypti,2009,4,2009-04-01,0
MX-ROO,Aedes_aegypti,2009,5,2009-05-01,0
MX-ROO,Aedes_aegypti,2009,6,2009-06-01,0
MX-ROO,Aedes_aegypti,2009,7,2009-07-01,0
MX-ROO,Aedes_aegypti,2009,8,2009-08-01,0
MX-ROO,Aedes_aegypti,2009,9,2009-09-01,0
MX-ROO,Aedes_aegypti,2009,10,2009-10-01,0
MX-ROO,Aedes_aegypti,2009,11,2009-11-01,0
MX-ROO,Aedes_aegypti,2009,12,2009-12-01,0
MX-ROO,Aedes_aegypti,2010,1,2010-01-01,0
MX-ROO,Aedes_aegypti,2010,2,2010-02-01,0
MX-ROO,Aedes_aegypti,2010,3,2010-03-01,0
MX-ROO,Aedes_aegypti,2010,4,2010-04-01,0
MX-ROO,Aedes_aegypti,2010,5,2010-05-01,0
MX-ROO,Aedes_aegypti,2010,6,2010-06-01,0
MX-ROO,Aedes_aegypti,2010,7,2010-07-01,0
MX-ROO,Aedes_aegypti,2010,8,2010-08-01,0
MX-ROO,Aedes_aegypti,2010,9,2010-09-01,0
MX-ROO,Aedes_aegypti,2010,10,2010-10-01,0
MX-ROO,Aedes_aegypti,2010,11,2010-11-01,0
MX-ROO,Aedes_aegypti,2010,12,2010-12-01,0
MX-ROO,Aedes_aegypti,2011,1,2011-01-01,0
MX-ROO,Aedes_aegypti,2011,2,2011-02-01,0
MX-ROO,Aedes_aegypti,2011,3,2011-03-01,0
MX-ROO,Aedes_aegypti,2011,4,2011-04-01,0
MX-ROO,Aedes_aegypti,2011,5,2011-05-01,0
MX-ROO,Aedes_aegypti,2011,6,2011-06-01,0
MX-ROO,Aedes_aegypti,2011,7,2011-07-01,0
MX-ROO,Aedes_aegypti,2011,8,2011-08-01,0
MX-ROO,Aedes_aegypti,2011,9,2011-09-01,100
MX-ROO,Aedes_aegypti,2011,10,2011-10-01,0
MX-ROO,Aedes_aegypti,2011,11,2011-11-01,0
MX-ROO,Aedes_aegypti,2011,12,2011-12-01,0
MX-ROO,Aedes_aegypti,2012,1,2012-01-01,0
MX-ROO,Aedes_aegypti,2012,2,2012-02-01,67
MX-ROO,Aedes_aegypti,2012,3,2012-03-01,0
MX-ROO,Aedes_aegypti,2012,4,2012-04-01,0
MX-ROO,Aedes_aegypti,2012,5,2012-05-01,0
MX-ROO,Aedes_aegypti,2012,6,2012-06-01,0
MX-ROO,Aedes_aegypti,2012,7,2012-07-01,0
MX-ROO,Aedes_aegypti,2012,8,2012-08-01,0
MX-ROO,Aedes_aegypti,2012,9,2012-09-01,0
MX-ROO,Aedes_aegypti,2012,10,2012-10-01,0
MX-ROO,Aedes_aegypti,2012,11,2012-11-01,0
MX-ROO,Aedes_aegypti,2012,12,2012-12-01,0
MX-ROO,Aedes_aegypti,2013,1,2013-01-01,0
MX-ROO,Aedes_aegypti,2013,2,2013-02-01,0
MX-ROO,Aedes_aegypti,2013,3,2013-03-01,0
MX-ROO,Aedes_aegypti,2013,4,2013-04-01,0
MX-ROO,Aedes_aegypti,2013,5,2013-05-01,0
MX-ROO,Aedes_aegypti,2013,6,2013-06-01,0
MX-ROO,Aedes_aegypti,2013,7,2013-07-01,0
MX-ROO,Aedes_aegypti,2013,8,2013-08-01,0
MX-ROO,Aedes_aegypti,2013,9,2013-09-01,0
MX-ROO,Aedes_aegypti,2013,10,2013-10-01,0
MX-ROO,Aedes_aegypti,2013,11,2013-11-01,0
MX-ROO,Aedes_aegypti,2013,12,2013-12-01,0
MX-ROO,Aedes_aegypti,2014,1,2014-01-01,0
MX-ROO,Aedes_aegypti,2014,2,2014-02-01,46
MX-ROO,Aedes_aegypti,2014,3,2014-03-01,0
MX-ROO,Aedes_aegypti,2014,4,2014-04-01,0
MX-ROO,Aedes_aegypti,2014,5,2014-05-01,0
MX-ROO,Aedes_aegypti,2014,6,2014-06-01,0
MX-ROO,Aedes_aegypti,2014,7,2014-07-01,0
MX-ROO,Aedes_aegypti,2014,8,2014-08-01,0
MX-ROO,Aedes_aegypti,2014,9,2014-09-01,0
MX-ROO,Aedes_aegypti,2014,10,2014-10-01,0
MX-ROO,Aedes_aegypti,2014,11,2014-11-01,0
MX-ROO,Aedes_aegypti,2014,12,2014-12-01,0
MX-ROO,Aedes_aegypti,2015,1,2015-01-01,0
MX-ROO,Aedes_aegypti,2015,2,2015-02-01,0
MX-ROO,Aedes_aegypti,2015,3,2015-03-01,0
MX-ROO,Aedes_aegypti,2015,4,2015-04-01,0
MX-ROO,Aedes_aegypti,2015,5,2015-05-01,0
MX-ROO,Aedes_aegypti,2015,6,2015-06-01,0
MX-ROO,Aedes_aegypti,2015,7,2015-07-01,0
MX-ROO,Aedes_aegypti,2015,8,2015-08-01,0
MX-ROO,Aedes_aegypti,2015,9,2015-09-01,0
MX-ROO,Aedes_aegypti,2015,10,2015-10-01,42
MX-ROO,Aedes_aegypti,2015,11,2015-11-01,0
MX-ROO,Aedes_aegypti,2015,12,2015-12-01,0
MX-ROO,Aedes_aegypti,2016,1,2016-01-01,0
MX-ROO,Aedes_aegypti,2016,2,2016-02-01,34
MX-ROO,Aedes_aegypti,2016,3,2016-03-01,0
MX-ROO,Aedes_aegypti,2016,4,2016-04-01,0
MX-ROO,Aedes_aegypti,2016,5,2016-05-01,0
MX-ROO,Aedes_aegypti,2016,6,2016-06-01,0
MX-ROO,Aedes_aegypti,2016,7,2016-07-01,0
MX-ROO,Aedes_aegypti,2016,8,2016-08-01,0
MX-ROO,Aedes_aegypti,2016,9,2016-09-01,0
MX-ROO,Aedes_aegypti,2016,10,2016-10-01,0
MX-ROO,Aedes_aegypti,2016,11,2016-11-01,0
MX-ROO,Aedes_aegypti,2016,12,2016-12-01,0
MX-ROO,Aedes_aegypti,2017,1,2017-01-01,0
MX-ROO,Aedes_aegypti,2017,2,2017-02-01,0
MX-ROO,Aedes_aegypti,2017,3,2017-03-01,0
MX-ROO,Aedes_aegypti,2017,4,2017-04-01,0
MX-ROO,Aedes_aegypti,2017,5,2017-05-01,0
MX-ROO,Aedes_aegypti,2017,6,2017-06-01,0
MX-ROO,Aedes_aegypti,2017,7,2017-07-01,0
MX-ROO,Aedes_aegypti,2017,8,2017-08-01,0
MX-ROO,Aedes_aegypti,2017,9,2017-09-01,0
MX-ROO,Aedes_aegypti,2017,10,2017-10-01,0
MX-ROO,Aedes_aegypti,2017,11,2017-11-01,0
MX-ROO,Aedes_aegypti,2017,12,2017-12-01,0
MX-ROO,Aedes_aegypti,2018,1,2018-01-01,0
MX-ROO,Aedes_aegypti,2018,2,2018-02-01,0
MX-ROO,Aedes_aegypti,2018,3,2018-03-01,0
MX-ROO,Aedes_aegypti,2018,4,2018-04-01,0
MX-ROO,Aedes_aegypti,2018,5,2018-05-01,0
MX-ROO,Aedes_aegypti,2018,6,2018-06-01,0
MX-ROO,Aedes_aegypti,2018,7,2018-07-01,0
MX-ROO,Aedes_aegypti,2018,8,2018-08-01,0
MX-ROO,Aedes_aegypti,2018,9,2018-09-01,0
MX-ROO,Aedes_aegypti,2018,10,2018-10-01,0
MX-ROO,Aedes_aegypti,2018,11,2018-11-01,0
MX-ROO,Aedes_aegypti,2018,12,2018-12-01,0
MX-ROO,Aedes_aegypti,2019,1,2019-01-01,0
MX-ROO,Aedes_aegypti,2019,2,2019-02-01,0
MX-ROO,Aedes_aegypti,2019,3,2019-03-01,0
MX-ROO,Aedes_aegypti,2019,4,2019-04-01,0
MX-ROO,Aedes_aegypti,2019,5,2019-05-01,0
MX-ROO,Aedes_aegypti,2019,6,2019-06-01,0
MX-ROO,Aedes_aegypti,2019,7,2019-07-01,0
MX-ROO,Aedes_aegypti,2019,8,2019-08-01,0
MX-ROO,Aedes_aegypti,2019,9,2019-09-01,0
MX-ROO,Aedes_aegypti,2019,10,2019-10-01,24
MX-ROO,Aedes_aegypti,2019,11,2019-11-01,36
MX-ROO,Aedes_aegypti,2019,12,2019-12-01,30
MX-ROO,Aedes_aegypti,2020,1,2020-01-01,0
MX-ROO,Aedes_aegypti,2020,2,2020-02-01,0
MX-ROO,Aedes_aegypti,2020,3,2020-03-01,0
MX-ROO,Aedes_aegypti,2020,4,2020-04-01,0
MX-ROO,Aedes_aegypti,2020,5,2020-05-01,0
MX-ROO,Aedes_aegypti,2020,6,2020-06-01,0
MX-ROO,Aedes_aegypti,2020,7,2020-07-01,0
MX-ROO,Aedes_aegypti,2020,8,2020-08-01,0
MX-ROO,Aedes_aegypti,2020,9,2020-09-01,0
MX-ROO,Aedes_aegypti,2020,10,2020-10-01,0
MX-ROO,Aedes_aegypti,2020,11,2020-11-01,0
MX-ROO,Aedes_aegypti,2020,12,2020-12-01,0
MX-ROO,Aedes_aegypti,2021,1,2021-01-01,0
MX-ROO,Aedes_aegypti,2021,2,2021-02-01,0
MX-ROO,Aedes_aegypti,2021,3,2021-03-01,0
MX-ROO,Aedes_aegypti,2021,4,2021-04-01,0
MX-ROO,Aedes_aegypti,2021,5,2021-05-01,0
MX-ROO,Aedes_aegypti,2021,6,2021-06-01,0
MX-ROO,Aedes_aegypti,2021,7,2021-07-01,0
MX-ROO,Aedes_aegypti,2021,8,2021-08-01,0
MX-ROO,Aedes_aegypti,2021,9,2021-09-01,0
MX-ROO,Aedes_aegypti,2021,10,2021-10-01,0
MX-ROO,Aedes_aegypti,2021,11,2021-11-01,0
MX-ROO,Aedes_aegypti,2021,12,2021-12-01,0
MX-ROO,Aedes_aegypti,2022,1,2022-01-01,0
MX-ROO,Aedes_aegypti,2022,2,2022-02-01,0
MX-ROO,Aedes_aegypti,2022,3,2022-03-01,0
MX-ROO,Aedes_aegypti,2022,4,2022-04-01,0
MX-ROO,Aedes_aegypti,2022,5,2022-05-01,0
MX-ROO,Aedes_aegypti,2022,6,2022-06-01,0
MX-ROO,Aedes_aegypti,2022,7,2022-07-01,0
MX-ROO,Aedes_aegypti,2022,8,2022-08-01,0
MX-ROO,Aedes_aegypti,2022,9,2022-09-01,0
MX-ROO,Aedes_aegypti,2022,10,2022-10-01,0
MX-ROO,Aedes_aegypti,2022,11,2022-11-01,0
MX-ROO,Aedes_aegypti,2022,12,2022-12-01,0
MX-ROO,mosquito,2004,1,2004-01-01,0
MX-ROO,mosquito,2004,2,2004-02-01,0
MX-ROO,mosquito,2004,3,2004-03-01,0
MX-ROO,mosquito,2004,4,2004-04-01,0
MX-ROO,mosquito,2004,5,2004-05-01,0
MX-ROO,mosquito,2004,6,2004-06-01,0
MX-ROO,mosquito,2004,7,2004-07-01,0
MX-ROO,mosquito,2004,8,2004-08-01,0
MX-ROO,mosquito,2004,9,2004-09-01,0
MX-ROO,mosquito,2004,10,2004-10-01,0
MX-ROO,mosquito,2004,11,2004-11-01,0
MX-ROO,mosquito,2004,12,2004-12-01,0
MX-ROO,mosquito,2005,1,2005-01-01,0
MX-ROO,mosquito,2005,2,2005-02-01,0
MX-ROO,mosquito,2005,3,2005-03-01,0
MX-ROO,mosquito,2005,4,2005-04-01,0
MX-ROO,mosquito,2005,5,2005-05-01,0
MX-ROO,mosquito,2005,6,2005-06-01,0
MX-ROO,mosquito,2005,7,2005-07-01,0
MX-ROO,mosquito,2005,8,2005-08-01,0
MX-ROO,mosquito,2005,9,2005-09-01,0
MX-ROO,mosquito,2005,10,2005-10-01,0
MX-ROO,mosquito,2005,11,2005-11-01,0
MX-ROO,mosquito,2005,12,2005-12-01,0
MX-ROO,mosquito,2006,1,2006-01-01,0
MX-ROO,mosquito,2006,2,2006-02-01,0
MX-ROO,mosquito,2006,3,2006-03-01,0
MX-ROO,mosquito,2006,4,2006-04-01,0
MX-ROO,mosquito,2006,5,2006-05-01,0
MX-ROO,mosquito,2006,6,2006-06-01,0
MX-ROO,mosquito,2006,7,2006-07-01,0
MX-ROO,mosquito,2006,8,2006-08-01,0
MX-ROO,mosquito,2006,9,2006-09-01,0
MX-ROO,mosquito,2006,10,2006-10-01,0
MX-ROO,mosquito,2006,11,2006-11-01,0
MX-ROO,mosquito,2006,12,2006-12-01,0
MX-ROO,mosquito,2007,1,2007-01-01,0
MX-ROO,mosquito,2007,2,2007-02-01,0
MX-ROO,mosquito,2007,3,2007-03-01,0
MX-ROO,mosquito,2007,4,2007-04-01,0
MX-ROO,mosquito,2007,5,2007-05-01,0
MX-ROO,mosquito,2007,6,2007-06-01,0
MX-ROO,mosquito,2007,7,2007-07-01,0
MX-ROO,mosquito,2007,8,2007-08-01,0
MX-ROO,mosquito,2007,9,2007-09-01,0
MX-ROO,mosquito,2007,10,2007-10-01,0
MX-ROO,mosquito,2007,11,2007-11-01,0
MX-ROO,mosquito,2007,12,2007-12-01,0
MX-ROO,mosquito,2008,1,2008-01-01,0
MX-ROO,mosquito,2008,2,2008-02-01,0
MX-ROO,mosquito,2008,3,2008-03-01,0
MX-ROO,mosquito,2008,4,2008-04-01,0
MX-ROO,mosquito,2008,5,2008-05-01,0
MX-ROO,mosquito,2008,6,2008-06-01,0
MX-ROO,mosquito,2008,7,2008-07-01,0
MX-ROO,mosquito,2008,8,2008-08-01,0
MX-ROO,mosquito,2008,9,2008-09-01,0
MX-ROO,mosquito,2008,10,2008-10-01,0
MX-ROO,mosquito,2008,11,2008-11-01,0
MX-ROO,mosquito,2008,12,2008-12-01,0
MX-ROO,mosquito,2009,1,2009-01-01,0
MX-ROO,mosquito,2009,2,2009-02-01,0
MX-ROO,mosquito,2009,3,2009-03-01,0
MX-ROO,mosquito,2009,4,2009-04-01,0
MX-ROO,mosquito,2009,5,2009-05-01,0
MX-ROO,mosquito,2009,6,2009-06-01,0
MX-ROO,mosquito,2009,7,2009-07-01,0
MX-ROO,mosquito,2009,8,2009-08-01,0
MX-ROO,mosquito,2009,9,2009-09-01,0
MX-ROO,mosquito,2009,10,2009-10-01,0
MX-ROO,mosquito,2009,11,2009-11-01,0
MX-ROO,mosquito,2009,12,2009-12-01,0
MX-ROO,mosquito,2010,1,2010-01-01,0
MX-ROO,mosquito,2010,2,2010-02-01,0
MX-ROO,mosquito,2010,3,2010-03-01,0
MX-ROO,mosquito,2010,4,2010-04-01,0
MX-ROO,mosquito,2010,5,2010-05-01,0
MX-ROO,mosquito,2010,6,2010-06-01,0
MX-ROO,mosquito,2010,7,2010-07-01,0
MX-ROO,mosquito,2010,8,2010-08-01,0
MX-ROO,mosquito,2010,9,2010-09-01,0
MX-ROO,mosquito,2010,10,2010-10-01,0
MX-ROO,mosquito,2010,11,2010-11-01,0
MX-ROO,mosquito,2010,12,2010-12-01,0
MX-ROO,mosquito,2011,1,2011-01-01,0
MX-ROO,mosquito,2011,2,2011-02-01,15
MX-ROO,mosquito,2011,3,2011-03-01,23
MX-ROO,mosquito,2011,4,2011-04-01,27
MX-ROO,mosquito,2011,5,2011-05-01,13
MX-ROO,mosquito,2011,6,2011-06-01,21
MX-ROO,mosquito,2011,7,2011-07-01,51
MX-ROO,mosquito,2011,8,2011-08-01,34
MX-ROO,mosquito,2011,9,2011-09-01,53
MX-ROO,mosquito,2011,10,2011-10-01,31
MX-ROO,mosquito,2011,11,2011-11-01,23
MX-ROO,mosquito,2011,12,2011-12-01,23
MX-ROO,mosquito,2012,1,2012-01-01,23
MX-ROO,mosquito,2012,2,2012-02-01,22
MX-ROO,mosquito,2012,3,2012-03-01,16
MX-ROO,mosquito,2012,4,2012-04-01,22
MX-ROO,mosquito,2012,5,2012-05-01,35
MX-ROO,mosquito,2012,6,2012-06-01,39
MX-ROO,mosquito,2012,7,2012-07-01,41
MX-ROO,mosquito,2012,8,2012-08-01,32
MX-ROO,mosquito,2012,9,2012-09-01,32
MX-ROO,mosquito,2012,10,2012-10-01,23
MX-ROO,mosquito,2012,11,2012-11-01,25
MX-ROO,mosquito,2012,12,2012-12-01,28
MX-ROO,mosquito,2013,1,2013-01-01,21
MX-ROO,mosquito,2013,2,2013-02-01,18
MX-ROO,mosquito,2013,3,2013-03-01,14
MX-ROO,mosquito,2013,4,2013-04-01,22
MX-ROO,mosquito,2013,5,2013-05-01,25
MX-ROO,mosquito,2013,6,2013-06-01,72
MX-ROO,mosquito,2013,7,2013-07-01,64
MX-ROO,mosquito,2013,8,2013-08-01,42
MX-ROO,mosquito,2013,9,2013-09-01,26
MX-ROO,mosquito,2013,10,2013-10-01,29
MX-ROO,mosquito,2013,11,2013-11-01,23
MX-ROO,mosquito,2013,12,2013-12-01,24
MX-ROO,mosquito,2014,1,2014-01-01,19
MX-ROO,mosquito,2014,2,2014-02-01,15
MX-ROO,mosquito,2014,3,2014-03-01,27
MX-ROO,mosquito,2014,4,2014-04-01,30
MX-ROO,mosquito,2014,5,2014-05-01,28
MX-ROO,mosquito,2014,6,2014-06-01,43
MX-ROO,mosquito,2014,7,2014-07-01,44
MX-ROO,mosquito,2014,8,2014-08-01,38
MX-ROO,mosquito,2014,9,2014-09-01,47
MX-ROO,mosquito,2014,10,2014-10-01,43
MX-ROO,mosquito,2014,11,2014-11-01,42
MX-ROO,mosquito,2014,12,2014-12-01,39
MX-ROO,mosquito,2015,1,2015-01-01,32
MX-ROO,mosquito,2015,2,2015-02-01,27
MX-ROO,mosquito,2015,3,2015-03-01,23
MX-ROO,mosquito,2015,4,2015-04-01,36
MX-ROO,mosquito,2015,5,2015-05-01,36
MX-ROO,mosquito,2015,6,2015-06-01,100
MX-ROO,mosquito,2015,7,2015-07-01,62
MX-ROO,mosquito,2015,8,2015-08-01,63
MX-ROO,mosquito,2015,9,2015-09-01,76
MX-ROO,mosquito,2015,10,2015-10-01,86
MX-ROO,mosquito,2015,11,2015-11-01,45
MX-ROO,mosquito,2015,12,2015-12-01,36
MX-ROO,mosquito,2016,1,2016-01-01,51
MX-ROO,mosquito,2016,2,2016-02-01,50
MX-ROO,mosquito,2016,3,2016-03-01,48
MX-ROO,mosquito,2016,4,2016-04-01,30
MX-ROO,mosquito,2016,5,2016-05-01,50
MX-ROO,mosquito,2016,6,2016-06-01,74
MX-ROO,mosquito,2016,7,2016-07-01,64
MX-ROO,mosquito,2016,8,2016-08-01,74
MX-ROO,mosquito,2016,9,2016-09-01,79
MX-ROO,mosquito,2016,10,2016-10-01,53
MX-ROO,mosquito,2016,11,2016-11-01,25
MX-ROO,mosquito,2016,12,2016-12-01,34
MX-ROO,mosquito,2017,1,2017-01-01,21
MX-ROO,mosquito,2017,2,2017-02-01,24
MX-ROO,mosquito,2017,3,2017-03-01,29
MX-ROO,mosquito,2017,4,2017-04-01,25
MX-ROO,mosquito,2017,5,2017-05-01,44
MX-ROO,mosquito,2017,6,2017-06-01,70
MX-ROO,mosquito,2017,7,2017-07-01,96
MX-ROO,mosquito,2017,8,2017-08-01,78
MX-ROO,mosquito,2017,9,2017-09-01,63
MX-ROO,mosquito,2017,10,2017-10-01,47
MX-ROO,mosquito,2017,11,2017-11-01,39
MX-ROO,mosquito,2017,12,2017-12-01,31
MX-ROO,mosquito,2018,1,2018-01-01,30
MX-ROO,mosquito,2018,2,2018-02-01,19
MX-ROO,mosquito,2018,3,2018-03-01,33
MX-ROO,mosquito,2018,4,2018-04-01,41
MX-ROO,mosquito,2018,5,2018-05-01,77
MX-ROO,mosquito,2018,6,2018-06-01,79
MX-ROO,mosquito,2018,7,2018-07-01,67
MX-ROO,mosquito,2018,8,2018-08-01,41
MX-ROO,mosquito,2018,9,2018-09-01,39
MX-ROO,mosquito,2018,10,2018-10-01,30
MX-ROO,mosquito,2018,11,2018-11-01,31
MX-ROO,mosquito,2018,12,2018-12-01,35
MX-ROO,mosquito,2019,1,2019-01-01,28
MX-ROO,mosquito,2019,2,2019-02-01,28
MX-ROO,mosquito,2019,3,2019-03-01,27
MX-ROO,mosquito,2019,4,2019-04-01,41
MX-ROO,mosquito,2019,5,2019-05-01,36
MX-ROO,mosquito,2019,6,2019-06-01,46
MX-ROO,mosquito,2019,7,2019-07-01,54
MX-ROO,mosquito,2019,8,2019-08-01,55
MX-ROO,mosquito,2019,9,2019-09-01,77
MX-ROO,mosquito,2019,10,2019-10-01,88
MX-ROO,mosquito,2019,11,2019-11-01,60
MX-ROO,mosquito,2019,12,2019-12-01,50
MX-ROO,mosquito,2020,1,2020-01-01,41
MX-ROO,mosquito,2020,2,2020-02-01,28
MX-ROO,mosquito,2020,3,2020-03-01,19
MX-ROO,mosquito,2020,4,2020-04-01,10
MX-ROO,mosquito,2020,5,2020-05-01,17
MX-ROO,mosquito,2020,6,2020-06-01,23
MX-ROO,mosquito,2020,7,2020-07-01,24
MX-ROO,mosquito,2020,8,2020-08-01,18
MX-ROO,mosquito,2020,9,2020-09-01,12
MX-ROO,mosquito,2020,10,2020-10-01,17
MX-ROO,mosquito,2020,11,2020-11-01,21
MX-ROO,mosquito,2020,12,2020-12-01,23
MX-ROO,mosquito,2021,1,2021-01-01,22
MX-ROO,mosquito,2021,2,2021-02-01,21
MX-ROO,mosquito,2021,3,2021-03-01,24
MX-ROO,mosquito,2021,4,2021-04-01,25
MX-ROO,mosquito,2021,5,2021-05-01,38
MX-ROO,mosquito,2021,6,2021-06-01,45
MX-ROO,mosquito,2021,7,2021-07-01,51
MX-ROO,mosquito,2021,8,2021-08-01,35
MX-ROO,mosquito,2021,9,2021-09-01,33
MX-ROO,mosquito,2021,10,2021-10-01,28
MX-ROO,mosquito,2021,11,2021-11-01,33
MX-ROO,mosquito,2021,12,2021-12-01,31
MX-ROO,mosquito,2022,1,2022-01-01,35
MX-ROO,mosquito,2022,2,2022-02-01,32
MX-ROO,mosquito,2022,3,2022-03-01,34
MX-ROO,mosquito,2022,4,2022-04-01,28
MX-ROO,mosquito,2022,5,2022-05-01,31
MX-ROO,mosquito,2022,6,2022-06-01,70
MX-ROO,mosquito,2022,7,2022-07-01,60
MX-ROO,mosquito,2022,8,2022-08-01,69
MX-ROO,mosquito,2022,9,2022-09-01,63
MX-ROO,mosquito,2022,10,2022-10-01,38
MX-ROO,mosquito,2022,11,2022-11-01,35
MX-ROO,mosquito,2022,12,2022-12-01,34
MX-ROO,vector,2004,1,2004-01-01,100
MX-ROO,vector,2004,2,2004-02-01,0
MX-ROO,vector,2004,3,2004-03-01,0
MX-ROO,vector,2004,4,2004-04-01,0
MX-ROO,vector,2004,5,2004-05-01,0
MX-ROO,vector,2004,6,2004-06-01,0
MX-ROO,vector,2004,7,2004-07-01,0
MX-ROO,vector,2004,8,2004-08-01,0
MX-ROO,vector,2004,9,2004-09-01,0
MX-ROO,vector,2004,10,2004-10-01,0
MX-ROO,vector,2004,11,2004-11-01,0
MX-ROO,vector,2004,12,2004-12-01,0
MX-ROO,vector,2005,1,2005-01-01,0
MX-ROO,vector,2005,2,2005-02-01,0
MX-ROO,vector,2005,3,2005-03-01,0
MX-ROO,vector,2005,4,2005-04-01,0
MX-ROO,vector,2005,5,2005-05-01,0
MX-ROO,vector,2005,6,2005-06-01,0
MX-ROO,vector,2005,7,2005-07-01,0
MX-ROO,vector,2005,8,2005-08-01,0
MX-ROO,vector,2005,9,2005-09-01,0
MX-ROO,vector,2005,10,2005-10-01,0
MX-ROO,vector,2005,11,2005-11-01,0
MX-ROO,vector,2005,12,2005-12-01,0
MX-ROO,vector,2006,1,2006-01-01,0
MX-ROO,vector,2006,2,2006-02-01,0
MX-ROO,vector,2006,3,2006-03-01,0
MX-ROO,vector,2006,4,2006-04-01,0
MX-ROO,vector,2006,5,2006-05-01,0
MX-ROO,vector,2006,6,2006-06-01,0
MX-ROO,vector,2006,7,2006-07-01,0
MX-ROO,vector,2006,8,2006-08-01,0
MX-ROO,vector,2006,9,2006-09-01,0
MX-ROO,vector,2006,10,2006-10-01,0
MX-ROO,vector,2006,11,2006-11-01,0
MX-ROO,vector,2006,12,2006-12-01,0
MX-ROO,vector,2007,1,2007-01-01,0
MX-ROO,vector,2007,2,2007-02-01,0
MX-ROO,vector,2007,3,2007-03-01,0
MX-ROO,vector,2007,4,2007-04-01,0
MX-ROO,vector,2007,5,2007-05-01,0
MX-ROO,vector,2007,6,2007-06-01,0
MX-ROO,vector,2007,7,2007-07-01,0
MX-ROO,vector,2007,8,2007-08-01,15
MX-ROO,vector,2007,9,2007-09-01,0
MX-ROO,vector,2007,10,2007-10-01,0
MX-ROO,vector,2007,11,2007-11-01,0
MX-ROO,vector,2007,12,2007-12-01,0
MX-ROO,vector,2008,1,2008-01-01,0
MX-ROO,vector,2008,2,2008-02-01,0
MX-ROO,vector,2008,3,2008-03-01,0
MX-ROO,vector,2008,4,2008-04-01,0
MX-ROO,vector,2008,5,2008-05-01,0
MX-ROO,vector,2008,6,2008-06-01,0
MX-ROO,vector,2008,7,2008-07-01,0
MX-ROO,vector,2008,8,2008-08-01,0
MX-ROO,vector,2008,9,2008-09-01,0
MX-ROO,vector,2008,10,2008-10-01,0
MX-ROO,vector,2008,11,2008-11-01,0
MX-ROO,vector,2008,12,2008-12-01,0
MX-ROO,vector,2009,1,2009-01-01,0
MX-ROO,vector,2009,2,2009-02-01,0
MX-ROO,vector,2009,3,2009-03-01,0
MX-ROO,vector,2009,4,2009-04-01,0
MX-ROO,vector,2009,5,2009-05-01,0
MX-ROO,vector,2009,6,2009-06-01,0
MX-ROO,vector,2009,7,2009-07-01,0
MX-ROO,vector,2009,8,2009-08-01,0
MX-ROO,vector,2009,9,2009-09-01,0
MX-ROO,vector,2009,10,2009-10-01,0
MX-ROO,vector,2009,11,2009-11-01,0
MX-ROO,vector,2009,12,2009-12-01,0
MX-ROO,vector,2010,1,2010-01-01,0
MX-ROO,vector,2010,2,2010-02-01,0
MX-ROO,vector,2010,3,2010-03-01,0
MX-ROO,vector,2010,4,2010-04-01,0
MX-ROO,vector,2010,5,2010-05-01,0
MX-ROO,vector,2010,6,2010-06-01,0
MX-ROO,vector,2010,7,2010-07-01,0
MX-ROO,vector,2010,8,2010-08-01,0
MX-ROO,vector,2010,9,2010-09-01,0
MX-ROO,vector,2010,10,2010-10-01,0
MX-ROO,vector,2010,11,2010-11-01,0
MX-ROO,vector,2010,12,2010-12-01,0
MX-ROO,vector,2011,1,2011-01-01,0
MX-ROO,vector,2011,2,2011-02-01,0
MX-ROO,vector,2011,3,2011-03-01,1
MX-ROO,vector,2011,4,2011-04-01,0
MX-ROO,vector,2011,5,2011-05-01,0
MX-ROO,vector,2011,6,2011-06-01,0
MX-ROO,vector,2011,7,2011-07-01,0
MX-ROO,vector,2011,8,2011-08-01,0
MX-ROO,vector,2011,9,2011-09-01,2
MX-ROO,vector,2011,10,2011-10-01,1
MX-ROO,vector,2011,11,2011-11-01,0
MX-ROO,vector,2011,12,2011-12-01,0
MX-ROO,vector,2012,1,2012-01-01,0
MX-ROO,vector,2012,2,2012-02-01,0
MX-ROO,vector,2012,3,2012-03-01,1
MX-ROO,vector,2012,4,2012-04-01,0
MX-ROO,vector,2012,5,2012-05-01,1
MX-ROO,vector,2012,6,2012-06-01,0
MX-ROO,vector,2012,7,2012-07-01,0
MX-ROO,vector,2012,8,2012-08-01,0
MX-ROO,vector,2012,9,2012-09-01,0
MX-ROO,vector,2012,10,2012-10-01,1
MX-ROO,vector,2012,11,2012-11-01,1
MX-ROO,vector,2012,12,2012-12-01,0
MX-ROO,vector,2013,1,2013-01-01,1
MX-ROO,vector,2013,2,2013-02-01,1
MX-ROO,vector,2013,3,2013-03-01,1
MX-ROO,vector,2013,4,2013-04-01,1
MX-ROO,vector,2013,5,2013-05-01,0
MX-ROO,vector,2013,6,2013-06-01,1
MX-ROO,vector,2013,7,2013-07-01,0
MX-ROO,vector,2013,8,2013-08-01,0
MX-ROO,vector,2013,9,2013-09-01,0
MX-ROO,vector,2013,10,2013-10-01,1
MX-ROO,vector,2013,11,2013-11-01,1
MX-ROO,vector,2013,12,2013-12-01,1
MX-ROO,vector,2014,1,2014-01-01,1
MX-ROO,vector,2014,2,2014-02-01,1
MX-ROO,vector,2014,3,2014-03-01,1
MX-ROO,vector,2014,4,2014-04-01,0
MX-ROO,vector,2014,5,2014-05-01,1
MX-ROO,vector,2014,6,2014-06-01,0
MX-ROO,vector,2014,7,2014-07-01,0
MX-ROO,vector,2014,8,2014-08-01,0
MX-ROO,vector,2014,9,2014-09-01,0
MX-ROO,vector,2014,10,2014-10-01,1
MX-ROO,vector,2014,11,2014-11-01,1
MX-ROO,vector,2014,12,2014-12-01,1
MX-ROO,vector,2015,1,2015-01-01,1
MX-ROO,vector,2015,2,2015-02-01,1
MX-ROO,vector,2015,3,2015-03-01,1
MX-ROO,vector,2015,4,2015-04-01,1
MX-ROO,vector,2015,5,2015-05-01,1
MX-ROO,vector,2015,6,2015-06-01,1
MX-ROO,vector,2015,7,2015-07-01,0
MX-ROO,vector,2015,8,2015-08-01,0
MX-ROO,vector,2015,9,2015-09-01,1
MX-ROO,vector,2015,10,2015-10-01,1
MX-ROO,vector,2015,11,2015-11-01,1
MX-ROO,vector,2015,12,2015-12-01,1
MX-ROO,vector,2016,1,2016-01-01,1
MX-ROO,vector,2016,2,2016-02-01,0
MX-ROO,vector,2016,3,2016-03-01,0
MX-ROO,vector,2016,4,2016-04-01,1
MX-ROO,vector,2016,5,2016-05-01,0
MX-ROO,vector,2016,6,2016-06-01,1
MX-ROO,vector,2016,7,2016-07-01,0
MX-ROO,vector,2016,8,2016-08-01,1
MX-ROO,vector,2016,9,2016-09-01,1
MX-ROO,vector,2016,10,2016-10-01,1
MX-ROO,vector,2016,11,2016-11-01,0
MX-ROO,vector,2016,12,2016-12-01,0
MX-ROO,vector,2017,1,2017-01-01,0
MX-ROO,vector,2017,2,2017-02-01,0
MX-ROO,vector,2017,3,2017-03-01,0
MX-ROO,vector,2017,4,2017-04-01,0
MX-ROO,vector,2017,5,2017-05-01,0
MX-ROO,vector,2017,6,2017-06-01,0
MX-ROO,vector,2017,7,2017-07-01,0
MX-ROO,vector,2017,8,2017-08-01,0
MX-ROO,vector,2017,9,2017-09-01,0
MX-ROO,vector,2017,10,2017-10-01,0
MX-ROO,vector,2017,11,2017-11-01,0
MX-ROO,vector,2017,12,2017-12-01,0
MX-ROO,vector,2018,1,2018-01-01,0
MX-ROO,vector,2018,2,2018-02-01,0
MX-ROO,vector,2018,3,2018-03-01,0
MX-ROO,vector,2018,4,2018-04-01,0
MX-ROO,vector,2018,5,2018-05-01,0
MX-ROO,vector,2018,6,2018-06-01,0
MX-ROO,vector,2018,7,2018-07-01,0
MX-ROO,vector,2018,8,2018-08-01,0
MX-ROO,vector,2018,9,2018-09-01,0
MX-ROO,vector,2018,10,2018-10-01,0
MX-ROO,vector,2018,11,2018-11-01,0
MX-ROO,vector,2018,12,2018-12-01,0
MX-ROO,vector,2019,1,2019-01-01,0
MX-ROO,vector,2019,2,2019-02-01,0
MX-ROO,vector,2019,3,2019-03-01,0
MX-ROO,vector,2019,4,2019-04-01,0
MX-ROO,vector,2019,5,2019-05-01,0
MX-ROO,vector,2019,6,2019-06-01,0
MX-ROO,vector,2019,7,2019-07-01,0
MX-ROO,vector,2019,8,2019-08-01,0
MX-ROO,vector,2019,9,2019-09-01,0
MX-ROO,vector,2019,10,2019-10-01,0
MX-ROO,vector,2019,11,2019-11-01,0
MX-ROO,vector,2019,12,2019-12-01,0
MX-ROO,vector,2020,1,2020-01-01,0
MX-ROO,vector,2020,2,2020-02-01,0
MX-ROO,vector,2020,3,2020-03-01,0
MX-ROO,vector,2020,4,2020-04-01,0
MX-ROO,vector,2020,5,2020-05-01,0
MX-ROO,vector,2020,6,2020-06-01,0
MX-ROO,vector,2020,7,2020-07-01,0
MX-ROO,vector,2020,8,2020-08-01,0
MX-ROO,vector,2020,9,2020-09-01,0
MX-ROO,vector,2020,10,2020-10-01,0
MX-ROO,vector,2020,11,2020-11-01,0
MX-ROO,vector,2020,12,2020-12-01,0
MX-ROO,vector,2021,1,2021-01-01,0
MX-ROO,vector,2021,2,2021-02-01,0
MX-ROO,vector,2021,3,2021-03-01,0
MX-ROO,vector,2021,4,2021-04-01,0
MX-ROO,vector,2021,5,2021-05-01,0
MX-ROO,vector,2021,6,2021-06-01,0
MX-ROO,vector,2021,7,2021-07-01,0
MX-ROO,vector,2021,8,2021-08-01,0
MX-ROO,vector,2021,9,2021-09-01,0
MX-ROO,vector,2021,10,2021-10-01,1
MX-ROO,vector,2021,11,2021-11-01,0
MX-ROO,vector,2021,12,2021-12-01,0
MX-ROO,vector,2022,1,2022-01-01,0
MX-ROO,vector,2022,2,2022-02-01,0
MX-ROO,vector,2022,3,2022-03-01,1
MX-ROO,vector,2022,4,2022-04-01,0
MX-ROO,vector,2022,5,2022-05-01,1
MX-ROO,vector,2022,6,2022-06-01,0
MX-ROO,vector,2022,7,2022-07-01,0
MX-ROO,vector,2022,8,2022-08-01,0
MX-ROO,vector,2022,9,2022-09-01,1
MX-ROO,vector,2022,10,2022-10-01,1
MX-ROO,vector,2022,11,2022-11-01,0
MX-ROO,vector,2022,12,2022-12-01,1
MX-SIN,Aedes_aegypti,2004,1,2004-01-01,0
MX-SIN,Aedes_aegypti,2004,2,2004-02-01,0
MX-SIN,Aedes_aegypti,2004,3,2004-03-01,0
MX-SIN,Aedes_aegypti,2004,4,2004-04-01,0
MX-SIN,Aedes_aegypti,2004,5,2004-05-01,0
MX-SIN,Aedes_aegypti,2004,6,2004-06-01,0
MX-SIN,Aedes_aegypti,2004,7,2004-07-01,0
MX-SIN,Aedes_aegypti,2004,8,2004-08-01,0
MX-SIN,Aedes_aegypti,2004,9,2004-09-01,0
MX-SIN,Aedes_aegypti,2004,10,2004-10-01,0
MX-SIN,Aedes_aegypti,2004,11,2004-11-01,0
MX-SIN,Aedes_aegypti,2004,12,2004-12-01,0
MX-SIN,Aedes_aegypti,2005,1,2005-01-01,0
MX-SIN,Aedes_aegypti,2005,2,2005-02-01,0
MX-SIN,Aedes_aegypti,2005,3,2005-03-01,0
MX-SIN,Aedes_aegypti,2005,4,2005-04-01,0
MX-SIN,Aedes_aegypti,2005,5,2005-05-01,0
MX-SIN,Aedes_aegypti,2005,6,2005-06-01,0
MX-SIN,Aedes_aegypti,2005,7,2005-07-01,0
MX-SIN,Aedes_aegypti,2005,8,2005-08-01,0
MX-SIN,Aedes_aegypti,2005,9,2005-09-01,0
MX-SIN,Aedes_aegypti,2005,10,2005-10-01,0
MX-SIN,Aedes_aegypti,2005,11,2005-11-01,0
MX-SIN,Aedes_aegypti,2005,12,2005-12-01,0
MX-SIN,Aedes_aegypti,2006,1,2006-01-01,0
MX-SIN,Aedes_aegypti,2006,2,2006-02-01,0
MX-SIN,Aedes_aegypti,2006,3,2006-03-01,0
MX-SIN,Aedes_aegypti,2006,4,2006-04-01,0
MX-SIN,Aedes_aegypti,2006,5,2006-05-01,0
MX-SIN,Aedes_aegypti,2006,6,2006-06-01,0
MX-SIN,Aedes_aegypti,2006,7,2006-07-01,0
MX-SIN,Aedes_aegypti,2006,8,2006-08-01,0
MX-SIN,Aedes_aegypti,2006,9,2006-09-01,0
MX-SIN,Aedes_aegypti,2006,10,2006-10-01,0
MX-SIN,Aedes_aegypti,2006,11,2006-11-01,0
MX-SIN,Aedes_aegypti,2006,12,2006-12-01,0
MX-SIN,Aedes_aegypti,2007,1,2007-01-01,0
MX-SIN,Aedes_aegypti,2007,2,2007-02-01,0
MX-SIN,Aedes_aegypti,2007,3,2007-03-01,0
MX-SIN,Aedes_aegypti,2007,4,2007-04-01,0
MX-SIN,Aedes_aegypti,2007,5,2007-05-01,0
MX-SIN,Aedes_aegypti,2007,6,2007-06-01,0
MX-SIN,Aedes_aegypti,2007,7,2007-07-01,0
MX-SIN,Aedes_aegypti,2007,8,2007-08-01,0
MX-SIN,Aedes_aegypti,2007,9,2007-09-01,0
MX-SIN,Aedes_aegypti,2007,10,2007-10-01,0
MX-SIN,Aedes_aegypti,2007,11,2007-11-01,0
MX-SIN,Aedes_aegypti,2007,12,2007-12-01,0
MX-SIN,Aedes_aegypti,2008,1,2008-01-01,0
MX-SIN,Aedes_aegypti,2008,2,2008-02-01,0
MX-SIN,Aedes_aegypti,2008,3,2008-03-01,0
MX-SIN,Aedes_aegypti,2008,4,2008-04-01,0
MX-SIN,Aedes_aegypti,2008,5,2008-05-01,0
MX-SIN,Aedes_aegypti,2008,6,2008-06-01,0
MX-SIN,Aedes_aegypti,2008,7,2008-07-01,0
MX-SIN,Aedes_aegypti,2008,8,2008-08-01,0
MX-SIN,Aedes_aegypti,2008,9,2008-09-01,0
MX-SIN,Aedes_aegypti,2008,10,2008-10-01,0
MX-SIN,Aedes_aegypti,2008,11,2008-11-01,0
MX-SIN,Aedes_aegypti,2008,12,2008-12-01,0
MX-SIN,Aedes_aegypti,2009,1,2009-01-01,0
MX-SIN,Aedes_aegypti,2009,2,2009-02-01,0
MX-SIN,Aedes_aegypti,2009,3,2009-03-01,0
MX-SIN,Aedes_aegypti,2009,4,2009-04-01,0
MX-SIN,Aedes_aegypti,2009,5,2009-05-01,0
MX-SIN,Aedes_aegypti,2009,6,2009-06-01,0
MX-SIN,Aedes_aegypti,2009,7,2009-07-01,0
MX-SIN,Aedes_aegypti,2009,8,2009-08-01,0
MX-SIN,Aedes_aegypti,2009,9,2009-09-01,0
MX-SIN,Aedes_aegypti,2009,10,2009-10-01,0
MX-SIN,Aedes_aegypti,2009,11,2009-11-01,0
MX-SIN,Aedes_aegypti,2009,12,2009-12-01,0
MX-SIN,Aedes_aegypti,2010,1,2010-01-01,0
MX-SIN,Aedes_aegypti,2010,2,2010-02-01,0
MX-SIN,Aedes_aegypti,2010,3,2010-03-01,0
MX-SIN,Aedes_aegypti,2010,4,2010-04-01,0
MX-SIN,Aedes_aegypti,2010,5,2010-05-01,0
MX-SIN,Aedes_aegypti,2010,6,2010-06-01,0
MX-SIN,Aedes_aegypti,2010,7,2010-07-01,0
MX-SIN,Aedes_aegypti,2010,8,2010-08-01,0
MX-SIN,Aedes_aegypti,2010,9,2010-09-01,0
MX-SIN,Aedes_aegypti,2010,10,2010-10-01,0
MX-SIN,Aedes_aegypti,2010,11,2010-11-01,0
MX-SIN,Aedes_aegypti,2010,12,2010-12-01,0
MX-SIN,Aedes_aegypti,2011,1,2011-01-01,0
MX-SIN,Aedes_aegypti,2011,2,2011-02-01,0
MX-SIN,Aedes_aegypti,2011,3,2011-03-01,0
MX-SIN,Aedes_aegypti,2011,4,2011-04-01,0
MX-SIN,Aedes_aegypti,2011,5,2011-05-01,0
MX-SIN,Aedes_aegypti,2011,6,2011-06-01,0
MX-SIN,Aedes_aegypti,2011,7,2011-07-01,0
MX-SIN,Aedes_aegypti,2011,8,2011-08-01,0
MX-SIN,Aedes_aegypti,2011,9,2011-09-01,0
MX-SIN,Aedes_aegypti,2011,10,2011-10-01,0
MX-SIN,Aedes_aegypti,2011,11,2011-11-01,0
MX-SIN,Aedes_aegypti,2011,12,2011-12-01,0
MX-SIN,Aedes_aegypti,2012,1,2012-01-01,0
MX-SIN,Aedes_aegypti,2012,2,2012-02-01,0
MX-SIN,Aedes_aegypti,2012,3,2012-03-01,0
MX-SIN,Aedes_aegypti,2012,4,2012-04-01,0
MX-SIN,Aedes_aegypti,2012,5,2012-05-01,0
MX-SIN,Aedes_aegypti,2012,6,2012-06-01,0
MX-SIN,Aedes_aegypti,2012,7,2012-07-01,0
MX-SIN,Aedes_aegypti,2012,8,2012-08-01,0
MX-SIN,Aedes_aegypti,2012,9,2012-09-01,0
MX-SIN,Aedes_aegypti,2012,10,2012-10-01,0
MX-SIN,Aedes_aegypti,2012,11,2012-11-01,0
MX-SIN,Aedes_aegypti,2012,12,2012-12-01,0
MX-SIN,Aedes_aegypti,2013,1,2013-01-01,0
MX-SIN,Aedes_aegypti,2013,2,2013-02-01,0
MX-SIN,Aedes_aegypti,2013,3,2013-03-01,0
MX-SIN,Aedes_aegypti,2013,4,2013-04-01,0
MX-SIN,Aedes_aegypti,2013,5,2013-05-01,0
MX-SIN,Aedes_aegypti,2013,6,2013-06-01,0
MX-SIN,Aedes_aegypti,2013,7,2013-07-01,0
MX-SIN,Aedes_aegypti,2013,8,2013-08-01,0
MX-SIN,Aedes_aegypti,2013,9,2013-09-01,0
MX-SIN,Aedes_aegypti,2013,10,2013-10-01,0
MX-SIN,Aedes_aegypti,2013,11,2013-11-01,0
MX-SIN,Aedes_aegypti,2013,12,2013-12-01,0
MX-SIN,Aedes_aegypti,2014,1,2014-01-01,0
MX-SIN,Aedes_aegypti,2014,2,2014-02-01,0
MX-SIN,Aedes_aegypti,2014,3,2014-03-01,0
MX-SIN,Aedes_aegypti,2014,4,2014-04-01,0
MX-SIN,Aedes_aegypti,2014,5,2014-05-01,0
MX-SIN,Aedes_aegypti,2014,6,2014-06-01,0
MX-SIN,Aedes_aegypti,2014,7,2014-07-01,0
MX-SIN,Aedes_aegypti,2014,8,2014-08-01,0
MX-SIN,Aedes_aegypti,2014,9,2014-09-01,73
MX-SIN,Aedes_aegypti,2014,10,2014-10-01,100
MX-SIN,Aedes_aegypti,2014,11,2014-11-01,0
MX-SIN,Aedes_aegypti,2014,12,2014-12-01,0
MX-SIN,Aedes_aegypti,2015,1,2015-01-01,0
MX-SIN,Aedes_aegypti,2015,2,2015-02-01,0
MX-SIN,Aedes_aegypti,2015,3,2015-03-01,0
MX-SIN,Aedes_aegypti,2015,4,2015-04-01,0
MX-SIN,Aedes_aegypti,2015,5,2015-05-01,0
MX-SIN,Aedes_aegypti,2015,6,2015-06-01,0
MX-SIN,Aedes_aegypti,2015,7,2015-07-01,0
MX-SIN,Aedes_aegypti,2015,8,2015-08-01,0
MX-SIN,Aedes_aegypti,2015,9,2015-09-01,0
MX-SIN,Aedes_aegypti,2015,10,2015-10-01,48
MX-SIN,Aedes_aegypti,2015,11,2015-11-01,0
MX-SIN,Aedes_aegypti,2015,12,2015-12-01,0
MX-SIN,Aedes_aegypti,2016,1,2016-01-01,0
MX-SIN,Aedes_aegypti,2016,2,2016-02-01,54
MX-SIN,Aedes_aegypti,2016,3,2016-03-01,0
MX-SIN,Aedes_aegypti,2016,4,2016-04-01,0
MX-SIN,Aedes_aegypti,2016,5,2016-05-01,0
MX-SIN,Aedes_aegypti,2016,6,2016-06-01,75
MX-SIN,Aedes_aegypti,2016,7,2016-07-01,0
MX-SIN,Aedes_aegypti,2016,8,2016-08-01,0
MX-SIN,Aedes_aegypti,2016,9,2016-09-01,0
MX-SIN,Aedes_aegypti,2016,10,2016-10-01,0
MX-SIN,Aedes_aegypti,2016,11,2016-11-01,0
MX-SIN,Aedes_aegypti,2016,12,2016-12-01,0
MX-SIN,Aedes_aegypti,2017,1,2017-01-01,0
MX-SIN,Aedes_aegypti,2017,2,2017-02-01,0
MX-SIN,Aedes_aegypti,2017,3,2017-03-01,0
MX-SIN,Aedes_aegypti,2017,4,2017-04-01,0
MX-SIN,Aedes_aegypti,2017,5,2017-05-01,0
MX-SIN,Aedes_aegypti,2017,6,2017-06-01,0
MX-SIN,Aedes_aegypti,2017,7,2017-07-01,0
MX-SIN,Aedes_aegypti,2017,8,2017-08-01,0
MX-SIN,Aedes_aegypti,2017,9,2017-09-01,0
MX-SIN,Aedes_aegypti,2017,10,2017-10-01,0
MX-SIN,Aedes_aegypti,2017,11,2017-11-01,0
MX-SIN,Aedes_aegypti,2017,12,2017-12-01,0
MX-SIN,Aedes_aegypti,2018,1,2018-01-01,0
MX-SIN,Aedes_aegypti,2018,2,2018-02-01,0
MX-SIN,Aedes_aegypti,2018,3,2018-03-01,0
MX-SIN,Aedes_aegypti,2018,4,2018-04-01,0
MX-SIN,Aedes_aegypti,2018,5,2018-05-01,0
MX-SIN,Aedes_aegypti,2018,6,2018-06-01,0
MX-SIN,Aedes_aegypti,2018,7,2018-07-01,0
MX-SIN,Aedes_aegypti,2018,8,2018-08-01,0
MX-SIN,Aedes_aegypti,2018,9,2018-09-01,0
MX-SIN,Aedes_aegypti,2018,10,2018-10-01,0
MX-SIN,Aedes_aegypti,2018,11,2018-11-01,0
MX-SIN,Aedes_aegypti,2018,12,2018-12-01,0
MX-SIN,Aedes_aegypti,2019,1,2019-01-01,0
MX-SIN,Aedes_aegypti,2019,2,2019-02-01,0
MX-SIN,Aedes_aegypti,2019,3,2019-03-01,0
MX-SIN,Aedes_aegypti,2019,4,2019-04-01,0
MX-SIN,Aedes_aegypti,2019,5,2019-05-01,0
MX-SIN,Aedes_aegypti,2019,6,2019-06-01,0
MX-SIN,Aedes_aegypti,2019,7,2019-07-01,0
MX-SIN,Aedes_aegypti,2019,8,2019-08-01,0
MX-SIN,Aedes_aegypti,2019,9,2019-09-01,0
MX-SIN,Aedes_aegypti,2019,10,2019-10-01,0
MX-SIN,Aedes_aegypti,2019,11,2019-11-01,0
MX-SIN,Aedes_aegypti,2019,12,2019-12-01,0
MX-SIN,Aedes_aegypti,2020,1,2020-01-01,0
MX-SIN,Aedes_aegypti,2020,2,2020-02-01,0
MX-SIN,Aedes_aegypti,2020,3,2020-03-01,0
MX-SIN,Aedes_aegypti,2020,4,2020-04-01,0
MX-SIN,Aedes_aegypti,2020,5,2020-05-01,0
MX-SIN,Aedes_aegypti,2020,6,2020-06-01,0
MX-SIN,Aedes_aegypti,2020,7,2020-07-01,0
MX-SIN,Aedes_aegypti,2020,8,2020-08-01,0
MX-SIN,Aedes_aegypti,2020,9,2020-09-01,0
MX-SIN,Aedes_aegypti,2020,10,2020-10-01,61
MX-SIN,Aedes_aegypti,2020,11,2020-11-01,46
MX-SIN,Aedes_aegypti,2020,12,2020-12-01,55
MX-SIN,Aedes_aegypti,2021,1,2021-01-01,0
MX-SIN,Aedes_aegypti,2021,2,2021-02-01,0
MX-SIN,Aedes_aegypti,2021,3,2021-03-01,0
MX-SIN,Aedes_aegypti,2021,4,2021-04-01,0
MX-SIN,Aedes_aegypti,2021,5,2021-05-01,0
MX-SIN,Aedes_aegypti,2021,6,2021-06-01,0
MX-SIN,Aedes_aegypti,2021,7,2021-07-01,0
MX-SIN,Aedes_aegypti,2021,8,2021-08-01,0
MX-SIN,Aedes_aegypti,2021,9,2021-09-01,66
MX-SIN,Aedes_aegypti,2021,10,2021-10-01,0
MX-SIN,Aedes_aegypti,2021,11,2021-11-01,64
MX-SIN,Aedes_aegypti,2021,12,2021-12-01,45
MX-SIN,Aedes_aegypti,2022,1,2022-01-01,0
MX-SIN,Aedes_aegypti,2022,2,2022-02-01,0
MX-SIN,Aedes_aegypti,2022,3,2022-03-01,0
MX-SIN,Aedes_aegypti,2022,4,2022-04-01,0
MX-SIN,Aedes_aegypti,2022,5,2022-05-01,0
MX-SIN,Aedes_aegypti,2022,6,2022-06-01,0
MX-SIN,Aedes_aegypti,2022,7,2022-07-01,0
MX-SIN,Aedes_aegypti,2022,8,2022-08-01,0
MX-SIN,Aedes_aegypti,2022,9,2022-09-01,0
MX-SIN,Aedes_aegypti,2022,10,2022-10-01,0
MX-SIN,Aedes_aegypti,2022,11,2022-11-01,39
MX-SIN,Aedes_aegypti,2022,12,2022-12-01,59
MX-SIN,mosquito,2004,1,2004-01-01,0
MX-SIN,mosquito,2004,2,2004-02-01,0
MX-SIN,mosquito,2004,3,2004-03-01,0
MX-SIN,mosquito,2004,4,2004-04-01,0
MX-SIN,mosquito,2004,5,2004-05-01,0
MX-SIN,mosquito,2004,6,2004-06-01,0
MX-SIN,mosquito,2004,7,2004-07-01,0
MX-SIN,mosquito,2004,8,2004-08-01,0
MX-SIN,mosquito,2004,9,2004-09-01,0
MX-SIN,mosquito,2004,10,2004-10-01,0
MX-SIN,mosquito,2004,11,2004-11-01,0
MX-SIN,mosquito,2004,12,2004-12-01,0
MX-SIN,mosquito,2005,1,2005-01-01,0
MX-SIN,mosquito,2005,2,2005-02-01,0
MX-SIN,mosquito,2005,3,2005-03-01,0
MX-SIN,mosquito,2005,4,2005-04-01,0
MX-SIN,mosquito,2005,5,2005-05-01,0
MX-SIN,mosquito,2005,6,2005-06-01,0
MX-SIN,mosquito,2005,7,2005-07-01,0
MX-SIN,mosquito,2005,8,2005-08-01,0
MX-SIN,mosquito,2005,9,2005-09-01,0
MX-SIN,mosquito,2005,10,2005-10-01,0
MX-SIN,mosquito,2005,11,2005-11-01,0
MX-SIN,mosquito,2005,12,2005-12-01,0
MX-SIN,mosquito,2006,1,2006-01-01,0
MX-SIN,mosquito,2006,2,2006-02-01,0
MX-SIN,mosquito,2006,3,2006-03-01,0
MX-SIN,mosquito,2006,4,2006-04-01,0
MX-SIN,mosquito,2006,5,2006-05-01,0
MX-SIN,mosquito,2006,6,2006-06-01,0
MX-SIN,mosquito,2006,7,2006-07-01,0
MX-SIN,mosquito,2006,8,2006-08-01,0
MX-SIN,mosquito,2006,9,2006-09-01,0
MX-SIN,mosquito,2006,10,2006-10-01,0
MX-SIN,mosquito,2006,11,2006-11-01,0
MX-SIN,mosquito,2006,12,2006-12-01,0
MX-SIN,mosquito,2007,1,2007-01-01,0
MX-SIN,mosquito,2007,2,2007-02-01,0
MX-SIN,mosquito,2007,3,2007-03-01,0
MX-SIN,mosquito,2007,4,2007-04-01,0
MX-SIN,mosquito,2007,5,2007-05-01,0
MX-SIN,mosquito,2007,6,2007-06-01,0
MX-SIN,mosquito,2007,7,2007-07-01,0
MX-SIN,mosquito,2007,8,2007-08-01,0
MX-SIN,mosquito,2007,9,2007-09-01,0
MX-SIN,mosquito,2007,10,2007-10-01,0
MX-SIN,mosquito,2007,11,2007-11-01,0
MX-SIN,mosquito,2007,12,2007-12-01,0
MX-SIN,mosquito,2008,1,2008-01-01,0
MX-SIN,mosquito,2008,2,2008-02-01,0
MX-SIN,mosquito,2008,3,2008-03-01,0
MX-SIN,mosquito,2008,4,2008-04-01,0
MX-SIN,mosquito,2008,5,2008-05-01,0
MX-SIN,mosquito,2008,6,2008-06-01,0
MX-SIN,mosquito,2008,7,2008-07-01,0
MX-SIN,mosquito,2008,8,2008-08-01,0
MX-SIN,mosquito,2008,9,2008-09-01,100
MX-SIN,mosquito,2008,10,2008-10-01,0
MX-SIN,mosquito,2008,11,2008-11-01,0
MX-SIN,mosquito,2008,12,2008-12-01,0
MX-SIN,mosquito,2009,1,2009-01-01,0
MX-SIN,mosquito,2009,2,2009-02-01,0
MX-SIN,mosquito,2009,3,2009-03-01,0
MX-SIN,mosquito,2009,4,2009-04-01,0
MX-SIN,mosquito,2009,5,2009-05-01,0
MX-SIN,mosquito,2009,6,2009-06-01,0
MX-SIN,mosquito,2009,7,2009-07-01,0
MX-SIN,mosquito,2009,8,2009-08-01,0
MX-SIN,mosquito,2009,9,2009-09-01,0
MX-SIN,mosquito,2009,10,2009-10-01,0
MX-SIN,mosquito,2009,11,2009-11-01,0
MX-SIN,mosquito,2009,12,2009-12-01,0
MX-SIN,mosquito,2010,1,2010-01-01,0
MX-SIN,mosquito,2010,2,2010-02-01,0
MX-SIN,mosquito,2010,3,2010-03-01,0
MX-SIN,mosquito,2010,4,2010-04-01,0
MX-SIN,mosquito,2010,5,2010-05-01,0
MX-SIN,mosquito,2010,6,2010-06-01,0
MX-SIN,mosquito,2010,7,2010-07-01,0
MX-SIN,mosquito,2010,8,2010-08-01,0
MX-SIN,mosquito,2010,9,2010-09-01,0
MX-SIN,mosquito,2010,10,2010-10-01,0
MX-SIN,mosquito,2010,11,2010-11-01,0
MX-SIN,mosquito,2010,12,2010-12-01,0
MX-SIN,mosquito,2011,1,2011-01-01,19
MX-SIN,mosquito,2011,2,2011-02-01,0
MX-SIN,mosquito,2011,3,2011-03-01,0
MX-SIN,mosquito,2011,4,2011-04-01,0
MX-SIN,mosquito,2011,5,2011-05-01,0
MX-SIN,mosquito,2011,6,2011-06-01,15
MX-SIN,mosquito,2011,7,2011-07-01,0
MX-SIN,mosquito,2011,8,2011-08-01,0
MX-SIN,mosquito,2011,9,2011-09-01,19
MX-SIN,mosquito,2011,10,2011-10-01,19
MX-SIN,mosquito,2011,11,2011-11-01,17
MX-SIN,mosquito,2011,12,2011-12-01,0
MX-SIN,mosquito,2012,1,2012-01-01,13
MX-SIN,mosquito,2012,2,2012-02-01,0
MX-SIN,mosquito,2012,3,2012-03-01,0
MX-SIN,mosquito,2012,4,2012-04-01,0
MX-SIN,mosquito,2012,5,2012-05-01,25
MX-SIN,mosquito,2012,6,2012-06-01,0
MX-SIN,mosquito,2012,7,2012-07-01,0
MX-SIN,mosquito,2012,8,2012-08-01,0
MX-SIN,mosquito,2012,9,2012-09-01,16
MX-SIN,mosquito,2012,10,2012-10-01,15
MX-SIN,mosquito,2012,11,2012-11-01,12
MX-SIN,mosquito,2012,12,2012-12-01,0
MX-SIN,mosquito,2013,1,2013-01-01,0
MX-SIN,mosquito,2013,2,2013-02-01,14
MX-SIN,mosquito,2013,3,2013-03-01,0
MX-SIN,mosquito,2013,4,2013-04-01,11
MX-SIN,mosquito,2013,5,2013-05-01,17
MX-SIN,mosquito,2013,6,2013-06-01,0
MX-SIN,mosquito,2013,7,2013-07-01,0
MX-SIN,mosquito,2013,8,2013-08-01,0
MX-SIN,mosquito,2013,9,2013-09-01,28
MX-SIN,mosquito,2013,10,2013-10-01,12
MX-SIN,mosquito,2013,11,2013-11-01,0
MX-SIN,mosquito,2013,12,2013-12-01,0
MX-SIN,mosquito,2014,1,2014-01-01,9
MX-SIN,mosquito,2014,2,2014-02-01,0
MX-SIN,mosquito,2014,3,2014-03-01,0
MX-SIN,mosquito,2014,4,2014-04-01,9
MX-SIN,mosquito,2014,5,2014-05-01,21
MX-SIN,mosquito,2014,6,2014-06-01,0
MX-SIN,mosquito,2014,7,2014-07-01,0
MX-SIN,mosquito,2014,8,2014-08-01,0
MX-SIN,mosquito,2014,9,2014-09-01,14
MX-SIN,mosquito,2014,10,2014-10-01,18
MX-SIN,mosquito,2014,11,2014-11-01,0
MX-SIN,mosquito,2014,12,2014-12-01,0
MX-SIN,mosquito,2015,1,2015-01-01,0
MX-SIN,mosquito,2015,2,2015-02-01,0
MX-SIN,mosquito,2015,3,2015-03-01,0
MX-SIN,mosquito,2015,4,2015-04-01,0
MX-SIN,mosquito,2015,5,2015-05-01,0
MX-SIN,mosquito,2015,6,2015-06-01,8
MX-SIN,mosquito,2015,7,2015-07-01,0
MX-SIN,mosquito,2015,8,2015-08-01,7
MX-SIN,mosquito,2015,9,2015-09-01,9
MX-SIN,mosquito,2015,10,2015-10-01,17
MX-SIN,mosquito,2015,11,2015-11-01,0
MX-SIN,mosquito,2015,12,2015-12-01,0
MX-SIN,mosquito,2016,1,2016-01-01,0
MX-SIN,mosquito,2016,2,2016-02-01,6
MX-SIN,mosquito,2016,3,2016-03-01,6
MX-SIN,mosquito,2016,4,2016-04-01,10
MX-SIN,mosquito,2016,5,2016-05-01,11
MX-SIN,mosquito,2016,6,2016-06-01,0
MX-SIN,mosquito,2016,7,2016-07-01,0
MX-SIN,mosquito,2016,8,2016-08-01,0
MX-SIN,mosquito,2016,9,2016-09-01,17
MX-SIN,mosquito,2016,10,2016-10-01,14
MX-SIN,mosquito,2016,11,2016-11-01,8
MX-SIN,mosquito,2016,12,2016-12-01,9
MX-SIN,mosquito,2017,1,2017-01-01,8
MX-SIN,mosquito,2017,2,2017-02-01,0
MX-SIN,mosquito,2017,3,2017-03-01,0
MX-SIN,mosquito,2017,4,2017-04-01,8
MX-SIN,mosquito,2017,5,2017-05-01,0
MX-SIN,mosquito,2017,6,2017-06-01,0
MX-SIN,mosquito,2017,7,2017-07-01,0
MX-SIN,mosquito,2017,8,2017-08-01,0
MX-SIN,mosquito,2017,9,2017-09-01,13
MX-SIN,mosquito,2017,10,2017-10-01,16
MX-SIN,mosquito,2017,11,2017-11-01,0
MX-SIN,mosquito,2017,12,2017-12-01,0
MX-SIN,mosquito,2018,1,2018-01-01,7
MX-SIN,mosquito,2018,2,2018-02-01,0
MX-SIN,mosquito,2018,3,2018-03-01,0
MX-SIN,mosquito,2018,4,2018-04-01,10
MX-SIN,mosquito,2018,5,2018-05-01,0
MX-SIN,mosquito,2018,6,2018-06-01,0
MX-SIN,mosquito,2018,7,2018-07-01,0
MX-SIN,mosquito,2018,8,2018-08-01,0
MX-SIN,mosquito,2018,9,2018-09-01,7
MX-SIN,mosquito,2018,10,2018-10-01,15
MX-SIN,mosquito,2018,11,2018-11-01,9
MX-SIN,mosquito,2018,12,2018-12-01,0
MX-SIN,mosquito,2019,1,2019-01-01,0
MX-SIN,mosquito,2019,2,2019-02-01,0
MX-SIN,mosquito,2019,3,2019-03-01,0
MX-SIN,mosquito,2019,4,2019-04-01,9
MX-SIN,mosquito,2019,5,2019-05-01,10
MX-SIN,mosquito,2019,6,2019-06-01,0
MX-SIN,mosquito,2019,7,2019-07-01,0
MX-SIN,mosquito,2019,8,2019-08-01,0
MX-SIN,mosquito,2019,9,2019-09-01,0
MX-SIN,mosquito,2019,10,2019-10-01,9
MX-SIN,mosquito,2019,11,2019-11-01,0
MX-SIN,mosquito,2019,12,2019-12-01,0
MX-SIN,mosquito,2020,1,2020-01-01,0
MX-SIN,mosquito,2020,2,2020-02-01,0
MX-SIN,mosquito,2020,3,2020-03-01,9
MX-SIN,mosquito,2020,4,2020-04-01,13
MX-SIN,mosquito,2020,5,2020-05-01,6
MX-SIN,mosquito,2020,6,2020-06-01,5
MX-SIN,mosquito,2020,7,2020-07-01,0
MX-SIN,mosquito,2020,8,2020-08-01,0
MX-SIN,mosquito,2020,9,2020-09-01,7
MX-SIN,mosquito,2020,10,2020-10-01,7
MX-SIN,mosquito,2020,11,2020-11-01,0
MX-SIN,mosquito,2020,12,2020-12-01,0
MX-SIN,mosquito,2021,1,2021-01-01,0
MX-SIN,mosquito,2021,2,2021-02-01,0
MX-SIN,mosquito,2021,3,2021-03-01,7
MX-SIN,mosquito,2021,4,2021-04-01,10
MX-SIN,mosquito,2021,5,2021-05-01,6
MX-SIN,mosquito,2021,6,2021-06-01,5
MX-SIN,mosquito,2021,7,2021-07-01,0
MX-SIN,mosquito,2021,8,2021-08-01,0
MX-SIN,mosquito,2021,9,2021-09-01,0
MX-SIN,mosquito,2021,10,2021-10-01,6
MX-SIN,mosquito,2021,11,2021-11-01,0
MX-SIN,mosquito,2021,12,2021-12-01,0
MX-SIN,mosquito,2022,1,2022-01-01,0
MX-SIN,mosquito,2022,2,2022-02-01,5
MX-SIN,mosquito,2022,3,2022-03-01,6
MX-SIN,mosquito,2022,4,2022-04-01,6
MX-SIN,mosquito,2022,5,2022-05-01,6
MX-SIN,mosquito,2022,6,2022-06-01,5
MX-SIN,mosquito,2022,7,2022-07-01,0
MX-SIN,mosquito,2022,8,2022-08-01,0
MX-SIN,mosquito,2022,9,2022-09-01,6
MX-SIN,mosquito,2022,10,2022-10-01,11
MX-SIN,mosquito,2022,11,2022-11-01,6
MX-SIN,mosquito,2022,12,2022-12-01,0
MX-SIN,vector,2004,1,2004-01-01,0
MX-SIN,vector,2004,2,2004-02-01,0
MX-SIN,vector,2004,3,2004-03-01,0
MX-SIN,vector,2004,4,2004-04-01,0
MX-SIN,vector,2004,5,2004-05-01,0
MX-SIN,vector,2004,6,2004-06-01,0
MX-SIN,vector,2004,7,2004-07-01,0
MX-SIN,vector,2004,8,2004-08-01,0
MX-SIN,vector,2004,9,2004-09-01,0
MX-SIN,vector,2004,10,2004-10-01,0
MX-SIN,vector,2004,11,2004-11-01,0
MX-SIN,vector,2004,12,2004-12-01,0
MX-SIN,vector,2005,1,2005-01-01,0
MX-SIN,vector,2005,2,2005-02-01,0
MX-SIN,vector,2005,3,2005-03-01,0
MX-SIN,vector,2005,4,2005-04-01,0
MX-SIN,vector,2005,5,2005-05-01,100
MX-SIN,vector,2005,6,2005-06-01,0
MX-SIN,vector,2005,7,2005-07-01,0
MX-SIN,vector,2005,8,2005-08-01,0
MX-SIN,vector,2005,9,2005-09-01,0
MX-SIN,vector,2005,10,2005-10-01,0
MX-SIN,vector,2005,11,2005-11-01,0
MX-SIN,vector,2005,12,2005-12-01,0
MX-SIN,vector,2006,1,2006-01-01,0
MX-SIN,vector,2006,2,2006-02-01,0
MX-SIN,vector,2006,3,2006-03-01,0
MX-SIN,vector,2006,4,2006-04-01,0
MX-SIN,vector,2006,5,2006-05-01,0
MX-SIN,vector,2006,6,2006-06-01,0
MX-SIN,vector,2006,7,2006-07-01,0
MX-SIN,vector,2006,8,2006-08-01,0
MX-SIN,vector,2006,9,2006-09-01,0
MX-SIN,vector,2006,10,2006-10-01,0
MX-SIN,vector,2006,11,2006-11-01,0
MX-SIN,vector,2006,12,2006-12-01,0
MX-SIN,vector,2007,1,2007-01-01,0
MX-SIN,vector,2007,2,2007-02-01,0
MX-SIN,vector,2007,3,2007-03-01,0
MX-SIN,vector,2007,4,2007-04-01,0
MX-SIN,vector,2007,5,2007-05-01,0
MX-SIN,vector,2007,6,2007-06-01,0
MX-SIN,vector,2007,7,2007-07-01,0
MX-SIN,vector,2007,8,2007-08-01,0
MX-SIN,vector,2007,9,2007-09-01,0
MX-SIN,vector,2007,10,2007-10-01,0
MX-SIN,vector,2007,11,2007-11-01,0
MX-SIN,vector,2007,12,2007-12-01,0
MX-SIN,vector,2008,1,2008-01-01,0
MX-SIN,vector,2008,2,2008-02-01,0
MX-SIN,vector,2008,3,2008-03-01,0
MX-SIN,vector,2008,4,2008-04-01,0
MX-SIN,vector,2008,5,2008-05-01,0
MX-SIN,vector,2008,6,2008-06-01,0
MX-SIN,vector,2008,7,2008-07-01,0
MX-SIN,vector,2008,8,2008-08-01,0
MX-SIN,vector,2008,9,2008-09-01,0
MX-SIN,vector,2008,10,2008-10-01,0
MX-SIN,vector,2008,11,2008-11-01,0
MX-SIN,vector,2008,12,2008-12-01,0
MX-SIN,vector,2009,1,2009-01-01,0
MX-SIN,vector,2009,2,2009-02-01,0
MX-SIN,vector,2009,3,2009-03-01,0
MX-SIN,vector,2009,4,2009-04-01,0
MX-SIN,vector,2009,5,2009-05-01,0
MX-SIN,vector,2009,6,2009-06-01,0
MX-SIN,vector,2009,7,2009-07-01,0
MX-SIN,vector,2009,8,2009-08-01,0
MX-SIN,vector,2009,9,2009-09-01,0
MX-SIN,vector,2009,10,2009-10-01,0
MX-SIN,vector,2009,11,2009-11-01,0
MX-SIN,vector,2009,12,2009-12-01,0
MX-SIN,vector,2010,1,2010-01-01,0
MX-SIN,vector,2010,2,2010-02-01,0
MX-SIN,vector,2010,3,2010-03-01,0
MX-SIN,vector,2010,4,2010-04-01,0
MX-SIN,vector,2010,5,2010-05-01,0
MX-SIN,vector,2010,6,2010-06-01,0
MX-SIN,vector,2010,7,2010-07-01,0
MX-SIN,vector,2010,8,2010-08-01,0
MX-SIN,vector,2010,9,2010-09-01,24
MX-SIN,vector,2010,10,2010-10-01,0
MX-SIN,vector,2010,11,2010-11-01,0
MX-SIN,vector,2010,12,2010-12-01,0
MX-SIN,vector,2011,1,2011-01-01,0
MX-SIN,vector,2011,2,2011-02-01,0
MX-SIN,vector,2011,3,2011-03-01,0
MX-SIN,vector,2011,4,2011-04-01,0
MX-SIN,vector,2011,5,2011-05-01,0
MX-SIN,vector,2011,6,2011-06-01,0
MX-SIN,vector,2011,7,2011-07-01,0
MX-SIN,vector,2011,8,2011-08-01,8
MX-SIN,vector,2011,9,2011-09-01,16
MX-SIN,vector,2011,10,2011-10-01,10
MX-SIN,vector,2011,11,2011-11-01,10
MX-SIN,vector,2011,12,2011-12-01,0
MX-SIN,vector,2012,1,2012-01-01,5
MX-SIN,vector,2012,2,2012-02-01,11
MX-SIN,vector,2012,3,2012-03-01,7
MX-SIN,vector,2012,4,2012-04-01,7
MX-SIN,vector,2012,5,2012-05-01,7
MX-SIN,vector,2012,6,2012-06-01,5
MX-SIN,vector,2012,7,2012-07-01,0
MX-SIN,vector,2012,8,2012-08-01,6
MX-SIN,vector,2012,9,2012-09-01,14
MX-SIN,vector,2012,10,2012-10-01,9
MX-SIN,vector,2012,11,2012-11-01,7
MX-SIN,vector,2012,12,2012-12-01,8
MX-SIN,vector,2013,1,2013-01-01,0
MX-SIN,vector,2013,2,2013-02-01,7
MX-SIN,vector,2013,3,2013-03-01,10
MX-SIN,vector,2013,4,2013-04-01,8
MX-SIN,vector,2013,5,2013-05-01,7
MX-SIN,vector,2013,6,2013-06-01,5
MX-SIN,vector,2013,7,2013-07-01,0
MX-SIN,vector,2013,8,2013-08-01,6
MX-SIN,vector,2013,9,2013-09-01,11
MX-SIN,vector,2013,10,2013-10-01,7
MX-SIN,vector,2013,11,2013-11-01,7
MX-SIN,vector,2013,12,2013-12-01,5
MX-SIN,vector,2014,1,2014-01-01,5
MX-SIN,vector,2014,2,2014-02-01,7
MX-SIN,vector,2014,3,2014-03-01,6
MX-SIN,vector,2014,4,2014-04-01,7
MX-SIN,vector,2014,5,2014-05-01,7
MX-SIN,vector,2014,6,2014-06-01,6
MX-SIN,vector,2014,7,2014-07-01,0
MX-SIN,vector,2014,8,2014-08-01,7
MX-SIN,vector,2014,9,2014-09-01,12
MX-SIN,vector,2014,10,2014-10-01,7
MX-SIN,vector,2014,11,2014-11-01,7
MX-SIN,vector,2014,12,2014-12-01,7
MX-SIN,vector,2015,1,2015-01-01,4
MX-SIN,vector,2015,2,2015-02-01,0
MX-SIN,vector,2015,3,2015-03-01,0
MX-SIN,vector,2015,4,2015-04-01,5
MX-SIN,vector,2015,5,2015-05-01,9
MX-SIN,vector,2015,6,2015-06-01,4
MX-SIN,vector,2015,7,2015-07-01,5
MX-SIN,vector,2015,8,2015-08-01,8
MX-SIN,vector,2015,9,2015-09-01,11
MX-SIN,vector,2015,10,2015-10-01,7
MX-SIN,vector,2015,11,2015-11-01,9
MX-SIN,vector,2015,12,2015-12-01,0
MX-SIN,vector,2016,1,2016-01-01,6
MX-SIN,vector,2016,2,2016-02-01,5
MX-SIN,vector,2016,3,2016-03-01,4
MX-SIN,vector,2016,4,2016-04-01,4
MX-SIN,vector,2016,5,2016-05-01,4
MX-SIN,vector,2016,6,2016-06-01,4
MX-SIN,vector,2016,7,2016-07-01,4
MX-SIN,vector,2016,8,2016-08-01,4
MX-SIN,vector,2016,9,2016-09-01,11
MX-SIN,vector,2016,10,2016-10-01,5
MX-SIN,vector,2016,11,2016-11-01,0
MX-SIN,vector,2016,12,2016-12-01,0
MX-SIN,vector,2017,1,2017-01-01,0
MX-SIN,vector,2017,2,2017-02-01,0
MX-SIN,vector,2017,3,2017-03-01,0
MX-SIN,vector,2017,4,2017-04-01,0
MX-SIN,vector,2017,5,2017-05-01,0
MX-SIN,vector,2017,6,2017-06-01,0
MX-SIN,vector,2017,7,2017-07-01,0
MX-SIN,vector,2017,8,2017-08-01,0
MX-SIN,vector,2017,9,2017-09-01,0
MX-SIN,vector,2017,10,2017-10-01,0
MX-SIN,vector,2017,11,2017-11-01,0
MX-SIN,vector,2017,12,2017-12-01,0
MX-SIN,vector,2018,1,2018-01-01,0
MX-SIN,vector,2018,2,2018-02-01,0
MX-SIN,vector,2018,3,2018-03-01,0
MX-SIN,vector,2018,4,2018-04-01,0
MX-SIN,vector,2018,5,2018-05-01,4
MX-SIN,vector,2018,6,2018-06-01,0
MX-SIN,vector,2018,7,2018-07-01,0
MX-SIN,vector,2018,8,2018-08-01,0
MX-SIN,vector,2018,9,2018-09-01,0
MX-SIN,vector,2018,10,2018-10-01,0
MX-SIN,vector,2018,11,2018-11-01,0
MX-SIN,vector,2018,12,2018-12-01,0
MX-SIN,vector,2019,1,2019-01-01,0
MX-SIN,vector,2019,2,2019-02-01,0
MX-SIN,vector,2019,3,2019-03-01,4
MX-SIN,vector,2019,4,2019-04-01,0
MX-SIN,vector,2019,5,2019-05-01,0
MX-SIN,vector,2019,6,2019-06-01,0
MX-SIN,vector,2019,7,2019-07-01,0
MX-SIN,vector,2019,8,2019-08-01,0
MX-SIN,vector,2019,9,2019-09-01,0
MX-SIN,vector,2019,10,2019-10-01,0
MX-SIN,vector,2019,11,2019-11-01,0
MX-SIN,vector,2019,12,2019-12-01,0
MX-SIN,vector,2020,1,2020-01-01,0
MX-SIN,vector,2020,2,2020-02-01,0
MX-SIN,vector,2020,3,2020-03-01,0
MX-SIN,vector,2020,4,2020-04-01,0
MX-SIN,vector,2020,5,2020-05-01,0
MX-SIN,vector,2020,6,2020-06-01,0
MX-SIN,vector,2020,7,2020-07-01,0
MX-SIN,vector,2020,8,2020-08-01,0
MX-SIN,vector,2020,9,2020-09-01,0
MX-SIN,vector,2020,10,2020-10-01,0
MX-SIN,vector,2020,11,2020-11-01,3
MX-SIN,vector,2020,12,2020-12-01,0
MX-SIN,vector,2021,1,2021-01-01,0
MX-SIN,vector,2021,2,2021-02-01,4
MX-SIN,vector,2021,3,2021-03-01,4
MX-SIN,vector,2021,4,2021-04-01,0
MX-SIN,vector,2021,5,2021-05-01,2
MX-SIN,vector,2021,6,2021-06-01,0
MX-SIN,vector,2021,7,2021-07-01,0
MX-SIN,vector,2021,8,2021-08-01,0
MX-SIN,vector,2021,9,2021-09-01,3
MX-SIN,vector,2021,10,2021-10-01,0
MX-SIN,vector,2021,11,2021-11-01,4
MX-SIN,vector,2021,12,2021-12-01,3
MX-SIN,vector,2022,1,2022-01-01,3
MX-SIN,vector,2022,2,2022-02-01,6
MX-SIN,vector,2022,3,2022-03-01,3
MX-SIN,vector,2022,4,2022-04-01,3
MX-SIN,vector,2022,5,2022-05-01,6
MX-SIN,vector,2022,6,2022-06-01,5
MX-SIN,vector,2022,7,2022-07-01,5
MX-SIN,vector,2022,8,2022-08-01,4
MX-SIN,vector,2022,9,2022-09-01,8
MX-SIN,vector,2022,10,2022-10-01,8
MX-SIN,vector,2022,11,2022-11-01,4
MX-SIN,vector,2022,12,2022-12-01,8
MX-SLP,Aedes_aegypti,2004,1,2004-01-01,0
MX-SLP,Aedes_aegypti,2004,2,2004-02-01,0
MX-SLP,Aedes_aegypti,2004,3,2004-03-01,0
MX-SLP,Aedes_aegypti,2004,4,2004-04-01,0
MX-SLP,Aedes_aegypti,2004,5,2004-05-01,0
MX-SLP,Aedes_aegypti,2004,6,2004-06-01,0
MX-SLP,Aedes_aegypti,2004,7,2004-07-01,0
MX-SLP,Aedes_aegypti,2004,8,2004-08-01,0
MX-SLP,Aedes_aegypti,2004,9,2004-09-01,0
MX-SLP,Aedes_aegypti,2004,10,2004-10-01,0
MX-SLP,Aedes_aegypti,2004,11,2004-11-01,0
MX-SLP,Aedes_aegypti,2004,12,2004-12-01,0
MX-SLP,Aedes_aegypti,2005,1,2005-01-01,0
MX-SLP,Aedes_aegypti,2005,2,2005-02-01,0
MX-SLP,Aedes_aegypti,2005,3,2005-03-01,0
MX-SLP,Aedes_aegypti,2005,4,2005-04-01,0
MX-SLP,Aedes_aegypti,2005,5,2005-05-01,0
MX-SLP,Aedes_aegypti,2005,6,2005-06-01,0
MX-SLP,Aedes_aegypti,2005,7,2005-07-01,0
MX-SLP,Aedes_aegypti,2005,8,2005-08-01,0
MX-SLP,Aedes_aegypti,2005,9,2005-09-01,0
MX-SLP,Aedes_aegypti,2005,10,2005-10-01,0
MX-SLP,Aedes_aegypti,2005,11,2005-11-01,0
MX-SLP,Aedes_aegypti,2005,12,2005-12-01,0
MX-SLP,Aedes_aegypti,2006,1,2006-01-01,0
MX-SLP,Aedes_aegypti,2006,2,2006-02-01,0
MX-SLP,Aedes_aegypti,2006,3,2006-03-01,0
MX-SLP,Aedes_aegypti,2006,4,2006-04-01,0
MX-SLP,Aedes_aegypti,2006,5,2006-05-01,0
MX-SLP,Aedes_aegypti,2006,6,2006-06-01,0
MX-SLP,Aedes_aegypti,2006,7,2006-07-01,0
MX-SLP,Aedes_aegypti,2006,8,2006-08-01,0
MX-SLP,Aedes_aegypti,2006,9,2006-09-01,0
MX-SLP,Aedes_aegypti,2006,10,2006-10-01,0
MX-SLP,Aedes_aegypti,2006,11,2006-11-01,0
MX-SLP,Aedes_aegypti,2006,12,2006-12-01,0
MX-SLP,Aedes_aegypti,2007,1,2007-01-01,0
MX-SLP,Aedes_aegypti,2007,2,2007-02-01,0
MX-SLP,Aedes_aegypti,2007,3,2007-03-01,0
MX-SLP,Aedes_aegypti,2007,4,2007-04-01,0
MX-SLP,Aedes_aegypti,2007,5,2007-05-01,0
MX-SLP,Aedes_aegypti,2007,6,2007-06-01,0
MX-SLP,Aedes_aegypti,2007,7,2007-07-01,0
MX-SLP,Aedes_aegypti,2007,8,2007-08-01,0
MX-SLP,Aedes_aegypti,2007,9,2007-09-01,0
MX-SLP,Aedes_aegypti,2007,10,2007-10-01,0
MX-SLP,Aedes_aegypti,2007,11,2007-11-01,0
MX-SLP,Aedes_aegypti,2007,12,2007-12-01,0
MX-SLP,Aedes_aegypti,2008,1,2008-01-01,0
MX-SLP,Aedes_aegypti,2008,2,2008-02-01,0
MX-SLP,Aedes_aegypti,2008,3,2008-03-01,0
MX-SLP,Aedes_aegypti,2008,4,2008-04-01,0
MX-SLP,Aedes_aegypti,2008,5,2008-05-01,0
MX-SLP,Aedes_aegypti,2008,6,2008-06-01,0
MX-SLP,Aedes_aegypti,2008,7,2008-07-01,0
MX-SLP,Aedes_aegypti,2008,8,2008-08-01,0
MX-SLP,Aedes_aegypti,2008,9,2008-09-01,0
MX-SLP,Aedes_aegypti,2008,10,2008-10-01,0
MX-SLP,Aedes_aegypti,2008,11,2008-11-01,0
MX-SLP,Aedes_aegypti,2008,12,2008-12-01,0
MX-SLP,Aedes_aegypti,2009,1,2009-01-01,0
MX-SLP,Aedes_aegypti,2009,2,2009-02-01,0
MX-SLP,Aedes_aegypti,2009,3,2009-03-01,0
MX-SLP,Aedes_aegypti,2009,4,2009-04-01,0
MX-SLP,Aedes_aegypti,2009,5,2009-05-01,0
MX-SLP,Aedes_aegypti,2009,6,2009-06-01,0
MX-SLP,Aedes_aegypti,2009,7,2009-07-01,0
MX-SLP,Aedes_aegypti,2009,8,2009-08-01,0
MX-SLP,Aedes_aegypti,2009,9,2009-09-01,0
MX-SLP,Aedes_aegypti,2009,10,2009-10-01,0
MX-SLP,Aedes_aegypti,2009,11,2009-11-01,0
MX-SLP,Aedes_aegypti,2009,12,2009-12-01,0
MX-SLP,Aedes_aegypti,2010,1,2010-01-01,0
MX-SLP,Aedes_aegypti,2010,2,2010-02-01,0
MX-SLP,Aedes_aegypti,2010,3,2010-03-01,0
MX-SLP,Aedes_aegypti,2010,4,2010-04-01,0
MX-SLP,Aedes_aegypti,2010,5,2010-05-01,0
MX-SLP,Aedes_aegypti,2010,6,2010-06-01,0
MX-SLP,Aedes_aegypti,2010,7,2010-07-01,0
MX-SLP,Aedes_aegypti,2010,8,2010-08-01,0
MX-SLP,Aedes_aegypti,2010,9,2010-09-01,0
MX-SLP,Aedes_aegypti,2010,10,2010-10-01,0
MX-SLP,Aedes_aegypti,2010,11,2010-11-01,0
MX-SLP,Aedes_aegypti,2010,12,2010-12-01,0
MX-SLP,Aedes_aegypti,2011,1,2011-01-01,0
MX-SLP,Aedes_aegypti,2011,2,2011-02-01,0
MX-SLP,Aedes_aegypti,2011,3,2011-03-01,100
MX-SLP,Aedes_aegypti,2011,4,2011-04-01,0
MX-SLP,Aedes_aegypti,2011,5,2011-05-01,0
MX-SLP,Aedes_aegypti,2011,6,2011-06-01,0
MX-SLP,Aedes_aegypti,2011,7,2011-07-01,0
MX-SLP,Aedes_aegypti,2011,8,2011-08-01,0
MX-SLP,Aedes_aegypti,2011,9,2011-09-01,0
MX-SLP,Aedes_aegypti,2011,10,2011-10-01,0
MX-SLP,Aedes_aegypti,2011,11,2011-11-01,0
MX-SLP,Aedes_aegypti,2011,12,2011-12-01,0
MX-SLP,Aedes_aegypti,2012,1,2012-01-01,0
MX-SLP,Aedes_aegypti,2012,2,2012-02-01,0
MX-SLP,Aedes_aegypti,2012,3,2012-03-01,0
MX-SLP,Aedes_aegypti,2012,4,2012-04-01,0
MX-SLP,Aedes_aegypti,2012,5,2012-05-01,0
MX-SLP,Aedes_aegypti,2012,6,2012-06-01,0
MX-SLP,Aedes_aegypti,2012,7,2012-07-01,0
MX-SLP,Aedes_aegypti,2012,8,2012-08-01,0
MX-SLP,Aedes_aegypti,2012,9,2012-09-01,0
MX-SLP,Aedes_aegypti,2012,10,2012-10-01,0
MX-SLP,Aedes_aegypti,2012,11,2012-11-01,0
MX-SLP,Aedes_aegypti,2012,12,2012-12-01,0
MX-SLP,Aedes_aegypti,2013,1,2013-01-01,0
MX-SLP,Aedes_aegypti,2013,2,2013-02-01,0
MX-SLP,Aedes_aegypti,2013,3,2013-03-01,0
MX-SLP,Aedes_aegypti,2013,4,2013-04-01,0
MX-SLP,Aedes_aegypti,2013,5,2013-05-01,0
MX-SLP,Aedes_aegypti,2013,6,2013-06-01,0
MX-SLP,Aedes_aegypti,2013,7,2013-07-01,0
MX-SLP,Aedes_aegypti,2013,8,2013-08-01,0
MX-SLP,Aedes_aegypti,2013,9,2013-09-01,0
MX-SLP,Aedes_aegypti,2013,10,2013-10-01,0
MX-SLP,Aedes_aegypti,2013,11,2013-11-01,0
MX-SLP,Aedes_aegypti,2013,12,2013-12-01,0
MX-SLP,Aedes_aegypti,2014,1,2014-01-01,0
MX-SLP,Aedes_aegypti,2014,2,2014-02-01,0
MX-SLP,Aedes_aegypti,2014,3,2014-03-01,0
MX-SLP,Aedes_aegypti,2014,4,2014-04-01,0
MX-SLP,Aedes_aegypti,2014,5,2014-05-01,0
MX-SLP,Aedes_aegypti,2014,6,2014-06-01,0
MX-SLP,Aedes_aegypti,2014,7,2014-07-01,0
MX-SLP,Aedes_aegypti,2014,8,2014-08-01,0
MX-SLP,Aedes_aegypti,2014,9,2014-09-01,0
MX-SLP,Aedes_aegypti,2014,10,2014-10-01,0
MX-SLP,Aedes_aegypti,2014,11,2014-11-01,0
MX-SLP,Aedes_aegypti,2014,12,2014-12-01,0
MX-SLP,Aedes_aegypti,2015,1,2015-01-01,0
MX-SLP,Aedes_aegypti,2015,2,2015-02-01,0
MX-SLP,Aedes_aegypti,2015,3,2015-03-01,0
MX-SLP,Aedes_aegypti,2015,4,2015-04-01,0
MX-SLP,Aedes_aegypti,2015,5,2015-05-01,0
MX-SLP,Aedes_aegypti,2015,6,2015-06-01,0
MX-SLP,Aedes_aegypti,2015,7,2015-07-01,0
MX-SLP,Aedes_aegypti,2015,8,2015-08-01,0
MX-SLP,Aedes_aegypti,2015,9,2015-09-01,0
MX-SLP,Aedes_aegypti,2015,10,2015-10-01,0
MX-SLP,Aedes_aegypti,2015,11,2015-11-01,0
MX-SLP,Aedes_aegypti,2015,12,2015-12-01,0
MX-SLP,Aedes_aegypti,2016,1,2016-01-01,0
MX-SLP,Aedes_aegypti,2016,2,2016-02-01,0
MX-SLP,Aedes_aegypti,2016,3,2016-03-01,0
MX-SLP,Aedes_aegypti,2016,4,2016-04-01,0
MX-SLP,Aedes_aegypti,2016,5,2016-05-01,0
MX-SLP,Aedes_aegypti,2016,6,2016-06-01,0
MX-SLP,Aedes_aegypti,2016,7,2016-07-01,0
MX-SLP,Aedes_aegypti,2016,8,2016-08-01,0
MX-SLP,Aedes_aegypti,2016,9,2016-09-01,0
MX-SLP,Aedes_aegypti,2016,10,2016-10-01,0
MX-SLP,Aedes_aegypti,2016,11,2016-11-01,0
MX-SLP,Aedes_aegypti,2016,12,2016-12-01,0
MX-SLP,Aedes_aegypti,2017,1,2017-01-01,0
MX-SLP,Aedes_aegypti,2017,2,2017-02-01,0
MX-SLP,Aedes_aegypti,2017,3,2017-03-01,0
MX-SLP,Aedes_aegypti,2017,4,2017-04-01,0
MX-SLP,Aedes_aegypti,2017,5,2017-05-01,0
MX-SLP,Aedes_aegypti,2017,6,2017-06-01,0
MX-SLP,Aedes_aegypti,2017,7,2017-07-01,0
MX-SLP,Aedes_aegypti,2017,8,2017-08-01,0
MX-SLP,Aedes_aegypti,2017,9,2017-09-01,0
MX-SLP,Aedes_aegypti,2017,10,2017-10-01,0
MX-SLP,Aedes_aegypti,2017,11,2017-11-01,0
MX-SLP,Aedes_aegypti,2017,12,2017-12-01,0
MX-SLP,Aedes_aegypti,2018,1,2018-01-01,0
MX-SLP,Aedes_aegypti,2018,2,2018-02-01,0
MX-SLP,Aedes_aegypti,2018,3,2018-03-01,0
MX-SLP,Aedes_aegypti,2018,4,2018-04-01,0
MX-SLP,Aedes_aegypti,2018,5,2018-05-01,0
MX-SLP,Aedes_aegypti,2018,6,2018-06-01,0
MX-SLP,Aedes_aegypti,2018,7,2018-07-01,0
MX-SLP,Aedes_aegypti,2018,8,2018-08-01,0
MX-SLP,Aedes_aegypti,2018,9,2018-09-01,0
MX-SLP,Aedes_aegypti,2018,10,2018-10-01,0
MX-SLP,Aedes_aegypti,2018,11,2018-11-01,0
MX-SLP,Aedes_aegypti,2018,12,2018-12-01,0
MX-SLP,Aedes_aegypti,2019,1,2019-01-01,0
MX-SLP,Aedes_aegypti,2019,2,2019-02-01,0
MX-SLP,Aedes_aegypti,2019,3,2019-03-01,0
MX-SLP,Aedes_aegypti,2019,4,2019-04-01,0
MX-SLP,Aedes_aegypti,2019,5,2019-05-01,0
MX-SLP,Aedes_aegypti,2019,6,2019-06-01,0
MX-SLP,Aedes_aegypti,2019,7,2019-07-01,0
MX-SLP,Aedes_aegypti,2019,8,2019-08-01,0
MX-SLP,Aedes_aegypti,2019,9,2019-09-01,0
MX-SLP,Aedes_aegypti,2019,10,2019-10-01,0
MX-SLP,Aedes_aegypti,2019,11,2019-11-01,0
MX-SLP,Aedes_aegypti,2019,12,2019-12-01,0
MX-SLP,Aedes_aegypti,2020,1,2020-01-01,0
MX-SLP,Aedes_aegypti,2020,2,2020-02-01,0
MX-SLP,Aedes_aegypti,2020,3,2020-03-01,0
MX-SLP,Aedes_aegypti,2020,4,2020-04-01,0
MX-SLP,Aedes_aegypti,2020,5,2020-05-01,0
MX-SLP,Aedes_aegypti,2020,6,2020-06-01,0
MX-SLP,Aedes_aegypti,2020,7,2020-07-01,0
MX-SLP,Aedes_aegypti,2020,8,2020-08-01,0
MX-SLP,Aedes_aegypti,2020,9,2020-09-01,0
MX-SLP,Aedes_aegypti,2020,10,2020-10-01,0
MX-SLP,Aedes_aegypti,2020,11,2020-11-01,0
MX-SLP,Aedes_aegypti,2020,12,2020-12-01,0
MX-SLP,Aedes_aegypti,2021,1,2021-01-01,0
MX-SLP,Aedes_aegypti,2021,2,2021-02-01,0
MX-SLP,Aedes_aegypti,2021,3,2021-03-01,0
MX-SLP,Aedes_aegypti,2021,4,2021-04-01,0
MX-SLP,Aedes_aegypti,2021,5,2021-05-01,0
MX-SLP,Aedes_aegypti,2021,6,2021-06-01,0
MX-SLP,Aedes_aegypti,2021,7,2021-07-01,0
MX-SLP,Aedes_aegypti,2021,8,2021-08-01,0
MX-SLP,Aedes_aegypti,2021,9,2021-09-01,0
MX-SLP,Aedes_aegypti,2021,10,2021-10-01,0
MX-SLP,Aedes_aegypti,2021,11,2021-11-01,0
MX-SLP,Aedes_aegypti,2021,12,2021-12-01,0
MX-SLP,Aedes_aegypti,2022,1,2022-01-01,0
MX-SLP,Aedes_aegypti,2022,2,2022-02-01,0
MX-SLP,Aedes_aegypti,2022,3,2022-03-01,0
MX-SLP,Aedes_aegypti,2022,4,2022-04-01,0
MX-SLP,Aedes_aegypti,2022,5,2022-05-01,0
MX-SLP,Aedes_aegypti,2022,6,2022-06-01,0
MX-SLP,Aedes_aegypti,2022,7,2022-07-01,0
MX-SLP,Aedes_aegypti,2022,8,2022-08-01,0
MX-SLP,Aedes_aegypti,2022,9,2022-09-01,0
MX-SLP,Aedes_aegypti,2022,10,2022-10-01,0
MX-SLP,Aedes_aegypti,2022,11,2022-11-01,0
MX-SLP,Aedes_aegypti,2022,12,2022-12-01,0
MX-SLP,mosquito,2004,1,2004-01-01,0
MX-SLP,mosquito,2004,2,2004-02-01,0
MX-SLP,mosquito,2004,3,2004-03-01,0
MX-SLP,mosquito,2004,4,2004-04-01,0
MX-SLP,mosquito,2004,5,2004-05-01,0
MX-SLP,mosquito,2004,6,2004-06-01,0
MX-SLP,mosquito,2004,7,2004-07-01,0
MX-SLP,mosquito,2004,8,2004-08-01,0
MX-SLP,mosquito,2004,9,2004-09-01,0
MX-SLP,mosquito,2004,10,2004-10-01,0
MX-SLP,mosquito,2004,11,2004-11-01,0
MX-SLP,mosquito,2004,12,2004-12-01,0
MX-SLP,mosquito,2005,1,2005-01-01,0
MX-SLP,mosquito,2005,2,2005-02-01,0
MX-SLP,mosquito,2005,3,2005-03-01,0
MX-SLP,mosquito,2005,4,2005-04-01,0
MX-SLP,mosquito,2005,5,2005-05-01,0
MX-SLP,mosquito,2005,6,2005-06-01,0
MX-SLP,mosquito,2005,7,2005-07-01,0
MX-SLP,mosquito,2005,8,2005-08-01,0
MX-SLP,mosquito,2005,9,2005-09-01,0
MX-SLP,mosquito,2005,10,2005-10-01,0
MX-SLP,mosquito,2005,11,2005-11-01,0
MX-SLP,mosquito,2005,12,2005-12-01,0
MX-SLP,mosquito,2006,1,2006-01-01,0
MX-SLP,mosquito,2006,2,2006-02-01,0
MX-SLP,mosquito,2006,3,2006-03-01,0
MX-SLP,mosquito,2006,4,2006-04-01,0
MX-SLP,mosquito,2006,5,2006-05-01,0
MX-SLP,mosquito,2006,6,2006-06-01,0
MX-SLP,mosquito,2006,7,2006-07-01,0
MX-SLP,mosquito,2006,8,2006-08-01,0
MX-SLP,mosquito,2006,9,2006-09-01,0
MX-SLP,mosquito,2006,10,2006-10-01,0
MX-SLP,mosquito,2006,11,2006-11-01,0
MX-SLP,mosquito,2006,12,2006-12-01,0
MX-SLP,mosquito,2007,1,2007-01-01,0
MX-SLP,mosquito,2007,2,2007-02-01,0
MX-SLP,mosquito,2007,3,2007-03-01,0
MX-SLP,mosquito,2007,4,2007-04-01,0
MX-SLP,mosquito,2007,5,2007-05-01,0
MX-SLP,mosquito,2007,6,2007-06-01,0
MX-SLP,mosquito,2007,7,2007-07-01,0
MX-SLP,mosquito,2007,8,2007-08-01,0
MX-SLP,mosquito,2007,9,2007-09-01,0
MX-SLP,mosquito,2007,10,2007-10-01,0
MX-SLP,mosquito,2007,11,2007-11-01,0
MX-SLP,mosquito,2007,12,2007-12-01,0
MX-SLP,mosquito,2008,1,2008-01-01,0
MX-SLP,mosquito,2008,2,2008-02-01,0
MX-SLP,mosquito,2008,3,2008-03-01,0
MX-SLP,mosquito,2008,4,2008-04-01,0
MX-SLP,mosquito,2008,5,2008-05-01,0
MX-SLP,mosquito,2008,6,2008-06-01,0
MX-SLP,mosquito,2008,7,2008-07-01,0
MX-SLP,mosquito,2008,8,2008-08-01,0
MX-SLP,mosquito,2008,9,2008-09-01,0
MX-SLP,mosquito,2008,10,2008-10-01,0
MX-SLP,mosquito,2008,11,2008-11-01,0
MX-SLP,mosquito,2008,12,2008-12-01,0
MX-SLP,mosquito,2009,1,2009-01-01,0
MX-SLP,mosquito,2009,2,2009-02-01,0
MX-SLP,mosquito,2009,3,2009-03-01,0
MX-SLP,mosquito,2009,4,2009-04-01,0
MX-SLP,mosquito,2009,5,2009-05-01,0
MX-SLP,mosquito,2009,6,2009-06-01,0
MX-SLP,mosquito,2009,7,2009-07-01,0
MX-SLP,mosquito,2009,8,2009-08-01,0
MX-SLP,mosquito,2009,9,2009-09-01,0
MX-SLP,mosquito,2009,10,2009-10-01,0
MX-SLP,mosquito,2009,11,2009-11-01,0
MX-SLP,mosquito,2009,12,2009-12-01,0
MX-SLP,mosquito,2010,1,2010-01-01,0
MX-SLP,mosquito,2010,2,2010-02-01,0
MX-SLP,mosquito,2010,3,2010-03-01,0
MX-SLP,mosquito,2010,4,2010-04-01,0
MX-SLP,mosquito,2010,5,2010-05-01,0
MX-SLP,mosquito,2010,6,2010-06-01,0
MX-SLP,mosquito,2010,7,2010-07-01,0
MX-SLP,mosquito,2010,8,2010-08-01,0
MX-SLP,mosquito,2010,9,2010-09-01,0
MX-SLP,mosquito,2010,10,2010-10-01,0
MX-SLP,mosquito,2010,11,2010-11-01,0
MX-SLP,mosquito,2010,12,2010-12-01,0
MX-SLP,mosquito,2011,1,2011-01-01,0
MX-SLP,mosquito,2011,2,2011-02-01,0
MX-SLP,mosquito,2011,3,2011-03-01,0
MX-SLP,mosquito,2011,4,2011-04-01,28
MX-SLP,mosquito,2011,5,2011-05-01,20
MX-SLP,mosquito,2011,6,2011-06-01,0
MX-SLP,mosquito,2011,7,2011-07-01,0
MX-SLP,mosquito,2011,8,2011-08-01,23
MX-SLP,mosquito,2011,9,2011-09-01,19
MX-SLP,mosquito,2011,10,2011-10-01,0
MX-SLP,mosquito,2011,11,2011-11-01,0
MX-SLP,mosquito,2011,12,2011-12-01,0
MX-SLP,mosquito,2012,1,2012-01-01,0
MX-SLP,mosquito,2012,2,2012-02-01,0
MX-SLP,mosquito,2012,3,2012-03-01,0
MX-SLP,mosquito,2012,4,2012-04-01,0
MX-SLP,mosquito,2012,5,2012-05-01,25
MX-SLP,mosquito,2012,6,2012-06-01,20
MX-SLP,mosquito,2012,7,2012-07-01,30
MX-SLP,mosquito,2012,8,2012-08-01,27
MX-SLP,mosquito,2012,9,2012-09-01,26
MX-SLP,mosquito,2012,10,2012-10-01,21
MX-SLP,mosquito,2012,11,2012-11-01,0
MX-SLP,mosquito,2012,12,2012-12-01,0
MX-SLP,mosquito,2013,1,2013-01-01,16
MX-SLP,mosquito,2013,2,2013-02-01,0
MX-SLP,mosquito,2013,3,2013-03-01,17
MX-SLP,mosquito,2013,4,2013-04-01,14
MX-SLP,mosquito,2013,5,2013-05-01,28
MX-SLP,mosquito,2013,6,2013-06-01,31
MX-SLP,mosquito,2013,7,2013-07-01,29
MX-SLP,mosquito,2013,8,2013-08-01,25
MX-SLP,mosquito,2013,9,2013-09-01,28
MX-SLP,mosquito,2013,10,2013-10-01,34
MX-SLP,mosquito,2013,11,2013-11-01,0
MX-SLP,mosquito,2013,12,2013-12-01,0
MX-SLP,mosquito,2014,1,2014-01-01,0
MX-SLP,mosquito,2014,2,2014-02-01,13
MX-SLP,mosquito,2014,3,2014-03-01,18
MX-SLP,mosquito,2014,4,2014-04-01,14
MX-SLP,mosquito,2014,5,2014-05-01,26
MX-SLP,mosquito,2014,6,2014-06-01,38
MX-SLP,mosquito,2014,7,2014-07-01,75
MX-SLP,mosquito,2014,8,2014-08-01,57
MX-SLP,mosquito,2014,9,2014-09-01,39
MX-SLP,mosquito,2014,10,2014-10-01,23
MX-SLP,mosquito,2014,11,2014-11-01,0
MX-SLP,mosquito,2014,12,2014-12-01,0
MX-SLP,mosquito,2015,1,2015-01-01,15
MX-SLP,mosquito,2015,2,2015-02-01,14
MX-SLP,mosquito,2015,3,2015-03-01,18
MX-SLP,mosquito,2015,4,2015-04-01,32
MX-SLP,mosquito,2015,5,2015-05-01,23
MX-SLP,mosquito,2015,6,2015-06-01,46
MX-SLP,mosquito,2015,7,2015-07-01,58
MX-SLP,mosquito,2015,8,2015-08-01,48
MX-SLP,mosquito,2015,9,2015-09-01,48
MX-SLP,mosquito,2015,10,2015-10-01,19
MX-SLP,mosquito,2015,11,2015-11-01,29
MX-SLP,mosquito,2015,12,2015-12-01,18
MX-SLP,mosquito,2016,1,2016-01-01,11
MX-SLP,mosquito,2016,2,2016-02-01,25
MX-SLP,mosquito,2016,3,2016-03-01,25
MX-SLP,mosquito,2016,4,2016-04-01,20
MX-SLP,mosquito,2016,5,2016-05-01,36
MX-SLP,mosquito,2016,6,2016-06-01,49
MX-SLP,mosquito,2016,7,2016-07-01,40
MX-SLP,mosquito,2016,8,2016-08-01,45
MX-SLP,mosquito,2016,9,2016-09-01,47
MX-SLP,mosquito,2016,10,2016-10-01,29
MX-SLP,mosquito,2016,11,2016-11-01,0
MX-SLP,mosquito,2016,12,2016-12-01,0
MX-SLP,mosquito,2017,1,2017-01-01,0
MX-SLP,mosquito,2017,2,2017-02-01,0
MX-SLP,mosquito,2017,3,2017-03-01,0
MX-SLP,mosquito,2017,4,2017-04-01,0
MX-SLP,mosquito,2017,5,2017-05-01,0
MX-SLP,mosquito,2017,6,2017-06-01,12
MX-SLP,mosquito,2017,7,2017-07-01,12
MX-SLP,mosquito,2017,8,2017-08-01,16
MX-SLP,mosquito,2017,9,2017-09-01,0
MX-SLP,mosquito,2017,10,2017-10-01,9
MX-SLP,mosquito,2017,11,2017-11-01,10
MX-SLP,mosquito,2017,12,2017-12-01,0
MX-SLP,mosquito,2018,1,2018-01-01,0
MX-SLP,mosquito,2018,2,2018-02-01,0
MX-SLP,mosquito,2018,3,2018-03-01,0
MX-SLP,mosquito,2018,4,2018-04-01,0
MX-SLP,mosquito,2018,5,2018-05-01,13
MX-SLP,mosquito,2018,6,2018-06-01,21
MX-SLP,mosquito,2018,7,2018-07-01,43
MX-SLP,mosquito,2018,8,2018-08-01,23
MX-SLP,mosquito,2018,9,2018-09-01,0
MX-SLP,mosquito,2018,10,2018-10-01,0
MX-SLP,mosquito,2018,11,2018-11-01,0
MX-SLP,mosquito,2018,12,2018-12-01,0
MX-SLP,mosquito,2019,1,2019-01-01,0
MX-SLP,mosquito,2019,2,2019-02-01,0
MX-SLP,mosquito,2019,3,2019-03-01,0
MX-SLP,mosquito,2019,4,2019-04-01,0
MX-SLP,mosquito,2019,5,2019-05-01,0
MX-SLP,mosquito,2019,6,2019-06-01,0
MX-SLP,mosquito,2019,7,2019-07-01,0
MX-SLP,mosquito,2019,8,2019-08-01,0
MX-SLP,mosquito,2019,9,2019-09-01,0
MX-SLP,mosquito,2019,10,2019-10-01,0
MX-SLP,mosquito,2019,11,2019-11-01,0
MX-SLP,mosquito,2019,12,2019-12-01,0
MX-SLP,mosquito,2020,1,2020-01-01,0
MX-SLP,mosquito,2020,2,2020-02-01,0
MX-SLP,mosquito,2020,3,2020-03-01,0
MX-SLP,mosquito,2020,4,2020-04-01,11
MX-SLP,mosquito,2020,5,2020-05-01,21
MX-SLP,mosquito,2020,6,2020-06-01,17
MX-SLP,mosquito,2020,7,2020-07-01,20
MX-SLP,mosquito,2020,8,2020-08-01,19
MX-SLP,mosquito,2020,9,2020-09-01,33
MX-SLP,mosquito,2020,10,2020-10-01,34
MX-SLP,mosquito,2020,11,2020-11-01,14
MX-SLP,mosquito,2020,12,2020-12-01,0
MX-SLP,mosquito,2021,1,2021-01-01,0
MX-SLP,mosquito,2021,2,2021-02-01,0
MX-SLP,mosquito,2021,3,2021-03-01,21
MX-SLP,mosquito,2021,4,2021-04-01,37
MX-SLP,mosquito,2021,5,2021-05-01,52
MX-SLP,mosquito,2021,6,2021-06-01,51
MX-SLP,mosquito,2021,7,2021-07-01,100
MX-SLP,mosquito,2021,8,2021-08-01,58
MX-SLP,mosquito,2021,9,2021-09-01,40
MX-SLP,mosquito,2021,10,2021-10-01,33
MX-SLP,mosquito,2021,11,2021-11-01,21
MX-SLP,mosquito,2021,12,2021-12-01,14
MX-SLP,mosquito,2022,1,2022-01-01,14
MX-SLP,mosquito,2022,2,2022-02-01,19
MX-SLP,mosquito,2022,3,2022-03-01,16
MX-SLP,mosquito,2022,4,2022-04-01,20
MX-SLP,mosquito,2022,5,2022-05-01,43
MX-SLP,mosquito,2022,6,2022-06-01,36
MX-SLP,mosquito,2022,7,2022-07-01,72
MX-SLP,mosquito,2022,8,2022-08-01,56
MX-SLP,mosquito,2022,9,2022-09-01,54
MX-SLP,mosquito,2022,10,2022-10-01,45
MX-SLP,mosquito,2022,11,2022-11-01,25
MX-SLP,mosquito,2022,12,2022-12-01,18
MX-SLP,vector,2004,1,2004-01-01,0
MX-SLP,vector,2004,2,2004-02-01,0
MX-SLP,vector,2004,3,2004-03-01,0
MX-SLP,vector,2004,4,2004-04-01,0
MX-SLP,vector,2004,5,2004-05-01,0
MX-SLP,vector,2004,6,2004-06-01,0
MX-SLP,vector,2004,7,2004-07-01,0
MX-SLP,vector,2004,8,2004-08-01,0
MX-SLP,vector,2004,9,2004-09-01,0
MX-SLP,vector,2004,10,2004-10-01,0
MX-SLP,vector,2004,11,2004-11-01,0
MX-SLP,vector,2004,12,2004-12-01,0
MX-SLP,vector,2005,1,2005-01-01,0
MX-SLP,vector,2005,2,2005-02-01,0
MX-SLP,vector,2005,3,2005-03-01,0
MX-SLP,vector,2005,4,2005-04-01,0
MX-SLP,vector,2005,5,2005-05-01,0
MX-SLP,vector,2005,6,2005-06-01,0
MX-SLP,vector,2005,7,2005-07-01,0
MX-SLP,vector,2005,8,2005-08-01,0
MX-SLP,vector,2005,9,2005-09-01,0
MX-SLP,vector,2005,10,2005-10-01,0
MX-SLP,vector,2005,11,2005-11-01,0
MX-SLP,vector,2005,12,2005-12-01,0
MX-SLP,vector,2006,1,2006-01-01,0
MX-SLP,vector,2006,2,2006-02-01,0
MX-SLP,vector,2006,3,2006-03-01,0
MX-SLP,vector,2006,4,2006-04-01,0
MX-SLP,vector,2006,5,2006-05-01,0
MX-SLP,vector,2006,6,2006-06-01,0
MX-SLP,vector,2006,7,2006-07-01,0
MX-SLP,vector,2006,8,2006-08-01,0
MX-SLP,vector,2006,9,2006-09-01,0
MX-SLP,vector,2006,10,2006-10-01,0
MX-SLP,vector,2006,11,2006-11-01,0
MX-SLP,vector,2006,12,2006-12-01,0
MX-SLP,vector,2007,1,2007-01-01,0
MX-SLP,vector,2007,2,2007-02-01,0
MX-SLP,vector,2007,3,2007-03-01,0
MX-SLP,vector,2007,4,2007-04-01,0
MX-SLP,vector,2007,5,2007-05-01,0
MX-SLP,vector,2007,6,2007-06-01,0
MX-SLP,vector,2007,7,2007-07-01,0
MX-SLP,vector,2007,8,2007-08-01,0
MX-SLP,vector,2007,9,2007-09-01,0
MX-SLP,vector,2007,10,2007-10-01,0
MX-SLP,vector,2007,11,2007-11-01,0
MX-SLP,vector,2007,12,2007-12-01,0
MX-SLP,vector,2008,1,2008-01-01,0
MX-SLP,vector,2008,2,2008-02-01,0
MX-SLP,vector,2008,3,2008-03-01,0
MX-SLP,vector,2008,4,2008-04-01,0
MX-SLP,vector,2008,5,2008-05-01,0
MX-SLP,vector,2008,6,2008-06-01,0
MX-SLP,vector,2008,7,2008-07-01,0
MX-SLP,vector,2008,8,2008-08-01,0
MX-SLP,vector,2008,9,2008-09-01,0
MX-SLP,vector,2008,10,2008-10-01,0
MX-SLP,vector,2008,11,2008-11-01,0
MX-SLP,vector,2008,12,2008-12-01,0
MX-SLP,vector,2009,1,2009-01-01,0
MX-SLP,vector,2009,2,2009-02-01,0
MX-SLP,vector,2009,3,2009-03-01,0
MX-SLP,vector,2009,4,2009-04-01,0
MX-SLP,vector,2009,5,2009-05-01,0
MX-SLP,vector,2009,6,2009-06-01,0
MX-SLP,vector,2009,7,2009-07-01,0
MX-SLP,vector,2009,8,2009-08-01,0
MX-SLP,vector,2009,9,2009-09-01,0
MX-SLP,vector,2009,10,2009-10-01,0
MX-SLP,vector,2009,11,2009-11-01,0
MX-SLP,vector,2009,12,2009-12-01,0
MX-SLP,vector,2010,1,2010-01-01,0
MX-SLP,vector,2010,2,2010-02-01,0
MX-SLP,vector,2010,3,2010-03-01,0
MX-SLP,vector,2010,4,2010-04-01,0
MX-SLP,vector,2010,5,2010-05-01,0
MX-SLP,vector,2010,6,2010-06-01,0
MX-SLP,vector,2010,7,2010-07-01,0
MX-SLP,vector,2010,8,2010-08-01,0
MX-SLP,vector,2010,9,2010-09-01,0
MX-SLP,vector,2010,10,2010-10-01,0
MX-SLP,vector,2010,11,2010-11-01,0
MX-SLP,vector,2010,12,2010-12-01,0
MX-SLP,vector,2011,1,2011-01-01,0
MX-SLP,vector,2011,2,2011-02-01,57
MX-SLP,vector,2011,3,2011-03-01,0
MX-SLP,vector,2011,4,2011-04-01,0
MX-SLP,vector,2011,5,2011-05-01,0
MX-SLP,vector,2011,6,2011-06-01,0
MX-SLP,vector,2011,7,2011-07-01,0
MX-SLP,vector,2011,8,2011-08-01,70
MX-SLP,vector,2011,9,2011-09-01,68
MX-SLP,vector,2011,10,2011-10-01,60
MX-SLP,vector,2011,11,2011-11-01,60
MX-SLP,vector,2011,12,2011-12-01,0
MX-SLP,vector,2012,1,2012-01-01,0
MX-SLP,vector,2012,2,2012-02-01,57
MX-SLP,vector,2012,3,2012-03-01,56
MX-SLP,vector,2012,4,2012-04-01,0
MX-SLP,vector,2012,5,2012-05-01,51
MX-SLP,vector,2012,6,2012-06-01,0
MX-SLP,vector,2012,7,2012-07-01,0
MX-SLP,vector,2012,8,2012-08-01,100
MX-SLP,vector,2012,9,2012-09-01,86
MX-SLP,vector,2012,10,2012-10-01,56
MX-SLP,vector,2012,11,2012-11-01,44
MX-SLP,vector,2012,12,2012-12-01,43
MX-SLP,vector,2013,1,2013-01-01,49
MX-SLP,vector,2013,2,2013-02-01,0
MX-SLP,vector,2013,3,2013-03-01,0
MX-SLP,vector,2013,4,2013-04-01,58
MX-SLP,vector,2013,5,2013-05-01,52
MX-SLP,vector,2013,6,2013-06-01,37
MX-SLP,vector,2013,7,2013-07-01,55
MX-SLP,vector,2013,8,2013-08-01,79
MX-SLP,vector,2013,9,2013-09-01,81
MX-SLP,vector,2013,10,2013-10-01,80
MX-SLP,vector,2013,11,2013-11-01,0
MX-SLP,vector,2013,12,2013-12-01,36
MX-SLP,vector,2014,1,2014-01-01,0
MX-SLP,vector,2014,2,2014-02-01,55
MX-SLP,vector,2014,3,2014-03-01,34
MX-SLP,vector,2014,4,2014-04-01,42
MX-SLP,vector,2014,5,2014-05-01,46
MX-SLP,vector,2014,6,2014-06-01,0
MX-SLP,vector,2014,7,2014-07-01,42
MX-SLP,vector,2014,8,2014-08-01,85
MX-SLP,vector,2014,9,2014-09-01,62
MX-SLP,vector,2014,10,2014-10-01,82
MX-SLP,vector,2014,11,2014-11-01,44
MX-SLP,vector,2014,12,2014-12-01,0
MX-SLP,vector,2015,1,2015-01-01,31
MX-SLP,vector,2015,2,2015-02-01,51
MX-SLP,vector,2015,3,2015-03-01,33
MX-SLP,vector,2015,4,2015-04-01,39
MX-SLP,vector,2015,5,2015-05-01,47
MX-SLP,vector,2015,6,2015-06-01,0
MX-SLP,vector,2015,7,2015-07-01,33
MX-SLP,vector,2015,8,2015-08-01,52
MX-SLP,vector,2015,9,2015-09-01,73
MX-SLP,vector,2015,10,2015-10-01,63
MX-SLP,vector,2015,11,2015-11-01,30
MX-SLP,vector,2015,12,2015-12-01,0
MX-SLP,vector,2016,1,2016-01-01,37
MX-SLP,vector,2016,2,2016-02-01,35
MX-SLP,vector,2016,3,2016-03-01,0
MX-SLP,vector,2016,4,2016-04-01,48
MX-SLP,vector,2016,5,2016-05-01,26
MX-SLP,vector,2016,6,2016-06-01,27
MX-SLP,vector,2016,7,2016-07-01,46
MX-SLP,vector,2016,8,2016-08-01,50
MX-SLP,vector,2016,9,2016-09-01,80
MX-SLP,vector,2016,10,2016-10-01,62
MX-SLP,vector,2016,11,2016-11-01,0
MX-SLP,vector,2016,12,2016-12-01,0
MX-SLP,vector,2017,1,2017-01-01,0
MX-SLP,vector,2017,2,2017-02-01,0
MX-SLP,vector,2017,3,2017-03-01,0
MX-SLP,vector,2017,4,2017-04-01,0
MX-SLP,vector,2017,5,2017-05-01,0
MX-SLP,vector,2017,6,2017-06-01,0
MX-SLP,vector,2017,7,2017-07-01,0
MX-SLP,vector,2017,8,2017-08-01,0
MX-SLP,vector,2017,9,2017-09-01,0
MX-SLP,vector,2017,10,2017-10-01,0
MX-SLP,vector,2017,11,2017-11-01,0
MX-SLP,vector,2017,12,2017-12-01,0
MX-SLP,vector,2018,1,2018-01-01,0
MX-SLP,vector,2018,2,2018-02-01,0
MX-SLP,vector,2018,3,2018-03-01,0
MX-SLP,vector,2018,4,2018-04-01,0
MX-SLP,vector,2018,5,2018-05-01,0
MX-SLP,vector,2018,6,2018-06-01,0
MX-SLP,vector,2018,7,2018-07-01,0
MX-SLP,vector,2018,8,2018-08-01,0
MX-SLP,vector,2018,9,2018-09-01,0
MX-SLP,vector,2018,10,2018-10-01,0
MX-SLP,vector,2018,11,2018-11-01,0
MX-SLP,vector,2018,12,2018-12-01,0
MX-SLP,vector,2019,1,2019-01-01,0
MX-SLP,vector,2019,2,2019-02-01,0
MX-SLP,vector,2019,3,2019-03-01,0
MX-SLP,vector,2019,4,2019-04-01,0
MX-SLP,vector,2019,5,2019-05-01,0
MX-SLP,vector,2019,6,2019-06-01,0
MX-SLP,vector,2019,7,2019-07-01,0
MX-SLP,vector,2019,8,2019-08-01,0
MX-SLP,vector,2019,9,2019-09-01,0
MX-SLP,vector,2019,10,2019-10-01,0
MX-SLP,vector,2019,11,2019-11-01,0
MX-SLP,vector,2019,12,2019-12-01,0
MX-SLP,vector,2020,1,2020-01-01,0
MX-SLP,vector,2020,2,2020-02-01,0
MX-SLP,vector,2020,3,2020-03-01,0
MX-SLP,vector,2020,4,2020-04-01,24
MX-SLP,vector,2020,5,2020-05-01,0
MX-SLP,vector,2020,6,2020-06-01,0
MX-SLP,vector,2020,7,2020-07-01,0
MX-SLP,vector,2020,8,2020-08-01,0
MX-SLP,vector,2020,9,2020-09-01,16
MX-SLP,vector,2020,10,2020-10-01,0
MX-SLP,vector,2020,11,2020-11-01,0
MX-SLP,vector,2020,12,2020-12-01,0
MX-SLP,vector,2021,1,2021-01-01,0
MX-SLP,vector,2021,2,2021-02-01,25
MX-SLP,vector,2021,3,2021-03-01,39
MX-SLP,vector,2021,4,2021-04-01,23
MX-SLP,vector,2021,5,2021-05-01,31
MX-SLP,vector,2021,6,2021-06-01,18
MX-SLP,vector,2021,7,2021-07-01,0
MX-SLP,vector,2021,8,2021-08-01,0
MX-SLP,vector,2021,9,2021-09-01,39
MX-SLP,vector,2021,10,2021-10-01,31
MX-SLP,vector,2021,11,2021-11-01,30
MX-SLP,vector,2021,12,2021-12-01,22
MX-SLP,vector,2022,1,2022-01-01,0
MX-SLP,vector,2022,2,2022-02-01,37
MX-SLP,vector,2022,3,2022-03-01,28
MX-SLP,vector,2022,4,2022-04-01,35
MX-SLP,vector,2022,5,2022-05-01,42
MX-SLP,vector,2022,6,2022-06-01,31
MX-SLP,vector,2022,7,2022-07-01,18
MX-SLP,vector,2022,8,2022-08-01,40
MX-SLP,vector,2022,9,2022-09-01,62
MX-SLP,vector,2022,10,2022-10-01,76
MX-SLP,vector,2022,11,2022-11-01,40
MX-SLP,vector,2022,12,2022-12-01,33
MX-SON,Aedes_aegypti,2004,1,2004-01-01,0
MX-SON,Aedes_aegypti,2004,2,2004-02-01,0
MX-SON,Aedes_aegypti,2004,3,2004-03-01,0
MX-SON,Aedes_aegypti,2004,4,2004-04-01,0
MX-SON,Aedes_aegypti,2004,5,2004-05-01,0
MX-SON,Aedes_aegypti,2004,6,2004-06-01,0
MX-SON,Aedes_aegypti,2004,7,2004-07-01,0
MX-SON,Aedes_aegypti,2004,8,2004-08-01,0
MX-SON,Aedes_aegypti,2004,9,2004-09-01,0
MX-SON,Aedes_aegypti,2004,10,2004-10-01,0
MX-SON,Aedes_aegypti,2004,11,2004-11-01,0
MX-SON,Aedes_aegypti,2004,12,2004-12-01,0
MX-SON,Aedes_aegypti,2005,1,2005-01-01,0
MX-SON,Aedes_aegypti,2005,2,2005-02-01,0
MX-SON,Aedes_aegypti,2005,3,2005-03-01,0
MX-SON,Aedes_aegypti,2005,4,2005-04-01,0
MX-SON,Aedes_aegypti,2005,5,2005-05-01,0
MX-SON,Aedes_aegypti,2005,6,2005-06-01,0
MX-SON,Aedes_aegypti,2005,7,2005-07-01,0
MX-SON,Aedes_aegypti,2005,8,2005-08-01,0
MX-SON,Aedes_aegypti,2005,9,2005-09-01,0
MX-SON,Aedes_aegypti,2005,10,2005-10-01,0
MX-SON,Aedes_aegypti,2005,11,2005-11-01,0
MX-SON,Aedes_aegypti,2005,12,2005-12-01,0
MX-SON,Aedes_aegypti,2006,1,2006-01-01,0
MX-SON,Aedes_aegypti,2006,2,2006-02-01,0
MX-SON,Aedes_aegypti,2006,3,2006-03-01,0
MX-SON,Aedes_aegypti,2006,4,2006-04-01,0
MX-SON,Aedes_aegypti,2006,5,2006-05-01,0
MX-SON,Aedes_aegypti,2006,6,2006-06-01,0
MX-SON,Aedes_aegypti,2006,7,2006-07-01,0
MX-SON,Aedes_aegypti,2006,8,2006-08-01,0
MX-SON,Aedes_aegypti,2006,9,2006-09-01,0
MX-SON,Aedes_aegypti,2006,10,2006-10-01,0
MX-SON,Aedes_aegypti,2006,11,2006-11-01,0
MX-SON,Aedes_aegypti,2006,12,2006-12-01,0
MX-SON,Aedes_aegypti,2007,1,2007-01-01,0
MX-SON,Aedes_aegypti,2007,2,2007-02-01,0
MX-SON,Aedes_aegypti,2007,3,2007-03-01,0
MX-SON,Aedes_aegypti,2007,4,2007-04-01,0
MX-SON,Aedes_aegypti,2007,5,2007-05-01,0
MX-SON,Aedes_aegypti,2007,6,2007-06-01,0
MX-SON,Aedes_aegypti,2007,7,2007-07-01,0
MX-SON,Aedes_aegypti,2007,8,2007-08-01,0
MX-SON,Aedes_aegypti,2007,9,2007-09-01,0
MX-SON,Aedes_aegypti,2007,10,2007-10-01,0
MX-SON,Aedes_aegypti,2007,11,2007-11-01,0
MX-SON,Aedes_aegypti,2007,12,2007-12-01,0
MX-SON,Aedes_aegypti,2008,1,2008-01-01,0
MX-SON,Aedes_aegypti,2008,2,2008-02-01,0
MX-SON,Aedes_aegypti,2008,3,2008-03-01,0
MX-SON,Aedes_aegypti,2008,4,2008-04-01,0
MX-SON,Aedes_aegypti,2008,5,2008-05-01,0
MX-SON,Aedes_aegypti,2008,6,2008-06-01,0
MX-SON,Aedes_aegypti,2008,7,2008-07-01,0
MX-SON,Aedes_aegypti,2008,8,2008-08-01,0
MX-SON,Aedes_aegypti,2008,9,2008-09-01,0
MX-SON,Aedes_aegypti,2008,10,2008-10-01,0
MX-SON,Aedes_aegypti,2008,11,2008-11-01,0
MX-SON,Aedes_aegypti,2008,12,2008-12-01,0
MX-SON,Aedes_aegypti,2009,1,2009-01-01,0
MX-SON,Aedes_aegypti,2009,2,2009-02-01,0
MX-SON,Aedes_aegypti,2009,3,2009-03-01,0
MX-SON,Aedes_aegypti,2009,4,2009-04-01,0
MX-SON,Aedes_aegypti,2009,5,2009-05-01,0
MX-SON,Aedes_aegypti,2009,6,2009-06-01,0
MX-SON,Aedes_aegypti,2009,7,2009-07-01,0
MX-SON,Aedes_aegypti,2009,8,2009-08-01,0
MX-SON,Aedes_aegypti,2009,9,2009-09-01,0
MX-SON,Aedes_aegypti,2009,10,2009-10-01,0
MX-SON,Aedes_aegypti,2009,11,2009-11-01,0
MX-SON,Aedes_aegypti,2009,12,2009-12-01,0
MX-SON,Aedes_aegypti,2010,1,2010-01-01,0
MX-SON,Aedes_aegypti,2010,2,2010-02-01,0
MX-SON,Aedes_aegypti,2010,3,2010-03-01,0
MX-SON,Aedes_aegypti,2010,4,2010-04-01,0
MX-SON,Aedes_aegypti,2010,5,2010-05-01,0
MX-SON,Aedes_aegypti,2010,6,2010-06-01,0
MX-SON,Aedes_aegypti,2010,7,2010-07-01,0
MX-SON,Aedes_aegypti,2010,8,2010-08-01,0
MX-SON,Aedes_aegypti,2010,9,2010-09-01,0
MX-SON,Aedes_aegypti,2010,10,2010-10-01,0
MX-SON,Aedes_aegypti,2010,11,2010-11-01,0
MX-SON,Aedes_aegypti,2010,12,2010-12-01,0
MX-SON,Aedes_aegypti,2011,1,2011-01-01,0
MX-SON,Aedes_aegypti,2011,2,2011-02-01,0
MX-SON,Aedes_aegypti,2011,3,2011-03-01,0
MX-SON,Aedes_aegypti,2011,4,2011-04-01,0
MX-SON,Aedes_aegypti,2011,5,2011-05-01,0
MX-SON,Aedes_aegypti,2011,6,2011-06-01,0
MX-SON,Aedes_aegypti,2011,7,2011-07-01,0
MX-SON,Aedes_aegypti,2011,8,2011-08-01,0
MX-SON,Aedes_aegypti,2011,9,2011-09-01,0
MX-SON,Aedes_aegypti,2011,10,2011-10-01,0
MX-SON,Aedes_aegypti,2011,11,2011-11-01,0
MX-SON,Aedes_aegypti,2011,12,2011-12-01,0
MX-SON,Aedes_aegypti,2012,1,2012-01-01,0
MX-SON,Aedes_aegypti,2012,2,2012-02-01,0
MX-SON,Aedes_aegypti,2012,3,2012-03-01,0
MX-SON,Aedes_aegypti,2012,4,2012-04-01,0
MX-SON,Aedes_aegypti,2012,5,2012-05-01,0
MX-SON,Aedes_aegypti,2012,6,2012-06-01,0
MX-SON,Aedes_aegypti,2012,7,2012-07-01,0
MX-SON,Aedes_aegypti,2012,8,2012-08-01,0
MX-SON,Aedes_aegypti,2012,9,2012-09-01,0
MX-SON,Aedes_aegypti,2012,10,2012-10-01,0
MX-SON,Aedes_aegypti,2012,11,2012-11-01,0
MX-SON,Aedes_aegypti,2012,12,2012-12-01,0
MX-SON,Aedes_aegypti,2013,1,2013-01-01,0
MX-SON,Aedes_aegypti,2013,2,2013-02-01,0
MX-SON,Aedes_aegypti,2013,3,2013-03-01,0
MX-SON,Aedes_aegypti,2013,4,2013-04-01,0
MX-SON,Aedes_aegypti,2013,5,2013-05-01,0
MX-SON,Aedes_aegypti,2013,6,2013-06-01,0
MX-SON,Aedes_aegypti,2013,7,2013-07-01,0
MX-SON,Aedes_aegypti,2013,8,2013-08-01,0
MX-SON,Aedes_aegypti,2013,9,2013-09-01,0
MX-SON,Aedes_aegypti,2013,10,2013-10-01,0
MX-SON,Aedes_aegypti,2013,11,2013-11-01,0
MX-SON,Aedes_aegypti,2013,12,2013-12-01,0
MX-SON,Aedes_aegypti,2014,1,2014-01-01,0
MX-SON,Aedes_aegypti,2014,2,2014-02-01,0
MX-SON,Aedes_aegypti,2014,3,2014-03-01,0
MX-SON,Aedes_aegypti,2014,4,2014-04-01,0
MX-SON,Aedes_aegypti,2014,5,2014-05-01,0
MX-SON,Aedes_aegypti,2014,6,2014-06-01,0
MX-SON,Aedes_aegypti,2014,7,2014-07-01,0
MX-SON,Aedes_aegypti,2014,8,2014-08-01,0
MX-SON,Aedes_aegypti,2014,9,2014-09-01,0
MX-SON,Aedes_aegypti,2014,10,2014-10-01,91
MX-SON,Aedes_aegypti,2014,11,2014-11-01,100
MX-SON,Aedes_aegypti,2014,12,2014-12-01,46
MX-SON,Aedes_aegypti,2015,1,2015-01-01,0
MX-SON,Aedes_aegypti,2015,2,2015-02-01,0
MX-SON,Aedes_aegypti,2015,3,2015-03-01,0
MX-SON,Aedes_aegypti,2015,4,2015-04-01,0
MX-SON,Aedes_aegypti,2015,5,2015-05-01,0
MX-SON,Aedes_aegypti,2015,6,2015-06-01,0
MX-SON,Aedes_aegypti,2015,7,2015-07-01,0
MX-SON,Aedes_aegypti,2015,8,2015-08-01,0
MX-SON,Aedes_aegypti,2015,9,2015-09-01,26
MX-SON,Aedes_aegypti,2015,10,2015-10-01,40
MX-SON,Aedes_aegypti,2015,11,2015-11-01,46
MX-SON,Aedes_aegypti,2015,12,2015-12-01,0
MX-SON,Aedes_aegypti,2016,1,2016-01-01,0
MX-SON,Aedes_aegypti,2016,2,2016-02-01,0
MX-SON,Aedes_aegypti,2016,3,2016-03-01,0
MX-SON,Aedes_aegypti,2016,4,2016-04-01,0
MX-SON,Aedes_aegypti,2016,5,2016-05-01,0
MX-SON,Aedes_aegypti,2016,6,2016-06-01,0
MX-SON,Aedes_aegypti,2016,7,2016-07-01,0
MX-SON,Aedes_aegypti,2016,8,2016-08-01,0
MX-SON,Aedes_aegypti,2016,9,2016-09-01,0
MX-SON,Aedes_aegypti,2016,10,2016-10-01,0
MX-SON,Aedes_aegypti,2016,11,2016-11-01,0
MX-SON,Aedes_aegypti,2016,12,2016-12-01,0
MX-SON,Aedes_aegypti,2017,1,2017-01-01,0
MX-SON,Aedes_aegypti,2017,2,2017-02-01,0
MX-SON,Aedes_aegypti,2017,3,2017-03-01,0
MX-SON,Aedes_aegypti,2017,4,2017-04-01,0
MX-SON,Aedes_aegypti,2017,5,2017-05-01,0
MX-SON,Aedes_aegypti,2017,6,2017-06-01,0
MX-SON,Aedes_aegypti,2017,7,2017-07-01,0
MX-SON,Aedes_aegypti,2017,8,2017-08-01,0
MX-SON,Aedes_aegypti,2017,9,2017-09-01,0
MX-SON,Aedes_aegypti,2017,10,2017-10-01,0
MX-SON,Aedes_aegypti,2017,11,2017-11-01,0
MX-SON,Aedes_aegypti,2017,12,2017-12-01,0
MX-SON,Aedes_aegypti,2018,1,2018-01-01,0
MX-SON,Aedes_aegypti,2018,2,2018-02-01,0
MX-SON,Aedes_aegypti,2018,3,2018-03-01,0
MX-SON,Aedes_aegypti,2018,4,2018-04-01,0
MX-SON,Aedes_aegypti,2018,5,2018-05-01,0
MX-SON,Aedes_aegypti,2018,6,2018-06-01,0
MX-SON,Aedes_aegypti,2018,7,2018-07-01,0
MX-SON,Aedes_aegypti,2018,8,2018-08-01,0
MX-SON,Aedes_aegypti,2018,9,2018-09-01,0
MX-SON,Aedes_aegypti,2018,10,2018-10-01,0
MX-SON,Aedes_aegypti,2018,11,2018-11-01,0
MX-SON,Aedes_aegypti,2018,12,2018-12-01,0
MX-SON,Aedes_aegypti,2019,1,2019-01-01,0
MX-SON,Aedes_aegypti,2019,2,2019-02-01,0
MX-SON,Aedes_aegypti,2019,3,2019-03-01,0
MX-SON,Aedes_aegypti,2019,4,2019-04-01,0
MX-SON,Aedes_aegypti,2019,5,2019-05-01,0
MX-SON,Aedes_aegypti,2019,6,2019-06-01,0
MX-SON,Aedes_aegypti,2019,7,2019-07-01,0
MX-SON,Aedes_aegypti,2019,8,2019-08-01,0
MX-SON,Aedes_aegypti,2019,9,2019-09-01,0
MX-SON,Aedes_aegypti,2019,10,2019-10-01,0
MX-SON,Aedes_aegypti,2019,11,2019-11-01,0
MX-SON,Aedes_aegypti,2019,12,2019-12-01,0
MX-SON,Aedes_aegypti,2020,1,2020-01-01,0
MX-SON,Aedes_aegypti,2020,2,2020-02-01,0
MX-SON,Aedes_aegypti,2020,3,2020-03-01,0
MX-SON,Aedes_aegypti,2020,4,2020-04-01,0
MX-SON,Aedes_aegypti,2020,5,2020-05-01,0
MX-SON,Aedes_aegypti,2020,6,2020-06-01,0
MX-SON,Aedes_aegypti,2020,7,2020-07-01,0
MX-SON,Aedes_aegypti,2020,8,2020-08-01,0
MX-SON,Aedes_aegypti,2020,9,2020-09-01,28
MX-SON,Aedes_aegypti,2020,10,2020-10-01,0
MX-SON,Aedes_aegypti,2020,11,2020-11-01,0
MX-SON,Aedes_aegypti,2020,12,2020-12-01,0
MX-SON,Aedes_aegypti,2021,1,2021-01-01,0
MX-SON,Aedes_aegypti,2021,2,2021-02-01,0
MX-SON,Aedes_aegypti,2021,3,2021-03-01,0
MX-SON,Aedes_aegypti,2021,4,2021-04-01,0
MX-SON,Aedes_aegypti,2021,5,2021-05-01,0
MX-SON,Aedes_aegypti,2021,6,2021-06-01,0
MX-SON,Aedes_aegypti,2021,7,2021-07-01,0
MX-SON,Aedes_aegypti,2021,8,2021-08-01,0
MX-SON,Aedes_aegypti,2021,9,2021-09-01,0
MX-SON,Aedes_aegypti,2021,10,2021-10-01,0
MX-SON,Aedes_aegypti,2021,11,2021-11-01,0
MX-SON,Aedes_aegypti,2021,12,2021-12-01,0
MX-SON,Aedes_aegypti,2022,1,2022-01-01,0
MX-SON,Aedes_aegypti,2022,2,2022-02-01,0
MX-SON,Aedes_aegypti,2022,3,2022-03-01,0
MX-SON,Aedes_aegypti,2022,4,2022-04-01,0
MX-SON,Aedes_aegypti,2022,5,2022-05-01,0
MX-SON,Aedes_aegypti,2022,6,2022-06-01,0
MX-SON,Aedes_aegypti,2022,7,2022-07-01,0
MX-SON,Aedes_aegypti,2022,8,2022-08-01,0
MX-SON,Aedes_aegypti,2022,9,2022-09-01,35
MX-SON,Aedes_aegypti,2022,10,2022-10-01,57
MX-SON,Aedes_aegypti,2022,11,2022-11-01,23
MX-SON,Aedes_aegypti,2022,12,2022-12-01,0
MX-SON,mosquito,2004,1,2004-01-01,0
MX-SON,mosquito,2004,2,2004-02-01,0
MX-SON,mosquito,2004,3,2004-03-01,0
MX-SON,mosquito,2004,4,2004-04-01,0
MX-SON,mosquito,2004,5,2004-05-01,0
MX-SON,mosquito,2004,6,2004-06-01,0
MX-SON,mosquito,2004,7,2004-07-01,0
MX-SON,mosquito,2004,8,2004-08-01,0
MX-SON,mosquito,2004,9,2004-09-01,0
MX-SON,mosquito,2004,10,2004-10-01,0
MX-SON,mosquito,2004,11,2004-11-01,0
MX-SON,mosquito,2004,12,2004-12-01,0
MX-SON,mosquito,2005,1,2005-01-01,0
MX-SON,mosquito,2005,2,2005-02-01,0
MX-SON,mosquito,2005,3,2005-03-01,0
MX-SON,mosquito,2005,4,2005-04-01,0
MX-SON,mosquito,2005,5,2005-05-01,0
MX-SON,mosquito,2005,6,2005-06-01,0
MX-SON,mosquito,2005,7,2005-07-01,0
MX-SON,mosquito,2005,8,2005-08-01,0
MX-SON,mosquito,2005,9,2005-09-01,0
MX-SON,mosquito,2005,10,2005-10-01,0
MX-SON,mosquito,2005,11,2005-11-01,0
MX-SON,mosquito,2005,12,2005-12-01,0
MX-SON,mosquito,2006,1,2006-01-01,0
MX-SON,mosquito,2006,2,2006-02-01,0
MX-SON,mosquito,2006,3,2006-03-01,0
MX-SON,mosquito,2006,4,2006-04-01,0
MX-SON,mosquito,2006,5,2006-05-01,0
MX-SON,mosquito,2006,6,2006-06-01,0
MX-SON,mosquito,2006,7,2006-07-01,0
MX-SON,mosquito,2006,8,2006-08-01,0
MX-SON,mosquito,2006,9,2006-09-01,0
MX-SON,mosquito,2006,10,2006-10-01,0
MX-SON,mosquito,2006,11,2006-11-01,0
MX-SON,mosquito,2006,12,2006-12-01,0
MX-SON,mosquito,2007,1,2007-01-01,0
MX-SON,mosquito,2007,2,2007-02-01,0
MX-SON,mosquito,2007,3,2007-03-01,0
MX-SON,mosquito,2007,4,2007-04-01,0
MX-SON,mosquito,2007,5,2007-05-01,0
MX-SON,mosquito,2007,6,2007-06-01,0
MX-SON,mosquito,2007,7,2007-07-01,0
MX-SON,mosquito,2007,8,2007-08-01,0
MX-SON,mosquito,2007,9,2007-09-01,0
MX-SON,mosquito,2007,10,2007-10-01,0
MX-SON,mosquito,2007,11,2007-11-01,0
MX-SON,mosquito,2007,12,2007-12-01,0
MX-SON,mosquito,2008,1,2008-01-01,0
MX-SON,mosquito,2008,2,2008-02-01,0
MX-SON,mosquito,2008,3,2008-03-01,0
MX-SON,mosquito,2008,4,2008-04-01,0
MX-SON,mosquito,2008,5,2008-05-01,0
MX-SON,mosquito,2008,6,2008-06-01,0
MX-SON,mosquito,2008,7,2008-07-01,0
MX-SON,mosquito,2008,8,2008-08-01,0
MX-SON,mosquito,2008,9,2008-09-01,0
MX-SON,mosquito,2008,10,2008-10-01,0
MX-SON,mosquito,2008,11,2008-11-01,0
MX-SON,mosquito,2008,12,2008-12-01,0
MX-SON,mosquito,2009,1,2009-01-01,0
MX-SON,mosquito,2009,2,2009-02-01,0
MX-SON,mosquito,2009,3,2009-03-01,0
MX-SON,mosquito,2009,4,2009-04-01,0
MX-SON,mosquito,2009,5,2009-05-01,0
MX-SON,mosquito,2009,6,2009-06-01,0
MX-SON,mosquito,2009,7,2009-07-01,0
MX-SON,mosquito,2009,8,2009-08-01,0
MX-SON,mosquito,2009,9,2009-09-01,0
MX-SON,mosquito,2009,10,2009-10-01,0
MX-SON,mosquito,2009,11,2009-11-01,0
MX-SON,mosquito,2009,12,2009-12-01,0
MX-SON,mosquito,2010,1,2010-01-01,0
MX-SON,mosquito,2010,2,2010-02-01,0
MX-SON,mosquito,2010,3,2010-03-01,0
MX-SON,mosquito,2010,4,2010-04-01,0
MX-SON,mosquito,2010,5,2010-05-01,0
MX-SON,mosquito,2010,6,2010-06-01,0
MX-SON,mosquito,2010,7,2010-07-01,0
MX-SON,mosquito,2010,8,2010-08-01,0
MX-SON,mosquito,2010,9,2010-09-01,0
MX-SON,mosquito,2010,10,2010-10-01,0
MX-SON,mosquito,2010,11,2010-11-01,0
MX-SON,mosquito,2010,12,2010-12-01,0
MX-SON,mosquito,2011,1,2011-01-01,0
MX-SON,mosquito,2011,2,2011-02-01,0
MX-SON,mosquito,2011,3,2011-03-01,18
MX-SON,mosquito,2011,4,2011-04-01,15
MX-SON,mosquito,2011,5,2011-05-01,15
MX-SON,mosquito,2011,6,2011-06-01,18
MX-SON,mosquito,2011,7,2011-07-01,21
MX-SON,mosquito,2011,8,2011-08-01,30
MX-SON,mosquito,2011,9,2011-09-01,30
MX-SON,mosquito,2011,10,2011-10-01,19
MX-SON,mosquito,2011,11,2011-11-01,17
MX-SON,mosquito,2011,12,2011-12-01,0
MX-SON,mosquito,2012,1,2012-01-01,0
MX-SON,mosquito,2012,2,2012-02-01,14
MX-SON,mosquito,2012,3,2012-03-01,14
MX-SON,mosquito,2012,4,2012-04-01,24
MX-SON,mosquito,2012,5,2012-05-01,19
MX-SON,mosquito,2012,6,2012-06-01,18
MX-SON,mosquito,2012,7,2012-07-01,27
MX-SON,mosquito,2012,8,2012-08-01,38
MX-SON,mosquito,2012,9,2012-09-01,52
MX-SON,mosquito,2012,10,2012-10-01,33
MX-SON,mosquito,2012,11,2012-11-01,26
MX-SON,mosquito,2012,12,2012-12-01,17
MX-SON,mosquito,2013,1,2013-01-01,12
MX-SON,mosquito,2013,2,2013-02-01,21
MX-SON,mosquito,2013,3,2013-03-01,21
MX-SON,mosquito,2013,4,2013-04-01,22
MX-SON,mosquito,2013,5,2013-05-01,17
MX-SON,mosquito,2013,6,2013-06-01,22
MX-SON,mosquito,2013,7,2013-07-01,20
MX-SON,mosquito,2013,8,2013-08-01,31
MX-SON,mosquito,2013,9,2013-09-01,50
MX-SON,mosquito,2013,10,2013-10-01,34
MX-SON,mosquito,2013,11,2013-11-01,28
MX-SON,mosquito,2013,12,2013-12-01,12
MX-SON,mosquito,2014,1,2014-01-01,12
MX-SON,mosquito,2014,2,2014-02-01,15
MX-SON,mosquito,2014,3,2014-03-01,21
MX-SON,mosquito,2014,4,2014-04-01,27
MX-SON,mosquito,2014,5,2014-05-01,21
MX-SON,mosquito,2014,6,2014-06-01,23
MX-SON,mosquito,2014,7,2014-07-01,38
MX-SON,mosquito,2014,8,2014-08-01,47
MX-SON,mosquito,2014,9,2014-09-01,41
MX-SON,mosquito,2014,10,2014-10-01,97
MX-SON,mosquito,2014,11,2014-11-01,81
MX-SON,mosquito,2014,12,2014-12-01,26
MX-SON,mosquito,2015,1,2015-01-01,15
MX-SON,mosquito,2015,2,2015-02-01,24
MX-SON,mosquito,2015,3,2015-03-01,37
MX-SON,mosquito,2015,4,2015-04-01,51
MX-SON,mosquito,2015,5,2015-05-01,16
MX-SON,mosquito,2015,6,2015-06-01,34
MX-SON,mosquito,2015,7,2015-07-01,42
MX-SON,mosquito,2015,8,2015-08-01,64
MX-SON,mosquito,2015,9,2015-09-01,73
MX-SON,mosquito,2015,10,2015-10-01,99
MX-SON,mosquito,2015,11,2015-11-01,49
MX-SON,mosquito,2015,12,2015-12-01,14
MX-SON,mosquito,2016,1,2016-01-01,15
MX-SON,mosquito,2016,2,2016-02-01,38
MX-SON,mosquito,2016,3,2016-03-01,43
MX-SON,mosquito,2016,4,2016-04-01,21
MX-SON,mosquito,2016,5,2016-05-01,31
MX-SON,mosquito,2016,6,2016-06-01,40
MX-SON,mosquito,2016,7,2016-07-01,28
MX-SON,mosquito,2016,8,2016-08-01,48
MX-SON,mosquito,2016,9,2016-09-01,45
MX-SON,mosquito,2016,10,2016-10-01,35
MX-SON,mosquito,2016,11,2016-11-01,0
MX-SON,mosquito,2016,12,2016-12-01,0
MX-SON,mosquito,2017,1,2017-01-01,0
MX-SON,mosquito,2017,2,2017-02-01,0
MX-SON,mosquito,2017,3,2017-03-01,0
MX-SON,mosquito,2017,4,2017-04-01,8
MX-SON,mosquito,2017,5,2017-05-01,9
MX-SON,mosquito,2017,6,2017-06-01,15
MX-SON,mosquito,2017,7,2017-07-01,18
MX-SON,mosquito,2017,8,2017-08-01,16
MX-SON,mosquito,2017,9,2017-09-01,0
MX-SON,mosquito,2017,10,2017-10-01,12
MX-SON,mosquito,2017,11,2017-11-01,0
MX-SON,mosquito,2017,12,2017-12-01,0
MX-SON,mosquito,2018,1,2018-01-01,0
MX-SON,mosquito,2018,2,2018-02-01,0
MX-SON,mosquito,2018,3,2018-03-01,7
MX-SON,mosquito,2018,4,2018-04-01,13
MX-SON,mosquito,2018,5,2018-05-01,8
MX-SON,mosquito,2018,6,2018-06-01,21
MX-SON,mosquito,2018,7,2018-07-01,26
MX-SON,mosquito,2018,8,2018-08-01,21
MX-SON,mosquito,2018,9,2018-09-01,11
MX-SON,mosquito,2018,10,2018-10-01,11
MX-SON,mosquito,2018,11,2018-11-01,8
MX-SON,mosquito,2018,12,2018-12-01,0
MX-SON,mosquito,2019,1,2019-01-01,0
MX-SON,mosquito,2019,2,2019-02-01,0
MX-SON,mosquito,2019,3,2019-03-01,0
MX-SON,mosquito,2019,4,2019-04-01,9
MX-SON,mosquito,2019,5,2019-05-01,0
MX-SON,mosquito,2019,6,2019-06-01,9
MX-SON,mosquito,2019,7,2019-07-01,9
MX-SON,mosquito,2019,8,2019-08-01,9
MX-SON,mosquito,2019,9,2019-09-01,0
MX-SON,mosquito,2019,10,2019-10-01,8
MX-SON,mosquito,2019,11,2019-11-01,7
MX-SON,mosquito,2019,12,2019-12-01,7
MX-SON,mosquito,2020,1,2020-01-01,0
MX-SON,mosquito,2020,2,2020-02-01,7
MX-SON,mosquito,2020,3,2020-03-01,8
MX-SON,mosquito,2020,4,2020-04-01,11
MX-SON,mosquito,2020,5,2020-05-01,17
MX-SON,mosquito,2020,6,2020-06-01,15
MX-SON,mosquito,2020,7,2020-07-01,14
MX-SON,mosquito,2020,8,2020-08-01,11
MX-SON,mosquito,2020,9,2020-09-01,12
MX-SON,mosquito,2020,10,2020-10-01,13
MX-SON,mosquito,2020,11,2020-11-01,8
MX-SON,mosquito,2020,12,2020-12-01,6
MX-SON,mosquito,2021,1,2021-01-01,0
MX-SON,mosquito,2021,2,2021-02-01,12
MX-SON,mosquito,2021,3,2021-03-01,20
MX-SON,mosquito,2021,4,2021-04-01,31
MX-SON,mosquito,2021,5,2021-05-01,43
MX-SON,mosquito,2021,6,2021-06-01,25
MX-SON,mosquito,2021,7,2021-07-01,53
MX-SON,mosquito,2021,8,2021-08-01,66
MX-SON,mosquito,2021,9,2021-09-01,49
MX-SON,mosquito,2021,10,2021-10-01,29
MX-SON,mosquito,2021,11,2021-11-01,22
MX-SON,mosquito,2021,12,2021-12-01,12
MX-SON,mosquito,2022,1,2022-01-01,19
MX-SON,mosquito,2022,2,2022-02-01,16
MX-SON,mosquito,2022,3,2022-03-01,14
MX-SON,mosquito,2022,4,2022-04-01,34
MX-SON,mosquito,2022,5,2022-05-01,41
MX-SON,mosquito,2022,6,2022-06-01,23
MX-SON,mosquito,2022,7,2022-07-01,40
MX-SON,mosquito,2022,8,2022-08-01,100
MX-SON,mosquito,2022,9,2022-09-01,97
MX-SON,mosquito,2022,10,2022-10-01,80
MX-SON,mosquito,2022,11,2022-11-01,30
MX-SON,mosquito,2022,12,2022-12-01,17
MX-SON,vector,2004,1,2004-01-01,0
MX-SON,vector,2004,2,2004-02-01,0
MX-SON,vector,2004,3,2004-03-01,0
MX-SON,vector,2004,4,2004-04-01,0
MX-SON,vector,2004,5,2004-05-01,0
MX-SON,vector,2004,6,2004-06-01,0
MX-SON,vector,2004,7,2004-07-01,0
MX-SON,vector,2004,8,2004-08-01,0
MX-SON,vector,2004,9,2004-09-01,0
MX-SON,vector,2004,10,2004-10-01,0
MX-SON,vector,2004,11,2004-11-01,0
MX-SON,vector,2004,12,2004-12-01,0
MX-SON,vector,2005,1,2005-01-01,0
MX-SON,vector,2005,2,2005-02-01,100
MX-SON,vector,2005,3,2005-03-01,0
MX-SON,vector,2005,4,2005-04-01,0
MX-SON,vector,2005,5,2005-05-01,0
MX-SON,vector,2005,6,2005-06-01,0
MX-SON,vector,2005,7,2005-07-01,0
MX-SON,vector,2005,8,2005-08-01,0
MX-SON,vector,2005,9,2005-09-01,0
MX-SON,vector,2005,10,2005-10-01,0
MX-SON,vector,2005,11,2005-11-01,0
MX-SON,vector,2005,12,2005-12-01,0
MX-SON,vector,2006,1,2006-01-01,0
MX-SON,vector,2006,2,2006-02-01,0
MX-SON,vector,2006,3,2006-03-01,0
MX-SON,vector,2006,4,2006-04-01,0
MX-SON,vector,2006,5,2006-05-01,0
MX-SON,vector,2006,6,2006-06-01,0
MX-SON,vector,2006,7,2006-07-01,0
MX-SON,vector,2006,8,2006-08-01,0
MX-SON,vector,2006,9,2006-09-01,0
MX-SON,vector,2006,10,2006-10-01,0
MX-SON,vector,2006,11,2006-11-01,0
MX-SON,vector,2006,12,2006-12-01,0
MX-SON,vector,2007,1,2007-01-01,0
MX-SON,vector,2007,2,2007-02-01,0
MX-SON,vector,2007,3,2007-03-01,0
MX-SON,vector,2007,4,2007-04-01,0
MX-SON,vector,2007,5,2007-05-01,0
MX-SON,vector,2007,6,2007-06-01,0
MX-SON,vector,2007,7,2007-07-01,0
MX-SON,vector,2007,8,2007-08-01,0
MX-SON,vector,2007,9,2007-09-01,0
MX-SON,vector,2007,10,2007-10-01,0
MX-SON,vector,2007,11,2007-11-01,0
MX-SON,vector,2007,12,2007-12-01,0
MX-SON,vector,2008,1,2008-01-01,0
MX-SON,vector,2008,2,2008-02-01,0
MX-SON,vector,2008,3,2008-03-01,0
MX-SON,vector,2008,4,2008-04-01,0
MX-SON,vector,2008,5,2008-05-01,0
MX-SON,vector,2008,6,2008-06-01,0
MX-SON,vector,2008,7,2008-07-01,0
MX-SON,vector,2008,8,2008-08-01,0
MX-SON,vector,2008,9,2008-09-01,0
MX-SON,vector,2008,10,2008-10-01,0
MX-SON,vector,2008,11,2008-11-01,0
MX-SON,vector,2008,12,2008-12-01,0
MX-SON,vector,2009,1,2009-01-01,0
MX-SON,vector,2009,2,2009-02-01,0
MX-SON,vector,2009,3,2009-03-01,0
MX-SON,vector,2009,4,2009-04-01,0
MX-SON,vector,2009,5,2009-05-01,0
MX-SON,vector,2009,6,2009-06-01,32
MX-SON,vector,2009,7,2009-07-01,0
MX-SON,vector,2009,8,2009-08-01,0
MX-SON,vector,2009,9,2009-09-01,0
MX-SON,vector,2009,10,2009-10-01,0
MX-SON,vector,2009,11,2009-11-01,0
MX-SON,vector,2009,12,2009-12-01,0
MX-SON,vector,2010,1,2010-01-01,0
MX-SON,vector,2010,2,2010-02-01,0
MX-SON,vector,2010,3,2010-03-01,0
MX-SON,vector,2010,4,2010-04-01,0
MX-SON,vector,2010,5,2010-05-01,34
MX-SON,vector,2010,6,2010-06-01,0
MX-SON,vector,2010,7,2010-07-01,0
MX-SON,vector,2010,8,2010-08-01,0
MX-SON,vector,2010,9,2010-09-01,0
MX-SON,vector,2010,10,2010-10-01,0
MX-SON,vector,2010,11,2010-11-01,0
MX-SON,vector,2010,12,2010-12-01,0
MX-SON,vector,2011,1,2011-01-01,9
MX-SON,vector,2011,2,2011-02-01,17
MX-SON,vector,2011,3,2011-03-01,12
MX-SON,vector,2011,4,2011-04-01,0
MX-SON,vector,2011,5,2011-05-01,0
MX-SON,vector,2011,6,2011-06-01,9
MX-SON,vector,2011,7,2011-07-01,0
MX-SON,vector,2011,8,2011-08-01,15
MX-SON,vector,2011,9,2011-09-01,14
MX-SON,vector,2011,10,2011-10-01,10
MX-SON,vector,2011,11,2011-11-01,7
MX-SON,vector,2011,12,2011-12-01,8
MX-SON,vector,2012,1,2012-01-01,7
MX-SON,vector,2012,2,2012-02-01,9
MX-SON,vector,2012,3,2012-03-01,8
MX-SON,vector,2012,4,2012-04-01,12
MX-SON,vector,2012,5,2012-05-01,6
MX-SON,vector,2012,6,2012-06-01,0
MX-SON,vector,2012,7,2012-07-01,6
MX-SON,vector,2012,8,2012-08-01,8
MX-SON,vector,2012,9,2012-09-01,10
MX-SON,vector,2012,10,2012-10-01,7
MX-SON,vector,2012,11,2012-11-01,11
MX-SON,vector,2012,12,2012-12-01,0
MX-SON,vector,2013,1,2013-01-01,10
MX-SON,vector,2013,2,2013-02-01,10
MX-SON,vector,2013,3,2013-03-01,8
MX-SON,vector,2013,4,2013-04-01,7
MX-SON,vector,2013,5,2013-05-01,6
MX-SON,vector,2013,6,2013-06-01,6
MX-SON,vector,2013,7,2013-07-01,0
MX-SON,vector,2013,8,2013-08-01,7
MX-SON,vector,2013,9,2013-09-01,11
MX-SON,vector,2013,10,2013-10-01,9
MX-SON,vector,2013,11,2013-11-01,10
MX-SON,vector,2013,12,2013-12-01,4
MX-SON,vector,2014,1,2014-01-01,5
MX-SON,vector,2014,2,2014-02-01,9
MX-SON,vector,2014,3,2014-03-01,4
MX-SON,vector,2014,4,2014-04-01,6
MX-SON,vector,2014,5,2014-05-01,7
MX-SON,vector,2014,6,2014-06-01,4
MX-SON,vector,2014,7,2014-07-01,4
MX-SON,vector,2014,8,2014-08-01,11
MX-SON,vector,2014,9,2014-09-01,8
MX-SON,vector,2014,10,2014-10-01,7
MX-SON,vector,2014,11,2014-11-01,5
MX-SON,vector,2014,12,2014-12-01,5
MX-SON,vector,2015,1,2015-01-01,8
MX-SON,vector,2015,2,2015-02-01,8
MX-SON,vector,2015,3,2015-03-01,7
MX-SON,vector,2015,4,2015-04-01,7
MX-SON,vector,2015,5,2015-05-01,8
MX-SON,vector,2015,6,2015-06-01,8
MX-SON,vector,2015,7,2015-07-01,5
MX-SON,vector,2015,8,2015-08-01,11
MX-SON,vector,2015,9,2015-09-01,9
MX-SON,vector,2015,10,2015-10-01,8
MX-SON,vector,2015,11,2015-11-01,6
MX-SON,vector,2015,12,2015-12-01,0
MX-SON,vector,2016,1,2016-01-01,10
MX-SON,vector,2016,2,2016-02-01,10
MX-SON,vector,2016,3,2016-03-01,10
MX-SON,vector,2016,4,2016-04-01,9
MX-SON,vector,2016,5,2016-05-01,6
MX-SON,vector,2016,6,2016-06-01,6
MX-SON,vector,2016,7,2016-07-01,4
MX-SON,vector,2016,8,2016-08-01,5
MX-SON,vector,2016,9,2016-09-01,12
MX-SON,vector,2016,10,2016-10-01,8
MX-SON,vector,2016,11,2016-11-01,0
MX-SON,vector,2016,12,2016-12-01,0
MX-SON,vector,2017,1,2017-01-01,0
MX-SON,vector,2017,2,2017-02-01,0
MX-SON,vector,2017,3,2017-03-01,0
MX-SON,vector,2017,4,2017-04-01,0
MX-SON,vector,2017,5,2017-05-01,0
MX-SON,vector,2017,6,2017-06-01,0
MX-SON,vector,2017,7,2017-07-01,0
MX-SON,vector,2017,8,2017-08-01,0
MX-SON,vector,2017,9,2017-09-01,0
MX-SON,vector,2017,10,2017-10-01,0
MX-SON,vector,2017,11,2017-11-01,0
MX-SON,vector,2017,12,2017-12-01,0
MX-SON,vector,2018,1,2018-01-01,0
MX-SON,vector,2018,2,2018-02-01,0
MX-SON,vector,2018,3,2018-03-01,0
MX-SON,vector,2018,4,2018-04-01,0
MX-SON,vector,2018,5,2018-05-01,0
MX-SON,vector,2018,6,2018-06-01,0
MX-SON,vector,2018,7,2018-07-01,0
MX-SON,vector,2018,8,2018-08-01,0
MX-SON,vector,2018,9,2018-09-01,0
MX-SON,vector,2018,10,2018-10-01,0
MX-SON,vector,2018,11,2018-11-01,0
MX-SON,vector,2018,12,2018-12-01,0
MX-SON,vector,2019,1,2019-01-01,0
MX-SON,vector,2019,2,2019-02-01,0
MX-SON,vector,2019,3,2019-03-01,0
MX-SON,vector,2019,4,2019-04-01,0
MX-SON,vector,2019,5,2019-05-01,0
MX-SON,vector,2019,6,2019-06-01,0
MX-SON,vector,2019,7,2019-07-01,0
MX-SON,vector,2019,8,2019-08-01,0
MX-SON,vector,2019,9,2019-09-01,0
MX-SON,vector,2019,10,2019-10-01,0
MX-SON,vector,2019,11,2019-11-01,0
MX-SON,vector,2019,12,2019-12-01,0
MX-SON,vector,2020,1,2020-01-01,0
MX-SON,vector,2020,2,2020-02-01,0
MX-SON,vector,2020,3,2020-03-01,0
MX-SON,vector,2020,4,2020-04-01,0
MX-SON,vector,2020,5,2020-05-01,0
MX-SON,vector,2020,6,2020-06-01,0
MX-SON,vector,2020,7,2020-07-01,0
MX-SON,vector,2020,8,2020-08-01,0
MX-SON,vector,2020,9,2020-09-01,3
MX-SON,vector,2020,10,2020-10-01,2
MX-SON,vector,2020,11,2020-11-01,0
MX-SON,vector,2020,12,2020-12-01,0
MX-SON,vector,2021,1,2021-01-01,4
MX-SON,vector,2021,2,2021-02-01,6
MX-SON,vector,2021,3,2021-03-01,6
MX-SON,vector,2021,4,2021-04-01,0
MX-SON,vector,2021,5,2021-05-01,3
MX-SON,vector,2021,6,2021-06-01,0
MX-SON,vector,2021,7,2021-07-01,0
MX-SON,vector,2021,8,2021-08-01,0
MX-SON,vector,2021,9,2021-09-01,5
MX-SON,vector,2021,10,2021-10-01,4
MX-SON,vector,2021,11,2021-11-01,0
MX-SON,vector,2021,12,2021-12-01,3
MX-SON,vector,2022,1,2022-01-01,6
MX-SON,vector,2022,2,2022-02-01,7
MX-SON,vector,2022,3,2022-03-01,5
MX-SON,vector,2022,4,2022-04-01,3
MX-SON,vector,2022,5,2022-05-01,9
MX-SON,vector,2022,6,2022-06-01,9
MX-SON,vector,2022,7,2022-07-01,5
MX-SON,vector,2022,8,2022-08-01,10
MX-SON,vector,2022,9,2022-09-01,9
MX-SON,vector,2022,10,2022-10-01,12
MX-SON,vector,2022,11,2022-11-01,6
MX-SON,vector,2022,12,2022-12-01,10
MX-TAB,Aedes_aegypti,2004,1,2004-01-01,0
MX-TAB,Aedes_aegypti,2004,2,2004-02-01,0
MX-TAB,Aedes_aegypti,2004,3,2004-03-01,0
MX-TAB,Aedes_aegypti,2004,4,2004-04-01,0
MX-TAB,Aedes_aegypti,2004,5,2004-05-01,0
MX-TAB,Aedes_aegypti,2004,6,2004-06-01,0
MX-TAB,Aedes_aegypti,2004,7,2004-07-01,0
MX-TAB,Aedes_aegypti,2004,8,2004-08-01,0
MX-TAB,Aedes_aegypti,2004,9,2004-09-01,0
MX-TAB,Aedes_aegypti,2004,10,2004-10-01,0
MX-TAB,Aedes_aegypti,2004,11,2004-11-01,0
MX-TAB,Aedes_aegypti,2004,12,2004-12-01,0
MX-TAB,Aedes_aegypti,2005,1,2005-01-01,0
MX-TAB,Aedes_aegypti,2005,2,2005-02-01,0
MX-TAB,Aedes_aegypti,2005,3,2005-03-01,0
MX-TAB,Aedes_aegypti,2005,4,2005-04-01,0
MX-TAB,Aedes_aegypti,2005,5,2005-05-01,0
MX-TAB,Aedes_aegypti,2005,6,2005-06-01,0
MX-TAB,Aedes_aegypti,2005,7,2005-07-01,0
MX-TAB,Aedes_aegypti,2005,8,2005-08-01,0
MX-TAB,Aedes_aegypti,2005,9,2005-09-01,0
MX-TAB,Aedes_aegypti,2005,10,2005-10-01,0
MX-TAB,Aedes_aegypti,2005,11,2005-11-01,0
MX-TAB,Aedes_aegypti,2005,12,2005-12-01,0
MX-TAB,Aedes_aegypti,2006,1,2006-01-01,0
MX-TAB,Aedes_aegypti,2006,2,2006-02-01,0
MX-TAB,Aedes_aegypti,2006,3,2006-03-01,0
MX-TAB,Aedes_aegypti,2006,4,2006-04-01,0
MX-TAB,Aedes_aegypti,2006,5,2006-05-01,0
MX-TAB,Aedes_aegypti,2006,6,2006-06-01,0
MX-TAB,Aedes_aegypti,2006,7,2006-07-01,0
MX-TAB,Aedes_aegypti,2006,8,2006-08-01,0
MX-TAB,Aedes_aegypti,2006,9,2006-09-01,0
MX-TAB,Aedes_aegypti,2006,10,2006-10-01,0
MX-TAB,Aedes_aegypti,2006,11,2006-11-01,0
MX-TAB,Aedes_aegypti,2006,12,2006-12-01,0
MX-TAB,Aedes_aegypti,2007,1,2007-01-01,0
MX-TAB,Aedes_aegypti,2007,2,2007-02-01,0
MX-TAB,Aedes_aegypti,2007,3,2007-03-01,0
MX-TAB,Aedes_aegypti,2007,4,2007-04-01,0
MX-TAB,Aedes_aegypti,2007,5,2007-05-01,0
MX-TAB,Aedes_aegypti,2007,6,2007-06-01,0
MX-TAB,Aedes_aegypti,2007,7,2007-07-01,0
MX-TAB,Aedes_aegypti,2007,8,2007-08-01,0
MX-TAB,Aedes_aegypti,2007,9,2007-09-01,0
MX-TAB,Aedes_aegypti,2007,10,2007-10-01,0
MX-TAB,Aedes_aegypti,2007,11,2007-11-01,0
MX-TAB,Aedes_aegypti,2007,12,2007-12-01,0
MX-TAB,Aedes_aegypti,2008,1,2008-01-01,0
MX-TAB,Aedes_aegypti,2008,2,2008-02-01,0
MX-TAB,Aedes_aegypti,2008,3,2008-03-01,0
MX-TAB,Aedes_aegypti,2008,4,2008-04-01,0
MX-TAB,Aedes_aegypti,2008,5,2008-05-01,0
MX-TAB,Aedes_aegypti,2008,6,2008-06-01,0
MX-TAB,Aedes_aegypti,2008,7,2008-07-01,0
MX-TAB,Aedes_aegypti,2008,8,2008-08-01,0
MX-TAB,Aedes_aegypti,2008,9,2008-09-01,0
MX-TAB,Aedes_aegypti,2008,10,2008-10-01,0
MX-TAB,Aedes_aegypti,2008,11,2008-11-01,0
MX-TAB,Aedes_aegypti,2008,12,2008-12-01,0
MX-TAB,Aedes_aegypti,2009,1,2009-01-01,0
MX-TAB,Aedes_aegypti,2009,2,2009-02-01,0
MX-TAB,Aedes_aegypti,2009,3,2009-03-01,0
MX-TAB,Aedes_aegypti,2009,4,2009-04-01,0
MX-TAB,Aedes_aegypti,2009,5,2009-05-01,0
MX-TAB,Aedes_aegypti,2009,6,2009-06-01,0
MX-TAB,Aedes_aegypti,2009,7,2009-07-01,0
MX-TAB,Aedes_aegypti,2009,8,2009-08-01,0
MX-TAB,Aedes_aegypti,2009,9,2009-09-01,0
MX-TAB,Aedes_aegypti,2009,10,2009-10-01,0
MX-TAB,Aedes_aegypti,2009,11,2009-11-01,0
MX-TAB,Aedes_aegypti,2009,12,2009-12-01,0
MX-TAB,Aedes_aegypti,2010,1,2010-01-01,0
MX-TAB,Aedes_aegypti,2010,2,2010-02-01,0
MX-TAB,Aedes_aegypti,2010,3,2010-03-01,0
MX-TAB,Aedes_aegypti,2010,4,2010-04-01,0
MX-TAB,Aedes_aegypti,2010,5,2010-05-01,0
MX-TAB,Aedes_aegypti,2010,6,2010-06-01,0
MX-TAB,Aedes_aegypti,2010,7,2010-07-01,0
MX-TAB,Aedes_aegypti,2010,8,2010-08-01,0
MX-TAB,Aedes_aegypti,2010,9,2010-09-01,0
MX-TAB,Aedes_aegypti,2010,10,2010-10-01,0
MX-TAB,Aedes_aegypti,2010,11,2010-11-01,0
MX-TAB,Aedes_aegypti,2010,12,2010-12-01,0
MX-TAB,Aedes_aegypti,2011,1,2011-01-01,0
MX-TAB,Aedes_aegypti,2011,2,2011-02-01,0
MX-TAB,Aedes_aegypti,2011,3,2011-03-01,0
MX-TAB,Aedes_aegypti,2011,4,2011-04-01,0
MX-TAB,Aedes_aegypti,2011,5,2011-05-01,0
MX-TAB,Aedes_aegypti,2011,6,2011-06-01,0
MX-TAB,Aedes_aegypti,2011,7,2011-07-01,0
MX-TAB,Aedes_aegypti,2011,8,2011-08-01,0
MX-TAB,Aedes_aegypti,2011,9,2011-09-01,0
MX-TAB,Aedes_aegypti,2011,10,2011-10-01,0
MX-TAB,Aedes_aegypti,2011,11,2011-11-01,0
MX-TAB,Aedes_aegypti,2011,12,2011-12-01,0
MX-TAB,Aedes_aegypti,2012,1,2012-01-01,0
MX-TAB,Aedes_aegypti,2012,2,2012-02-01,0
MX-TAB,Aedes_aegypti,2012,3,2012-03-01,0
MX-TAB,Aedes_aegypti,2012,4,2012-04-01,0
MX-TAB,Aedes_aegypti,2012,5,2012-05-01,0
MX-TAB,Aedes_aegypti,2012,6,2012-06-01,0
MX-TAB,Aedes_aegypti,2012,7,2012-07-01,0
MX-TAB,Aedes_aegypti,2012,8,2012-08-01,0
MX-TAB,Aedes_aegypti,2012,9,2012-09-01,0
MX-TAB,Aedes_aegypti,2012,10,2012-10-01,0
MX-TAB,Aedes_aegypti,2012,11,2012-11-01,0
MX-TAB,Aedes_aegypti,2012,12,2012-12-01,0
MX-TAB,Aedes_aegypti,2013,1,2013-01-01,0
MX-TAB,Aedes_aegypti,2013,2,2013-02-01,0
MX-TAB,Aedes_aegypti,2013,3,2013-03-01,0
MX-TAB,Aedes_aegypti,2013,4,2013-04-01,0
MX-TAB,Aedes_aegypti,2013,5,2013-05-01,0
MX-TAB,Aedes_aegypti,2013,6,2013-06-01,0
MX-TAB,Aedes_aegypti,2013,7,2013-07-01,0
MX-TAB,Aedes_aegypti,2013,8,2013-08-01,0
MX-TAB,Aedes_aegypti,2013,9,2013-09-01,100
MX-TAB,Aedes_aegypti,2013,10,2013-10-01,0
MX-TAB,Aedes_aegypti,2013,11,2013-11-01,0
MX-TAB,Aedes_aegypti,2013,12,2013-12-01,0
MX-TAB,Aedes_aegypti,2014,1,2014-01-01,0
MX-TAB,Aedes_aegypti,2014,2,2014-02-01,0
MX-TAB,Aedes_aegypti,2014,3,2014-03-01,0
MX-TAB,Aedes_aegypti,2014,4,2014-04-01,0
MX-TAB,Aedes_aegypti,2014,5,2014-05-01,0
MX-TAB,Aedes_aegypti,2014,6,2014-06-01,0
MX-TAB,Aedes_aegypti,2014,7,2014-07-01,0
MX-TAB,Aedes_aegypti,2014,8,2014-08-01,0
MX-TAB,Aedes_aegypti,2014,9,2014-09-01,0
MX-TAB,Aedes_aegypti,2014,10,2014-10-01,69
MX-TAB,Aedes_aegypti,2014,11,2014-11-01,0
MX-TAB,Aedes_aegypti,2014,12,2014-12-01,0
MX-TAB,Aedes_aegypti,2015,1,2015-01-01,0
MX-TAB,Aedes_aegypti,2015,2,2015-02-01,0
MX-TAB,Aedes_aegypti,2015,3,2015-03-01,0
MX-TAB,Aedes_aegypti,2015,4,2015-04-01,0
MX-TAB,Aedes_aegypti,2015,5,2015-05-01,0
MX-TAB,Aedes_aegypti,2015,6,2015-06-01,0
MX-TAB,Aedes_aegypti,2015,7,2015-07-01,0
MX-TAB,Aedes_aegypti,2015,8,2015-08-01,0
MX-TAB,Aedes_aegypti,2015,9,2015-09-01,0
MX-TAB,Aedes_aegypti,2015,10,2015-10-01,0
MX-TAB,Aedes_aegypti,2015,11,2015-11-01,0
MX-TAB,Aedes_aegypti,2015,12,2015-12-01,0
MX-TAB,Aedes_aegypti,2016,1,2016-01-01,0
MX-TAB,Aedes_aegypti,2016,2,2016-02-01,0
MX-TAB,Aedes_aegypti,2016,3,2016-03-01,0
MX-TAB,Aedes_aegypti,2016,4,2016-04-01,0
MX-TAB,Aedes_aegypti,2016,5,2016-05-01,0
MX-TAB,Aedes_aegypti,2016,6,2016-06-01,0
MX-TAB,Aedes_aegypti,2016,7,2016-07-01,0
MX-TAB,Aedes_aegypti,2016,8,2016-08-01,0
MX-TAB,Aedes_aegypti,2016,9,2016-09-01,0
MX-TAB,Aedes_aegypti,2016,10,2016-10-01,0
MX-TAB,Aedes_aegypti,2016,11,2016-11-01,0
MX-TAB,Aedes_aegypti,2016,12,2016-12-01,0
MX-TAB,Aedes_aegypti,2017,1,2017-01-01,0
MX-TAB,Aedes_aegypti,2017,2,2017-02-01,0
MX-TAB,Aedes_aegypti,2017,3,2017-03-01,0
MX-TAB,Aedes_aegypti,2017,4,2017-04-01,65
MX-TAB,Aedes_aegypti,2017,5,2017-05-01,0
MX-TAB,Aedes_aegypti,2017,6,2017-06-01,0
MX-TAB,Aedes_aegypti,2017,7,2017-07-01,0
MX-TAB,Aedes_aegypti,2017,8,2017-08-01,0
MX-TAB,Aedes_aegypti,2017,9,2017-09-01,0
MX-TAB,Aedes_aegypti,2017,10,2017-10-01,0
MX-TAB,Aedes_aegypti,2017,11,2017-11-01,0
MX-TAB,Aedes_aegypti,2017,12,2017-12-01,0
MX-TAB,Aedes_aegypti,2018,1,2018-01-01,0
MX-TAB,Aedes_aegypti,2018,2,2018-02-01,0
MX-TAB,Aedes_aegypti,2018,3,2018-03-01,0
MX-TAB,Aedes_aegypti,2018,4,2018-04-01,0
MX-TAB,Aedes_aegypti,2018,5,2018-05-01,0
MX-TAB,Aedes_aegypti,2018,6,2018-06-01,0
MX-TAB,Aedes_aegypti,2018,7,2018-07-01,0
MX-TAB,Aedes_aegypti,2018,8,2018-08-01,0
MX-TAB,Aedes_aegypti,2018,9,2018-09-01,0
MX-TAB,Aedes_aegypti,2018,10,2018-10-01,0
MX-TAB,Aedes_aegypti,2018,11,2018-11-01,0
MX-TAB,Aedes_aegypti,2018,12,2018-12-01,0
MX-TAB,Aedes_aegypti,2019,1,2019-01-01,0
MX-TAB,Aedes_aegypti,2019,2,2019-02-01,0
MX-TAB,Aedes_aegypti,2019,3,2019-03-01,0
MX-TAB,Aedes_aegypti,2019,4,2019-04-01,0
MX-TAB,Aedes_aegypti,2019,5,2019-05-01,0
MX-TAB,Aedes_aegypti,2019,6,2019-06-01,78
MX-TAB,Aedes_aegypti,2019,7,2019-07-01,0
MX-TAB,Aedes_aegypti,2019,8,2019-08-01,0
MX-TAB,Aedes_aegypti,2019,9,2019-09-01,0
MX-TAB,Aedes_aegypti,2019,10,2019-10-01,0
MX-TAB,Aedes_aegypti,2019,11,2019-11-01,63
MX-TAB,Aedes_aegypti,2019,12,2019-12-01,0
MX-TAB,Aedes_aegypti,2020,1,2020-01-01,0
MX-TAB,Aedes_aegypti,2020,2,2020-02-01,0
MX-TAB,Aedes_aegypti,2020,3,2020-03-01,0
MX-TAB,Aedes_aegypti,2020,4,2020-04-01,0
MX-TAB,Aedes_aegypti,2020,5,2020-05-01,0
MX-TAB,Aedes_aegypti,2020,6,2020-06-01,0
MX-TAB,Aedes_aegypti,2020,7,2020-07-01,0
MX-TAB,Aedes_aegypti,2020,8,2020-08-01,0
MX-TAB,Aedes_aegypti,2020,9,2020-09-01,48
MX-TAB,Aedes_aegypti,2020,10,2020-10-01,0
MX-TAB,Aedes_aegypti,2020,11,2020-11-01,0
MX-TAB,Aedes_aegypti,2020,12,2020-12-01,0
MX-TAB,Aedes_aegypti,2021,1,2021-01-01,0
MX-TAB,Aedes_aegypti,2021,2,2021-02-01,0
MX-TAB,Aedes_aegypti,2021,3,2021-03-01,0
MX-TAB,Aedes_aegypti,2021,4,2021-04-01,0
MX-TAB,Aedes_aegypti,2021,5,2021-05-01,0
MX-TAB,Aedes_aegypti,2021,6,2021-06-01,0
MX-TAB,Aedes_aegypti,2021,7,2021-07-01,0
MX-TAB,Aedes_aegypti,2021,8,2021-08-01,0
MX-TAB,Aedes_aegypti,2021,9,2021-09-01,0
MX-TAB,Aedes_aegypti,2021,10,2021-10-01,0
MX-TAB,Aedes_aegypti,2021,11,2021-11-01,0
MX-TAB,Aedes_aegypti,2021,12,2021-12-01,0
MX-TAB,Aedes_aegypti,2022,1,2022-01-01,0
MX-TAB,Aedes_aegypti,2022,2,2022-02-01,0
MX-TAB,Aedes_aegypti,2022,3,2022-03-01,0
MX-TAB,Aedes_aegypti,2022,4,2022-04-01,0
MX-TAB,Aedes_aegypti,2022,5,2022-05-01,0
MX-TAB,Aedes_aegypti,2022,6,2022-06-01,0
MX-TAB,Aedes_aegypti,2022,7,2022-07-01,0
MX-TAB,Aedes_aegypti,2022,8,2022-08-01,0
MX-TAB,Aedes_aegypti,2022,9,2022-09-01,0
MX-TAB,Aedes_aegypti,2022,10,2022-10-01,36
MX-TAB,Aedes_aegypti,2022,11,2022-11-01,0
MX-TAB,Aedes_aegypti,2022,12,2022-12-01,0
MX-TAB,mosquito,2004,1,2004-01-01,0
MX-TAB,mosquito,2004,2,2004-02-01,0
MX-TAB,mosquito,2004,3,2004-03-01,0
MX-TAB,mosquito,2004,4,2004-04-01,0
MX-TAB,mosquito,2004,5,2004-05-01,0
MX-TAB,mosquito,2004,6,2004-06-01,0
MX-TAB,mosquito,2004,7,2004-07-01,0
MX-TAB,mosquito,2004,8,2004-08-01,0
MX-TAB,mosquito,2004,9,2004-09-01,0
MX-TAB,mosquito,2004,10,2004-10-01,0
MX-TAB,mosquito,2004,11,2004-11-01,0
MX-TAB,mosquito,2004,12,2004-12-01,0
MX-TAB,mosquito,2005,1,2005-01-01,0
MX-TAB,mosquito,2005,2,2005-02-01,0
MX-TAB,mosquito,2005,3,2005-03-01,0
MX-TAB,mosquito,2005,4,2005-04-01,0
MX-TAB,mosquito,2005,5,2005-05-01,0
MX-TAB,mosquito,2005,6,2005-06-01,0
MX-TAB,mosquito,2005,7,2005-07-01,0
MX-TAB,mosquito,2005,8,2005-08-01,0
MX-TAB,mosquito,2005,9,2005-09-01,0
MX-TAB,mosquito,2005,10,2005-10-01,0
MX-TAB,mosquito,2005,11,2005-11-01,0
MX-TAB,mosquito,2005,12,2005-12-01,0
MX-TAB,mosquito,2006,1,2006-01-01,0
MX-TAB,mosquito,2006,2,2006-02-01,0
MX-TAB,mosquito,2006,3,2006-03-01,0
MX-TAB,mosquito,2006,4,2006-04-01,0
MX-TAB,mosquito,2006,5,2006-05-01,0
MX-TAB,mosquito,2006,6,2006-06-01,0
MX-TAB,mosquito,2006,7,2006-07-01,0
MX-TAB,mosquito,2006,8,2006-08-01,0
MX-TAB,mosquito,2006,9,2006-09-01,0
MX-TAB,mosquito,2006,10,2006-10-01,0
MX-TAB,mosquito,2006,11,2006-11-01,0
MX-TAB,mosquito,2006,12,2006-12-01,0
MX-TAB,mosquito,2007,1,2007-01-01,0
MX-TAB,mosquito,2007,2,2007-02-01,0
MX-TAB,mosquito,2007,3,2007-03-01,0
MX-TAB,mosquito,2007,4,2007-04-01,0
MX-TAB,mosquito,2007,5,2007-05-01,0
MX-TAB,mosquito,2007,6,2007-06-01,0
MX-TAB,mosquito,2007,7,2007-07-01,0
MX-TAB,mosquito,2007,8,2007-08-01,0
MX-TAB,mosquito,2007,9,2007-09-01,0
MX-TAB,mosquito,2007,10,2007-10-01,0
MX-TAB,mosquito,2007,11,2007-11-01,0
MX-TAB,mosquito,2007,12,2007-12-01,0
MX-TAB,mosquito,2008,1,2008-01-01,0
MX-TAB,mosquito,2008,2,2008-02-01,0
MX-TAB,mosquito,2008,3,2008-03-01,0
MX-TAB,mosquito,2008,4,2008-04-01,0
MX-TAB,mosquito,2008,5,2008-05-01,0
MX-TAB,mosquito,2008,6,2008-06-01,0
MX-TAB,mosquito,2008,7,2008-07-01,0
MX-TAB,mosquito,2008,8,2008-08-01,0
MX-TAB,mosquito,2008,9,2008-09-01,0
MX-TAB,mosquito,2008,10,2008-10-01,0
MX-TAB,mosquito,2008,11,2008-11-01,0
MX-TAB,mosquito,2008,12,2008-12-01,0
MX-TAB,mosquito,2009,1,2009-01-01,0
MX-TAB,mosquito,2009,2,2009-02-01,0
MX-TAB,mosquito,2009,3,2009-03-01,0
MX-TAB,mosquito,2009,4,2009-04-01,0
MX-TAB,mosquito,2009,5,2009-05-01,0
MX-TAB,mosquito,2009,6,2009-06-01,0
MX-TAB,mosquito,2009,7,2009-07-01,0
MX-TAB,mosquito,2009,8,2009-08-01,0
MX-TAB,mosquito,2009,9,2009-09-01,0
MX-TAB,mosquito,2009,10,2009-10-01,0
MX-TAB,mosquito,2009,11,2009-11-01,0
MX-TAB,mosquito,2009,12,2009-12-01,0
MX-TAB,mosquito,2010,1,2010-01-01,0
MX-TAB,mosquito,2010,2,2010-02-01,0
MX-TAB,mosquito,2010,3,2010-03-01,0
MX-TAB,mosquito,2010,4,2010-04-01,0
MX-TAB,mosquito,2010,5,2010-05-01,0
MX-TAB,mosquito,2010,6,2010-06-01,0
MX-TAB,mosquito,2010,7,2010-07-01,0
MX-TAB,mosquito,2010,8,2010-08-01,0
MX-TAB,mosquito,2010,9,2010-09-01,100
MX-TAB,mosquito,2010,10,2010-10-01,0
MX-TAB,mosquito,2010,11,2010-11-01,0
MX-TAB,mosquito,2010,12,2010-12-01,0
MX-TAB,mosquito,2011,1,2011-01-01,0
MX-TAB,mosquito,2011,2,2011-02-01,0
MX-TAB,mosquito,2011,3,2011-03-01,10
MX-TAB,mosquito,2011,4,2011-04-01,0
MX-TAB,mosquito,2011,5,2011-05-01,8
MX-TAB,mosquito,2011,6,2011-06-01,0
MX-TAB,mosquito,2011,7,2011-07-01,0
MX-TAB,mosquito,2011,8,2011-08-01,6
MX-TAB,mosquito,2011,9,2011-09-01,6
MX-TAB,mosquito,2011,10,2011-10-01,9
MX-TAB,mosquito,2011,11,2011-11-01,9
MX-TAB,mosquito,2011,12,2011-12-01,11
MX-TAB,mosquito,2012,1,2012-01-01,0
MX-TAB,mosquito,2012,2,2012-02-01,0
MX-TAB,mosquito,2012,3,2012-03-01,0
MX-TAB,mosquito,2012,4,2012-04-01,0
MX-TAB,mosquito,2012,5,2012-05-01,8
MX-TAB,mosquito,2012,6,2012-06-01,12
MX-TAB,mosquito,2012,7,2012-07-01,0
MX-TAB,mosquito,2012,8,2012-08-01,6
MX-TAB,mosquito,2012,9,2012-09-01,6
MX-TAB,mosquito,2012,10,2012-10-01,11
MX-TAB,mosquito,2012,11,2012-11-01,6
MX-TAB,mosquito,2012,12,2012-12-01,0
MX-TAB,mosquito,2013,1,2013-01-01,0
MX-TAB,mosquito,2013,2,2013-02-01,0
MX-TAB,mosquito,2013,3,2013-03-01,0
MX-TAB,mosquito,2013,4,2013-04-01,0
MX-TAB,mosquito,2013,5,2013-05-01,12
MX-TAB,mosquito,2013,6,2013-06-01,6
MX-TAB,mosquito,2013,7,2013-07-01,0
MX-TAB,mosquito,2013,8,2013-08-01,0
MX-TAB,mosquito,2013,9,2013-09-01,7
MX-TAB,mosquito,2013,10,2013-10-01,10
MX-TAB,mosquito,2013,11,2013-11-01,5
MX-TAB,mosquito,2013,12,2013-12-01,0
MX-TAB,mosquito,2014,1,2014-01-01,0
MX-TAB,mosquito,2014,2,2014-02-01,0
MX-TAB,mosquito,2014,3,2014-03-01,0
MX-TAB,mosquito,2014,4,2014-04-01,6
MX-TAB,mosquito,2014,5,2014-05-01,11
MX-TAB,mosquito,2014,6,2014-06-01,7
MX-TAB,mosquito,2014,7,2014-07-01,0
MX-TAB,mosquito,2014,8,2014-08-01,0
MX-TAB,mosquito,2014,9,2014-09-01,10
MX-TAB,mosquito,2014,10,2014-10-01,9
MX-TAB,mosquito,2014,11,2014-11-01,6
MX-TAB,mosquito,2014,12,2014-12-01,0
MX-TAB,mosquito,2015,1,2015-01-01,5
MX-TAB,mosquito,2015,2,2015-02-01,0
MX-TAB,mosquito,2015,3,2015-03-01,6
MX-TAB,mosquito,2015,4,2015-04-01,0
MX-TAB,mosquito,2015,5,2015-05-01,8
MX-TAB,mosquito,2015,6,2015-06-01,5
MX-TAB,mosquito,2015,7,2015-07-01,6
MX-TAB,mosquito,2015,8,2015-08-01,0
MX-TAB,mosquito,2015,9,2015-09-01,7
MX-TAB,mosquito,2015,10,2015-10-01,12
MX-TAB,mosquito,2015,11,2015-11-01,4
MX-TAB,mosquito,2015,12,2015-12-01,0
MX-TAB,mosquito,2016,1,2016-01-01,0
MX-TAB,mosquito,2016,2,2016-02-01,6
MX-TAB,mosquito,2016,3,2016-03-01,0
MX-TAB,mosquito,2016,4,2016-04-01,6
MX-TAB,mosquito,2016,5,2016-05-01,8
MX-TAB,mosquito,2016,6,2016-06-01,0
MX-TAB,mosquito,2016,7,2016-07-01,0
MX-TAB,mosquito,2016,8,2016-08-01,0
MX-TAB,mosquito,2016,9,2016-09-01,5
MX-TAB,mosquito,2016,10,2016-10-01,0
MX-TAB,mosquito,2016,11,2016-11-01,4
MX-TAB,mosquito,2016,12,2016-12-01,0
MX-TAB,mosquito,2017,1,2017-01-01,0
MX-TAB,mosquito,2017,2,2017-02-01,6
MX-TAB,mosquito,2017,3,2017-03-01,4
MX-TAB,mosquito,2017,4,2017-04-01,8
MX-TAB,mosquito,2017,5,2017-05-01,6
MX-TAB,mosquito,2017,6,2017-06-01,0
MX-TAB,mosquito,2017,7,2017-07-01,0
MX-TAB,mosquito,2017,8,2017-08-01,0
MX-TAB,mosquito,2017,9,2017-09-01,5
MX-TAB,mosquito,2017,10,2017-10-01,13
MX-TAB,mosquito,2017,11,2017-11-01,7
MX-TAB,mosquito,2017,12,2017-12-01,0
MX-TAB,mosquito,2018,1,2018-01-01,4
MX-TAB,mosquito,2018,2,2018-02-01,0
MX-TAB,mosquito,2018,3,2018-03-01,5
MX-TAB,mosquito,2018,4,2018-04-01,9
MX-TAB,mosquito,2018,5,2018-05-01,10
MX-TAB,mosquito,2018,6,2018-06-01,6
MX-TAB,mosquito,2018,7,2018-07-01,0
MX-TAB,mosquito,2018,8,2018-08-01,0
MX-TAB,mosquito,2018,9,2018-09-01,6
MX-TAB,mosquito,2018,10,2018-10-01,9
MX-TAB,mosquito,2018,11,2018-11-01,5
MX-TAB,mosquito,2018,12,2018-12-01,0
MX-TAB,mosquito,2019,1,2019-01-01,0
MX-TAB,mosquito,2019,2,2019-02-01,4
MX-TAB,mosquito,2019,3,2019-03-01,6
MX-TAB,mosquito,2019,4,2019-04-01,7
MX-TAB,mosquito,2019,5,2019-05-01,7
MX-TAB,mosquito,2019,6,2019-06-01,0
MX-TAB,mosquito,2019,7,2019-07-01,0
MX-TAB,mosquito,2019,8,2019-08-01,5
MX-TAB,mosquito,2019,9,2019-09-01,3
MX-TAB,mosquito,2019,10,2019-10-01,5
MX-TAB,mosquito,2019,11,2019-11-01,4
MX-TAB,mosquito,2019,12,2019-12-01,0
MX-TAB,mosquito,2020,1,2020-01-01,0
MX-TAB,mosquito,2020,2,2020-02-01,0
MX-TAB,mosquito,2020,3,2020-03-01,10
MX-TAB,mosquito,2020,4,2020-04-01,7
MX-TAB,mosquito,2020,5,2020-05-01,7
MX-TAB,mosquito,2020,6,2020-06-01,3
MX-TAB,mosquito,2020,7,2020-07-01,0
MX-TAB,mosquito,2020,8,2020-08-01,3
MX-TAB,mosquito,2020,9,2020-09-01,3
MX-TAB,mosquito,2020,10,2020-10-01,0
MX-TAB,mosquito,2020,11,2020-11-01,0
MX-TAB,mosquito,2020,12,2020-12-01,0
MX-TAB,mosquito,2021,1,2021-01-01,0
MX-TAB,mosquito,2021,2,2021-02-01,0
MX-TAB,mosquito,2021,3,2021-03-01,3
MX-TAB,mosquito,2021,4,2021-04-01,0
MX-TAB,mosquito,2021,5,2021-05-01,0
MX-TAB,mosquito,2021,6,2021-06-01,0
MX-TAB,mosquito,2021,7,2021-07-01,0
MX-TAB,mosquito,2021,8,2021-08-01,0
MX-TAB,mosquito,2021,9,2021-09-01,3
MX-TAB,mosquito,2021,10,2021-10-01,3
MX-TAB,mosquito,2021,11,2021-11-01,0
MX-TAB,mosquito,2021,12,2021-12-01,0
MX-TAB,mosquito,2022,1,2022-01-01,0
MX-TAB,mosquito,2022,2,2022-02-01,3
MX-TAB,mosquito,2022,3,2022-03-01,9
MX-TAB,mosquito,2022,4,2022-04-01,5
MX-TAB,mosquito,2022,5,2022-05-01,3
MX-TAB,mosquito,2022,6,2022-06-01,3
MX-TAB,mosquito,2022,7,2022-07-01,2
MX-TAB,mosquito,2022,8,2022-08-01,3
MX-TAB,mosquito,2022,9,2022-09-01,0
MX-TAB,mosquito,2022,10,2022-10-01,5
MX-TAB,mosquito,2022,11,2022-11-01,4
MX-TAB,mosquito,2022,12,2022-12-01,0
MX-TAB,vector,2004,1,2004-01-01,0
MX-TAB,vector,2004,2,2004-02-01,0
MX-TAB,vector,2004,3,2004-03-01,0
MX-TAB,vector,2004,4,2004-04-01,0
MX-TAB,vector,2004,5,2004-05-01,0
MX-TAB,vector,2004,6,2004-06-01,0
MX-TAB,vector,2004,7,2004-07-01,0
MX-TAB,vector,2004,8,2004-08-01,0
MX-TAB,vector,2004,9,2004-09-01,0
MX-TAB,vector,2004,10,2004-10-01,0
MX-TAB,vector,2004,11,2004-11-01,0
MX-TAB,vector,2004,12,2004-12-01,0
MX-TAB,vector,2005,1,2005-01-01,0
MX-TAB,vector,2005,2,2005-02-01,0
MX-TAB,vector,2005,3,2005-03-01,0
MX-TAB,vector,2005,4,2005-04-01,0
MX-TAB,vector,2005,5,2005-05-01,0
MX-TAB,vector,2005,6,2005-06-01,0
MX-TAB,vector,2005,7,2005-07-01,0
MX-TAB,vector,2005,8,2005-08-01,0
MX-TAB,vector,2005,9,2005-09-01,0
MX-TAB,vector,2005,10,2005-10-01,0
MX-TAB,vector,2005,11,2005-11-01,0
MX-TAB,vector,2005,12,2005-12-01,0
MX-TAB,vector,2006,1,2006-01-01,0
MX-TAB,vector,2006,2,2006-02-01,0
MX-TAB,vector,2006,3,2006-03-01,0
MX-TAB,vector,2006,4,2006-04-01,0
MX-TAB,vector,2006,5,2006-05-01,0
MX-TAB,vector,2006,6,2006-06-01,0
MX-TAB,vector,2006,7,2006-07-01,0
MX-TAB,vector,2006,8,2006-08-01,0
MX-TAB,vector,2006,9,2006-09-01,0
MX-TAB,vector,2006,10,2006-10-01,0
MX-TAB,vector,2006,11,2006-11-01,0
MX-TAB,vector,2006,12,2006-12-01,0
MX-TAB,vector,2007,1,2007-01-01,0
MX-TAB,vector,2007,2,2007-02-01,0
MX-TAB,vector,2007,3,2007-03-01,0
MX-TAB,vector,2007,4,2007-04-01,0
MX-TAB,vector,2007,5,2007-05-01,0
MX-TAB,vector,2007,6,2007-06-01,0
MX-TAB,vector,2007,7,2007-07-01,0
MX-TAB,vector,2007,8,2007-08-01,0
MX-TAB,vector,2007,9,2007-09-01,0
MX-TAB,vector,2007,10,2007-10-01,0
MX-TAB,vector,2007,11,2007-11-01,0
MX-TAB,vector,2007,12,2007-12-01,0
MX-TAB,vector,2008,1,2008-01-01,0
MX-TAB,vector,2008,2,2008-02-01,100
MX-TAB,vector,2008,3,2008-03-01,0
MX-TAB,vector,2008,4,2008-04-01,0
MX-TAB,vector,2008,5,2008-05-01,0
MX-TAB,vector,2008,6,2008-06-01,0
MX-TAB,vector,2008,7,2008-07-01,0
MX-TAB,vector,2008,8,2008-08-01,0
MX-TAB,vector,2008,9,2008-09-01,0
MX-TAB,vector,2008,10,2008-10-01,0
MX-TAB,vector,2008,11,2008-11-01,0
MX-TAB,vector,2008,12,2008-12-01,0
MX-TAB,vector,2009,1,2009-01-01,0
MX-TAB,vector,2009,2,2009-02-01,0
MX-TAB,vector,2009,3,2009-03-01,0
MX-TAB,vector,2009,4,2009-04-01,0
MX-TAB,vector,2009,5,2009-05-01,0
MX-TAB,vector,2009,6,2009-06-01,0
MX-TAB,vector,2009,7,2009-07-01,0
MX-TAB,vector,2009,8,2009-08-01,0
MX-TAB,vector,2009,9,2009-09-01,88
MX-TAB,vector,2009,10,2009-10-01,0
MX-TAB,vector,2009,11,2009-11-01,0
MX-TAB,vector,2009,12,2009-12-01,0
MX-TAB,vector,2010,1,2010-01-01,0
MX-TAB,vector,2010,2,2010-02-01,0
MX-TAB,vector,2010,3,2010-03-01,0
MX-TAB,vector,2010,4,2010-04-01,0
MX-TAB,vector,2010,5,2010-05-01,0
MX-TAB,vector,2010,6,2010-06-01,0
MX-TAB,vector,2010,7,2010-07-01,0
MX-TAB,vector,2010,8,2010-08-01,0
MX-TAB,vector,2010,9,2010-09-01,0
MX-TAB,vector,2010,10,2010-10-01,0
MX-TAB,vector,2010,11,2010-11-01,0
MX-TAB,vector,2010,12,2010-12-01,0
MX-TAB,vector,2011,1,2011-01-01,0
MX-TAB,vector,2011,2,2011-02-01,0
MX-TAB,vector,2011,3,2011-03-01,7
MX-TAB,vector,2011,4,2011-04-01,0
MX-TAB,vector,2011,5,2011-05-01,0
MX-TAB,vector,2011,6,2011-06-01,0
MX-TAB,vector,2011,7,2011-07-01,0
MX-TAB,vector,2011,8,2011-08-01,8
MX-TAB,vector,2011,9,2011-09-01,8
MX-TAB,vector,2011,10,2011-10-01,4
MX-TAB,vector,2011,11,2011-11-01,7
MX-TAB,vector,2011,12,2011-12-01,0
MX-TAB,vector,2012,1,2012-01-01,0
MX-TAB,vector,2012,2,2012-02-01,9
MX-TAB,vector,2012,3,2012-03-01,0
MX-TAB,vector,2012,4,2012-04-01,0
MX-TAB,vector,2012,5,2012-05-01,0
MX-TAB,vector,2012,6,2012-06-01,0
MX-TAB,vector,2012,7,2012-07-01,0
MX-TAB,vector,2012,8,2012-08-01,8
MX-TAB,vector,2012,9,2012-09-01,4
MX-TAB,vector,2012,10,2012-10-01,4
MX-TAB,vector,2012,11,2012-11-01,4
MX-TAB,vector,2012,12,2012-12-01,0
MX-TAB,vector,2013,1,2013-01-01,0
MX-TAB,vector,2013,2,2013-02-01,0
MX-TAB,vector,2013,3,2013-03-01,4
MX-TAB,vector,2013,4,2013-04-01,0
MX-TAB,vector,2013,5,2013-05-01,5
MX-TAB,vector,2013,6,2013-06-01,0
MX-TAB,vector,2013,7,2013-07-01,5
MX-TAB,vector,2013,8,2013-08-01,6
MX-TAB,vector,2013,9,2013-09-01,7
MX-TAB,vector,2013,10,2013-10-01,4
MX-TAB,vector,2013,11,2013-11-01,0
MX-TAB,vector,2013,12,2013-12-01,0
MX-TAB,vector,2014,1,2014-01-01,0
MX-TAB,vector,2014,2,2014-02-01,0
MX-TAB,vector,2014,3,2014-03-01,5
MX-TAB,vector,2014,4,2014-04-01,0
MX-TAB,vector,2014,5,2014-05-01,0
MX-TAB,vector,2014,6,2014-06-01,0
MX-TAB,vector,2014,7,2014-07-01,0
MX-TAB,vector,2014,8,2014-08-01,0
MX-TAB,vector,2014,9,2014-09-01,5
MX-TAB,vector,2014,10,2014-10-01,6
MX-TAB,vector,2014,11,2014-11-01,5
MX-TAB,vector,2014,12,2014-12-01,0
MX-TAB,vector,2015,1,2015-01-01,4
MX-TAB,vector,2015,2,2015-02-01,5
MX-TAB,vector,2015,3,2015-03-01,3
MX-TAB,vector,2015,4,2015-04-01,0
MX-TAB,vector,2015,5,2015-05-01,0
MX-TAB,vector,2015,6,2015-06-01,0
MX-TAB,vector,2015,7,2015-07-01,0
MX-TAB,vector,2015,8,2015-08-01,3
MX-TAB,vector,2015,9,2015-09-01,4
MX-TAB,vector,2015,10,2015-10-01,4
MX-TAB,vector,2015,11,2015-11-01,3
MX-TAB,vector,2015,12,2015-12-01,0
MX-TAB,vector,2016,1,2016-01-01,0
MX-TAB,vector,2016,2,2016-02-01,8
MX-TAB,vector,2016,3,2016-03-01,3
MX-TAB,vector,2016,4,2016-04-01,0
MX-TAB,vector,2016,5,2016-05-01,3
MX-TAB,vector,2016,6,2016-06-01,3
MX-TAB,vector,2016,7,2016-07-01,0
MX-TAB,vector,2016,8,2016-08-01,5
MX-TAB,vector,2016,9,2016-09-01,6
MX-TAB,vector,2016,10,2016-10-01,3
MX-TAB,vector,2016,11,2016-11-01,0
MX-TAB,vector,2016,12,2016-12-01,0
MX-TAB,vector,2017,1,2017-01-01,0
MX-TAB,vector,2017,2,2017-02-01,0
MX-TAB,vector,2017,3,2017-03-01,0
MX-TAB,vector,2017,4,2017-04-01,0
MX-TAB,vector,2017,5,2017-05-01,0
MX-TAB,vector,2017,6,2017-06-01,0
MX-TAB,vector,2017,7,2017-07-01,0
MX-TAB,vector,2017,8,2017-08-01,0
MX-TAB,vector,2017,9,2017-09-01,0
MX-TAB,vector,2017,10,2017-10-01,0
MX-TAB,vector,2017,11,2017-11-01,0
MX-TAB,vector,2017,12,2017-12-01,0
MX-TAB,vector,2018,1,2018-01-01,0
MX-TAB,vector,2018,2,2018-02-01,0
MX-TAB,vector,2018,3,2018-03-01,0
MX-TAB,vector,2018,4,2018-04-01,0
MX-TAB,vector,2018,5,2018-05-01,0
MX-TAB,vector,2018,6,2018-06-01,0
MX-TAB,vector,2018,7,2018-07-01,0
MX-TAB,vector,2018,8,2018-08-01,0
MX-TAB,vector,2018,9,2018-09-01,0
MX-TAB,vector,2018,10,2018-10-01,0
MX-TAB,vector,2018,11,2018-11-01,0
MX-TAB,vector,2018,12,2018-12-01,0
MX-TAB,vector,2019,1,2019-01-01,0
MX-TAB,vector,2019,2,2019-02-01,0
MX-TAB,vector,2019,3,2019-03-01,0
MX-TAB,vector,2019,4,2019-04-01,0
MX-TAB,vector,2019,5,2019-05-01,0
MX-TAB,vector,2019,6,2019-06-01,0
MX-TAB,vector,2019,7,2019-07-01,0
MX-TAB,vector,2019,8,2019-08-01,0
MX-TAB,vector,2019,9,2019-09-01,0
MX-TAB,vector,2019,10,2019-10-01,0
MX-TAB,vector,2019,11,2019-11-01,0
MX-TAB,vector,2019,12,2019-12-01,0
MX-TAB,vector,2020,1,2020-01-01,0
MX-TAB,vector,2020,2,2020-02-01,0
MX-TAB,vector,2020,3,2020-03-01,0
MX-TAB,vector,2020,4,2020-04-01,0
MX-TAB,vector,2020,5,2020-05-01,0
MX-TAB,vector,2020,6,2020-06-01,0
MX-TAB,vector,2020,7,2020-07-01,0
MX-TAB,vector,2020,8,2020-08-01,0
MX-TAB,vector,2020,9,2020-09-01,0
MX-TAB,vector,2020,10,2020-10-01,0
MX-TAB,vector,2020,11,2020-11-01,0
MX-TAB,vector,2020,12,2020-12-01,0
MX-TAB,vector,2021,1,2021-01-01,0
MX-TAB,vector,2021,2,2021-02-01,0
MX-TAB,vector,2021,3,2021-03-01,3
MX-TAB,vector,2021,4,2021-04-01,2
MX-TAB,vector,2021,5,2021-05-01,0
MX-TAB,vector,2021,6,2021-06-01,0
MX-TAB,vector,2021,7,2021-07-01,0
MX-TAB,vector,2021,8,2021-08-01,2
MX-TAB,vector,2021,9,2021-09-01,0
MX-TAB,vector,2021,10,2021-10-01,0
MX-TAB,vector,2021,11,2021-11-01,2
MX-TAB,vector,2021,12,2021-12-01,0
MX-TAB,vector,2022,1,2022-01-01,0
MX-TAB,vector,2022,2,2022-02-01,3
MX-TAB,vector,2022,3,2022-03-01,3
MX-TAB,vector,2022,4,2022-04-01,0
MX-TAB,vector,2022,5,2022-05-01,0
MX-TAB,vector,2022,6,2022-06-01,2
MX-TAB,vector,2022,7,2022-07-01,0
MX-TAB,vector,2022,8,2022-08-01,1
MX-TAB,vector,2022,9,2022-09-01,5
MX-TAB,vector,2022,10,2022-10-01,4
MX-TAB,vector,2022,11,2022-11-01,2
MX-TAB,vector,2022,12,2022-12-01,3
MX-TAM,Aedes_aegypti,2004,1,2004-01-01,0
MX-TAM,Aedes_aegypti,2004,2,2004-02-01,0
MX-TAM,Aedes_aegypti,2004,3,2004-03-01,0
MX-TAM,Aedes_aegypti,2004,4,2004-04-01,0
MX-TAM,Aedes_aegypti,2004,5,2004-05-01,0
MX-TAM,Aedes_aegypti,2004,6,2004-06-01,0
MX-TAM,Aedes_aegypti,2004,7,2004-07-01,0
MX-TAM,Aedes_aegypti,2004,8,2004-08-01,0
MX-TAM,Aedes_aegypti,2004,9,2004-09-01,0
MX-TAM,Aedes_aegypti,2004,10,2004-10-01,0
MX-TAM,Aedes_aegypti,2004,11,2004-11-01,0
MX-TAM,Aedes_aegypti,2004,12,2004-12-01,0
MX-TAM,Aedes_aegypti,2005,1,2005-01-01,0
MX-TAM,Aedes_aegypti,2005,2,2005-02-01,0
MX-TAM,Aedes_aegypti,2005,3,2005-03-01,0
MX-TAM,Aedes_aegypti,2005,4,2005-04-01,0
MX-TAM,Aedes_aegypti,2005,5,2005-05-01,0
MX-TAM,Aedes_aegypti,2005,6,2005-06-01,0
MX-TAM,Aedes_aegypti,2005,7,2005-07-01,0
MX-TAM,Aedes_aegypti,2005,8,2005-08-01,0
MX-TAM,Aedes_aegypti,2005,9,2005-09-01,0
MX-TAM,Aedes_aegypti,2005,10,2005-10-01,0
MX-TAM,Aedes_aegypti,2005,11,2005-11-01,0
MX-TAM,Aedes_aegypti,2005,12,2005-12-01,0
MX-TAM,Aedes_aegypti,2006,1,2006-01-01,0
MX-TAM,Aedes_aegypti,2006,2,2006-02-01,0
MX-TAM,Aedes_aegypti,2006,3,2006-03-01,0
MX-TAM,Aedes_aegypti,2006,4,2006-04-01,0
MX-TAM,Aedes_aegypti,2006,5,2006-05-01,0
MX-TAM,Aedes_aegypti,2006,6,2006-06-01,0
MX-TAM,Aedes_aegypti,2006,7,2006-07-01,0
MX-TAM,Aedes_aegypti,2006,8,2006-08-01,0
MX-TAM,Aedes_aegypti,2006,9,2006-09-01,0
MX-TAM,Aedes_aegypti,2006,10,2006-10-01,0
MX-TAM,Aedes_aegypti,2006,11,2006-11-01,0
MX-TAM,Aedes_aegypti,2006,12,2006-12-01,0
MX-TAM,Aedes_aegypti,2007,1,2007-01-01,0
MX-TAM,Aedes_aegypti,2007,2,2007-02-01,0
MX-TAM,Aedes_aegypti,2007,3,2007-03-01,0
MX-TAM,Aedes_aegypti,2007,4,2007-04-01,0
MX-TAM,Aedes_aegypti,2007,5,2007-05-01,0
MX-TAM,Aedes_aegypti,2007,6,2007-06-01,0
MX-TAM,Aedes_aegypti,2007,7,2007-07-01,0
MX-TAM,Aedes_aegypti,2007,8,2007-08-01,0
MX-TAM,Aedes_aegypti,2007,9,2007-09-01,0
MX-TAM,Aedes_aegypti,2007,10,2007-10-01,0
MX-TAM,Aedes_aegypti,2007,11,2007-11-01,0
MX-TAM,Aedes_aegypti,2007,12,2007-12-01,0
MX-TAM,Aedes_aegypti,2008,1,2008-01-01,0
MX-TAM,Aedes_aegypti,2008,2,2008-02-01,0
MX-TAM,Aedes_aegypti,2008,3,2008-03-01,0
MX-TAM,Aedes_aegypti,2008,4,2008-04-01,0
MX-TAM,Aedes_aegypti,2008,5,2008-05-01,0
MX-TAM,Aedes_aegypti,2008,6,2008-06-01,0
MX-TAM,Aedes_aegypti,2008,7,2008-07-01,0
MX-TAM,Aedes_aegypti,2008,8,2008-08-01,0
MX-TAM,Aedes_aegypti,2008,9,2008-09-01,0
MX-TAM,Aedes_aegypti,2008,10,2008-10-01,0
MX-TAM,Aedes_aegypti,2008,11,2008-11-01,0
MX-TAM,Aedes_aegypti,2008,12,2008-12-01,0
MX-TAM,Aedes_aegypti,2009,1,2009-01-01,0
MX-TAM,Aedes_aegypti,2009,2,2009-02-01,0
MX-TAM,Aedes_aegypti,2009,3,2009-03-01,0
MX-TAM,Aedes_aegypti,2009,4,2009-04-01,0
MX-TAM,Aedes_aegypti,2009,5,2009-05-01,0
MX-TAM,Aedes_aegypti,2009,6,2009-06-01,0
MX-TAM,Aedes_aegypti,2009,7,2009-07-01,0
MX-TAM,Aedes_aegypti,2009,8,2009-08-01,0
MX-TAM,Aedes_aegypti,2009,9,2009-09-01,0
MX-TAM,Aedes_aegypti,2009,10,2009-10-01,0
MX-TAM,Aedes_aegypti,2009,11,2009-11-01,0
MX-TAM,Aedes_aegypti,2009,12,2009-12-01,0
MX-TAM,Aedes_aegypti,2010,1,2010-01-01,0
MX-TAM,Aedes_aegypti,2010,2,2010-02-01,0
MX-TAM,Aedes_aegypti,2010,3,2010-03-01,0
MX-TAM,Aedes_aegypti,2010,4,2010-04-01,0
MX-TAM,Aedes_aegypti,2010,5,2010-05-01,0
MX-TAM,Aedes_aegypti,2010,6,2010-06-01,0
MX-TAM,Aedes_aegypti,2010,7,2010-07-01,0
MX-TAM,Aedes_aegypti,2010,8,2010-08-01,0
MX-TAM,Aedes_aegypti,2010,9,2010-09-01,0
MX-TAM,Aedes_aegypti,2010,10,2010-10-01,0
MX-TAM,Aedes_aegypti,2010,11,2010-11-01,0
MX-TAM,Aedes_aegypti,2010,12,2010-12-01,0
MX-TAM,Aedes_aegypti,2011,1,2011-01-01,0
MX-TAM,Aedes_aegypti,2011,2,2011-02-01,0
MX-TAM,Aedes_aegypti,2011,3,2011-03-01,0
MX-TAM,Aedes_aegypti,2011,4,2011-04-01,0
MX-TAM,Aedes_aegypti,2011,5,2011-05-01,0
MX-TAM,Aedes_aegypti,2011,6,2011-06-01,0
MX-TAM,Aedes_aegypti,2011,7,2011-07-01,0
MX-TAM,Aedes_aegypti,2011,8,2011-08-01,0
MX-TAM,Aedes_aegypti,2011,9,2011-09-01,0
MX-TAM,Aedes_aegypti,2011,10,2011-10-01,0
MX-TAM,Aedes_aegypti,2011,11,2011-11-01,0
MX-TAM,Aedes_aegypti,2011,12,2011-12-01,0
MX-TAM,Aedes_aegypti,2012,1,2012-01-01,0
MX-TAM,Aedes_aegypti,2012,2,2012-02-01,0
MX-TAM,Aedes_aegypti,2012,3,2012-03-01,0
MX-TAM,Aedes_aegypti,2012,4,2012-04-01,0
MX-TAM,Aedes_aegypti,2012,5,2012-05-01,0
MX-TAM,Aedes_aegypti,2012,6,2012-06-01,0
MX-TAM,Aedes_aegypti,2012,7,2012-07-01,54
MX-TAM,Aedes_aegypti,2012,8,2012-08-01,0
MX-TAM,Aedes_aegypti,2012,9,2012-09-01,54
MX-TAM,Aedes_aegypti,2012,10,2012-10-01,0
MX-TAM,Aedes_aegypti,2012,11,2012-11-01,0
MX-TAM,Aedes_aegypti,2012,12,2012-12-01,0
MX-TAM,Aedes_aegypti,2013,1,2013-01-01,0
MX-TAM,Aedes_aegypti,2013,2,2013-02-01,0
MX-TAM,Aedes_aegypti,2013,3,2013-03-01,0
MX-TAM,Aedes_aegypti,2013,4,2013-04-01,0
MX-TAM,Aedes_aegypti,2013,5,2013-05-01,0
MX-TAM,Aedes_aegypti,2013,6,2013-06-01,0
MX-TAM,Aedes_aegypti,2013,7,2013-07-01,56
MX-TAM,Aedes_aegypti,2013,8,2013-08-01,0
MX-TAM,Aedes_aegypti,2013,9,2013-09-01,0
MX-TAM,Aedes_aegypti,2013,10,2013-10-01,0
MX-TAM,Aedes_aegypti,2013,11,2013-11-01,75
MX-TAM,Aedes_aegypti,2013,12,2013-12-01,0
MX-TAM,Aedes_aegypti,2014,1,2014-01-01,0
MX-TAM,Aedes_aegypti,2014,2,2014-02-01,0
MX-TAM,Aedes_aegypti,2014,3,2014-03-01,0
MX-TAM,Aedes_aegypti,2014,4,2014-04-01,0
MX-TAM,Aedes_aegypti,2014,5,2014-05-01,0
MX-TAM,Aedes_aegypti,2014,6,2014-06-01,0
MX-TAM,Aedes_aegypti,2014,7,2014-07-01,0
MX-TAM,Aedes_aegypti,2014,8,2014-08-01,0
MX-TAM,Aedes_aegypti,2014,9,2014-09-01,0
MX-TAM,Aedes_aegypti,2014,10,2014-10-01,0
MX-TAM,Aedes_aegypti,2014,11,2014-11-01,0
MX-TAM,Aedes_aegypti,2014,12,2014-12-01,0
MX-TAM,Aedes_aegypti,2015,1,2015-01-01,0
MX-TAM,Aedes_aegypti,2015,2,2015-02-01,0
MX-TAM,Aedes_aegypti,2015,3,2015-03-01,0
MX-TAM,Aedes_aegypti,2015,4,2015-04-01,0
MX-TAM,Aedes_aegypti,2015,5,2015-05-01,0
MX-TAM,Aedes_aegypti,2015,6,2015-06-01,0
MX-TAM,Aedes_aegypti,2015,7,2015-07-01,0
MX-TAM,Aedes_aegypti,2015,8,2015-08-01,0
MX-TAM,Aedes_aegypti,2015,9,2015-09-01,0
MX-TAM,Aedes_aegypti,2015,10,2015-10-01,0
MX-TAM,Aedes_aegypti,2015,11,2015-11-01,0
MX-TAM,Aedes_aegypti,2015,12,2015-12-01,0
MX-TAM,Aedes_aegypti,2016,1,2016-01-01,0
MX-TAM,Aedes_aegypti,2016,2,2016-02-01,0
MX-TAM,Aedes_aegypti,2016,3,2016-03-01,0
MX-TAM,Aedes_aegypti,2016,4,2016-04-01,0
MX-TAM,Aedes_aegypti,2016,5,2016-05-01,0
MX-TAM,Aedes_aegypti,2016,6,2016-06-01,0
MX-TAM,Aedes_aegypti,2016,7,2016-07-01,0
MX-TAM,Aedes_aegypti,2016,8,2016-08-01,0
MX-TAM,Aedes_aegypti,2016,9,2016-09-01,49
MX-TAM,Aedes_aegypti,2016,10,2016-10-01,0
MX-TAM,Aedes_aegypti,2016,11,2016-11-01,0
MX-TAM,Aedes_aegypti,2016,12,2016-12-01,47
MX-TAM,Aedes_aegypti,2017,1,2017-01-01,0
MX-TAM,Aedes_aegypti,2017,2,2017-02-01,0
MX-TAM,Aedes_aegypti,2017,3,2017-03-01,0
MX-TAM,Aedes_aegypti,2017,4,2017-04-01,0
MX-TAM,Aedes_aegypti,2017,5,2017-05-01,0
MX-TAM,Aedes_aegypti,2017,6,2017-06-01,0
MX-TAM,Aedes_aegypti,2017,7,2017-07-01,0
MX-TAM,Aedes_aegypti,2017,8,2017-08-01,0
MX-TAM,Aedes_aegypti,2017,9,2017-09-01,0
MX-TAM,Aedes_aegypti,2017,10,2017-10-01,0
MX-TAM,Aedes_aegypti,2017,11,2017-11-01,0
MX-TAM,Aedes_aegypti,2017,12,2017-12-01,0
MX-TAM,Aedes_aegypti,2018,1,2018-01-01,0
MX-TAM,Aedes_aegypti,2018,2,2018-02-01,0
MX-TAM,Aedes_aegypti,2018,3,2018-03-01,0
MX-TAM,Aedes_aegypti,2018,4,2018-04-01,0
MX-TAM,Aedes_aegypti,2018,5,2018-05-01,0
MX-TAM,Aedes_aegypti,2018,6,2018-06-01,0
MX-TAM,Aedes_aegypti,2018,7,2018-07-01,0
MX-TAM,Aedes_aegypti,2018,8,2018-08-01,0
MX-TAM,Aedes_aegypti,2018,9,2018-09-01,0
MX-TAM,Aedes_aegypti,2018,10,2018-10-01,0
MX-TAM,Aedes_aegypti,2018,11,2018-11-01,0
MX-TAM,Aedes_aegypti,2018,12,2018-12-01,0
MX-TAM,Aedes_aegypti,2019,1,2019-01-01,0
MX-TAM,Aedes_aegypti,2019,2,2019-02-01,0
MX-TAM,Aedes_aegypti,2019,3,2019-03-01,0
MX-TAM,Aedes_aegypti,2019,4,2019-04-01,0
MX-TAM,Aedes_aegypti,2019,5,2019-05-01,0
MX-TAM,Aedes_aegypti,2019,6,2019-06-01,0
MX-TAM,Aedes_aegypti,2019,7,2019-07-01,0
MX-TAM,Aedes_aegypti,2019,8,2019-08-01,0
MX-TAM,Aedes_aegypti,2019,9,2019-09-01,0
MX-TAM,Aedes_aegypti,2019,10,2019-10-01,0
MX-TAM,Aedes_aegypti,2019,11,2019-11-01,0
MX-TAM,Aedes_aegypti,2019,12,2019-12-01,0
MX-TAM,Aedes_aegypti,2020,1,2020-01-01,0
MX-TAM,Aedes_aegypti,2020,2,2020-02-01,0
MX-TAM,Aedes_aegypti,2020,3,2020-03-01,0
MX-TAM,Aedes_aegypti,2020,4,2020-04-01,0
MX-TAM,Aedes_aegypti,2020,5,2020-05-01,0
MX-TAM,Aedes_aegypti,2020,6,2020-06-01,35
MX-TAM,Aedes_aegypti,2020,7,2020-07-01,50
MX-TAM,Aedes_aegypti,2020,8,2020-08-01,67
MX-TAM,Aedes_aegypti,2020,9,2020-09-01,50
MX-TAM,Aedes_aegypti,2020,10,2020-10-01,100
MX-TAM,Aedes_aegypti,2020,11,2020-11-01,0
MX-TAM,Aedes_aegypti,2020,12,2020-12-01,0
MX-TAM,Aedes_aegypti,2021,1,2021-01-01,0
MX-TAM,Aedes_aegypti,2021,2,2021-02-01,0
MX-TAM,Aedes_aegypti,2021,3,2021-03-01,0
MX-TAM,Aedes_aegypti,2021,4,2021-04-01,0
MX-TAM,Aedes_aegypti,2021,5,2021-05-01,0
MX-TAM,Aedes_aegypti,2021,6,2021-06-01,0
MX-TAM,Aedes_aegypti,2021,7,2021-07-01,0
MX-TAM,Aedes_aegypti,2021,8,2021-08-01,0
MX-TAM,Aedes_aegypti,2021,9,2021-09-01,0
MX-TAM,Aedes_aegypti,2021,10,2021-10-01,0
MX-TAM,Aedes_aegypti,2021,11,2021-11-01,0
MX-TAM,Aedes_aegypti,2021,12,2021-12-01,0
MX-TAM,Aedes_aegypti,2022,1,2022-01-01,0
MX-TAM,Aedes_aegypti,2022,2,2022-02-01,0
MX-TAM,Aedes_aegypti,2022,3,2022-03-01,0
MX-TAM,Aedes_aegypti,2022,4,2022-04-01,0
MX-TAM,Aedes_aegypti,2022,5,2022-05-01,0
MX-TAM,Aedes_aegypti,2022,6,2022-06-01,0
MX-TAM,Aedes_aegypti,2022,7,2022-07-01,0
MX-TAM,Aedes_aegypti,2022,8,2022-08-01,0
MX-TAM,Aedes_aegypti,2022,9,2022-09-01,0
MX-TAM,Aedes_aegypti,2022,10,2022-10-01,0
MX-TAM,Aedes_aegypti,2022,11,2022-11-01,0
MX-TAM,Aedes_aegypti,2022,12,2022-12-01,0
MX-TAM,mosquito,2004,1,2004-01-01,0
MX-TAM,mosquito,2004,2,2004-02-01,0
MX-TAM,mosquito,2004,3,2004-03-01,0
MX-TAM,mosquito,2004,4,2004-04-01,0
MX-TAM,mosquito,2004,5,2004-05-01,0
MX-TAM,mosquito,2004,6,2004-06-01,0
MX-TAM,mosquito,2004,7,2004-07-01,0
MX-TAM,mosquito,2004,8,2004-08-01,0
MX-TAM,mosquito,2004,9,2004-09-01,0
MX-TAM,mosquito,2004,10,2004-10-01,0
MX-TAM,mosquito,2004,11,2004-11-01,0
MX-TAM,mosquito,2004,12,2004-12-01,0
MX-TAM,mosquito,2005,1,2005-01-01,0
MX-TAM,mosquito,2005,2,2005-02-01,0
MX-TAM,mosquito,2005,3,2005-03-01,0
MX-TAM,mosquito,2005,4,2005-04-01,0
MX-TAM,mosquito,2005,5,2005-05-01,0
MX-TAM,mosquito,2005,6,2005-06-01,0
MX-TAM,mosquito,2005,7,2005-07-01,0
MX-TAM,mosquito,2005,8,2005-08-01,0
MX-TAM,mosquito,2005,9,2005-09-01,0
MX-TAM,mosquito,2005,10,2005-10-01,0
MX-TAM,mosquito,2005,11,2005-11-01,0
MX-TAM,mosquito,2005,12,2005-12-01,0
MX-TAM,mosquito,2006,1,2006-01-01,0
MX-TAM,mosquito,2006,2,2006-02-01,0
MX-TAM,mosquito,2006,3,2006-03-01,0
MX-TAM,mosquito,2006,4,2006-04-01,0
MX-TAM,mosquito,2006,5,2006-05-01,0
MX-TAM,mosquito,2006,6,2006-06-01,0
MX-TAM,mosquito,2006,7,2006-07-01,0
MX-TAM,mosquito,2006,8,2006-08-01,0
MX-TAM,mosquito,2006,9,2006-09-01,0
MX-TAM,mosquito,2006,10,2006-10-01,0
MX-TAM,mosquito,2006,11,2006-11-01,0
MX-TAM,mosquito,2006,12,2006-12-01,0
MX-TAM,mosquito,2007,1,2007-01-01,0
MX-TAM,mosquito,2007,2,2007-02-01,0
MX-TAM,mosquito,2007,3,2007-03-01,0
MX-TAM,mosquito,2007,4,2007-04-01,0
MX-TAM,mosquito,2007,5,2007-05-01,0
MX-TAM,mosquito,2007,6,2007-06-01,0
MX-TAM,mosquito,2007,7,2007-07-01,0
MX-TAM,mosquito,2007,8,2007-08-01,0
MX-TAM,mosquito,2007,9,2007-09-01,0
MX-TAM,mosquito,2007,10,2007-10-01,0
MX-TAM,mosquito,2007,11,2007-11-01,0
MX-TAM,mosquito,2007,12,2007-12-01,0
MX-TAM,mosquito,2008,1,2008-01-01,0
MX-TAM,mosquito,2008,2,2008-02-01,0
MX-TAM,mosquito,2008,3,2008-03-01,0
MX-TAM,mosquito,2008,4,2008-04-01,0
MX-TAM,mosquito,2008,5,2008-05-01,0
MX-TAM,mosquito,2008,6,2008-06-01,0
MX-TAM,mosquito,2008,7,2008-07-01,0
MX-TAM,mosquito,2008,8,2008-08-01,0
MX-TAM,mosquito,2008,9,2008-09-01,0
MX-TAM,mosquito,2008,10,2008-10-01,0
MX-TAM,mosquito,2008,11,2008-11-01,0
MX-TAM,mosquito,2008,12,2008-12-01,0
MX-TAM,mosquito,2009,1,2009-01-01,0
MX-TAM,mosquito,2009,2,2009-02-01,0
MX-TAM,mosquito,2009,3,2009-03-01,0
MX-TAM,mosquito,2009,4,2009-04-01,0
MX-TAM,mosquito,2009,5,2009-05-01,0
MX-TAM,mosquito,2009,6,2009-06-01,0
MX-TAM,mosquito,2009,7,2009-07-01,0
MX-TAM,mosquito,2009,8,2009-08-01,0
MX-TAM,mosquito,2009,9,2009-09-01,0
MX-TAM,mosquito,2009,10,2009-10-01,0
MX-TAM,mosquito,2009,11,2009-11-01,0
MX-TAM,mosquito,2009,12,2009-12-01,0
MX-TAM,mosquito,2010,1,2010-01-01,0
MX-TAM,mosquito,2010,2,2010-02-01,0
MX-TAM,mosquito,2010,3,2010-03-01,0
MX-TAM,mosquito,2010,4,2010-04-01,0
MX-TAM,mosquito,2010,5,2010-05-01,0
MX-TAM,mosquito,2010,6,2010-06-01,0
MX-TAM,mosquito,2010,7,2010-07-01,0
MX-TAM,mosquito,2010,8,2010-08-01,0
MX-TAM,mosquito,2010,9,2010-09-01,0
MX-TAM,mosquito,2010,10,2010-10-01,0
MX-TAM,mosquito,2010,11,2010-11-01,0
MX-TAM,mosquito,2010,12,2010-12-01,0
MX-TAM,mosquito,2011,1,2011-01-01,19
MX-TAM,mosquito,2011,2,2011-02-01,0
MX-TAM,mosquito,2011,3,2011-03-01,34
MX-TAM,mosquito,2011,4,2011-04-01,0
MX-TAM,mosquito,2011,5,2011-05-01,28
MX-TAM,mosquito,2011,6,2011-06-01,25
MX-TAM,mosquito,2011,7,2011-07-01,43
MX-TAM,mosquito,2011,8,2011-08-01,35
MX-TAM,mosquito,2011,9,2011-09-01,21
MX-TAM,mosquito,2011,10,2011-10-01,33
MX-TAM,mosquito,2011,11,2011-11-01,30
MX-TAM,mosquito,2011,12,2011-12-01,22
MX-TAM,mosquito,2012,1,2012-01-01,0
MX-TAM,mosquito,2012,2,2012-02-01,0
MX-TAM,mosquito,2012,3,2012-03-01,35
MX-TAM,mosquito,2012,4,2012-04-01,38
MX-TAM,mosquito,2012,5,2012-05-01,30
MX-TAM,mosquito,2012,6,2012-06-01,29
MX-TAM,mosquito,2012,7,2012-07-01,36
MX-TAM,mosquito,2012,8,2012-08-01,38
MX-TAM,mosquito,2012,9,2012-09-01,35
MX-TAM,mosquito,2012,10,2012-10-01,42
MX-TAM,mosquito,2012,11,2012-11-01,26
MX-TAM,mosquito,2012,12,2012-12-01,0
MX-TAM,mosquito,2013,1,2013-01-01,12
MX-TAM,mosquito,2013,2,2013-02-01,26
MX-TAM,mosquito,2013,3,2013-03-01,16
MX-TAM,mosquito,2013,4,2013-04-01,39
MX-TAM,mosquito,2013,5,2013-05-01,37
MX-TAM,mosquito,2013,6,2013-06-01,51
MX-TAM,mosquito,2013,7,2013-07-01,47
MX-TAM,mosquito,2013,8,2013-08-01,35
MX-TAM,mosquito,2013,9,2013-09-01,73
MX-TAM,mosquito,2013,10,2013-10-01,52
MX-TAM,mosquito,2013,11,2013-11-01,26
MX-TAM,mosquito,2013,12,2013-12-01,0
MX-TAM,mosquito,2014,1,2014-01-01,0
MX-TAM,mosquito,2014,2,2014-02-01,26
MX-TAM,mosquito,2014,3,2014-03-01,25
MX-TAM,mosquito,2014,4,2014-04-01,31
MX-TAM,mosquito,2014,5,2014-05-01,40
MX-TAM,mosquito,2014,6,2014-06-01,37
MX-TAM,mosquito,2014,7,2014-07-01,45
MX-TAM,mosquito,2014,8,2014-08-01,24
MX-TAM,mosquito,2014,9,2014-09-01,39
MX-TAM,mosquito,2014,10,2014-10-01,64
MX-TAM,mosquito,2014,11,2014-11-01,39
MX-TAM,mosquito,2014,12,2014-12-01,26
MX-TAM,mosquito,2015,1,2015-01-01,20
MX-TAM,mosquito,2015,2,2015-02-01,0
MX-TAM,mosquito,2015,3,2015-03-01,16
MX-TAM,mosquito,2015,4,2015-04-01,56
MX-TAM,mosquito,2015,5,2015-05-01,58
MX-TAM,mosquito,2015,6,2015-06-01,69
MX-TAM,mosquito,2015,7,2015-07-01,38
MX-TAM,mosquito,2015,8,2015-08-01,31
MX-TAM,mosquito,2015,9,2015-09-01,48
MX-TAM,mosquito,2015,10,2015-10-01,39
MX-TAM,mosquito,2015,11,2015-11-01,37
MX-TAM,mosquito,2015,12,2015-12-01,34
MX-TAM,mosquito,2016,1,2016-01-01,27
MX-TAM,mosquito,2016,2,2016-02-01,60
MX-TAM,mosquito,2016,3,2016-03-01,51
MX-TAM,mosquito,2016,4,2016-04-01,65
MX-TAM,mosquito,2016,5,2016-05-01,44
MX-TAM,mosquito,2016,6,2016-06-01,59
MX-TAM,mosquito,2016,7,2016-07-01,33
MX-TAM,mosquito,2016,8,2016-08-01,35
MX-TAM,mosquito,2016,9,2016-09-01,56
MX-TAM,mosquito,2016,10,2016-10-01,44
MX-TAM,mosquito,2016,11,2016-11-01,0
MX-TAM,mosquito,2016,12,2016-12-01,0
MX-TAM,mosquito,2017,1,2017-01-01,0
MX-TAM,mosquito,2017,2,2017-02-01,0
MX-TAM,mosquito,2017,3,2017-03-01,12
MX-TAM,mosquito,2017,4,2017-04-01,0
MX-TAM,mosquito,2017,5,2017-05-01,0
MX-TAM,mosquito,2017,6,2017-06-01,14
MX-TAM,mosquito,2017,7,2017-07-01,0
MX-TAM,mosquito,2017,8,2017-08-01,0
MX-TAM,mosquito,2017,9,2017-09-01,12
MX-TAM,mosquito,2017,10,2017-10-01,12
MX-TAM,mosquito,2017,11,2017-11-01,0
MX-TAM,mosquito,2017,12,2017-12-01,0
MX-TAM,mosquito,2018,1,2018-01-01,0
MX-TAM,mosquito,2018,2,2018-02-01,0
MX-TAM,mosquito,2018,3,2018-03-01,17
MX-TAM,mosquito,2018,4,2018-04-01,23
MX-TAM,mosquito,2018,5,2018-05-01,21
MX-TAM,mosquito,2018,6,2018-06-01,24
MX-TAM,mosquito,2018,7,2018-07-01,17
MX-TAM,mosquito,2018,8,2018-08-01,12
MX-TAM,mosquito,2018,9,2018-09-01,0
MX-TAM,mosquito,2018,10,2018-10-01,0
MX-TAM,mosquito,2018,11,2018-11-01,0
MX-TAM,mosquito,2018,12,2018-12-01,0
MX-TAM,mosquito,2019,1,2019-01-01,0
MX-TAM,mosquito,2019,2,2019-02-01,0
MX-TAM,mosquito,2019,3,2019-03-01,0
MX-TAM,mosquito,2019,4,2019-04-01,0
MX-TAM,mosquito,2019,5,2019-05-01,0
MX-TAM,mosquito,2019,6,2019-06-01,0
MX-TAM,mosquito,2019,7,2019-07-01,0
MX-TAM,mosquito,2019,8,2019-08-01,0
MX-TAM,mosquito,2019,9,2019-09-01,0
MX-TAM,mosquito,2019,10,2019-10-01,0
MX-TAM,mosquito,2019,11,2019-11-01,0
MX-TAM,mosquito,2019,12,2019-12-01,0
MX-TAM,mosquito,2020,1,2020-01-01,0
MX-TAM,mosquito,2020,2,2020-02-01,0
MX-TAM,mosquito,2020,3,2020-03-01,20
MX-TAM,mosquito,2020,4,2020-04-01,18
MX-TAM,mosquito,2020,5,2020-05-01,19
MX-TAM,mosquito,2020,6,2020-06-01,24
MX-TAM,mosquito,2020,7,2020-07-01,21
MX-TAM,mosquito,2020,8,2020-08-01,28
MX-TAM,mosquito,2020,9,2020-09-01,29
MX-TAM,mosquito,2020,10,2020-10-01,44
MX-TAM,mosquito,2020,11,2020-11-01,18
MX-TAM,mosquito,2020,12,2020-12-01,11
MX-TAM,mosquito,2021,1,2021-01-01,9
MX-TAM,mosquito,2021,2,2021-02-01,12
MX-TAM,mosquito,2021,3,2021-03-01,31
MX-TAM,mosquito,2021,4,2021-04-01,42
MX-TAM,mosquito,2021,5,2021-05-01,100
MX-TAM,mosquito,2021,6,2021-06-01,75
MX-TAM,mosquito,2021,7,2021-07-01,92
MX-TAM,mosquito,2021,8,2021-08-01,37
MX-TAM,mosquito,2021,9,2021-09-01,29
MX-TAM,mosquito,2021,10,2021-10-01,35
MX-TAM,mosquito,2021,11,2021-11-01,32
MX-TAM,mosquito,2021,12,2021-12-01,28
MX-TAM,mosquito,2022,1,2022-01-01,26
MX-TAM,mosquito,2022,2,2022-02-01,21
MX-TAM,mosquito,2022,3,2022-03-01,32
MX-TAM,mosquito,2022,4,2022-04-01,30
MX-TAM,mosquito,2022,5,2022-05-01,69
MX-TAM,mosquito,2022,6,2022-06-01,43
MX-TAM,mosquito,2022,7,2022-07-01,39
MX-TAM,mosquito,2022,8,2022-08-01,41
MX-TAM,mosquito,2022,9,2022-09-01,82
MX-TAM,mosquito,2022,10,2022-10-01,80
MX-TAM,mosquito,2022,11,2022-11-01,41
MX-TAM,mosquito,2022,12,2022-12-01,37
MX-TAM,vector,2004,1,2004-01-01,0
MX-TAM,vector,2004,2,2004-02-01,0
MX-TAM,vector,2004,3,2004-03-01,0
MX-TAM,vector,2004,4,2004-04-01,0
MX-TAM,vector,2004,5,2004-05-01,0
MX-TAM,vector,2004,6,2004-06-01,0
MX-TAM,vector,2004,7,2004-07-01,0
MX-TAM,vector,2004,8,2004-08-01,0
MX-TAM,vector,2004,9,2004-09-01,0
MX-TAM,vector,2004,10,2004-10-01,0
MX-TAM,vector,2004,11,2004-11-01,0
MX-TAM,vector,2004,12,2004-12-01,0
MX-TAM,vector,2005,1,2005-01-01,0
MX-TAM,vector,2005,2,2005-02-01,0
MX-TAM,vector,2005,3,2005-03-01,0
MX-TAM,vector,2005,4,2005-04-01,0
MX-TAM,vector,2005,5,2005-05-01,0
MX-TAM,vector,2005,6,2005-06-01,0
MX-TAM,vector,2005,7,2005-07-01,0
MX-TAM,vector,2005,8,2005-08-01,0
MX-TAM,vector,2005,9,2005-09-01,0
MX-TAM,vector,2005,10,2005-10-01,0
MX-TAM,vector,2005,11,2005-11-01,0
MX-TAM,vector,2005,12,2005-12-01,0
MX-TAM,vector,2006,1,2006-01-01,0
MX-TAM,vector,2006,2,2006-02-01,0
MX-TAM,vector,2006,3,2006-03-01,0
MX-TAM,vector,2006,4,2006-04-01,0
MX-TAM,vector,2006,5,2006-05-01,0
MX-TAM,vector,2006,6,2006-06-01,0
MX-TAM,vector,2006,7,2006-07-01,0
MX-TAM,vector,2006,8,2006-08-01,0
MX-TAM,vector,2006,9,2006-09-01,0
MX-TAM,vector,2006,10,2006-10-01,0
MX-TAM,vector,2006,11,2006-11-01,0
MX-TAM,vector,2006,12,2006-12-01,0
MX-TAM,vector,2007,1,2007-01-01,0
MX-TAM,vector,2007,2,2007-02-01,0
MX-TAM,vector,2007,3,2007-03-01,0
MX-TAM,vector,2007,4,2007-04-01,0
MX-TAM,vector,2007,5,2007-05-01,0
MX-TAM,vector,2007,6,2007-06-01,0
MX-TAM,vector,2007,7,2007-07-01,0
MX-TAM,vector,2007,8,2007-08-01,0
MX-TAM,vector,2007,9,2007-09-01,0
MX-TAM,vector,2007,10,2007-10-01,0
MX-TAM,vector,2007,11,2007-11-01,0
MX-TAM,vector,2007,12,2007-12-01,0
MX-TAM,vector,2008,1,2008-01-01,0
MX-TAM,vector,2008,2,2008-02-01,0
MX-TAM,vector,2008,3,2008-03-01,0
MX-TAM,vector,2008,4,2008-04-01,0
MX-TAM,vector,2008,5,2008-05-01,0
MX-TAM,vector,2008,6,2008-06-01,0
MX-TAM,vector,2008,7,2008-07-01,0
MX-TAM,vector,2008,8,2008-08-01,0
MX-TAM,vector,2008,9,2008-09-01,0
MX-TAM,vector,2008,10,2008-10-01,0
MX-TAM,vector,2008,11,2008-11-01,0
MX-TAM,vector,2008,12,2008-12-01,0
MX-TAM,vector,2009,1,2009-01-01,0
MX-TAM,vector,2009,2,2009-02-01,0
MX-TAM,vector,2009,3,2009-03-01,0
MX-TAM,vector,2009,4,2009-04-01,0
MX-TAM,vector,2009,5,2009-05-01,0
MX-TAM,vector,2009,6,2009-06-01,0
MX-TAM,vector,2009,7,2009-07-01,0
MX-TAM,vector,2009,8,2009-08-01,0
MX-TAM,vector,2009,9,2009-09-01,0
MX-TAM,vector,2009,10,2009-10-01,0
MX-TAM,vector,2009,11,2009-11-01,0
MX-TAM,vector,2009,12,2009-12-01,0
MX-TAM,vector,2010,1,2010-01-01,0
MX-TAM,vector,2010,2,2010-02-01,100
MX-TAM,vector,2010,3,2010-03-01,0
MX-TAM,vector,2010,4,2010-04-01,0
MX-TAM,vector,2010,5,2010-05-01,0
MX-TAM,vector,2010,6,2010-06-01,0
MX-TAM,vector,2010,7,2010-07-01,0
MX-TAM,vector,2010,8,2010-08-01,0
MX-TAM,vector,2010,9,2010-09-01,0
MX-TAM,vector,2010,10,2010-10-01,0
MX-TAM,vector,2010,11,2010-11-01,0
MX-TAM,vector,2010,12,2010-12-01,0
MX-TAM,vector,2011,1,2011-01-01,12
MX-TAM,vector,2011,2,2011-02-01,23
MX-TAM,vector,2011,3,2011-03-01,15
MX-TAM,vector,2011,4,2011-04-01,12
MX-TAM,vector,2011,5,2011-05-01,17
MX-TAM,vector,2011,6,2011-06-01,17
MX-TAM,vector,2011,7,2011-07-01,12
MX-TAM,vector,2011,8,2011-08-01,13
MX-TAM,vector,2011,9,2011-09-01,28
MX-TAM,vector,2011,10,2011-10-01,17
MX-TAM,vector,2011,11,2011-11-01,21
MX-TAM,vector,2011,12,2011-12-01,10
MX-TAM,vector,2012,1,2012-01-01,0
MX-TAM,vector,2012,2,2012-02-01,27
MX-TAM,vector,2012,3,2012-03-01,14
MX-TAM,vector,2012,4,2012-04-01,11
MX-TAM,vector,2012,5,2012-05-01,10
MX-TAM,vector,2012,6,2012-06-01,20
MX-TAM,vector,2012,7,2012-07-01,0
MX-TAM,vector,2012,8,2012-08-01,8
MX-TAM,vector,2012,9,2012-09-01,22
MX-TAM,vector,2012,10,2012-10-01,17
MX-TAM,vector,2012,11,2012-11-01,10
MX-TAM,vector,2012,12,2012-12-01,11
MX-TAM,vector,2013,1,2013-01-01,16
MX-TAM,vector,2013,2,2013-02-01,29
MX-TAM,vector,2013,3,2013-03-01,10
MX-TAM,vector,2013,4,2013-04-01,0
MX-TAM,vector,2013,5,2013-05-01,16
MX-TAM,vector,2013,6,2013-06-01,15
MX-TAM,vector,2013,7,2013-07-01,9
MX-TAM,vector,2013,8,2013-08-01,24
MX-TAM,vector,2013,9,2013-09-01,30
MX-TAM,vector,2013,10,2013-10-01,13
MX-TAM,vector,2013,11,2013-11-01,11
MX-TAM,vector,2013,12,2013-12-01,11
MX-TAM,vector,2014,1,2014-01-01,0
MX-TAM,vector,2014,2,2014-02-01,25
MX-TAM,vector,2014,3,2014-03-01,17
MX-TAM,vector,2014,4,2014-04-01,0
MX-TAM,vector,2014,5,2014-05-01,15
MX-TAM,vector,2014,6,2014-06-01,11
MX-TAM,vector,2014,7,2014-07-01,0
MX-TAM,vector,2014,8,2014-08-01,17
MX-TAM,vector,2014,9,2014-09-01,28
MX-TAM,vector,2014,10,2014-10-01,17
MX-TAM,vector,2014,11,2014-11-01,17
MX-TAM,vector,2014,12,2014-12-01,14
MX-TAM,vector,2015,1,2015-01-01,8
MX-TAM,vector,2015,2,2015-02-01,17
MX-TAM,vector,2015,3,2015-03-01,17
MX-TAM,vector,2015,4,2015-04-01,17
MX-TAM,vector,2015,5,2015-05-01,9
MX-TAM,vector,2015,6,2015-06-01,11
MX-TAM,vector,2015,7,2015-07-01,11
MX-TAM,vector,2015,8,2015-08-01,22
MX-TAM,vector,2015,9,2015-09-01,21
MX-TAM,vector,2015,10,2015-10-01,15
MX-TAM,vector,2015,11,2015-11-01,16
MX-TAM,vector,2015,12,2015-12-01,10
MX-TAM,vector,2016,1,2016-01-01,0
MX-TAM,vector,2016,2,2016-02-01,18
MX-TAM,vector,2016,3,2016-03-01,14
MX-TAM,vector,2016,4,2016-04-01,13
MX-TAM,vector,2016,5,2016-05-01,8
MX-TAM,vector,2016,6,2016-06-01,13
MX-TAM,vector,2016,7,2016-07-01,10
MX-TAM,vector,2016,8,2016-08-01,11
MX-TAM,vector,2016,9,2016-09-01,23
MX-TAM,vector,2016,10,2016-10-01,16
MX-TAM,vector,2016,11,2016-11-01,0
MX-TAM,vector,2016,12,2016-12-01,0
MX-TAM,vector,2017,1,2017-01-01,0
MX-TAM,vector,2017,2,2017-02-01,0
MX-TAM,vector,2017,3,2017-03-01,0
MX-TAM,vector,2017,4,2017-04-01,0
MX-TAM,vector,2017,5,2017-05-01,0
MX-TAM,vector,2017,6,2017-06-01,0
MX-TAM,vector,2017,7,2017-07-01,0
MX-TAM,vector,2017,8,2017-08-01,0
MX-TAM,vector,2017,9,2017-09-01,0
MX-TAM,vector,2017,10,2017-10-01,0
MX-TAM,vector,2017,11,2017-11-01,0
MX-TAM,vector,2017,12,2017-12-01,0
MX-TAM,vector,2018,1,2018-01-01,0
MX-TAM,vector,2018,2,2018-02-01,0
MX-TAM,vector,2018,3,2018-03-01,0
MX-TAM,vector,2018,4,2018-04-01,0
MX-TAM,vector,2018,5,2018-05-01,0
MX-TAM,vector,2018,6,2018-06-01,0
MX-TAM,vector,2018,7,2018-07-01,0
MX-TAM,vector,2018,8,2018-08-01,0
MX-TAM,vector,2018,9,2018-09-01,0
MX-TAM,vector,2018,10,2018-10-01,0
MX-TAM,vector,2018,11,2018-11-01,0
MX-TAM,vector,2018,12,2018-12-01,0
MX-TAM,vector,2019,1,2019-01-01,0
MX-TAM,vector,2019,2,2019-02-01,0
MX-TAM,vector,2019,3,2019-03-01,0
MX-TAM,vector,2019,4,2019-04-01,0
MX-TAM,vector,2019,5,2019-05-01,0
MX-TAM,vector,2019,6,2019-06-01,0
MX-TAM,vector,2019,7,2019-07-01,0
MX-TAM,vector,2019,8,2019-08-01,0
MX-TAM,vector,2019,9,2019-09-01,0
MX-TAM,vector,2019,10,2019-10-01,0
MX-TAM,vector,2019,11,2019-11-01,0
MX-TAM,vector,2019,12,2019-12-01,0
MX-TAM,vector,2020,1,2020-01-01,0
MX-TAM,vector,2020,2,2020-02-01,0
MX-TAM,vector,2020,3,2020-03-01,0
MX-TAM,vector,2020,4,2020-04-01,0
MX-TAM,vector,2020,5,2020-05-01,0
MX-TAM,vector,2020,6,2020-06-01,0
MX-TAM,vector,2020,7,2020-07-01,0
MX-TAM,vector,2020,8,2020-08-01,0
MX-TAM,vector,2020,9,2020-09-01,5
MX-TAM,vector,2020,10,2020-10-01,0
MX-TAM,vector,2020,11,2020-11-01,0
MX-TAM,vector,2020,12,2020-12-01,0
MX-TAM,vector,2021,1,2021-01-01,0
MX-TAM,vector,2021,2,2021-02-01,9
MX-TAM,vector,2021,3,2021-03-01,5
MX-TAM,vector,2021,4,2021-04-01,8
MX-TAM,vector,2021,5,2021-05-01,6
MX-TAM,vector,2021,6,2021-06-01,8
MX-TAM,vector,2021,7,2021-07-01,0
MX-TAM,vector,2021,8,2021-08-01,0
MX-TAM,vector,2021,9,2021-09-01,8
MX-TAM,vector,2021,10,2021-10-01,0
MX-TAM,vector,2021,11,2021-11-01,0
MX-TAM,vector,2021,12,2021-12-01,9
MX-TAM,vector,2022,1,2022-01-01,0
MX-TAM,vector,2022,2,2022-02-01,17
MX-TAM,vector,2022,3,2022-03-01,14
MX-TAM,vector,2022,4,2022-04-01,8
MX-TAM,vector,2022,5,2022-05-01,13
MX-TAM,vector,2022,6,2022-06-01,15
MX-TAM,vector,2022,7,2022-07-01,12
MX-TAM,vector,2022,8,2022-08-01,12
MX-TAM,vector,2022,9,2022-09-01,16
MX-TAM,vector,2022,10,2022-10-01,15
MX-TAM,vector,2022,11,2022-11-01,19
MX-TAM,vector,2022,12,2022-12-01,13
MX-TLA,Aedes_aegypti,2004,1,2004-01-01,0
MX-TLA,Aedes_aegypti,2004,2,2004-02-01,0
MX-TLA,Aedes_aegypti,2004,3,2004-03-01,0
MX-TLA,Aedes_aegypti,2004,4,2004-04-01,0
MX-TLA,Aedes_aegypti,2004,5,2004-05-01,0
MX-TLA,Aedes_aegypti,2004,6,2004-06-01,0
MX-TLA,Aedes_aegypti,2004,7,2004-07-01,0
MX-TLA,Aedes_aegypti,2004,8,2004-08-01,0
MX-TLA,Aedes_aegypti,2004,9,2004-09-01,0
MX-TLA,Aedes_aegypti,2004,10,2004-10-01,100
MX-TLA,Aedes_aegypti,2004,11,2004-11-01,0
MX-TLA,Aedes_aegypti,2004,12,2004-12-01,0
MX-TLA,Aedes_aegypti,2005,1,2005-01-01,0
MX-TLA,Aedes_aegypti,2005,2,2005-02-01,0
MX-TLA,Aedes_aegypti,2005,3,2005-03-01,0
MX-TLA,Aedes_aegypti,2005,4,2005-04-01,0
MX-TLA,Aedes_aegypti,2005,5,2005-05-01,0
MX-TLA,Aedes_aegypti,2005,6,2005-06-01,0
MX-TLA,Aedes_aegypti,2005,7,2005-07-01,0
MX-TLA,Aedes_aegypti,2005,8,2005-08-01,0
MX-TLA,Aedes_aegypti,2005,9,2005-09-01,0
MX-TLA,Aedes_aegypti,2005,10,2005-10-01,0
MX-TLA,Aedes_aegypti,2005,11,2005-11-01,0
MX-TLA,Aedes_aegypti,2005,12,2005-12-01,0
MX-TLA,Aedes_aegypti,2006,1,2006-01-01,0
MX-TLA,Aedes_aegypti,2006,2,2006-02-01,0
MX-TLA,Aedes_aegypti,2006,3,2006-03-01,0
MX-TLA,Aedes_aegypti,2006,4,2006-04-01,0
MX-TLA,Aedes_aegypti,2006,5,2006-05-01,0
MX-TLA,Aedes_aegypti,2006,6,2006-06-01,0
MX-TLA,Aedes_aegypti,2006,7,2006-07-01,0
MX-TLA,Aedes_aegypti,2006,8,2006-08-01,0
MX-TLA,Aedes_aegypti,2006,9,2006-09-01,0
MX-TLA,Aedes_aegypti,2006,10,2006-10-01,0
MX-TLA,Aedes_aegypti,2006,11,2006-11-01,0
MX-TLA,Aedes_aegypti,2006,12,2006-12-01,0
MX-TLA,Aedes_aegypti,2007,1,2007-01-01,0
MX-TLA,Aedes_aegypti,2007,2,2007-02-01,0
MX-TLA,Aedes_aegypti,2007,3,2007-03-01,0
MX-TLA,Aedes_aegypti,2007,4,2007-04-01,0
MX-TLA,Aedes_aegypti,2007,5,2007-05-01,0
MX-TLA,Aedes_aegypti,2007,6,2007-06-01,0
MX-TLA,Aedes_aegypti,2007,7,2007-07-01,0
MX-TLA,Aedes_aegypti,2007,8,2007-08-01,0
MX-TLA,Aedes_aegypti,2007,9,2007-09-01,0
MX-TLA,Aedes_aegypti,2007,10,2007-10-01,0
MX-TLA,Aedes_aegypti,2007,11,2007-11-01,0
MX-TLA,Aedes_aegypti,2007,12,2007-12-01,0
MX-TLA,Aedes_aegypti,2008,1,2008-01-01,0
MX-TLA,Aedes_aegypti,2008,2,2008-02-01,0
MX-TLA,Aedes_aegypti,2008,3,2008-03-01,0
MX-TLA,Aedes_aegypti,2008,4,2008-04-01,0
MX-TLA,Aedes_aegypti,2008,5,2008-05-01,0
MX-TLA,Aedes_aegypti,2008,6,2008-06-01,0
MX-TLA,Aedes_aegypti,2008,7,2008-07-01,0
MX-TLA,Aedes_aegypti,2008,8,2008-08-01,0
MX-TLA,Aedes_aegypti,2008,9,2008-09-01,0
MX-TLA,Aedes_aegypti,2008,10,2008-10-01,0
MX-TLA,Aedes_aegypti,2008,11,2008-11-01,0
MX-TLA,Aedes_aegypti,2008,12,2008-12-01,0
MX-TLA,Aedes_aegypti,2009,1,2009-01-01,0
MX-TLA,Aedes_aegypti,2009,2,2009-02-01,0
MX-TLA,Aedes_aegypti,2009,3,2009-03-01,0
MX-TLA,Aedes_aegypti,2009,4,2009-04-01,0
MX-TLA,Aedes_aegypti,2009,5,2009-05-01,30
MX-TLA,Aedes_aegypti,2009,6,2009-06-01,0
MX-TLA,Aedes_aegypti,2009,7,2009-07-01,0
MX-TLA,Aedes_aegypti,2009,8,2009-08-01,0
MX-TLA,Aedes_aegypti,2009,9,2009-09-01,0
MX-TLA,Aedes_aegypti,2009,10,2009-10-01,0
MX-TLA,Aedes_aegypti,2009,11,2009-11-01,0
MX-TLA,Aedes_aegypti,2009,12,2009-12-01,0
MX-TLA,Aedes_aegypti,2010,1,2010-01-01,0
MX-TLA,Aedes_aegypti,2010,2,2010-02-01,0
MX-TLA,Aedes_aegypti,2010,3,2010-03-01,0
MX-TLA,Aedes_aegypti,2010,4,2010-04-01,0
MX-TLA,Aedes_aegypti,2010,5,2010-05-01,0
MX-TLA,Aedes_aegypti,2010,6,2010-06-01,0
MX-TLA,Aedes_aegypti,2010,7,2010-07-01,0
MX-TLA,Aedes_aegypti,2010,8,2010-08-01,0
MX-TLA,Aedes_aegypti,2010,9,2010-09-01,0
MX-TLA,Aedes_aegypti,2010,10,2010-10-01,0
MX-TLA,Aedes_aegypti,2010,11,2010-11-01,0
MX-TLA,Aedes_aegypti,2010,12,2010-12-01,0
MX-TLA,Aedes_aegypti,2011,1,2011-01-01,0
MX-TLA,Aedes_aegypti,2011,2,2011-02-01,0
MX-TLA,Aedes_aegypti,2011,3,2011-03-01,0
MX-TLA,Aedes_aegypti,2011,4,2011-04-01,0
MX-TLA,Aedes_aegypti,2011,5,2011-05-01,0
MX-TLA,Aedes_aegypti,2011,6,2011-06-01,0
MX-TLA,Aedes_aegypti,2011,7,2011-07-01,0
MX-TLA,Aedes_aegypti,2011,8,2011-08-01,0
MX-TLA,Aedes_aegypti,2011,9,2011-09-01,0
MX-TLA,Aedes_aegypti,2011,10,2011-10-01,0
MX-TLA,Aedes_aegypti,2011,11,2011-11-01,0
MX-TLA,Aedes_aegypti,2011,12,2011-12-01,0
MX-TLA,Aedes_aegypti,2012,1,2012-01-01,0
MX-TLA,Aedes_aegypti,2012,2,2012-02-01,0
MX-TLA,Aedes_aegypti,2012,3,2012-03-01,0
MX-TLA,Aedes_aegypti,2012,4,2012-04-01,0
MX-TLA,Aedes_aegypti,2012,5,2012-05-01,0
MX-TLA,Aedes_aegypti,2012,6,2012-06-01,0
MX-TLA,Aedes_aegypti,2012,7,2012-07-01,0
MX-TLA,Aedes_aegypti,2012,8,2012-08-01,0
MX-TLA,Aedes_aegypti,2012,9,2012-09-01,0
MX-TLA,Aedes_aegypti,2012,10,2012-10-01,0
MX-TLA,Aedes_aegypti,2012,11,2012-11-01,0
MX-TLA,Aedes_aegypti,2012,12,2012-12-01,0
MX-TLA,Aedes_aegypti,2013,1,2013-01-01,0
MX-TLA,Aedes_aegypti,2013,2,2013-02-01,0
MX-TLA,Aedes_aegypti,2013,3,2013-03-01,0
MX-TLA,Aedes_aegypti,2013,4,2013-04-01,0
MX-TLA,Aedes_aegypti,2013,5,2013-05-01,0
MX-TLA,Aedes_aegypti,2013,6,2013-06-01,0
MX-TLA,Aedes_aegypti,2013,7,2013-07-01,0
MX-TLA,Aedes_aegypti,2013,8,2013-08-01,0
MX-TLA,Aedes_aegypti,2013,9,2013-09-01,0
MX-TLA,Aedes_aegypti,2013,10,2013-10-01,0
MX-TLA,Aedes_aegypti,2013,11,2013-11-01,0
MX-TLA,Aedes_aegypti,2013,12,2013-12-01,0
MX-TLA,Aedes_aegypti,2014,1,2014-01-01,0
MX-TLA,Aedes_aegypti,2014,2,2014-02-01,0
MX-TLA,Aedes_aegypti,2014,3,2014-03-01,0
MX-TLA,Aedes_aegypti,2014,4,2014-04-01,0
MX-TLA,Aedes_aegypti,2014,5,2014-05-01,0
MX-TLA,Aedes_aegypti,2014,6,2014-06-01,0
MX-TLA,Aedes_aegypti,2014,7,2014-07-01,0
MX-TLA,Aedes_aegypti,2014,8,2014-08-01,0
MX-TLA,Aedes_aegypti,2014,9,2014-09-01,0
MX-TLA,Aedes_aegypti,2014,10,2014-10-01,0
MX-TLA,Aedes_aegypti,2014,11,2014-11-01,0
MX-TLA,Aedes_aegypti,2014,12,2014-12-01,0
MX-TLA,Aedes_aegypti,2015,1,2015-01-01,0
MX-TLA,Aedes_aegypti,2015,2,2015-02-01,0
MX-TLA,Aedes_aegypti,2015,3,2015-03-01,0
MX-TLA,Aedes_aegypti,2015,4,2015-04-01,0
MX-TLA,Aedes_aegypti,2015,5,2015-05-01,0
MX-TLA,Aedes_aegypti,2015,6,2015-06-01,0
MX-TLA,Aedes_aegypti,2015,7,2015-07-01,0
MX-TLA,Aedes_aegypti,2015,8,2015-08-01,0
MX-TLA,Aedes_aegypti,2015,9,2015-09-01,0
MX-TLA,Aedes_aegypti,2015,10,2015-10-01,0
MX-TLA,Aedes_aegypti,2015,11,2015-11-01,0
MX-TLA,Aedes_aegypti,2015,12,2015-12-01,0
MX-TLA,Aedes_aegypti,2016,1,2016-01-01,0
MX-TLA,Aedes_aegypti,2016,2,2016-02-01,0
MX-TLA,Aedes_aegypti,2016,3,2016-03-01,0
MX-TLA,Aedes_aegypti,2016,4,2016-04-01,0
MX-TLA,Aedes_aegypti,2016,5,2016-05-01,0
MX-TLA,Aedes_aegypti,2016,6,2016-06-01,0
MX-TLA,Aedes_aegypti,2016,7,2016-07-01,0
MX-TLA,Aedes_aegypti,2016,8,2016-08-01,0
MX-TLA,Aedes_aegypti,2016,9,2016-09-01,0
MX-TLA,Aedes_aegypti,2016,10,2016-10-01,0
MX-TLA,Aedes_aegypti,2016,11,2016-11-01,0
MX-TLA,Aedes_aegypti,2016,12,2016-12-01,0
MX-TLA,Aedes_aegypti,2017,1,2017-01-01,0
MX-TLA,Aedes_aegypti,2017,2,2017-02-01,0
MX-TLA,Aedes_aegypti,2017,3,2017-03-01,0
MX-TLA,Aedes_aegypti,2017,4,2017-04-01,0
MX-TLA,Aedes_aegypti,2017,5,2017-05-01,0
MX-TLA,Aedes_aegypti,2017,6,2017-06-01,0
MX-TLA,Aedes_aegypti,2017,7,2017-07-01,0
MX-TLA,Aedes_aegypti,2017,8,2017-08-01,0
MX-TLA,Aedes_aegypti,2017,9,2017-09-01,0
MX-TLA,Aedes_aegypti,2017,10,2017-10-01,0
MX-TLA,Aedes_aegypti,2017,11,2017-11-01,0
MX-TLA,Aedes_aegypti,2017,12,2017-12-01,0
MX-TLA,Aedes_aegypti,2018,1,2018-01-01,0
MX-TLA,Aedes_aegypti,2018,2,2018-02-01,0
MX-TLA,Aedes_aegypti,2018,3,2018-03-01,0
MX-TLA,Aedes_aegypti,2018,4,2018-04-01,0
MX-TLA,Aedes_aegypti,2018,5,2018-05-01,0
MX-TLA,Aedes_aegypti,2018,6,2018-06-01,0
MX-TLA,Aedes_aegypti,2018,7,2018-07-01,0
MX-TLA,Aedes_aegypti,2018,8,2018-08-01,0
MX-TLA,Aedes_aegypti,2018,9,2018-09-01,0
MX-TLA,Aedes_aegypti,2018,10,2018-10-01,0
MX-TLA,Aedes_aegypti,2018,11,2018-11-01,0
MX-TLA,Aedes_aegypti,2018,12,2018-12-01,0
MX-TLA,Aedes_aegypti,2019,1,2019-01-01,0
MX-TLA,Aedes_aegypti,2019,2,2019-02-01,0
MX-TLA,Aedes_aegypti,2019,3,2019-03-01,0
MX-TLA,Aedes_aegypti,2019,4,2019-04-01,0
MX-TLA,Aedes_aegypti,2019,5,2019-05-01,0
MX-TLA,Aedes_aegypti,2019,6,2019-06-01,0
MX-TLA,Aedes_aegypti,2019,7,2019-07-01,0
MX-TLA,Aedes_aegypti,2019,8,2019-08-01,0
MX-TLA,Aedes_aegypti,2019,9,2019-09-01,0
MX-TLA,Aedes_aegypti,2019,10,2019-10-01,0
MX-TLA,Aedes_aegypti,2019,11,2019-11-01,0
MX-TLA,Aedes_aegypti,2019,12,2019-12-01,0
MX-TLA,Aedes_aegypti,2020,1,2020-01-01,0
MX-TLA,Aedes_aegypti,2020,2,2020-02-01,0
MX-TLA,Aedes_aegypti,2020,3,2020-03-01,0
MX-TLA,Aedes_aegypti,2020,4,2020-04-01,0
MX-TLA,Aedes_aegypti,2020,5,2020-05-01,0
MX-TLA,Aedes_aegypti,2020,6,2020-06-01,0
MX-TLA,Aedes_aegypti,2020,7,2020-07-01,0
MX-TLA,Aedes_aegypti,2020,8,2020-08-01,0
MX-TLA,Aedes_aegypti,2020,9,2020-09-01,0
MX-TLA,Aedes_aegypti,2020,10,2020-10-01,0
MX-TLA,Aedes_aegypti,2020,11,2020-11-01,0
MX-TLA,Aedes_aegypti,2020,12,2020-12-01,0
MX-TLA,Aedes_aegypti,2021,1,2021-01-01,0
MX-TLA,Aedes_aegypti,2021,2,2021-02-01,0
MX-TLA,Aedes_aegypti,2021,3,2021-03-01,0
MX-TLA,Aedes_aegypti,2021,4,2021-04-01,0
MX-TLA,Aedes_aegypti,2021,5,2021-05-01,0
MX-TLA,Aedes_aegypti,2021,6,2021-06-01,0
MX-TLA,Aedes_aegypti,2021,7,2021-07-01,0
MX-TLA,Aedes_aegypti,2021,8,2021-08-01,0
MX-TLA,Aedes_aegypti,2021,9,2021-09-01,0
MX-TLA,Aedes_aegypti,2021,10,2021-10-01,0
MX-TLA,Aedes_aegypti,2021,11,2021-11-01,0
MX-TLA,Aedes_aegypti,2021,12,2021-12-01,0
MX-TLA,Aedes_aegypti,2022,1,2022-01-01,0
MX-TLA,Aedes_aegypti,2022,2,2022-02-01,0
MX-TLA,Aedes_aegypti,2022,3,2022-03-01,0
MX-TLA,Aedes_aegypti,2022,4,2022-04-01,0
MX-TLA,Aedes_aegypti,2022,5,2022-05-01,0
MX-TLA,Aedes_aegypti,2022,6,2022-06-01,0
MX-TLA,Aedes_aegypti,2022,7,2022-07-01,0
MX-TLA,Aedes_aegypti,2022,8,2022-08-01,0
MX-TLA,Aedes_aegypti,2022,9,2022-09-01,0
MX-TLA,Aedes_aegypti,2022,10,2022-10-01,0
MX-TLA,Aedes_aegypti,2022,11,2022-11-01,0
MX-TLA,Aedes_aegypti,2022,12,2022-12-01,0
MX-TLA,mosquito,2004,1,2004-01-01,0
MX-TLA,mosquito,2004,2,2004-02-01,0
MX-TLA,mosquito,2004,3,2004-03-01,0
MX-TLA,mosquito,2004,4,2004-04-01,0
MX-TLA,mosquito,2004,5,2004-05-01,0
MX-TLA,mosquito,2004,6,2004-06-01,0
MX-TLA,mosquito,2004,7,2004-07-01,0
MX-TLA,mosquito,2004,8,2004-08-01,0
MX-TLA,mosquito,2004,9,2004-09-01,0
MX-TLA,mosquito,2004,10,2004-10-01,0
MX-TLA,mosquito,2004,11,2004-11-01,0
MX-TLA,mosquito,2004,12,2004-12-01,0
MX-TLA,mosquito,2005,1,2005-01-01,0
MX-TLA,mosquito,2005,2,2005-02-01,0
MX-TLA,mosquito,2005,3,2005-03-01,0
MX-TLA,mosquito,2005,4,2005-04-01,0
MX-TLA,mosquito,2005,5,2005-05-01,0
MX-TLA,mosquito,2005,6,2005-06-01,0
MX-TLA,mosquito,2005,7,2005-07-01,0
MX-TLA,mosquito,2005,8,2005-08-01,0
MX-TLA,mosquito,2005,9,2005-09-01,0
MX-TLA,mosquito,2005,10,2005-10-01,0
MX-TLA,mosquito,2005,11,2005-11-01,0
MX-TLA,mosquito,2005,12,2005-12-01,0
MX-TLA,mosquito,2006,1,2006-01-01,0
MX-TLA,mosquito,2006,2,2006-02-01,0
MX-TLA,mosquito,2006,3,2006-03-01,0
MX-TLA,mosquito,2006,4,2006-04-01,0
MX-TLA,mosquito,2006,5,2006-05-01,0
MX-TLA,mosquito,2006,6,2006-06-01,0
MX-TLA,mosquito,2006,7,2006-07-01,0
MX-TLA,mosquito,2006,8,2006-08-01,0
MX-TLA,mosquito,2006,9,2006-09-01,0
MX-TLA,mosquito,2006,10,2006-10-01,0
MX-TLA,mosquito,2006,11,2006-11-01,0
MX-TLA,mosquito,2006,12,2006-12-01,0
MX-TLA,mosquito,2007,1,2007-01-01,0
MX-TLA,mosquito,2007,2,2007-02-01,0
MX-TLA,mosquito,2007,3,2007-03-01,0
MX-TLA,mosquito,2007,4,2007-04-01,0
MX-TLA,mosquito,2007,5,2007-05-01,0
MX-TLA,mosquito,2007,6,2007-06-01,0
MX-TLA,mosquito,2007,7,2007-07-01,0
MX-TLA,mosquito,2007,8,2007-08-01,0
MX-TLA,mosquito,2007,9,2007-09-01,0
MX-TLA,mosquito,2007,10,2007-10-01,0
MX-TLA,mosquito,2007,11,2007-11-01,0
MX-TLA,mosquito,2007,12,2007-12-01,0
MX-TLA,mosquito,2008,1,2008-01-01,0
MX-TLA,mosquito,2008,2,2008-02-01,0
MX-TLA,mosquito,2008,3,2008-03-01,0
MX-TLA,mosquito,2008,4,2008-04-01,0
MX-TLA,mosquito,2008,5,2008-05-01,100
MX-TLA,mosquito,2008,6,2008-06-01,0
MX-TLA,mosquito,2008,7,2008-07-01,0
MX-TLA,mosquito,2008,8,2008-08-01,0
MX-TLA,mosquito,2008,9,2008-09-01,0
MX-TLA,mosquito,2008,10,2008-10-01,0
MX-TLA,mosquito,2008,11,2008-11-01,0
MX-TLA,mosquito,2008,12,2008-12-01,0
MX-TLA,mosquito,2009,1,2009-01-01,0
MX-TLA,mosquito,2009,2,2009-02-01,0
MX-TLA,mosquito,2009,3,2009-03-01,0
MX-TLA,mosquito,2009,4,2009-04-01,0
MX-TLA,mosquito,2009,5,2009-05-01,0
MX-TLA,mosquito,2009,6,2009-06-01,0
MX-TLA,mosquito,2009,7,2009-07-01,0
MX-TLA,mosquito,2009,8,2009-08-01,0
MX-TLA,mosquito,2009,9,2009-09-01,0
MX-TLA,mosquito,2009,10,2009-10-01,0
MX-TLA,mosquito,2009,11,2009-11-01,0
MX-TLA,mosquito,2009,12,2009-12-01,0
MX-TLA,mosquito,2010,1,2010-01-01,0
MX-TLA,mosquito,2010,2,2010-02-01,0
MX-TLA,mosquito,2010,3,2010-03-01,0
MX-TLA,mosquito,2010,4,2010-04-01,0
MX-TLA,mosquito,2010,5,2010-05-01,0
MX-TLA,mosquito,2010,6,2010-06-01,0
MX-TLA,mosquito,2010,7,2010-07-01,0
MX-TLA,mosquito,2010,8,2010-08-01,0
MX-TLA,mosquito,2010,9,2010-09-01,0
MX-TLA,mosquito,2010,10,2010-10-01,0
MX-TLA,mosquito,2010,11,2010-11-01,0
MX-TLA,mosquito,2010,12,2010-12-01,0
MX-TLA,mosquito,2011,1,2011-01-01,0
MX-TLA,mosquito,2011,2,2011-02-01,0
MX-TLA,mosquito,2011,3,2011-03-01,0
MX-TLA,mosquito,2011,4,2011-04-01,0
MX-TLA,mosquito,2011,5,2011-05-01,3
MX-TLA,mosquito,2011,6,2011-06-01,0
MX-TLA,mosquito,2011,7,2011-07-01,0
MX-TLA,mosquito,2011,8,2011-08-01,0
MX-TLA,mosquito,2011,9,2011-09-01,3
MX-TLA,mosquito,2011,10,2011-10-01,3
MX-TLA,mosquito,2011,11,2011-11-01,4
MX-TLA,mosquito,2011,12,2011-12-01,5
MX-TLA,mosquito,2012,1,2012-01-01,0
MX-TLA,mosquito,2012,2,2012-02-01,0
MX-TLA,mosquito,2012,3,2012-03-01,0
MX-TLA,mosquito,2012,4,2012-04-01,0
MX-TLA,mosquito,2012,5,2012-05-01,0
MX-TLA,mosquito,2012,6,2012-06-01,0
MX-TLA,mosquito,2012,7,2012-07-01,0
MX-TLA,mosquito,2012,8,2012-08-01,0
MX-TLA,mosquito,2012,9,2012-09-01,0
MX-TLA,mosquito,2012,10,2012-10-01,3
MX-TLA,mosquito,2012,11,2012-11-01,0
MX-TLA,mosquito,2012,12,2012-12-01,0
MX-TLA,mosquito,2013,1,2013-01-01,0
MX-TLA,mosquito,2013,2,2013-02-01,0
MX-TLA,mosquito,2013,3,2013-03-01,0
MX-TLA,mosquito,2013,4,2013-04-01,0
MX-TLA,mosquito,2013,5,2013-05-01,2
MX-TLA,mosquito,2013,6,2013-06-01,0
MX-TLA,mosquito,2013,7,2013-07-01,0
MX-TLA,mosquito,2013,8,2013-08-01,0
MX-TLA,mosquito,2013,9,2013-09-01,3
MX-TLA,mosquito,2013,10,2013-10-01,2
MX-TLA,mosquito,2013,11,2013-11-01,0
MX-TLA,mosquito,2013,12,2013-12-01,0
MX-TLA,mosquito,2014,1,2014-01-01,0
MX-TLA,mosquito,2014,2,2014-02-01,0
MX-TLA,mosquito,2014,3,2014-03-01,0
MX-TLA,mosquito,2014,4,2014-04-01,0
MX-TLA,mosquito,2014,5,2014-05-01,2
MX-TLA,mosquito,2014,6,2014-06-01,0
MX-TLA,mosquito,2014,7,2014-07-01,0
MX-TLA,mosquito,2014,8,2014-08-01,0
MX-TLA,mosquito,2014,9,2014-09-01,2
MX-TLA,mosquito,2014,10,2014-10-01,2
MX-TLA,mosquito,2014,11,2014-11-01,2
MX-TLA,mosquito,2014,12,2014-12-01,0
MX-TLA,mosquito,2015,1,2015-01-01,0
MX-TLA,mosquito,2015,2,2015-02-01,0
MX-TLA,mosquito,2015,3,2015-03-01,0
MX-TLA,mosquito,2015,4,2015-04-01,0
MX-TLA,mosquito,2015,5,2015-05-01,0
MX-TLA,mosquito,2015,6,2015-06-01,0
MX-TLA,mosquito,2015,7,2015-07-01,0
MX-TLA,mosquito,2015,8,2015-08-01,0
MX-TLA,mosquito,2015,9,2015-09-01,2
MX-TLA,mosquito,2015,10,2015-10-01,0
MX-TLA,mosquito,2015,11,2015-11-01,1
MX-TLA,mosquito,2015,12,2015-12-01,0
MX-TLA,mosquito,2016,1,2016-01-01,0
MX-TLA,mosquito,2016,2,2016-02-01,0
MX-TLA,mosquito,2016,3,2016-03-01,0
MX-TLA,mosquito,2016,4,2016-04-01,0
MX-TLA,mosquito,2016,5,2016-05-01,2
MX-TLA,mosquito,2016,6,2016-06-01,0
MX-TLA,mosquito,2016,7,2016-07-01,0
MX-TLA,mosquito,2016,8,2016-08-01,0
MX-TLA,mosquito,2016,9,2016-09-01,2
MX-TLA,mosquito,2016,10,2016-10-01,2
MX-TLA,mosquito,2016,11,2016-11-01,0
MX-TLA,mosquito,2016,12,2016-12-01,0
MX-TLA,mosquito,2017,1,2017-01-01,0
MX-TLA,mosquito,2017,2,2017-02-01,0
MX-TLA,mosquito,2017,3,2017-03-01,0
MX-TLA,mosquito,2017,4,2017-04-01,0
MX-TLA,mosquito,2017,5,2017-05-01,2
MX-TLA,mosquito,2017,6,2017-06-01,0
MX-TLA,mosquito,2017,7,2017-07-01,0
MX-TLA,mosquito,2017,8,2017-08-01,0
MX-TLA,mosquito,2017,9,2017-09-01,2
MX-TLA,mosquito,2017,10,2017-10-01,0
MX-TLA,mosquito,2017,11,2017-11-01,2
MX-TLA,mosquito,2017,12,2017-12-01,0
MX-TLA,mosquito,2018,1,2018-01-01,0
MX-TLA,mosquito,2018,2,2018-02-01,0
MX-TLA,mosquito,2018,3,2018-03-01,0
MX-TLA,mosquito,2018,4,2018-04-01,0
MX-TLA,mosquito,2018,5,2018-05-01,2
MX-TLA,mosquito,2018,6,2018-06-01,0
MX-TLA,mosquito,2018,7,2018-07-01,0
MX-TLA,mosquito,2018,8,2018-08-01,0
MX-TLA,mosquito,2018,9,2018-09-01,0
MX-TLA,mosquito,2018,10,2018-10-01,2
MX-TLA,mosquito,2018,11,2018-11-01,0
MX-TLA,mosquito,2018,12,2018-12-01,0
MX-TLA,mosquito,2019,1,2019-01-01,0
MX-TLA,mosquito,2019,2,2019-02-01,0
MX-TLA,mosquito,2019,3,2019-03-01,0
MX-TLA,mosquito,2019,4,2019-04-01,0
MX-TLA,mosquito,2019,5,2019-05-01,2
MX-TLA,mosquito,2019,6,2019-06-01,0
MX-TLA,mosquito,2019,7,2019-07-01,0
MX-TLA,mosquito,2019,8,2019-08-01,0
MX-TLA,mosquito,2019,9,2019-09-01,0
MX-TLA,mosquito,2019,10,2019-10-01,1
MX-TLA,mosquito,2019,11,2019-11-01,0
MX-TLA,mosquito,2019,12,2019-12-01,0
MX-TLA,mosquito,2020,1,2020-01-01,0
MX-TLA,mosquito,2020,2,2020-02-01,0
MX-TLA,mosquito,2020,3,2020-03-01,1
MX-TLA,mosquito,2020,4,2020-04-01,2
MX-TLA,mosquito,2020,5,2020-05-01,0
MX-TLA,mosquito,2020,6,2020-06-01,0
MX-TLA,mosquito,2020,7,2020-07-01,0
MX-TLA,mosquito,2020,8,2020-08-01,0
MX-TLA,mosquito,2020,9,2020-09-01,0
MX-TLA,mosquito,2020,10,2020-10-01,0
MX-TLA,mosquito,2020,11,2020-11-01,1
MX-TLA,mosquito,2020,12,2020-12-01,0
MX-TLA,mosquito,2021,1,2021-01-01,0
MX-TLA,mosquito,2021,2,2021-02-01,0
MX-TLA,mosquito,2021,3,2021-03-01,0
MX-TLA,mosquito,2021,4,2021-04-01,1
MX-TLA,mosquito,2021,5,2021-05-01,0
MX-TLA,mosquito,2021,6,2021-06-01,1
MX-TLA,mosquito,2021,7,2021-07-01,0
MX-TLA,mosquito,2021,8,2021-08-01,0
MX-TLA,mosquito,2021,9,2021-09-01,0
MX-TLA,mosquito,2021,10,2021-10-01,0
MX-TLA,mosquito,2021,11,2021-11-01,0
MX-TLA,mosquito,2021,12,2021-12-01,0
MX-TLA,mosquito,2022,1,2022-01-01,0
MX-TLA,mosquito,2022,2,2022-02-01,0
MX-TLA,mosquito,2022,3,2022-03-01,2
MX-TLA,mosquito,2022,4,2022-04-01,0
MX-TLA,mosquito,2022,5,2022-05-01,1
MX-TLA,mosquito,2022,6,2022-06-01,0
MX-TLA,mosquito,2022,7,2022-07-01,0
MX-TLA,mosquito,2022,8,2022-08-01,0
MX-TLA,mosquito,2022,9,2022-09-01,0
MX-TLA,mosquito,2022,10,2022-10-01,1
MX-TLA,mosquito,2022,11,2022-11-01,0
MX-TLA,mosquito,2022,12,2022-12-01,0
MX-TLA,vector,2004,1,2004-01-01,0
MX-TLA,vector,2004,2,2004-02-01,0
MX-TLA,vector,2004,3,2004-03-01,0
MX-TLA,vector,2004,4,2004-04-01,0
MX-TLA,vector,2004,5,2004-05-01,0
MX-TLA,vector,2004,6,2004-06-01,0
MX-TLA,vector,2004,7,2004-07-01,0
MX-TLA,vector,2004,8,2004-08-01,0
MX-TLA,vector,2004,9,2004-09-01,0
MX-TLA,vector,2004,10,2004-10-01,0
MX-TLA,vector,2004,11,2004-11-01,0
MX-TLA,vector,2004,12,2004-12-01,0
MX-TLA,vector,2005,1,2005-01-01,0
MX-TLA,vector,2005,2,2005-02-01,0
MX-TLA,vector,2005,3,2005-03-01,0
MX-TLA,vector,2005,4,2005-04-01,0
MX-TLA,vector,2005,5,2005-05-01,0
MX-TLA,vector,2005,6,2005-06-01,0
MX-TLA,vector,2005,7,2005-07-01,0
MX-TLA,vector,2005,8,2005-08-01,0
MX-TLA,vector,2005,9,2005-09-01,0
MX-TLA,vector,2005,10,2005-10-01,0
MX-TLA,vector,2005,11,2005-11-01,0
MX-TLA,vector,2005,12,2005-12-01,0
MX-TLA,vector,2006,1,2006-01-01,0
MX-TLA,vector,2006,2,2006-02-01,0
MX-TLA,vector,2006,3,2006-03-01,0
MX-TLA,vector,2006,4,2006-04-01,0
MX-TLA,vector,2006,5,2006-05-01,0
MX-TLA,vector,2006,6,2006-06-01,0
MX-TLA,vector,2006,7,2006-07-01,0
MX-TLA,vector,2006,8,2006-08-01,0
MX-TLA,vector,2006,9,2006-09-01,0
MX-TLA,vector,2006,10,2006-10-01,0
MX-TLA,vector,2006,11,2006-11-01,0
MX-TLA,vector,2006,12,2006-12-01,0
MX-TLA,vector,2007,1,2007-01-01,0
MX-TLA,vector,2007,2,2007-02-01,0
MX-TLA,vector,2007,3,2007-03-01,0
MX-TLA,vector,2007,4,2007-04-01,0
MX-TLA,vector,2007,5,2007-05-01,0
MX-TLA,vector,2007,6,2007-06-01,0
MX-TLA,vector,2007,7,2007-07-01,0
MX-TLA,vector,2007,8,2007-08-01,0
MX-TLA,vector,2007,9,2007-09-01,0
MX-TLA,vector,2007,10,2007-10-01,0
MX-TLA,vector,2007,11,2007-11-01,0
MX-TLA,vector,2007,12,2007-12-01,0
MX-TLA,vector,2008,1,2008-01-01,0
MX-TLA,vector,2008,2,2008-02-01,0
MX-TLA,vector,2008,3,2008-03-01,0
MX-TLA,vector,2008,4,2008-04-01,0
MX-TLA,vector,2008,5,2008-05-01,0
MX-TLA,vector,2008,6,2008-06-01,0
MX-TLA,vector,2008,7,2008-07-01,0
MX-TLA,vector,2008,8,2008-08-01,0
MX-TLA,vector,2008,9,2008-09-01,0
MX-TLA,vector,2008,10,2008-10-01,0
MX-TLA,vector,2008,11,2008-11-01,0
MX-TLA,vector,2008,12,2008-12-01,0
MX-TLA,vector,2009,1,2009-01-01,0
MX-TLA,vector,2009,2,2009-02-01,0
MX-TLA,vector,2009,3,2009-03-01,0
MX-TLA,vector,2009,4,2009-04-01,0
MX-TLA,vector,2009,5,2009-05-01,0
MX-TLA,vector,2009,6,2009-06-01,0
MX-TLA,vector,2009,7,2009-07-01,0
MX-TLA,vector,2009,8,2009-08-01,0
MX-TLA,vector,2009,9,2009-09-01,0
MX-TLA,vector,2009,10,2009-10-01,0
MX-TLA,vector,2009,11,2009-11-01,100
MX-TLA,vector,2009,12,2009-12-01,0
MX-TLA,vector,2010,1,2010-01-01,0
MX-TLA,vector,2010,2,2010-02-01,0
MX-TLA,vector,2010,3,2010-03-01,0
MX-TLA,vector,2010,4,2010-04-01,0
MX-TLA,vector,2010,5,2010-05-01,0
MX-TLA,vector,2010,6,2010-06-01,0
MX-TLA,vector,2010,7,2010-07-01,0
MX-TLA,vector,2010,8,2010-08-01,0
MX-TLA,vector,2010,9,2010-09-01,0
MX-TLA,vector,2010,10,2010-10-01,0
MX-TLA,vector,2010,11,2010-11-01,0
MX-TLA,vector,2010,12,2010-12-01,0
MX-TLA,vector,2011,1,2011-01-01,0
MX-TLA,vector,2011,2,2011-02-01,0
MX-TLA,vector,2011,3,2011-03-01,0
MX-TLA,vector,2011,4,2011-04-01,0
MX-TLA,vector,2011,5,2011-05-01,0
MX-TLA,vector,2011,6,2011-06-01,0
MX-TLA,vector,2011,7,2011-07-01,0
MX-TLA,vector,2011,8,2011-08-01,0
MX-TLA,vector,2011,9,2011-09-01,5
MX-TLA,vector,2011,10,2011-10-01,0
MX-TLA,vector,2011,11,2011-11-01,0
MX-TLA,vector,2011,12,2011-12-01,0
MX-TLA,vector,2012,1,2012-01-01,0
MX-TLA,vector,2012,2,2012-02-01,0
MX-TLA,vector,2012,3,2012-03-01,0
MX-TLA,vector,2012,4,2012-04-01,0
MX-TLA,vector,2012,5,2012-05-01,0
MX-TLA,vector,2012,6,2012-06-01,0
MX-TLA,vector,2012,7,2012-07-01,0
MX-TLA,vector,2012,8,2012-08-01,0
MX-TLA,vector,2012,9,2012-09-01,4
MX-TLA,vector,2012,10,2012-10-01,0
MX-TLA,vector,2012,11,2012-11-01,0
MX-TLA,vector,2012,12,2012-12-01,0
MX-TLA,vector,2013,1,2013-01-01,0
MX-TLA,vector,2013,2,2013-02-01,0
MX-TLA,vector,2013,3,2013-03-01,0
MX-TLA,vector,2013,4,2013-04-01,0
MX-TLA,vector,2013,5,2013-05-01,0
MX-TLA,vector,2013,6,2013-06-01,0
MX-TLA,vector,2013,7,2013-07-01,0
MX-TLA,vector,2013,8,2013-08-01,0
MX-TLA,vector,2013,9,2013-09-01,4
MX-TLA,vector,2013,10,2013-10-01,6
MX-TLA,vector,2013,11,2013-11-01,0
MX-TLA,vector,2013,12,2013-12-01,0
MX-TLA,vector,2014,1,2014-01-01,0
MX-TLA,vector,2014,2,2014-02-01,4
MX-TLA,vector,2014,3,2014-03-01,0
MX-TLA,vector,2014,4,2014-04-01,0
MX-TLA,vector,2014,5,2014-05-01,0
MX-TLA,vector,2014,6,2014-06-01,0
MX-TLA,vector,2014,7,2014-07-01,0
MX-TLA,vector,2014,8,2014-08-01,0
MX-TLA,vector,2014,9,2014-09-01,0
MX-TLA,vector,2014,10,2014-10-01,0
MX-TLA,vector,2014,11,2014-11-01,0
MX-TLA,vector,2014,12,2014-12-01,0
MX-TLA,vector,2015,1,2015-01-01,3
MX-TLA,vector,2015,2,2015-02-01,0
MX-TLA,vector,2015,3,2015-03-01,0
MX-TLA,vector,2015,4,2015-04-01,0
MX-TLA,vector,2015,5,2015-05-01,0
MX-TLA,vector,2015,6,2015-06-01,0
MX-TLA,vector,2015,7,2015-07-01,0
MX-TLA,vector,2015,8,2015-08-01,0
MX-TLA,vector,2015,9,2015-09-01,3
MX-TLA,vector,2015,10,2015-10-01,2
MX-TLA,vector,2015,11,2015-11-01,0
MX-TLA,vector,2015,12,2015-12-01,0
MX-TLA,vector,2016,1,2016-01-01,0
MX-TLA,vector,2016,2,2016-02-01,3
MX-TLA,vector,2016,3,2016-03-01,0
MX-TLA,vector,2016,4,2016-04-01,2
MX-TLA,vector,2016,5,2016-05-01,0
MX-TLA,vector,2016,6,2016-06-01,0
MX-TLA,vector,2016,7,2016-07-01,0
MX-TLA,vector,2016,8,2016-08-01,0
MX-TLA,vector,2016,9,2016-09-01,4
MX-TLA,vector,2016,10,2016-10-01,0
MX-TLA,vector,2016,11,2016-11-01,0
MX-TLA,vector,2016,12,2016-12-01,0
MX-TLA,vector,2017,1,2017-01-01,0
MX-TLA,vector,2017,2,2017-02-01,0
MX-TLA,vector,2017,3,2017-03-01,0
MX-TLA,vector,2017,4,2017-04-01,0
MX-TLA,vector,2017,5,2017-05-01,0
MX-TLA,vector,2017,6,2017-06-01,0
MX-TLA,vector,2017,7,2017-07-01,0
MX-TLA,vector,2017,8,2017-08-01,0
MX-TLA,vector,2017,9,2017-09-01,0
MX-TLA,vector,2017,10,2017-10-01,0
MX-TLA,vector,2017,11,2017-11-01,0
MX-TLA,vector,2017,12,2017-12-01,0
MX-TLA,vector,2018,1,2018-01-01,0
MX-TLA,vector,2018,2,2018-02-01,0
MX-TLA,vector,2018,3,2018-03-01,0
MX-TLA,vector,2018,4,2018-04-01,0
MX-TLA,vector,2018,5,2018-05-01,0
MX-TLA,vector,2018,6,2018-06-01,0
MX-TLA,vector,2018,7,2018-07-01,0
MX-TLA,vector,2018,8,2018-08-01,0
MX-TLA,vector,2018,9,2018-09-01,0
MX-TLA,vector,2018,10,2018-10-01,0
MX-TLA,vector,2018,11,2018-11-01,0
MX-TLA,vector,2018,12,2018-12-01,0
MX-TLA,vector,2019,1,2019-01-01,0
MX-TLA,vector,2019,2,2019-02-01,0
MX-TLA,vector,2019,3,2019-03-01,0
MX-TLA,vector,2019,4,2019-04-01,0
MX-TLA,vector,2019,5,2019-05-01,0
MX-TLA,vector,2019,6,2019-06-01,0
MX-TLA,vector,2019,7,2019-07-01,0
MX-TLA,vector,2019,8,2019-08-01,0
MX-TLA,vector,2019,9,2019-09-01,0
MX-TLA,vector,2019,10,2019-10-01,0
MX-TLA,vector,2019,11,2019-11-01,0
MX-TLA,vector,2019,12,2019-12-01,0
MX-TLA,vector,2020,1,2020-01-01,0
MX-TLA,vector,2020,2,2020-02-01,0
MX-TLA,vector,2020,3,2020-03-01,0
MX-TLA,vector,2020,4,2020-04-01,0
MX-TLA,vector,2020,5,2020-05-01,0
MX-TLA,vector,2020,6,2020-06-01,0
MX-TLA,vector,2020,7,2020-07-01,0
MX-TLA,vector,2020,8,2020-08-01,0
MX-TLA,vector,2020,9,2020-09-01,0
MX-TLA,vector,2020,10,2020-10-01,0
MX-TLA,vector,2020,11,2020-11-01,0
MX-TLA,vector,2020,12,2020-12-01,0
MX-TLA,vector,2021,1,2021-01-01,0
MX-TLA,vector,2021,2,2021-02-01,0
MX-TLA,vector,2021,3,2021-03-01,2
MX-TLA,vector,2021,4,2021-04-01,0
MX-TLA,vector,2021,5,2021-05-01,0
MX-TLA,vector,2021,6,2021-06-01,0
MX-TLA,vector,2021,7,2021-07-01,0
MX-TLA,vector,2021,8,2021-08-01,0
MX-TLA,vector,2021,9,2021-09-01,0
MX-TLA,vector,2021,10,2021-10-01,2
MX-TLA,vector,2021,11,2021-11-01,0
MX-TLA,vector,2021,12,2021-12-01,0
MX-TLA,vector,2022,1,2022-01-01,0
MX-TLA,vector,2022,2,2022-02-01,2
MX-TLA,vector,2022,3,2022-03-01,1
MX-TLA,vector,2022,4,2022-04-01,1
MX-TLA,vector,2022,5,2022-05-01,1
MX-TLA,vector,2022,6,2022-06-01,0
MX-TLA,vector,2022,7,2022-07-01,0
MX-TLA,vector,2022,8,2022-08-01,0
MX-TLA,vector,2022,9,2022-09-01,1
MX-TLA,vector,2022,10,2022-10-01,3
MX-TLA,vector,2022,11,2022-11-01,2
MX-TLA,vector,2022,12,2022-12-01,0
MX-VER,Aedes_aegypti,2004,1,2004-01-01,0
MX-VER,Aedes_aegypti,2004,2,2004-02-01,0
MX-VER,Aedes_aegypti,2004,3,2004-03-01,0
MX-VER,Aedes_aegypti,2004,4,2004-04-01,0
MX-VER,Aedes_aegypti,2004,5,2004-05-01,0
MX-VER,Aedes_aegypti,2004,6,2004-06-01,0
MX-VER,Aedes_aegypti,2004,7,2004-07-01,0
MX-VER,Aedes_aegypti,2004,8,2004-08-01,0
MX-VER,Aedes_aegypti,2004,9,2004-09-01,0
MX-VER,Aedes_aegypti,2004,10,2004-10-01,0
MX-VER,Aedes_aegypti,2004,11,2004-11-01,0
MX-VER,Aedes_aegypti,2004,12,2004-12-01,0
MX-VER,Aedes_aegypti,2005,1,2005-01-01,0
MX-VER,Aedes_aegypti,2005,2,2005-02-01,0
MX-VER,Aedes_aegypti,2005,3,2005-03-01,0
MX-VER,Aedes_aegypti,2005,4,2005-04-01,0
MX-VER,Aedes_aegypti,2005,5,2005-05-01,0
MX-VER,Aedes_aegypti,2005,6,2005-06-01,0
MX-VER,Aedes_aegypti,2005,7,2005-07-01,0
MX-VER,Aedes_aegypti,2005,8,2005-08-01,0
MX-VER,Aedes_aegypti,2005,9,2005-09-01,0
MX-VER,Aedes_aegypti,2005,10,2005-10-01,0
MX-VER,Aedes_aegypti,2005,11,2005-11-01,0
MX-VER,Aedes_aegypti,2005,12,2005-12-01,0
MX-VER,Aedes_aegypti,2006,1,2006-01-01,0
MX-VER,Aedes_aegypti,2006,2,2006-02-01,0
MX-VER,Aedes_aegypti,2006,3,2006-03-01,0
MX-VER,Aedes_aegypti,2006,4,2006-04-01,0
MX-VER,Aedes_aegypti,2006,5,2006-05-01,0
MX-VER,Aedes_aegypti,2006,6,2006-06-01,0
MX-VER,Aedes_aegypti,2006,7,2006-07-01,0
MX-VER,Aedes_aegypti,2006,8,2006-08-01,0
MX-VER,Aedes_aegypti,2006,9,2006-09-01,0
MX-VER,Aedes_aegypti,2006,10,2006-10-01,0
MX-VER,Aedes_aegypti,2006,11,2006-11-01,0
MX-VER,Aedes_aegypti,2006,12,2006-12-01,0
MX-VER,Aedes_aegypti,2007,1,2007-01-01,0
MX-VER,Aedes_aegypti,2007,2,2007-02-01,0
MX-VER,Aedes_aegypti,2007,3,2007-03-01,0
MX-VER,Aedes_aegypti,2007,4,2007-04-01,0
MX-VER,Aedes_aegypti,2007,5,2007-05-01,0
MX-VER,Aedes_aegypti,2007,6,2007-06-01,0
MX-VER,Aedes_aegypti,2007,7,2007-07-01,0
MX-VER,Aedes_aegypti,2007,8,2007-08-01,0
MX-VER,Aedes_aegypti,2007,9,2007-09-01,0
MX-VER,Aedes_aegypti,2007,10,2007-10-01,0
MX-VER,Aedes_aegypti,2007,11,2007-11-01,0
MX-VER,Aedes_aegypti,2007,12,2007-12-01,0
MX-VER,Aedes_aegypti,2008,1,2008-01-01,0
MX-VER,Aedes_aegypti,2008,2,2008-02-01,0
MX-VER,Aedes_aegypti,2008,3,2008-03-01,0
MX-VER,Aedes_aegypti,2008,4,2008-04-01,0
MX-VER,Aedes_aegypti,2008,5,2008-05-01,0
MX-VER,Aedes_aegypti,2008,6,2008-06-01,0
MX-VER,Aedes_aegypti,2008,7,2008-07-01,100
MX-VER,Aedes_aegypti,2008,8,2008-08-01,0
MX-VER,Aedes_aegypti,2008,9,2008-09-01,0
MX-VER,Aedes_aegypti,2008,10,2008-10-01,0
MX-VER,Aedes_aegypti,2008,11,2008-11-01,0
MX-VER,Aedes_aegypti,2008,12,2008-12-01,0
MX-VER,Aedes_aegypti,2009,1,2009-01-01,0
MX-VER,Aedes_aegypti,2009,2,2009-02-01,0
MX-VER,Aedes_aegypti,2009,3,2009-03-01,0
MX-VER,Aedes_aegypti,2009,4,2009-04-01,0
MX-VER,Aedes_aegypti,2009,5,2009-05-01,0
MX-VER,Aedes_aegypti,2009,6,2009-06-01,0
MX-VER,Aedes_aegypti,2009,7,2009-07-01,0
MX-VER,Aedes_aegypti,2009,8,2009-08-01,0
MX-VER,Aedes_aegypti,2009,9,2009-09-01,0
MX-VER,Aedes_aegypti,2009,10,2009-10-01,0
MX-VER,Aedes_aegypti,2009,11,2009-11-01,0
MX-VER,Aedes_aegypti,2009,12,2009-12-01,0
MX-VER,Aedes_aegypti,2010,1,2010-01-01,0
MX-VER,Aedes_aegypti,2010,2,2010-02-01,0
MX-VER,Aedes_aegypti,2010,3,2010-03-01,0
MX-VER,Aedes_aegypti,2010,4,2010-04-01,0
MX-VER,Aedes_aegypti,2010,5,2010-05-01,0
MX-VER,Aedes_aegypti,2010,6,2010-06-01,0
MX-VER,Aedes_aegypti,2010,7,2010-07-01,0
MX-VER,Aedes_aegypti,2010,8,2010-08-01,0
MX-VER,Aedes_aegypti,2010,9,2010-09-01,0
MX-VER,Aedes_aegypti,2010,10,2010-10-01,0
MX-VER,Aedes_aegypti,2010,11,2010-11-01,0
MX-VER,Aedes_aegypti,2010,12,2010-12-01,0
MX-VER,Aedes_aegypti,2011,1,2011-01-01,0
MX-VER,Aedes_aegypti,2011,2,2011-02-01,0
MX-VER,Aedes_aegypti,2011,3,2011-03-01,0
MX-VER,Aedes_aegypti,2011,4,2011-04-01,0
MX-VER,Aedes_aegypti,2011,5,2011-05-01,0
MX-VER,Aedes_aegypti,2011,6,2011-06-01,0
MX-VER,Aedes_aegypti,2011,7,2011-07-01,0
MX-VER,Aedes_aegypti,2011,8,2011-08-01,0
MX-VER,Aedes_aegypti,2011,9,2011-09-01,0
MX-VER,Aedes_aegypti,2011,10,2011-10-01,0
MX-VER,Aedes_aegypti,2011,11,2011-11-01,0
MX-VER,Aedes_aegypti,2011,12,2011-12-01,0
MX-VER,Aedes_aegypti,2012,1,2012-01-01,0
MX-VER,Aedes_aegypti,2012,2,2012-02-01,0
MX-VER,Aedes_aegypti,2012,3,2012-03-01,0
MX-VER,Aedes_aegypti,2012,4,2012-04-01,0
MX-VER,Aedes_aegypti,2012,5,2012-05-01,0
MX-VER,Aedes_aegypti,2012,6,2012-06-01,0
MX-VER,Aedes_aegypti,2012,7,2012-07-01,0
MX-VER,Aedes_aegypti,2012,8,2012-08-01,0
MX-VER,Aedes_aegypti,2012,9,2012-09-01,0
MX-VER,Aedes_aegypti,2012,10,2012-10-01,0
MX-VER,Aedes_aegypti,2012,11,2012-11-01,0
MX-VER,Aedes_aegypti,2012,12,2012-12-01,0
MX-VER,Aedes_aegypti,2013,1,2013-01-01,0
MX-VER,Aedes_aegypti,2013,2,2013-02-01,0
MX-VER,Aedes_aegypti,2013,3,2013-03-01,0
MX-VER,Aedes_aegypti,2013,4,2013-04-01,0
MX-VER,Aedes_aegypti,2013,5,2013-05-01,0
MX-VER,Aedes_aegypti,2013,6,2013-06-01,0
MX-VER,Aedes_aegypti,2013,7,2013-07-01,0
MX-VER,Aedes_aegypti,2013,8,2013-08-01,0
MX-VER,Aedes_aegypti,2013,9,2013-09-01,0
MX-VER,Aedes_aegypti,2013,10,2013-10-01,0
MX-VER,Aedes_aegypti,2013,11,2013-11-01,0
MX-VER,Aedes_aegypti,2013,12,2013-12-01,0
MX-VER,Aedes_aegypti,2014,1,2014-01-01,0
MX-VER,Aedes_aegypti,2014,2,2014-02-01,0
MX-VER,Aedes_aegypti,2014,3,2014-03-01,0
MX-VER,Aedes_aegypti,2014,4,2014-04-01,0
MX-VER,Aedes_aegypti,2014,5,2014-05-01,0
MX-VER,Aedes_aegypti,2014,6,2014-06-01,0
MX-VER,Aedes_aegypti,2014,7,2014-07-01,0
MX-VER,Aedes_aegypti,2014,8,2014-08-01,0
MX-VER,Aedes_aegypti,2014,9,2014-09-01,0
MX-VER,Aedes_aegypti,2014,10,2014-10-01,0
MX-VER,Aedes_aegypti,2014,11,2014-11-01,0
MX-VER,Aedes_aegypti,2014,12,2014-12-01,0
MX-VER,Aedes_aegypti,2015,1,2015-01-01,0
MX-VER,Aedes_aegypti,2015,2,2015-02-01,0
MX-VER,Aedes_aegypti,2015,3,2015-03-01,0
MX-VER,Aedes_aegypti,2015,4,2015-04-01,0
MX-VER,Aedes_aegypti,2015,5,2015-05-01,0
MX-VER,Aedes_aegypti,2015,6,2015-06-01,0
MX-VER,Aedes_aegypti,2015,7,2015-07-01,0
MX-VER,Aedes_aegypti,2015,8,2015-08-01,5
MX-VER,Aedes_aegypti,2015,9,2015-09-01,0
MX-VER,Aedes_aegypti,2015,10,2015-10-01,0
MX-VER,Aedes_aegypti,2015,11,2015-11-01,0
MX-VER,Aedes_aegypti,2015,12,2015-12-01,0
MX-VER,Aedes_aegypti,2016,1,2016-01-01,0
MX-VER,Aedes_aegypti,2016,2,2016-02-01,0
MX-VER,Aedes_aegypti,2016,3,2016-03-01,0
MX-VER,Aedes_aegypti,2016,4,2016-04-01,0
MX-VER,Aedes_aegypti,2016,5,2016-05-01,0
MX-VER,Aedes_aegypti,2016,6,2016-06-01,0
MX-VER,Aedes_aegypti,2016,7,2016-07-01,0
MX-VER,Aedes_aegypti,2016,8,2016-08-01,0
MX-VER,Aedes_aegypti,2016,9,2016-09-01,0
MX-VER,Aedes_aegypti,2016,10,2016-10-01,0
MX-VER,Aedes_aegypti,2016,11,2016-11-01,0
MX-VER,Aedes_aegypti,2016,12,2016-12-01,0
MX-VER,Aedes_aegypti,2017,1,2017-01-01,0
MX-VER,Aedes_aegypti,2017,2,2017-02-01,0
MX-VER,Aedes_aegypti,2017,3,2017-03-01,0
MX-VER,Aedes_aegypti,2017,4,2017-04-01,0
MX-VER,Aedes_aegypti,2017,5,2017-05-01,0
MX-VER,Aedes_aegypti,2017,6,2017-06-01,0
MX-VER,Aedes_aegypti,2017,7,2017-07-01,0
MX-VER,Aedes_aegypti,2017,8,2017-08-01,0
MX-VER,Aedes_aegypti,2017,9,2017-09-01,0
MX-VER,Aedes_aegypti,2017,10,2017-10-01,0
MX-VER,Aedes_aegypti,2017,11,2017-11-01,0
MX-VER,Aedes_aegypti,2017,12,2017-12-01,0
MX-VER,Aedes_aegypti,2018,1,2018-01-01,0
MX-VER,Aedes_aegypti,2018,2,2018-02-01,0
MX-VER,Aedes_aegypti,2018,3,2018-03-01,0
MX-VER,Aedes_aegypti,2018,4,2018-04-01,0
MX-VER,Aedes_aegypti,2018,5,2018-05-01,0
MX-VER,Aedes_aegypti,2018,6,2018-06-01,0
MX-VER,Aedes_aegypti,2018,7,2018-07-01,0
MX-VER,Aedes_aegypti,2018,8,2018-08-01,0
MX-VER,Aedes_aegypti,2018,9,2018-09-01,0
MX-VER,Aedes_aegypti,2018,10,2018-10-01,0
MX-VER,Aedes_aegypti,2018,11,2018-11-01,0
MX-VER,Aedes_aegypti,2018,12,2018-12-01,0
MX-VER,Aedes_aegypti,2019,1,2019-01-01,0
MX-VER,Aedes_aegypti,2019,2,2019-02-01,0
MX-VER,Aedes_aegypti,2019,3,2019-03-01,0
MX-VER,Aedes_aegypti,2019,4,2019-04-01,0
MX-VER,Aedes_aegypti,2019,5,2019-05-01,0
MX-VER,Aedes_aegypti,2019,6,2019-06-01,0
MX-VER,Aedes_aegypti,2019,7,2019-07-01,0
MX-VER,Aedes_aegypti,2019,8,2019-08-01,0
MX-VER,Aedes_aegypti,2019,9,2019-09-01,0
MX-VER,Aedes_aegypti,2019,10,2019-10-01,0
MX-VER,Aedes_aegypti,2019,11,2019-11-01,0
MX-VER,Aedes_aegypti,2019,12,2019-12-01,0
MX-VER,Aedes_aegypti,2020,1,2020-01-01,0
MX-VER,Aedes_aegypti,2020,2,2020-02-01,0
MX-VER,Aedes_aegypti,2020,3,2020-03-01,0
MX-VER,Aedes_aegypti,2020,4,2020-04-01,0
MX-VER,Aedes_aegypti,2020,5,2020-05-01,0
MX-VER,Aedes_aegypti,2020,6,2020-06-01,0
MX-VER,Aedes_aegypti,2020,7,2020-07-01,0
MX-VER,Aedes_aegypti,2020,8,2020-08-01,0
MX-VER,Aedes_aegypti,2020,9,2020-09-01,0
MX-VER,Aedes_aegypti,2020,10,2020-10-01,0
MX-VER,Aedes_aegypti,2020,11,2020-11-01,0
MX-VER,Aedes_aegypti,2020,12,2020-12-01,0
MX-VER,Aedes_aegypti,2021,1,2021-01-01,0
MX-VER,Aedes_aegypti,2021,2,2021-02-01,0
MX-VER,Aedes_aegypti,2021,3,2021-03-01,0
MX-VER,Aedes_aegypti,2021,4,2021-04-01,0
MX-VER,Aedes_aegypti,2021,5,2021-05-01,0
MX-VER,Aedes_aegypti,2021,6,2021-06-01,0
MX-VER,Aedes_aegypti,2021,7,2021-07-01,0
MX-VER,Aedes_aegypti,2021,8,2021-08-01,0
MX-VER,Aedes_aegypti,2021,9,2021-09-01,0
MX-VER,Aedes_aegypti,2021,10,2021-10-01,0
MX-VER,Aedes_aegypti,2021,11,2021-11-01,0
MX-VER,Aedes_aegypti,2021,12,2021-12-01,0
MX-VER,Aedes_aegypti,2022,1,2022-01-01,0
MX-VER,Aedes_aegypti,2022,2,2022-02-01,0
MX-VER,Aedes_aegypti,2022,3,2022-03-01,0
MX-VER,Aedes_aegypti,2022,4,2022-04-01,0
MX-VER,Aedes_aegypti,2022,5,2022-05-01,0
MX-VER,Aedes_aegypti,2022,6,2022-06-01,0
MX-VER,Aedes_aegypti,2022,7,2022-07-01,0
MX-VER,Aedes_aegypti,2022,8,2022-08-01,0
MX-VER,Aedes_aegypti,2022,9,2022-09-01,0
MX-VER,Aedes_aegypti,2022,10,2022-10-01,0
MX-VER,Aedes_aegypti,2022,11,2022-11-01,0
MX-VER,Aedes_aegypti,2022,12,2022-12-01,0
MX-VER,mosquito,2004,1,2004-01-01,0
MX-VER,mosquito,2004,2,2004-02-01,0
MX-VER,mosquito,2004,3,2004-03-01,0
MX-VER,mosquito,2004,4,2004-04-01,0
MX-VER,mosquito,2004,5,2004-05-01,0
MX-VER,mosquito,2004,6,2004-06-01,0
MX-VER,mosquito,2004,7,2004-07-01,0
MX-VER,mosquito,2004,8,2004-08-01,0
MX-VER,mosquito,2004,9,2004-09-01,0
MX-VER,mosquito,2004,10,2004-10-01,0
MX-VER,mosquito,2004,11,2004-11-01,0
MX-VER,mosquito,2004,12,2004-12-01,0
MX-VER,mosquito,2005,1,2005-01-01,0
MX-VER,mosquito,2005,2,2005-02-01,0
MX-VER,mosquito,2005,3,2005-03-01,0
MX-VER,mosquito,2005,4,2005-04-01,0
MX-VER,mosquito,2005,5,2005-05-01,0
MX-VER,mosquito,2005,6,2005-06-01,0
MX-VER,mosquito,2005,7,2005-07-01,0
MX-VER,mosquito,2005,8,2005-08-01,0
MX-VER,mosquito,2005,9,2005-09-01,0
MX-VER,mosquito,2005,10,2005-10-01,0
MX-VER,mosquito,2005,11,2005-11-01,0
MX-VER,mosquito,2005,12,2005-12-01,0
MX-VER,mosquito,2006,1,2006-01-01,0
MX-VER,mosquito,2006,2,2006-02-01,0
MX-VER,mosquito,2006,3,2006-03-01,0
MX-VER,mosquito,2006,4,2006-04-01,0
MX-VER,mosquito,2006,5,2006-05-01,0
MX-VER,mosquito,2006,6,2006-06-01,0
MX-VER,mosquito,2006,7,2006-07-01,0
MX-VER,mosquito,2006,8,2006-08-01,0
MX-VER,mosquito,2006,9,2006-09-01,0
MX-VER,mosquito,2006,10,2006-10-01,0
MX-VER,mosquito,2006,11,2006-11-01,0
MX-VER,mosquito,2006,12,2006-12-01,0
MX-VER,mosquito,2007,1,2007-01-01,0
MX-VER,mosquito,2007,2,2007-02-01,0
MX-VER,mosquito,2007,3,2007-03-01,0
MX-VER,mosquito,2007,4,2007-04-01,0
MX-VER,mosquito,2007,5,2007-05-01,0
MX-VER,mosquito,2007,6,2007-06-01,0
MX-VER,mosquito,2007,7,2007-07-01,0
MX-VER,mosquito,2007,8,2007-08-01,0
MX-VER,mosquito,2007,9,2007-09-01,0
MX-VER,mosquito,2007,10,2007-10-01,0
MX-VER,mosquito,2007,11,2007-11-01,0
MX-VER,mosquito,2007,12,2007-12-01,0
MX-VER,mosquito,2008,1,2008-01-01,0
MX-VER,mosquito,2008,2,2008-02-01,0
MX-VER,mosquito,2008,3,2008-03-01,0
MX-VER,mosquito,2008,4,2008-04-01,0
MX-VER,mosquito,2008,5,2008-05-01,0
MX-VER,mosquito,2008,6,2008-06-01,0
MX-VER,mosquito,2008,7,2008-07-01,0
MX-VER,mosquito,2008,8,2008-08-01,0
MX-VER,mosquito,2008,9,2008-09-01,0
MX-VER,mosquito,2008,10,2008-10-01,0
MX-VER,mosquito,2008,11,2008-11-01,0
MX-VER,mosquito,2008,12,2008-12-01,0
MX-VER,mosquito,2009,1,2009-01-01,0
MX-VER,mosquito,2009,2,2009-02-01,0
MX-VER,mosquito,2009,3,2009-03-01,0
MX-VER,mosquito,2009,4,2009-04-01,0
MX-VER,mosquito,2009,5,2009-05-01,0
MX-VER,mosquito,2009,6,2009-06-01,0
MX-VER,mosquito,2009,7,2009-07-01,0
MX-VER,mosquito,2009,8,2009-08-01,0
MX-VER,mosquito,2009,9,2009-09-01,0
MX-VER,mosquito,2009,10,2009-10-01,0
MX-VER,mosquito,2009,11,2009-11-01,0
MX-VER,mosquito,2009,12,2009-12-01,0
MX-VER,mosquito,2010,1,2010-01-01,0
MX-VER,mosquito,2010,2,2010-02-01,0
MX-VER,mosquito,2010,3,2010-03-01,0
MX-VER,mosquito,2010,4,2010-04-01,0
MX-VER,mosquito,2010,5,2010-05-01,83
MX-VER,mosquito,2010,6,2010-06-01,0
MX-VER,mosquito,2010,7,2010-07-01,0
MX-VER,mosquito,2010,8,2010-08-01,0
MX-VER,mosquito,2010,9,2010-09-01,0
MX-VER,mosquito,2010,10,2010-10-01,0
MX-VER,mosquito,2010,11,2010-11-01,0
MX-VER,mosquito,2010,12,2010-12-01,0
MX-VER,mosquito,2011,1,2011-01-01,25
MX-VER,mosquito,2011,2,2011-02-01,12
MX-VER,mosquito,2011,3,2011-03-01,41
MX-VER,mosquito,2011,4,2011-04-01,35
MX-VER,mosquito,2011,5,2011-05-01,32
MX-VER,mosquito,2011,6,2011-06-01,33
MX-VER,mosquito,2011,7,2011-07-01,32
MX-VER,mosquito,2011,8,2011-08-01,37
MX-VER,mosquito,2011,9,2011-09-01,28
MX-VER,mosquito,2011,10,2011-10-01,35
MX-VER,mosquito,2011,11,2011-11-01,21
MX-VER,mosquito,2011,12,2011-12-01,12
MX-VER,mosquito,2012,1,2012-01-01,25
MX-VER,mosquito,2012,2,2012-02-01,22
MX-VER,mosquito,2012,3,2012-03-01,23
MX-VER,mosquito,2012,4,2012-04-01,28
MX-VER,mosquito,2012,5,2012-05-01,32
MX-VER,mosquito,2012,6,2012-06-01,35
MX-VER,mosquito,2012,7,2012-07-01,43
MX-VER,mosquito,2012,8,2012-08-01,56
MX-VER,mosquito,2012,9,2012-09-01,60
MX-VER,mosquito,2012,10,2012-10-01,38
MX-VER,mosquito,2012,11,2012-11-01,35
MX-VER,mosquito,2012,12,2012-12-01,24
MX-VER,mosquito,2013,1,2013-01-01,18
MX-VER,mosquito,2013,2,2013-02-01,24
MX-VER,mosquito,2013,3,2013-03-01,23
MX-VER,mosquito,2013,4,2013-04-01,35
MX-VER,mosquito,2013,5,2013-05-01,32
MX-VER,mosquito,2013,6,2013-06-01,45
MX-VER,mosquito,2013,7,2013-07-01,48
MX-VER,mosquito,2013,8,2013-08-01,40
MX-VER,mosquito,2013,9,2013-09-01,53
MX-VER,mosquito,2013,10,2013-10-01,32
MX-VER,mosquito,2013,11,2013-11-01,36
MX-VER,mosquito,2013,12,2013-12-01,23
MX-VER,mosquito,2014,1,2014-01-01,25
MX-VER,mosquito,2014,2,2014-02-01,20
MX-VER,mosquito,2014,3,2014-03-01,37
MX-VER,mosquito,2014,4,2014-04-01,39
MX-VER,mosquito,2014,5,2014-05-01,42
MX-VER,mosquito,2014,6,2014-06-01,51
MX-VER,mosquito,2014,7,2014-07-01,58
MX-VER,mosquito,2014,8,2014-08-01,40
MX-VER,mosquito,2014,9,2014-09-01,42
MX-VER,mosquito,2014,10,2014-10-01,31
MX-VER,mosquito,2014,11,2014-11-01,32
MX-VER,mosquito,2014,12,2014-12-01,29
MX-VER,mosquito,2015,1,2015-01-01,30
MX-VER,mosquito,2015,2,2015-02-01,23
MX-VER,mosquito,2015,3,2015-03-01,32
MX-VER,mosquito,2015,4,2015-04-01,62
MX-VER,mosquito,2015,5,2015-05-01,42
MX-VER,mosquito,2015,6,2015-06-01,52
MX-VER,mosquito,2015,7,2015-07-01,91
MX-VER,mosquito,2015,8,2015-08-01,100
MX-VER,mosquito,2015,9,2015-09-01,92
MX-VER,mosquito,2015,10,2015-10-01,63
MX-VER,mosquito,2015,11,2015-11-01,63
MX-VER,mosquito,2015,12,2015-12-01,46
MX-VER,mosquito,2016,1,2016-01-01,40
MX-VER,mosquito,2016,2,2016-02-01,73
MX-VER,mosquito,2016,3,2016-03-01,76
MX-VER,mosquito,2016,4,2016-04-01,66
MX-VER,mosquito,2016,5,2016-05-01,62
MX-VER,mosquito,2016,6,2016-06-01,43
MX-VER,mosquito,2016,7,2016-07-01,60
MX-VER,mosquito,2016,8,2016-08-01,67
MX-VER,mosquito,2016,9,2016-09-01,76
MX-VER,mosquito,2016,10,2016-10-01,50
MX-VER,mosquito,2016,11,2016-11-01,7
MX-VER,mosquito,2016,12,2016-12-01,0
MX-VER,mosquito,2017,1,2017-01-01,0
MX-VER,mosquito,2017,2,2017-02-01,0
MX-VER,mosquito,2017,3,2017-03-01,7
MX-VER,mosquito,2017,4,2017-04-01,9
MX-VER,mosquito,2017,5,2017-05-01,8
MX-VER,mosquito,2017,6,2017-06-01,7
MX-VER,mosquito,2017,7,2017-07-01,8
MX-VER,mosquito,2017,8,2017-08-01,6
MX-VER,mosquito,2017,9,2017-09-01,7
MX-VER,mosquito,2017,10,2017-10-01,5
MX-VER,mosquito,2017,11,2017-11-01,0
MX-VER,mosquito,2017,12,2017-12-01,0
MX-VER,mosquito,2018,1,2018-01-01,0
MX-VER,mosquito,2018,2,2018-02-01,5
MX-VER,mosquito,2018,3,2018-03-01,11
MX-VER,mosquito,2018,4,2018-04-01,10
MX-VER,mosquito,2018,5,2018-05-01,11
MX-VER,mosquito,2018,6,2018-06-01,13
MX-VER,mosquito,2018,7,2018-07-01,17
MX-VER,mosquito,2018,8,2018-08-01,13
MX-VER,mosquito,2018,9,2018-09-01,0
MX-VER,mosquito,2018,10,2018-10-01,0
MX-VER,mosquito,2018,11,2018-11-01,0
MX-VER,mosquito,2018,12,2018-12-01,0
MX-VER,mosquito,2019,1,2019-01-01,0
MX-VER,mosquito,2019,2,2019-02-01,0
MX-VER,mosquito,2019,3,2019-03-01,8
MX-VER,mosquito,2019,4,2019-04-01,5
MX-VER,mosquito,2019,5,2019-05-01,0
MX-VER,mosquito,2019,6,2019-06-01,0
MX-VER,mosquito,2019,7,2019-07-01,5
MX-VER,mosquito,2019,8,2019-08-01,6
MX-VER,mosquito,2019,9,2019-09-01,9
MX-VER,mosquito,2019,10,2019-10-01,0
MX-VER,mosquito,2019,11,2019-11-01,4
MX-VER,mosquito,2019,12,2019-12-01,0
MX-VER,mosquito,2020,1,2020-01-01,4
MX-VER,mosquito,2020,2,2020-02-01,0
MX-VER,mosquito,2020,3,2020-03-01,11
MX-VER,mosquito,2020,4,2020-04-01,10
MX-VER,mosquito,2020,5,2020-05-01,13
MX-VER,mosquito,2020,6,2020-06-01,15
MX-VER,mosquito,2020,7,2020-07-01,12
MX-VER,mosquito,2020,8,2020-08-01,14
MX-VER,mosquito,2020,9,2020-09-01,13
MX-VER,mosquito,2020,10,2020-10-01,15
MX-VER,mosquito,2020,11,2020-11-01,12
MX-VER,mosquito,2020,12,2020-12-01,8
MX-VER,mosquito,2021,1,2021-01-01,10
MX-VER,mosquito,2021,2,2021-02-01,20
MX-VER,mosquito,2021,3,2021-03-01,36
MX-VER,mosquito,2021,4,2021-04-01,43
MX-VER,mosquito,2021,5,2021-05-01,61
MX-VER,mosquito,2021,6,2021-06-01,41
MX-VER,mosquito,2021,7,2021-07-01,61
MX-VER,mosquito,2021,8,2021-08-01,42
MX-VER,mosquito,2021,9,2021-09-01,35
MX-VER,mosquito,2021,10,2021-10-01,27
MX-VER,mosquito,2021,11,2021-11-01,28
MX-VER,mosquito,2021,12,2021-12-01,26
MX-VER,mosquito,2022,1,2022-01-01,22
MX-VER,mosquito,2022,2,2022-02-01,21
MX-VER,mosquito,2022,3,2022-03-01,28
MX-VER,mosquito,2022,4,2022-04-01,38
MX-VER,mosquito,2022,5,2022-05-01,44
MX-VER,mosquito,2022,6,2022-06-01,46
MX-VER,mosquito,2022,7,2022-07-01,76
MX-VER,mosquito,2022,8,2022-08-01,67
MX-VER,mosquito,2022,9,2022-09-01,51
MX-VER,mosquito,2022,10,2022-10-01,48
MX-VER,mosquito,2022,11,2022-11-01,37
MX-VER,mosquito,2022,12,2022-12-01,31
MX-VER,vector,2004,1,2004-01-01,0
MX-VER,vector,2004,2,2004-02-01,0
MX-VER,vector,2004,3,2004-03-01,0
MX-VER,vector,2004,4,2004-04-01,0
MX-VER,vector,2004,5,2004-05-01,0
MX-VER,vector,2004,6,2004-06-01,0
MX-VER,vector,2004,7,2004-07-01,0
MX-VER,vector,2004,8,2004-08-01,0
MX-VER,vector,2004,9,2004-09-01,0
MX-VER,vector,2004,10,2004-10-01,0
MX-VER,vector,2004,11,2004-11-01,0
MX-VER,vector,2004,12,2004-12-01,0
MX-VER,vector,2005,1,2005-01-01,0
MX-VER,vector,2005,2,2005-02-01,0
MX-VER,vector,2005,3,2005-03-01,0
MX-VER,vector,2005,4,2005-04-01,0
MX-VER,vector,2005,5,2005-05-01,0
MX-VER,vector,2005,6,2005-06-01,0
MX-VER,vector,2005,7,2005-07-01,0
MX-VER,vector,2005,8,2005-08-01,0
MX-VER,vector,2005,9,2005-09-01,0
MX-VER,vector,2005,10,2005-10-01,0
MX-VER,vector,2005,11,2005-11-01,0
MX-VER,vector,2005,12,2005-12-01,0
MX-VER,vector,2006,1,2006-01-01,0
MX-VER,vector,2006,2,2006-02-01,0
MX-VER,vector,2006,3,2006-03-01,0
MX-VER,vector,2006,4,2006-04-01,0
MX-VER,vector,2006,5,2006-05-01,0
MX-VER,vector,2006,6,2006-06-01,0
MX-VER,vector,2006,7,2006-07-01,0
MX-VER,vector,2006,8,2006-08-01,0
MX-VER,vector,2006,9,2006-09-01,0
MX-VER,vector,2006,10,2006-10-01,0
MX-VER,vector,2006,11,2006-11-01,0
MX-VER,vector,2006,12,2006-12-01,0
MX-VER,vector,2007,1,2007-01-01,0
MX-VER,vector,2007,2,2007-02-01,0
MX-VER,vector,2007,3,2007-03-01,0
MX-VER,vector,2007,4,2007-04-01,0
MX-VER,vector,2007,5,2007-05-01,0
MX-VER,vector,2007,6,2007-06-01,0
MX-VER,vector,2007,7,2007-07-01,0
MX-VER,vector,2007,8,2007-08-01,0
MX-VER,vector,2007,9,2007-09-01,0
MX-VER,vector,2007,10,2007-10-01,0
MX-VER,vector,2007,11,2007-11-01,0
MX-VER,vector,2007,12,2007-12-01,0
MX-VER,vector,2008,1,2008-01-01,0
MX-VER,vector,2008,2,2008-02-01,0
MX-VER,vector,2008,3,2008-03-01,0
MX-VER,vector,2008,4,2008-04-01,0
MX-VER,vector,2008,5,2008-05-01,69
MX-VER,vector,2008,6,2008-06-01,0
MX-VER,vector,2008,7,2008-07-01,0
MX-VER,vector,2008,8,2008-08-01,0
MX-VER,vector,2008,9,2008-09-01,0
MX-VER,vector,2008,10,2008-10-01,100
MX-VER,vector,2008,11,2008-11-01,0
MX-VER,vector,2008,12,2008-12-01,0
MX-VER,vector,2009,1,2009-01-01,0
MX-VER,vector,2009,2,2009-02-01,0
MX-VER,vector,2009,3,2009-03-01,0
MX-VER,vector,2009,4,2009-04-01,0
MX-VER,vector,2009,5,2009-05-01,0
MX-VER,vector,2009,6,2009-06-01,0
MX-VER,vector,2009,7,2009-07-01,0
MX-VER,vector,2009,8,2009-08-01,0
MX-VER,vector,2009,9,2009-09-01,0
MX-VER,vector,2009,10,2009-10-01,0
MX-VER,vector,2009,11,2009-11-01,0
MX-VER,vector,2009,12,2009-12-01,0
MX-VER,vector,2010,1,2010-01-01,0
MX-VER,vector,2010,2,2010-02-01,0
MX-VER,vector,2010,3,2010-03-01,0
MX-VER,vector,2010,4,2010-04-01,0
MX-VER,vector,2010,5,2010-05-01,0
MX-VER,vector,2010,6,2010-06-01,0
MX-VER,vector,2010,7,2010-07-01,0
MX-VER,vector,2010,8,2010-08-01,0
MX-VER,vector,2010,9,2010-09-01,0
MX-VER,vector,2010,10,2010-10-01,0
MX-VER,vector,2010,11,2010-11-01,0
MX-VER,vector,2010,12,2010-12-01,0
MX-VER,vector,2011,1,2011-01-01,8
MX-VER,vector,2011,2,2011-02-01,16
MX-VER,vector,2011,3,2011-03-01,15
MX-VER,vector,2011,4,2011-04-01,9
MX-VER,vector,2011,5,2011-05-01,13
MX-VER,vector,2011,6,2011-06-01,13
MX-VER,vector,2011,7,2011-07-01,8
MX-VER,vector,2011,8,2011-08-01,19
MX-VER,vector,2011,9,2011-09-01,28
MX-VER,vector,2011,10,2011-10-01,21
MX-VER,vector,2011,11,2011-11-01,16
MX-VER,vector,2011,12,2011-12-01,11
MX-VER,vector,2012,1,2012-01-01,11
MX-VER,vector,2012,2,2012-02-01,15
MX-VER,vector,2012,3,2012-03-01,15
MX-VER,vector,2012,4,2012-04-01,14
MX-VER,vector,2012,5,2012-05-01,16
MX-VER,vector,2012,6,2012-06-01,11
MX-VER,vector,2012,7,2012-07-01,10
MX-VER,vector,2012,8,2012-08-01,27
MX-VER,vector,2012,9,2012-09-01,30
MX-VER,vector,2012,10,2012-10-01,24
MX-VER,vector,2012,11,2012-11-01,18
MX-VER,vector,2012,12,2012-12-01,13
MX-VER,vector,2013,1,2013-01-01,12
MX-VER,vector,2013,2,2013-02-01,15
MX-VER,vector,2013,3,2013-03-01,17
MX-VER,vector,2013,4,2013-04-01,14
MX-VER,vector,2013,5,2013-05-01,13
MX-VER,vector,2013,6,2013-06-01,13
MX-VER,vector,2013,7,2013-07-01,9
MX-VER,vector,2013,8,2013-08-01,22
MX-VER,vector,2013,9,2013-09-01,21
MX-VER,vector,2013,10,2013-10-01,16
MX-VER,vector,2013,11,2013-11-01,24
MX-VER,vector,2013,12,2013-12-01,9
MX-VER,vector,2014,1,2014-01-01,13
MX-VER,vector,2014,2,2014-02-01,19
MX-VER,vector,2014,3,2014-03-01,16
MX-VER,vector,2014,4,2014-04-01,10
MX-VER,vector,2014,5,2014-05-01,12
MX-VER,vector,2014,6,2014-06-01,12
MX-VER,vector,2014,7,2014-07-01,12
MX-VER,vector,2014,8,2014-08-01,24
MX-VER,vector,2014,9,2014-09-01,28
MX-VER,vector,2014,10,2014-10-01,20
MX-VER,vector,2014,11,2014-11-01,15
MX-VER,vector,2014,12,2014-12-01,13
MX-VER,vector,2015,1,2015-01-01,10
MX-VER,vector,2015,2,2015-02-01,13
MX-VER,vector,2015,3,2015-03-01,13
MX-VER,vector,2015,4,2015-04-01,8
MX-VER,vector,2015,5,2015-05-01,10
MX-VER,vector,2015,6,2015-06-01,13
MX-VER,vector,2015,7,2015-07-01,12
MX-VER,vector,2015,8,2015-08-01,20
MX-VER,vector,2015,9,2015-09-01,23
MX-VER,vector,2015,10,2015-10-01,17
MX-VER,vector,2015,11,2015-11-01,13
MX-VER,vector,2015,12,2015-12-01,7
MX-VER,vector,2016,1,2016-01-01,12
MX-VER,vector,2016,2,2016-02-01,16
MX-VER,vector,2016,3,2016-03-01,12
MX-VER,vector,2016,4,2016-04-01,8
MX-VER,vector,2016,5,2016-05-01,11
MX-VER,vector,2016,6,2016-06-01,11
MX-VER,vector,2016,7,2016-07-01,9
MX-VER,vector,2016,8,2016-08-01,14
MX-VER,vector,2016,9,2016-09-01,23
MX-VER,vector,2016,10,2016-10-01,16
MX-VER,vector,2016,11,2016-11-01,0
MX-VER,vector,2016,12,2016-12-01,0
MX-VER,vector,2017,1,2017-01-01,0
MX-VER,vector,2017,2,2017-02-01,0
MX-VER,vector,2017,3,2017-03-01,0
MX-VER,vector,2017,4,2017-04-01,4
MX-VER,vector,2017,5,2017-05-01,0
MX-VER,vector,2017,6,2017-06-01,0
MX-VER,vector,2017,7,2017-07-01,0
MX-VER,vector,2017,8,2017-08-01,0
MX-VER,vector,2017,9,2017-09-01,0
MX-VER,vector,2017,10,2017-10-01,0
MX-VER,vector,2017,11,2017-11-01,0
MX-VER,vector,2017,12,2017-12-01,0
MX-VER,vector,2018,1,2018-01-01,0
MX-VER,vector,2018,2,2018-02-01,0
MX-VER,vector,2018,3,2018-03-01,0
MX-VER,vector,2018,4,2018-04-01,0
MX-VER,vector,2018,5,2018-05-01,0
MX-VER,vector,2018,6,2018-06-01,0
MX-VER,vector,2018,7,2018-07-01,0
MX-VER,vector,2018,8,2018-08-01,0
MX-VER,vector,2018,9,2018-09-01,0
MX-VER,vector,2018,10,2018-10-01,0
MX-VER,vector,2018,11,2018-11-01,0
MX-VER,vector,2018,12,2018-12-01,0
MX-VER,vector,2019,1,2019-01-01,0
MX-VER,vector,2019,2,2019-02-01,0
MX-VER,vector,2019,3,2019-03-01,0
MX-VER,vector,2019,4,2019-04-01,0
MX-VER,vector,2019,5,2019-05-01,0
MX-VER,vector,2019,6,2019-06-01,0
MX-VER,vector,2019,7,2019-07-01,0
MX-VER,vector,2019,8,2019-08-01,0
MX-VER,vector,2019,9,2019-09-01,0
MX-VER,vector,2019,10,2019-10-01,0
MX-VER,vector,2019,11,2019-11-01,0
MX-VER,vector,2019,12,2019-12-01,0
MX-VER,vector,2020,1,2020-01-01,0
MX-VER,vector,2020,2,2020-02-01,0
MX-VER,vector,2020,3,2020-03-01,0
MX-VER,vector,2020,4,2020-04-01,0
MX-VER,vector,2020,5,2020-05-01,3
MX-VER,vector,2020,6,2020-06-01,0
MX-VER,vector,2020,7,2020-07-01,0
MX-VER,vector,2020,8,2020-08-01,0
MX-VER,vector,2020,9,2020-09-01,3
MX-VER,vector,2020,10,2020-10-01,4
MX-VER,vector,2020,11,2020-11-01,3
MX-VER,vector,2020,12,2020-12-01,4
MX-VER,vector,2021,1,2021-01-01,3
MX-VER,vector,2021,2,2021-02-01,7
MX-VER,vector,2021,3,2021-03-01,6
MX-VER,vector,2021,4,2021-04-01,6
MX-VER,vector,2021,5,2021-05-01,5
MX-VER,vector,2021,6,2021-06-01,3
MX-VER,vector,2021,7,2021-07-01,3
MX-VER,vector,2021,8,2021-08-01,4
MX-VER,vector,2021,9,2021-09-01,9
MX-VER,vector,2021,10,2021-10-01,8
MX-VER,vector,2021,11,2021-11-01,10
MX-VER,vector,2021,12,2021-12-01,0
MX-VER,vector,2022,1,2022-01-01,6
MX-VER,vector,2022,2,2022-02-01,9
MX-VER,vector,2022,3,2022-03-01,11
MX-VER,vector,2022,4,2022-04-01,6
MX-VER,vector,2022,5,2022-05-01,12
MX-VER,vector,2022,6,2022-06-01,9
MX-VER,vector,2022,7,2022-07-01,6
MX-VER,vector,2022,8,2022-08-01,7
MX-VER,vector,2022,9,2022-09-01,19
MX-VER,vector,2022,10,2022-10-01,13
MX-VER,vector,2022,11,2022-11-01,10
MX-VER,vector,2022,12,2022-12-01,11
MX-YUC,Aedes_aegypti,2004,1,2004-01-01,0
MX-YUC,Aedes_aegypti,2004,2,2004-02-01,0
MX-YUC,Aedes_aegypti,2004,3,2004-03-01,0
MX-YUC,Aedes_aegypti,2004,4,2004-04-01,0
MX-YUC,Aedes_aegypti,2004,5,2004-05-01,0
MX-YUC,Aedes_aegypti,2004,6,2004-06-01,0
MX-YUC,Aedes_aegypti,2004,7,2004-07-01,0
MX-YUC,Aedes_aegypti,2004,8,2004-08-01,0
MX-YUC,Aedes_aegypti,2004,9,2004-09-01,0
MX-YUC,Aedes_aegypti,2004,10,2004-10-01,0
MX-YUC,Aedes_aegypti,2004,11,2004-11-01,0
MX-YUC,Aedes_aegypti,2004,12,2004-12-01,0
MX-YUC,Aedes_aegypti,2005,1,2005-01-01,0
MX-YUC,Aedes_aegypti,2005,2,2005-02-01,0
MX-YUC,Aedes_aegypti,2005,3,2005-03-01,0
MX-YUC,Aedes_aegypti,2005,4,2005-04-01,0
MX-YUC,Aedes_aegypti,2005,5,2005-05-01,0
MX-YUC,Aedes_aegypti,2005,6,2005-06-01,0
MX-YUC,Aedes_aegypti,2005,7,2005-07-01,0
MX-YUC,Aedes_aegypti,2005,8,2005-08-01,0
MX-YUC,Aedes_aegypti,2005,9,2005-09-01,0
MX-YUC,Aedes_aegypti,2005,10,2005-10-01,0
MX-YUC,Aedes_aegypti,2005,11,2005-11-01,0
MX-YUC,Aedes_aegypti,2005,12,2005-12-01,0
MX-YUC,Aedes_aegypti,2006,1,2006-01-01,0
MX-YUC,Aedes_aegypti,2006,2,2006-02-01,0
MX-YUC,Aedes_aegypti,2006,3,2006-03-01,0
MX-YUC,Aedes_aegypti,2006,4,2006-04-01,0
MX-YUC,Aedes_aegypti,2006,5,2006-05-01,0
MX-YUC,Aedes_aegypti,2006,6,2006-06-01,0
MX-YUC,Aedes_aegypti,2006,7,2006-07-01,0
MX-YUC,Aedes_aegypti,2006,8,2006-08-01,0
MX-YUC,Aedes_aegypti,2006,9,2006-09-01,0
MX-YUC,Aedes_aegypti,2006,10,2006-10-01,0
MX-YUC,Aedes_aegypti,2006,11,2006-11-01,0
MX-YUC,Aedes_aegypti,2006,12,2006-12-01,0
MX-YUC,Aedes_aegypti,2007,1,2007-01-01,0
MX-YUC,Aedes_aegypti,2007,2,2007-02-01,0
MX-YUC,Aedes_aegypti,2007,3,2007-03-01,0
MX-YUC,Aedes_aegypti,2007,4,2007-04-01,0
MX-YUC,Aedes_aegypti,2007,5,2007-05-01,0
MX-YUC,Aedes_aegypti,2007,6,2007-06-01,0
MX-YUC,Aedes_aegypti,2007,7,2007-07-01,0
MX-YUC,Aedes_aegypti,2007,8,2007-08-01,0
MX-YUC,Aedes_aegypti,2007,9,2007-09-01,0
MX-YUC,Aedes_aegypti,2007,10,2007-10-01,0
MX-YUC,Aedes_aegypti,2007,11,2007-11-01,0
MX-YUC,Aedes_aegypti,2007,12,2007-12-01,0
MX-YUC,Aedes_aegypti,2008,1,2008-01-01,0
MX-YUC,Aedes_aegypti,2008,2,2008-02-01,0
MX-YUC,Aedes_aegypti,2008,3,2008-03-01,0
MX-YUC,Aedes_aegypti,2008,4,2008-04-01,0
MX-YUC,Aedes_aegypti,2008,5,2008-05-01,0
MX-YUC,Aedes_aegypti,2008,6,2008-06-01,0
MX-YUC,Aedes_aegypti,2008,7,2008-07-01,0
MX-YUC,Aedes_aegypti,2008,8,2008-08-01,0
MX-YUC,Aedes_aegypti,2008,9,2008-09-01,0
MX-YUC,Aedes_aegypti,2008,10,2008-10-01,0
MX-YUC,Aedes_aegypti,2008,11,2008-11-01,0
MX-YUC,Aedes_aegypti,2008,12,2008-12-01,0
MX-YUC,Aedes_aegypti,2009,1,2009-01-01,0
MX-YUC,Aedes_aegypti,2009,2,2009-02-01,0
MX-YUC,Aedes_aegypti,2009,3,2009-03-01,0
MX-YUC,Aedes_aegypti,2009,4,2009-04-01,0
MX-YUC,Aedes_aegypti,2009,5,2009-05-01,0
MX-YUC,Aedes_aegypti,2009,6,2009-06-01,0
MX-YUC,Aedes_aegypti,2009,7,2009-07-01,0
MX-YUC,Aedes_aegypti,2009,8,2009-08-01,0
MX-YUC,Aedes_aegypti,2009,9,2009-09-01,0
MX-YUC,Aedes_aegypti,2009,10,2009-10-01,0
MX-YUC,Aedes_aegypti,2009,11,2009-11-01,0
MX-YUC,Aedes_aegypti,2009,12,2009-12-01,0
MX-YUC,Aedes_aegypti,2010,1,2010-01-01,0
MX-YUC,Aedes_aegypti,2010,2,2010-02-01,0
MX-YUC,Aedes_aegypti,2010,3,2010-03-01,0
MX-YUC,Aedes_aegypti,2010,4,2010-04-01,0
MX-YUC,Aedes_aegypti,2010,5,2010-05-01,0
MX-YUC,Aedes_aegypti,2010,6,2010-06-01,0
MX-YUC,Aedes_aegypti,2010,7,2010-07-01,0
MX-YUC,Aedes_aegypti,2010,8,2010-08-01,0
MX-YUC,Aedes_aegypti,2010,9,2010-09-01,0
MX-YUC,Aedes_aegypti,2010,10,2010-10-01,0
MX-YUC,Aedes_aegypti,2010,11,2010-11-01,0
MX-YUC,Aedes_aegypti,2010,12,2010-12-01,0
MX-YUC,Aedes_aegypti,2011,1,2011-01-01,0
MX-YUC,Aedes_aegypti,2011,2,2011-02-01,0
MX-YUC,Aedes_aegypti,2011,3,2011-03-01,0
MX-YUC,Aedes_aegypti,2011,4,2011-04-01,0
MX-YUC,Aedes_aegypti,2011,5,2011-05-01,0
MX-YUC,Aedes_aegypti,2011,6,2011-06-01,0
MX-YUC,Aedes_aegypti,2011,7,2011-07-01,0
MX-YUC,Aedes_aegypti,2011,8,2011-08-01,0
MX-YUC,Aedes_aegypti,2011,9,2011-09-01,0
MX-YUC,Aedes_aegypti,2011,10,2011-10-01,0
MX-YUC,Aedes_aegypti,2011,11,2011-11-01,0
MX-YUC,Aedes_aegypti,2011,12,2011-12-01,0
MX-YUC,Aedes_aegypti,2012,1,2012-01-01,0
MX-YUC,Aedes_aegypti,2012,2,2012-02-01,0
MX-YUC,Aedes_aegypti,2012,3,2012-03-01,0
MX-YUC,Aedes_aegypti,2012,4,2012-04-01,0
MX-YUC,Aedes_aegypti,2012,5,2012-05-01,0
MX-YUC,Aedes_aegypti,2012,6,2012-06-01,0
MX-YUC,Aedes_aegypti,2012,7,2012-07-01,0
MX-YUC,Aedes_aegypti,2012,8,2012-08-01,0
MX-YUC,Aedes_aegypti,2012,9,2012-09-01,0
MX-YUC,Aedes_aegypti,2012,10,2012-10-01,0
MX-YUC,Aedes_aegypti,2012,11,2012-11-01,0
MX-YUC,Aedes_aegypti,2012,12,2012-12-01,0
MX-YUC,Aedes_aegypti,2013,1,2013-01-01,0
MX-YUC,Aedes_aegypti,2013,2,2013-02-01,0
MX-YUC,Aedes_aegypti,2013,3,2013-03-01,0
MX-YUC,Aedes_aegypti,2013,4,2013-04-01,0
MX-YUC,Aedes_aegypti,2013,5,2013-05-01,0
MX-YUC,Aedes_aegypti,2013,6,2013-06-01,0
MX-YUC,Aedes_aegypti,2013,7,2013-07-01,0
MX-YUC,Aedes_aegypti,2013,8,2013-08-01,0
MX-YUC,Aedes_aegypti,2013,9,2013-09-01,0
MX-YUC,Aedes_aegypti,2013,10,2013-10-01,0
MX-YUC,Aedes_aegypti,2013,11,2013-11-01,0
MX-YUC,Aedes_aegypti,2013,12,2013-12-01,0
MX-YUC,Aedes_aegypti,2014,1,2014-01-01,0
MX-YUC,Aedes_aegypti,2014,2,2014-02-01,0
MX-YUC,Aedes_aegypti,2014,3,2014-03-01,0
MX-YUC,Aedes_aegypti,2014,4,2014-04-01,0
MX-YUC,Aedes_aegypti,2014,5,2014-05-01,0
MX-YUC,Aedes_aegypti,2014,6,2014-06-01,0
MX-YUC,Aedes_aegypti,2014,7,2014-07-01,0
MX-YUC,Aedes_aegypti,2014,8,2014-08-01,0
MX-YUC,Aedes_aegypti,2014,9,2014-09-01,0
MX-YUC,Aedes_aegypti,2014,10,2014-10-01,0
MX-YUC,Aedes_aegypti,2014,11,2014-11-01,0
MX-YUC,Aedes_aegypti,2014,12,2014-12-01,0
MX-YUC,Aedes_aegypti,2015,1,2015-01-01,0
MX-YUC,Aedes_aegypti,2015,2,2015-02-01,0
MX-YUC,Aedes_aegypti,2015,3,2015-03-01,0
MX-YUC,Aedes_aegypti,2015,4,2015-04-01,0
MX-YUC,Aedes_aegypti,2015,5,2015-05-01,0
MX-YUC,Aedes_aegypti,2015,6,2015-06-01,0
MX-YUC,Aedes_aegypti,2015,7,2015-07-01,0
MX-YUC,Aedes_aegypti,2015,8,2015-08-01,0
MX-YUC,Aedes_aegypti,2015,9,2015-09-01,0
MX-YUC,Aedes_aegypti,2015,10,2015-10-01,0
MX-YUC,Aedes_aegypti,2015,11,2015-11-01,0
MX-YUC,Aedes_aegypti,2015,12,2015-12-01,0
MX-YUC,Aedes_aegypti,2016,1,2016-01-01,0
MX-YUC,Aedes_aegypti,2016,2,2016-02-01,0
MX-YUC,Aedes_aegypti,2016,3,2016-03-01,0
MX-YUC,Aedes_aegypti,2016,4,2016-04-01,0
MX-YUC,Aedes_aegypti,2016,5,2016-05-01,0
MX-YUC,Aedes_aegypti,2016,6,2016-06-01,0
MX-YUC,Aedes_aegypti,2016,7,2016-07-01,0
MX-YUC,Aedes_aegypti,2016,8,2016-08-01,0
MX-YUC,Aedes_aegypti,2016,9,2016-09-01,0
MX-YUC,Aedes_aegypti,2016,10,2016-10-01,0
MX-YUC,Aedes_aegypti,2016,11,2016-11-01,0
MX-YUC,Aedes_aegypti,2016,12,2016-12-01,0
MX-YUC,Aedes_aegypti,2017,1,2017-01-01,0
MX-YUC,Aedes_aegypti,2017,2,2017-02-01,0
MX-YUC,Aedes_aegypti,2017,3,2017-03-01,0
MX-YUC,Aedes_aegypti,2017,4,2017-04-01,0
MX-YUC,Aedes_aegypti,2017,5,2017-05-01,0
MX-YUC,Aedes_aegypti,2017,6,2017-06-01,0
MX-YUC,Aedes_aegypti,2017,7,2017-07-01,0
MX-YUC,Aedes_aegypti,2017,8,2017-08-01,0
MX-YUC,Aedes_aegypti,2017,9,2017-09-01,0
MX-YUC,Aedes_aegypti,2017,10,2017-10-01,0
MX-YUC,Aedes_aegypti,2017,11,2017-11-01,0
MX-YUC,Aedes_aegypti,2017,12,2017-12-01,0
MX-YUC,Aedes_aegypti,2018,1,2018-01-01,0
MX-YUC,Aedes_aegypti,2018,2,2018-02-01,0
MX-YUC,Aedes_aegypti,2018,3,2018-03-01,0
MX-YUC,Aedes_aegypti,2018,4,2018-04-01,0
MX-YUC,Aedes_aegypti,2018,5,2018-05-01,0
MX-YUC,Aedes_aegypti,2018,6,2018-06-01,0
MX-YUC,Aedes_aegypti,2018,7,2018-07-01,0
MX-YUC,Aedes_aegypti,2018,8,2018-08-01,0
MX-YUC,Aedes_aegypti,2018,9,2018-09-01,0
MX-YUC,Aedes_aegypti,2018,10,2018-10-01,0
MX-YUC,Aedes_aegypti,2018,11,2018-11-01,0
MX-YUC,Aedes_aegypti,2018,12,2018-12-01,0
MX-YUC,Aedes_aegypti,2019,1,2019-01-01,0
MX-YUC,Aedes_aegypti,2019,2,2019-02-01,0
MX-YUC,Aedes_aegypti,2019,3,2019-03-01,0
MX-YUC,Aedes_aegypti,2019,4,2019-04-01,0
MX-YUC,Aedes_aegypti,2019,5,2019-05-01,0
MX-YUC,Aedes_aegypti,2019,6,2019-06-01,0
MX-YUC,Aedes_aegypti,2019,7,2019-07-01,0
MX-YUC,Aedes_aegypti,2019,8,2019-08-01,0
MX-YUC,Aedes_aegypti,2019,9,2019-09-01,0
MX-YUC,Aedes_aegypti,2019,10,2019-10-01,0
MX-YUC,Aedes_aegypti,2019,11,2019-11-01,0
MX-YUC,Aedes_aegypti,2019,12,2019-12-01,0
MX-YUC,Aedes_aegypti,2020,1,2020-01-01,0
MX-YUC,Aedes_aegypti,2020,2,2020-02-01,0
MX-YUC,Aedes_aegypti,2020,3,2020-03-01,0
MX-YUC,Aedes_aegypti,2020,4,2020-04-01,0
MX-YUC,Aedes_aegypti,2020,5,2020-05-01,0
MX-YUC,Aedes_aegypti,2020,6,2020-06-01,0
MX-YUC,Aedes_aegypti,2020,7,2020-07-01,0
MX-YUC,Aedes_aegypti,2020,8,2020-08-01,0
MX-YUC,Aedes_aegypti,2020,9,2020-09-01,0
MX-YUC,Aedes_aegypti,2020,10,2020-10-01,0
MX-YUC,Aedes_aegypti,2020,11,2020-11-01,0
MX-YUC,Aedes_aegypti,2020,12,2020-12-01,0
MX-YUC,Aedes_aegypti,2021,1,2021-01-01,0
MX-YUC,Aedes_aegypti,2021,2,2021-02-01,0
MX-YUC,Aedes_aegypti,2021,3,2021-03-01,0
MX-YUC,Aedes_aegypti,2021,4,2021-04-01,0
MX-YUC,Aedes_aegypti,2021,5,2021-05-01,0
MX-YUC,Aedes_aegypti,2021,6,2021-06-01,0
MX-YUC,Aedes_aegypti,2021,7,2021-07-01,0
MX-YUC,Aedes_aegypti,2021,8,2021-08-01,0
MX-YUC,Aedes_aegypti,2021,9,2021-09-01,0
MX-YUC,Aedes_aegypti,2021,10,2021-10-01,0
MX-YUC,Aedes_aegypti,2021,11,2021-11-01,0
MX-YUC,Aedes_aegypti,2021,12,2021-12-01,0
MX-YUC,Aedes_aegypti,2022,1,2022-01-01,0
MX-YUC,Aedes_aegypti,2022,2,2022-02-01,0
MX-YUC,Aedes_aegypti,2022,3,2022-03-01,0
MX-YUC,Aedes_aegypti,2022,4,2022-04-01,100
MX-YUC,Aedes_aegypti,2022,5,2022-05-01,0
MX-YUC,Aedes_aegypti,2022,6,2022-06-01,0
MX-YUC,Aedes_aegypti,2022,7,2022-07-01,0
MX-YUC,Aedes_aegypti,2022,8,2022-08-01,0
MX-YUC,Aedes_aegypti,2022,9,2022-09-01,0
MX-YUC,Aedes_aegypti,2022,10,2022-10-01,0
MX-YUC,Aedes_aegypti,2022,11,2022-11-01,0
MX-YUC,Aedes_aegypti,2022,12,2022-12-01,0
MX-YUC,mosquito,2004,1,2004-01-01,0
MX-YUC,mosquito,2004,2,2004-02-01,0
MX-YUC,mosquito,2004,3,2004-03-01,0
MX-YUC,mosquito,2004,4,2004-04-01,0
MX-YUC,mosquito,2004,5,2004-05-01,0
MX-YUC,mosquito,2004,6,2004-06-01,0
MX-YUC,mosquito,2004,7,2004-07-01,0
MX-YUC,mosquito,2004,8,2004-08-01,0
MX-YUC,mosquito,2004,9,2004-09-01,0
MX-YUC,mosquito,2004,10,2004-10-01,0
MX-YUC,mosquito,2004,11,2004-11-01,0
MX-YUC,mosquito,2004,12,2004-12-01,0
MX-YUC,mosquito,2005,1,2005-01-01,0
MX-YUC,mosquito,2005,2,2005-02-01,0
MX-YUC,mosquito,2005,3,2005-03-01,0
MX-YUC,mosquito,2005,4,2005-04-01,0
MX-YUC,mosquito,2005,5,2005-05-01,0
MX-YUC,mosquito,2005,6,2005-06-01,0
MX-YUC,mosquito,2005,7,2005-07-01,0
MX-YUC,mosquito,2005,8,2005-08-01,0
MX-YUC,mosquito,2005,9,2005-09-01,0
MX-YUC,mosquito,2005,10,2005-10-01,0
MX-YUC,mosquito,2005,11,2005-11-01,0
MX-YUC,mosquito,2005,12,2005-12-01,0
MX-YUC,mosquito,2006,1,2006-01-01,0
MX-YUC,mosquito,2006,2,2006-02-01,0
MX-YUC,mosquito,2006,3,2006-03-01,0
MX-YUC,mosquito,2006,4,2006-04-01,0
MX-YUC,mosquito,2006,5,2006-05-01,0
MX-YUC,mosquito,2006,6,2006-06-01,0
MX-YUC,mosquito,2006,7,2006-07-01,0
MX-YUC,mosquito,2006,8,2006-08-01,0
MX-YUC,mosquito,2006,9,2006-09-01,0
MX-YUC,mosquito,2006,10,2006-10-01,0
MX-YUC,mosquito,2006,11,2006-11-01,0
MX-YUC,mosquito,2006,12,2006-12-01,0
MX-YUC,mosquito,2007,1,2007-01-01,0
MX-YUC,mosquito,2007,2,2007-02-01,0
MX-YUC,mosquito,2007,3,2007-03-01,0
MX-YUC,mosquito,2007,4,2007-04-01,0
MX-YUC,mosquito,2007,5,2007-05-01,0
MX-YUC,mosquito,2007,6,2007-06-01,0
MX-YUC,mosquito,2007,7,2007-07-01,0
MX-YUC,mosquito,2007,8,2007-08-01,0
MX-YUC,mosquito,2007,9,2007-09-01,0
MX-YUC,mosquito,2007,10,2007-10-01,0
MX-YUC,mosquito,2007,11,2007-11-01,0
MX-YUC,mosquito,2007,12,2007-12-01,0
MX-YUC,mosquito,2008,1,2008-01-01,0
MX-YUC,mosquito,2008,2,2008-02-01,0
MX-YUC,mosquito,2008,3,2008-03-01,0
MX-YUC,mosquito,2008,4,2008-04-01,0
MX-YUC,mosquito,2008,5,2008-05-01,0
MX-YUC,mosquito,2008,6,2008-06-01,0
MX-YUC,mosquito,2008,7,2008-07-01,0
MX-YUC,mosquito,2008,8,2008-08-01,0
MX-YUC,mosquito,2008,9,2008-09-01,0
MX-YUC,mosquito,2008,10,2008-10-01,0
MX-YUC,mosquito,2008,11,2008-11-01,0
MX-YUC,mosquito,2008,12,2008-12-01,0
MX-YUC,mosquito,2009,1,2009-01-01,0
MX-YUC,mosquito,2009,2,2009-02-01,0
MX-YUC,mosquito,2009,3,2009-03-01,0
MX-YUC,mosquito,2009,4,2009-04-01,0
MX-YUC,mosquito,2009,5,2009-05-01,0
MX-YUC,mosquito,2009,6,2009-06-01,0
MX-YUC,mosquito,2009,7,2009-07-01,0
MX-YUC,mosquito,2009,8,2009-08-01,0
MX-YUC,mosquito,2009,9,2009-09-01,0
MX-YUC,mosquito,2009,10,2009-10-01,0
MX-YUC,mosquito,2009,11,2009-11-01,0
MX-YUC,mosquito,2009,12,2009-12-01,0
MX-YUC,mosquito,2010,1,2010-01-01,0
MX-YUC,mosquito,2010,2,2010-02-01,0
MX-YUC,mosquito,2010,3,2010-03-01,0
MX-YUC,mosquito,2010,4,2010-04-01,0
MX-YUC,mosquito,2010,5,2010-05-01,0
MX-YUC,mosquito,2010,6,2010-06-01,0
MX-YUC,mosquito,2010,7,2010-07-01,0
MX-YUC,mosquito,2010,8,2010-08-01,0
MX-YUC,mosquito,2010,9,2010-09-01,0
MX-YUC,mosquito,2010,10,2010-10-01,0
MX-YUC,mosquito,2010,11,2010-11-01,0
MX-YUC,mosquito,2010,12,2010-12-01,0
MX-YUC,mosquito,2011,1,2011-01-01,0
MX-YUC,mosquito,2011,2,2011-02-01,0
MX-YUC,mosquito,2011,3,2011-03-01,0
MX-YUC,mosquito,2011,4,2011-04-01,0
MX-YUC,mosquito,2011,5,2011-05-01,54
MX-YUC,mosquito,2011,6,2011-06-01,47
MX-YUC,mosquito,2011,7,2011-07-01,0
MX-YUC,mosquito,2011,8,2011-08-01,0
MX-YUC,mosquito,2011,9,2011-09-01,33
MX-YUC,mosquito,2011,10,2011-10-01,71
MX-YUC,mosquito,2011,11,2011-11-01,0
MX-YUC,mosquito,2011,12,2011-12-01,0
MX-YUC,mosquito,2012,1,2012-01-01,0
MX-YUC,mosquito,2012,2,2012-02-01,0
MX-YUC,mosquito,2012,3,2012-03-01,0
MX-YUC,mosquito,2012,4,2012-04-01,0
MX-YUC,mosquito,2012,5,2012-05-01,100
MX-YUC,mosquito,2012,6,2012-06-01,57
MX-YUC,mosquito,2012,7,2012-07-01,0
MX-YUC,mosquito,2012,8,2012-08-01,0
MX-YUC,mosquito,2012,9,2012-09-01,35
MX-YUC,mosquito,2012,10,2012-10-01,88
MX-YUC,mosquito,2012,11,2012-11-01,39
MX-YUC,mosquito,2012,12,2012-12-01,44
MX-YUC,mosquito,2013,1,2013-01-01,41
MX-YUC,mosquito,2013,2,2013-02-01,0
MX-YUC,mosquito,2013,3,2013-03-01,47
MX-YUC,mosquito,2013,4,2013-04-01,28
MX-YUC,mosquito,2013,5,2013-05-01,70
MX-YUC,mosquito,2013,6,2013-06-01,30
MX-YUC,mosquito,2013,7,2013-07-01,0
MX-YUC,mosquito,2013,8,2013-08-01,0
MX-YUC,mosquito,2013,9,2013-09-01,53
MX-YUC,mosquito,2013,10,2013-10-01,39
MX-YUC,mosquito,2013,11,2013-11-01,32
MX-YUC,mosquito,2013,12,2013-12-01,0
MX-YUC,mosquito,2014,1,2014-01-01,46
MX-YUC,mosquito,2014,2,2014-02-01,0
MX-YUC,mosquito,2014,3,2014-03-01,28
MX-YUC,mosquito,2014,4,2014-04-01,51
MX-YUC,mosquito,2014,5,2014-05-01,80
MX-YUC,mosquito,2014,6,2014-06-01,0
MX-YUC,mosquito,2014,7,2014-07-01,0
MX-YUC,mosquito,2014,8,2014-08-01,0
MX-YUC,mosquito,2014,9,2014-09-01,44
MX-YUC,mosquito,2014,10,2014-10-01,66
MX-YUC,mosquito,2014,11,2014-11-01,28
MX-YUC,mosquito,2014,12,2014-12-01,22
MX-YUC,mosquito,2015,1,2015-01-01,27
MX-YUC,mosquito,2015,2,2015-02-01,0
MX-YUC,mosquito,2015,3,2015-03-01,0
MX-YUC,mosquito,2015,4,2015-04-01,31
MX-YUC,mosquito,2015,5,2015-05-01,35
MX-YUC,mosquito,2015,6,2015-06-01,42
MX-YUC,mosquito,2015,7,2015-07-01,16
MX-YUC,mosquito,2015,8,2015-08-01,13
MX-YUC,mosquito,2015,9,2015-09-01,27
MX-YUC,mosquito,2015,10,2015-10-01,56
MX-YUC,mosquito,2015,11,2015-11-01,45
MX-YUC,mosquito,2015,12,2015-12-01,22
MX-YUC,mosquito,2016,1,2016-01-01,18
MX-YUC,mosquito,2016,2,2016-02-01,0
MX-YUC,mosquito,2016,3,2016-03-01,23
MX-YUC,mosquito,2016,4,2016-04-01,38
MX-YUC,mosquito,2016,5,2016-05-01,47
MX-YUC,mosquito,2016,6,2016-06-01,29
MX-YUC,mosquito,2016,7,2016-07-01,0
MX-YUC,mosquito,2016,8,2016-08-01,0
MX-YUC,mosquito,2016,9,2016-09-01,24
MX-YUC,mosquito,2016,10,2016-10-01,33
MX-YUC,mosquito,2016,11,2016-11-01,56
MX-YUC,mosquito,2016,12,2016-12-01,0
MX-YUC,mosquito,2017,1,2017-01-01,19
MX-YUC,mosquito,2017,2,2017-02-01,0
MX-YUC,mosquito,2017,3,2017-03-01,32
MX-YUC,mosquito,2017,4,2017-04-01,42
MX-YUC,mosquito,2017,5,2017-05-01,37
MX-YUC,mosquito,2017,6,2017-06-01,48
MX-YUC,mosquito,2017,7,2017-07-01,0
MX-YUC,mosquito,2017,8,2017-08-01,0
MX-YUC,mosquito,2017,9,2017-09-01,32
MX-YUC,mosquito,2017,10,2017-10-01,59
MX-YUC,mosquito,2017,11,2017-11-01,72
MX-YUC,mosquito,2017,12,2017-12-01,0
MX-YUC,mosquito,2018,1,2018-01-01,21
MX-YUC,mosquito,2018,2,2018-02-01,24
MX-YUC,mosquito,2018,3,2018-03-01,24
MX-YUC,mosquito,2018,4,2018-04-01,37
MX-YUC,mosquito,2018,5,2018-05-01,44
MX-YUC,mosquito,2018,6,2018-06-01,27
MX-YUC,mosquito,2018,7,2018-07-01,0
MX-YUC,mosquito,2018,8,2018-08-01,0
MX-YUC,mosquito,2018,9,2018-09-01,0
MX-YUC,mosquito,2018,10,2018-10-01,43
MX-YUC,mosquito,2018,11,2018-11-01,29
MX-YUC,mosquito,2018,12,2018-12-01,0
MX-YUC,mosquito,2019,1,2019-01-01,23
MX-YUC,mosquito,2019,2,2019-02-01,18
MX-YUC,mosquito,2019,3,2019-03-01,28
MX-YUC,mosquito,2019,4,2019-04-01,23
MX-YUC,mosquito,2019,5,2019-05-01,33
MX-YUC,mosquito,2019,6,2019-06-01,0
MX-YUC,mosquito,2019,7,2019-07-01,0
MX-YUC,mosquito,2019,8,2019-08-01,0
MX-YUC,mosquito,2019,9,2019-09-01,0
MX-YUC,mosquito,2019,10,2019-10-01,26
MX-YUC,mosquito,2019,11,2019-11-01,36
MX-YUC,mosquito,2019,12,2019-12-01,0
MX-YUC,mosquito,2020,1,2020-01-01,24
MX-YUC,mosquito,2020,2,2020-02-01,14
MX-YUC,mosquito,2020,3,2020-03-01,29
MX-YUC,mosquito,2020,4,2020-04-01,17
MX-YUC,mosquito,2020,5,2020-05-01,23
MX-YUC,mosquito,2020,6,2020-06-01,17
MX-YUC,mosquito,2020,7,2020-07-01,0
MX-YUC,mosquito,2020,8,2020-08-01,15
MX-YUC,mosquito,2020,9,2020-09-01,12
MX-YUC,mosquito,2020,10,2020-10-01,0
MX-YUC,mosquito,2020,11,2020-11-01,0
MX-YUC,mosquito,2020,12,2020-12-01,0
MX-YUC,mosquito,2021,1,2021-01-01,0
MX-YUC,mosquito,2021,2,2021-02-01,0
MX-YUC,mosquito,2021,3,2021-03-01,28
MX-YUC,mosquito,2021,4,2021-04-01,15
MX-YUC,mosquito,2021,5,2021-05-01,21
MX-YUC,mosquito,2021,6,2021-06-01,19
MX-YUC,mosquito,2021,7,2021-07-01,0
MX-YUC,mosquito,2021,8,2021-08-01,0
MX-YUC,mosquito,2021,9,2021-09-01,0
MX-YUC,mosquito,2021,10,2021-10-01,28
MX-YUC,mosquito,2021,11,2021-11-01,22
MX-YUC,mosquito,2021,12,2021-12-01,0
MX-YUC,mosquito,2022,1,2022-01-01,0
MX-YUC,mosquito,2022,2,2022-02-01,0
MX-YUC,mosquito,2022,3,2022-03-01,37
MX-YUC,mosquito,2022,4,2022-04-01,14
MX-YUC,mosquito,2022,5,2022-05-01,24
MX-YUC,mosquito,2022,6,2022-06-01,22
MX-YUC,mosquito,2022,7,2022-07-01,0
MX-YUC,mosquito,2022,8,2022-08-01,0
MX-YUC,mosquito,2022,9,2022-09-01,25
MX-YUC,mosquito,2022,10,2022-10-01,14
MX-YUC,mosquito,2022,11,2022-11-01,16
MX-YUC,mosquito,2022,12,2022-12-01,0
MX-YUC,vector,2004,1,2004-01-01,0
MX-YUC,vector,2004,2,2004-02-01,0
MX-YUC,vector,2004,3,2004-03-01,0
MX-YUC,vector,2004,4,2004-04-01,0
MX-YUC,vector,2004,5,2004-05-01,0
MX-YUC,vector,2004,6,2004-06-01,0
MX-YUC,vector,2004,7,2004-07-01,0
MX-YUC,vector,2004,8,2004-08-01,0
MX-YUC,vector,2004,9,2004-09-01,0
MX-YUC,vector,2004,10,2004-10-01,0
MX-YUC,vector,2004,11,2004-11-01,0
MX-YUC,vector,2004,12,2004-12-01,0
MX-YUC,vector,2005,1,2005-01-01,0
MX-YUC,vector,2005,2,2005-02-01,0
MX-YUC,vector,2005,3,2005-03-01,0
MX-YUC,vector,2005,4,2005-04-01,0
MX-YUC,vector,2005,5,2005-05-01,0
MX-YUC,vector,2005,6,2005-06-01,0
MX-YUC,vector,2005,7,2005-07-01,0
MX-YUC,vector,2005,8,2005-08-01,0
MX-YUC,vector,2005,9,2005-09-01,0
MX-YUC,vector,2005,10,2005-10-01,0
MX-YUC,vector,2005,11,2005-11-01,0
MX-YUC,vector,2005,12,2005-12-01,0
MX-YUC,vector,2006,1,2006-01-01,0
MX-YUC,vector,2006,2,2006-02-01,0
MX-YUC,vector,2006,3,2006-03-01,0
MX-YUC,vector,2006,4,2006-04-01,0
MX-YUC,vector,2006,5,2006-05-01,0
MX-YUC,vector,2006,6,2006-06-01,0
MX-YUC,vector,2006,7,2006-07-01,0
MX-YUC,vector,2006,8,2006-08-01,0
MX-YUC,vector,2006,9,2006-09-01,0
MX-YUC,vector,2006,10,2006-10-01,0
MX-YUC,vector,2006,11,2006-11-01,0
MX-YUC,vector,2006,12,2006-12-01,0
MX-YUC,vector,2007,1,2007-01-01,0
MX-YUC,vector,2007,2,2007-02-01,0
MX-YUC,vector,2007,3,2007-03-01,0
MX-YUC,vector,2007,4,2007-04-01,0
MX-YUC,vector,2007,5,2007-05-01,0
MX-YUC,vector,2007,6,2007-06-01,0
MX-YUC,vector,2007,7,2007-07-01,0
MX-YUC,vector,2007,8,2007-08-01,0
MX-YUC,vector,2007,9,2007-09-01,0
MX-YUC,vector,2007,10,2007-10-01,0
MX-YUC,vector,2007,11,2007-11-01,0
MX-YUC,vector,2007,12,2007-12-01,0
MX-YUC,vector,2008,1,2008-01-01,0
MX-YUC,vector,2008,2,2008-02-01,0
MX-YUC,vector,2008,3,2008-03-01,0
MX-YUC,vector,2008,4,2008-04-01,0
MX-YUC,vector,2008,5,2008-05-01,0
MX-YUC,vector,2008,6,2008-06-01,0
MX-YUC,vector,2008,7,2008-07-01,0
MX-YUC,vector,2008,8,2008-08-01,0
MX-YUC,vector,2008,9,2008-09-01,0
MX-YUC,vector,2008,10,2008-10-01,100
MX-YUC,vector,2008,11,2008-11-01,0
MX-YUC,vector,2008,12,2008-12-01,0
MX-YUC,vector,2009,1,2009-01-01,0
MX-YUC,vector,2009,2,2009-02-01,0
MX-YUC,vector,2009,3,2009-03-01,0
MX-YUC,vector,2009,4,2009-04-01,0
MX-YUC,vector,2009,5,2009-05-01,0
MX-YUC,vector,2009,6,2009-06-01,0
MX-YUC,vector,2009,7,2009-07-01,0
MX-YUC,vector,2009,8,2009-08-01,0
MX-YUC,vector,2009,9,2009-09-01,0
MX-YUC,vector,2009,10,2009-10-01,0
MX-YUC,vector,2009,11,2009-11-01,0
MX-YUC,vector,2009,12,2009-12-01,0
MX-YUC,vector,2010,1,2010-01-01,0
MX-YUC,vector,2010,2,2010-02-01,0
MX-YUC,vector,2010,3,2010-03-01,0
MX-YUC,vector,2010,4,2010-04-01,0
MX-YUC,vector,2010,5,2010-05-01,0
MX-YUC,vector,2010,6,2010-06-01,0
MX-YUC,vector,2010,7,2010-07-01,0
MX-YUC,vector,2010,8,2010-08-01,0
MX-YUC,vector,2010,9,2010-09-01,0
MX-YUC,vector,2010,10,2010-10-01,0
MX-YUC,vector,2010,11,2010-11-01,0
MX-YUC,vector,2010,12,2010-12-01,0
MX-YUC,vector,2011,1,2011-01-01,0
MX-YUC,vector,2011,2,2011-02-01,0
MX-YUC,vector,2011,3,2011-03-01,0
MX-YUC,vector,2011,4,2011-04-01,0
MX-YUC,vector,2011,5,2011-05-01,9
MX-YUC,vector,2011,6,2011-06-01,0
MX-YUC,vector,2011,7,2011-07-01,0
MX-YUC,vector,2011,8,2011-08-01,10
MX-YUC,vector,2011,9,2011-09-01,12
MX-YUC,vector,2011,10,2011-10-01,9
MX-YUC,vector,2011,11,2011-11-01,13
MX-YUC,vector,2011,12,2011-12-01,11
MX-YUC,vector,2012,1,2012-01-01,8
MX-YUC,vector,2012,2,2012-02-01,8
MX-YUC,vector,2012,3,2012-03-01,13
MX-YUC,vector,2012,4,2012-04-01,0
MX-YUC,vector,2012,5,2012-05-01,7
MX-YUC,vector,2012,6,2012-06-01,7
MX-YUC,vector,2012,7,2012-07-01,0
MX-YUC,vector,2012,8,2012-08-01,14
MX-YUC,vector,2012,9,2012-09-01,12
MX-YUC,vector,2012,10,2012-10-01,8
MX-YUC,vector,2012,11,2012-11-01,9
MX-YUC,vector,2012,12,2012-12-01,5
MX-YUC,vector,2013,1,2013-01-01,9
MX-YUC,vector,2013,2,2013-02-01,8
MX-YUC,vector,2013,3,2013-03-01,7
MX-YUC,vector,2013,4,2013-04-01,6
MX-YUC,vector,2013,5,2013-05-01,9
MX-YUC,vector,2013,6,2013-06-01,6
MX-YUC,vector,2013,7,2013-07-01,5
MX-YUC,vector,2013,8,2013-08-01,11
MX-YUC,vector,2013,9,2013-09-01,16
MX-YUC,vector,2013,10,2013-10-01,7
MX-YUC,vector,2013,11,2013-11-01,12
MX-YUC,vector,2013,12,2013-12-01,8
MX-YUC,vector,2014,1,2014-01-01,9
MX-YUC,vector,2014,2,2014-02-01,6
MX-YUC,vector,2014,3,2014-03-01,5
MX-YUC,vector,2014,4,2014-04-01,7
MX-YUC,vector,2014,5,2014-05-01,7
MX-YUC,vector,2014,6,2014-06-01,6
MX-YUC,vector,2014,7,2014-07-01,0
MX-YUC,vector,2014,8,2014-08-01,10
MX-YUC,vector,2014,9,2014-09-01,9
MX-YUC,vector,2014,10,2014-10-01,11
MX-YUC,vector,2014,11,2014-11-01,9
MX-YUC,vector,2014,12,2014-12-01,6
MX-YUC,vector,2015,1,2015-01-01,5
MX-YUC,vector,2015,2,2015-02-01,4
MX-YUC,vector,2015,3,2015-03-01,6
MX-YUC,vector,2015,4,2015-04-01,7
MX-YUC,vector,2015,5,2015-05-01,9
MX-YUC,vector,2015,6,2015-06-01,5
MX-YUC,vector,2015,7,2015-07-01,5
MX-YUC,vector,2015,8,2015-08-01,8
MX-YUC,vector,2015,9,2015-09-01,9
MX-YUC,vector,2015,10,2015-10-01,9
MX-YUC,vector,2015,11,2015-11-01,7
MX-YUC,vector,2015,12,2015-12-01,5
MX-YUC,vector,2016,1,2016-01-01,4
MX-YUC,vector,2016,2,2016-02-01,6
MX-YUC,vector,2016,3,2016-03-01,11
MX-YUC,vector,2016,4,2016-04-01,7
MX-YUC,vector,2016,5,2016-05-01,5
MX-YUC,vector,2016,6,2016-06-01,5
MX-YUC,vector,2016,7,2016-07-01,6
MX-YUC,vector,2016,8,2016-08-01,9
MX-YUC,vector,2016,9,2016-09-01,11
MX-YUC,vector,2016,10,2016-10-01,7
MX-YUC,vector,2016,11,2016-11-01,0
MX-YUC,vector,2016,12,2016-12-01,0
MX-YUC,vector,2017,1,2017-01-01,0
MX-YUC,vector,2017,2,2017-02-01,0
MX-YUC,vector,2017,3,2017-03-01,0
MX-YUC,vector,2017,4,2017-04-01,0
MX-YUC,vector,2017,5,2017-05-01,0
MX-YUC,vector,2017,6,2017-06-01,0
MX-YUC,vector,2017,7,2017-07-01,0
MX-YUC,vector,2017,8,2017-08-01,0
MX-YUC,vector,2017,9,2017-09-01,0
MX-YUC,vector,2017,10,2017-10-01,0
MX-YUC,vector,2017,11,2017-11-01,0
MX-YUC,vector,2017,12,2017-12-01,0
MX-YUC,vector,2018,1,2018-01-01,0
MX-YUC,vector,2018,2,2018-02-01,0
MX-YUC,vector,2018,3,2018-03-01,0
MX-YUC,vector,2018,4,2018-04-01,0
MX-YUC,vector,2018,5,2018-05-01,0
MX-YUC,vector,2018,6,2018-06-01,0
MX-YUC,vector,2018,7,2018-07-01,0
MX-YUC,vector,2018,8,2018-08-01,0
MX-YUC,vector,2018,9,2018-09-01,0
MX-YUC,vector,2018,10,2018-10-01,0
MX-YUC,vector,2018,11,2018-11-01,0
MX-YUC,vector,2018,12,2018-12-01,0
MX-YUC,vector,2019,1,2019-01-01,0
MX-YUC,vector,2019,2,2019-02-01,0
MX-YUC,vector,2019,3,2019-03-01,0
MX-YUC,vector,2019,4,2019-04-01,0
MX-YUC,vector,2019,5,2019-05-01,0
MX-YUC,vector,2019,6,2019-06-01,0
MX-YUC,vector,2019,7,2019-07-01,0
MX-YUC,vector,2019,8,2019-08-01,0
MX-YUC,vector,2019,9,2019-09-01,0
MX-YUC,vector,2019,10,2019-10-01,0
MX-YUC,vector,2019,11,2019-11-01,0
MX-YUC,vector,2019,12,2019-12-01,0
MX-YUC,vector,2020,1,2020-01-01,0
MX-YUC,vector,2020,2,2020-02-01,0
MX-YUC,vector,2020,3,2020-03-01,0
MX-YUC,vector,2020,4,2020-04-01,0
MX-YUC,vector,2020,5,2020-05-01,0
MX-YUC,vector,2020,6,2020-06-01,0
MX-YUC,vector,2020,7,2020-07-01,0
MX-YUC,vector,2020,8,2020-08-01,0
MX-YUC,vector,2020,9,2020-09-01,2
MX-YUC,vector,2020,10,2020-10-01,0
MX-YUC,vector,2020,11,2020-11-01,0
MX-YUC,vector,2020,12,2020-12-01,0
MX-YUC,vector,2021,1,2021-01-01,0
MX-YUC,vector,2021,2,2021-02-01,5
MX-YUC,vector,2021,3,2021-03-01,5
MX-YUC,vector,2021,4,2021-04-01,0
MX-YUC,vector,2021,5,2021-05-01,3
MX-YUC,vector,2021,6,2021-06-01,0
MX-YUC,vector,2021,7,2021-07-01,0
MX-YUC,vector,2021,8,2021-08-01,0
MX-YUC,vector,2021,9,2021-09-01,3
MX-YUC,vector,2021,10,2021-10-01,0
MX-YUC,vector,2021,11,2021-11-01,0
MX-YUC,vector,2021,12,2021-12-01,4
MX-YUC,vector,2022,1,2022-01-01,6
MX-YUC,vector,2022,2,2022-02-01,8
MX-YUC,vector,2022,3,2022-03-01,4
MX-YUC,vector,2022,4,2022-04-01,4
MX-YUC,vector,2022,5,2022-05-01,10
MX-YUC,vector,2022,6,2022-06-01,7
MX-YUC,vector,2022,7,2022-07-01,5
MX-YUC,vector,2022,8,2022-08-01,8
MX-YUC,vector,2022,9,2022-09-01,10
MX-YUC,vector,2022,10,2022-10-01,8
MX-YUC,vector,2022,11,2022-11-01,6
MX-YUC,vector,2022,12,2022-12-01,6
MX-ZAC,Aedes_aegypti,2004,1,2004-01-01,0
MX-ZAC,Aedes_aegypti,2004,2,2004-02-01,0
MX-ZAC,Aedes_aegypti,2004,3,2004-03-01,0
MX-ZAC,Aedes_aegypti,2004,4,2004-04-01,0
MX-ZAC,Aedes_aegypti,2004,5,2004-05-01,0
MX-ZAC,Aedes_aegypti,2004,6,2004-06-01,0
MX-ZAC,Aedes_aegypti,2004,7,2004-07-01,0
MX-ZAC,Aedes_aegypti,2004,8,2004-08-01,0
MX-ZAC,Aedes_aegypti,2004,9,2004-09-01,0
MX-ZAC,Aedes_aegypti,2004,10,2004-10-01,0
MX-ZAC,Aedes_aegypti,2004,11,2004-11-01,0
MX-ZAC,Aedes_aegypti,2004,12,2004-12-01,0
MX-ZAC,Aedes_aegypti,2005,1,2005-01-01,0
MX-ZAC,Aedes_aegypti,2005,2,2005-02-01,0
MX-ZAC,Aedes_aegypti,2005,3,2005-03-01,0
MX-ZAC,Aedes_aegypti,2005,4,2005-04-01,0
MX-ZAC,Aedes_aegypti,2005,5,2005-05-01,0
MX-ZAC,Aedes_aegypti,2005,6,2005-06-01,0
MX-ZAC,Aedes_aegypti,2005,7,2005-07-01,0
MX-ZAC,Aedes_aegypti,2005,8,2005-08-01,0
MX-ZAC,Aedes_aegypti,2005,9,2005-09-01,0
MX-ZAC,Aedes_aegypti,2005,10,2005-10-01,0
MX-ZAC,Aedes_aegypti,2005,11,2005-11-01,0
MX-ZAC,Aedes_aegypti,2005,12,2005-12-01,0
MX-ZAC,Aedes_aegypti,2006,1,2006-01-01,0
MX-ZAC,Aedes_aegypti,2006,2,2006-02-01,0
MX-ZAC,Aedes_aegypti,2006,3,2006-03-01,0
MX-ZAC,Aedes_aegypti,2006,4,2006-04-01,0
MX-ZAC,Aedes_aegypti,2006,5,2006-05-01,0
MX-ZAC,Aedes_aegypti,2006,6,2006-06-01,0
MX-ZAC,Aedes_aegypti,2006,7,2006-07-01,0
MX-ZAC,Aedes_aegypti,2006,8,2006-08-01,0
MX-ZAC,Aedes_aegypti,2006,9,2006-09-01,0
MX-ZAC,Aedes_aegypti,2006,10,2006-10-01,0
MX-ZAC,Aedes_aegypti,2006,11,2006-11-01,0
MX-ZAC,Aedes_aegypti,2006,12,2006-12-01,0
MX-ZAC,Aedes_aegypti,2007,1,2007-01-01,0
MX-ZAC,Aedes_aegypti,2007,2,2007-02-01,0
MX-ZAC,Aedes_aegypti,2007,3,2007-03-01,0
MX-ZAC,Aedes_aegypti,2007,4,2007-04-01,0
MX-ZAC,Aedes_aegypti,2007,5,2007-05-01,0
MX-ZAC,Aedes_aegypti,2007,6,2007-06-01,0
MX-ZAC,Aedes_aegypti,2007,7,2007-07-01,0
MX-ZAC,Aedes_aegypti,2007,8,2007-08-01,0
MX-ZAC,Aedes_aegypti,2007,9,2007-09-01,0
MX-ZAC,Aedes_aegypti,2007,10,2007-10-01,0
MX-ZAC,Aedes_aegypti,2007,11,2007-11-01,0
MX-ZAC,Aedes_aegypti,2007,12,2007-12-01,0
MX-ZAC,Aedes_aegypti,2008,1,2008-01-01,0
MX-ZAC,Aedes_aegypti,2008,2,2008-02-01,0
MX-ZAC,Aedes_aegypti,2008,3,2008-03-01,0
MX-ZAC,Aedes_aegypti,2008,4,2008-04-01,0
MX-ZAC,Aedes_aegypti,2008,5,2008-05-01,0
MX-ZAC,Aedes_aegypti,2008,6,2008-06-01,0
MX-ZAC,Aedes_aegypti,2008,7,2008-07-01,0
MX-ZAC,Aedes_aegypti,2008,8,2008-08-01,0
MX-ZAC,Aedes_aegypti,2008,9,2008-09-01,0
MX-ZAC,Aedes_aegypti,2008,10,2008-10-01,0
MX-ZAC,Aedes_aegypti,2008,11,2008-11-01,0
MX-ZAC,Aedes_aegypti,2008,12,2008-12-01,0
MX-ZAC,Aedes_aegypti,2009,1,2009-01-01,0
MX-ZAC,Aedes_aegypti,2009,2,2009-02-01,0
MX-ZAC,Aedes_aegypti,2009,3,2009-03-01,0
MX-ZAC,Aedes_aegypti,2009,4,2009-04-01,0
MX-ZAC,Aedes_aegypti,2009,5,2009-05-01,0
MX-ZAC,Aedes_aegypti,2009,6,2009-06-01,0
MX-ZAC,Aedes_aegypti,2009,7,2009-07-01,0
MX-ZAC,Aedes_aegypti,2009,8,2009-08-01,0
MX-ZAC,Aedes_aegypti,2009,9,2009-09-01,0
MX-ZAC,Aedes_aegypti,2009,10,2009-10-01,0
MX-ZAC,Aedes_aegypti,2009,11,2009-11-01,0
MX-ZAC,Aedes_aegypti,2009,12,2009-12-01,0
MX-ZAC,Aedes_aegypti,2010,1,2010-01-01,0
MX-ZAC,Aedes_aegypti,2010,2,2010-02-01,0
MX-ZAC,Aedes_aegypti,2010,3,2010-03-01,0
MX-ZAC,Aedes_aegypti,2010,4,2010-04-01,0
MX-ZAC,Aedes_aegypti,2010,5,2010-05-01,0
MX-ZAC,Aedes_aegypti,2010,6,2010-06-01,0
MX-ZAC,Aedes_aegypti,2010,7,2010-07-01,0
MX-ZAC,Aedes_aegypti,2010,8,2010-08-01,0
MX-ZAC,Aedes_aegypti,2010,9,2010-09-01,0
MX-ZAC,Aedes_aegypti,2010,10,2010-10-01,0
MX-ZAC,Aedes_aegypti,2010,11,2010-11-01,0
MX-ZAC,Aedes_aegypti,2010,12,2010-12-01,0
MX-ZAC,Aedes_aegypti,2011,1,2011-01-01,0
MX-ZAC,Aedes_aegypti,2011,2,2011-02-01,0
MX-ZAC,Aedes_aegypti,2011,3,2011-03-01,0
MX-ZAC,Aedes_aegypti,2011,4,2011-04-01,0
MX-ZAC,Aedes_aegypti,2011,5,2011-05-01,0
MX-ZAC,Aedes_aegypti,2011,6,2011-06-01,0
MX-ZAC,Aedes_aegypti,2011,7,2011-07-01,0
MX-ZAC,Aedes_aegypti,2011,8,2011-08-01,0
MX-ZAC,Aedes_aegypti,2011,9,2011-09-01,0
MX-ZAC,Aedes_aegypti,2011,10,2011-10-01,0
MX-ZAC,Aedes_aegypti,2011,11,2011-11-01,0
MX-ZAC,Aedes_aegypti,2011,12,2011-12-01,0
MX-ZAC,Aedes_aegypti,2012,1,2012-01-01,0
MX-ZAC,Aedes_aegypti,2012,2,2012-02-01,0
MX-ZAC,Aedes_aegypti,2012,3,2012-03-01,0
MX-ZAC,Aedes_aegypti,2012,4,2012-04-01,0
MX-ZAC,Aedes_aegypti,2012,5,2012-05-01,0
MX-ZAC,Aedes_aegypti,2012,6,2012-06-01,0
MX-ZAC,Aedes_aegypti,2012,7,2012-07-01,0
MX-ZAC,Aedes_aegypti,2012,8,2012-08-01,0
MX-ZAC,Aedes_aegypti,2012,9,2012-09-01,0
MX-ZAC,Aedes_aegypti,2012,10,2012-10-01,0
MX-ZAC,Aedes_aegypti,2012,11,2012-11-01,0
MX-ZAC,Aedes_aegypti,2012,12,2012-12-01,0
MX-ZAC,Aedes_aegypti,2013,1,2013-01-01,0
MX-ZAC,Aedes_aegypti,2013,2,2013-02-01,0
MX-ZAC,Aedes_aegypti,2013,3,2013-03-01,0
MX-ZAC,Aedes_aegypti,2013,4,2013-04-01,100
MX-ZAC,Aedes_aegypti,2013,5,2013-05-01,0
MX-ZAC,Aedes_aegypti,2013,6,2013-06-01,0
MX-ZAC,Aedes_aegypti,2013,7,2013-07-01,0
MX-ZAC,Aedes_aegypti,2013,8,2013-08-01,0
MX-ZAC,Aedes_aegypti,2013,9,2013-09-01,0
MX-ZAC,Aedes_aegypti,2013,10,2013-10-01,0
MX-ZAC,Aedes_aegypti,2013,11,2013-11-01,0
MX-ZAC,Aedes_aegypti,2013,12,2013-12-01,0
MX-ZAC,Aedes_aegypti,2014,1,2014-01-01,0
MX-ZAC,Aedes_aegypti,2014,2,2014-02-01,0
MX-ZAC,Aedes_aegypti,2014,3,2014-03-01,0
MX-ZAC,Aedes_aegypti,2014,4,2014-04-01,0
MX-ZAC,Aedes_aegypti,2014,5,2014-05-01,0
MX-ZAC,Aedes_aegypti,2014,6,2014-06-01,0
MX-ZAC,Aedes_aegypti,2014,7,2014-07-01,0
MX-ZAC,Aedes_aegypti,2014,8,2014-08-01,0
MX-ZAC,Aedes_aegypti,2014,9,2014-09-01,0
MX-ZAC,Aedes_aegypti,2014,10,2014-10-01,0
MX-ZAC,Aedes_aegypti,2014,11,2014-11-01,0
MX-ZAC,Aedes_aegypti,2014,12,2014-12-01,0
MX-ZAC,Aedes_aegypti,2015,1,2015-01-01,0
MX-ZAC,Aedes_aegypti,2015,2,2015-02-01,0
MX-ZAC,Aedes_aegypti,2015,3,2015-03-01,0
MX-ZAC,Aedes_aegypti,2015,4,2015-04-01,0
MX-ZAC,Aedes_aegypti,2015,5,2015-05-01,0
MX-ZAC,Aedes_aegypti,2015,6,2015-06-01,0
MX-ZAC,Aedes_aegypti,2015,7,2015-07-01,0
MX-ZAC,Aedes_aegypti,2015,8,2015-08-01,0
MX-ZAC,Aedes_aegypti,2015,9,2015-09-01,0
MX-ZAC,Aedes_aegypti,2015,10,2015-10-01,0
MX-ZAC,Aedes_aegypti,2015,11,2015-11-01,0
MX-ZAC,Aedes_aegypti,2015,12,2015-12-01,0
MX-ZAC,Aedes_aegypti,2016,1,2016-01-01,0
MX-ZAC,Aedes_aegypti,2016,2,2016-02-01,0
MX-ZAC,Aedes_aegypti,2016,3,2016-03-01,0
MX-ZAC,Aedes_aegypti,2016,4,2016-04-01,0
MX-ZAC,Aedes_aegypti,2016,5,2016-05-01,0
MX-ZAC,Aedes_aegypti,2016,6,2016-06-01,0
MX-ZAC,Aedes_aegypti,2016,7,2016-07-01,0
MX-ZAC,Aedes_aegypti,2016,8,2016-08-01,0
MX-ZAC,Aedes_aegypti,2016,9,2016-09-01,0
MX-ZAC,Aedes_aegypti,2016,10,2016-10-01,0
MX-ZAC,Aedes_aegypti,2016,11,2016-11-01,0
MX-ZAC,Aedes_aegypti,2016,12,2016-12-01,0
MX-ZAC,Aedes_aegypti,2017,1,2017-01-01,0
MX-ZAC,Aedes_aegypti,2017,2,2017-02-01,0
MX-ZAC,Aedes_aegypti,2017,3,2017-03-01,0
MX-ZAC,Aedes_aegypti,2017,4,2017-04-01,0
MX-ZAC,Aedes_aegypti,2017,5,2017-05-01,0
MX-ZAC,Aedes_aegypti,2017,6,2017-06-01,0
MX-ZAC,Aedes_aegypti,2017,7,2017-07-01,0
MX-ZAC,Aedes_aegypti,2017,8,2017-08-01,0
MX-ZAC,Aedes_aegypti,2017,9,2017-09-01,0
MX-ZAC,Aedes_aegypti,2017,10,2017-10-01,0
MX-ZAC,Aedes_aegypti,2017,11,2017-11-01,0
MX-ZAC,Aedes_aegypti,2017,12,2017-12-01,0
MX-ZAC,Aedes_aegypti,2018,1,2018-01-01,0
MX-ZAC,Aedes_aegypti,2018,2,2018-02-01,0
MX-ZAC,Aedes_aegypti,2018,3,2018-03-01,0
MX-ZAC,Aedes_aegypti,2018,4,2018-04-01,0
MX-ZAC,Aedes_aegypti,2018,5,2018-05-01,0
MX-ZAC,Aedes_aegypti,2018,6,2018-06-01,0
MX-ZAC,Aedes_aegypti,2018,7,2018-07-01,0
MX-ZAC,Aedes_aegypti,2018,8,2018-08-01,0
MX-ZAC,Aedes_aegypti,2018,9,2018-09-01,0
MX-ZAC,Aedes_aegypti,2018,10,2018-10-01,0
MX-ZAC,Aedes_aegypti,2018,11,2018-11-01,0
MX-ZAC,Aedes_aegypti,2018,12,2018-12-01,0
MX-ZAC,Aedes_aegypti,2019,1,2019-01-01,0
MX-ZAC,Aedes_aegypti,2019,2,2019-02-01,0
MX-ZAC,Aedes_aegypti,2019,3,2019-03-01,0
MX-ZAC,Aedes_aegypti,2019,4,2019-04-01,0
MX-ZAC,Aedes_aegypti,2019,5,2019-05-01,0
MX-ZAC,Aedes_aegypti,2019,6,2019-06-01,0
MX-ZAC,Aedes_aegypti,2019,7,2019-07-01,0
MX-ZAC,Aedes_aegypti,2019,8,2019-08-01,0
MX-ZAC,Aedes_aegypti,2019,9,2019-09-01,0
MX-ZAC,Aedes_aegypti,2019,10,2019-10-01,0
MX-ZAC,Aedes_aegypti,2019,11,2019-11-01,0
MX-ZAC,Aedes_aegypti,2019,12,2019-12-01,0
MX-ZAC,Aedes_aegypti,2020,1,2020-01-01,0
MX-ZAC,Aedes_aegypti,2020,2,2020-02-01,0
MX-ZAC,Aedes_aegypti,2020,3,2020-03-01,0
MX-ZAC,Aedes_aegypti,2020,4,2020-04-01,0
MX-ZAC,Aedes_aegypti,2020,5,2020-05-01,0
MX-ZAC,Aedes_aegypti,2020,6,2020-06-01,0
MX-ZAC,Aedes_aegypti,2020,7,2020-07-01,0
MX-ZAC,Aedes_aegypti,2020,8,2020-08-01,0
MX-ZAC,Aedes_aegypti,2020,9,2020-09-01,0
MX-ZAC,Aedes_aegypti,2020,10,2020-10-01,0
MX-ZAC,Aedes_aegypti,2020,11,2020-11-01,0
MX-ZAC,Aedes_aegypti,2020,12,2020-12-01,0
MX-ZAC,Aedes_aegypti,2021,1,2021-01-01,0
MX-ZAC,Aedes_aegypti,2021,2,2021-02-01,0
MX-ZAC,Aedes_aegypti,2021,3,2021-03-01,0
MX-ZAC,Aedes_aegypti,2021,4,2021-04-01,0
MX-ZAC,Aedes_aegypti,2021,5,2021-05-01,0
MX-ZAC,Aedes_aegypti,2021,6,2021-06-01,0
MX-ZAC,Aedes_aegypti,2021,7,2021-07-01,0
MX-ZAC,Aedes_aegypti,2021,8,2021-08-01,0
MX-ZAC,Aedes_aegypti,2021,9,2021-09-01,0
MX-ZAC,Aedes_aegypti,2021,10,2021-10-01,0
MX-ZAC,Aedes_aegypti,2021,11,2021-11-01,0
MX-ZAC,Aedes_aegypti,2021,12,2021-12-01,0
MX-ZAC,Aedes_aegypti,2022,1,2022-01-01,0
MX-ZAC,Aedes_aegypti,2022,2,2022-02-01,0
MX-ZAC,Aedes_aegypti,2022,3,2022-03-01,0
MX-ZAC,Aedes_aegypti,2022,4,2022-04-01,0
MX-ZAC,Aedes_aegypti,2022,5,2022-05-01,0
MX-ZAC,Aedes_aegypti,2022,6,2022-06-01,0
MX-ZAC,Aedes_aegypti,2022,7,2022-07-01,0
MX-ZAC,Aedes_aegypti,2022,8,2022-08-01,0
MX-ZAC,Aedes_aegypti,2022,9,2022-09-01,0
MX-ZAC,Aedes_aegypti,2022,10,2022-10-01,0
MX-ZAC,Aedes_aegypti,2022,11,2022-11-01,0
MX-ZAC,Aedes_aegypti,2022,12,2022-12-01,0
MX-ZAC,mosquito,2004,1,2004-01-01,0
MX-ZAC,mosquito,2004,2,2004-02-01,0
MX-ZAC,mosquito,2004,3,2004-03-01,0
MX-ZAC,mosquito,2004,4,2004-04-01,0
MX-ZAC,mosquito,2004,5,2004-05-01,0
MX-ZAC,mosquito,2004,6,2004-06-01,0
MX-ZAC,mosquito,2004,7,2004-07-01,0
MX-ZAC,mosquito,2004,8,2004-08-01,0
MX-ZAC,mosquito,2004,9,2004-09-01,0
MX-ZAC,mosquito,2004,10,2004-10-01,0
MX-ZAC,mosquito,2004,11,2004-11-01,0
MX-ZAC,mosquito,2004,12,2004-12-01,0
MX-ZAC,mosquito,2005,1,2005-01-01,0
MX-ZAC,mosquito,2005,2,2005-02-01,0
MX-ZAC,mosquito,2005,3,2005-03-01,0
MX-ZAC,mosquito,2005,4,2005-04-01,0
MX-ZAC,mosquito,2005,5,2005-05-01,0
MX-ZAC,mosquito,2005,6,2005-06-01,0
MX-ZAC,mosquito,2005,7,2005-07-01,0
MX-ZAC,mosquito,2005,8,2005-08-01,0
MX-ZAC,mosquito,2005,9,2005-09-01,0
MX-ZAC,mosquito,2005,10,2005-10-01,0
MX-ZAC,mosquito,2005,11,2005-11-01,0
MX-ZAC,mosquito,2005,12,2005-12-01,0
MX-ZAC,mosquito,2006,1,2006-01-01,0
MX-ZAC,mosquito,2006,2,2006-02-01,0
MX-ZAC,mosquito,2006,3,2006-03-01,0
MX-ZAC,mosquito,2006,4,2006-04-01,0
MX-ZAC,mosquito,2006,5,2006-05-01,0
MX-ZAC,mosquito,2006,6,2006-06-01,0
MX-ZAC,mosquito,2006,7,2006-07-01,0
MX-ZAC,mosquito,2006,8,2006-08-01,0
MX-ZAC,mosquito,2006,9,2006-09-01,0
MX-ZAC,mosquito,2006,10,2006-10-01,0
MX-ZAC,mosquito,2006,11,2006-11-01,0
MX-ZAC,mosquito,2006,12,2006-12-01,0
MX-ZAC,mosquito,2007,1,2007-01-01,0
MX-ZAC,mosquito,2007,2,2007-02-01,0
MX-ZAC,mosquito,2007,3,2007-03-01,0
MX-ZAC,mosquito,2007,4,2007-04-01,0
MX-ZAC,mosquito,2007,5,2007-05-01,0
MX-ZAC,mosquito,2007,6,2007-06-01,0
MX-ZAC,mosquito,2007,7,2007-07-01,0
MX-ZAC,mosquito,2007,8,2007-08-01,0
MX-ZAC,mosquito,2007,9,2007-09-01,0
MX-ZAC,mosquito,2007,10,2007-10-01,0
MX-ZAC,mosquito,2007,11,2007-11-01,0
MX-ZAC,mosquito,2007,12,2007-12-01,0
MX-ZAC,mosquito,2008,1,2008-01-01,0
MX-ZAC,mosquito,2008,2,2008-02-01,0
MX-ZAC,mosquito,2008,3,2008-03-01,0
MX-ZAC,mosquito,2008,4,2008-04-01,0
MX-ZAC,mosquito,2008,5,2008-05-01,0
MX-ZAC,mosquito,2008,6,2008-06-01,0
MX-ZAC,mosquito,2008,7,2008-07-01,0
MX-ZAC,mosquito,2008,8,2008-08-01,0
MX-ZAC,mosquito,2008,9,2008-09-01,0
MX-ZAC,mosquito,2008,10,2008-10-01,0
MX-ZAC,mosquito,2008,11,2008-11-01,0
MX-ZAC,mosquito,2008,12,2008-12-01,0
MX-ZAC,mosquito,2009,1,2009-01-01,0
MX-ZAC,mosquito,2009,2,2009-02-01,0
MX-ZAC,mosquito,2009,3,2009-03-01,0
MX-ZAC,mosquito,2009,4,2009-04-01,0
MX-ZAC,mosquito,2009,5,2009-05-01,0
MX-ZAC,mosquito,2009,6,2009-06-01,0
MX-ZAC,mosquito,2009,7,2009-07-01,0
MX-ZAC,mosquito,2009,8,2009-08-01,0
MX-ZAC,mosquito,2009,9,2009-09-01,0
MX-ZAC,mosquito,2009,10,2009-10-01,0
MX-ZAC,mosquito,2009,11,2009-11-01,0
MX-ZAC,mosquito,2009,12,2009-12-01,0
MX-ZAC,mosquito,2010,1,2010-01-01,0
MX-ZAC,mosquito,2010,2,2010-02-01,0
MX-ZAC,mosquito,2010,3,2010-03-01,0
MX-ZAC,mosquito,2010,4,2010-04-01,0
MX-ZAC,mosquito,2010,5,2010-05-01,0
MX-ZAC,mosquito,2010,6,2010-06-01,0
MX-ZAC,mosquito,2010,7,2010-07-01,0
MX-ZAC,mosquito,2010,8,2010-08-01,0
MX-ZAC,mosquito,2010,9,2010-09-01,0
MX-ZAC,mosquito,2010,10,2010-10-01,0
MX-ZAC,mosquito,2010,11,2010-11-01,0
MX-ZAC,mosquito,2010,12,2010-12-01,0
MX-ZAC,mosquito,2011,1,2011-01-01,0
MX-ZAC,mosquito,2011,2,2011-02-01,0
MX-ZAC,mosquito,2011,3,2011-03-01,0
MX-ZAC,mosquito,2011,4,2011-04-01,0
MX-ZAC,mosquito,2011,5,2011-05-01,0
MX-ZAC,mosquito,2011,6,2011-06-01,0
MX-ZAC,mosquito,2011,7,2011-07-01,0
MX-ZAC,mosquito,2011,8,2011-08-01,0
MX-ZAC,mosquito,2011,9,2011-09-01,0
MX-ZAC,mosquito,2011,10,2011-10-01,0
MX-ZAC,mosquito,2011,11,2011-11-01,0
MX-ZAC,mosquito,2011,12,2011-12-01,0
MX-ZAC,mosquito,2012,1,2012-01-01,0
MX-ZAC,mosquito,2012,2,2012-02-01,0
MX-ZAC,mosquito,2012,3,2012-03-01,0
MX-ZAC,mosquito,2012,4,2012-04-01,0
MX-ZAC,mosquito,2012,5,2012-05-01,0
MX-ZAC,mosquito,2012,6,2012-06-01,0
MX-ZAC,mosquito,2012,7,2012-07-01,0
MX-ZAC,mosquito,2012,8,2012-08-01,63
MX-ZAC,mosquito,2012,9,2012-09-01,0
MX-ZAC,mosquito,2012,10,2012-10-01,0
MX-ZAC,mosquito,2012,11,2012-11-01,50
MX-ZAC,mosquito,2012,12,2012-12-01,0
MX-ZAC,mosquito,2013,1,2013-01-01,0
MX-ZAC,mosquito,2013,2,2013-02-01,0
MX-ZAC,mosquito,2013,3,2013-03-01,0
MX-ZAC,mosquito,2013,4,2013-04-01,0
MX-ZAC,mosquito,2013,5,2013-05-01,0
MX-ZAC,mosquito,2013,6,2013-06-01,0
MX-ZAC,mosquito,2013,7,2013-07-01,0
MX-ZAC,mosquito,2013,8,2013-08-01,59
MX-ZAC,mosquito,2013,9,2013-09-01,0
MX-ZAC,mosquito,2013,10,2013-10-01,39
MX-ZAC,mosquito,2013,11,2013-11-01,0
MX-ZAC,mosquito,2013,12,2013-12-01,0
MX-ZAC,mosquito,2014,1,2014-01-01,0
MX-ZAC,mosquito,2014,2,2014-02-01,0
MX-ZAC,mosquito,2014,3,2014-03-01,0
MX-ZAC,mosquito,2014,4,2014-04-01,0
MX-ZAC,mosquito,2014,5,2014-05-01,37
MX-ZAC,mosquito,2014,6,2014-06-01,0
MX-ZAC,mosquito,2014,7,2014-07-01,0
MX-ZAC,mosquito,2014,8,2014-08-01,0
MX-ZAC,mosquito,2014,9,2014-09-01,33
MX-ZAC,mosquito,2014,10,2014-10-01,0
MX-ZAC,mosquito,2014,11,2014-11-01,0
MX-ZAC,mosquito,2014,12,2014-12-01,0
MX-ZAC,mosquito,2015,1,2015-01-01,0
MX-ZAC,mosquito,2015,2,2015-02-01,0
MX-ZAC,mosquito,2015,3,2015-03-01,0
MX-ZAC,mosquito,2015,4,2015-04-01,0
MX-ZAC,mosquito,2015,5,2015-05-01,41
MX-ZAC,mosquito,2015,6,2015-06-01,39
MX-ZAC,mosquito,2015,7,2015-07-01,64
MX-ZAC,mosquito,2015,8,2015-08-01,47
MX-ZAC,mosquito,2015,9,2015-09-01,45
MX-ZAC,mosquito,2015,10,2015-10-01,0
MX-ZAC,mosquito,2015,11,2015-11-01,0
MX-ZAC,mosquito,2015,12,2015-12-01,0
MX-ZAC,mosquito,2016,1,2016-01-01,0
MX-ZAC,mosquito,2016,2,2016-02-01,25
MX-ZAC,mosquito,2016,3,2016-03-01,24
MX-ZAC,mosquito,2016,4,2016-04-01,28
MX-ZAC,mosquito,2016,5,2016-05-01,30
MX-ZAC,mosquito,2016,6,2016-06-01,32
MX-ZAC,mosquito,2016,7,2016-07-01,38
MX-ZAC,mosquito,2016,8,2016-08-01,31
MX-ZAC,mosquito,2016,9,2016-09-01,52
MX-ZAC,mosquito,2016,10,2016-10-01,33
MX-ZAC,mosquito,2016,11,2016-11-01,0
MX-ZAC,mosquito,2016,12,2016-12-01,0
MX-ZAC,mosquito,2017,1,2017-01-01,0
MX-ZAC,mosquito,2017,2,2017-02-01,0
MX-ZAC,mosquito,2017,3,2017-03-01,0
MX-ZAC,mosquito,2017,4,2017-04-01,0
MX-ZAC,mosquito,2017,5,2017-05-01,0
MX-ZAC,mosquito,2017,6,2017-06-01,34
MX-ZAC,mosquito,2017,7,2017-07-01,0
MX-ZAC,mosquito,2017,8,2017-08-01,0
MX-ZAC,mosquito,2017,9,2017-09-01,0
MX-ZAC,mosquito,2017,10,2017-10-01,0
MX-ZAC,mosquito,2017,11,2017-11-01,27
MX-ZAC,mosquito,2017,12,2017-12-01,0
MX-ZAC,mosquito,2018,1,2018-01-01,0
MX-ZAC,mosquito,2018,2,2018-02-01,0
MX-ZAC,mosquito,2018,3,2018-03-01,0
MX-ZAC,mosquito,2018,4,2018-04-01,0
MX-ZAC,mosquito,2018,5,2018-05-01,0
MX-ZAC,mosquito,2018,6,2018-06-01,27
MX-ZAC,mosquito,2018,7,2018-07-01,75
MX-ZAC,mosquito,2018,8,2018-08-01,51
MX-ZAC,mosquito,2018,9,2018-09-01,0
MX-ZAC,mosquito,2018,10,2018-10-01,0
MX-ZAC,mosquito,2018,11,2018-11-01,0
MX-ZAC,mosquito,2018,12,2018-12-01,0
MX-ZAC,mosquito,2019,1,2019-01-01,0
MX-ZAC,mosquito,2019,2,2019-02-01,0
MX-ZAC,mosquito,2019,3,2019-03-01,0
MX-ZAC,mosquito,2019,4,2019-04-01,0
MX-ZAC,mosquito,2019,5,2019-05-01,0
MX-ZAC,mosquito,2019,6,2019-06-01,0
MX-ZAC,mosquito,2019,7,2019-07-01,0
MX-ZAC,mosquito,2019,8,2019-08-01,0
MX-ZAC,mosquito,2019,9,2019-09-01,0
MX-ZAC,mosquito,2019,10,2019-10-01,0
MX-ZAC,mosquito,2019,11,2019-11-01,0
MX-ZAC,mosquito,2019,12,2019-12-01,0
MX-ZAC,mosquito,2020,1,2020-01-01,20
MX-ZAC,mosquito,2020,2,2020-02-01,0
MX-ZAC,mosquito,2020,3,2020-03-01,0
MX-ZAC,mosquito,2020,4,2020-04-01,21
MX-ZAC,mosquito,2020,5,2020-05-01,19
MX-ZAC,mosquito,2020,6,2020-06-01,24
MX-ZAC,mosquito,2020,7,2020-07-01,36
MX-ZAC,mosquito,2020,8,2020-08-01,41
MX-ZAC,mosquito,2020,9,2020-09-01,26
MX-ZAC,mosquito,2020,10,2020-10-01,29
MX-ZAC,mosquito,2020,11,2020-11-01,0
MX-ZAC,mosquito,2020,12,2020-12-01,0
MX-ZAC,mosquito,2021,1,2021-01-01,17
MX-ZAC,mosquito,2021,2,2021-02-01,18
MX-ZAC,mosquito,2021,3,2021-03-01,19
MX-ZAC,mosquito,2021,4,2021-04-01,31
MX-ZAC,mosquito,2021,5,2021-05-01,54
MX-ZAC,mosquito,2021,6,2021-06-01,50
MX-ZAC,mosquito,2021,7,2021-07-01,96
MX-ZAC,mosquito,2021,8,2021-08-01,79
MX-ZAC,mosquito,2021,9,2021-09-01,54
MX-ZAC,mosquito,2021,10,2021-10-01,42
MX-ZAC,mosquito,2021,11,2021-11-01,32
MX-ZAC,mosquito,2021,12,2021-12-01,0
MX-ZAC,mosquito,2022,1,2022-01-01,28
MX-ZAC,mosquito,2022,2,2022-02-01,13
MX-ZAC,mosquito,2022,3,2022-03-01,14
MX-ZAC,mosquito,2022,4,2022-04-01,30
MX-ZAC,mosquito,2022,5,2022-05-01,51
MX-ZAC,mosquito,2022,6,2022-06-01,43
MX-ZAC,mosquito,2022,7,2022-07-01,80
MX-ZAC,mosquito,2022,8,2022-08-01,100
MX-ZAC,mosquito,2022,9,2022-09-01,79
MX-ZAC,mosquito,2022,10,2022-10-01,46
MX-ZAC,mosquito,2022,11,2022-11-01,25
MX-ZAC,mosquito,2022,12,2022-12-01,20
MX-ZAC,vector,2004,1,2004-01-01,0
MX-ZAC,vector,2004,2,2004-02-01,0
MX-ZAC,vector,2004,3,2004-03-01,0
MX-ZAC,vector,2004,4,2004-04-01,0
MX-ZAC,vector,2004,5,2004-05-01,0
MX-ZAC,vector,2004,6,2004-06-01,0
MX-ZAC,vector,2004,7,2004-07-01,0
MX-ZAC,vector,2004,8,2004-08-01,0
MX-ZAC,vector,2004,9,2004-09-01,0
MX-ZAC,vector,2004,10,2004-10-01,0
MX-ZAC,vector,2004,11,2004-11-01,0
MX-ZAC,vector,2004,12,2004-12-01,0
MX-ZAC,vector,2005,1,2005-01-01,0
MX-ZAC,vector,2005,2,2005-02-01,0
MX-ZAC,vector,2005,3,2005-03-01,0
MX-ZAC,vector,2005,4,2005-04-01,0
MX-ZAC,vector,2005,5,2005-05-01,0
MX-ZAC,vector,2005,6,2005-06-01,0
MX-ZAC,vector,2005,7,2005-07-01,0
MX-ZAC,vector,2005,8,2005-08-01,0
MX-ZAC,vector,2005,9,2005-09-01,0
MX-ZAC,vector,2005,10,2005-10-01,0
MX-ZAC,vector,2005,11,2005-11-01,0
MX-ZAC,vector,2005,12,2005-12-01,0
MX-ZAC,vector,2006,1,2006-01-01,0
MX-ZAC,vector,2006,2,2006-02-01,0
MX-ZAC,vector,2006,3,2006-03-01,0
MX-ZAC,vector,2006,4,2006-04-01,0
MX-ZAC,vector,2006,5,2006-05-01,0
MX-ZAC,vector,2006,6,2006-06-01,0
MX-ZAC,vector,2006,7,2006-07-01,0
MX-ZAC,vector,2006,8,2006-08-01,0
MX-ZAC,vector,2006,9,2006-09-01,0
MX-ZAC,vector,2006,10,2006-10-01,0
MX-ZAC,vector,2006,11,2006-11-01,0
MX-ZAC,vector,2006,12,2006-12-01,0
MX-ZAC,vector,2007,1,2007-01-01,0
MX-ZAC,vector,2007,2,2007-02-01,0
MX-ZAC,vector,2007,3,2007-03-01,0
MX-ZAC,vector,2007,4,2007-04-01,100
MX-ZAC,vector,2007,5,2007-05-01,0
MX-ZAC,vector,2007,6,2007-06-01,96
MX-ZAC,vector,2007,7,2007-07-01,0
MX-ZAC,vector,2007,8,2007-08-01,0
MX-ZAC,vector,2007,9,2007-09-01,0
MX-ZAC,vector,2007,10,2007-10-01,0
MX-ZAC,vector,2007,11,2007-11-01,0
MX-ZAC,vector,2007,12,2007-12-01,0
MX-ZAC,vector,2008,1,2008-01-01,0
MX-ZAC,vector,2008,2,2008-02-01,0
MX-ZAC,vector,2008,3,2008-03-01,0
MX-ZAC,vector,2008,4,2008-04-01,0
MX-ZAC,vector,2008,5,2008-05-01,0
MX-ZAC,vector,2008,6,2008-06-01,0
MX-ZAC,vector,2008,7,2008-07-01,0
MX-ZAC,vector,2008,8,2008-08-01,0
MX-ZAC,vector,2008,9,2008-09-01,0
MX-ZAC,vector,2008,10,2008-10-01,0
MX-ZAC,vector,2008,11,2008-11-01,0
MX-ZAC,vector,2008,12,2008-12-01,0
MX-ZAC,vector,2009,1,2009-01-01,0
MX-ZAC,vector,2009,2,2009-02-01,0
MX-ZAC,vector,2009,3,2009-03-01,0
MX-ZAC,vector,2009,4,2009-04-01,0
MX-ZAC,vector,2009,5,2009-05-01,0
MX-ZAC,vector,2009,6,2009-06-01,0
MX-ZAC,vector,2009,7,2009-07-01,0
MX-ZAC,vector,2009,8,2009-08-01,0
MX-ZAC,vector,2009,9,2009-09-01,0
MX-ZAC,vector,2009,10,2009-10-01,0
MX-ZAC,vector,2009,11,2009-11-01,0
MX-ZAC,vector,2009,12,2009-12-01,0
MX-ZAC,vector,2010,1,2010-01-01,0
MX-ZAC,vector,2010,2,2010-02-01,0
MX-ZAC,vector,2010,3,2010-03-01,0
MX-ZAC,vector,2010,4,2010-04-01,0
MX-ZAC,vector,2010,5,2010-05-01,0
MX-ZAC,vector,2010,6,2010-06-01,0
MX-ZAC,vector,2010,7,2010-07-01,0
MX-ZAC,vector,2010,8,2010-08-01,0
MX-ZAC,vector,2010,9,2010-09-01,0
MX-ZAC,vector,2010,10,2010-10-01,0
MX-ZAC,vector,2010,11,2010-11-01,0
MX-ZAC,vector,2010,12,2010-12-01,0
MX-ZAC,vector,2011,1,2011-01-01,0
MX-ZAC,vector,2011,2,2011-02-01,0
MX-ZAC,vector,2011,3,2011-03-01,0
MX-ZAC,vector,2011,4,2011-04-01,0
MX-ZAC,vector,2011,5,2011-05-01,0
MX-ZAC,vector,2011,6,2011-06-01,0
MX-ZAC,vector,2011,7,2011-07-01,0
MX-ZAC,vector,2011,8,2011-08-01,0
MX-ZAC,vector,2011,9,2011-09-01,8
MX-ZAC,vector,2011,10,2011-10-01,0
MX-ZAC,vector,2011,11,2011-11-01,9
MX-ZAC,vector,2011,12,2011-12-01,0
MX-ZAC,vector,2012,1,2012-01-01,0
MX-ZAC,vector,2012,2,2012-02-01,0
MX-ZAC,vector,2012,3,2012-03-01,0
MX-ZAC,vector,2012,4,2012-04-01,0
MX-ZAC,vector,2012,5,2012-05-01,0
MX-ZAC,vector,2012,6,2012-06-01,0
MX-ZAC,vector,2012,7,2012-07-01,0
MX-ZAC,vector,2012,8,2012-08-01,0
MX-ZAC,vector,2012,9,2012-09-01,0
MX-ZAC,vector,2012,10,2012-10-01,0
MX-ZAC,vector,2012,11,2012-11-01,0
MX-ZAC,vector,2012,12,2012-12-01,0
MX-ZAC,vector,2013,1,2013-01-01,0
MX-ZAC,vector,2013,2,2013-02-01,0
MX-ZAC,vector,2013,3,2013-03-01,0
MX-ZAC,vector,2013,4,2013-04-01,0
MX-ZAC,vector,2013,5,2013-05-01,0
MX-ZAC,vector,2013,6,2013-06-01,0
MX-ZAC,vector,2013,7,2013-07-01,0
MX-ZAC,vector,2013,8,2013-08-01,0
MX-ZAC,vector,2013,9,2013-09-01,0
MX-ZAC,vector,2013,10,2013-10-01,4
MX-ZAC,vector,2013,11,2013-11-01,0
MX-ZAC,vector,2013,12,2013-12-01,0
MX-ZAC,vector,2014,1,2014-01-01,0
MX-ZAC,vector,2014,2,2014-02-01,0
MX-ZAC,vector,2014,3,2014-03-01,0
MX-ZAC,vector,2014,4,2014-04-01,0
MX-ZAC,vector,2014,5,2014-05-01,0
MX-ZAC,vector,2014,6,2014-06-01,0
MX-ZAC,vector,2014,7,2014-07-01,0
MX-ZAC,vector,2014,8,2014-08-01,0
MX-ZAC,vector,2014,9,2014-09-01,4
MX-ZAC,vector,2014,10,2014-10-01,0
MX-ZAC,vector,2014,11,2014-11-01,7
MX-ZAC,vector,2014,12,2014-12-01,0
MX-ZAC,vector,2015,1,2015-01-01,0
MX-ZAC,vector,2015,2,2015-02-01,0
MX-ZAC,vector,2015,3,2015-03-01,4
MX-ZAC,vector,2015,4,2015-04-01,0
MX-ZAC,vector,2015,5,2015-05-01,0
MX-ZAC,vector,2015,6,2015-06-01,0
MX-ZAC,vector,2015,7,2015-07-01,0
MX-ZAC,vector,2015,8,2015-08-01,0
MX-ZAC,vector,2015,9,2015-09-01,0
MX-ZAC,vector,2015,10,2015-10-01,4
MX-ZAC,vector,2015,11,2015-11-01,5
MX-ZAC,vector,2015,12,2015-12-01,0
MX-ZAC,vector,2016,1,2016-01-01,0
MX-ZAC,vector,2016,2,2016-02-01,4
MX-ZAC,vector,2016,3,2016-03-01,0
MX-ZAC,vector,2016,4,2016-04-01,4
MX-ZAC,vector,2016,5,2016-05-01,0
MX-ZAC,vector,2016,6,2016-06-01,0
MX-ZAC,vector,2016,7,2016-07-01,0
MX-ZAC,vector,2016,8,2016-08-01,3
MX-ZAC,vector,2016,9,2016-09-01,4
MX-ZAC,vector,2016,10,2016-10-01,0
MX-ZAC,vector,2016,11,2016-11-01,0
MX-ZAC,vector,2016,12,2016-12-01,0
MX-ZAC,vector,2017,1,2017-01-01,0
MX-ZAC,vector,2017,2,2017-02-01,0
MX-ZAC,vector,2017,3,2017-03-01,0
MX-ZAC,vector,2017,4,2017-04-01,0
MX-ZAC,vector,2017,5,2017-05-01,0
MX-ZAC,vector,2017,6,2017-06-01,0
MX-ZAC,vector,2017,7,2017-07-01,0
MX-ZAC,vector,2017,8,2017-08-01,0
MX-ZAC,vector,2017,9,2017-09-01,0
MX-ZAC,vector,2017,10,2017-10-01,0
MX-ZAC,vector,2017,11,2017-11-01,0
MX-ZAC,vector,2017,12,2017-12-01,0
MX-ZAC,vector,2018,1,2018-01-01,0
MX-ZAC,vector,2018,2,2018-02-01,0
MX-ZAC,vector,2018,3,2018-03-01,0
MX-ZAC,vector,2018,4,2018-04-01,0
MX-ZAC,vector,2018,5,2018-05-01,0
MX-ZAC,vector,2018,6,2018-06-01,0
MX-ZAC,vector,2018,7,2018-07-01,0
MX-ZAC,vector,2018,8,2018-08-01,0
MX-ZAC,vector,2018,9,2018-09-01,0
MX-ZAC,vector,2018,10,2018-10-01,0
MX-ZAC,vector,2018,11,2018-11-01,0
MX-ZAC,vector,2018,12,2018-12-01,0
MX-ZAC,vector,2019,1,2019-01-01,0
MX-ZAC,vector,2019,2,2019-02-01,0
MX-ZAC,vector,2019,3,2019-03-01,0
MX-ZAC,vector,2019,4,2019-04-01,0
MX-ZAC,vector,2019,5,2019-05-01,0
MX-ZAC,vector,2019,6,2019-06-01,0
MX-ZAC,vector,2019,7,2019-07-01,0
MX-ZAC,vector,2019,8,2019-08-01,0
MX-ZAC,vector,2019,9,2019-09-01,0
MX-ZAC,vector,2019,10,2019-10-01,0
MX-ZAC,vector,2019,11,2019-11-01,0
MX-ZAC,vector,2019,12,2019-12-01,0
MX-ZAC,vector,2020,1,2020-01-01,0
MX-ZAC,vector,2020,2,2020-02-01,0
MX-ZAC,vector,2020,3,2020-03-01,0
MX-ZAC,vector,2020,4,2020-04-01,0
MX-ZAC,vector,2020,5,2020-05-01,0
MX-ZAC,vector,2020,6,2020-06-01,0
MX-ZAC,vector,2020,7,2020-07-01,0
MX-ZAC,vector,2020,8,2020-08-01,0
MX-ZAC,vector,2020,9,2020-09-01,0
MX-ZAC,vector,2020,10,2020-10-01,0
MX-ZAC,vector,2020,11,2020-11-01,0
MX-ZAC,vector,2020,12,2020-12-01,0
MX-ZAC,vector,2021,1,2021-01-01,0
MX-ZAC,vector,2021,2,2021-02-01,0
MX-ZAC,vector,2021,3,2021-03-01,0
MX-ZAC,vector,2021,4,2021-04-01,3
MX-ZAC,vector,2021,5,2021-05-01,0
MX-ZAC,vector,2021,6,2021-06-01,0
MX-ZAC,vector,2021,7,2021-07-01,0
MX-ZAC,vector,2021,8,2021-08-01,0
MX-ZAC,vector,2021,9,2021-09-01,0
MX-ZAC,vector,2021,10,2021-10-01,0
MX-ZAC,vector,2021,11,2021-11-01,0
MX-ZAC,vector,2021,12,2021-12-01,0
MX-ZAC,vector,2022,1,2022-01-01,0
MX-ZAC,vector,2022,2,2022-02-01,2
MX-ZAC,vector,2022,3,2022-03-01,0
MX-ZAC,vector,2022,4,2022-04-01,0
MX-ZAC,vector,2022,5,2022-05-01,0
MX-ZAC,vector,2022,6,2022-06-01,2
MX-ZAC,vector,2022,7,2022-07-01,2
MX-ZAC,vector,2022,8,2022-08-01,0
MX-ZAC,vector,2022,9,2022-09-01,4
MX-ZAC,vector,2022,10,2022-10-01,4
MX-ZAC,vector,2022,11,2022-11-01,3
MX-ZAC,vector,2022,12,2022-12-01,3
