geo,predictor,processing,max_abs_ccf,lag_at_max_abs,ccf_at_lag0
BR,dengue,processed,0.8054524497183774,0,0.8054524497183774
BR,dengue,raw,0.9614057344828706,0,0.9614057344828706
BR,mosquito,processed,0.8306006695525056,0,0.8306006695525056
BR,mosquito,raw,0.9129582139636262,0,0.9129582139636262
BR,sintomas_de_dengue,processed,0.7405934208046406,0,0.7405934208046406
BR,sintomas_de_dengue,raw,0.8762418855863336,0,0.8762418855863336
